Wall time,Step,Value
1777036628.7772617,136,4.0
1777036640.6444368,301,8.0
1777036652.4520903,464,12.0
1777036662.8532953,607,16.0
1777036669.6798284,697,20.0
1777036679.5481095,833,24.0
1777036688.352292,953,28.0
1777036695.6842637,1045,32.0
1777036702.712287,1133,36.0
1777036709.4508917,1221,40.0
1777036724.7044163,1438,44.0
1777036734.804246,1574,48.0
1777036745.1443698,1711,52.0
1777036752.4443555,1803,56.0
1777036772.8723238,2096,60.0
1777036779.6724443,2186,64.0
1777036795.085328,2402,68.0
1777036802.2280724,2494,72.0
1777036809.3439229,2584,76.0
1777036816.3723881,2676,80.0
1777036823.3044097,2768,84.0
1777036830.1962717,2858,88.0
1777036843.2122724,3042,92.0
1777036863.6558137,3333,96.0
1777036877.0118227,3522,100.0
1777036883.9477978,3614,104.0
1777036891.2397225,3706,108.0
1777036900.1718047,3826,112.0
1777036907.3318226,3918,116.0
1777036914.3653724,4010,120.0
1777036921.163928,4100,124.0
1777036938.1397696,4340,128.0
1777036955.2343042,4580,132.0
1777036968.9239683,4769,136.0
1777036975.6718156,4857,140.0
1777036985.5397553,4993,144.0
1777036992.5067286,5081,148.0
1777036999.170319,5169,152.0
1777037008.1398234,5288,156.0
1777037015.3399959,5380,160.0
1777037025.4079313,5519,164.0
1777037032.484148,5609,168.0
1777037039.2999487,5699,172.0
1777037051.223617,5866,176.0
1777037058.107732,5956,180.0
1777037065.0398674,6048,184.0
1777037077.083846,6213,188.0
1777037083.8158302,6303,192.0
1777037090.5077164,6389,196.0
1777037102.7435384,6556,200.0
1777037109.6675732,6648,204.0
1777037121.7744067,6814,208.0
1777037128.8348951,6904,212.0
1777037135.714563,6994,216.0
1777037142.6649773,7084,220.0
1777037151.252362,7201,224.0
1777037158.3517256,7293,228.0
1777037165.4749806,7385,232.0
1777037172.3596556,7475,236.0
1777037185.627609,7658,240.0
1777037203.8835144,7920,244.0
1777037214.1115959,8056,248.0
1777037224.1592374,8194,252.0
1777037234.751651,8335,256.0
1777037241.6196592,8425,260.0
1777037248.4197912,8515,264.0
1777037255.3956919,8605,268.0
1777037270.2718422,8816,272.0
1777037285.419425,9032,276.0
1777037297.1113892,9196,280.0
1777037306.9795837,9332,284.0
1777037313.83533,9420,288.0
1777037325.9031897,9583,292.0
1777037341.063627,9799,296.0
1777037352.8713772,9965,300.0
1777037359.5389066,10053,304.0
1777037366.6869054,10145,308.0
1777037373.568847,10237,312.0
1777037391.9389458,10501,316.0
1777037400.7870145,10619,320.0
1777037410.7228763,10756,324.0
1777037418.0319443,10848,328.0
1777037425.0467134,10940,332.0
1777037434.122742,11058,336.0
1777037443.1708393,11176,340.0
1777037449.9707818,11266,344.0
1777037460.3513129,11404,348.0
1777037470.6788049,11542,352.0
1777037477.5386324,11634,356.0
1777037484.8453252,11726,360.0
1777037494.698597,11862,364.0
1777037501.5147374,11952,368.0
1777037508.3677871,12040,372.0
1777037515.5599337,12132,376.0
1777037524.528727,12250,380.0
1777037534.2514555,12384,384.0
1777037541.1988301,12476,388.0
1777037551.34873,12617,392.0
1777037558.358697,12707,396.0
1777037567.1302946,12825,400.0
1777037578.9151607,12990,404.0
1777037587.6732912,13108,408.0
1777037596.690784,13228,412.0
1777037605.627753,13348,416.0
1777037614.7146013,13468,420.0
1777037621.5202813,13558,424.0
1777037628.3146975,13646,428.0
1777037643.3064268,13859,432.0
1777037656.382557,14044,436.0
1777037665.3665574,14164,440.0
1777037672.304501,14256,444.0
1777037679.2262523,14348,448.0
1777037686.526438,14440,452.0
1777037699.9662123,14626,456.0
1777037716.5980248,14861,460.0
1777037723.3943057,14951,464.0
1777037730.3945742,15041,468.0
1777037737.3517816,15131,472.0
1777037744.1183646,15221,476.0
1777037751.2916982,15313,480.0
1777037761.1418211,15449,484.0
1777037771.6938026,15596,488.0
1777037778.8407762,15688,492.0
1777037789.0497904,15827,496.0
1777037796.161966,15919,500.0
1777037809.50177,16107,504.0
1777037818.2934554,16225,508.0
1777037825.385866,16315,512.0
1777037835.585698,16451,516.0
1777037842.3619344,16541,520.0
1777037865.6860597,16879,524.0
1777037882.367519,17112,528.0
1777037889.2456832,17202,532.0
1777037898.9854984,17336,536.0
1777037905.9699128,17428,540.0
1777037917.8988156,17595,544.0
1777037939.6453214,17907,548.0
1777037946.7856648,17999,552.0
1777037953.6855934,18089,556.0
1777037960.5775037,18177,560.0
1777037971.245623,18325,564.0
1777037986.3897707,18536,568.0
1777037993.4215853,18626,572.0
1777038002.2491176,18746,576.0
1777038009.4815936,18838,580.0
1777038023.1376126,19031,584.0
1777038030.3536205,19123,588.0
1777038050.9294171,19421,592.0
1777038064.2372353,19608,596.0
1777038071.3049934,19700,600.0
1777038078.1049144,19790,604.0
1777038091.964884,19986,608.0
1777038098.7288191,20076,612.0
1777038107.7048566,20196,616.0
1777038119.6971054,20365,620.0
1777038131.6333225,20532,624.0
1777038145.0889306,20717,628.0
1777038160.2648087,20932,632.0
1777038170.6489336,21073,636.0
1777038177.7653437,21163,640.0
1777038184.6891541,21255,644.0
1777038197.8732274,21442,648.0
1777038204.5167887,21528,652.0
1777038214.9011323,21666,656.0
1777038221.8407629,21756,660.0
1777038228.772775,21848,664.0
1777038242.7647488,22042,668.0
1777038249.7007692,22134,672.0
1777038263.0247676,22321,676.0
1777038274.8407662,22486,680.0
1777038283.500999,22604,684.0
1777038290.3687563,22694,688.0
1777038297.2005131,22784,692.0
1777038304.14073,22876,696.0
1777038311.140697,22966,700.0
1777038322.9326072,23131,704.0
1777038335.0168169,23295,708.0
1777038345.1766791,23435,712.0
1777038357.1446497,23600,716.0
1777038367.100738,23736,720.0
1777038374.0366454,23828,724.0
1777038394.0080256,24114,728.0
1777038400.8925147,24202,732.0
1777038407.7519102,24294,736.0
1777038414.5840466,24382,740.0
1777038421.2523894,24470,744.0
1777038430.4282653,24590,748.0
1777038437.5759997,24680,752.0
1777038449.4839823,24847,756.0
1777038459.483789,24981,760.0
1777038466.4118462,25073,764.0
1777038473.1961815,25163,768.0
1777038483.1961606,25299,772.0
1777038490.051953,25389,776.0
1777038500.387958,25528,780.0
1777038515.3802822,25741,784.0
1777038522.179945,25829,788.0
1777038534.6362457,25998,792.0
1777038548.6119459,26194,796.0
1777038565.419502,26431,800.0
1777038572.3554845,26523,804.0
1777038584.219788,26690,808.0
1777038591.1634865,26782,812.0
1777038601.2637079,26920,816.0
1777038608.139514,27010,820.0
1777038623.071499,27222,824.0
1777038631.6476665,27340,828.0
1777038638.7114315,27428,832.0
1777038648.7716665,27562,836.0
1777038659.7556999,27714,840.0
1777038666.4157834,27802,844.0
1777038681.6954653,28017,848.0
1777038688.7398574,28109,852.0
1777038703.855486,28322,856.0
1777038715.8995237,28491,860.0
1777038724.5634243,28609,864.0
1777038731.6234374,28701,868.0
1777038745.4069588,28896,872.0
1777038761.0993528,29117,876.0
1777038768.0229275,29209,880.0
1777038777.954936,29346,884.0
1777038785.0393891,29436,888.0
1777038795.2307394,29575,892.0
1777038802.315044,29663,896.0
1777038812.3747528,29801,900.0
1777038822.4393237,29940,904.0
1777038834.414896,30106,908.0
1777038844.4986782,30245,912.0
1777038857.674908,30428,916.0
1777038869.6509519,30593,920.0
1777038889.9750094,30886,924.0
1777038896.9427187,30978,928.0
1777038906.8587432,31114,932.0
1777038917.2186403,31252,936.0
1777038924.1826677,31344,940.0
1777038935.9107392,31508,944.0
1777038942.943117,31600,948.0
1777038949.9506094,31692,952.0
1777038960.3026166,31833,956.0
1777038970.79447,31974,960.0
1777038977.7264507,32066,964.0
1777038991.2345772,32253,968.0
1777039001.918474,32397,972.0
1777039010.6585186,32517,976.0
1777039017.7422817,32609,980.0
1777039024.5424747,32699,984.0
1777039039.9343903,32912,988.0
1777039060.878316,33209,992.0
1777039067.8419554,33297,996.0
1777039079.6861894,33458,1000.0
1777039086.6177833,33550,1004.0
1777039093.7104213,33642,1008.0
1777039100.7619298,33734,1012.0
1777039112.9179835,33900,1016.0
1777039120.017997,33988,1020.0
1777039126.817776,34078,1024.0
1777039134.045737,34168,1028.0
1777039141.0299447,34258,1032.0
1777039147.8940413,34348,1036.0
1777039160.07007,34513,1040.0
1777039171.7937007,34677,1044.0
1777039187.561752,34895,1048.0
1777039199.6536562,35059,1052.0
1777039206.4055622,35149,1056.0
1777039218.577733,35317,1060.0
1777039228.5777035,35455,1064.0
1777039238.4057305,35591,1068.0
1777039245.5374393,35683,1072.0
1777039252.305693,35771,1076.0
1777039261.0457647,35889,1080.0
1777039272.83791,36054,1084.0
1777039280.0739098,36146,1088.0
1777039287.221593,36236,1092.0
1777039294.2817366,36326,1096.0
1777039301.3457115,36416,1100.0
1777039308.1456413,36506,1104.0
1777039314.7217014,36594,1108.0
1777039329.8214092,36809,1112.0
1777039336.7137263,36899,1116.0
1777039348.765544,37061,1120.0
1777039358.7570374,37199,1124.0
1777039368.9893012,37335,1128.0
1777039379.2128696,37471,1132.0
1777039386.0813465,37563,1136.0
1777039392.9808822,37655,1140.0
1777039399.5047977,37741,1144.0
1777039406.3889036,37833,1148.0
1777039416.8813581,37973,1152.0
1777039431.5808344,38182,1156.0
1777039445.0728807,38369,1160.0
1777039452.0087924,38461,1164.0
1777039464.0489094,38626,1168.0
1777039473.1169746,38746,1172.0
1777039483.7569265,38895,1176.0
1777039495.9170773,39064,1180.0
1777039502.7169828,39154,1184.0
1777039510.0009966,39246,1188.0
1777039520.0407093,39380,1192.0
1777039529.192743,39499,1196.0
1777039539.6490412,39638,1200.0
1777039546.5847614,39730,1204.0
1777039561.8927765,39945,1208.0
1777039575.140856,40131,1212.0
1777039585.0686696,40266,1216.0
1777039591.8327289,40356,1220.0
1777039601.6245134,40491,1224.0
1777039611.6767097,40628,1228.0
1777039622.6845837,40781,1232.0
1777039629.6364508,40873,1236.0
1777039636.5165124,40965,1240.0
1777039643.3084755,41055,1244.0
1777039650.1764069,41147,1248.0
1777039659.3005173,41267,1252.0
1777039666.1204767,41357,1256.0
1777039673.284146,41447,1260.0
1777039679.9444072,41535,1264.0
1777039691.5445065,41698,1268.0
1777039698.5202312,41788,1272.0
1777039710.752427,41954,1276.0
1777039717.5042634,42044,1280.0
1777039729.5600657,42213,1284.0
1777039736.7762032,42305,1288.0
1777039743.8518066,42395,1292.0
1777039750.987819,42485,1296.0
1777039759.6598272,42603,1300.0
1777039766.5958002,42695,1304.0
1777039773.6119657,42785,1308.0
1777039785.7199447,42954,1312.0
1777039797.9716108,43121,1316.0
1777039814.9436786,43361,1320.0
1777039833.2719545,43624,1324.0
1777039843.76366,43763,1328.0
1777039854.1798303,43902,1332.0
1777039861.1396892,43994,1336.0
1777039869.9717793,44112,1340.0
1777039876.9037485,44204,1344.0
1777039884.0316122,44296,1348.0
1777039894.363708,44435,1352.0
1777039901.2396855,44523,1356.0
1777039914.671721,44711,1360.0
1777039921.4635184,44801,1364.0
1777039928.4634645,44893,1368.0
1777039948.2233858,45176,1372.0
1777039965.299355,45420,1376.0
1777039975.0995138,45556,1380.0
1777039983.691426,45673,1384.0
1777040005.1629143,45983,1388.0
1777040021.622884,46219,1392.0
1777040033.4750662,46385,1396.0
1777040056.7468078,46719,1400.0
1777040063.4069326,46807,1404.0
1777040072.0231318,46925,1408.0
1777040079.1751442,47017,1412.0
1777040089.2830548,47153,1416.0
1777040102.4509826,47337,1420.0
1777040109.1067266,47425,1424.0
1777040119.3909526,47563,1428.0
1777040126.2509937,47655,1432.0
1777040133.214756,47745,1436.0
1777040147.0266385,47938,1440.0
1777040153.9584737,48030,1444.0
1777040164.1189342,48169,1448.0
1777040180.9829276,48409,1452.0
1777040187.9105158,48501,1456.0
1777040195.0906174,48593,1460.0
1777040212.0824826,48836,1464.0
1777040222.2666547,48974,1468.0
1777040240.574442,49238,1472.0
1777040254.350584,49430,1476.0
1777040264.542462,49566,1480.0
1777040273.3425083,49686,1484.0
1777040285.2182713,49849,1488.0
1777040294.1498957,49967,1492.0
1777040302.9177785,50085,1496.0
1777040309.7616115,50175,1500.0
1777040316.6936004,50267,1504.0
1777040323.477445,50355,1508.0
1777040330.568963,50445,1512.0
1777040340.600936,50580,1516.0
1777040347.6605337,50672,1520.0
1777040356.4604897,50792,1524.0
1777040363.3604374,50884,1528.0
1777040370.3681207,50976,1532.0
1777040382.499871,51141,1536.0
1777040396.1913342,51332,1540.0
1777040402.9915245,51422,1544.0
1777040409.982847,51512,1548.0
1777040417.1988518,51602,1552.0
1777040424.2986743,51692,1556.0
1777040434.7747698,51832,1560.0
1777040441.7106352,51924,1564.0
1777040453.502483,52087,1568.0
1777040466.8942745,52274,1572.0
1777040473.9579842,52366,1576.0
1777040480.8737943,52458,1580.0
1777040501.2014325,52751,1584.0
1777040513.0089118,52917,1588.0
1777040523.1249638,53051,1592.0
1777040535.316605,53220,1596.0
1777040542.3166738,53310,1600.0
1777040558.7760694,53545,1604.0
1777040573.0158536,53744,1608.0
1777040580.0156887,53836,1612.0
1777040586.8316238,53926,1616.0
1777040593.8757622,54016,1620.0
1777040610.5993779,54255,1624.0
1777040627.2989697,54491,1628.0
1777040634.2588346,54583,1632.0
1777040641.4429507,54673,1636.0
1777040651.3347092,54809,1640.0
1777040657.9986053,54897,1644.0
1777040665.0983818,54989,1648.0
1777040672.3903756,55081,1652.0
1777040689.5661604,55323,1656.0
1777040699.8336828,55463,1660.0
1777040706.7657099,55555,1664.0
1777040718.7578022,55718,1668.0
1777040729.2251725,55859,1672.0
1777040741.165471,56027,1676.0
1777040751.0932107,56165,1680.0
1777040758.0247948,56257,1684.0
1777040766.9766536,56379,1688.0
1777040785.3326085,56638,1692.0
1777040795.6404562,56776,1696.0
1777040805.5399363,56913,1700.0
1777040812.3319995,57003,1704.0
1777040819.4999347,57095,1708.0
1777040826.7159216,57187,1712.0
1777040838.5598083,57354,1716.0
1777040848.5917616,57492,1720.0
1777040855.3836143,57582,1724.0
1777040867.6356835,57749,1728.0
1777040874.6594288,57839,1732.0
1777040881.807351,57929,1736.0
1777040888.6430104,58019,1740.0
1777040895.434765,58109,1744.0
1777040917.4747524,58422,1748.0
1777040924.2586114,58512,1752.0
1777040935.9346726,58676,1756.0
1777040949.3023674,58863,1760.0
1777040956.0944798,58953,1764.0
1777040964.773916,59071,1768.0
1777040971.6097896,59161,1772.0
1777040985.9178534,59362,1776.0
1777040995.9098995,59498,1780.0
1777041002.841754,59590,1784.0
1777041009.8097742,59678,1788.0
1777041016.817692,59770,1792.0
1777041023.6496415,59858,1796.0
1777041033.3175635,59992,1800.0
1777041040.1096625,60082,1804.0
1777041056.385188,60313,1808.0
1777041063.3528917,60403,1812.0
1777041073.2692652,60541,1816.0
1777041095.552748,60857,1820.0
1777041108.9527392,61046,1824.0
1777041116.2766538,61138,1828.0
1777041128.8285213,61309,1832.0
1777041140.8363833,61475,1836.0
1777041149.583835,61593,1840.0
1777041163.3758664,61788,1844.0
1777041170.2277856,61878,1848.0
1777041182.1359842,62043,1852.0
1777041189.0197659,62133,1856.0
1777041196.059671,62223,1860.0
1777041212.5957315,62459,1864.0
1777041222.5038297,62596,1868.0
1777041234.5034468,62761,1872.0
1777041243.3595235,62881,1876.0
1777041250.359249,62973,1880.0
1777041257.2873926,63065,1884.0
1777041268.2195454,63216,1888.0
1777041275.2709289,63308,1892.0
1777041285.2950883,63447,1896.0
1777041295.2952414,63583,1900.0
1777041305.9546895,63731,1904.0
1777041313.0348938,63821,1908.0
1777041320.1267219,63911,1912.0
1777041330.2267125,64047,1916.0
1777041340.2386308,64185,1920.0
1777041347.0384257,64275,1924.0
1777041357.3183973,64415,1928.0
1777041364.4778605,64507,1932.0
1777041376.0778375,64669,1936.0
1777041383.1543067,64761,1940.0
1777041393.221818,64900,1944.0
1777041400.1457622,64992,1948.0
1777041407.2779076,65082,1952.0
1777041414.545722,65174,1956.0
1777041421.1376624,65262,1960.0
1777041442.9292753,65577,1964.0
1777041450.0138066,65667,1968.0
1777041462.153458,65837,1972.0
1777041472.1529882,65975,1976.0
1777041482.861455,66125,1980.0
1777041492.861477,66263,1984.0
1777041514.7728214,66580,1988.0
1777041525.2649066,66723,1992.0
1777041532.0286822,66813,1996.0
1777041539.0446799,66905,2000.0
1777041552.5727317,67096,2004.0
1777041559.728692,67188,2008.0
1777041566.6644027,67280,2012.0
1777041573.5123308,67370,2016.0
1777041583.3727105,67506,2020.0
1777041590.1725175,67596,2024.0
1777041600.548503,67734,2028.0
1777041610.7800512,67875,2032.0
1777041627.487994,68109,2036.0
1777041637.6877742,68244,2040.0
1777041644.4797153,68334,2044.0
1777041654.795802,68472,2048.0
1777041661.6238203,68562,2052.0
1777041677.9076142,68789,2056.0
1777041691.7316678,68985,2060.0
1777041700.5313811,69105,2064.0
1777041709.2390397,69223,2068.0
1777041724.5150573,69435,2072.0
1777041731.1628551,69523,2076.0
1777041738.182781,69613,2080.0
1777041744.9749758,69703,2084.0
1777041755.0228522,69841,2088.0
1777041770.3466597,70056,2092.0
1777041784.6387239,70256,2096.0
1777041791.738748,70346,2100.0
1777041798.6747408,70438,2104.0
1777041816.2147028,70687,2108.0
1777041823.3225644,70779,2112.0
1777041833.5424445,70915,2116.0
1777041840.2745047,71005,2120.0
1777041850.3343828,71144,2124.0
1777041862.4346268,71309,2128.0
1777041869.457889,71401,2132.0
1777041878.1901922,71519,2136.0
1777041885.4182143,71611,2140.0
1777041892.3499472,71703,2144.0
1777041912.0735416,71986,2148.0
1777041923.7896235,72149,2152.0
1777041936.149598,72317,2156.0
1777041943.0496879,72409,2160.0
1777041954.7732162,72573,2164.0
1777041969.9656582,72788,2168.0
1777041984.8592684,73000,2172.0
1777042002.0568447,73240,2176.0
1777042012.369029,73378,2180.0
1777042025.4930537,73563,2184.0
1777042035.8607755,73702,2188.0
1777042042.8771083,73792,2192.0
1777042050.0331314,73884,2196.0
1777042063.2166796,74071,2200.0
1777042073.20899,74209,2204.0
1777042083.9247525,74357,2208.0
1777042097.9007785,74552,2212.0
1777042118.8605514,74850,2216.0
1777042125.8080258,74940,2220.0
1777042132.467964,75028,2224.0
1777042143.8680117,75181,2228.0
1777042157.1119454,75366,2232.0
1777042167.6523514,75507,2236.0
1777042183.051765,75721,2240.0
1777042189.8442912,75811,2244.0
1777042196.9758508,75903,2248.0
1777042205.5598483,76021,2252.0
1777042212.420021,76109,2256.0
1777042221.3198261,76225,2260.0
1777042228.2434857,76317,2264.0
1777042240.011688,76478,2268.0
1777042253.2515843,76665,2272.0
1777042266.703846,76852,2276.0
1777042273.6274638,76942,2280.0
1777042280.2956629,77030,2284.0
1777042287.1634846,77122,2288.0
1777042305.271024,77381,2292.0
1777042318.6107695,77570,2296.0
1777042325.3466508,77660,2300.0
1777042343.7386372,77924,2304.0
1777042350.930832,78016,2308.0
1777042361.0787106,78152,2312.0
1777042371.4710026,78293,2316.0
1777042381.203164,78428,2320.0
1777042392.1951306,78581,2324.0
1777042402.414986,78717,2328.0
1777042409.363052,78807,2332.0
1777042419.270939,78943,2336.0
1777042433.8468907,79144,2340.0
1777042450.6386003,79384,2344.0
1777042457.5390372,79476,2348.0
1777042464.8069003,79568,2352.0
1777042471.8307035,79658,2356.0
1777042480.5146875,79776,2360.0
1777042487.314782,79866,2364.0
1777042494.254534,79958,2368.0
1777042501.574746,80050,2372.0
1777042512.530858,80196,2376.0
1777042519.2987816,80284,2380.0
1777042526.2306736,80376,2384.0
1777042533.2909718,80468,2388.0
1777042545.222736,80634,2392.0
1777042552.430932,80724,2396.0
1777042559.150711,80812,2400.0
1777042566.082512,80904,2404.0
1777042576.2747183,81045,2408.0
1777042588.4907053,81211,2412.0
1777042600.8347046,81379,2416.0
1777042609.4987533,81497,2420.0
1777042625.9586368,81732,2424.0
1777042642.466416,81965,2428.0
1777042659.6907094,82206,2432.0
1777042674.8665907,82420,2436.0
1777042688.3185973,82607,2440.0
1777042703.3099542,82820,2444.0
1777042718.4499142,83033,2448.0
1777042733.8938465,83247,2452.0
1777042740.9939468,83335,2456.0
1777042751.69423,83478,2460.0
1777042758.4860246,83568,2464.0
1777042773.8018203,83783,2468.0
1777042780.7101417,83875,2472.0
1777042789.4939935,83991,2476.0
1777042799.4857638,84127,2480.0
1777042806.4179444,84219,2484.0
1777042816.545975,84359,2488.0
1777042823.6616669,84449,2492.0
1777042839.0023162,84661,2496.0
1777042848.801976,84796,2500.0
1777042855.3297946,84882,2504.0
1777042862.42988,84974,2508.0
1777042869.329934,85066,2512.0
1777042876.2856536,85158,2516.0
1777042888.4019728,85323,2520.0
1777042900.1936061,85488,2524.0
1777042910.245705,85626,2528.0
1777042917.3856978,85718,2532.0
1777042926.2696588,85836,2536.0
1777042933.4214087,85926,2540.0
1777042942.2137194,86046,2544.0
1777042951.2616794,86165,2548.0
1777042963.0537717,86328,2552.0
1777042970.0896425,86416,2556.0
1777042976.9616854,86506,2560.0
1777042989.0294425,86675,2564.0
1777042996.0810325,86763,2568.0
1777043006.8370354,86909,2572.0
1777043013.6890938,86997,2576.0
1777043023.813491,87137,2580.0
1777043033.881373,87276,2584.0
1777043040.8369021,87366,2588.0
1777043054.2891548,87551,2592.0
1777043066.1809838,87716,2596.0
1777043073.0288694,87806,2600.0
1777043086.2889895,87993,2604.0
1777043096.7568922,88134,2608.0
1777043106.4967587,88269,2612.0
1777043115.3486547,88387,2616.0
1777043127.4049065,88555,2620.0
1777043141.1968074,88750,2624.0
1777043153.08063,88912,2628.0
1777043161.7726338,89030,2632.0
1777043169.0086956,89122,2636.0
1777043179.1167405,89258,2640.0
1777043187.7805169,89376,2644.0
1777043196.8166425,89498,2648.0
1777043207.0924697,89634,2652.0
1777043217.4086506,89772,2656.0
1777043227.8481228,89911,2660.0
1777043240.7763042,90093,2664.0
1777043257.4563334,90329,2668.0
1777043278.0317817,90622,2672.0
1777043288.0919068,90761,2676.0
1777043295.259755,90853,2680.0
1777043310.3837447,91068,2684.0
1777043322.6240623,91235,2688.0
1777043329.8238118,91327,2692.0
1777043336.8235013,91419,2696.0
1777043343.9837198,91511,2700.0
1777043350.9159255,91603,2704.0
1777043357.951699,91695,2708.0
1777043364.959733,91785,2712.0
1777043382.099683,92029,2716.0
1777043388.8838952,92119,2720.0
1777043395.683691,92209,2724.0
1777043402.6116054,92299,2728.0
1777043409.575543,92387,2732.0
1777043421.2915485,92550,2736.0
1777043431.451559,92690,2740.0
1777043438.3837698,92782,2744.0
1777043445.4754174,92874,2748.0
1777043452.7269657,92966,2752.0
1777043459.5755613,93056,2756.0
1777043466.5350246,93148,2760.0
1777043473.4669712,93240,2764.0
1777043483.4272673,93376,2768.0
1777043490.3269606,93468,2772.0
1777043500.4428148,93602,2776.0
1777043507.6189742,93692,2780.0
1777043519.2867565,93855,2784.0
1777043529.3429542,93993,2788.0
1777043544.4548528,94203,2792.0
1777043551.602784,94295,2796.0
1777043560.302693,94411,2800.0
1777043567.094855,94501,2804.0
1777043574.1467628,94589,2808.0
1777043581.426648,94681,2812.0
1777043588.6027188,94771,2816.0
1777043601.054666,94940,2820.0
1777043611.0466428,95078,2824.0
1777043619.8626618,95198,2828.0
1777043630.654516,95344,2832.0
1777043637.7384195,95434,2836.0
1777043644.561943,95522,2840.0
1777043655.0944726,95668,2844.0
1777043661.7783742,95756,2848.0
1777043671.8545904,95894,2852.0
1777043681.9377866,96031,2856.0
1777043691.8978357,96166,2860.0
1777043703.8302,96333,2864.0
1777043716.8538709,96514,2868.0
1777043729.0979497,96681,2872.0
1777043737.897805,96799,2876.0
1777043744.8137083,96891,2880.0
1777043763.0737166,97153,2884.0
1777043773.565458,97294,2888.0
1777043783.5138333,97430,2892.0
1777043790.473732,97520,2896.0
1777043797.2734323,97610,2900.0
1777043803.9377596,97698,2904.0
1777043810.581515,97786,2908.0
1777043824.649198,97983,2912.0
1777043836.8413818,98155,2916.0
1777043843.6889915,98245,2920.0
1777043853.5494668,98381,2924.0
1777043862.4130387,98499,2928.0
1777043877.4408925,98712,2932.0
1777043895.9809582,98974,2936.0
1777043906.280933,99114,2940.0
1777043914.941001,99232,2944.0
1777043921.9409542,99324,2948.0
1777043936.9808307,99539,2952.0
1777043944.1486168,99631,2956.0
1777043953.2086787,99751,2960.0
1777043959.8728316,99839,2964.0
1777043969.984592,99977,2968.0
1777043979.184538,100097,2972.0
1777043989.5407817,100238,2976.0
1777043996.5246332,100328,2980.0
1777044003.1923301,100416,2984.0
1777044015.3005414,100581,2988.0
1777044022.4324577,100673,2992.0
1777044032.55995,100809,2996.0
1777044053.4998853,101101,3000.0
1777044062.3323824,101221,3004.0
1777044069.7919292,101313,3008.0
1777044076.659892,101405,3012.0
1777044083.7598274,101495,3016.0
1777044090.684012,101585,3020.0
1777044097.6679354,101675,3024.0
1777044104.6356392,101765,3028.0
1777044113.2437828,101881,3032.0
1777044127.1916542,102065,3036.0
1777044137.3356388,102201,3040.0
1777044144.1358068,102291,3044.0
1777044156.3115532,102456,3048.0
1777044163.459619,102546,3052.0
1777044178.5515592,102758,3056.0
1777044185.5034935,102846,3060.0
1777044197.2275877,103010,3064.0
1777044204.0757635,103102,3068.0
1777044213.9035482,103236,3072.0
1777044223.0873923,103356,3076.0
1777044231.8594358,103477,3080.0
1777044245.4789968,103664,3084.0
1777044254.5191498,103784,3088.0
1777044264.6868207,103920,3092.0
1777044271.8790393,104012,3096.0
1777044281.2629676,104132,3100.0
1777044291.1427364,104268,3104.0
1777044298.31891,104358,3108.0
1777044305.2026706,104446,3112.0
1777044314.2790077,104568,3116.0
1777044321.0629678,104658,3120.0
1777044331.0627432,104796,3124.0
1777044348.1707697,105029,3128.0
1777044360.3626587,105198,3132.0
1777044367.4307165,105290,3136.0
1777044377.538726,105424,3140.0
1777044384.470657,105516,3144.0
1777044397.9306018,105702,3148.0
1777044410.078795,105870,3152.0
1777044416.8065145,105960,3156.0
1777044423.9709852,106050,3160.0
1777044431.0540526,106142,3164.0
1777044439.914096,106262,3168.0
1777044462.0698287,106574,3172.0
1777044475.5621922,106761,3176.0
1777044487.9618402,106926,3180.0
1777044496.7538078,107046,3184.0
1777044509.0057142,107213,3188.0
1777044516.2460265,107305,3192.0
1777044525.21389,107425,3196.0
1777044533.9817998,107543,3200.0
1777044540.9060125,107635,3204.0
1777044548.405887,107725,3208.0
1777044555.3978937,107815,3212.0
1777044562.3976943,107907,3216.0
1777044571.0816805,108023,3220.0
1777044578.1219716,108113,3224.0
1777044585.3220096,108205,3228.0
1777044600.61371,108416,3232.0
1777044611.2976437,108554,3236.0
1777044618.4416814,108646,3240.0
1777044625.2415924,108736,3244.0
1777044634.2257028,108852,3248.0
1777044641.3335686,108944,3252.0
1777044648.3971276,109036,3256.0
1777044654.865697,109122,3260.0
1777044664.9252963,109261,3264.0
1777044674.3733635,109379,3268.0
1777044684.5492835,109515,3272.0
1777044694.5649214,109654,3276.0
1777044701.756903,109742,3280.0
1777044714.9927623,109928,3284.0
1777044721.817466,110014,3288.0
1777044732.9168346,110166,3292.0
1777044744.8768852,110332,3296.0
1777044752.0249038,110424,3300.0
1777044762.1327531,110562,3304.0
1777044769.1011121,110654,3308.0
1777044779.0606434,110790,3312.0
1777044785.961028,110882,3316.0
1777044792.9766614,110974,3320.0
1777044802.9686298,111112,3324.0
1777044812.9847658,111250,3328.0
1777044820.4606943,111340,3332.0
1777044830.6765847,111476,3336.0
1777044839.8527074,111596,3340.0
1777044850.1926627,111732,3344.0
1777044857.0606549,111824,3348.0
1777044863.9926567,111916,3352.0
1777044870.9082158,112008,3356.0
1777044884.6525707,112193,3360.0
1777044891.321402,112281,3364.0
1777044906.9279668,112492,3368.0
1777044913.9603536,112582,3372.0
1777044926.1366162,112749,3376.0
1777044943.4119253,112969,3380.0
1777044953.2762792,113105,3384.0
1777044965.0039349,113270,3388.0
1777044975.4039614,113408,3392.0
1777044988.9798295,113597,3396.0
1777044995.8438284,113685,3400.0
1777045011.2197485,113900,3404.0
1777045023.2438042,114069,3408.0
1777045030.4275541,114159,3412.0
1777045041.7035506,114314,3416.0
1777045048.8877084,114404,3420.0
1777045067.4276378,114666,3424.0
1777045077.5633147,114807,3428.0
1777045086.687417,114926,3432.0
1777045095.6030576,115044,3436.0
1777045107.7315001,115212,3440.0
1777045114.6636548,115304,3444.0
1777045121.8035927,115396,3448.0
1777045134.0554268,115563,3452.0
1777045141.0551848,115653,3456.0
1777045155.8475218,115851,3460.0
1777045162.8068178,115943,3464.0
1777045173.2229035,116081,3468.0
1777045180.1712627,116169,3472.0
1777045187.1989074,116259,3476.0
1777045194.330856,116351,3480.0
1777045213.7708564,116623,3484.0
1777045224.8627682,116776,3488.0
1777045234.7826352,116914,3492.0
1777045241.9545395,117004,3496.0
1777045249.1907551,117096,3500.0
1777045264.2466786,117310,3504.0
1777045274.7986195,117449,3508.0
1777045283.7224472,117569,3512.0
1777045291.0227785,117661,3516.0
1777045303.1665082,117826,3520.0
1777045317.230439,118025,3524.0
1777045329.7223547,118192,3528.0
1777045346.2985582,118426,3532.0
1777045353.1657128,118518,3536.0
1777045363.781823,118657,3540.0
1777045373.857806,118796,3544.0
1777045381.025953,118888,3548.0
1777045393.4340365,119055,3552.0
1777045403.7337613,119196,3556.0
1777045410.4899669,119286,3560.0
1777045419.6258595,119404,3564.0
1777045426.9179146,119496,3568.0
1777045435.9654484,119616,3572.0
1777045442.9176204,119706,3576.0
1777045450.4937885,119798,3580.0
1777045457.4257233,119890,3584.0
1777045464.509686,119982,3588.0
1777045475.4015899,120130,3592.0
1777045484.6419024,120252,3596.0
1777045498.7096522,120445,3600.0
1777045508.9498522,120581,3604.0
1777045519.6016092,120727,3608.0
1777045531.6413386,120893,3612.0
1777045548.7335525,121131,3616.0
1777045555.6328228,121219,3620.0
1777045562.5693128,121311,3624.0
1777045572.1089725,121433,3628.0
1777045579.2089365,121523,3632.0
1777045586.3446248,121615,3636.0
1777045593.0849319,121703,3640.0
1777045603.437207,121842,3644.0
1777045615.4605687,122008,3648.0
1777045625.4928436,122142,3652.0
1777045633.1367671,122234,3656.0
1777045640.084702,122326,3660.0
1777045647.0207713,122418,3664.0
1777045653.8766937,122508,3668.0
1777045661.412726,122600,3672.0
1777045672.2687473,122750,3676.0
1777045680.9526823,122866,3680.0
1777045693.2606828,123031,3684.0
1777045703.5287018,123171,3688.0
1777045720.236378,123404,3692.0
1777045727.0204444,123494,3696.0
1777045734.3124485,123586,3700.0
1777045741.244638,123678,3704.0
1777045751.4038675,123812,3708.0
1777045758.4361763,123904,3712.0
1777045770.7120955,124070,3716.0
1777045780.1959953,124190,3720.0
1777045795.1876204,124403,3724.0
1777045802.2716088,124493,3728.0
1777045809.7959263,124583,3732.0
1777045818.5476868,124703,3736.0
1777045828.6476185,124843,3740.0
1777045840.495807,125006,3744.0
1777045847.7957523,125098,3748.0
1777045855.047794,125190,3752.0
1777045862.2114904,125282,3756.0
1777045879.1035476,125514,3760.0
1777045891.0315485,125681,3764.0
1777045898.1636114,125773,3768.0
1777045905.331629,125865,3772.0
1777045911.9873302,125953,3776.0
1777045921.9557352,126089,3780.0
1777045935.9990458,126283,3784.0
1777045943.1150563,126373,3788.0
1777045950.230844,126465,3792.0
1777045957.1068273,126555,3796.0
1777045967.7389596,126691,3800.0
1777045982.5989506,126902,3804.0
1777045999.1749532,127129,3808.0
1777046006.1905608,127217,3812.0
1777046012.9469018,127307,3816.0
1777046023.4467611,127443,3820.0
1777046033.4388413,127581,3824.0
1777046040.374706,127671,3828.0
1777046050.6907196,127809,3832.0
1777046062.7506287,127976,3836.0
1777046069.482706,128064,3840.0
1777046078.2746258,128184,3844.0
1777046088.5224392,128320,3848.0
1777046100.582693,128489,3852.0
1777046112.950428,128654,3856.0
1777046119.858348,128744,3860.0
1777046126.7899566,128836,3864.0
1777046142.4184136,129049,3868.0
1777046149.449895,129139,3872.0
1777046156.6738143,129231,3876.0
1777046168.5420322,129394,3880.0
1777046175.5818086,129486,3884.0
1777046182.7337508,129578,3888.0
1777046189.6816394,129668,3892.0
1777046196.3417237,129756,3896.0
1777046206.8256059,129892,3900.0
1777046213.7579036,129984,3904.0
1777046225.8657482,130153,3908.0
1777046236.3936837,130289,3912.0
1777046243.5257561,130379,3916.0
1777046250.6256938,130469,3920.0
1777046257.4176104,130559,3924.0
1777046264.601728,130651,3928.0
1777046273.5491636,130769,3932.0
1777046280.4094286,130861,3936.0
1777046287.6093836,130951,3940.0
1777046295.0253978,131043,3944.0
1777046301.9855487,131131,3948.0
1777046313.9008932,131294,3952.0
1777046326.4770002,131462,3956.0
1777046340.7174127,131659,3960.0
1777046347.6850195,131751,3964.0
1777046361.292726,131936,3968.0
1777046378.137043,132173,3972.0
1777046385.4366522,132265,3976.0
1777046400.6928866,132478,3980.0
1777046407.6286182,132570,3984.0
1777046421.6047318,132757,3988.0
1777046431.5045955,132893,3992.0
1777046440.7127202,133013,3996.0
1777046447.6766605,133103,4000.0
1777046459.468732,133268,4004.0
1777046468.268494,133386,4008.0
1777046478.5445151,133524,4012.0
1777046485.6286325,133616,4016.0
1777046496.0964472,133756,4020.0
1777046507.7884214,133917,4024.0
1777046519.363881,134080,4028.0
1777046529.78793,134216,4032.0
1777046536.935832,134306,4036.0
1777046547.4042127,134447,4040.0
1777046554.3359852,134539,4044.0
1777046567.9799843,134723,4048.0
1777046585.0877705,134962,4052.0
1777046596.1203516,135100,4056.0
1777046608.4318063,135267,4060.0
1777046618.36382,135403,4064.0
1777046625.5717192,135493,4068.0
1777046632.8875837,135585,4072.0
1777046653.8316321,135879,4076.0
1777046664.055972,136019,4080.0
1777046677.2556877,136205,4084.0
1777046684.3635404,136293,4088.0
1777046691.4475887,136381,4092.0
1777046698.5156121,136473,4096.0
1777046705.2915382,136561,4100.0
1777046712.5714242,136651,4104.0
1777046734.5471475,136969,4108.0
1777046742.0067737,137059,4112.0
1777046749.1909301,137149,4116.0
1777046760.690979,137310,4120.0
1777046772.7989273,137475,4124.0
1777046786.0066147,137662,4128.0
1777046799.8509898,137849,4132.0
1777046806.8668988,137939,4136.0
1777046813.930929,138029,4140.0
1777046829.4747558,138245,4144.0
1777046836.7744718,138337,4148.0
1777046846.9507704,138476,4152.0
1777046853.8987134,138568,4156.0
1777046860.9826741,138660,4160.0
1777046867.7750564,138750,4164.0
1777046874.7586458,138842,4168.0
1777046881.8585627,138932,4172.0
1777046888.750209,139024,4176.0
1777046904.9100263,139246,4180.0
1777046913.5904658,139364,4184.0
1777046929.2342603,139579,4188.0
1777046939.5818655,139720,4192.0
1777046946.5739038,139812,4196.0
1777046954.0098548,139902,4200.0
1777046965.9337628,140069,4204.0
1777046978.066221,140236,4208.0
1777046986.825947,140350,4212.0
1777047001.8256042,140563,4216.0
1777047020.9496105,140828,4220.0
1777047027.8777452,140920,4224.0
1777047037.9617822,141057,4228.0
1777047048.369785,141198,4232.0
1777047058.9172924,141339,4236.0
1777047065.7617054,141431,4240.0
1777047076.1256902,141569,4244.0
1777047082.9615848,141659,4248.0
1777047094.969567,141823,4252.0
1777047102.0377202,141913,4256.0
1777047109.2095664,142003,4260.0
1777047118.0091078,142123,4264.0
1777047138.5850425,142409,4268.0
1777047151.792848,142596,4272.0
1777047162.3293273,142735,4276.0
1777047174.3687038,142900,4280.0
1777047184.2366922,143036,4284.0
1777047196.5769105,143200,4288.0
1777047216.8887029,143491,4292.0
1777047224.0965233,143583,4296.0
1777047230.7288098,143671,4300.0
1777047237.3968139,143759,4304.0
1777047250.4729795,143944,4308.0
1777047257.6725855,144034,4312.0
1777047269.5444288,144199,4316.0
1777047276.6967382,144291,4320.0
1777047287.1205642,144429,4324.0
1777047297.220601,144567,4328.0
1777047304.1045432,144659,4332.0
1777047316.8963592,144833,4336.0
1777047323.9645383,144925,4340.0
1777047332.6399636,145043,4344.0
1777047345.339799,145212,4348.0
1777047352.4958365,145302,4352.0
1777047359.7958076,145394,4356.0
1777047369.8037171,145533,4360.0
1777047378.9717195,145654,4364.0
1777047385.987746,145746,4368.0
1777047394.8796332,145864,4372.0
1777047404.0316415,145982,4376.0
1777047411.2083018,146072,4380.0
1777047423.0078216,146237,4384.0
1777047433.7159042,146375,4388.0
1777047440.847768,146467,4392.0
1777047447.7997868,146553,4396.0
1777047454.5916245,146643,4400.0
1777047461.7917588,146735,4404.0
1777047477.0313747,146948,4408.0
1777047487.0837226,147087,4412.0
1777047494.3553305,147179,4416.0
1777047501.523443,147269,4420.0
1777047508.4555006,147361,4424.0
1777047518.782994,147500,4428.0
1777047528.1315753,147618,4432.0
1777047535.058808,147710,4436.0
1777047544.891269,147844,4440.0
1777047552.0313184,147934,4444.0
1777047566.0987377,148127,4448.0
1777047581.2746627,148340,4452.0
1777047594.8346915,148529,4456.0
1777047601.7668772,148619,4460.0
1777047618.8427165,148858,4464.0
1777047626.0584798,148950,4468.0
1777047636.0668042,149088,4472.0
1777047650.2346725,149285,4476.0
1777047662.2905304,149452,4480.0
1777047669.2267084,149544,4484.0
1777047681.4025395,149709,4488.0
1777047690.4344923,149827,4492.0
1777047706.0746446,150042,4496.0
1777047726.086361,150330,4500.0
1777047733.1261067,150418,4504.0
1777047740.1779525,150508,4508.0
1777047747.1259587,150600,4512.0
1777047758.9339678,150763,4516.0
1777047769.1179614,150898,4520.0
1777047775.9099221,150988,4524.0
1777047785.041754,151108,4528.0
1777047792.0416267,151198,4532.0
1777047805.653922,151385,4536.0
1777047814.5257974,151504,4540.0
1777047821.4616878,151596,4544.0
1777047832.1618998,151737,4548.0
1777047850.9033818,152000,4552.0
1777047858.2616374,152092,4556.0
1777047868.6777012,152230,4560.0
1777047878.8013325,152370,4564.0
1777047889.721175,152508,4568.0
1777047896.713212,152600,4572.0
1777047909.9935818,152781,4576.0
1777047917.0528324,152871,4580.0
1777047923.852827,152961,4584.0
1777047942.9609973,153225,4588.0
1777047949.8774688,153315,4592.0
1777047957.06881,153407,4596.0
1777047969.1687682,153572,4600.0
1777047976.3450317,153664,4604.0
1777047983.0809329,153754,4608.0
1777047992.9966824,153890,4612.0
1777048000.2208555,153982,4616.0
1777048011.3887188,154130,4620.0
1777048021.244738,154266,4624.0
1777048030.0287158,154382,4628.0
1777048041.1566682,154523,4632.0
1777048048.0045385,154611,4636.0
1777048068.420605,154898,4640.0
1777048075.3563497,154990,4644.0
1777048086.3561344,155143,4648.0
1777048095.7045417,155263,4652.0
1777048109.2318833,155450,4656.0
1777048116.1478486,155538,4660.0
1777048129.6719463,155725,4664.0
1777048139.8162096,155861,4668.0
1777048150.2814105,156000,4672.0
1777048162.623977,156167,4676.0
1777048169.52382,156257,4680.0
1777048181.5799248,156426,4684.0
1777048189.1479158,156518,4688.0
1777048196.2317553,156608,4692.0
1777048203.4718044,156700,4696.0
1777048221.1995654,156943,4700.0
1777048228.131729,157035,4704.0
1777048234.9999375,157125,4708.0
1777048241.7757578,157215,4712.0
1777048252.3396387,157353,4716.0
1777048259.1316583,157443,4720.0
1777048265.9313676,157533,4724.0
1777048285.1910694,157796,4728.0
1777048294.0753021,157914,4732.0
1777048304.714898,158052,4736.0
1777048311.5508273,158142,4740.0
1777048320.3428323,158262,4744.0
1777048335.783142,158477,4748.0
1777048349.6669679,158673,4752.0
1777048356.7149127,158763,4756.0
1777048367.1066768,158901,4760.0
1777048379.042819,159068,4764.0
1777048385.9987142,159160,4768.0
1777048392.950914,159252,4772.0
1777048400.4908233,159340,4776.0
1777048407.0107121,159426,4780.0
1777048413.9427302,159518,4784.0
1777048430.9667273,159752,4788.0
1777048441.2107484,159888,4792.0
1777048453.294441,160055,4796.0
1777048466.3185737,160224,4800.0
1777048476.250564,160361,4804.0
1777048491.89417,160572,4808.0
1777048507.249913,160789,4812.0
1777048513.9706538,160879,4816.0
1777048521.209837,160969,4820.0
1777048528.193812,161061,4824.0
1777048535.425865,161153,4828.0
1777048547.4698646,161315,4832.0
1777048564.2096894,161552,4836.0
1777048579.909726,161763,4840.0
1777048589.7377827,161898,4844.0
1777048600.0379016,162036,4848.0
1777048607.6099553,162128,4852.0
1777048614.3623514,162218,4856.0
1777048621.2619724,162310,4860.0
1777048628.0536172,162400,4864.0
1777048635.421905,162488,4868.0
1777048642.53786,162580,4872.0
1777048649.8137074,162672,4876.0
1777048658.8299325,162790,4880.0
1777048665.9056869,162880,4884.0
1777048672.8216476,162972,4888.0
1777048684.645578,163137,4892.0
1777048696.9617543,163302,4896.0
1777048703.9056914,163394,4900.0
1777048710.7056336,163484,4904.0
1777048729.4136279,163748,4908.0
1777048741.5815191,163917,4912.0
1777048750.789589,164039,4916.0
1777048760.1215665,164159,4920.0
1777048767.0455978,164251,4924.0
1777048773.9815288,164339,4928.0
1777048780.996964,164431,4932.0
1777048796.8209019,164651,4936.0
1777048803.9049451,164739,4940.0
1777048814.0972943,164880,4944.0
1777048834.4057622,165165,4948.0
1777048844.7047586,165306,4952.0
1777048853.8651857,165426,4956.0
1777048866.08906,165593,4960.0
1777048876.556938,165733,4964.0
1777048889.9326825,165920,4968.0
1777048905.5333703,166138,4972.0
1777048912.4407835,166226,4976.0
1777048922.8086102,166364,4980.0
1777048932.9324267,166504,4984.0
1777048940.2484841,166594,4988.0
1777048947.2728872,166686,4992.0
1777048959.1927245,166851,4996.0
1777048974.6485367,167066,5000.0
1777048991.0566912,167300,5004.0
1777048998.2086444,167392,5008.0
1777049007.0925672,167510,5012.0
1777049014.1166148,167600,5016.0
1777049023.9844494,167735,5020.0
1777049034.56039,167874,5024.0
1777049041.39245,167964,5028.0
1777049051.284235,168100,5032.0
1777049063.5523477,168265,5036.0
1777049073.8442457,168405,5040.0
1777049080.775837,168497,5044.0
1777049087.892301,168587,5048.0
1777049099.7997482,168752,5052.0
1777049115.1437676,168970,5056.0
1777049126.4276595,169116,5060.0
1777049135.2837603,169237,5064.0
1777049142.1676164,169327,5068.0
1777049149.427906,169419,5072.0
1777049161.4917016,169586,5076.0
1777049171.5517032,169720,5080.0
1777049178.583859,169808,5084.0
1777049188.6037853,169944,5088.0
1777049198.727698,170083,5092.0
1777049205.675583,170175,5096.0
1777049213.0676386,170263,5100.0
1777049223.003864,170400,5104.0
1777049233.179625,170536,5108.0
1777049256.8354814,170870,5112.0
1777049266.2513754,170990,5116.0
1777049277.7436085,171151,5120.0
1777049284.6793635,171243,5124.0
1777049291.6188455,171335,5128.0
1777049299.0348225,171425,5132.0
1777049305.8029418,171515,5136.0
1777049312.5787978,171603,5140.0
1777049324.6468356,171772,5144.0
1777049332.2708669,171864,5148.0
1777049339.4027398,171956,5152.0
1777049348.2549815,172076,5156.0
1777049358.4629135,172212,5160.0
1777049375.587154,172457,5164.0
1777049385.7708426,172596,5168.0
1777049393.1465595,172684,5172.0
1777049400.1787014,172776,5176.0
1777049412.0947785,172941,5180.0
1777049421.3707612,173061,5184.0
1777049428.6867692,173153,5188.0
1777049442.4147336,173346,5192.0
1777049449.7469673,173436,5196.0
1777049456.6904824,173526,5200.0
1777049471.690543,173739,5204.0
1777049482.4624233,173880,5208.0
1777049489.7984848,173972,5212.0
1777049498.6065216,174092,5216.0
1777049505.3539264,174182,5220.0
1777049519.4820633,174377,5224.0
1777049531.498149,174544,5228.0
1777049539.1220696,174636,5232.0
1777049550.3898125,174789,5236.0
1777049575.3417838,175145,5240.0
1777049590.2418694,175356,5244.0
1777049597.9656234,175448,5248.0
1777049617.725593,175726,5252.0
1777049634.917502,175966,5256.0
1777049644.9976923,176104,5260.0
1777049653.7976987,176224,5264.0
1777049663.1897547,176343,5268.0
1777049673.4255836,176479,5272.0
1777049680.4176772,176567,5276.0
1777049690.673324,176703,5280.0
1777049702.7735393,176872,5284.0
1777049709.841123,176962,5288.0
1777049728.5852668,177225,5292.0
1777049735.8848438,177317,5296.0
1777049746.041074,177453,5300.0
1777049758.2853246,177618,5304.0
1777049770.2688184,177781,5308.0
1777049777.6936352,177871,5312.0
1777049784.8609715,177963,5316.0
1777049793.908963,178081,5320.0
1777049800.7008727,178171,5324.0
1777049810.0169098,178291,5328.0
1777049819.8767822,178427,5332.0
1777049826.7248597,178519,5336.0
1777049842.368399,178735,5340.0
1777049851.1687257,178855,5344.0
1777049860.176599,178977,5348.0
1777049869.560569,179097,5352.0
1777049876.6444638,179189,5356.0
1777049885.7001545,179307,5360.0
1777049892.3683646,179395,5364.0
1777049900.012689,179487,5368.0
1777049908.6924307,179605,5372.0
1777049915.7766356,179695,5376.0
1777049924.5045416,179811,5380.0
1777049936.7686067,179976,5384.0
1777049943.928471,180068,5388.0
1777049953.127936,180188,5392.0
1777049963.4519808,180324,5396.0
1777049975.5041094,180489,5400.0
1777049982.29626,180579,5404.0
1777049998.171972,180793,5408.0
1777050007.0038269,180913,5412.0
1777050019.443943,181080,5416.0
1777050035.043831,181298,5420.0
1777050041.9716158,181390,5424.0
1777050052.5636685,181528,5428.0
1777050071.0116847,181792,5432.0
1777050080.2876303,181912,5436.0
1777050086.9734242,182000,5440.0
1777050095.971637,182122,5444.0
1777050108.4116204,182289,5448.0
1777050117.379403,182408,5452.0
1777050124.2873926,182500,5456.0
1777050142.9469857,182762,5460.0
1777050163.0554347,183051,5464.0
1777050170.5071452,183143,5468.0
1777050180.4870129,183281,5472.0
1777050194.4993858,183475,5476.0
1777050201.822728,183565,5480.0
1777050216.9906757,183780,5484.0
1777050225.9628232,183900,5488.0
1777050245.0547585,184164,5492.0
1777050252.2388577,184254,5496.0
1777050267.6983864,184465,5500.0
1777050278.498678,184615,5504.0
1777050285.2066572,184703,5508.0
1777050292.7386162,184795,5512.0
1777050299.938293,184887,5516.0
1777050306.9986665,184979,5520.0
1777050313.9306476,185071,5524.0
1777050321.5587695,185163,5528.0
1777050335.1063802,185348,5532.0
1777050350.7346275,185565,5536.0
1777050372.8421636,185878,5540.0
1777050380.0264606,185970,5544.0
1777050398.366277,186232,5548.0
1777050408.6261687,186373,5552.0
1777050417.4099286,186493,5556.0
1777050424.1022844,186581,5560.0
1777050430.9017868,186671,5564.0
1777050448.2419417,186905,5568.0
1777050455.0935192,186997,5572.0
1777050464.057451,187115,5576.0
1777050474.3855836,187251,5580.0
1777050481.049625,187339,5584.0
1777050494.625399,187525,5588.0
1777050501.8775537,187615,5592.0
1777050513.7017386,187780,5596.0
1777050520.333501,187868,5600.0
1777050527.2616787,187960,5604.0
1777050534.509542,188052,5608.0
1777050545.6696775,188203,5612.0
1777050557.4335747,188368,5616.0
1777050565.0536084,188460,5620.0
1777050577.0449326,188627,5624.0
1777050589.4688077,188792,5628.0
1777050599.6173313,188933,5632.0
1777050611.629107,189100,5636.0
1777050621.0929234,189220,5640.0
1777050630.8367088,189354,5644.0
1777050639.6367803,189474,5648.0
1777050650.1926334,189612,5652.0
1777050662.728722,189782,5656.0
1777050669.5527716,189872,5660.0
1777050679.5967402,190008,5664.0
1777050694.9127345,190224,5668.0
1777050705.1128156,190361,5672.0
1777050715.4366486,190501,5676.0
1777050725.9043941,190641,5680.0
1777050735.8447986,190778,5684.0
1777050743.2724793,190868,5688.0
1777050750.4726102,190960,5692.0
1777050757.0724738,191048,5696.0
1777050787.027944,191478,5700.0
1777050795.687999,191596,5704.0
1777050804.736096,191714,5708.0
1777050812.0284448,191806,5712.0
1777050829.3722575,192045,5716.0
1777050851.5799365,192364,5720.0
1777050870.4879334,192630,5724.0
1777050893.5637593,192959,5728.0
1777050902.2796695,193079,5732.0
1777050917.307685,193292,5736.0
1777050924.9795384,193384,5740.0
1777050931.9156451,193476,5744.0
1777050940.8477201,193596,5748.0
1777050950.3395493,193716,5752.0
1777050966.5916934,193946,5756.0
1777050973.583603,194038,5760.0
1777050985.9229083,194205,5764.0
1777050992.8748977,194297,5768.0
1777051003.2554958,194435,5772.0
1777051013.7307966,194574,5776.0
1777051021.031333,194666,5780.0
1777051027.6989253,194754,5784.0
1777051040.050951,194918,5788.0
1777051048.7308269,195036,5792.0
1777051060.5985844,195201,5796.0
1777051077.542903,195439,5800.0
1777051084.5065315,195531,5804.0
1777051094.614727,195669,5808.0
1777051105.0827434,195807,5812.0
1777051115.458713,195948,5816.0
1777051122.3066916,196036,5820.0
1777051129.282397,196126,5824.0
1777051136.182802,196218,5828.0
1777051148.6506639,196385,5832.0
1777051155.5745528,196477,5836.0
1777051162.7586548,196567,5840.0
1777051172.7585511,196705,5844.0
1777051179.7504168,196797,5848.0
1777051192.3659234,196964,5852.0
1777051204.6739733,197132,5856.0
1777051216.8338265,197301,5860.0
1777051224.0338209,197393,5864.0
1777051231.0337706,197483,5868.0
1777051238.126048,197575,5872.0
1777051245.1257398,197665,5876.0
1777051255.3857474,197799,5880.0
1777051271.8498209,198034,5884.0
1777051282.6417527,198173,5888.0
1777051289.8617368,198263,5892.0
1777051297.0336804,198353,5896.0
1777051314.1777735,198593,5900.0
1777051326.277771,198762,5904.0
1777051335.1014185,198880,5908.0
1777051342.4176588,198972,5912.0
1777051349.6856213,199064,5916.0
1777051356.6776695,199156,5920.0
1777051368.4775875,199321,5924.0
1777051375.9015477,199411,5928.0
1777051383.0014477,199499,5932.0
1777051398.1289866,199712,5936.0
1777051405.6613374,199800,5940.0
1777051415.720777,199939,5944.0
1777051427.6369855,200100,5948.0
1777051434.8048944,200188,5952.0
1777051441.476785,200276,5956.0
1777051448.4609468,200366,5960.0
1777051455.3966804,200458,5964.0
1777051462.6889617,200548,5968.0
1777051469.3688262,200634,5972.0
1777051476.0890155,200722,5976.0
1777051486.2448986,200858,5980.0
1777051498.6727662,201025,5984.0
1777051505.9727342,201117,5988.0
1777051519.4806101,201303,5992.0
1777051526.6807842,201395,5996.0
1777051533.596724,201485,6000.0
1777051546.8567157,201672,6004.0
1777051560.212576,201856,6008.0
1777051570.7128305,201997,6012.0
1777051578.041451,202089,6016.0
1777051585.3204885,202177,6020.0
1777051592.120629,202267,6024.0
1777051607.2323127,202478,6028.0
1777051624.5883312,202711,6032.0
1777051634.9238317,202851,6036.0
1777051642.315766,202943,6040.0
1777051649.115895,203033,6044.0
1777051658.956202,203169,6048.0
1777051673.3719797,203365,6052.0
1777051680.3640354,203457,6056.0
1777051689.1319776,203573,6060.0
1777051699.064459,203710,6064.0
1777051712.5917387,203896,6068.0
1777051722.4156477,204032,6072.0
1777051729.4317563,204124,6076.0
1777051736.2236536,204212,6080.0
1777051745.9557972,204346,6084.0
1777051759.7075765,204533,6088.0
1777051781.691708,204846,6092.0
1777051796.223431,205041,6096.0
1777051811.3511214,205255,6100.0
1777051818.2832274,205347,6104.0
1777051828.9749064,205484,6108.0
1777051835.774771,205572,6112.0
1777051848.7508187,205756,6116.0
1777051859.5150435,205897,6120.0
1777051869.3748016,206033,6124.0
1777051876.4747415,206125,6128.0
1777051890.1189103,206310,6132.0
1777051897.0831416,206400,6136.0
1777051906.375014,206522,6140.0
1777051918.9269452,206690,6144.0
1777051926.002747,206780,6148.0
1777051933.082509,206870,6152.0
1777051940.8346133,206962,6156.0
1777051951.7106931,207109,6160.0
1777051965.7026951,207307,6164.0
1777051973.1026642,207399,6168.0
1777051979.8186808,207487,6172.0
1777051987.1424031,207579,6176.0
1777051993.9266808,207669,6180.0
1777052006.034008,207836,6184.0
1777052015.118381,207954,6188.0
1777052022.2023172,208044,6192.0
1777052031.3778765,208164,6196.0
1777052038.2778437,208254,6200.0
1777052048.133791,208390,6204.0
1777052055.2023063,208482,6208.0
1777052062.7624156,208574,6212.0
1777052081.3939312,208838,6216.0
1777052090.754104,208956,6220.0
1777052102.6697605,209122,6224.0
1777052111.6621616,209244,6228.0
1777052118.8299947,209334,6232.0
1777052127.853825,209454,6236.0
1777052134.8017545,209546,6240.0
1777052144.9616911,209686,6244.0
1777052155.5136406,209822,6248.0
1777052162.4617188,209914,6252.0
1777052171.3372471,210036,6256.0
1777052178.1057055,210126,6260.0
1777052185.1453834,210214,6264.0
1777052198.54569,210400,6268.0
1777052208.453598,210534,6272.0
1777052215.7054057,210624,6276.0
1777052224.60541,210741,6280.0
1777052236.3968916,210906,6284.0
1777052246.9729123,211042,6288.0
1777052254.1209092,211132,6292.0
1777052263.2051399,211252,6296.0
1777052270.929056,211344,6300.0
1777052284.1969829,211531,6304.0
1777052299.3210046,211742,6308.0
1777052308.2129455,211860,6312.0
1777052320.3969522,212027,6316.0
1777052329.0726862,212145,6320.0
1777052338.2207217,212265,6324.0
1777052350.264719,212428,6328.0
1777052357.0645888,212518,6332.0
1777052369.4887102,212685,6336.0
1777052378.340661,212804,6340.0
1777052385.1406922,212894,6344.0
1777052391.9165852,212984,6348.0
1777052398.6485326,213074,6352.0
1777052407.8406267,213194,6356.0
1777052417.772565,213329,6360.0
1777052428.2164986,213467,6364.0
1777052436.9799275,213585,6368.0
1777052447.9078848,213731,6372.0
1777052455.2079062,213821,6376.0
1777052462.2398355,213913,6380.0
1777052475.9320593,214106,6384.0
1777052486.5318825,214246,6388.0
1777052493.4083068,214338,6392.0
1777052503.4239767,214476,6396.0
1777052510.6158392,214566,6400.0
1777052517.5479133,214658,6404.0
1777052524.4158669,214748,6408.0
1777052536.507603,214913,6412.0
1777052543.8397794,215001,6416.0
1777052561.099592,215243,6420.0
1777052575.0073826,215436,6424.0
1777052587.143667,215603,6428.0
1777052599.451447,215770,6432.0
1777052606.951551,215860,6436.0
1777052629.1429734,216175,6440.0
1777052636.5353537,216267,6444.0
1777052643.6350794,216357,6448.0
1777052650.4113398,216447,6452.0
1777052666.2108207,216660,6456.0
1777052680.335015,216860,6460.0
1777052691.011347,217001,6464.0
1777052702.9750147,217166,6468.0
1777052710.2949767,217258,6472.0
1777052717.3871186,217348,6476.0
1777052729.2667592,217510,6480.0
1777052736.0107374,217598,6484.0
1777052748.2110121,217763,6488.0
1777052759.0506234,217901,6492.0
1777052766.3505995,217993,6496.0
1777052778.3107355,218158,6500.0
1777052785.6026912,218250,6504.0
1777052800.7706912,218465,6508.0
1777052813.310641,218631,6512.0
1777052828.578146,218845,6516.0
1777052840.3180237,219010,6520.0
1777052847.4704008,219102,6524.0
1777052858.8623812,219257,6528.0
1777052865.809881,219347,6532.0
1777052879.386091,219527,6536.0
1777052886.570274,219619,6540.0
1777052893.49422,219711,6544.0
1777052904.7302985,219860,6548.0
1777052911.9620824,219952,6552.0
1777052925.6057541,220140,6556.0
1777052936.297924,220281,6560.0
1777052943.2297113,220373,6564.0
1777052952.1619983,220493,6568.0
1777052959.0697682,220583,6572.0
1777052966.6059418,220675,6576.0
1777052975.3137019,220791,6580.0
1777052981.9816303,220879,6584.0
1777052988.6816802,220967,6588.0
1777052998.0057607,221085,6592.0
1777053004.9895077,221175,6596.0
1777053016.881564,221342,6600.0
1777053032.1296794,221552,6604.0
1777053041.1573133,221672,6608.0
1777053047.9733121,221762,6612.0
1777053055.4813159,221852,6616.0
1777053062.180911,221940,6620.0
1777053068.980987,222030,6624.0
1777053076.2409708,222122,6628.0
1777053083.6888473,222214,6632.0
1777053100.8134754,222453,6636.0
1777053109.7813303,222571,6640.0
1777053122.0569072,222738,6644.0
1777053128.8566978,222828,6648.0
1777053137.532747,222942,6652.0
1777053150.1969714,223109,6656.0
1777053156.9566424,223197,6660.0
1777053163.8888116,223289,6664.0
1777053178.916676,223503,6668.0
1777053186.1326728,223593,6672.0
1777053197.9723349,223758,6676.0
1777053205.1247108,223848,6680.0
1777053213.924777,223968,6684.0
1777053222.8846085,224088,6688.0
1777053241.5246344,224353,6692.0
1777053251.408583,224487,6696.0
1777053262.1483788,224626,6700.0
1777053270.9483964,224746,6704.0
1777053279.7403972,224866,6708.0
1777053289.724153,225004,6712.0
1777053298.731796,225124,6716.0
1777053305.6681383,225216,6720.0
1777053315.3999836,225350,6724.0
1777053322.8437018,225440,6728.0
1777053334.7239125,225602,6732.0
1777053343.567734,225720,6736.0
1777053359.1756177,225934,6740.0
1777053365.9756134,226024,6744.0
1777053380.835608,226235,6748.0
1777053388.4676714,226327,6752.0
1777053395.5676658,226419,6756.0
1777053412.7117124,226655,6760.0
1777053427.7036874,226868,6764.0
1777053437.8196487,227007,6768.0
1777053459.0514278,227303,6772.0
1777053466.235419,227395,6776.0
1777053473.619519,227487,6780.0
1777053480.1434321,227573,6784.0
1777053492.1269555,227738,6788.0
1777053499.311134,227828,6792.0
1777053511.735627,227993,6796.0
1777053523.5108263,228154,6800.0
1777053542.0868433,228412,6804.0
1777053557.2185955,228627,6808.0
1777053564.5268807,228719,6812.0
1777053574.8626618,228857,6816.0
1777053590.2544792,229069,6820.0
1777053600.394748,229206,6824.0
1777053607.2469232,229296,6828.0
1777053625.886736,229559,6832.0
1777053632.9025762,229651,6836.0
1777053639.802473,229743,6840.0
1777053646.7785926,229835,6844.0
1777053662.6066911,230048,6848.0
1777053674.8382788,230216,6852.0
1777053685.5143907,230362,6856.0
1777053697.5624735,230530,6860.0
1777053717.3899562,230811,6864.0
1777053739.062419,231124,6868.0
1777053750.1379418,231267,6872.0
1777053760.1057892,231404,6876.0
1777053767.065941,231494,6880.0
1777053779.0976934,231658,6884.0
1777053786.3898802,231750,6888.0
1777053798.2217088,231913,6892.0
1777053805.449693,232003,6896.0
1777053817.1294062,232166,6900.0
1777053823.797639,232254,6904.0
1777053838.997711,232463,6908.0
1777053845.9493945,232555,6912.0
1777053854.7137296,232675,6916.0
1777053869.05758,232869,6920.0
1777053875.989444,232961,6924.0
1777053882.9256346,233051,6928.0
1777053896.6494696,233239,6932.0
1777053906.708858,233378,6936.0
1777053915.2249894,233494,6940.0
1777053931.9329364,233725,6944.0
1777053938.8489616,233817,6948.0
1777053945.5928397,233907,6952.0
1777053954.856787,234027,6956.0
1777053962.0086915,234117,6960.0
1777053971.7328153,234251,6964.0
1777053987.4089496,234464,6968.0
1777053997.6405787,234601,6972.0
1777054004.840677,234693,6976.0
1777054012.000829,234785,6980.0
1777054026.0005047,234978,6984.0
1777054032.9608781,235066,6988.0
1777054043.5163507,235202,6992.0
1777054050.3527632,235290,6996.0
1777054061.5006566,235440,7000.0
1777054068.308742,235530,7004.0
1777054075.6086137,235622,7008.0
1777054085.5604916,235758,7012.0
1777054097.4681804,235926,7016.0
1777054104.9083078,236014,7020.0
1777054120.0601199,236227,7024.0
1777054127.0602324,236319,7028.0
1777054134.3198266,236409,7032.0
1777054141.1683865,236499,7036.0
1777054153.243844,236664,7040.0
1777054160.1757753,236756,7044.0
1777054167.604388,236848,7048.0
1777054181.203814,237035,7052.0
1777054195.143594,237228,7056.0
1777054202.1598346,237320,7060.0
1777054210.8196893,237438,7064.0
1777054217.9198318,237530,7068.0
1777054235.8437133,237778,7072.0
1777054249.2357664,237967,7076.0
1777054259.3196797,238098,7080.0
1777054267.851676,238214,7084.0
1777054274.9635644,238304,7088.0
1777054281.863369,238394,7092.0
1777054289.3275208,238486,7096.0
1777054308.087543,238749,7100.0
1777054315.2794094,238839,7104.0
1777054327.179373,239004,7108.0
1777054338.370786,239157,7112.0
1777054352.4308364,239344,7116.0
1777054359.3630192,239430,7120.0
1777054371.1552134,239595,7124.0
1777054382.0386498,239733,7128.0
1777054389.138904,239825,7132.0
1777054398.362797,239945,7136.0
1777054407.3626983,240065,7140.0
1777054414.2868054,240157,7144.0
1777054431.2067127,240392,7148.0
1777054443.5787687,240557,7152.0
1777054453.5386891,240695,7156.0
1777054467.1706762,240876,7160.0
1777054480.182675,241059,7164.0
1777054500.3543322,241342,7168.0
1777054514.2823853,241534,7172.0
1777054521.4304993,241624,7176.0
1777054532.189887,241764,7180.0
1777054539.1220028,241856,7184.0
1777054549.5223682,241995,7188.0
1777054561.9138577,242161,7192.0
1777054578.7420719,242397,7196.0
1777054586.1739473,242487,7200.0
1777054602.6819391,242722,7204.0
1777054613.0337377,242863,7208.0
1777054620.289899,242955,7212.0
1777054627.4056435,243047,7216.0
1777054642.4500132,243262,7220.0
1777054653.0176995,243400,7224.0
1777054659.8897164,243490,7228.0
1777054666.7256727,243580,7232.0
1777054673.409667,243668,7236.0
1777054685.8656006,243839,7240.0
1777054697.6574552,244004,7244.0
1777054711.501482,244189,7248.0
1777054724.9653125,244378,7252.0
1777054732.1331744,244470,7256.0
1777054739.4409256,244562,7260.0
1777054747.9929311,244678,7264.0
1777054757.9689965,244814,7268.0
1777054765.0166874,244904,7272.0
1777054772.0487897,244994,7276.0
1777054781.1089401,245114,7280.0
1777054788.040713,245206,7284.0
1777054795.668996,245298,7288.0
1777054804.784857,245418,7292.0
1777054825.5446627,245709,7296.0
1777054834.4243352,245825,7300.0
1777054844.552686,245965,7304.0
1777054854.8849094,246105,7308.0
1777054862.1601703,246197,7312.0
1777054876.0766256,246395,7316.0
1777054884.820682,246513,7320.0
1777054900.1443434,246724,7324.0
1777054910.6120532,246864,7328.0
1777054927.7042894,247098,7332.0
1777054939.7758882,247266,7336.0
1777054947.0957398,247358,7340.0
1777054953.8962076,247448,7344.0
1777054960.9519231,247538,7348.0
1777054974.2039447,247725,7352.0
1777054984.6598668,247863,7356.0
1777054993.3594723,247981,7360.0
1777055005.3720102,248149,7364.0
1777055014.3717868,248269,7368.0
1777055021.6954255,248361,7372.0
1777055028.7637827,248451,7376.0
1777055039.0356715,248585,7380.0
1777055045.755592,248673,7384.0
1777055055.5356088,248809,7388.0
1777055069.4474046,248996,7392.0
1777055083.2710147,249185,7396.0
1777055091.9709444,249303,7400.0
1777055098.9552352,249395,7404.0
1777055107.8628092,249513,7408.0
1777055114.9108045,249605,7412.0
1777055134.0387816,249873,7416.0
1777055147.5466352,250058,7420.0
1777055157.8232808,250195,7424.0
1777055168.5867233,250345,7428.0
1777055175.6068728,250435,7432.0
1777055182.8147082,250525,7436.0
1777055190.3626914,250617,7440.0
1777055197.2988288,250709,7444.0
1777055204.4384768,250801,7448.0
1777055211.7388089,250893,7452.0
1777055223.7827163,251058,7456.0
1777055230.898821,251148,7460.0
1777055237.830499,251240,7464.0
1777055247.2066174,251360,7468.0
1777055259.3066797,251525,7472.0
1777055272.4303427,251710,7476.0
1777055285.8583107,251893,7480.0
1777055299.0059159,252078,7484.0
1777055316.2297325,252312,7488.0
1777055323.341923,252402,7492.0
1777055333.5057306,252538,7496.0
1777055341.1417818,252630,7500.0
1777055348.065994,252722,7504.0
1777055360.181911,252889,7508.0
1777055375.9257786,253103,7512.0
1777055383.2499561,253195,7516.0
1777055391.9976604,253315,7520.0
1777055402.5496957,253455,7524.0
1777055409.5577533,253543,7528.0
1777055419.7576678,253681,7532.0
1777055427.4655623,253773,7536.0
1777055434.1176724,253861,7540.0
1777055440.9176,253951,7544.0
1777055447.841265,254043,7548.0
1777055460.0094502,254208,7552.0
1777055473.400978,254395,7556.0
1777055490.156977,254628,7560.0
1777055500.3086975,254767,7564.0
1777055515.10084,254978,7568.0
1777055525.6087945,255119,7572.0
1777055532.6609547,255207,7576.0
1777055539.524755,255295,7580.0
1777055550.300885,255440,7584.0
1777055559.5005739,255560,7588.0
1777055576.5086699,255795,7592.0
1777055586.500937,255934,7596.0
1777055595.3167417,256054,7600.0
1777055602.116704,256144,7604.0
1777055616.144927,256339,7608.0
1777055627.8001916,256502,7612.0
1777055635.0005288,256594,7616.0
1777055642.5208206,256682,7620.0
1777055649.3126655,256772,7624.0
1777055656.0598884,256862,7628.0
1777055664.8123155,256978,7632.0
1777055675.5364416,257116,7636.0
1777055687.4758697,257282,7640.0
1777055694.4119732,257374,7644.0
1777055701.727809,257464,7648.0
1777055708.8678508,257554,7652.0
1777055717.7877493,257672,7656.0
1777055725.0197725,257764,7660.0
1777055735.259634,257900,7664.0
1777055742.4435537,257992,7668.0
1777055754.6037765,258157,7672.0
1777055767.0117435,258322,7676.0
1777055780.7276788,258512,7680.0
1777055801.0196764,258796,7684.0
1777055808.0636811,258884,7688.0
1777055815.0637043,258974,7692.0
1777055822.3195472,259066,7696.0
1777055835.455728,259249,7700.0
1777055853.062932,259493,7704.0
1777055861.6791663,259611,7708.0
1777055868.822888,259703,7712.0
1777055875.722974,259795,7716.0
1777055888.1871107,259960,7720.0
1777055894.9788363,260050,7724.0
1777055901.8148198,260138,7728.0
1777055909.2072978,260228,7732.0
1777055916.038799,260318,7736.0
1777055927.9546854,260481,7740.0
1777055941.314737,260664,7744.0
1777055960.9706724,260946,7748.0
1777055971.298711,261081,7752.0
1777055983.2828617,261246,7756.0
1777055997.0227795,261433,7760.0
1777056003.9547458,261525,7764.0
1777056024.798702,261820,7768.0
1777056040.7225964,262039,7772.0
1777056051.0144663,262177,7776.0
1777056058.2147048,262263,7780.0
1777056065.1503143,262355,7784.0
1777056083.8903003,262623,7788.0
1777056100.8498714,262854,7792.0
1777056116.174489,263066,7796.0
1777056129.6896985,263253,7800.0
1777056144.8178873,263468,7804.0
1777056157.1257417,263634,7808.0
1777056170.4417033,263821,7812.0
1777056186.417759,264038,7816.0
1777056196.725704,264179,7820.0
1777056207.0177248,264315,7824.0
1777056213.8856986,264403,7828.0
1777056223.865639,264541,7832.0
1777056230.8015735,264631,7836.0
1777056241.4574528,264765,7840.0
1777056256.716944,264982,7844.0
1777056267.5010574,265125,7848.0
1777056281.2407892,265318,7852.0
1777056298.932938,265563,7856.0
1777056308.7688053,265699,7860.0
1777056320.4246452,265862,7864.0
1777056327.9366992,265954,7868.0
1777056342.0169265,266147,7872.0
1777056351.0168009,266265,7876.0
1777056358.6928105,266357,7880.0
1777056380.5690215,266672,7884.0
1777056396.360583,266886,7888.0
1777056408.3127291,267051,7892.0
1777056417.7845228,267171,7896.0
1777056429.6205544,267336,7900.0
1777056439.6125095,267474,7904.0
1777056446.7127898,267564,7908.0
1777056454.0961344,267656,7912.0
1777056461.0519345,267744,7916.0
1777056472.7524672,267907,7920.0
1777056486.3118422,268090,7924.0
1777056498.519999,268259,7928.0
1777056505.7362826,268349,7932.0
1777056513.1121032,268439,7936.0
1777056528.1437485,268651,7940.0
1777056535.0799854,268743,7944.0
1777056542.3563492,268831,7948.0
1777056552.755625,268970,7952.0
1777056559.6277716,269062,7956.0
1777056566.548336,269150,7960.0
1777056573.5274649,269238,7964.0
1777056588.9556377,269452,7968.0
1777056602.8117182,269637,7972.0
1777056611.6478364,269755,7976.0
1777056620.503655,269875,7980.0
1777056630.6038637,270013,7984.0
1777056637.747546,270105,7988.0
1777056651.6152067,270293,7992.0
1777056665.8389227,270484,7996.0
1777056677.999308,270649,8000.0
1777056684.9311082,270741,8004.0
1777056698.6708407,270925,8008.0
1777056705.6707864,271017,8012.0
1777056722.2472684,271251,8016.0
1777056740.8912294,271518,8020.0
1777056756.222991,271732,8024.0
1777056763.5470283,271824,8028.0
1777056781.406674,272067,8032.0
1777056800.330718,272339,8036.0
1777056807.8512187,272431,8040.0
1777056816.6669443,272551,8044.0
1777056823.5587664,272639,8048.0
1777056830.442765,272731,8052.0
1777056844.5147343,272924,8056.0
1777056861.3427503,273162,8060.0
1777056873.4747105,273327,8064.0
1777056880.6347103,273419,8068.0
1777056890.3186898,273553,8072.0
1777056906.0587494,273771,8076.0
1777056917.8904622,273936,8080.0
1777056924.8186998,274028,8084.0
1777056946.8425272,274342,8088.0
1777056960.0746918,274525,8092.0
1777056967.0663972,274615,8096.0
1777056984.4585073,274859,8100.0
1777056994.8943782,274998,8104.0
1777057001.8342748,275090,8108.0
1777057012.0504682,275230,8112.0
1777057019.2178802,275322,8116.0
1777057032.9624467,275509,8120.0
1777057039.7617536,275599,8124.0
1777057046.717717,275685,8128.0
1777057061.1017058,275876,8132.0
1777057079.977718,276138,8136.0
1777057092.2379248,276310,8140.0
1777057099.0379505,276400,8144.0
1777057113.8778877,276597,8148.0
1777057120.7779486,276689,8152.0
1777057137.2375622,276921,8156.0
1777057147.6616678,277059,8160.0
1777057156.5298152,277180,8164.0
1777057163.5534596,277272,8168.0
1777057170.8376133,277362,8172.0
1777057184.1136408,277547,8176.0
1777057193.2617207,277667,8180.0
1777057200.6456454,277759,8184.0
1777057207.8057601,277851,8188.0
1777057214.9052615,277941,8192.0
1777057228.1614788,278120,8196.0
1777057237.1815426,278238,8200.0
1777057243.981388,278328,8204.0
1777057257.8449142,278521,8208.0
1777057268.1448803,278662,8212.0
1777057279.99693,278827,8216.0
1777057289.2368414,278941,8220.0
1777057298.0368016,279061,8224.0
1777057314.8969913,279303,8228.0
1777057328.8571007,279492,8232.0
1777057335.705218,279584,8236.0
1777057360.1969812,279927,8240.0
1777057375.1406791,280139,8244.0
1777057387.3165724,280302,8248.0
1777057407.409067,280590,8252.0
1777057414.8405097,280680,8256.0
1777057423.4887605,280798,8260.0
1777057430.280656,280888,8264.0
1777057444.732462,281084,8268.0
1777057451.8246877,281176,8272.0
1777057460.3245175,281292,8276.0
1777057467.3642535,281384,8280.0
1777057486.2164245,281648,8284.0
1777057498.3083658,281813,8288.0
1777057513.9005632,282026,8292.0
1777057527.268283,282214,8296.0
1777057534.2240977,282300,8300.0
1777057541.0241504,282390,8304.0
1777057547.859904,282478,8308.0
1777057554.8520217,282568,8312.0
1777057562.4001465,282658,8316.0
1777057574.308083,282823,8320.0
1777057585.3079448,282976,8324.0
1777057598.735811,283160,8328.0
1777057610.7597985,283329,8332.0
1777057619.3597724,283447,8336.0
1777057628.2077928,283562,8340.0
1777057635.1357024,283654,8344.0
1777057643.8996224,283770,8348.0
1777057654.3597183,283908,8352.0
1777057666.6917722,284075,8356.0
1777057678.5036337,284238,8360.0
1777057685.711822,284328,8364.0
1777057692.6755712,284420,8368.0
1777057699.6115658,284512,8372.0
1777057706.595409,284602,8376.0
1777057716.8875177,284738,8380.0
1777057723.819358,284830,8384.0
1777057732.4593356,284948,8388.0
1777057749.6948261,285183,8392.0
1777057759.7348578,285322,8396.0
1777057766.9353206,285414,8400.0
1777057777.310751,285553,8404.0
1777057784.5271478,285645,8408.0
1777057794.854995,285783,8412.0
1777057802.0554035,285873,8416.0
1777057812.1947052,286012,8420.0
1777057830.9788117,286275,8424.0
1777057838.1026773,286365,8428.0
1777057847.0029237,286485,8432.0
1777057854.1627023,286575,8436.0
1777057861.946723,286667,8440.0
1777057868.89437,286759,8444.0
1777057885.670521,286993,8448.0
1777057903.3944182,287236,8452.0
1777057917.0864933,287423,8456.0
1777057924.338494,287513,8460.0
1777057941.0627072,287750,8464.0
1777057951.6064036,287890,8468.0
1777057958.6902962,287980,8472.0
1777057968.6905363,288118,8476.0
1777057980.9298053,288285,8480.0
1777057987.8622813,288377,8484.0
1777058005.8898828,288631,8488.0
1777058016.2298524,288769,8492.0
1777058023.2299275,288859,8496.0
1777058033.6136737,288997,8500.0
1777058043.6580255,289133,8504.0
1777058059.065922,289348,8508.0
1777058078.7738178,289621,8512.0
1777058090.6217434,289788,8516.0
1777058101.413671,289928,8520.0
1777058116.5416825,290143,8524.0
1777058123.9056327,290235,8528.0
1777058130.8657024,290321,8532.0
1777058138.049109,290413,8536.0
1777058151.0976267,290596,8540.0
1777058159.7574816,290714,8544.0
1777058168.9735646,290832,8548.0
1777058175.9813502,290922,8552.0
1777058182.9333658,291014,8556.0
1777058189.5332508,291102,8560.0
1777058208.3412068,291365,8564.0
1777058218.385389,291503,8568.0
1777058234.965039,291735,8572.0
1777058251.756913,291968,8576.0
1777058268.4486027,292204,8580.0
1777058275.2486074,292294,8584.0
1777058282.160983,292384,8588.0
1777058294.1087377,292547,8592.0
1777058309.6687133,292767,8596.0
1777058317.344694,292859,8600.0
1777058327.5246258,292999,8604.0
1777058334.4086356,293091,8608.0
1777058349.9846692,293306,8612.0
1777058363.5086145,293492,8616.0
1777058381.920282,293748,8620.0
1777058390.4685426,293864,8624.0
1777058397.4366288,293956,8628.0
1777058406.7762566,294076,8632.0
1777058418.6198373,294241,8636.0
1777058438.9599214,294529,8640.0
1777058450.8280177,294695,8644.0
1777058459.7680008,294815,8648.0
1777058468.951907,294933,8652.0
1777058476.0677414,295023,8656.0
1777058488.0438528,295190,8660.0
1777058501.387791,295375,8664.0
1777058510.071658,295491,8668.0
1777058525.4796288,295703,8672.0
1777058532.6956527,295793,8676.0
1777058542.8876927,295929,8680.0
1777058549.5556664,296017,8684.0
1777058563.9476092,296211,8688.0
1777058574.2794962,296349,8692.0
1777058588.7194037,296541,8696.0
1777058596.0034683,296633,8700.0
1777058602.9313176,296725,8704.0
1777058614.3632436,296874,8708.0
1777058621.186968,296964,8712.0
1777058630.1709473,297082,8716.0
1777058649.4950607,297348,8720.0
1777058663.1549504,297541,8724.0
1777058673.9794755,297682,8728.0
1777058688.0469615,297880,8732.0
1777058708.3908076,298163,8736.0
1777058718.9905999,298303,8740.0
1777058725.6466377,298391,8744.0
1777058741.9306755,298617,8748.0
1777058748.7906845,298709,8752.0
1777058756.1228132,298801,8756.0
1777058766.9307737,298939,8760.0
1777058775.7302823,299059,8764.0
1777058786.7381315,299210,8768.0
1777058804.2660236,299454,8772.0
1777058814.5499682,299595,8776.0
1777058823.4738731,299713,8780.0
1777058830.141737,299801,8784.0
1777058846.9657202,300039,8788.0
1777058854.3496957,300131,8792.0
1777058864.4736886,300272,8796.0
1777058871.473654,300364,8800.0
1777058878.273717,300454,8804.0
1777058891.6496663,300638,8808.0
1777058903.6975615,300802,8812.0
1777058917.189103,300984,8816.0
1777058927.1329532,301120,8820.0
1777058944.201032,301359,8824.0
1777058954.5733218,301497,8828.0
1777058964.7849088,301638,8832.0
1777058971.9848716,301728,8836.0
1777058984.0849528,301893,8840.0
1777058993.9567473,302029,8844.0
1777059001.1930664,302121,8848.0
1777059010.4167,302241,8852.0
1777059020.7006884,302379,8856.0
1777059027.5925438,302469,8860.0
1777059034.9605978,302561,8864.0
1777059043.924565,302681,8868.0
1777059050.8325338,302773,8872.0
1777059072.9919157,303084,8876.0
1777059081.5921009,303201,8880.0
1777059090.3844316,303321,8884.0
1777059097.6158993,303411,8888.0
1777059104.5160015,303503,8892.0
1777059113.6439507,303623,8896.0
1777059124.0919597,303759,8900.0
1777059132.9197276,303879,8904.0
1777059145.2357237,304046,8908.0
1777059152.3603308,304136,8912.0
1777059164.0598161,304299,8916.0
1777059176.0837057,304464,8920.0
1777059183.2357292,304556,8924.0
1777059201.9435759,304820,8928.0
1777059212.9675257,304963,8932.0
1777059219.987438,305055,8936.0
1777059226.919209,305145,8940.0
1777059242.443588,305360,8944.0
1777059249.5189307,305452,8948.0
1777059256.4033062,305540,8952.0
1777059263.1867905,305630,8956.0
1777059273.6109629,305768,8960.0
1777059290.6546466,306011,8964.0
1777059300.8547094,306152,8968.0
1777059308.0549748,306242,8972.0
1777059323.2628624,306451,8976.0
1777059330.2026958,306543,8980.0
1777059337.5184946,306633,8984.0
1777059349.3107023,306796,8988.0
1777059359.4786615,306932,8992.0
1777059366.7223964,307022,8996.0
1777059378.4544764,307185,9000.0
1777059393.9464128,307400,9004.0
1777059400.9140096,307492,9008.0
1777059408.2140338,307584,9012.0
1777059415.2220154,307676,9016.0
1777059422.7217042,307768,9020.0
1777059429.537849,307858,9024.0
1777059448.1779714,308122,9028.0
1777059467.1216083,308384,9032.0
1777059483.21383,308603,9036.0
1777059493.2737155,308741,9040.0
1777059500.2060764,308833,9044.0
1777059514.4137099,309029,9048.0
1777059528.0977848,309220,9052.0
1777059540.2211857,309385,9056.0
1777059554.213255,309574,9060.0
1777059566.012991,309739,9064.0
1777059579.7208717,309922,9068.0
1777059589.8412666,310061,9072.0
1777059596.8647869,310153,9076.0
1777059609.3647113,310318,9080.0
1777059621.224925,310484,9084.0
1777059628.5567129,310576,9088.0
1777059635.84896,310666,9092.0
1777059649.38068,310852,9096.0
1777059656.340745,310940,9100.0
1777059673.4486163,311178,9104.0
1777059685.616698,311343,9108.0
1777059695.5245757,311479,9112.0
1777059702.8246684,311571,9116.0
1777059718.0326223,311782,9120.0
1777059728.4244697,311919,9124.0
1777059743.492234,312134,9128.0
1777059759.0998967,312349,9132.0
1777059769.4157865,312492,9136.0
1777059776.3598113,312584,9140.0
1777059783.6397371,312674,9144.0
1777059790.8085072,312764,9148.0
1777059797.631885,312854,9152.0
1777059804.6319327,312946,9156.0
1777059818.2600193,313129,9160.0
1777059826.723742,313244,9164.0
1777059841.767928,313457,9168.0
1777059849.4676921,313547,9172.0
1777059861.5756814,313715,9176.0
1777059882.4356244,314007,9180.0
1777059895.6276226,314193,9184.0
1777059905.0113788,314315,9188.0
1777059912.2595892,314407,9192.0
1777059921.3032966,314525,9196.0
1777059940.3588579,314789,9200.0
1777059947.2952733,314881,9204.0
1777059954.3590457,314973,9208.0
1777059961.5870373,315065,9212.0
1777059972.3027189,315203,9216.0
1777059987.8587196,315418,9220.0
1777059994.9271877,315508,9224.0
1777060001.818613,315598,9228.0
1777060008.8187563,315688,9232.0
1777060015.9708905,315780,9236.0
1777060023.426968,315870,9240.0
1777060030.3627431,315962,9244.0
1777060045.5187695,316177,9248.0
1777060052.5707588,316267,9252.0
1777060059.8107026,316357,9256.0
1777060078.1185772,316619,9260.0
1777060087.254623,316737,9264.0
1777060109.3462803,317051,9268.0
1777060131.6223683,317362,9272.0
1777060151.6938744,317647,9276.0
1777060170.721969,317916,9280.0
1777060183.1299593,318086,9284.0
1777060193.345997,318224,9288.0
1777060200.4379466,318316,9292.0
1777060208.005779,318406,9296.0
1777060214.8697038,318498,9300.0
1777060221.7977731,318590,9304.0
1777060230.8137367,318710,9308.0
1777060246.5057046,318925,9312.0
1777060258.3537123,319090,9316.0
1777060268.829608,319229,9320.0
1777060278.6976056,319365,9324.0
1777060290.8576388,319530,9328.0
1777060301.2809765,319668,9332.0
1777060307.897446,319756,9336.0
1777060314.7812657,319848,9340.0
1777060330.4728796,320063,9344.0
1777060339.256963,320183,9348.0
1777060349.3329675,320319,9352.0
1777060358.5409155,320435,9356.0
1777060370.740928,320600,9360.0
1777060377.689419,320692,9364.0
1777060384.5330422,320780,9368.0
1777060396.380594,320943,9372.0
1777060403.4088793,321031,9376.0
1777060415.1886938,321192,9380.0
1777060421.8486757,321280,9384.0
1777060428.7806375,321372,9388.0
1777060444.624505,321587,9392.0
1777060463.1486957,321852,9396.0
1777060483.99255,322144,9400.0
1777060502.2924085,322406,9404.0
1777060517.9999356,322620,9408.0
1777060529.9080994,322787,9412.0
1777060545.5003443,323002,9416.0
1777060554.1997104,323119,9420.0
1777060568.559955,323314,9424.0
1777060587.4839447,323580,9428.0
1777060594.9357822,323672,9432.0
1777060601.751838,323762,9436.0
1777060608.7917812,323854,9440.0
1777060627.5838885,324118,9444.0
1777060634.5837219,324208,9448.0
1777060649.9756894,324421,9452.0
1777060667.3195798,324660,9456.0
1777060684.1034083,324896,9460.0
1777060695.9597611,325061,9464.0
1777060702.8429089,325151,9468.0
1777060709.718886,325243,9472.0
1777060725.9108207,325467,9476.0
1777060734.894797,325586,9480.0
1777060757.0188231,325899,9484.0
1777060767.5953758,326040,9488.0
1777060788.5548925,326333,9492.0
1777060795.2707522,326421,9496.0
1777060804.3545072,326541,9500.0
1777060823.946744,326823,9504.0
1777060843.254907,327086,9508.0
1777060853.7306733,327226,9512.0
1777060862.6307013,327346,9516.0
1777060878.302722,327561,9520.0
1777060884.8385956,327647,9524.0
1777060895.5463212,327785,9528.0
1777060910.9881108,328000,9532.0
1777060924.0867696,328183,9536.0
1777060937.930491,328370,9540.0
1777060944.7298121,328460,9544.0
1777060961.4378355,328692,9548.0
1777060970.3822339,328812,9552.0
1777060982.581859,328977,9556.0
1777060992.8899775,329111,9560.0
1777061004.689913,329276,9564.0
1777061011.5660257,329368,9568.0
1777061019.1457238,329460,9572.0
1777061036.3218906,329702,9576.0
1777061052.1138062,329919,9580.0
1777061061.9816923,330055,9584.0
1777061071.889599,330191,9588.0
1777061079.2896907,330281,9592.0
1777061091.6334553,330448,9596.0
1777061101.6497884,330584,9600.0
1777061108.8336053,330676,9604.0
1777061115.6895797,330766,9608.0
1777061122.9735968,330858,9612.0
1777061131.7815387,330978,9616.0
1777061139.2170036,331070,9620.0
1777061146.149522,331162,9624.0
1777061157.67331,331323,9628.0
1777061168.1248786,331461,9632.0
1777061175.0487795,331553,9636.0
1777061181.9169152,331643,9640.0
1777061200.508979,331905,9644.0
1777061212.2489514,332068,9648.0
1777061229.2169466,332303,9652.0
1777061236.140889,332395,9656.0
1777061243.0089004,332487,9660.0
1777061249.940741,332579,9664.0
1777061260.616891,332719,9668.0
1777061271.1007736,332859,9672.0
1777061278.324631,332951,9676.0
1777061292.56865,333142,9680.0
1777061299.3685384,333232,9684.0
1777061308.2843566,333351,9688.0
1777061317.5087214,333469,9692.0
1777061329.4605205,333637,9696.0
1777061338.1365304,333755,9700.0
1777061345.4844224,333847,9704.0
1777061352.6005213,333937,9708.0
1777061370.9285321,334199,9712.0
1777061391.4678366,334489,9716.0
1777061400.4440787,334607,9720.0
1777061407.7283247,334699,9724.0
1777061429.7519245,335013,9728.0
1777061446.32795,335236,9732.0
1777061456.2197366,335373,9736.0
1777061471.7197084,335584,9740.0
1777061484.995584,335771,9744.0
1777061502.3877194,336009,9748.0
1777061514.3877337,336175,9752.0
1777061524.6635292,336311,9756.0
1777061532.243382,336403,9760.0
1777061550.6355739,336667,9764.0
1777061560.0475671,336787,9768.0
1777061580.3553956,337078,9772.0
1777061587.6393042,337166,9776.0
1777061594.6871815,337258,9780.0
1777061603.3474457,337376,9784.0
1777061619.0549693,337589,9788.0
1777061625.9871533,337679,9792.0
1777061635.9390986,337817,9796.0
1777061649.8307061,338007,9800.0
1777061656.738742,338097,9804.0
1777061663.806769,338187,9808.0
1777061678.5148764,338388,9812.0
1777061690.5466301,338555,9816.0
1777061703.770719,338742,9820.0
1777061714.106689,338879,9824.0
1777061729.5465755,339094,9828.0
1777061740.854486,339240,9832.0
1777061753.3384397,339410,9836.0
1777061775.8744755,339725,9840.0
1777061789.9384284,339924,9844.0
1777061801.550507,340075,9848.0
1777061811.4818263,340211,9852.0
1777061818.8225017,340303,9856.0
1777061826.0420434,340395,9860.0
1777061833.2741852,340487,9864.0
1777061842.0816994,340607,9868.0
1777061849.0140266,340699,9872.0
1777061855.6497865,340787,9876.0
1777061869.5903723,340976,9880.0
1777061876.4419665,341066,9884.0
1777061883.765824,341158,9888.0
1777061893.1979015,341276,9892.0
1777061909.5097396,341508,9896.0
1777061916.6578023,341598,9900.0
1777061925.4497445,341718,9904.0
1777061940.9257288,341935,9908.0
1777061951.6416976,342071,9912.0
1777061958.425635,342159,9916.0
1777061967.6177166,342279,9920.0
1777061976.6773367,342399,9924.0
1777061985.2417333,342515,9928.0
1777061997.1409323,342681,9932.0
1777062011.3013916,342874,9936.0
1777062018.1011944,342962,9940.0
1777062036.6767828,343226,9944.0
1777062050.5170536,343417,9948.0
1777062057.25333,343503,9952.0
1777062065.961977,343622,9956.0
1777062080.544913,343817,9960.0
1777062100.216927,344096,9964.0
1777062106.976611,344184,9968.0
1777062122.4207394,344399,9972.0
1777062137.7686203,344613,9976.0
1777062151.0765936,344802,9980.0
1777062172.9843404,345114,9984.0
1777062185.2966144,345281,9988.0
1777062197.4967186,345446,9992.0
1777062204.1684434,345534,9996.0
1777062211.1044695,345626,10000.0
1777062218.403883,345718,10004.0
1777062230.2961235,345883,10008.0
1777062241.9600549,346046,10012.0
1777062258.6358995,346280,10016.0
1777062268.6797774,346419,10020.0
1777062278.9877653,346555,10024.0
1777062290.6197712,346718,10028.0
1777062305.7275617,346933,10032.0
1777062323.195662,347172,10036.0
1777062339.4717586,347393,10040.0
1777062351.0637236,347554,10044.0
1777062357.9955106,347646,10048.0
1777062367.2714546,347764,10052.0
1777062381.5713038,347959,10056.0
1777062404.0633125,348278,10060.0
1777062416.1236339,348447,10064.0
1777062436.8794599,348738,10068.0
1777062450.4707913,348931,10072.0
1777062462.9230227,349096,10076.0
1777062476.3628016,349281,10080.0
1777062483.2989821,349373,10084.0
1777062490.4909632,349461,10088.0
1777062503.8747401,349648,10092.0
1777062513.898695,349786,10096.0
1777062523.5667102,349906,10100.0
1777062535.2906795,350070,10104.0
1777062551.166579,350285,10108.0
1777062564.6145587,350472,10112.0
1777062578.3746026,350659,10116.0
1777062585.3062143,350749,10120.0
1777062592.1144261,350839,10124.0
1777062598.834406,350925,10128.0
1777062611.758742,351100,10132.0
1777062618.6585047,351190,10136.0
1777062625.957926,351282,10140.0
1777062632.8819404,351374,10144.0
1777062640.5983274,351466,10148.0
1777062647.5659454,351556,10152.0
1777062654.5744991,351648,10156.0
1777062665.474266,351794,10160.0
1777062674.4018226,351912,10164.0
1777062681.5182917,352002,10168.0
1777062697.9502692,352229,10172.0
1777062706.8178487,352347,10176.0
1777062720.317714,352535,10180.0
1777062732.6098008,352702,10184.0
1777062742.8417451,352840,10188.0
1777062761.669688,353107,10192.0
1777062770.7617052,353227,10196.0
1777062777.6096103,353317,10200.0
1777062791.5015724,353509,10204.0
1777062802.069123,353649,10208.0
1777062812.3453593,353788,10212.0
1777062820.0935442,353880,10216.0
1777062832.0371404,354043,10220.0
1777062842.7012837,354191,10224.0
1777062852.1450381,354307,10228.0
1777062859.2933238,354397,10232.0
1777062871.2848437,354564,10236.0
1777062892.6289349,354864,10240.0
1777062904.292684,355027,10244.0
1777062920.0207055,355247,10248.0
1777062931.4287314,355402,10252.0
1777062938.9287262,355494,10256.0
1777062945.976658,355586,10260.0
1777062964.3045795,355849,10264.0
1777062974.928623,355985,10268.0
1777062985.0806754,356125,10272.0
1777062991.828369,356215,10276.0
1777062999.072014,356307,10280.0
1777063011.8519576,356486,10284.0
1777063018.5798378,356576,10288.0
1777063029.6284454,356722,10292.0
1777063036.85597,356812,10296.0
1777063043.7197719,356900,10300.0
1777063050.5199716,356990,10304.0
1777063059.4956837,357106,10308.0
1777063066.7958953,357198,10312.0
1777063078.9876258,357363,10316.0
1777063085.9397259,357453,10320.0
1777063093.0035508,357543,10324.0
1777063105.2636487,357712,10328.0
1777063121.439604,357940,10332.0
1777063128.6232128,358030,10336.0
1777063143.5795918,358243,10340.0
1777063154.6876962,358391,10344.0
1777063164.0868206,358514,10348.0
1777063171.1548934,358606,10352.0
1777063178.6148925,358698,10356.0
1777063190.3988683,358863,10360.0
1777063197.3227305,358955,10364.0
1777063204.4909363,359045,10368.0
1777063215.2151175,359186,10372.0
1777063222.1466813,359278,10376.0
1777063229.1148746,359366,10380.0
1777063238.1746988,359486,10384.0
1777063245.290756,359576,10388.0
1777063257.3145306,359739,10392.0
1777063268.6665742,359888,10396.0
1777063275.8227174,359980,10400.0
1777063289.622497,360175,10404.0
1777063298.6308565,360293,10408.0
1777063305.614307,360385,10412.0
1777063320.6425457,360597,10416.0
1777063336.4345849,360814,10420.0
1777063343.3664594,360906,10424.0
1777063350.1980739,360996,10428.0
1777063357.2578897,361088,10432.0
1777063369.8263664,361255,10436.0
1777063386.7983017,361493,10440.0
1777063404.2416003,361738,10444.0
1777063413.07412,361858,10448.0
1777063420.6496804,361950,10452.0
1777063427.649663,362042,10456.0
1777063436.4177978,362160,10460.0
1777063443.3417807,362252,10464.0
1777063452.4416025,362370,10468.0
1777063459.3336577,362458,10472.0
1777063471.1660457,362621,10476.0
1777063484.457424,362796,10480.0
1777063497.6573718,362982,10484.0
1777063506.4013941,363102,10488.0
1777063513.7010098,363192,10492.0
1777063530.76168,363432,10496.0
1777063547.9329371,363670,10500.0
1777063557.9328158,363808,10504.0
1777063577.3368592,364078,10508.0
1777063592.6009429,364292,10512.0
1777063605.3288543,364459,10516.0
1777063622.4367876,364699,10520.0
1777063629.9206738,364791,10524.0
1777063638.7006743,364909,10528.0
1777063648.6606379,365045,10532.0
1777063672.868417,365384,10536.0
1777063688.8047152,365602,10540.0
1777063695.752386,365694,10544.0
1777063702.704395,365786,10548.0
1777063713.3883357,365932,10552.0
1777063720.8284924,366024,10556.0
1777063729.8283188,366140,10560.0
1777063741.8882487,366309,10564.0
1777063757.6038103,366522,10568.0
1777063771.1961591,366714,10572.0
1777063791.9877632,367008,10576.0
1777063807.1276383,367224,10580.0
1777063814.4477112,367316,10584.0
1777063834.3196518,367603,10588.0
1777063841.5477018,367693,10592.0
1777063848.3634894,367783,10596.0
1777063857.2636719,367903,10600.0
1777063866.0555217,368023,10604.0
1777063877.5236468,368175,10608.0
1777063884.6793816,368265,10612.0
1777063895.5955102,368413,10616.0
1777063912.9869013,368649,10620.0
1777063924.8469386,368814,10624.0
1777063935.4988093,368952,10628.0
1777063947.5908372,369117,10632.0
1777063957.854803,369255,10636.0
1777063968.2310228,369393,10640.0
1777063978.262933,369531,10644.0
1777063991.6550062,369715,10648.0
1777064002.154943,369854,10652.0
1777064021.614929,370124,10656.0
1777064032.1387367,370265,10660.0
1777064040.9387045,370385,10664.0
1777064048.2828465,370477,10668.0
1777064055.5504873,370569,10672.0
1777064062.8506644,370661,10676.0
1777064072.9585905,370797,10680.0
1777064095.0663533,371112,10684.0
1777064105.7579107,371256,10688.0
1777064113.4063702,371348,10692.0
1777064125.4982696,371513,10696.0
1777064132.4339294,371605,10700.0
1777064139.7423637,371697,10704.0
1777064148.5903409,371813,10708.0
1777064163.9738872,372026,10712.0
1777064179.334125,372239,10716.0
1777064186.0497231,372325,10720.0
1777064204.709828,372587,10724.0
1777064215.4015796,372730,10728.0
1777064234.4575455,372996,10732.0
1777064245.009684,373140,10736.0
1777064256.2696438,373291,10740.0
1777064265.2492673,373408,10744.0
1777064277.4934645,373575,10748.0
1777064284.4252496,373667,10752.0
1777064298.4528809,373860,10756.0
1777064310.325464,374025,10760.0
1777064317.1248121,374115,10764.0
1777064324.5532272,374203,10768.0
1777064338.768834,374399,10772.0
1777064354.9450665,374623,10776.0
1777064371.6208105,374861,10780.0
1777064380.6606443,374979,10784.0
1777064392.8769734,375144,10788.0
1777064401.8768861,375264,10792.0
1777064409.3526943,375354,10796.0
1777064421.304682,375517,10800.0
1777064446.644701,375879,10804.0
1777064458.4886057,376044,10808.0
1777064468.620697,376182,10812.0
1777064482.2444196,376369,10816.0
1777064489.1963966,376461,10820.0
1777064497.9884121,376581,10824.0
1777064513.3443356,376796,10828.0
1777064528.6648552,377008,10832.0
1777064540.9561746,377171,10836.0
1777064554.36408,377358,10840.0
1777064561.6480672,377448,10844.0
1777064570.579813,377565,10848.0
1777064590.3797448,377842,10852.0
1777064607.2120605,378077,10856.0
1777064614.3395405,378169,10860.0
1777064633.0793014,378431,10864.0
1777064643.9156637,378579,10868.0
1777064653.2555377,378702,10872.0
1777064660.239677,378794,10876.0
1777064673.1314504,378975,10880.0
1777064682.4997642,379095,10884.0
1777064689.6309428,379187,10888.0
1777064696.6552563,379275,10892.0
1777064703.2388349,379363,10896.0
1777064717.1628883,379548,10900.0
1777064725.862848,379666,10904.0
1777064740.3392224,379864,10908.0
1777064750.391099,380003,10912.0
1777064760.6309593,380142,10916.0
1777064775.0585778,380336,10920.0
1777064786.9068596,380501,10924.0
1777064800.650753,380688,10928.0
1777064807.8666446,380778,10932.0
1777064814.5584958,380866,10936.0
1777064821.4903033,380956,10940.0
1777064843.1986935,381265,10944.0
1777064865.7425401,381581,10948.0
1777064872.6064816,381671,10952.0
1777064887.182359,381875,10956.0
1777064894.2659266,381967,10960.0
1777064901.189839,382059,10964.0
1777064918.6664252,382303,10968.0
1777064937.6939235,382565,10972.0
1777064951.973811,382755,10976.0
1777064972.0859485,383043,10980.0
1777064979.0105753,383135,10984.0
1777064986.3939815,383225,10988.0
1777064993.5936997,383317,10992.0
1777065007.449806,383510,10996.0
1777065014.4697146,383600,11000.0
1777065028.1257815,383793,11004.0
1777065035.025763,383883,11008.0
1777065042.7335584,383975,11012.0
1777065058.0936444,384192,11016.0
1777065064.8617387,384282,11020.0
1777065076.1934867,384432,11024.0
1777065083.2378013,384524,11028.0
1777065095.2696252,384689,11032.0
1777065110.2935998,384891,11036.0
1777065117.085564,384981,11040.0
1777065123.8854637,385071,11044.0
1777065130.9854517,385161,11048.0
1777065138.245271,385253,11052.0
1777065145.2612689,385343,11056.0
1777065158.5054157,385525,11060.0
1777065167.7374427,385645,11064.0
1777065183.0774403,385860,11068.0
1777065195.3769593,386023,11072.0
1777065202.1211507,386113,11076.0
1777065209.2888563,386205,11080.0
1777065223.4127414,386398,11084.0
1777065233.6128874,386539,11088.0
1777065240.889132,386631,11092.0
1777065248.173016,386723,11096.0
1777065264.1809282,386941,11100.0
1777065275.980743,387106,11104.0
1777065291.8206277,387321,11108.0
1777065309.128702,387563,11112.0
1777065316.840701,387655,11116.0
1777065323.7564595,387743,11120.0
1777065342.49631,388008,11124.0
1777065349.080392,388096,11128.0
1777065359.0963793,388234,11132.0
1777065366.3727217,388326,11136.0
1777065373.7885566,388414,11140.0
1777065380.7324286,388506,11144.0
1777065402.0079284,388802,11148.0
1777065415.840067,388995,11152.0
1777065423.0637875,389087,11156.0
1777065437.2316957,389281,11160.0
1777065455.4918647,389543,11164.0
1777065476.3158288,389830,11168.0
1777065484.9559977,389948,11172.0
1777065501.323723,390170,11176.0
1777065518.2156935,390408,11180.0
1777065528.4594953,390543,11184.0
1777065535.591722,390633,11188.0
1777065545.81532,390770,11192.0
1777065563.4755175,391015,11196.0
1777065575.6913278,391184,11200.0
1777065594.1835053,391446,11204.0
1777065604.4434624,391584,11208.0
1777065618.8073783,391777,11212.0
1777065635.4511576,392011,11216.0
1777065649.3908286,392196,11220.0
1777065659.058808,392329,11224.0
1777065669.2829897,392465,11228.0
1777065689.742946,392757,11232.0
1777065720.2347367,393195,11236.0
1777065737.5946896,393433,11240.0
1777065749.386685,393598,11244.0
1777065756.5345988,393690,11248.0
1777065768.8946936,393857,11252.0
1777065785.6184993,394090,11256.0
1777065792.6025963,394180,11260.0
1777065799.2703764,394268,11264.0
1777065815.8945162,394506,11268.0
1777065830.418109,394699,11272.0
1777065843.9699152,394885,11276.0
1777065859.6458735,395103,11280.0
1777065868.3023946,395221,11284.0
1777065881.9540281,395402,11288.0
1777065891.046169,395526,11292.0
1777065904.745948,395719,11296.0
1777065915.7696497,395868,11300.0
1777065930.7616231,396081,11304.0
1777065937.6617725,396169,11308.0
1777065949.8376825,396334,11312.0
1777065974.829248,396690,11316.0
1777065988.8376298,396884,11320.0
1777066005.9895535,397123,11324.0
1777066020.8970191,397334,11328.0
1777066031.1053784,397473,11332.0
1777066042.9728978,397638,11336.0
1777066060.1808248,397878,11340.0
1777066067.5810094,397970,11344.0
1777066076.4408054,398087,11348.0
1777066090.2973914,398282,11352.0
1777066107.348972,398522,11356.0
1777066119.340884,398689,11360.0
1777066126.6409643,398781,11364.0
1777066141.4326916,398992,11368.0
1777066152.2406878,399133,11372.0
1777066168.9887345,399366,11376.0
1777066186.4645045,399604,11380.0
1777066209.6565921,399940,11384.0
1777066223.8486328,400132,11388.0
1777066239.0243006,400345,11392.0
1777066258.0838797,400610,11396.0
1777066265.284173,400702,11400.0
1777066274.1239898,400818,11404.0
1777066281.2078943,400908,11408.0
1777066288.2918184,400998,11412.0
1777066303.6322975,401208,11416.0
1777066323.876011,401496,11420.0
1777066344.0997615,401780,11424.0
1777066358.6597154,401981,11428.0
1777066369.119677,402117,11432.0
1777066377.8996506,402237,11436.0
1777066386.883775,402357,11440.0
1777066397.359691,402493,11444.0
1777066407.7595012,402634,11448.0
1777066414.6675959,402724,11452.0
1777066427.5595765,402891,11456.0
1777066444.4114764,403129,11460.0
1777066459.9190965,403344,11464.0
1777066473.0794673,403530,11468.0
1777066487.3349679,403725,11472.0
1777066504.4032829,403965,11476.0
1777066527.4786158,404288,11480.0
1777066534.1347601,404376,11484.0
1777066554.0032156,404649,11488.0
1777066562.7467208,404768,11492.0
1777066573.3268657,404906,11496.0
1777066580.3707519,404998,11500.0
1777066595.3627608,405211,11504.0
1777066604.378486,405331,11508.0
1777066616.486463,405498,11512.0
1777066623.7026324,405590,11516.0
1777066633.622545,405723,11520.0
1777066642.2784715,405841,11524.0
1777066657.5385418,406052,11528.0
1777066670.1224074,406221,11532.0
1777066681.8978226,406384,11536.0
1777066688.4619913,406470,11540.0
1777066712.3700035,406810,11544.0
1777066728.5620775,407031,11548.0
1777066746.9378362,407292,11552.0
1777066761.3817365,407488,11556.0
1777066773.4977639,407653,11560.0
1777066782.2054398,407769,11564.0
1777066799.2817001,408012,11568.0
1777066815.2292304,408230,11572.0
1777066826.1214895,408377,11576.0
1777066833.3412004,408469,11580.0
1777066840.2657344,408561,11584.0
1777066847.9656415,408651,11588.0
1777066871.2048883,408982,11592.0
1777066881.9649096,409122,11596.0
1777066898.7247741,409357,11600.0
1777066917.3731952,409619,11604.0
1777066931.3654823,409817,11608.0
1777066938.7249591,409909,11612.0
1777066945.924747,409999,11616.0
1777066965.6327415,410272,11620.0
1777066984.6087594,410544,11624.0
1777066994.084926,410665,11628.0
1777067003.184722,410785,11632.0
1777067015.0326083,410950,11636.0
1777067032.3086264,411188,11640.0
1777067047.4530926,411403,11644.0
1777067069.8448343,411716,11648.0
1777067079.9926705,411857,11652.0
1777067092.300679,412023,11656.0
1777067112.628261,412312,11660.0
1777067119.5763552,412404,11664.0
1777067126.7005372,412494,11668.0
1777067135.752366,412612,11672.0
1777067148.1444106,412779,11676.0
1777067171.3519537,413110,11680.0
1777067178.4522007,413198,11684.0
1777067187.643916,413318,11688.0
1777067197.9118178,413456,11692.0
1777067211.8040252,413643,11696.0
1777067220.919935,413766,11700.0
1777067232.9439213,413927,11704.0
1777067246.6519144,414114,11708.0
1777067264.111513,414359,11712.0
1777067276.211735,414522,11716.0
1777067283.3356948,414614,11720.0
1777067290.3198912,414706,11724.0
1777067300.6476285,414841,11728.0
1777067307.7279136,414931,11732.0
1777067318.0636363,415070,11736.0
1777067328.387632,415208,11740.0
1777067337.0555906,415326,11744.0
1777067347.3475246,415464,11748.0
1777067363.231719,415681,11752.0
1777067372.4394662,415803,11756.0
1777067379.3035514,415891,11760.0
1777067393.77941,416090,11764.0
1777067400.9953737,416182,11768.0
1777067409.8553896,416302,11772.0
1777067417.3548555,416392,11776.0
1777067428.3156755,416538,11780.0
1777067445.5553215,416780,11784.0
1777067457.2553616,416944,11788.0
1777067473.6313975,417175,11792.0
1777067486.906695,417363,11796.0
1777067494.2071784,417455,11800.0
1777067506.5308647,417620,11804.0
1777067516.6466284,417758,11808.0
1777067537.274897,418050,11812.0
1777067549.5666344,418215,11816.0
1777067556.5306401,418305,11820.0
1777067574.9746866,418562,11824.0
1777067588.4505277,418749,11828.0
1777067603.9502716,418964,11832.0
1777067623.6063032,419237,11836.0
1777067638.766516,419452,11840.0
1777067655.2586436,419684,11844.0
1777067665.1898339,419821,11848.0
1777067674.1017523,419939,11852.0
1777067683.1338193,420059,11856.0
1777067693.2940512,420198,11860.0
1777067711.5498035,420460,11864.0
1777067718.7860575,420552,11868.0
1777067732.3258693,420738,11872.0
1777067746.0258098,420919,11876.0
1777067761.4019382,421132,11880.0
1777067768.3258224,421224,11884.0
1777067778.6619585,421362,11888.0
1777067797.7335095,421635,11892.0
1777067824.3776815,422015,11896.0
1777067831.1857271,422103,11900.0
1777067852.0616283,422399,11904.0
1777067859.0294137,422489,11908.0
1777067869.6372693,422628,11912.0
1777067878.6856694,422748,11916.0
1777067894.4457216,422963,11920.0
1777067906.444926,423131,11924.0
1777067919.004938,423305,11928.0
1777067926.561133,423397,11932.0
1777067935.660944,423517,11936.0
1777067942.3769512,423605,11940.0
1777067966.7207055,423952,11944.0
1777067977.0448143,424094,11948.0
1777067984.1447206,424184,11952.0
1777067990.8966618,424274,11956.0
1777068006.4526825,424490,11960.0
1777068028.6126544,424804,11964.0
1777068044.47266,425021,11968.0
1777068053.2126882,425139,11972.0
1777068060.2286384,425227,11976.0
1777068067.4487963,425319,11980.0
1777068074.5565488,425409,11984.0
1777068081.5723677,425501,11988.0
1777068099.732445,425756,11992.0
1777068110.8398778,425902,11996.0
1777068128.2558854,426151,12000.0
1777068140.6318092,426315,12004.0
1777068155.6877933,426528,12008.0
1777068166.523928,426667,12012.0
1777068178.5998743,426833,12016.0
1777068197.1559892,427091,12020.0
1777068210.7557843,427283,12024.0
1777068219.7477589,427401,12028.0
1777068232.1317203,427566,12032.0
1777068244.891891,427745,12036.0
1777068254.1472938,427861,12040.0
1777068267.1316686,428042,12044.0
1777068274.4076252,428134,12048.0
1777068291.875567,428371,12052.0
1777068303.9315996,428539,12056.0
1777068314.4832578,428675,12060.0
1777068323.2748923,428795,12064.0
1777068330.423385,428885,12068.0
1777068337.2989028,428975,12072.0
1777068344.9675107,429067,12076.0
1777068351.899002,429157,12080.0
1777068363.958828,429326,12084.0
1777068379.8348064,429541,12088.0
1777068395.298939,429755,12092.0
1777068410.9907541,429968,12096.0
1777068427.7187526,430201,12100.0
1777068446.394564,430463,12104.0
1777068468.4027433,430774,12108.0
1777068475.634777,430866,12112.0
1777068487.9266708,431035,12116.0
1777068502.5706983,431236,12120.0
1777068512.5705287,431374,12124.0
1777068531.7423658,431641,12128.0
1777068541.8019502,431779,12132.0
1777068550.5700617,431899,12136.0
1777068566.1098514,432110,12140.0
1777068573.0459301,432202,12144.0
1777068594.1018674,432495,12148.0
1777068607.9618878,432687,12152.0
1777068624.2376792,432913,12156.0
1777068636.8019297,433084,12160.0
1777068644.0457149,433176,12164.0
1777068672.2697363,433581,12168.0
1777068683.0135667,433720,12172.0
1777068691.977514,433840,12176.0
1777068700.9057019,433959,12180.0
1777068711.3056417,434097,12184.0
1777068718.269477,434187,12188.0
1777068725.5455184,434279,12192.0
1777068732.8454852,434371,12196.0
1777068740.437439,434463,12200.0
1777068747.2374976,434553,12204.0
1777068757.5889275,434691,12208.0
1777068775.4653227,434934,12212.0
1777068795.2487166,435208,12216.0
1777068803.94882,435326,12220.0
1777068821.2046475,435573,12224.0
1777068840.1409671,435837,12228.0
1777068848.864639,435957,12232.0
1777068861.3567429,436124,12236.0
1777068868.504702,436216,12240.0
1777068880.2405844,436380,12244.0
1777068892.4486303,436543,12248.0
1777068902.756677,436683,12252.0
1777068909.9246697,436775,12256.0
1777068928.516548,437034,12260.0
1777068948.9246993,437326,12264.0
1777068967.3326395,437588,12268.0
1777068985.024085,437836,12272.0
1777068998.7397044,438023,12276.0
1777069009.8841317,438171,12280.0
1777069021.6840703,438336,12284.0
1777069040.607784,438601,12288.0
1777069050.7314036,438738,12292.0
1777069057.5437121,438828,12296.0
1777069067.2756941,438949,12300.0
1777069075.9757392,439067,12304.0
1777069082.7076862,439157,12308.0
1777069099.9272397,439395,12312.0
1777069118.742805,439662,12316.0
1777069129.4987981,439802,12320.0
1777069147.8908021,440066,12324.0
1777069162.042706,440254,12328.0
1777069177.118818,440463,12332.0
1777069186.4107385,440583,12336.0
1777069196.6586404,440723,12340.0
1777069218.5024903,441033,12344.0
1777069230.810206,441200,12348.0
1777069240.8104315,441334,12352.0
1777069260.141958,441605,12356.0
1777069270.2939072,441743,12360.0
1777069279.441594,441863,12364.0
1777069294.6178195,442078,12368.0
1777069310.425667,442291,12372.0
1777069325.9774659,442509,12376.0
1777069333.2376485,442601,12380.0
1777069348.7094467,442814,12384.0
1777069371.5688791,443140,12388.0
1777069390.5292068,443409,12392.0
1777069402.8526886,443576,12396.0
1777069426.5688841,443913,12400.0
1777069433.5127037,444005,12404.0
1777069455.4540458,444318,12408.0
1777069469.7602942,444513,12412.0
1777069488.8365963,444773,12416.0
1777069499.0524638,444909,12420.0
1777069507.8725681,445029,12424.0
1777069522.2279327,445223,12428.0
1777069541.871836,445505,12432.0
1777069549.2357953,445597,12436.0
1777069559.863902,445745,12440.0
1777069566.679826,445835,12444.0
1777069577.3040485,445974,12448.0
1777069597.8640184,446264,12452.0
1777069607.3318174,446385,12456.0
1777069629.3037596,446698,12460.0
1777069644.4796565,446909,12464.0
1777069673.1156394,447317,12468.0
1777069692.454893,447589,12472.0
1777069704.923007,447756,12476.0
1777069713.7308047,447876,12480.0
1777069735.7069998,448186,12484.0
1777069746.006957,448324,12488.0
1777069754.7309315,448442,12492.0
1777069767.6466866,448619,12496.0
1777069782.4228203,448825,12500.0
1777069795.950692,449008,12504.0
1777069807.5827932,449171,12508.0
1777069818.0904834,449309,12512.0
1777069830.1424682,449476,12516.0
1777069854.373968,449815,12520.0
1777069877.649844,450147,12524.0
1777069901.7259138,450493,12528.0
1777069913.2743442,450642,12532.0
1777069927.5177016,450838,12536.0
1777069939.7258515,451002,12540.0
1777069963.0497658,451340,12544.0
1777069984.2938843,451634,12548.0
1777069994.8017433,451775,12552.0
1777070009.1494684,451968,12556.0
1777070025.409515,452196,12560.0
1777070035.716922,452332,12564.0
1777070047.7531178,452497,12568.0
1777070056.493284,452615,12572.0
1777070078.1008666,452926,12576.0
1777070085.3848746,453018,12580.0
1777070092.4008172,453108,12584.0
1777070113.4608912,453413,12588.0
1777070123.9369113,453551,12592.0
1777070134.2365518,453690,12596.0
1777070144.9286387,453839,12600.0
1777070154.1443267,453959,12604.0
1777070161.0847204,454051,12608.0
1777070173.5047593,454221,12612.0
1777070181.0607069,454311,12616.0
1777070199.6203995,454576,12620.0
1777070208.5683756,454694,12624.0
1777070222.8121743,454892,12628.0
1777070241.4357936,455151,12632.0
1777070256.7363243,455363,12636.0
1777070271.511741,455563,12640.0
1777070292.4357896,455865,12644.0
1777070321.939717,456285,12648.0
1777070331.4397836,456405,12652.0
1777070343.2479951,456570,12656.0
1777070358.4636796,456781,12660.0
1777070374.003568,457001,12664.0
1777070382.9631934,457119,12668.0
1777070402.4395454,457388,12672.0
1777070411.3876388,457510,12676.0
1777070420.26284,457628,12680.0
1777070440.739111,457923,12684.0
1777070449.9067786,458039,12688.0
1777070460.7467537,458187,12692.0
1777070467.7627485,458279,12696.0
1777070478.4309387,458419,12700.0
1777070485.374845,458511,12704.0
1777070513.9307013,458921,12708.0
1777070529.758716,459146,12712.0
1777070540.4065926,459285,12716.0
1777070547.1986926,459375,12720.0
1777070557.1667664,459512,12724.0
1777070572.706559,459724,12728.0
1777070588.3984892,459941,12732.0
1777070605.1064906,460174,12736.0
1777070621.8739953,460412,12740.0
1777070635.0342584,460591,12744.0
1777070644.057822,460711,12748.0
1777070652.7899253,460831,12752.0
1777070660.2020764,460921,12756.0
1777070667.081977,461009,12760.0
1777070680.681902,461201,12764.0
1777070690.1576433,461321,12768.0
1777070700.8937128,461467,12772.0
1777070711.3655732,461611,12776.0
1777070725.977694,461809,12780.0
1777070739.7096438,462003,12784.0
1777070749.0696647,462123,12788.0
1777070765.3094707,462350,12792.0
1777070773.8614502,462467,12796.0
1777070794.7853632,462762,12800.0
1777070801.7172964,462854,12804.0
1777070812.8614655,463004,12808.0
1777070820.0608017,463096,12812.0
1777070832.1008997,463263,12816.0
1777070839.792873,463355,12820.0
1777070846.7608428,463447,12824.0
1777070853.928942,463539,12828.0
1777070870.3209565,463762,12832.0
1777070878.884944,463878,12836.0
1777070890.076907,464029,12840.0
1777070908.9046695,464292,12844.0
1777070926.2287774,464534,12848.0
1777070935.4448025,464650,12852.0
1777070949.3526447,464847,12856.0
1777070966.6605325,465085,12860.0
1777070975.480529,465205,12864.0
1777070991.3524525,465421,12868.0
1777071002.4359744,465575,12872.0
1777071020.6117005,465821,12876.0
1777071028.0039916,465913,12880.0
1777071034.6718497,466001,12884.0
1777071046.8558137,466168,12888.0
1777071064.9636564,466413,12892.0
1777071079.4035695,466610,12896.0
1777071099.563732,466900,12900.0
1777071118.3876925,467164,12904.0
1777071136.8317795,467428,12908.0
1777071149.5875185,467599,12912.0
1777071165.0555418,467814,12916.0
1777071172.5315962,467906,12920.0
1777071181.3476431,468026,12924.0
1777071203.2390127,468337,12928.0
1777071220.7475858,468582,12932.0
1777071241.4067755,468871,12936.0
1777071254.2467175,469048,12940.0
1777071264.4228456,469186,12944.0
1777071279.8067276,469399,12948.0
1777071289.0308585,469519,12952.0
1777071296.298719,469611,12956.0
1777071312.0747426,469832,12960.0
1777071334.8665502,470156,12964.0
1777071345.6665485,470300,12968.0
1777071353.2421844,470392,12972.0
1777071360.1904643,470484,12976.0
1777071369.2906141,470604,12980.0
1777071384.8665516,470818,12984.0
1777071406.6417992,471129,12988.0
1777071421.4339116,471330,12992.0
1777071430.4940124,471450,12996.0
1777071449.4939656,471713,13000.0
1777071458.2857978,471833,13004.0
1777071470.8097925,471997,13008.0
1777071479.5776622,472117,13012.0
1777071496.0857294,472349,13016.0
1777071510.7016735,472546,13020.0
1777071523.8936603,472732,13024.0
1777071538.269607,472926,13028.0
1777071552.53356,473124,13032.0
1777071561.6934197,473244,13036.0
1777071570.893292,473364,13040.0
1777071577.8174121,473456,13044.0
1777071585.0174797,473546,13048.0
1777071592.7011461,473638,13052.0
1777071599.5929883,473728,13056.0
1777071610.560863,473874,13060.0
1777071632.584679,474187,13064.0
1777071645.9607275,474376,13068.0
1777071671.1687484,474736,13072.0
1777071682.2969086,474882,13076.0
1777071694.228612,475049,13080.0
1777071702.8206792,475166,13084.0
1777071713.2687666,475307,13088.0
1777071720.4606974,475399,13092.0
1777071731.3127239,475547,13096.0
1777071744.9722533,475731,13100.0
1777071756.96453,475899,13104.0
1777071763.8445318,475991,13108.0
1777071775.3799891,476139,13112.0
1777071784.2717783,476259,13116.0
1777071797.7477803,476444,13120.0
1777071810.9960191,476623,13124.0
1777071830.2203398,476890,13128.0
1777071846.9317389,477128,13132.0
1777071855.7957673,477248,13136.0
1777071868.22362,477418,13140.0
1777071883.479713,477635,13144.0
1777071891.0315473,477727,13148.0
1777071902.8396645,477891,13152.0
1777071910.1237628,477983,13156.0
1777071920.180001,478119,13160.0
1777071928.979731,478239,13164.0
1777071935.9476,478331,13168.0
1777071946.623512,478479,13172.0
1777071954.1237118,478569,13176.0
1777071961.3154144,478661,13180.0
1777071980.1068985,478925,13184.0
1777071995.5390713,479145,13188.0
1777072005.5828385,479281,13192.0
1777072014.9828372,479401,13196.0
1777072036.4752364,479709,13200.0
1777072046.6307228,479847,13204.0
1777072055.714745,479967,13208.0
1777072075.8990014,480248,13212.0
1777072096.1147003,480539,13216.0
1777072103.4907117,480631,13220.0
1777072120.8823426,480880,13224.0
1777072129.8505585,480998,13228.0
1777072141.81057,481165,13232.0
1777072155.273945,481354,13236.0
1777072172.5179086,481594,13240.0
1777072181.3098147,481714,13244.0
1777072190.4178832,481832,13248.0
1777072203.6178656,482013,13252.0
1777072210.849697,482105,13256.0
1777072217.9338248,482197,13260.0
1777072225.0939987,482287,13264.0
1777072237.9777262,482465,13268.0
1777072245.1858761,482557,13272.0
1777072267.1259356,482865,13276.0
1777072283.8176875,483093,13280.0
1777072296.817501,483276,13284.0
1777072303.6099055,483366,13288.0
1777072319.053597,483581,13292.0
1777072326.085179,483673,13296.0
1777072334.953623,483793,13300.0
1777072344.1092892,483911,13304.0
1777072353.0614638,484029,13308.0
1777072365.720903,484205,13312.0
1777072383.3928258,484450,13316.0
1777072395.2288384,484616,13320.0
1777072413.8208425,484874,13324.0
1777072423.8770084,485012,13328.0
1777072433.036942,485132,13332.0
1777072442.0689967,485252,13336.0
1777072452.9686127,485403,13340.0
1777072459.7689126,485493,13344.0
1777072475.6286669,485707,13348.0
1777072492.6729212,485942,13352.0
1777072503.0526755,486086,13356.0
1777072513.5127103,486226,13360.0
1777072524.0366833,486367,13364.0
1777072532.7206078,486485,13368.0
1777072539.6724746,486577,13372.0
1777072555.464447,486790,13376.0
1777072570.7399518,487006,13380.0
1777072580.620454,487142,13384.0
1777072592.7483644,487305,13388.0
1777072609.4239228,487540,13392.0
1777072625.0879881,487757,13396.0
1777072634.979814,487894,13400.0
1777072642.315735,487986,13404.0
1777072659.1717496,488226,13408.0
1777072668.3318045,488346,13412.0
1777072682.615791,488540,13416.0
1777072698.3396297,488758,13420.0
1777072712.3153691,488951,13424.0
1777072728.8236685,489182,13428.0
1777072738.4234176,489300,13432.0
1777072748.915112,489441,13436.0
1777072755.88321,489531,13440.0
1777072768.0068154,489696,13444.0
1777072793.050787,490052,13448.0
1777072809.0591269,490275,13452.0
1777072819.3069901,490413,13456.0
1777072836.6829455,490651,13460.0
1777072843.61473,490743,13464.0
1777072853.142782,490863,13468.0
1777072860.12671,490955,13472.0
1777072868.8667853,491075,13476.0
1777072882.6673336,491266,13480.0
1777072891.3585777,491384,13484.0
1777072907.7425487,491617,13488.0
1777072918.1344335,491755,13492.0
1777072929.6422966,491916,13496.0
1777072940.4946017,492063,13500.0
1777072956.0859418,492278,13504.0
1777072966.5342686,492419,13508.0
1777072982.042463,492632,13512.0
1777073001.8859231,492915,13516.0
1777073019.0936103,493153,13520.0
1777073034.38613,493365,13524.0
1777073053.97772,493643,13528.0
1777073060.8618512,493735,13532.0
1777073072.9176528,493902,13536.0
1777073086.6176808,494091,13540.0
1777073097.577794,494238,13544.0
1777073122.5379534,494596,13548.0
1777073132.845349,494736,13552.0
1777073145.1615267,494903,13556.0
1777073161.2697496,495122,13560.0
1777073175.2616498,495320,13564.0
1777073182.0615394,495410,13568.0
1777073212.8973238,495850,13572.0
1777073223.2816775,495992,13576.0
1777073235.3368952,496157,13580.0
1777073244.0053682,496275,13584.0
1777073253.264906,496392,13588.0
1777073260.5655198,496484,13592.0
1777073280.5053558,496767,13596.0
1777073292.8570137,496933,13600.0
1777073305.964945,497112,13604.0
1777073315.1569304,497232,13608.0
1777073325.2050443,497371,13612.0
1777073334.4649,497493,13616.0
1777073355.65664,497789,13620.0
1777073380.996699,498152,13624.0
1777073401.6087723,498442,13628.0
1777073413.4727216,498605,13632.0
1777073432.832549,498875,13636.0
1777073439.640606,498965,13640.0
1777073446.4407182,499055,13644.0
1777073470.016621,499384,13648.0
1777073495.47651,499750,13652.0
1777073528.7764294,500227,13656.0
1777073551.4683313,500542,13660.0
1777073561.4597323,500680,13664.0
1777073570.4439754,500798,13668.0
1777073598.3077998,501197,13672.0
1777073613.9437323,501408,13676.0
1777073627.4197674,501592,13680.0
1777073634.3516538,501684,13684.0
1777073642.0916555,501776,13688.0
1777073655.4117527,501962,13692.0
1777073669.4516802,502152,13696.0
1777073685.7116833,502382,13700.0
1777073707.9676762,502695,13704.0
1777073720.1114733,502863,13708.0
1777073730.9114764,503001,13712.0
1777073741.9714026,503149,13716.0
1777073751.887465,503283,13720.0
1777073774.1273034,503598,13724.0
1777073800.9469695,503976,13728.0
1777073811.5949361,504122,13732.0
1777073828.455068,504355,13736.0
1777073845.6790605,504597,13740.0
1777073859.8467574,504794,13744.0
1777073867.138888,504886,13748.0
1777073881.5307205,505083,13752.0
1777073893.3306563,505247,13756.0
1777073905.9547734,505418,13760.0
1777073918.0388465,505586,13764.0
1777073928.5467043,505732,13768.0
1777073940.2986965,505887,13772.0
1777073952.2385216,506053,13776.0
1777073959.0826557,506141,13780.0
1777073966.1626613,506231,13784.0
1777073985.4544322,506507,13788.0
1777074007.4299397,506817,13792.0
1777074030.0904427,507138,13796.0
1777074042.250438,507301,13800.0
1777074056.3298812,507496,13804.0
1777074070.7577875,507694,13808.0
1777074089.5658522,507960,13812.0
1777074103.0417452,508150,13816.0
1777074113.8056898,508294,13820.0
1777074129.6182525,508513,13824.0
1777074136.5817103,508603,13828.0
1777074147.3737118,508741,13832.0
1777074164.6496754,508986,13836.0
1777074174.8655481,509124,13840.0
1777074196.773689,509434,13844.0
1777074205.4337044,509552,13848.0
1777074217.5494123,509719,13852.0
1777074247.7173865,510154,13856.0
1777074270.2771518,510476,13860.0
1777074285.2687247,510689,13864.0
1777074300.6849444,510900,13868.0
1777074313.8607395,511081,13872.0
1777074320.992764,511171,13876.0
1777074337.1847537,511392,13880.0
1777074358.7287338,511702,13884.0
1777074377.2847457,511961,13888.0
1777074387.5127213,512102,13892.0
1777074403.2286406,512315,13896.0
1777074416.5847294,512502,13900.0
1777074437.3605754,512793,13904.0
1777074447.552385,512934,13908.0
1777074464.452269,513169,13912.0
1777074478.0285084,513356,13916.0
1777074494.0879674,513572,13920.0
1777074509.1959383,513786,13924.0
1777074523.263896,513975,13928.0
1777074535.5197823,514142,13932.0
1777074549.2480047,514329,13936.0
1777074566.5797174,514571,13940.0
1777074578.8037817,514734,13944.0
1777074589.531984,514880,13948.0
1777074607.2474494,515124,13952.0
1777074623.5556097,515351,13956.0
1777074633.8635836,515487,13960.0
1777074642.563625,515605,13964.0
1777074653.2876427,515754,13968.0
1777074660.623669,515846,13972.0
1777074667.8553994,515938,13976.0
1777074679.3630993,516099,13980.0
1777074707.1710076,516498,13984.0
1777074727.782859,516791,13988.0
1777074746.1554163,517056,13992.0
1777074765.0147932,517320,13996.0
1777074776.6907096,517483,14000.0
1777074791.930758,517694,14004.0
1777074801.9987743,517833,14008.0
1777074817.890702,518048,14012.0
1777074838.3347013,518337,14016.0
1777074859.5068078,518631,14020.0
1777074876.1666856,518864,14024.0
1777074894.9904323,519129,14028.0
1777074915.8338122,519423,14032.0
1777074925.966491,519564,14036.0
1777074937.094028,519712,14040.0
1777074947.8939292,519862,14044.0
1777074957.0339422,519982,14048.0
1777074968.34975,520128,14052.0
1777074980.7780397,520296,14056.0
1777074998.549852,520545,14060.0
1777075016.9937108,520809,14064.0
1777075043.985781,521192,14068.0
1777075058.5611963,521387,14072.0
1777075070.9616597,521555,14076.0
1777075087.8374565,521789,14080.0
1777075099.6932566,521954,14084.0
1777075118.4853935,522217,14088.0
1777075132.4532194,522409,14092.0
1777075146.960793,522608,14096.0
1777075166.704979,522890,14100.0
1777075173.9608102,522982,14104.0
1777075186.0289588,523151,14108.0
1777075203.1207635,523388,14112.0
1777075232.20441,523804,14116.0
1777075245.7207897,523989,14120.0
1777075252.3888903,524077,14124.0
1777075272.7805417,524367,14128.0
1777075281.8045025,524489,14132.0
1777075292.3723953,524629,14136.0
1777075309.5639336,524873,14140.0
1777075334.1558135,525220,14144.0
1777075341.1318958,525312,14148.0
1777075369.7238257,525724,14152.0
1777075387.379763,525965,14156.0
1777075409.7077293,526282,14160.0
1777075432.199935,526603,14164.0
1777075443.2916882,526751,14168.0
1777075464.5316908,527058,14172.0
1777075476.9474995,527227,14176.0
1777075491.875511,527433,14180.0
1777075507.9674485,527656,14184.0
1777075521.1748562,527839,14188.0
1777075541.51477,528125,14192.0
1777075560.2749577,528390,14196.0
1777075581.5349612,528682,14200.0
1777075613.690765,529145,14204.0
1777075635.8827605,529455,14208.0
1777075651.0266304,529667,14212.0
1777075667.0026126,529887,14216.0
1777075691.310528,530227,14220.0
1777075705.0020072,530420,14224.0
1777075720.450525,530633,14228.0
1777075736.1778846,530853,14232.0
1777075745.3177757,530973,14236.0
1777075752.5499446,531065,14240.0
1777075759.3503034,531155,14244.0
1777075769.4258935,531295,14248.0
1777075778.6417272,531413,14252.0
1777075790.754148,531580,14256.0
1777075804.6935594,531767,14260.0
1777075827.6854992,532099,14264.0
1777075842.169705,532298,14268.0
1777075857.6775243,532517,14272.0
1777075870.369694,532684,14276.0
1777075883.9455125,532873,14280.0
1777075899.237306,533086,14284.0
1777075909.9688907,533234,14288.0
1777075931.0608711,533528,14292.0
1777075944.5048459,533715,14296.0
1777075964.2530062,533992,14300.0
1777075978.112878,534188,14304.0
1777075987.3727193,534308,14308.0
1777076004.252695,534544,14312.0
1777076016.6447568,534710,14316.0
1777076027.4726768,534858,14320.0
1777076044.9047241,535102,14324.0
1777076065.2967842,535393,14328.0
1777076084.0042634,535655,14332.0
1777076097.880512,535847,14336.0
1777076121.6240478,536177,14340.0
1777076143.9159672,536493,14344.0
1777076157.6240296,536682,14348.0
1777076178.0799146,536965,14352.0
1777076195.7560916,537211,14356.0
1777076207.6996863,537374,14360.0
1777076226.6996822,537641,14364.0
1777076235.4395711,537759,14368.0
1777076250.499707,537972,14372.0
1777076271.3074212,538262,14376.0
1777076292.099584,538551,14380.0
1777076311.8436363,538835,14384.0
1777076326.106876,539026,14388.0
1777076340.6508465,539229,14392.0
1777076352.974997,539396,14396.0
1777076366.6269088,539585,14400.0
1777076380.7831337,539782,14404.0
1777076395.9428926,539993,14408.0
1777076408.5909712,540161,14412.0
1777076417.35057,540279,14416.0
1777076426.0827386,540399,14420.0
1777076433.3748703,540491,14424.0
1777076442.194653,540611,14428.0
1777076460.7026796,540871,14432.0
1777076472.678679,541038,14436.0
1777076492.970619,541325,14440.0
1777076503.6344957,541473,14444.0
1777076514.4785416,541624,14448.0
1777076521.742176,541716,14452.0
1777076529.525914,541808,14456.0
1777076539.5699275,541946,14460.0
1777076551.4339523,542112,14464.0
1777076573.2023013,542417,14468.0
1777076585.7379956,542585,14472.0
1777076596.7460346,542736,14476.0
1777076608.7940433,542905,14480.0
1777076628.5016656,543184,14484.0
1777076637.4457016,543304,14488.0
1777076653.2536802,543520,14492.0
1777076664.3213255,543671,14496.0
1777076677.6455991,543850,14500.0
1777076700.8690815,544186,14504.0
1777076718.681494,544439,14508.0
1777076746.0054317,544829,14512.0
1777076753.1208386,544919,14516.0
1777076768.6289604,545130,14520.0
1777076786.088982,545380,14524.0
1777076809.8289087,545710,14528.0
1777076833.496837,546042,14532.0
1777076848.8965323,546256,14536.0
1777076873.0045974,546595,14540.0
1777076903.2087164,547028,14544.0
1777076921.9323792,547292,14548.0
1777076937.5404053,547512,14552.0
1777076951.80841,547704,14556.0
1777076967.5318947,547922,14560.0
1777076986.2398274,548186,14564.0
1777076999.7004998,548375,14568.0
1777077012.9002168,548553,14572.0
1777077022.9917767,548692,14576.0
1777077043.5995169,548981,14580.0
1777077053.731607,549121,14584.0
1777077067.707834,549312,14588.0
1777077076.707741,549430,14592.0
1777077087.651708,549581,14596.0
1777077098.4918172,549719,14600.0
1777077114.1595187,549942,14604.0
1777077124.4675725,550078,14608.0
1777077141.474963,550320,14612.0
1777077165.6670144,550661,14616.0
1777077180.7953875,550875,14620.0
1777077208.5030115,551270,14624.0
1777077232.6947293,551609,14628.0
1777077246.6707659,551801,14632.0
1777077259.402941,551980,14636.0
1777077274.6024559,552186,14640.0
1777077296.5345914,552503,14644.0
1777077310.094678,552683,14648.0
1777077326.118741,552907,14652.0
1777077339.086711,553082,14656.0
1777077355.0627766,553310,14660.0
1777077372.3865442,553552,14664.0
1777077385.8464434,553736,14668.0
1777077398.6064224,553905,14672.0
1777077413.7542963,554119,14676.0
1777077425.761826,554280,14680.0
1777077452.0897777,554663,14684.0
1777077471.046016,554929,14688.0
1777077479.9979734,555048,14692.0
1777077500.5899417,555340,14696.0
1777077514.945837,555535,14700.0
1777077533.273907,555797,14704.0
1777077549.3818436,556014,14708.0
1777077563.54983,556211,14712.0
1777077580.1336622,556441,14716.0
1777077592.533636,556610,14720.0
1777077609.3733473,556843,14724.0
1777077616.5736673,556933,14728.0
1777077627.2975168,557082,14732.0
1777077638.4652078,557227,14736.0
1777077654.6249154,557456,14740.0
1777077681.532842,557841,14744.0
1777077698.4852872,558070,14748.0
1777077714.8170054,558297,14752.0
1777077723.6663468,558415,14756.0
1777077747.0490115,558744,14760.0
1777077762.732704,558958,14764.0
1777077777.6406913,559170,14768.0
1777077792.2526739,559365,14772.0
1777077799.38438,559457,14776.0
1777077809.2605991,559593,14780.0
1777077825.968682,559826,14784.0
1777077841.6363392,560047,14788.0
1777077856.3285434,560245,14792.0
1777077867.1284952,560393,14796.0
1777077889.0762737,560704,14800.0
1777077899.0758212,560842,14804.0
1777077911.436469,561008,14808.0
1777077923.4359555,561174,14812.0
1777077941.0961282,561417,14816.0
1777077970.0280056,561831,14820.0
1777077982.779631,562010,14824.0
1777078013.463587,562451,14828.0
1777078034.919472,562754,14832.0
1777078058.247447,563080,14836.0
1777078072.4195554,563275,14840.0
1777078086.271422,563463,14844.0
1777078104.4475238,563724,14848.0
1777078123.1389453,563984,14852.0
1777078138.7629333,564201,14856.0
1777078155.4548094,564429,14860.0
1777078170.9147446,564649,14864.0
1777078178.2148292,564739,14868.0
1777078197.338791,565008,14872.0
1777078218.9827392,565316,14876.0
1777078228.0467343,565435,14880.0
1777078261.446481,565918,14884.0
1777078282.1903555,566205,14888.0
1777078304.0985177,566512,14892.0
1777078326.0584779,566816,14896.0
1777078342.9144425,567054,14900.0
1777078353.5746005,567202,14904.0
1777078367.8258967,567398,14908.0
1777078379.9338186,567567,14912.0
1777078387.3984764,567659,14916.0
1777078394.3898273,567747,14920.0
1777078404.5258973,567887,14924.0
1777078426.449801,568199,14928.0
1777078444.3094566,568452,14932.0
1777078462.6496584,568707,14936.0
1777078469.7856376,568797,14940.0
1777078478.9417672,568917,14944.0
1777078493.1573477,569116,14948.0
1777078511.0496192,569363,14952.0
1777078517.9257486,569453,14956.0
1777078534.725487,569691,14960.0
1777078551.2536638,569921,14964.0
1777078567.8776474,570148,14968.0
1777078578.7689798,570300,14972.0
1777078591.985016,570487,14976.0
1777078609.7447429,570731,14980.0
1777078626.4018464,570969,14984.0
1777078633.7366867,571061,14988.0
1777078659.3047712,571424,14992.0
1777078680.2972803,571721,14996.0
1777078689.5447361,571842,15000.0
1777078712.6366284,572175,15004.0
1777078729.9445739,572412,15008.0
1777078747.6645179,572656,15012.0
1777078756.4805167,572774,15016.0
1777078773.964607,573021,15020.0
1777078787.0043812,573197,15024.0
1777078799.5117838,573368,15028.0
1777078816.3482893,573600,15032.0
1777078830.4042342,573798,15036.0
1777078842.7481482,573963,15040.0
1777078852.5478373,574098,15044.0
1777078866.6404502,574293,15048.0
1777078891.779854,574652,15052.0
1777078919.4077356,575043,15056.0
1777078931.199659,575196,15060.0
1777078944.4556506,575383,15064.0
1777078962.363511,575629,15068.0
1777078979.5315657,575871,15072.0
1777079002.2988997,576193,15076.0
1777079021.0593336,576455,15080.0
1777079034.6589663,576646,15084.0
1777079052.414876,576890,15088.0
1777079059.4147987,576982,15092.0
1777079082.8672364,577313,15096.0
1777079096.8989215,577506,15100.0
1777079118.3747368,577808,15104.0
1777079141.5586524,578137,15108.0
1777079154.9267218,578324,15112.0
1777079173.9183648,578587,15116.0
1777079190.79406,578825,15120.0
1777079199.7425032,578943,15124.0
1777079213.2178993,579131,15128.0
1777079223.7419438,579273,15132.0
1777079230.8779736,579363,15136.0
1777079241.5259151,579512,15140.0
1777079265.362026,579852,15144.0
1777079272.241718,579944,15148.0
1777079285.969569,580137,15152.0
1777079302.7857625,580363,15156.0
1777079318.9616609,580584,15160.0
1777079327.6535513,580702,15164.0
1777079339.4696813,580867,15168.0
1777079352.5093493,581036,15172.0
1777079359.7094603,581128,15176.0
1777079375.6528683,581356,15180.0
1777079400.4447253,581712,15184.0
1777079424.536629,582047,15188.0
1777079438.1766963,582236,15192.0
1777079460.0204773,582547,15196.0
1777079482.7600222,582865,15200.0
1777079509.2643929,583244,15204.0
1777079530.172053,583536,15208.0
1777079555.1475961,583895,15212.0
1777079568.2555885,584066,15216.0
1777079594.9797199,584449,15220.0
1777079603.647716,584567,15224.0
1777079619.355254,584785,15228.0
1777079626.571349,584877,15232.0
1777079638.66286,585044,15236.0
1777079652.0551078,585223,15240.0
1777079679.978749,585625,15244.0
1777079688.7546694,585745,15248.0
1777079717.298801,586153,15252.0
1777079739.0546286,586466,15256.0
1777079764.8983212,586835,15260.0
1777079773.8745782,586953,15264.0
1777079788.1225743,587151,15268.0
1777079795.1499283,587243,15272.0
1777079802.797992,587335,15276.0
1777079813.621928,587482,15280.0
1777079826.3578482,587661,15284.0
1777079842.4979997,587881,15288.0
1777079854.2577412,588045,15292.0
1777079863.5258632,588163,15296.0
1777079872.5823636,588283,15300.0
1777079907.9416964,588797,15304.0
1777079916.8656893,588915,15308.0
1777079935.7256172,589179,15312.0
1777079946.1415148,589320,15316.0
1777079956.3654292,589458,15320.0
1777079974.7773426,589722,15324.0
1777079990.424798,589942,15328.0
1777080001.3329105,590088,15332.0
1777080020.6408372,590362,15336.0
1777080029.4085934,590482,15340.0
1777080060.1448143,590926,15344.0
1777080069.1769001,591044,15348.0
1777080084.7367651,591259,15352.0
1777080098.2924693,591451,15356.0
1777080105.8606908,591543,15360.0
1777080119.9845686,591743,15364.0
1777080135.928368,591956,15368.0
1777080167.7525246,592418,15372.0
1777080181.3437932,592609,15376.0
1777080204.8199575,592942,15380.0
1777080215.6119227,593092,15384.0
1777080231.5276663,593310,15388.0
1777080246.888288,593526,15392.0
1777080264.0277677,593761,15396.0
1777080285.6878808,594067,15400.0
1777080303.8797216,594328,15404.0
1777080322.855421,594594,15408.0
1777080338.2468297,594808,15412.0
1777080359.486943,595107,15416.0
1777080370.8874032,595260,15420.0
1777080389.1306329,595521,15424.0
1777080404.8069322,595734,15428.0
1777080439.038743,596229,15432.0
1777080454.4066987,596447,15436.0
1777080463.5466971,596567,15440.0
1777080480.3903873,596807,15444.0
1777080491.6745777,596954,15448.0
1777080514.8664787,597288,15452.0
1777080531.9226098,597517,15456.0
1777080544.197786,597684,15460.0
1777080555.2661335,597832,15464.0
1777080580.397828,598194,15468.0
1777080591.5499127,598347,15472.0
1777080605.6578288,598547,15476.0
1777080621.9658341,598766,15480.0
1777080637.0977252,598981,15484.0
1777080651.2416794,599170,15488.0
1777080669.7338662,599431,15492.0
1777080686.9735804,599671,15496.0
1777080697.709319,599817,15500.0
1777080706.9017067,599937,15504.0
1777080718.9331043,600104,15508.0
1777080734.8094265,600314,15512.0
1777080745.7168317,600465,15516.0
1777080764.7609918,600727,15520.0
1777080781.8171954,600971,15524.0
1777080803.6448138,601275,15528.0
1777080823.8689656,601558,15532.0
1777080843.2089286,601830,15536.0
1777080868.65261,602193,15540.0
1777080888.3605714,602470,15544.0
1777080907.519983,602742,15548.0
1777080922.3526535,602945,15552.0
1777080936.175793,603134,15556.0
1777080947.2198431,603274,15560.0
1777080957.0357401,603409,15564.0
1777080974.8960135,603655,15568.0
1777080991.2720456,603887,15572.0
1777081000.1199245,604005,15576.0
1777081013.6797664,604188,15580.0
1777081042.4356723,604604,15584.0
1777081056.7276168,604804,15588.0
1777081077.2036624,605089,15592.0
1777081104.9113834,605480,15596.0
1777081131.8948224,605860,15600.0
1777081146.555244,606068,15604.0
1777081166.646878,606349,15608.0
1777081182.5070949,606569,15612.0
1777081200.4911954,606828,15616.0
1777081228.4904408,607226,15620.0
1777081251.7469134,607556,15624.0
1777081264.066769,607724,15628.0
1777081283.65846,607998,15632.0
1777081316.8424275,608473,15636.0
1777081332.5136592,608687,15640.0
1777081339.4498959,608779,15644.0
1777081356.6737742,609023,15648.0
1777081378.9178522,609333,15652.0
1777081403.6897087,609682,15656.0
1777081412.481948,609802,15660.0
1777081439.6939678,610193,15664.0
1777081453.2335432,610378,15668.0
1777081464.101898,610527,15672.0
1777081476.2573972,610693,15676.0
1777081485.5417066,610811,15680.0
1777081499.3016758,611005,15684.0
1777081514.5936687,611223,15688.0
1777081524.309264,611345,15692.0
1777081538.2329419,611541,15696.0
1777081548.852787,611680,15700.0
1777081559.524749,611828,15704.0
1777081578.6369696,612096,15708.0
1777081592.8609657,612295,15712.0
1777081609.6367037,612525,15716.0
1777081631.9446714,612842,15720.0
1777081660.6848724,613253,15724.0
1777081670.0367184,613373,15728.0
1777081683.9607253,613569,15732.0
1777081700.2045302,613793,15736.0
1777081711.8045251,613955,15740.0
1777081730.5965383,614221,15744.0
1777081747.9879096,614467,15748.0
1777081767.843873,614743,15752.0
1777081791.9559662,615085,15756.0
1777081806.2958858,615286,15760.0
1777081824.9036932,615548,15764.0
1777081844.0476263,615823,15768.0
1777081857.5237246,616003,15772.0
1777081874.2717087,616236,15776.0
1777081897.039554,616555,15780.0
1777081926.815407,616979,15784.0
1777081953.30695,617352,15788.0
1777081980.3073165,617737,15792.0
1777082003.9311323,618071,15796.0
1777082029.890908,618439,15800.0
1777082048.4148386,618703,15804.0
1777082068.1905205,618979,15808.0
1777082081.9827223,619171,15812.0
1777082097.826586,619387,15816.0
1777082113.5745509,619605,15820.0
1777082126.1823483,619774,15824.0
1777082133.082485,619864,15828.0
1777082145.1259158,620031,15832.0
1777082159.2019453,620218,15836.0
1777082172.0339532,620399,15840.0
1777082187.258085,620608,15844.0
1777082208.301895,620903,15848.0
1777082217.2499785,621023,15852.0
1777082242.4696798,621379,15856.0
1777082264.7937112,621698,15860.0
1777082277.2415512,621864,15864.0
1777082291.5335062,622063,15868.0
1777082313.4930866,622370,15872.0
1777082335.7534106,622688,15876.0
1777082353.1089306,622933,15880.0
1777082378.101269,623287,15884.0
1777082395.8290677,623533,15888.0
1777082415.6370587,623816,15892.0
1777082430.2126968,624010,15896.0
1777082444.1206658,624201,15900.0
1777082461.3285491,624443,15904.0
1777082475.2284493,624639,15908.0
1777082492.6885526,624883,15912.0
1777082499.8047304,624973,15916.0
1777082519.5284984,625250,15920.0
1777082536.7880986,625497,15924.0
1777082547.4644887,625635,15928.0
1777082563.0404253,625851,15932.0
1777082584.331741,626147,15936.0
1777082598.0320725,626334,15940.0
1777082613.6879334,626557,15944.0
1777082626.2157788,626732,15948.0
1777082641.3957515,626936,15952.0
1777082661.0717092,627208,15956.0
1777082683.3476539,627526,15960.0
1777082697.5916398,627721,15964.0
1777082719.6836555,628035,15968.0
1777082741.2074401,628344,15972.0
1777082765.9912028,628697,15976.0
1777082780.7749116,628895,15980.0
1777082802.5831316,629210,15984.0
1777082812.0069551,629330,15988.0
1777082831.1826906,629604,15992.0
1777082861.1426616,630029,15996.0
1777082875.766715,630224,16000.0
1777082888.590699,630404,16004.0
1777082900.0427086,630554,16008.0
1777082925.7827046,630929,16012.0
1777082950.4498284,631276,16016.0
1777082983.1097715,631742,16020.0
1777082994.0340424,631890,16024.0
1777083004.7180822,632038,16028.0
1777083024.702433,632314,16032.0
1777083052.425632,632709,16036.0
1777083066.6258686,632911,16040.0
1777083073.4176645,633001,16044.0
1777083085.1175127,633152,16048.0
1777083122.5213585,633691,16052.0
1777083151.1852856,634099,16056.0
1777083187.0448453,634611,16060.0
1777083195.7049575,634729,16064.0
1777083213.4289918,634971,16068.0
1777083227.497078,635164,16072.0
1777083257.3966017,635594,16076.0
1777083283.036763,635957,16080.0
1777083313.172772,636391,16084.0
1777083332.3645117,636657,16088.0
1777083359.487936,637042,16092.0
1777083384.9078224,637404,16096.0
1777083398.3078754,637591,16100.0
1777083412.4157915,637786,16104.0
1777083427.699908,637999,16108.0
1777083446.271892,638259,16112.0
1777083461.831802,638477,16116.0
1777083483.4557824,638779,16120.0
1777083504.38357,639072,16124.0
1777083516.5237901,639241,16128.0
1777083525.591657,639361,16132.0
1777083546.6996832,639663,16136.0
1777083561.2916563,639860,16140.0
1777083592.775271,640315,16144.0
1777083608.974833,640544,16148.0
1777083619.0189576,640680,16152.0
1777083635.0989504,640897,16156.0
1777083656.650751,641200,16160.0
1777083663.582741,641292,16164.0
1777083682.874657,641556,16168.0
1777083702.7347157,641840,16172.0
1777083715.418507,642012,16176.0
1777083730.442695,642224,16180.0
1777083752.802472,642542,16184.0
1777083781.4545143,642955,16188.0
1777083801.394009,643240,16192.0
1777083813.8783398,643405,16196.0
1777083837.0461407,643733,16200.0
1777083849.6460078,643910,16204.0
1777083860.1220546,644056,16208.0
1777083880.214006,644341,16212.0
1777083901.9059942,644650,16216.0
1777083922.4779582,644945,16220.0
1777083940.9896002,645208,16224.0
1777083950.189722,645327,16228.0
1777083967.8297396,645575,16232.0
1777083987.0053728,645844,16236.0
1777083998.3056958,645995,16240.0
1777084008.3656542,646134,16244.0
1777084028.8217092,646419,16248.0
1777084044.9971247,646642,16252.0
1777084055.796838,646789,16256.0
1777084071.1730392,647008,16260.0
1777084093.2647712,647323,16264.0
1777084109.0408676,647541,16268.0
1777084119.240751,647677,16272.0
1777084135.556622,647904,16276.0
1777084170.9647205,648413,16280.0
1777084199.4326892,648822,16284.0
1777084211.8480766,648994,16288.0
1777084229.2244241,649236,16292.0
1777084239.556529,649377,16296.0
1777084248.431898,649497,16300.0
1777084259.367788,649645,16304.0
1777084271.6600502,649813,16308.0
1777084285.5159693,650001,16312.0
1777084299.2679508,650192,16316.0
1777084316.8162596,650434,16320.0
1777084345.5080326,650844,16324.0
1777084368.8836682,651182,16328.0
1777084382.8996894,651377,16332.0
1777084403.8276765,651676,16336.0
1777084415.4193935,651823,16340.0
1777084430.611403,652039,16344.0
1777084447.5033274,652266,16348.0
1777084458.167486,652413,16352.0
1777084469.227133,652559,16356.0
1777084487.8868551,652822,16360.0
1777084494.8188398,652914,16364.0
1777084515.326889,653203,16368.0
1777084529.9349976,653402,16372.0
1777084542.7869005,653582,16376.0
1777084560.4788916,653833,16380.0
1777084572.3386776,653999,16384.0
1777084594.1947122,654309,16388.0
1777084616.254058,654624,16392.0
1777084640.4625278,654970,16396.0
1777084659.0864816,655229,16400.0
1777084671.0619576,655396,16404.0
1777084686.622491,655611,16408.0
1777084714.3302374,656004,16412.0
1777084738.20606,656344,16416.0
1777084757.9298325,656625,16420.0
1777084772.4216976,656824,16424.0
1777084787.1217878,657033,16428.0
1777084799.641794,657201,16432.0
1777084818.9577065,657475,16436.0
1777084825.689706,657565,16440.0
1777084842.5493832,657800,16444.0
1777084859.6255155,658036,16448.0
1777084878.5168276,658306,16452.0
1777084906.2893565,658698,16456.0
1777084921.6492686,658914,16460.0
1777084935.392727,659108,16464.0
1777084942.6729362,659200,16468.0
1777084972.4568863,659624,16472.0
1777084988.2007277,659837,16476.0
1777085004.584771,660064,16480.0
1777085024.3766856,660347,16484.0
1777085044.1006734,660624,16488.0
1777085058.392481,660822,16492.0
1777085069.3602872,660967,16496.0
1777085080.4679406,661118,16500.0
1777085105.9760056,661483,16504.0
1777085121.420158,661699,16508.0
1777085145.9123335,662045,16512.0
1777085164.535633,662302,16516.0
1777085173.2438462,662420,16520.0
1777085194.7357485,662724,16524.0
1777085209.8514974,662939,16528.0
1777085225.579683,663155,16532.0
1777085237.8717198,663322,16536.0
1777085249.035672,663473,16540.0
1777085266.1950574,663718,16544.0
1777085294.0029292,664117,16548.0
1777085306.511095,664286,16552.0
1777085319.987262,664468,16556.0
1777085331.7870145,664633,16560.0
1777085350.7313926,664898,16564.0
1777085364.770733,665094,16568.0
1777085376.0467446,665244,16572.0
1777085397.938714,665557,16576.0
1777085415.8867965,665807,16580.0
1777085431.562705,666025,16584.0
1777085445.6386492,666221,16588.0
1777085463.7146828,666468,16592.0
1777085475.7825232,666634,16596.0
1777085494.5223594,666891,16600.0
1777085520.489849,667263,16604.0
1777085536.073891,667483,16608.0
1777085564.6898494,667895,16612.0
1777085584.6496382,668176,16616.0
1777085598.014031,668361,16620.0
1777085616.905447,668626,16624.0
1777085625.6498125,668742,16628.0
1777085646.1257007,669031,16632.0
1777085665.51767,669309,16636.0
1777085679.5417895,669493,16640.0
1777085692.4093993,669674,16644.0
1777085708.6493423,669893,16648.0
1777085723.976992,670110,16652.0
1777085747.5167327,670438,16656.0
1777085778.3407807,670880,16660.0
1777085806.8767292,671289,16664.0
1777085833.5165703,671671,16668.0
1777085847.6767535,671866,16672.0
1777085855.201046,671958,16676.0
1777085867.068749,672124,16680.0
1777085881.3847082,672321,16684.0
1777085899.9445064,672587,16688.0
1777085923.260455,672911,16692.0
1777085947.167849,673251,16696.0
1777085966.0959904,673521,16700.0
1777085983.652084,673765,16704.0
1777086000.9879286,674007,16708.0
1777086023.211971,674319,16712.0
1777086048.227713,674675,16716.0
1777086073.4555984,675032,16720.0
1777086087.511615,675231,16724.0
1777086104.1115084,675458,16728.0
1777086131.3953967,675844,16732.0
1777086151.08722,676121,16736.0
1777086164.7988448,676306,16740.0
1777086183.8312564,676570,16744.0
1777086204.0388985,676859,16748.0
1777086219.8987594,677077,16752.0
1777086246.8987863,677460,16756.0
1777086264.9145727,677711,16760.0
1777086281.0066938,677935,16764.0
1777086312.5425918,678391,16768.0
1777086329.4664752,678632,16772.0
1777086340.0664861,678772,16776.0
1777086353.3065486,678953,16780.0
1777086361.974456,679071,16784.0
1777086369.4977496,679163,16788.0
1777086386.882041,679412,16792.0
1777086406.0257761,679677,16796.0
1777086423.482412,679924,16800.0
1777086441.1099334,680175,16804.0
1777086457.0657413,680388,16808.0
1777086472.9776702,680615,16812.0
1777086501.5177004,681025,16816.0
1777086528.8934631,681414,16820.0
1777086540.685495,681579,16824.0
1777086559.7770064,681843,16828.0
1777086570.437316,681986,16832.0
1777086592.4927857,682298,16836.0
1777086622.5207682,682724,16840.0
1777086645.145011,683043,16844.0
1777086662.4688268,683288,16848.0
1777086676.9288034,683486,16852.0
1777086701.8525941,683836,16856.0
1777086730.8447018,684250,16860.0
1777086754.8439622,684598,16864.0
1777086780.255872,684954,16868.0
1777086794.8799427,685153,16872.0
1777086805.1279836,685291,16876.0
1777086832.6557913,685682,16880.0
1777086856.7877219,686026,16884.0
1777086865.7398992,686146,16888.0
1777086886.4636962,686433,16892.0
1777086900.1237109,686624,16896.0
1777086914.5796824,686821,16900.0
1777086923.2476594,686939,16904.0
1777086938.9235175,687153,16908.0
1777086952.2556057,687335,16912.0
1777086967.1994073,687539,16916.0
1777086992.2229476,687903,16920.0
1777087014.5469642,688218,16924.0
1777087031.3990185,688451,16928.0
1777087053.0509577,688761,16932.0
1777087084.9987316,689215,16936.0
1777087092.1987505,689307,16940.0
1777087114.1427717,689622,16944.0
1777087128.6825507,689819,16948.0
1777087149.7425,690112,16952.0
1777087163.2826662,690302,16956.0
1777087186.4943798,690629,16960.0
1777087203.485847,690872,16964.0
1777087227.3579702,691215,16968.0
1777087240.202164,691387,16972.0
1777087263.1417618,691714,16976.0
1777087285.5855849,692033,16980.0
1777087294.469739,692153,16984.0
1777087312.5256555,692397,16988.0
1777087319.453694,692489,16992.0
1777087340.19353,692779,16996.0
1777087366.0695362,693142,17000.0
1777087386.5449317,693436,17004.0
1777087407.5209272,693733,17008.0
1777087428.344916,694027,17012.0
1777087448.2890875,694308,17016.0
1777087459.304958,694454,17020.0
1777087475.2287462,694680,17024.0
1777087504.5287197,695101,17028.0
1777087522.0887117,695340,17032.0
1777087547.4805086,695698,17036.0
1777087561.5887394,695898,17040.0
1777087568.540662,695990,17044.0
1777087598.6803446,696421,17048.0
1777087610.1878738,696576,17052.0
1777087631.2323236,696870,17056.0
1777087642.2798595,697019,17060.0
1777087668.7643452,697400,17064.0
1777087694.4919856,697762,17068.0
1777087718.431965,698106,17072.0
1777087730.1236458,698257,17076.0
1777087746.4154947,698490,17080.0
1777087770.2237222,698828,17084.0
1777087788.2515664,699074,17088.0
1777087811.1750793,699391,17092.0
1777087825.035017,699582,17096.0
1777087840.6995285,699794,17100.0
1777087847.6270778,699886,17104.0
1777087856.4434173,700006,17108.0
1777087874.819115,700262,17112.0
1777087893.3112674,700525,17116.0
1777087908.9826522,700741,17120.0
1777087935.5946178,701123,17124.0
1777087958.802684,701457,17128.0
1777087975.0947254,701680,17132.0
1777087988.6702914,701869,17136.0
1777087999.550671,702009,17140.0
1777088033.5704992,702501,17144.0
1777088058.8459496,702865,17148.0
1777088075.7859435,703105,17152.0
1777088095.3784678,703380,17156.0
1777088126.0536602,703821,17160.0
1777088160.7216878,704323,17164.0
1777088187.6774223,704709,17168.0
1777088208.2136161,704996,17172.0
1777088230.8892748,705315,17176.0
1777088255.045324,705660,17180.0
1777088275.4889445,705948,17184.0
1777088294.396738,706208,17188.0
1777088303.4806771,706328,17192.0
1777088312.7045493,706448,17196.0
1777088322.104959,706568,17200.0
1777088352.126495,707000,17204.0
1777088362.872663,707144,17208.0
1777088388.5729127,707509,17212.0
1777088402.8086495,707709,17216.0
1777088430.2643812,708097,17220.0
1777088456.4638946,708469,17224.0
1777088475.575862,708735,17228.0
1777088493.7839816,708994,17232.0
1777088514.8918822,709292,17236.0
1777088535.5840702,709583,17240.0
1777088542.5517676,709675,17244.0
1777088561.407729,709939,17248.0
1777088573.8159626,710109,17252.0
1777088580.8837936,710201,17256.0
1777088587.9354427,710293,17260.0
1777088612.1076345,710638,17264.0
1777088627.699567,710851,17268.0
1777088648.0438814,711141,17272.0
1777088660.5513232,711306,17276.0
1777088674.066989,711495,17280.0
1777088705.9675305,711955,17284.0
1777088713.0268526,712045,17288.0
1777088730.0267303,712287,17292.0
1777088760.6628764,712726,17296.0
1777088786.6347008,713100,17300.0
1777088817.4866543,713544,17304.0
1777088831.5186057,713740,17308.0
1777088841.3623917,713863,17312.0
1777088853.4787092,714030,17316.0
1777088878.1459627,714378,17320.0
1777088885.078492,714470,17324.0
1777088909.7865572,714822,17328.0
1777088930.329904,715106,17332.0
1777088950.837749,715395,17336.0
1777088966.2979476,715608,17340.0
1777088983.8061032,715852,17344.0
1777089015.789394,716312,17348.0
1777089039.9137387,716662,17352.0
1777089059.5054102,716936,17356.0
1777089077.8415132,717192,17360.0
1777089096.8969073,717465,17364.0
1777089124.0327938,717855,17368.0
1777089141.4888873,718091,17372.0
1777089155.9088647,718291,17376.0
1777089172.764951,718521,17380.0
1777089187.8250015,718735,17384.0
1777089217.6007094,719164,17388.0
1777089246.384554,719574,17392.0
1777089266.2244854,719854,17396.0
1777089290.5679538,720194,17400.0
1777089317.843852,720588,17404.0
1777089334.0997941,720817,17408.0
1777089355.9919014,721121,17412.0
1777089373.119718,721361,17416.0
1777089391.991703,721629,17420.0
1777089416.1517174,721972,17424.0
1777089445.2877367,722391,17428.0
1777089458.919347,722578,17432.0
1777089472.827583,722766,17436.0
1777089482.9954586,722904,17440.0
1777089499.327387,723132,17444.0
1777089510.6431062,723284,17448.0
1777089526.434798,723499,17452.0
1777089543.8189878,723746,17456.0
1777089566.5714402,724070,17460.0
1777089583.4707978,724311,17464.0
1777089612.5713408,724724,17468.0
1777089622.2146337,724844,17472.0
1777089640.762794,725105,17476.0
1777089668.5147536,725506,17480.0
1777089675.9623969,725598,17484.0
1777089697.622463,725906,17488.0
1777089713.9466243,726133,17492.0
1777089735.5223906,726430,17496.0
1777089745.7385674,726569,17500.0
1777089765.5303674,726846,17504.0
1777089799.4666667,727336,17508.0
1777089820.5419636,727640,17512.0
1777089833.2658272,727808,17516.0
1777089845.7336102,727977,17520.0
1777089877.5976279,728435,17524.0
1777089908.425746,728875,17528.0
1777089931.0936298,729191,17532.0
1777089953.6018217,729505,17536.0
1777089967.733536,729706,17540.0
1777089993.7694533,730078,17544.0
1777090027.7775943,730570,17548.0
1777090059.6930585,731033,17552.0
1777090080.6686296,731329,17556.0
1777090099.3087559,731590,17560.0
1777090118.7847924,731868,17564.0
1777090137.8287458,732137,17568.0
1777090155.32074,732377,17572.0
1777090168.5686631,732561,17576.0
1777090188.3366773,732837,17580.0
1777090220.9803896,733307,17584.0
1777090233.5204017,733481,17588.0
1777090242.3720713,733599,17592.0
1777090255.280238,733775,17596.0
1777090264.4639316,733895,17600.0
1777090291.1038706,734278,17604.0
1777090316.6880345,734640,17608.0
1777090340.4480972,734973,17612.0
1777090361.5037355,735273,17616.0
1777090375.3314688,735460,17620.0
1777090398.5076895,735789,17624.0
1777090421.231715,736115,17628.0
1777090441.5716138,736397,17632.0
1777090456.0632718,736596,17636.0
1777090470.614987,736802,17640.0
1777090484.8387966,737003,17644.0
1777090503.5473661,737263,17648.0
1777090520.738984,737504,17652.0
1777090541.3509648,737795,17656.0
1777090567.1065803,738161,17660.0
1777090579.782766,738331,17664.0
1777090596.9827476,738576,17668.0
1777090612.3344913,738785,17672.0
1777090636.6424787,739132,17676.0
1777090650.2583795,739321,17680.0
1777090671.326446,739619,17684.0
1777090686.226068,739830,17688.0
1777090706.7341304,740116,17692.0
1777090740.1343236,740600,17696.0
1777090769.8780236,741023,17700.0
1777090792.669646,741348,17704.0
1777090820.169507,741740,17708.0
1777090851.0935552,742180,17712.0
1777090875.5856235,742534,17716.0
1777090892.7933292,742779,17720.0
1777090915.5528731,743103,17724.0
1777090943.4212103,743503,17728.0
1777090959.1209939,743723,17732.0
1777090976.1969988,743962,17736.0
1777090998.8287442,744283,17740.0
1777091024.55674,744657,17744.0
1777091039.4566624,744858,17748.0
1777091051.8487463,745026,17752.0
1777091076.1047568,745369,17756.0
1777091092.6124523,745596,17760.0
1777091111.8724117,745872,17764.0
1777091126.1644974,746066,17768.0
1777091141.396033,746281,17772.0
1777091167.8477402,746654,17776.0
1777091189.4918697,746955,17780.0
1777091203.1560278,747148,17784.0
1777091215.847701,747314,17788.0
1777091242.0318892,747686,17792.0
1777091254.4156826,747856,17796.0
1777091261.5996518,747948,17800.0
1777091289.151675,748341,17804.0
1777091312.5235467,748671,17808.0
1777091330.9993684,748929,17812.0
1777091343.051276,749096,17816.0
1777091367.618826,749441,17820.0
1777091382.6352458,749654,17824.0
1777091409.218715,750034,17828.0
1777091431.6267154,750351,17832.0
1777091456.4507535,750699,17836.0
1777091483.342753,751083,17840.0
1777091495.2185981,751249,17844.0
1777091522.594442,751640,17848.0
1777091547.2543538,751989,17852.0
1777091565.4938452,752251,17856.0
1777091580.1185465,752448,17860.0
1777091601.430308,752748,17864.0
1777091610.7017424,752871,17868.0
1777091619.9538736,752993,17872.0
1777091641.0138946,753289,17876.0
1777091671.7977386,753727,17880.0
1777091698.9897902,754115,17884.0
1777091748.2733734,754832,17888.0
1777091764.0813215,755055,17892.0
1777091785.389329,755351,17896.0
1777091804.0813918,755617,17900.0
1777091831.6810002,756009,17904.0
1777091862.956757,756456,17908.0
1777091884.6488564,756761,17912.0
1777091909.0247693,757107,17916.0
1777091924.380662,757323,17920.0
1777091960.048556,757838,17924.0
1777091975.4924066,758051,17928.0
1777092003.5160048,758452,17932.0
1777092020.1606224,758690,17936.0
1777092050.232113,759119,17940.0
1777092079.7157938,759544,17944.0
1777092098.5079217,759806,17948.0
1777092112.291512,759989,17952.0
1777092123.9837253,760152,17956.0
1777092151.127768,760540,17960.0
1777092162.851625,760704,17964.0
1777092176.4755435,760888,17968.0
1777092189.0434914,761059,17972.0
1777092209.9191236,761356,17976.0
1777092226.4588556,761586,17980.0
1777092259.495323,762062,17984.0
1777092284.7349474,762420,17988.0
1777092305.0947793,762699,17992.0
1777092325.3027718,762982,17996.0
1777092343.962478,763246,18000.0
1777092372.586567,763656,18004.0
1777092395.04661,763970,18008.0
1777092416.8622086,764272,18012.0
1777092438.478425,764584,18016.0
1777092472.6979208,765072,18020.0
1777092492.921994,765363,18024.0
1777092511.6821244,765624,18028.0
1777092533.9497046,765936,18032.0
1777092571.7417626,766479,18036.0
1777092593.2493758,766776,18040.0
1777092613.9254925,767073,18044.0
1777092624.9495814,767220,18048.0
1777092644.7088223,767499,18052.0
1777092666.9488544,767810,18056.0
1777092688.6729321,768113,18060.0
1777092726.8929896,768669,18064.0
1777092735.9567938,768789,18068.0
1777092747.216729,768938,18072.0
1777092760.7169414,769123,18076.0
1777092777.2086852,769345,18080.0
1777092792.532593,769563,18084.0
1777092807.2766323,769758,18088.0
1777092822.3925757,769972,18092.0
1777092840.6844049,770221,18096.0
1777092847.760527,770313,18100.0
1777092861.9360368,770506,18104.0
1777092896.844466,771003,18108.0
1777092914.068019,771250,18112.0
1777092935.895841,771558,18116.0
1777092953.0358696,771798,18120.0
1777092990.5357437,772341,18124.0
1777093006.3436744,772564,18128.0
1777093024.6954129,772821,18132.0
1777093036.5354898,772988,18136.0
1777093061.1630535,773336,18140.0
1777093074.1551454,773515,18144.0
1777093082.9867783,773635,18148.0
1777093099.031318,773858,18152.0
1777093124.9549289,774225,18156.0
1777093144.2949002,774489,18160.0
1777093168.4307477,774830,18164.0
1777093199.9904907,775277,18168.0
1777093232.8907604,775753,18172.0
1777093245.8905199,775935,18176.0
1777093260.546351,776134,18180.0
1777093279.5904706,776407,18184.0
1777093291.997965,776575,18188.0
1777093322.3579402,777013,18192.0
1777093339.5501132,777257,18196.0
1777093350.805722,777407,18200.0
1777093361.6056378,777557,18204.0
1777093392.657662,778004,18208.0
1777093404.1097722,778151,18212.0
1777093416.5017595,778321,18216.0
1777093434.2735515,778566,18220.0
1777093478.4416866,779209,18224.0
1777093487.3573298,779327,18228.0
1777093505.41715,779574,18232.0
1777093527.824942,779888,18236.0
1777093556.3609948,780291,18240.0
1777093577.9687583,780603,18244.0
1777093607.3087082,781022,18248.0
1777093636.828628,781447,18252.0
1777093660.920346,781789,18256.0
1777093682.8125262,782096,18260.0
1777093727.0961428,782740,18264.0
1777093745.5519037,782993,18268.0
1777093761.7277324,783219,18272.0
1777093799.9477391,783762,18276.0
1777093820.6034515,784058,18280.0
1777093839.7477393,784328,18284.0
1777093864.354892,784670,18288.0
1777093886.6312351,784984,18292.0
1777093916.730547,785411,18296.0
1777093941.8067262,785774,18300.0
1777093969.4825177,786171,18304.0
1777093991.7746496,786484,18308.0
1777094017.8385594,786851,18312.0
1777094033.938486,787079,18316.0
1777094054.9503279,787373,18320.0
1777094099.8737624,788019,18324.0
1777094110.642016,788166,18328.0
1777094129.9976385,788431,18332.0
1777094137.2496855,788521,18336.0
1777094159.8495102,788841,18340.0
1777094180.2937553,789134,18344.0
1777094191.7096503,789280,18348.0
1777094218.8095326,789668,18352.0
1777094249.248849,790097,18356.0
1777094275.5411656,790475,18360.0
1777094296.3851461,790770,18364.0
1777094328.100689,791220,18368.0
1777094356.8287966,791625,18372.0
1777094375.300676,791880,18376.0
1777094391.0286813,792100,18380.0
1777094408.4204688,792344,18384.0
1777094417.0684686,792462,18388.0
1777094431.496332,792661,18392.0
1777094455.9040089,793008,18396.0
1777094465.11197,793128,18400.0
1777094492.4036455,793519,18404.0
1777094535.4878004,794146,18408.0
1777094558.6115577,794471,18412.0
1777094569.7717054,794619,18416.0
1777094594.947644,794977,18420.0
1777094617.971283,795304,18424.0
1777094634.1632907,795533,18428.0
1777094652.187145,795780,18432.0
1777094666.7787566,795979,18436.0
1777094680.9791744,796174,18440.0
1777094696.0074928,796387,18444.0
1777094716.0828645,796667,18448.0
1777094747.7828004,797121,18452.0
1777094757.2067666,797237,18456.0
1777094787.650883,797668,18460.0
1777094803.466491,797893,18464.0
1777094828.4662378,798251,18468.0
1777094858.2744396,798675,18472.0
1777094885.69822,799062,18476.0
1777094898.141755,799235,18480.0
1777094911.58197,799416,18484.0
1777094937.2577484,799782,18488.0
1777094954.5654974,800030,18492.0
1777094970.0776656,800245,18496.0
1777094995.7855155,800617,18500.0
1777095017.9776971,800934,18504.0
1777095035.9692142,801180,18508.0
1777095057.144874,801474,18512.0
1777095077.5692272,801769,18516.0
1777095107.393192,802190,18520.0
1777095126.9528258,802465,18524.0
1777095147.2766933,802747,18528.0
1777095160.2524686,802928,18532.0
1777095170.5686796,803068,18536.0
1777095194.4047308,803406,18540.0
1777095232.7203743,803961,18544.0
1777095256.2638578,804288,18548.0
1777095281.7722178,804648,18552.0
1777095309.495671,805040,18556.0
1777095346.1956334,805574,18560.0
1777095365.8557045,805850,18564.0
1777095376.9158547,805999,18568.0
1777095401.055656,806335,18572.0
1777095429.9157116,806747,18576.0
1777095445.1556952,806958,18580.0
1777095489.1911807,807592,18584.0
1777095515.2388086,807962,18588.0
1777095536.7310836,808268,18592.0
1777095558.506709,808577,18596.0
1777095572.7227037,808769,18600.0
1777095589.6505628,809011,18604.0
1777095612.2265072,809331,18608.0
1777095648.3425212,809853,18612.0
1777095672.3022826,810186,18616.0
1777095686.4744039,810382,18620.0
1777095717.7098036,810826,18624.0
1777095735.1578057,811072,18628.0
1777095762.6778095,811461,18632.0
1777095785.3018365,811778,18636.0
1777095809.7777216,812124,18640.0
1777095834.1177988,812476,18644.0
1777095865.28557,812927,18648.0
1777095885.177065,813201,18652.0
1777095902.5053296,813441,18656.0
1777095922.7771983,813731,18660.0
1777095946.0528433,814060,18664.0
1777095982.32125,814583,18668.0
1777096009.3128915,814964,18672.0
1777096031.136646,815264,18676.0
1777096044.14873,815443,18680.0
1777096069.204722,815801,18684.0
1777096099.4641623,816231,18688.0
1777096137.0639718,816775,18692.0
1777096165.2640948,817175,18696.0
1777096178.47996,817354,18700.0
1777096195.9559224,817604,18704.0
1777096210.9996207,817810,18708.0
1777096238.3917246,818204,18712.0
1777096263.9397142,818566,18716.0
1777096281.2916355,818811,18720.0
1777096313.9910128,819280,18724.0
1777096338.4993505,819621,18728.0
1777096376.5508094,820169,18732.0
1777096419.0352535,820779,18736.0
1777096436.1108189,821020,18740.0
1777096443.39462,821112,18744.0
1777096459.3186672,821334,18748.0
1777096480.0106966,821627,18752.0
1777096501.686722,821930,18756.0
1777096508.6107388,822022,18760.0
1777096522.61057,822220,18764.0
1777096540.8865228,822478,18768.0
1777096562.3938224,822781,18772.0
1777096588.7617831,823155,18776.0
1777096605.8299465,823399,18780.0
1777096635.8458836,823829,18784.0
1777096659.8538258,824167,18788.0
1777096683.6057878,824502,18792.0
1777096705.469698,824816,18796.0
1777096720.2816489,825022,18800.0
1777096730.9373982,825170,18804.0
1777096758.0133128,825554,18808.0
1777096797.4296234,826123,18812.0
1777096817.5571544,826402,18816.0
1777096833.3807886,826619,18820.0
1777096845.3806453,826787,18824.0
1777096852.4568164,826877,18828.0
1777096888.0485675,827386,18832.0
1777096906.8084536,827652,18836.0
1777096937.7406852,828096,18840.0
1777096954.4485793,828327,18844.0
1777096976.808157,828651,18848.0
1777096991.199854,828845,18852.0
1777097018.2758224,829226,18856.0
1777097040.2158737,829538,18860.0
1777097054.1597476,829726,18864.0
1777097080.6836357,830099,18868.0
1777097099.5076675,830365,18872.0
1777097117.5517488,830615,18876.0
1777097137.6596231,830897,18880.0
1777097154.519611,831138,18884.0
1777097175.5273218,831428,18888.0
1777097193.9953866,831683,18892.0
1777097217.6948543,832024,18896.0
1777097238.7509034,832321,18900.0
1777097251.6870856,832503,18904.0
1777097273.2626846,832803,18908.0
1777097288.3189301,833005,18912.0
1777097301.6787019,833191,18916.0
1777097329.186707,833581,18920.0
1777097350.462726,833880,18924.0
1777097374.3782947,834218,18928.0
1777097385.3464801,834369,18932.0
1777097411.9540203,834743,18936.0
1777097440.4380186,835146,18940.0
1777097449.3704436,835268,18944.0
1777097478.405787,835680,18948.0
1777097504.713737,836050,18952.0
1777097529.8899477,836408,18956.0
1777097551.465711,836716,18960.0
1777097566.7896202,836930,18964.0
1777097587.3972816,837215,18968.0
1777097617.997018,837650,18972.0
1777097644.4089057,838021,18976.0
1777097658.341,838218,18980.0
1777097684.1728802,838586,18984.0
1777097713.3007276,839001,18988.0
1777097728.7926812,839219,18992.0
1777097752.068823,839546,18996.0
1777097774.9767468,839867,19000.0
1777097787.7002552,840046,19004.0
1777097812.3603888,840397,19008.0
1777097827.084503,840600,19012.0
1777097847.1918042,840884,19016.0
1777097875.1998103,841283,19020.0
1777097899.311914,841625,19024.0
1777097929.3277848,842053,19028.0
1777097958.1878192,842462,19032.0
1777097976.6715858,842722,19036.0
1777098007.4276733,843159,19040.0
1777098026.2868366,843430,19044.0
1777098050.4628398,843776,19048.0
1777098066.6029854,843994,19052.0
1777098086.6631055,844283,19056.0
1777098096.2789433,844403,19060.0
1777098115.9388108,844686,19064.0
1777098131.7787275,844904,19068.0
1777098163.7707326,845365,19072.0
1777098192.6065342,845777,19076.0
1777098216.114413,846107,19080.0
1777098225.062494,846229,19084.0
1777098248.282232,846556,19088.0
1777098264.013793,846773,19092.0
1777098289.6661983,847138,19096.0
1777098327.9897568,847693,19100.0
1777098359.9577053,848154,19104.0
1777098371.0976782,848302,19108.0
1777098389.841716,848564,19112.0
1777098415.9815288,848932,19116.0
1777098430.9734042,849140,19120.0
1777098456.1848376,849498,19124.0
1777098488.376702,849960,19128.0
1777098501.7690396,850148,19132.0
1777098509.068948,850240,19136.0
1777098527.9769032,850503,19140.0
1777098567.0447023,851070,19144.0
1777098606.7446911,851636,19148.0
1777098633.2764053,852022,19152.0
1777098651.7603898,852277,19156.0
1777098680.9759002,852696,19160.0
1777098718.079627,853232,19164.0
1777098743.4359763,853592,19168.0
1777098756.3440642,853766,19172.0
1777098775.2875834,854032,19176.0
1777098793.6636279,854287,19180.0
1777098824.1032472,854727,19184.0
1777098846.5714781,855041,19188.0
1777098863.4389455,855277,19192.0
1777098887.647337,855622,19196.0
1777098904.0388114,855855,19200.0
1777098924.846977,856145,19204.0
1777098931.7790954,856237,19208.0
1777098955.646657,856575,19212.0
1777098976.3224163,856863,19216.0
1777098997.5305073,857159,19220.0
1777099039.3986833,857769,19224.0
1777099068.9743123,858192,19228.0
1777099097.7065425,858605,19232.0
1777099134.281889,859129,19236.0
1777099152.8738873,859387,19240.0
1777099176.5017104,859724,19244.0
1777099204.117703,860123,19248.0
1777099239.9177248,860629,19252.0
1777099269.909386,861053,19256.0
1777099281.7017596,861214,19260.0
1777099303.6449912,861523,19264.0
1777099319.245023,861740,19268.0
1777099346.408655,862132,19272.0
1777099367.920746,862436,19276.0
1777099385.3927135,862684,19280.0
1777099405.6207073,862974,19284.0
1777099424.328685,863232,19288.0
1777099445.9887416,863535,19292.0
1777099467.6443005,863844,19296.0
1777099481.144456,864022,19300.0
1777099491.2723114,864162,19304.0
1777099516.9961529,864525,19308.0
1777099533.355672,864753,19312.0
1777099554.9798481,865056,19316.0
1777099588.747652,865545,19320.0
1777099628.6956792,866115,19324.0
1777099660.1556025,866562,19328.0
1777099683.3154242,866898,19332.0
1777099704.7828357,867200,19336.0
1777099723.7229397,867467,19340.0
1777099747.1147547,867805,19344.0
1777099758.0466282,867951,19348.0
1777099780.9383821,868272,19352.0
1777099804.682233,868615,19356.0
1777099827.3665254,868931,19360.0
1777099847.1059725,869210,19364.0
1777099884.0180514,869743,19368.0
1777099908.8816907,870095,19372.0
1777099926.849738,870351,19376.0
1777099954.4493692,870746,19380.0
1777099965.7496645,870896,19384.0
1777099978.5413206,871075,19388.0
1777099996.6853893,871323,19392.0
1777100023.340746,871702,19396.0
1777100044.6849105,872008,19400.0
1777100058.3609788,872193,19404.0
1777100083.5287535,872546,19408.0
1777100116.0364778,873014,19412.0
1777100137.8123987,873324,19416.0
1777100155.5684135,873568,19420.0
1777100183.0958574,873959,19424.0
1777100201.8038342,874219,19428.0
1777100212.8959835,874368,19432.0
1777100251.0635145,874915,19436.0
1777100265.3798282,875105,19440.0
1777100284.2357411,875376,19444.0
1777100310.4795763,875752,19448.0
1777100351.047369,876332,19452.0
1777100374.414884,876664,19456.0
1777100400.3231342,877028,19460.0
1777100407.2545931,877120,19464.0
1777100424.8786123,877361,19468.0
1777100448.106643,877689,19472.0
1777100470.4825454,878002,19476.0
1777100487.5385969,878242,19480.0
1777100517.973915,878682,19484.0
1777100539.7300262,878986,19488.0
1777100560.9057484,879282,19492.0
1777100590.1139581,879699,19496.0
1777100611.841659,880009,19500.0
1777100640.8576517,880427,19504.0
1777100670.217488,880844,19508.0
1777100702.965266,881311,19512.0
1777100730.792907,881708,19516.0
1777100762.8610075,882171,19520.0
1777100783.9326437,882467,19524.0
1777100797.3246922,882657,19528.0
1777100830.0165741,883120,19532.0
1777100857.4924705,883516,19536.0
1777100885.628383,883919,19540.0
1777100912.8357246,884308,19544.0
1777100943.0678837,884737,19548.0
1777100966.5435648,885068,19552.0
1777100977.4956927,885217,19556.0
1777100987.7197816,885353,19560.0
1777101005.663767,885609,19564.0
1777101039.6716614,886094,19568.0
1777101063.019464,886427,19572.0
1777101093.0309122,886852,19576.0
1777101102.1390004,886970,19580.0
1777101126.8629048,887329,19584.0
1777101136.3067126,887451,19588.0
1777101148.6066022,887621,19592.0
1777101155.6706426,887713,19596.0
1777101188.0387115,888177,19600.0
1777101199.3906987,888326,19604.0
1777101221.4626644,888639,19608.0
1777101242.5985234,888944,19612.0
1777101263.4582965,889238,19616.0
1777101292.8499672,889660,19620.0
1777101315.1422021,889976,19624.0
1777101325.665925,890119,19628.0
1777101349.6056643,890455,19632.0
1777101367.7177439,890715,19636.0
1777101379.0497627,890866,19640.0
1777101401.2015696,891179,19644.0
1777101424.8575387,891518,19648.0
1777101452.7649648,891913,19652.0
1777101485.2848275,892380,19656.0
1777101506.940781,892685,19660.0
1777101530.0008929,893011,19664.0
1777101558.8085732,893420,19668.0
1777101578.4005518,893698,19672.0
1777101601.1766927,894019,19676.0
1777101613.9365358,894187,19680.0
1777101634.39264,894482,19684.0
1777101652.0038695,894724,19688.0
1777101677.7277303,895083,19692.0
1777101700.7687027,895406,19696.0
1777101721.4601905,895697,19700.0
1777101748.8957167,896090,19704.0
1777101769.8038087,896386,19708.0
1777101791.063499,896682,19712.0
1777101811.0033157,896963,19716.0
1777101833.579613,897279,19720.0
1777101853.1392868,897553,19724.0
1777101880.814983,897944,19728.0
1777101908.5870938,898346,19732.0
1777101921.6466923,898514,19736.0
1777101936.9228244,898727,19740.0
1777101973.4067006,899247,19744.0
1777101997.514414,899590,19748.0
1777102019.758616,899904,19752.0
1777102048.149848,900309,19756.0
1777102074.7138343,900688,19760.0
1777102108.0577643,901169,19764.0
1777102133.0738788,901527,19768.0
1777102144.0096724,901680,19772.0
1777102156.4017744,901846,19776.0
1777102181.2576,902199,19780.0
1777102205.0335543,902541,19784.0
1777102226.0575523,902838,19788.0
1777102234.801556,902956,19792.0
1777102247.348875,903125,19796.0
1777102285.8689322,903684,19800.0
1777102297.7927933,903851,19804.0
1777102310.1247163,904017,19808.0
1777102328.4009116,904278,19812.0
1777102354.07669,904643,19816.0
1777102384.0127082,905068,19820.0
1777102397.2845688,905246,19824.0
1777102408.0845108,905394,19828.0
1777102436.804129,905804,19832.0
1777102459.2118242,906115,19836.0
1777102479.072053,906398,19840.0
1777102515.0637562,906909,19844.0
1777102535.0357544,907190,19848.0
1777102574.6197064,907756,19852.0
1777102598.9396377,908103,19856.0
1777102619.7633696,908393,19860.0
1777102661.6988456,908998,19864.0
1777102688.0070093,909381,19868.0
1777102720.0908406,909838,19872.0
1777102733.0387084,910008,19876.0
1777102756.9907072,910349,19880.0
1777102772.0584514,910563,19884.0
1777102787.750745,910779,19888.0
1777102816.5224879,911183,19892.0
1777102842.4579394,911552,19896.0
1777102872.9899073,911986,19900.0
1777102912.3816156,912560,19904.0
1777102927.1097214,912762,19908.0
1777102946.165698,913024,19912.0
1777102966.8776526,913312,19916.0
1777103005.0415087,913855,19920.0
1777103018.777558,914049,19924.0
1777103045.0449688,914421,19928.0
1777103071.1369698,914790,19932.0
1777103096.8767164,915157,19936.0
1777103103.7926295,915249,19940.0
1777103132.0607805,915653,19944.0
1777103161.8206723,916081,19948.0
1777103182.412544,916370,19952.0
1777103201.1366527,916635,19956.0
1777103223.312246,916945,19960.0
1777103257.3957598,917436,19964.0
1777103271.803893,917632,19968.0
1777103287.195658,917845,19972.0
1777103307.639765,918125,19976.0
1777103326.2477467,918385,19980.0
1777103356.1876574,918815,19984.0
1777103397.686959,919412,19988.0
1777103423.279021,919770,19992.0
1777103442.4153597,920033,19996.0
1777103470.2387538,920433,20000.0
1777103493.7987764,920767,20004.0
1777103509.2228537,920980,20008.0
1777103544.698703,921492,20012.0
1777103576.3827343,921949,20016.0
1777103583.3824284,922041,20020.0
1777103590.3064458,922133,20024.0
1777103599.3264015,922253,20028.0
1777103606.2259574,922345,20032.0
1777103629.7343411,922680,20036.0
1777103662.3660088,923145,20040.0
1777103684.0417745,923450,20044.0
1777103710.0336719,923824,20048.0
1777103737.3855743,924210,20052.0
1777103754.9775238,924452,20056.0
1777103763.8935618,924572,20060.0
1777103797.8252277,925060,20064.0
1777103811.668936,925250,20068.0
1777103835.5770168,925585,20072.0
1777103868.0529206,926050,20076.0
1777103885.2609894,926293,20080.0
1777103914.0609775,926707,20084.0
1777103936.5889914,927021,20088.0
1777103962.6813605,927394,20092.0
1777103984.9050303,927705,20096.0
1777104011.2290816,928083,20100.0
1777104035.1207614,928424,20104.0
1777104060.3045459,928778,20108.0
1777104077.7327576,929022,20112.0
1777104103.5045393,929392,20116.0
1777104127.648824,929734,20120.0
1777104139.8568242,929900,20124.0
1777104153.4726985,930093,20128.0
1777104164.864362,930243,20132.0
1777104180.2245986,930457,20136.0
1777104211.8480563,930907,20140.0
1777104252.3840442,931497,20144.0
1777104272.5919716,931775,20148.0
1777104292.8677442,932056,20152.0
1777104309.1078048,932286,20156.0
1777104334.4838321,932648,20160.0
1777104361.9518285,933041,20164.0
1777104393.3598921,933490,20168.0
1777104419.1356552,933858,20172.0
1777104442.4875026,934185,20176.0
1777104451.2875957,934301,20180.0
1777104485.6194186,934798,20184.0
1777104527.4550037,935397,20188.0
1777104552.5269632,935757,20192.0
1777104572.4188783,936034,20196.0
1777104601.7949896,936455,20200.0
1777104633.0307684,936906,20204.0
1777104649.4547698,937135,20208.0
1777104659.8067102,937273,20212.0
1777104675.854534,937494,20216.0
1777104696.3704782,937788,20220.0
1777104716.0145347,938065,20224.0
1777104726.7746148,938215,20228.0
1777104748.1979158,938518,20232.0
1777104771.1382632,938840,20236.0
1777104806.0899923,939343,20240.0
1777104831.1979792,939699,20244.0
1777104846.441942,939913,20248.0
1777104866.6338096,940192,20252.0
1777104888.6259577,940504,20256.0
1777104910.1497393,940814,20260.0
1777104945.2093747,941317,20264.0
1777104966.8095086,941624,20268.0
1777105007.6247997,942208,20272.0
1777105047.976955,942793,20276.0
1777105067.4768445,943067,20280.0
1777105091.1610856,943410,20284.0
1777105124.1688254,943883,20288.0
1777105148.29225,944223,20292.0
1777105170.3281474,944529,20296.0
1777105183.1766162,944708,20300.0
1777105216.0960307,945178,20304.0
1777105262.4637506,945850,20308.0
1777105297.8279676,946357,20312.0
1777105329.1196363,946808,20316.0
1777105343.979701,947008,20320.0
1777105368.1474555,947351,20324.0
1777105393.2874775,947716,20328.0
1777105411.00761,947962,20332.0
1777105443.470885,948422,20336.0
1777105470.7628312,948811,20340.0
1777105499.631083,949223,20344.0
1777105520.3068917,949513,20348.0
1777105563.0231564,950129,20352.0
1777105579.4507833,950352,20356.0
1777105596.5746608,950597,20360.0
1777105630.3186395,951085,20364.0
1777105654.8344493,951436,20368.0
1777105682.526445,951832,20372.0
1777105711.1498027,952241,20376.0
1777105734.626156,952575,20380.0
1777105747.2696235,952752,20384.0
1777105765.4099162,952997,20388.0
1777105781.6017115,953223,20392.0
1777105798.2935123,953449,20396.0
1777105830.1015215,953899,20400.0
1777105860.0855212,954330,20404.0
1777105892.4773235,954786,20408.0
1777105909.4128072,955015,20412.0
1777105937.8534148,955416,20416.0
1777105958.044928,955704,20420.0
1777105974.5289717,955932,20424.0
1777106006.612762,956390,20428.0
1777106030.7205572,956726,20432.0
1777106060.4207745,957149,20436.0
1777106088.3967655,957548,20440.0
1777106115.1247845,957937,20444.0
1777106135.3803241,958222,20448.0
1777106149.4883606,958415,20452.0
1777106165.980069,958648,20456.0
1777106191.9400113,959016,20460.0
1777106209.0836298,959253,20464.0
1777106235.0077283,959628,20468.0
1777106256.899732,959935,20472.0
1777106277.7397046,960231,20476.0
1777106305.5236332,960626,20480.0
1777106338.3155634,961100,20484.0
1777106354.3074436,961327,20488.0
1777106383.4915402,961742,20492.0
1777106421.234835,962278,20496.0
1777106444.6509986,962611,20500.0
1777106482.4788535,963152,20504.0
1777106505.7625644,963487,20508.0
1777106522.3628023,963711,20512.0
1777106562.7624834,964295,20516.0
1777106595.4938955,964766,20520.0
1777106617.701838,965082,20524.0
1777106660.222018,965696,20528.0
1777106696.2219443,966212,20532.0
1777106717.7057023,966513,20536.0
1777106738.173612,966805,20540.0
1777106771.7736819,967290,20544.0
1777106797.5131702,967653,20548.0
1777106821.2049384,967985,20552.0
1777106842.4968452,968282,20556.0
1777106863.273361,968578,20560.0
1777106891.1088583,968974,20564.0
1777106913.4326684,969282,20568.0
1777106933.2566798,969558,20572.0
1777106963.0649674,969987,20576.0
1777106990.2486467,970375,20580.0
1777107006.384561,970604,20584.0
1777107025.424169,970869,20588.0
1777107051.944623,971245,20592.0
1777107080.416437,971654,20596.0
1777107100.743711,971947,20600.0
1777107131.2998762,972388,20604.0
1777107153.7836213,972701,20608.0
1777107182.195722,973110,20612.0
1777107221.4116182,973675,20616.0
1777107243.8514168,973990,20620.0
1777107262.5435786,974253,20624.0
1777107285.535173,974585,20628.0
1777107309.8472917,974923,20632.0
1777107343.630739,975410,20636.0
1777107379.262781,975916,20640.0
1777107404.0545628,976275,20644.0
1777107420.3787754,976498,20648.0
1777107447.590677,976882,20652.0
1777107478.4742727,977325,20656.0
1777107506.0658827,977720,20660.0
1777107539.9978473,978210,20664.0
1777107566.9059057,978592,20668.0
1777107590.4981267,978924,20672.0
1777107603.0418558,979093,20676.0
1777107614.4257805,979246,20680.0
1777107641.7896562,979637,20684.0
1777107659.917773,979890,20688.0
1777107676.0336363,980120,20692.0
1777107697.473226,980425,20696.0
1777107721.709163,980769,20700.0
1777107753.0169365,981218,20704.0
1777107782.5329847,981641,20708.0
1777107822.5009959,982219,20712.0
1777107844.2286403,982521,20716.0
1777107874.184736,982944,20720.0
1777107890.4601395,983171,20724.0
1777107923.9117742,983650,20728.0
1777107940.795927,983886,20732.0
1777107968.3277013,984281,20736.0
1777107991.5516744,984608,20740.0
1777108018.595453,984993,20744.0
1777108046.0949304,985383,20748.0
1777108092.363061,986057,20752.0
1777108111.270437,986317,20756.0
1777108139.3944464,986716,20760.0
1777108173.3304534,987204,20764.0
1777108210.9817913,987746,20768.0
1777108229.953902,988007,20772.0
1777108260.1977074,988439,20776.0
1777108288.5296843,988841,20780.0
1777108305.2655501,989080,20784.0
1777108332.5809238,989472,20788.0
1777108353.840886,989766,20792.0
1777108390.3887115,990298,20796.0
1777108405.6166165,990508,20800.0
1777108418.0807161,990683,20804.0
1777108443.7406929,991046,20808.0
1777108472.5082974,991457,20812.0
1777108503.8326461,991904,20816.0
1777108543.6679933,992479,20820.0
1777108571.1158483,992872,20824.0
1777108589.7600286,993130,20828.0
1777108611.251368,993427,20832.0
1777108644.8274615,993912,20836.0
1777108672.1431434,994302,20840.0
1777108691.535053,994581,20844.0
1777108702.8190212,994729,20848.0
1777108739.5186229,995253,20852.0
1777108770.3624282,995696,20856.0
1777108793.794572,996027,20860.0
1777108807.7785969,996224,20864.0
1777108826.2866168,996483,20868.0
1777108840.8786488,996687,20872.0
1777108869.7861083,997094,20876.0
1777108891.9939342,997405,20880.0
1777108929.2297256,997945,20884.0
1777108969.9295797,998527,20888.0
1777109016.4575608,999199,20892.0
1777109052.8137324,999722,20896.0
1777109081.436012,1000077,20900.0
1777109106.905061,1000440,20904.0
1777109136.8088923,1000865,20908.0
1777109151.1005921,1001063,20912.0
1777109161.3806915,1001201,20916.0
1777109184.0563967,1001516,20920.0
1777109205.3324165,1001823,20924.0
1777109227.1924074,1002131,20928.0
1777109250.7002008,1002459,20932.0
1777109269.7922814,1002734,20936.0
1777109284.6998343,1002938,20940.0
1777109306.599814,1003247,20944.0
1777109319.4838262,1003424,20948.0
1777109348.5438251,1003835,20952.0
1777109367.6357107,1004097,20956.0
1777109403.1352034,1004601,20960.0
1777109440.2348983,1005139,20964.0
1777109462.6109812,1005448,20968.0
1777109492.7350671,1005875,20972.0
1777109524.586783,1006332,20976.0
1777109564.2387457,1006904,20980.0
1777109596.5944011,1007368,20984.0
1777109622.8139508,1007736,20988.0
1777109655.721883,1008206,20992.0
1777109678.5140083,1008526,20996.0
1777109703.2137449,1008872,21000.0
1777109731.4536486,1009276,21004.0
1777109759.4457312,1009670,21008.0
1777109788.1137745,1010077,21012.0
1777109812.7894516,1010428,21016.0
1777109830.8647606,1010685,21020.0
1777109863.3892126,1011151,21024.0
1777109888.0568807,1011495,21028.0
1777109911.2646568,1011822,21032.0
1777109942.0245395,1012266,21036.0
1777109969.3924897,1012655,21040.0
1777109995.916506,1013034,21044.0
1777110008.2604797,1013202,21048.0
1777110038.8524895,1013641,21052.0
1777110069.1680026,1014075,21056.0
1777110091.6284423,1014394,21060.0
1777110105.5599086,1014590,21064.0
1777110145.32781,1015158,21068.0
1777110192.219747,1015843,21072.0
1777110219.011671,1016220,21076.0
1777110235.1360316,1016439,21080.0
1777110272.571702,1016979,21084.0
1777110299.527699,1017362,21088.0
1777110315.203721,1017583,21092.0
1777110343.047595,1017975,21096.0
1777110376.4151766,1018454,21100.0
1777110413.9309235,1018989,21104.0
1777110440.7396054,1019377,21108.0
1777110461.263146,1019661,21112.0
1777110482.9231038,1019964,21116.0
1777110510.2147849,1020348,21120.0
1777110538.91494,1020761,21124.0
1777110573.6507092,1021256,21128.0
1777110601.926682,1021656,21132.0
1777110619.6186962,1021909,21136.0
1777110647.1424968,1022303,21140.0
1777110678.993824,1022762,21144.0
1777110702.1658628,1023090,21148.0
1777110727.8940997,1023460,21152.0
1777110746.2499204,1023716,21156.0
1777110764.1260786,1023966,21160.0
1777110808.909878,1024613,21164.0
1777110834.0375686,1024965,21168.0
1777110854.4933765,1025259,21172.0
1777110878.5296552,1025594,21176.0
1777110906.821493,1025993,21180.0
1777110941.669012,1026494,21184.0
1777110965.6969624,1026836,21188.0
1777110993.9369047,1027233,21192.0
1777111028.0049498,1027725,21196.0
1777111058.6726744,1028165,21200.0
1777111089.3965805,1028607,21204.0
1777111101.5566862,1028773,21208.0
1777111136.3479483,1029269,21212.0
1777111161.3638792,1029631,21216.0
1777111196.447962,1030128,21220.0
1777111223.4557714,1030513,21224.0
1777111250.467871,1030906,21228.0
1777111277.6757646,1031289,21232.0
1777111298.6675477,1031583,21236.0
1777111323.2355435,1031932,21240.0
1777111348.459409,1032291,21244.0
1777111384.1270998,1032806,21248.0
1777111398.391241,1033007,21252.0
1777111428.2269118,1033430,21256.0
1777111441.1750839,1033602,21260.0
1777111457.1869671,1033830,21264.0
1777111479.2947443,1034142,21268.0
1777111507.1266062,1034534,21272.0
1777111546.5266018,1035105,21276.0
1777111576.2865558,1035531,21280.0
1777111616.8865457,1036113,21284.0
1777111658.9861271,1036726,21288.0
1777111694.4537358,1037232,21292.0
1777111730.373482,1037748,21296.0
1777111760.1977887,1038177,21300.0
1777111809.3733997,1038889,21304.0
1777111841.9487967,1039353,21308.0
1777111872.0649803,1039786,21312.0
1777111896.2089655,1040129,21316.0
1777111936.1086242,1040703,21320.0
1777111969.3925052,1041183,21324.0
1777111992.4485366,1041509,21328.0
1777112011.5401502,1041768,21332.0
1777112037.2518425,1042131,21336.0
1777112070.1998413,1042602,21340.0
1777112087.8677404,1042852,21344.0
1777112111.351685,1043186,21348.0
1777112138.09155,1043565,21352.0
1777112172.7277246,1044059,21356.0
1777112202.4875088,1044483,21360.0
1777112218.6427233,1044709,21364.0
1777112236.6348484,1044966,21368.0
1777112255.8790462,1045236,21372.0
1777112273.9033515,1045494,21376.0
1777112288.0546515,1045690,21380.0
1777112320.3707814,1046157,21384.0
1777112356.102573,1046666,21388.0
1777112390.294497,1047158,21392.0
1777112427.7380552,1047693,21396.0
1777112456.181923,1048097,21400.0
1777112474.4616704,1048358,21404.0
1777112495.9297795,1048662,21408.0
1777112517.5736992,1048968,21412.0
1777112536.8814168,1049243,21416.0
1777112563.0213292,1049608,21420.0
1777112589.249482,1049984,21424.0
1777112621.4169266,1050446,21428.0
1777112637.4728928,1050669,21432.0
1777112665.1568198,1051062,21436.0
1777112686.224733,1051359,21440.0
1777112714.5844474,1051766,21444.0
1777112738.3685079,1052099,21448.0
1777112766.7245889,1052501,21452.0
1777112795.5999045,1052912,21456.0
1777112822.2519875,1053290,21460.0
1777112843.1281447,1053591,21464.0
1777112871.483733,1053994,21468.0
1777112895.411625,1054327,21472.0
1777112932.675661,1054863,21476.0
1777112954.319179,1055164,21480.0
1777112986.9351046,1055633,21484.0
1777113003.6429799,1055863,21488.0
1777113022.2347658,1056123,21492.0
1777113054.1107843,1056574,21496.0
1777113075.0708225,1056870,21500.0
1777113105.586678,1057308,21504.0
1777113148.5386984,1057922,21508.0
1777113187.6218166,1058486,21512.0
1777113217.713961,1058911,21516.0
1777113242.314279,1059256,21520.0
1777113255.0458415,1059435,21524.0
1777113281.837558,1059812,21528.0
1777113310.2575204,1060220,21532.0
1777113336.1813207,1060588,21536.0
1777113358.1734507,1060898,21540.0
1777113379.7649965,1061210,21544.0
1777113414.364973,1061708,21548.0
1777113455.216808,1062289,21552.0
1777113471.2407606,1062512,21556.0
1777113502.9846866,1062968,21560.0
1777113512.040411,1063088,21564.0
1777113524.7246988,1063267,21568.0
1777113550.4444904,1063631,21572.0
1777113588.307825,1064174,21576.0
1777113619.8200297,1064625,21580.0
1777113638.9917843,1064894,21584.0
1777113665.183963,1065259,21588.0
1777113688.787453,1065592,21592.0
1777113711.379616,1065913,21596.0
1777113724.843857,1066096,21600.0
1777113746.3195367,1066398,21604.0
1777113765.9634554,1066679,21608.0
1777113776.919039,1066824,21612.0
1777113816.3555002,1067392,21616.0
1777113850.0307367,1067880,21620.0
1777113868.0388315,1068130,21624.0
1777113898.438712,1068568,21628.0
1777113929.114701,1069005,21632.0
1777113954.0307121,1069363,21636.0
1777113978.5223503,1069708,21640.0
1777113990.9984143,1069875,21644.0
1777114021.3061616,1070308,21648.0
1777114045.8498404,1070664,21652.0
1777114081.0818145,1071171,21656.0
1777114113.1418102,1071632,21660.0
1777114145.7415133,1072101,21664.0
1777114176.0095942,1072534,21668.0
1777114207.3653283,1072982,21672.0
1777114224.8572278,1073229,21676.0
1777114244.149032,1073497,21680.0
1777114260.3089883,1073717,21684.0
1777114285.2327554,1074076,21688.0
1777114313.3769617,1074478,21692.0
1777114337.660492,1074818,21696.0
1777114365.668381,1075216,21700.0
1777114395.5765138,1075644,21704.0
1777114432.7278812,1076178,21708.0
1777114456.6197662,1076513,21712.0
1777114483.787825,1076901,21716.0
1777114504.1115208,1077184,21720.0
1777114528.3876915,1077531,21724.0
1777114559.871673,1077984,21728.0
1777114582.847456,1078312,21732.0
1777114598.5634658,1078526,21736.0
1777114607.6235378,1078646,21740.0
1777114635.7631657,1079051,21744.0
1777114662.8468072,1079431,21748.0
1777114685.5707266,1079751,21752.0
1777114708.7468958,1080076,21756.0
1777114743.0467494,1080565,21760.0
1777114781.4222102,1081121,21764.0
1777114808.0905118,1081502,21768.0
1777114835.2343597,1081884,21772.0
1777114852.7064285,1082129,21776.0
1777114876.2977273,1082463,21780.0
1777114917.5816004,1083060,21784.0
1777114940.8937316,1083392,21788.0
1777114972.757678,1083849,21792.0
1777115001.7335181,1084258,21796.0
1777115034.6533318,1084732,21800.0
1777115075.3173335,1085316,21804.0
1777115104.4774268,1085734,21808.0
1777115127.8925896,1086058,21812.0
1777115155.436711,1086458,21816.0
1777115179.6885693,1086800,21820.0
1777115199.4205456,1087078,21824.0
1777115232.304571,1087548,21828.0
1777115253.796177,1087843,21832.0
1777115279.863775,1088214,21836.0
1777115294.8478584,1088426,21840.0
1777115315.787883,1088720,21844.0
1777115331.8117256,1088944,21848.0
1777115362.7877934,1089390,21852.0
1777115392.0876436,1089806,21856.0
1777115421.847544,1090237,21860.0
1777115459.5834048,1090777,21864.0
1777115484.6067111,1091137,21868.0
1777115510.347109,1091502,21872.0
1777115540.9508,1091940,21876.0
1777115567.5587676,1092318,21880.0
1777115584.1986983,1092548,21884.0
1777115599.442715,1092764,21888.0
1777115628.8506262,1093186,21892.0
1777115656.8342807,1093584,21896.0
1777115677.1939027,1093866,21900.0
1777115696.3857963,1094142,21904.0
1777115717.3260157,1094438,21908.0
1777115760.093791,1095047,21912.0
1777115777.7017963,1095296,21916.0
1777115800.3937778,1095613,21920.0
1777115827.5695567,1096003,21924.0
1777115869.8855731,1096617,21928.0
1777115901.8688056,1097072,21932.0
1777115945.9689915,1097701,21936.0
1777115975.1447632,1098114,21940.0
1777116011.9287183,1098648,21944.0
1777116037.6287458,1099010,21948.0
1777116075.4886906,1099553,21952.0
1777116106.7719624,1099998,21956.0
1777116129.8957076,1100320,21960.0
1777116145.3559873,1100540,21964.0
1777116169.6999834,1100884,21968.0
1777116199.2996235,1101305,21972.0
1777116229.0075572,1101726,21976.0
1777116255.9314203,1102110,21980.0
1777116289.983437,1102603,21984.0
1777116317.9748566,1102999,21988.0
1777116353.8429976,1103516,21992.0
1777116383.174893,1103931,21996.0
1777116415.2347798,1104386,22000.0
1777116435.9943476,1104676,22004.0
1777116462.758638,1105059,22008.0
1777116483.818387,1105356,22012.0
1777116515.7939277,1105813,22016.0
1777116531.953836,1106040,22020.0
1777116575.2698328,1106661,22024.0
1777116602.721712,1107055,22028.0
1777116631.3936715,1107457,22032.0
1777116658.0856977,1107840,22036.0
1777116685.9535265,1108235,22040.0
1777116720.3453064,1108722,22044.0
1777116742.5050814,1109036,22048.0
1777116771.6569433,1109449,22052.0
1777116808.6206822,1109981,22056.0
1777116837.548734,1110391,22060.0
1777116869.1326792,1110846,22064.0
1777116891.9405591,1111162,22068.0
1777116927.508297,1111674,22072.0
1777116950.5006013,1112001,22076.0
1777116980.707978,1112432,22080.0
1777117011.1597838,1112869,22084.0
1777117046.4322038,1113378,22088.0
1777117066.8596973,1113663,22092.0
1777117096.7914708,1114089,22096.0
1777117124.267375,1114478,22100.0
1777117156.0829124,1114938,22104.0
1777117179.5592396,1115268,22108.0
1777117205.0266795,1115627,22112.0
1777117224.5590189,1115901,22116.0
1777117253.0627348,1116306,22120.0
1777117278.486396,1116671,22124.0
1777117295.6106558,1116904,22128.0
1777117319.8703058,1117255,22132.0
1777117351.6944284,1117701,22136.0
1777117370.102325,1117960,22140.0
1777117394.3377204,1118306,22144.0
1777117419.6296687,1118664,22148.0
1777117450.1217954,1119096,22152.0
1777117474.2056482,1119431,22156.0
1777117493.8295975,1119709,22160.0
1777117513.7977204,1119987,22164.0
1777117546.2814193,1120455,22168.0
1777117575.4969072,1120874,22172.0
1777117605.3887339,1121303,22176.0
1777117636.9408343,1121752,22180.0
1777117671.4167144,1122249,22184.0
1777117703.9167018,1122716,22188.0
1777117737.5484347,1123199,22192.0
1777117768.9238825,1123646,22196.0
1777117811.6240163,1124256,22200.0
1777117843.1916406,1124708,22204.0
1777117894.0755446,1125439,22208.0
1777117913.3677013,1125716,22212.0
1777117942.9034758,1126136,22216.0
1777117966.5109704,1126463,22220.0
1777118005.2108262,1127022,22224.0
1777118036.7708793,1127473,22228.0
1777118057.5787396,1127765,22232.0
1777118094.4625523,1128291,22236.0
1777118124.1467254,1128714,22240.0
1777118159.6064253,1129225,22244.0
1777118190.0379612,1129662,22248.0
1777118215.5981398,1130026,22252.0
1777118253.5218465,1130564,22256.0
1777118268.4217649,1130770,22260.0
1777118287.549784,1131034,22264.0
1777118323.3336809,1131547,22268.0
1777118344.5256262,1131845,22272.0
1777118375.6174226,1132291,22276.0
1777118411.0647788,1132799,22280.0
1777118433.4087152,1133112,22284.0
1777118461.4657524,1133516,22288.0
1777118487.5328355,1133889,22292.0
1777118515.0607417,1134283,22296.0
1777118543.284532,1134682,22300.0
1777118568.7524693,1135044,22304.0
1777118607.2518616,1135600,22308.0
1777118633.0278788,1135970,22312.0
1777118661.4836512,1136376,22316.0
1777118696.7677195,1136885,22320.0
1777118729.3197124,1137354,22324.0
1777118752.2955003,1137673,22328.0
1777118783.0191154,1138114,22332.0
1777118799.4468246,1138335,22336.0
1777118821.5548182,1138654,22340.0
1777118852.77098,1139096,22344.0
1777118880.9945054,1139507,22348.0
1777118901.8227968,1139794,22352.0
1777118930.8066757,1140209,22356.0
1777118954.1979792,1140538,22360.0
1777118992.4819806,1141092,22364.0
1777119033.798296,1141685,22368.0
1777119066.2979274,1142152,22372.0
1777119085.5338855,1142423,22376.0
1777119110.725732,1142781,22380.0
1777119138.9095445,1143185,22384.0
1777119165.133527,1143553,22388.0
1777119196.6654646,1144003,22392.0
1777119206.9010208,1144143,22396.0
1777119230.3567455,1144467,22400.0
1777119263.9246638,1144950,22404.0
1777119310.176798,1145616,22408.0
1777119335.9927125,1145979,22412.0
1777119355.0087302,1146250,22416.0
1777119387.3924747,1146715,22420.0
1777119403.1679928,1146930,22424.0
1777119435.3602421,1147392,22428.0
1777119473.2800431,1147940,22432.0
1777119497.9956393,1148289,22436.0
1777119526.519737,1148694,22440.0
1777119547.4476523,1148987,22444.0
1777119584.2312214,1149512,22448.0
1777119620.7310188,1150037,22452.0
1777119642.470766,1150340,22456.0
1777119660.0469747,1150591,22460.0
1777119686.9069123,1150975,22464.0
1777119717.7148771,1151419,22468.0
1777119739.638582,1151722,22472.0
1777119765.5064466,1152091,22476.0
1777119787.250519,1152396,22480.0
1777119808.4738493,1152701,22484.0
1777119854.7262945,1153366,22488.0
1777119885.4579496,1153802,22492.0
1777119919.001592,1154284,22496.0
1777119942.8016562,1154616,22500.0
1777119973.925557,1155063,22504.0
1777120006.961341,1155531,22508.0
1777120022.94157,1155757,22512.0
1777120050.2610316,1156147,22516.0
1777120080.7167237,1156579,22520.0
1777120105.0367208,1156925,22524.0
1777120133.8126397,1157336,22528.0
1777120158.084523,1157678,22532.0
1777120185.8366594,1158077,22536.0
1777120215.427905,1158501,22540.0
1777120248.7639723,1158983,22544.0
1777120274.5360878,1159345,22548.0
1777120294.679679,1159623,22552.0
1777120311.2556522,1159858,22556.0
1777120338.9316733,1160246,22560.0
1777120365.339701,1160622,22564.0
1777120396.107328,1161065,22568.0
1777120425.1788893,1161482,22572.0
1777120462.6990368,1162018,22576.0
1777120492.830702,1162448,22580.0
1777120532.5826764,1163022,22584.0
1777120570.9344027,1163568,22588.0
1777120604.8058476,1164053,22592.0
1777120634.625767,1164482,22596.0
1777120654.0025077,1164755,22600.0
1777120683.6100578,1165183,22604.0
1777120713.55772,1165611,22608.0
1777120731.2935827,1165855,22612.0
1777120750.1936777,1166121,22616.0
1777120786.1689339,1166639,22620.0
1777120823.8009253,1167184,22624.0
1777120865.2209432,1167781,22628.0
1777120894.0693436,1168200,22632.0
1777120930.1967096,1168710,22636.0
1777120946.968272,1168950,22640.0
1777120976.204521,1169367,22644.0
1777121005.0281355,1169783,22648.0
1777121034.0560312,1170196,22652.0
1777121052.1279612,1170447,22656.0
1777121072.5878723,1170740,22660.0
1777121097.903705,1171102,22664.0
1777121122.6957288,1171450,22668.0
1777121157.5156646,1171949,22672.0
1777121186.8549993,1172368,22676.0
1777121224.591337,1172909,22680.0
1777121261.538823,1173440,22684.0
1777121284.2307203,1173764,22688.0
1777121321.9346306,1174298,22692.0
1777121350.4583716,1174703,22696.0
1777121377.6184616,1175088,22700.0
1777121414.1181045,1175617,22704.0
1777121430.4423337,1175850,22708.0
1777121467.1577148,1176372,22712.0
1777121492.533756,1176738,22716.0
1777121521.3177412,1177148,22720.0
1777121547.6773937,1177525,22724.0
1777121573.8854241,1177897,22728.0
1777121602.4209669,1178300,22732.0
1777121631.0928469,1178710,22736.0
1777121664.6126037,1179190,22740.0
1777121688.0047777,1179522,22744.0
1777121718.4807334,1179953,22748.0
1777121749.9805765,1180408,22752.0
1777121793.564519,1181039,22756.0
1777121819.7722237,1181415,22760.0
1777121849.7241008,1181845,22764.0
1777121875.9635792,1182217,22768.0
1777121907.0154452,1182657,22772.0
1777121929.5915947,1182970,22776.0
1777121947.0316622,1183214,22780.0
1777121971.5915911,1183569,22784.0
1777121987.7155652,1183793,22788.0
1777122018.6908956,1184239,22792.0
1777122046.9990788,1184640,22796.0
1777122084.1507285,1185174,22800.0
1777122096.8425627,1185343,22804.0
1777122126.37472,1185768,22808.0
1777122154.5507412,1186178,22812.0
1777122182.3584993,1186570,22816.0
1777122214.0782957,1187027,22820.0
1777122252.5618417,1187578,22824.0
1777122282.0859983,1188002,22828.0
1777122311.2017214,1188417,22832.0
1777122334.929983,1188758,22836.0
1777122368.9217079,1189235,22840.0
1777122407.1216738,1189786,22844.0
1777122433.5893605,1190159,22848.0
1777122448.0053093,1190361,22852.0
1777122472.1297104,1190704,22856.0
1777122493.196913,1190996,22860.0
1777122522.7048364,1191418,22864.0
1777122556.4893665,1191903,22868.0
1777122578.5650403,1192214,22872.0
1777122617.364592,1192777,22876.0
1777122640.7246697,1193108,22880.0
1777122671.792774,1193554,22884.0
1777122693.972689,1193871,22888.0
1777122724.092622,1194296,22892.0
1777122745.2685816,1194589,22896.0
1777122777.351966,1195042,22900.0
1777122813.3440099,1195563,22904.0
1777122853.427669,1196135,22908.0
1777122873.0517724,1196412,22912.0
1777122910.6517282,1196945,22916.0
1777122936.427754,1197318,22920.0
1777122965.443704,1197732,22924.0
1777122994.419135,1198144,22928.0
1777123019.834983,1198505,22932.0
1777123041.962862,1198815,22936.0
1777123052.9274113,1198964,22940.0
1777123079.4871724,1199342,22944.0
1777123115.0226889,1199857,22948.0
1777123135.130699,1200139,22952.0
1777123172.8627272,1200684,22956.0
1777123197.606525,1201036,22960.0
1777123223.0740309,1201397,22964.0
1777123246.630445,1201729,22968.0
1777123275.8744082,1202146,22972.0
1777123299.6656914,1202482,22976.0
1777123324.4659555,1202841,22980.0
1777123353.1579971,1203250,22984.0
1777123395.1577923,1203848,22988.0
1777123422.7936916,1204236,22992.0
1777123455.3649025,1204702,22996.0
1777123485.1689363,1205126,23000.0
1777123501.049346,1205352,23004.0
1777123537.600934,1205878,23008.0
1777123562.3089075,1206224,23012.0
1777123581.036973,1206485,23016.0
1777123621.820671,1207073,23020.0
1777123653.2366905,1207526,23024.0
1777123675.2760544,1207836,23028.0
1777123691.9679163,1208066,23032.0
1777123711.4120934,1208345,23036.0
1777123733.8363092,1208658,23040.0
1777123767.3278816,1209140,23044.0
1777123783.8038943,1209369,23048.0
1777123821.95565,1209920,23052.0
1777123842.587687,1210206,23056.0
1777123870.0475898,1210597,23060.0
1777123892.2554476,1210918,23064.0
1777123918.2151556,1211287,23068.0
1777123935.0708303,1211516,23072.0
1777123972.722702,1212060,23076.0
1777123997.2828627,1212406,23080.0
1777124034.6506557,1212944,23084.0
1777124051.5227153,1213179,23088.0
1777124080.8066812,1213597,23092.0
1777124113.9505086,1214070,23096.0
1777124136.257796,1214392,23100.0
1777124154.2823353,1214642,23104.0
1777124180.358413,1215014,23108.0
1777124214.7577746,1215505,23112.0
1777124250.3495045,1216018,23116.0
1777124284.8337295,1216511,23120.0
1777124299.4776363,1216711,23124.0
1777124340.8609354,1217306,23128.0
1777124380.9607205,1217878,23132.0
1777124407.9051657,1218266,23136.0
1777124442.3884175,1218756,23140.0
1777124489.2528586,1219435,23144.0
1777124526.9364405,1219976,23148.0
1777124559.9720418,1220441,23152.0
1777124584.3798556,1220790,23156.0
1777124605.2721376,1221079,23160.0
1777124633.8478088,1221488,23164.0
1777124667.0476313,1221959,23168.0
1777124693.7557135,1222334,23172.0
1777124723.9396574,1222767,23176.0
1777124747.7835677,1223104,23180.0
1777124788.5989215,1223698,23184.0
1777124831.3429637,1224310,23188.0
1777124862.450909,1224748,23192.0
1777124895.0346959,1225216,23196.0
1777124916.8503535,1225529,23200.0
1777124935.2424986,1225783,23204.0
1777124980.811227,1226444,23208.0
1777125004.8420262,1226783,23212.0
1777125031.3537264,1227156,23216.0
1777125052.2458339,1227447,23220.0
1777125082.7855752,1227885,23224.0
1777125118.8012953,1228400,23228.0
1777125145.3535233,1228774,23232.0
1777125177.4768515,1229230,23236.0
1777125195.9533396,1229485,23240.0
1777125221.081168,1229850,23244.0
1777125254.696943,1230330,23248.0
1777125279.2564487,1230684,23252.0
1777125312.6206822,1231159,23256.0
1777125349.0726397,1231685,23260.0
1777125386.2959814,1232223,23264.0
1777125418.515976,1232686,23268.0
1777125448.083845,1233108,23272.0
1777125472.7239578,1233454,23276.0
1777125500.3476791,1233848,23280.0
1777125527.223735,1234230,23284.0
1777125546.6677077,1234506,23288.0
1777125589.8272815,1235124,23292.0
1777125608.8075666,1235393,23296.0
1777125643.4911156,1235889,23300.0
1777125668.966889,1236257,23304.0
1777125693.4187593,1236603,23308.0
1777125716.626777,1236929,23312.0
1777125751.562606,1237434,23316.0
1777125778.3024538,1237813,23320.0
1777125802.1940167,1238150,23324.0
1777125823.3704162,1238443,23328.0
1777125850.2299595,1238831,23332.0
1777125867.6698446,1239072,23336.0
1777125907.505673,1239648,23340.0
1777125951.3696942,1240279,23344.0
1777125980.3374398,1240689,23348.0
1777126001.3811593,1240989,23352.0
1777126036.8970704,1241495,23356.0
1777126059.972845,1241823,23360.0
1777126099.056694,1242381,23364.0
1777126122.1487265,1242711,23368.0
1777126163.0167077,1243300,23372.0
1777126205.0326607,1243907,23376.0
1777126241.9484024,1244434,23380.0
1777126284.2685618,1245040,23384.0
1777126302.7438016,1245301,23388.0
1777126351.1277025,1245999,23392.0
1777126378.3998318,1246388,23396.0
1777126415.0188231,1246918,23400.0
1777126447.2871015,1247382,23404.0
1777126480.3349776,1247854,23408.0
1777126514.3428047,1248334,23412.0
1777126541.2626011,1248720,23416.0
1777126571.9864388,1249155,23420.0
1777126603.4542813,1249608,23424.0
1777126633.0619774,1250027,23428.0
1777126665.4300997,1250480,23432.0
1777126684.4897275,1250749,23436.0
1777126712.0817387,1251143,23440.0
1777126744.1134815,1251602,23444.0
1777126768.488897,1251945,23448.0
1777126801.9488761,1252426,23452.0
1777126833.1807427,1252874,23456.0
1777126857.1886601,1253210,23460.0
1777126885.9083977,1253622,23464.0
1777126926.5562778,1254210,23468.0
1777126947.5159059,1254505,23472.0
1777126975.5239089,1254901,23476.0
1777127001.5159514,1255265,23480.0
1777127038.567789,1255799,23484.0
1777127073.9517148,1256307,23488.0
1777127096.0753193,1256615,23492.0
1777127134.7595346,1257169,23496.0
1777127157.83502,1257493,23500.0
1777127182.9105854,1257848,23504.0
1777127210.0269325,1258236,23508.0
1777127253.326633,1258857,23512.0
1777127286.0546362,1259329,23516.0
1777127315.4864514,1259747,23520.0
1777127336.662441,1260046,23524.0
1777127366.169947,1260464,23528.0
1777127393.2856538,1260845,23532.0
1777127411.31376,1261103,23536.0
1777127440.0696542,1261514,23540.0
1777127464.861631,1261865,23544.0
1777127496.365246,1262313,23548.0
1777127524.621037,1262713,23552.0
1777127570.2728138,1263373,23556.0
1777127594.188908,1263713,23560.0
1777127622.232743,1264114,23564.0
1777127659.716654,1264653,23568.0
1777127680.5084014,1264949,23572.0
1777127716.9397786,1265460,23576.0
1777127757.9239533,1266048,23580.0
1777127788.7676427,1266490,23584.0
1777127824.9516287,1267013,23588.0
1777127848.4757514,1267346,23592.0
1777127886.7434552,1267898,23596.0
1777127919.826783,1268371,23600.0
1777127949.6189847,1268799,23604.0
1777127977.419032,1269193,23608.0
1777128025.2706718,1269882,23612.0
1777128060.7864141,1270387,23616.0
1777128089.1299036,1270791,23620.0
1777128119.8458316,1271230,23624.0
1777128157.0858896,1271767,23628.0
1777128206.3977308,1272477,23632.0
1777128254.1295936,1273167,23636.0
1777128290.1135106,1273675,23640.0
1777128307.3730965,1273922,23644.0
1777128345.6727593,1274471,23648.0
1777128362.7329748,1274709,23652.0
1777128388.8087587,1275086,23656.0
1777128410.7327278,1275389,23660.0
1777128454.7326722,1276029,23664.0
1777128479.292356,1276377,23668.0
1777128511.8919003,1276842,23672.0
1777128549.4760423,1277391,23676.0
1777128565.284163,1277613,23680.0
1777128606.5515933,1278211,23684.0
1777128645.3834262,1278770,23688.0
1777128673.7436373,1279176,23692.0
1777128689.5670607,1279391,23696.0
1777128706.8951442,1279634,23700.0
1777128733.9868586,1280023,23704.0
1777128781.902797,1280710,23708.0
1777128804.5787039,1281024,23712.0
1777128835.2106397,1281464,23716.0
1777128862.53836,1281853,23720.0
1777128883.1464126,1282148,23724.0
1777128909.145791,1282513,23728.0
1777128944.7058327,1283025,23732.0
1777128982.1979296,1283565,23736.0
1777129010.9217656,1283969,23740.0
1777129059.3055992,1284677,23744.0
1777129089.5814047,1285107,23748.0
1777129111.9331784,1285423,23752.0
1777129129.640942,1285666,23756.0
1777129161.5170376,1286118,23760.0
1777129190.432723,1286531,23764.0
1777129219.5566142,1286942,23768.0
1777129258.5606444,1287505,23772.0
1777129290.3520448,1287960,23776.0
1777129315.6362202,1288320,23780.0
1777129341.760095,1288691,23784.0
1777129374.9918466,1289168,23788.0
1777129402.203607,1289553,23792.0
1777129436.303463,1290043,23796.0
1777129474.6437066,1290595,23800.0
1777129507.162982,1291064,23804.0
1777129546.2789202,1291630,23808.0
1777129589.3788044,1292249,23812.0
1777129605.2866445,1292469,23816.0
1777129620.6467497,1292675,23820.0
1777129649.9868045,1293097,23824.0
1777129693.0899992,1293724,23828.0
1777129726.290077,1294196,23832.0
1777129742.3139646,1294414,23836.0
1777129767.6058354,1294777,23840.0
1777129793.4896033,1295145,23844.0
1777129819.5337617,1295523,23848.0
1777129854.0335484,1296011,23852.0
1777129879.4496374,1296372,23856.0
1777129919.9169858,1296951,23860.0
1777129945.5851088,1297316,23864.0
1777129973.4167376,1297713,23868.0
1777130013.1604884,1298286,23872.0
1777130045.3446045,1298751,23876.0
1777130071.0686781,1299113,23880.0
1777130103.6001277,1299580,23884.0
1777130143.2200675,1300157,23888.0
1777130165.875933,1300477,23892.0
1777130182.8959098,1300714,23896.0
1777130217.8280852,1301215,23900.0
1777130255.6636431,1301765,23904.0
1777130288.3109314,1302235,23908.0
1777130312.3553343,1302580,23912.0
1777130340.77879,1302985,23916.0
1777130365.022905,1303330,23920.0
1777130403.9066913,1303893,23924.0
1777130431.690448,1304289,23928.0
1777130473.5227487,1304895,23932.0
1777130502.198651,1305300,23936.0
1777130531.850772,1305722,23940.0
1777130555.906725,1306065,23944.0
1777130576.2828076,1306349,23948.0
1777130596.6428068,1306636,23952.0
1777130637.5427773,1307218,23956.0
1777130684.1426392,1307895,23960.0
1777130730.3505838,1308562,23964.0
1777130763.3426986,1309033,23968.0
1777130803.0466313,1309603,23972.0
1777130852.5865219,1310312,23976.0
1777130887.394405,1310809,23980.0
1777130922.1619692,1311312,23984.0
1777130961.8302794,1311876,23988.0
1777131018.3579466,1312697,23992.0
1777131038.881784,1312983,23996.0
1777131062.157825,1313310,24000.0
1777131079.0137844,1313551,24004.0
1777131097.4419408,1313809,24008.0
1777131127.9340324,1314242,24012.0
1777131171.2339373,1314865,24016.0
1777131191.8256311,1315159,24020.0
1777131227.3937392,1315674,24024.0
1777131262.6093974,1316169,24028.0
1777131283.9014242,1316473,24032.0
1777131317.517243,1316957,24036.0
1777131345.7290173,1317353,24040.0
1777131379.6128886,1317843,24044.0
1777131422.496652,1318452,24048.0
1777131466.2287323,1319082,24052.0
1777131483.372677,1319317,24056.0
1777131518.8287184,1319821,24060.0
1777131564.2561188,1320474,24064.0
1777131581.3641179,1320718,24068.0
1777131611.9722915,1321158,24072.0
1777131635.9956841,1321501,24076.0
1777131677.9636636,1322106,24080.0
1777131699.3717022,1322410,24084.0
1777131724.175664,1322757,24088.0
1777131752.7316794,1323165,24092.0
1777131784.7997022,1323622,24096.0
1777131820.3072205,1324129,24100.0
1777131854.5428858,1324622,24104.0
1777131885.3752918,1325062,24108.0
1777131919.866925,1325559,24112.0
1777131948.9868834,1325970,24116.0
1777131965.4588594,1326200,24120.0
1777132006.8786435,1326801,24124.0
1777132044.6864653,1327345,24128.0
1777132078.2305362,1327827,24132.0
1777132110.2543833,1328285,24136.0
1777132130.3623483,1328569,24140.0
1777132158.7703483,1328973,24144.0
1777132187.7217274,1329385,24148.0
1777132221.2136881,1329867,24152.0
1777132253.8137681,1330334,24156.0
1777132275.6897907,1330640,24160.0
1777132304.1494105,1331049,24164.0
1777132344.2335768,1331623,24168.0
1777132373.6808016,1332045,24172.0
1777132408.7408583,1332537,24176.0
1777132431.8568788,1332870,24180.0
1777132485.0247133,1333637,24184.0
1777132515.4607685,1334075,24188.0
1777132551.9767418,1334600,24192.0
1777132579.0002759,1334980,24196.0
1777132615.2999344,1335502,24200.0
1777132640.1117868,1335855,24204.0
1777132672.7117453,1336319,24208.0
1777132703.767838,1336765,24212.0
1777132733.3877258,1337188,24216.0
1777132763.0277412,1337609,24220.0
1777132793.7036526,1338046,24224.0
1777132836.0633988,1338649,24228.0
1777132878.0636697,1339253,24232.0
1777132906.7549043,1339659,24236.0
1777132943.0547457,1340181,24240.0
1777132960.9306214,1340431,24244.0
1777132990.55472,1340854,24248.0
1777133021.3587394,1341290,24252.0
1777133059.0222673,1341831,24256.0
1777133081.350406,1342140,24260.0
1777133110.1263673,1342549,24264.0
1777133137.9180574,1342940,24268.0
1777133158.6343856,1343235,24272.0
1777133190.3178005,1343679,24276.0
1777133218.1856887,1344081,24280.0
1777133263.393813,1344734,24284.0
1777133303.1775212,1345306,24288.0
1777133333.001589,1345731,24292.0
1777133380.1210148,1346408,24296.0
1777133407.3688715,1346798,24300.0
1777133432.6449237,1347156,24304.0
1777133466.9286606,1347645,24308.0
1777133487.6527004,1347939,24312.0
1777133514.3286438,1348320,24316.0
1777133531.388391,1348559,24320.0
1777133556.8964038,1348921,24324.0
1777133600.6318517,1349554,24328.0
1777133639.0481076,1350109,24332.0
1777133670.3797505,1350552,24336.0
1777133698.1918254,1350954,24340.0
1777133727.2395737,1351370,24344.0
1777133762.0236788,1351866,24348.0
1777133793.451439,1352318,24352.0
1777133827.2352684,1352797,24356.0
1777133848.1434932,1353098,24360.0
1777133871.2512908,1353425,24364.0
1777133897.310616,1353792,24368.0
1777133933.9749415,1354318,24372.0
1777133975.758335,1354915,24376.0
1777134015.5626588,1355488,24380.0
1777134061.1102798,1356151,24384.0
1777134097.0298414,1356664,24388.0
1777134135.4461062,1357221,24392.0
1777134160.1697497,1357569,24396.0
1777134196.1537578,1358091,24400.0
1777134232.7733994,1358620,24404.0
1777134270.113428,1359162,24408.0
1777134300.8652332,1359602,24412.0
1777134334.1813614,1360083,24416.0
1777134357.0569081,1360411,24420.0
1777134395.340783,1360960,24424.0
1777134420.616845,1361320,24428.0
1777134445.9727488,1361679,24432.0
1777134475.9567337,1362106,24436.0
1777134483.1567755,1362198,24440.0
1777134515.4398649,1362654,24444.0
1777134555.107786,1363226,24448.0
1777134575.1156557,1363501,24452.0
1777134622.6669877,1364192,24456.0
1777134655.526679,1364664,24460.0
1777134691.2744417,1365185,24464.0
1777134731.977777,1365769,24468.0
1777134758.277645,1366140,24472.0
1777134777.161685,1366410,24476.0
1777134803.9773118,1366788,24480.0
1777134842.660618,1367348,24484.0
1777134872.0846772,1367766,24488.0
1777134893.3123975,1368062,24492.0
1777134914.3196907,1368357,24496.0
1777134942.7879384,1368760,24500.0
1777134969.095634,1369134,24504.0
1777135000.2636282,1369581,24508.0
1777135043.5109346,1370207,24512.0
1777135083.0466692,1370775,24516.0
1777135100.846633,1371021,24520.0
1777135128.0624804,1371413,24524.0
1777135160.4863813,1371875,24528.0
1777135203.445773,1372501,24532.0
1777135228.0537949,1372842,24536.0
1777135251.1136656,1373165,24540.0
1777135287.312879,1373686,24544.0
1777135325.7489276,1374239,24548.0
1777135355.7568412,1374663,24552.0
1777135382.9646564,1375053,24556.0
1777135406.5162742,1375389,24560.0
1777135441.74056,1375899,24564.0
1777135485.9836373,1376533,24568.0
1777135518.0397222,1376993,24572.0
1777135563.007566,1377639,24576.0
1777135600.7589307,1378178,24580.0
1777135633.41081,1378647,24584.0
1777135669.7746692,1379168,24588.0
1777135698.2346787,1379574,24592.0
1777135720.4186754,1379882,24596.0
1777135737.5704453,1380125,24600.0
1777135762.193894,1380475,24604.0
1777135779.8860066,1380719,24608.0
1777135802.4778638,1381040,24612.0
1777135839.6456366,1381571,24616.0
1777135871.5936377,1382024,24620.0
1777135897.7855337,1382405,24624.0
1777135932.6891255,1382899,24628.0
1777135959.1450517,1383277,24632.0
1777135979.9886708,1383572,24636.0
1777136002.6969225,1383885,24640.0
1777136042.5487325,1384465,24644.0
1777136071.9046948,1384884,24648.0
1777136103.9399042,1385342,24652.0
1777136139.7879555,1385848,24656.0
1777136151.1721077,1386001,24660.0
1777136206.9158137,1386809,24664.0
1777136238.2675219,1387257,24668.0
1777136256.9594696,1387524,24672.0
1777136272.8596196,1387744,24676.0
1777136299.9071722,1388126,24680.0
1777136320.4829543,1388413,24684.0
1777136364.7510748,1389052,24688.0
1777136407.4348454,1389665,24692.0
1777136441.734618,1390152,24696.0
1777136481.418443,1390724,24700.0
1777136521.117931,1391301,24704.0
1777136555.6616645,1391795,24708.0
1777136597.0777206,1392389,24712.0
1777136630.3936923,1392871,24716.0
1777136664.7975895,1393363,24720.0
1777136698.1534607,1393846,24724.0
1777136720.4729252,1394160,24728.0
1777136743.913281,1394487,24732.0
1777136760.4968545,1394722,24736.0
1777136798.5289567,1395269,24740.0
1777136847.5048587,1395974,24744.0
1777136884.4087539,1396503,24748.0
1777136926.4406981,1397105,24752.0
1777136959.0644417,1397574,24756.0
1777136985.400492,1397949,24760.0
1777137029.1676712,1398585,24764.0
1777137055.543763,1398958,24768.0
1777137089.759748,1399452,24772.0
1777137115.73574,1399819,24776.0
1777137157.4357727,1400420,24780.0
1777137187.6034403,1400855,24784.0
1777137212.0274813,1401199,24788.0
1777137239.8509216,1401588,24792.0
1777137258.6274025,1401850,24796.0
1777137284.6952004,1402216,24800.0
1777137323.6025963,1402778,24804.0
1777137356.4228644,1403246,24808.0
1777137381.4467018,1403596,24812.0
1777137431.1539812,1404311,24816.0
1777137462.3141053,1404755,24820.0
1777137501.681734,1405326,24824.0
1777137526.1579068,1405671,24828.0
1777137559.3417056,1406145,24832.0
1777137584.7817113,1406504,24836.0
1777137614.7975566,1406935,24840.0
1777137652.816805,1407483,24844.0
1777137687.6928387,1407988,24848.0
1777137727.3088424,1408561,24852.0
1777137754.2926438,1408946,24856.0
1777137782.9167416,1409354,24860.0
1777137824.436388,1409950,24864.0
1777137868.4681036,1410586,24868.0
1777137885.9917576,1410833,24872.0
1777137908.1678052,1411150,24876.0
1777137931.4958313,1411476,24880.0
1777137974.3956017,1412093,24884.0
1777138002.5635448,1412496,24888.0
1777138018.3875732,1412722,24892.0
1777138044.6469097,1413089,24896.0
1777138066.9188373,1413405,24900.0
1777138089.8306503,1413735,24904.0
1777138107.5229466,1413979,24908.0
1777138137.7386997,1414408,24912.0
1777138180.4226365,1415023,24916.0
1777138198.6626406,1415274,24920.0
1777138226.5545897,1415672,24924.0
1777138265.7378213,1416239,24928.0
1777138293.1503732,1416630,24932.0
1777138346.3895662,1417396,24936.0
1777138383.3097544,1417921,24940.0
1777138412.433573,1418338,24944.0
1777138445.3329558,1418813,24948.0
1777138475.8407717,1419248,24952.0
1777138506.224874,1419682,24956.0
1777138535.4008923,1420096,24960.0
1777138565.3847535,1420525,24964.0
1777138578.7086933,1420705,24968.0
1777138612.3686538,1421187,24972.0
1777138656.6359038,1421825,24976.0
1777138678.0277946,1422122,24980.0
1777138697.5201547,1422397,24984.0
1777138727.7524433,1422825,24988.0
1777138750.0636547,1423143,24992.0
1777138771.2356362,1423434,24996.0
1777138796.7797601,1423795,25000.0
1777138831.7314732,1424298,25004.0
1777138854.8553348,1424624,25008.0
1777138877.3308477,1424938,25012.0
1777138905.206809,1425338,25016.0
1777138941.8708408,1425856,25020.0
1777138972.2550278,1426293,25024.0
1777138995.9988027,1426634,25028.0
1777139028.4986007,1427097,25032.0
1777139068.2344346,1427673,25036.0
1777139108.749782,1428258,25040.0
1777139140.089927,1428705,25044.0
1777139168.0340602,1429101,25048.0
1777139207.3177435,1429663,25052.0
1777139271.4329295,1430594,25056.0
1777139294.793001,1430931,25060.0
1777139328.7528698,1431416,25064.0
1777139373.0126472,1432053,25068.0
1777139399.7526839,1432436,25072.0
1777139419.7764308,1432713,25076.0
1777139452.4962788,1433179,25080.0
1777139486.65178,1433669,25084.0
1777139509.6038172,1433996,25088.0
1777139548.627883,1434556,25092.0
1777139584.4118137,1435065,25096.0
1777139609.855598,1435419,25100.0
1777139633.4635062,1435755,25104.0
1777139660.5794568,1436139,25108.0
1777139694.639351,1436624,25112.0
1777139729.1147783,1437116,25116.0
1777139760.9225693,1437567,25120.0
1777139782.3666897,1437873,25124.0
1777139795.2825925,1438053,25128.0
1777139822.1345258,1438433,25132.0
1777139840.7584233,1438692,25136.0
1777139880.7264993,1439270,25140.0
1777139910.5820103,1439700,25144.0
1777139936.9263115,1440068,25148.0
1777139970.9095788,1440556,25152.0
1777139998.1494205,1440940,25156.0
1777140014.393943,1441170,25160.0
1777140056.5935109,1441778,25164.0
1777140083.1614323,1442155,25168.0
1777140113.453053,1442589,25172.0
1777140130.6929946,1442834,25176.0
1777140154.1370492,1443165,25180.0
1777140173.8447163,1443443,25184.0
1777140194.9685307,1443743,25188.0
1777140244.0283275,1444448,25192.0
1777140261.812157,1444695,25196.0
1777140284.9798965,1445024,25200.0
1777140322.040332,1445554,25204.0
1777140361.1237419,1446114,25208.0
1777140383.8237329,1446432,25212.0
1777140421.9996397,1446980,25216.0
1777140453.1992402,1447427,25220.0
1777140481.9668212,1447836,25224.0
1777140544.866608,1448746,25228.0
1777140573.2827969,1449151,25232.0
1777140602.2748284,1449565,25236.0
1777140636.758126,1450059,25240.0
1777140683.8578286,1450739,25244.0
1777140722.9938164,1451307,25248.0
1777140747.37021,1451652,25252.0
1777140780.3179796,1452125,25256.0
1777140802.1097355,1452426,25260.0
1777140845.677615,1453058,25264.0
1777140872.6777298,1453438,25268.0
1777140911.1456902,1453990,25272.0
1777140944.169339,1454466,25276.0
1777140967.129505,1454786,25280.0
1777141008.2448363,1455381,25284.0
1777141044.9291208,1455903,25288.0
1777141087.1332934,1456514,25292.0
1777141145.1405122,1457352,25296.0
1777141172.5326617,1457743,25300.0
1777141215.440545,1458370,25304.0
1777141252.0843565,1458897,25308.0
1777141286.976115,1459396,25312.0
1777141318.883692,1459851,25316.0
1777141352.3917031,1460329,25320.0
1777141395.467654,1460949,25324.0
1777141430.0276477,1461449,25328.0
1777141461.394936,1461898,25332.0
1777141495.4188952,1462381,25336.0
1777141522.5026805,1462769,25340.0
1777141564.1187174,1463367,25344.0
1777141593.9627182,1463788,25348.0
1777141628.5465345,1464285,25352.0
1777141672.5984135,1464923,25356.0
1777141704.4977806,1465369,25360.0
1777141744.3298187,1465947,25364.0
1777141760.2219477,1466167,25368.0
1777141790.7815332,1466600,25372.0
1777141830.6497953,1467167,25376.0
1777141865.7335553,1467668,25380.0
1777141904.500933,1468227,25384.0
1777141926.1928422,1468533,25388.0
1777141968.6772454,1469145,25392.0
1777142005.6771007,1469673,25396.0
1777142027.884607,1469994,25400.0
1777142051.7088299,1470332,25404.0
1777142075.1844468,1470663,25408.0
1777142098.344729,1470988,25412.0
1777142121.0998702,1471311,25416.0
1777142156.4957669,1471814,25420.0
1777142195.668121,1472381,25424.0
1777142229.8357155,1472875,25428.0
1777142260.7635605,1473317,25432.0
1777142308.7875862,1474003,25436.0
1777142347.471343,1474564,25440.0
1777142385.0470355,1475104,25444.0
1777142438.154782,1475867,25448.0
1777142471.754774,1476347,25452.0
1777142511.3066819,1476921,25456.0
1777142547.530153,1477433,25460.0
1777142590.357954,1478053,25464.0
1777142613.265848,1478379,25468.0
1777142654.3660226,1478973,25472.0
1777142682.3416846,1479368,25476.0
1777142717.99363,1479879,25480.0
1777142763.9769042,1480536,25484.0
1777142795.545038,1480987,25488.0
1777142829.0167553,1481466,25492.0
1777142864.83669,1481978,25496.0
1777142898.6840405,1482466,25500.0
1777142941.604095,1483084,25504.0
1777142970.595994,1483496,25508.0
1777143024.8557012,1484285,25512.0
1777143051.1114175,1484658,25516.0
1777143094.8793669,1485284,25520.0
1777143110.3708503,1485503,25524.0
1777143155.2069066,1486150,25528.0
1777143185.4066358,1486577,25532.0
1777143227.1548738,1487177,25536.0
1777143251.766294,1487527,25540.0
1777143279.213909,1487920,25544.0
1777143317.2897978,1488469,25548.0
1777143351.2260342,1488952,25552.0
1777143396.5098276,1489606,25556.0
1777143427.793546,1490056,25560.0
1777143456.785573,1490473,25564.0
1777143491.2687676,1490966,25568.0
1777143515.5408478,1491308,25572.0
1777143540.0167823,1491655,25576.0
1777143561.9010499,1491965,25580.0
1777143603.6687248,1492565,25584.0
1777143638.7122486,1493069,25588.0
1777143683.8201232,1493720,25592.0
1777143716.9797885,1494193,25596.0
1777143743.679914,1494571,25600.0
1777143768.9197373,1494934,25604.0
1777143808.7197068,1495506,25608.0
1777143837.1637137,1495916,25612.0
1777143865.8153763,1496329,25616.0
1777143918.9308143,1497094,25620.0
1777143971.1067164,1497850,25624.0
1777143985.6987126,1498051,25628.0
1777144006.3064134,1498335,25632.0
1777144038.4504757,1498793,25636.0
1777144076.9338708,1499347,25640.0
1777144118.2660558,1499940,25644.0
1777144160.0656953,1500546,25648.0
1777144182.809779,1500865,25652.0
1777144221.2776399,1501420,25656.0
1777144254.4416044,1501896,25660.0
1777144283.8167968,1502315,25664.0
1777144316.5010042,1502785,25668.0
1777144347.8086004,1503232,25672.0
1777144374.1606925,1503609,25676.0
1777144396.6207342,1503920,25680.0
1777144427.7768817,1504364,25684.0
1777144453.6804187,1504733,25688.0
1777144488.8358164,1505236,25692.0
1777144515.2879903,1505609,25696.0
1777144557.355768,1506216,25700.0
1777144585.0956867,1506611,25704.0
1777144611.839653,1506985,25708.0
1777144661.3794053,1507692,25712.0
1777144694.147008,1508157,25716.0
1777144710.562783,1508377,25720.0
1777144748.7469304,1508929,25724.0
1777144779.8986847,1509375,25728.0
1777144822.4146411,1509989,25732.0
1777144855.7262325,1510464,25736.0
1777144888.74194,1510939,25740.0
1777144940.1499312,1511679,25744.0
1777144962.494031,1511994,25748.0
1777145002.1617923,1512563,25752.0
1777145025.353687,1512891,25756.0
1777145060.8175,1513396,25760.0
1777145095.4615355,1513895,25764.0
1777145128.560913,1514371,25768.0
1777145149.3371403,1514663,25772.0
1777145181.7528198,1515123,25776.0
1777145210.8966818,1515540,25780.0
1777145240.0726805,1515960,25784.0
1777145267.5367305,1516347,25788.0
1777145285.4125857,1516597,25792.0
1777145329.2124815,1517229,25796.0
1777145366.131968,1517758,25800.0
1777145415.747775,1518475,25804.0
1777145457.2997122,1519076,25808.0
1777145492.599741,1519573,25812.0
1777145512.039678,1519848,25816.0
1777145541.1512063,1520265,25820.0
1777145588.9431643,1520956,25824.0
1777145620.766976,1521413,25828.0
1777145653.9029074,1521885,25832.0
1777145695.3866668,1522489,25836.0
1777145728.8341384,1522967,25840.0
1777145763.6858926,1523462,25844.0
1777145789.409824,1523833,25848.0
1777145819.6537254,1524268,25852.0
1777145858.053788,1524811,25856.0
1777145884.1937013,1525181,25860.0
1777145908.2216694,1525528,25864.0
1777145942.6376014,1526019,25868.0
1777145970.4053254,1526417,25872.0
1777145992.0967808,1526722,25876.0
1777146020.1210644,1527117,25880.0
1777146058.4568555,1527673,25884.0
1777146091.3407013,1528143,25888.0
1777146122.080599,1528576,25892.0
1777146162.1323583,1529149,25896.0
1777146205.799833,1529780,25900.0
1777146248.316007,1530391,25904.0
1777146283.3837316,1530890,25908.0
1777146318.3834114,1531392,25912.0
1777146334.7756433,1531612,25916.0
1777146362.1195889,1532011,25920.0
1777146397.2352674,1532512,25924.0
1777146432.118958,1533011,25928.0
1777146453.5509768,1533314,25932.0
1777146475.7349699,1533636,25936.0
1777146506.994663,1534080,25940.0
1777146543.5947464,1534603,25944.0
1777146567.218467,1534941,25948.0
1777146622.0302234,1535731,25952.0
1777146656.9856493,1536235,25956.0
1777146679.370095,1536546,25960.0
1777146709.2617133,1536973,25964.0
1777146732.505659,1537296,25968.0
1777146758.689682,1537664,25972.0
1777146792.9655068,1538156,25976.0
1777146817.8887994,1538507,25980.0
1777146847.1731904,1538926,25984.0
1777146878.4809306,1539369,25988.0
1777146898.3248558,1539650,25992.0
1777146940.3167021,1540250,25996.0
1777146972.3404312,1540704,26000.0
1777146992.6485183,1540996,26004.0
1777147035.8684642,1541616,26008.0
1777147063.3682222,1542006,26012.0
1777147112.7999394,1542723,26016.0
1777147151.5839405,1543279,26020.0
1777147186.5516772,1543782,26024.0
1777147229.0355313,1544401,26028.0
1777147273.5873249,1545033,26032.0
1777147300.7951243,1545416,26036.0
1777147343.046665,1546024,26040.0
1777147374.6948302,1546478,26044.0
1777147412.330685,1547025,26048.0
1777147453.1305594,1547603,26052.0
1777147492.3820431,1548171,26056.0
1777147525.6578908,1548649,26060.0
1777147547.3496442,1548954,26064.0
1777147579.0658722,1549409,26068.0
1777147618.5497591,1549976,26072.0
1777147671.657622,1550738,26076.0
1777147710.2089708,1551290,26080.0
1777147738.1328902,1551691,26084.0
1777147807.8686213,1552706,26088.0
1777147828.100352,1552997,26092.0
1777147866.544621,1553543,26096.0
1777147873.776454,1553635,26100.0
1777147896.4525735,1553957,26104.0
1777147939.8199792,1554581,26108.0
1777147973.719951,1555064,26112.0
1777148012.1276913,1555621,26116.0
1777148048.4636953,1556134,26120.0
1777148084.8473551,1556660,26124.0
1777148111.479467,1557035,26128.0
1777148157.7631576,1557706,26132.0
1777148200.96293,1558322,26136.0
1777148212.2147684,1558475,26140.0
1777148254.3468857,1559085,26144.0
1777148286.3507438,1559540,26148.0
1777148319.0144057,1560007,26152.0
1777148345.189899,1560379,26156.0
1777148382.7098997,1560915,26160.0
1777148449.1857255,1561887,26164.0
1777148490.8856711,1562492,26168.0
1777148521.7335422,1562930,26172.0
1777148552.7249289,1563370,26176.0
1777148594.5289345,1563968,26180.0
1777148620.493237,1564339,26184.0
1777148648.804873,1564743,26188.0
1777148687.3527098,1565300,26192.0
1777148726.688415,1565868,26196.0
1777148767.1559277,1566444,26200.0
1777148801.8117743,1566945,26204.0
1777148828.079909,1567318,26208.0
1777148850.1038413,1567629,26212.0
1777148874.46343,1567973,26216.0
1777148900.1397297,1568333,26220.0
1777148939.0716543,1568896,26224.0
1777148963.731701,1569238,26228.0
1777149005.3912473,1569840,26232.0
1777149033.28328,1570236,26236.0
1777149073.2505772,1570801,26240.0
1777149108.6827643,1571312,26244.0
1777149151.318712,1571928,26248.0
1777149187.0184085,1572434,26252.0
1777149214.9106338,1572838,26256.0
1777149240.4700086,1573204,26260.0
1777149274.5180511,1573693,26264.0
1777149321.9017308,1574368,26268.0
1777149369.9937017,1575061,26272.0
1777149389.853586,1575344,26276.0
1777149422.4613996,1575807,26280.0
1777149466.5968819,1576444,26284.0
1777149491.912823,1576799,26288.0
1777149517.2046833,1577158,26292.0
1777149548.0807009,1577600,26296.0
1777149578.7647088,1578038,26300.0
1777149607.8887193,1578458,26304.0
1777149641.908586,1578944,26308.0
1777149655.5999904,1579138,26312.0
1777149694.7158384,1579701,26316.0
1777149741.599811,1580379,26320.0
1777149801.8756087,1581253,26324.0
1777149834.3914602,1581715,26328.0
1777149865.6836853,1582161,26332.0
1777149914.2269363,1582852,26336.0
1777149944.6346436,1583288,26340.0
1777149987.4865928,1583909,26344.0
1777150011.0627673,1584244,26348.0
1777150053.0466177,1584854,26352.0
1777150081.7304335,1585260,26356.0
1777150111.7377899,1585689,26360.0
1777150151.013936,1586254,26364.0
1777150191.6220453,1586844,26368.0
1777150209.3376837,1587089,26372.0
1777150257.9296505,1587793,26376.0
1777150283.0496767,1588147,26380.0
1777150316.3048303,1588626,26384.0
1777150347.0888615,1589068,26388.0
1777150374.0171034,1589450,26392.0
1777150412.0493183,1589994,26396.0
1777150442.600442,1590427,26400.0
1777150476.9083734,1590920,26404.0
1777150504.3083928,1591308,26408.0
1777150535.383908,1591750,26412.0
1777150572.6677766,1592280,26416.0
1777150601.0601292,1592687,26420.0
1777150639.9435601,1593248,26424.0
1777150670.459727,1593685,26428.0
1777150700.3515828,1594110,26432.0
1777150709.4435737,1594230,26436.0
1777150728.935569,1594497,26440.0
1777150775.634926,1595174,26444.0
1777150797.4270885,1595480,26448.0
1777150829.530608,1595940,26452.0
1777150860.8033137,1596387,26456.0
1777150895.6866832,1596888,26460.0
1777150930.570021,1597384,26464.0
1777150960.221844,1597805,26468.0
1777150996.4978254,1598326,26472.0
1777151029.465596,1598795,26476.0
1777151057.3892446,1599193,26480.0
1777151092.5409758,1599697,26484.0
1777151113.0810053,1599982,26488.0
1777151155.1487038,1600586,26492.0
1777151175.740608,1600873,26496.0
1777151205.9844706,1601298,26500.0
1777151242.3320096,1601824,26504.0
1777151258.2076252,1602047,26508.0
1777151279.4837854,1602346,26512.0
1777151326.191731,1603013,26516.0
1777151353.351445,1603396,26520.0
1777151394.8349257,1603997,26524.0
1777151417.0587542,1604307,26528.0
1777151447.3670228,1604741,26532.0
1777151482.6507168,1605248,26536.0
1777151522.1344726,1605816,26540.0
1777151554.1619797,1606276,26544.0
1777151586.4776857,1606738,26548.0
1777151623.17769,1607259,26552.0
1777151640.4377038,1607502,26556.0
1777151676.721584,1608024,26560.0
1777151718.8371227,1608631,26564.0
1777151748.5291286,1609054,26568.0
1777151785.7491162,1609595,26572.0
1777151812.4567692,1609970,26576.0
1777151857.0562935,1610616,26580.0
1777151896.5078218,1611180,26584.0
1777151940.047907,1611808,26588.0
1777151979.77594,1612384,26592.0
1777152015.831701,1612893,26596.0
1777152038.5675004,1613216,26600.0
1777152064.2668886,1613581,26604.0
1777152097.3267684,1614052,26608.0
1777152120.7189682,1614382,26612.0
1777152159.9029937,1614944,26616.0
1777152193.5589237,1615414,26620.0
1777152218.278516,1615772,26624.0
1777152246.4263165,1616173,26628.0
1777152283.0019832,1616688,26632.0
1777152326.1776583,1617316,26636.0
1777152342.7619333,1617540,26640.0
1777152375.7615218,1618014,26644.0
1777152438.2892482,1618917,26648.0
1777152456.6289787,1619175,26652.0
1777152505.644771,1619883,26656.0
1777152532.4488623,1620261,26660.0
1777152554.572769,1620573,26664.0
1777152585.9805453,1621020,26668.0
1777152610.4485338,1621373,26672.0
1777152658.363978,1622056,26676.0
1777152684.9558587,1622430,26680.0
1777152708.207895,1622758,26684.0
1777152736.5996013,1623159,26688.0
1777152770.4677117,1623648,26692.0
1777152788.2995062,1623899,26696.0
1777152823.9437363,1624404,26700.0
1777152848.258855,1624754,26704.0
1777152878.3112729,1625181,26708.0
1777152900.0195527,1625484,26712.0
1777152908.9829364,1625604,26716.0
1777152942.8266604,1626078,26720.0
1777152986.7866657,1626716,26724.0
1777153018.4343755,1627170,26728.0
1777153054.9196215,1627692,26732.0
1777153081.6465337,1628066,26736.0
1777153100.3866513,1628327,26740.0
1777153129.346567,1628741,26744.0
1777153161.0464892,1629193,26748.0
1777153189.022082,1629589,26752.0
1777153220.9540188,1630044,26756.0
1777153264.5059817,1630672,26760.0
1777153282.2823765,1630921,26764.0
1777153313.2060266,1631358,26768.0
1777153340.5735047,1631744,26772.0
1777153374.897759,1632233,26776.0
1777153408.6176302,1632715,26780.0
1777153446.9496973,1633270,26784.0
1777153484.769384,1633811,26788.0
1777153515.7249916,1634250,26792.0
1777153545.7929924,1634683,26796.0
1777153571.117419,1635050,26800.0
1777153605.1368873,1635535,26804.0
1777153641.7047286,1636061,26808.0
1777153671.628642,1636485,26812.0
1777153709.944421,1637034,26816.0
1777153730.572323,1637324,26820.0
1777153776.920453,1638001,26824.0
1777153814.3039532,1638536,26828.0
1777153855.5399795,1639130,26832.0
1777153885.7876844,1639559,26836.0
1777153916.063765,1639985,26840.0
1777153946.7631931,1640405,26844.0
1777153959.7475271,1640588,26848.0
1777153980.0909781,1640869,26852.0
1777154012.8068326,1641333,26856.0
1777154024.299245,1641484,26860.0
1777154077.9354084,1642265,26864.0
1777154111.9668214,1642756,26868.0
1777154146.5507226,1643249,26872.0
1777154181.242206,1643747,26876.0
1777154207.4583972,1644119,26880.0
1777154247.6263852,1644700,26884.0
1777154279.5859845,1645158,26888.0
1777154311.8019688,1645617,26892.0
1777154352.9856105,1646212,26896.0
1777154400.6695287,1646897,26900.0
1777154438.6894996,1647447,26904.0
1777154468.7814908,1647873,26908.0
1777154488.63685,1648149,26912.0
1777154523.104831,1648641,26916.0
1777154547.7287302,1648989,26920.0
1777154576.1486647,1649394,26924.0
1777154609.4885993,1649867,26928.0
1777154648.772662,1650429,26932.0
1777154676.7722905,1650827,26936.0
1777154717.775901,1651413,26940.0
1777154743.0317893,1651780,26944.0
1777154776.2837424,1652249,26948.0
1777154819.0839233,1652862,26952.0
1777154854.0197122,1653364,26956.0
1777154900.367704,1654028,26960.0
1777154934.2191565,1654515,26964.0
1777154981.5710542,1655199,26968.0
1777155010.3268402,1655610,26972.0
1777155032.654914,1655917,26976.0
1777155051.3267097,1656173,26980.0
1777155084.0627654,1656643,26984.0
1777155115.4463966,1657094,26988.0
1777155146.2541573,1657536,26992.0
1777155165.9979274,1657809,26996.0
1777155194.7902746,1658227,27000.0
1777155217.3618531,1658549,27004.0
1777155254.1817505,1659075,27008.0
1777155291.5136929,1659601,27012.0
1777155322.7336218,1660044,27016.0
1777155354.2892923,1660489,27020.0
1777155398.0889478,1661129,27024.0
1777155417.833265,1661400,27028.0
1777155443.1848059,1661761,27032.0
1777155480.2929292,1662296,27036.0
1777155514.1084523,1662778,27040.0
1777155537.8686774,1663113,27044.0
1777155580.4364808,1663726,27048.0
1777155612.8003802,1664189,27052.0
1777155654.135808,1664774,27056.0
1777155691.7196865,1665311,27060.0
1777155724.2517073,1665780,27064.0
1777155744.5957317,1666064,27068.0
1777155761.679697,1666303,27072.0
1777155780.735314,1666567,27076.0
1777155808.4391644,1666963,27080.0
1777155832.547338,1667304,27084.0
1777155879.994993,1667989,27088.0
1777155917.9307456,1668527,27092.0
1777155943.8706033,1668899,27096.0
1777155971.6907449,1669299,27100.0
1777156006.9825385,1669800,27104.0
1777156033.7822907,1670186,27108.0
1777156068.5979564,1670674,27112.0
1777156111.449878,1671293,27116.0
1777156149.302082,1671836,27120.0
1777156193.033791,1672463,27124.0
1777156220.5256362,1672848,27128.0
1777156256.1774921,1673360,27132.0
1777156280.2848911,1673698,27136.0
1777156297.8453066,1673949,27140.0
1777156333.4089081,1674465,27144.0
1777156377.0127258,1675094,27148.0
1777156413.9967644,1675626,27152.0
1777156443.1365826,1676038,27156.0
1777156452.3686054,1676160,27160.0
1777156485.9207852,1676645,27164.0
1777156510.279925,1676994,27168.0
1777156546.1722143,1677508,27172.0
1777156575.4961116,1677927,27176.0
1777156592.5477772,1678158,27180.0
1777156619.579675,1678542,27184.0
1777156636.6556828,1678777,27188.0
1777156681.7553833,1679427,27192.0
1777156717.7753255,1679948,27196.0
1777156745.1670947,1680335,27200.0
1777156775.6229017,1680773,27204.0
1777156818.066615,1681379,27208.0
1777156848.7426248,1681814,27212.0
1777156866.5827172,1682062,27216.0
1777156901.902741,1682568,27220.0
1777156931.5580318,1682990,27224.0
1777156962.4423978,1683431,27228.0
1777156992.8858452,1683869,27232.0
1777157015.025992,1684173,27236.0
1777157056.725694,1684776,27240.0
1777157098.829458,1685383,27244.0
1777157140.3289309,1685977,27248.0
1777157191.5206466,1686717,27252.0
1777157204.5126562,1686900,27256.0
1777157244.611773,1687474,27260.0
1777157285.363912,1688065,27264.0
1777157318.8035312,1688543,27268.0
1777157337.7956097,1688802,27272.0
1777157366.1957035,1689207,27276.0
1777157400.2554064,1689692,27280.0
1777157431.7714992,1690149,27284.0
1777157460.2625039,1690554,27288.0
1777157488.1986618,1690953,27292.0
1777157530.6143937,1691564,27296.0
1777157568.4347494,1692103,27300.0
1777157611.4817784,1692719,27304.0
1777157649.865564,1693275,27308.0
1777157692.2849767,1693877,27312.0
1777157733.4331613,1694467,27316.0
1777157762.4607403,1694881,27320.0
1777157815.1847234,1695645,27324.0
1777157849.420558,1696132,27328.0
1777157871.9119961,1696447,27332.0
1777157907.395597,1696953,27336.0
1777157914.727667,1697045,27340.0
1777157945.635734,1697488,27344.0
1777157985.5874624,1698064,27348.0
1777158027.7354407,1698669,27352.0
1777158055.9028068,1699066,27356.0
1777158077.778929,1699375,27360.0
1777158121.3164248,1700000,27364.0
1777158148.1707106,1700379,27368.0
1777158189.5386634,1700979,27372.0
1777158234.3657532,1701624,27376.0
1777158265.1579533,1702060,27380.0
1777158303.7417352,1702619,27384.0
1777158329.6337848,1702988,27388.0
1777158368.9657302,1703553,27392.0
1777158399.332847,1703982,27396.0
1777158420.2412221,1704276,27400.0
1777158461.5406215,1704873,27404.0
1777158498.3247104,1705401,27408.0
1777158534.0166678,1705904,27412.0
1777158579.560534,1706565,27416.0
1777158600.0199769,1706850,27420.0
1777158633.2599802,1707330,27424.0
1777158670.2277434,1707862,27428.0
1777158696.419725,1708232,27432.0
1777158731.9877336,1708744,27436.0
1777158760.403309,1709146,27440.0
1777158791.2789755,1709588,27444.0
1777158828.8948634,1710128,27448.0
1777158867.6469874,1710681,27452.0
1777158912.5986474,1711334,27456.0
1777158949.9626248,1711869,27460.0
1777158974.538168,1712217,27464.0
1777159008.9217162,1712708,27468.0
1777159047.5216174,1713252,27472.0
1777159066.181899,1713515,27476.0
1777159112.3177335,1714178,27480.0
1777159130.0412176,1714432,27484.0
1777159162.0728638,1714886,27488.0
1777159201.9651372,1715461,27492.0
1777159241.5686924,1716030,27496.0
1777159275.7526267,1716521,27500.0
1777159304.560059,1716932,27504.0
1777159346.9678335,1717536,27508.0
1777159373.127673,1717901,27512.0
1777159409.2434187,1718417,27516.0
1777159436.7035062,1718804,27520.0
1777159478.535399,1719411,27524.0
1777159498.063481,1719683,27528.0
1777159519.6029074,1719995,27532.0
1777159550.370777,1720438,27536.0
1777159582.9628398,1720899,27540.0
1777159617.2784953,1721393,27544.0
1777159662.2462788,1722041,27548.0
1777159710.9899716,1722744,27552.0
1777159736.6297088,1723108,27556.0
1777159765.121714,1723515,27560.0
1777159798.957612,1724003,27564.0
1777159828.2653012,1724418,27568.0
1777159866.333548,1724962,27572.0
1777159908.9330814,1725580,27576.0
1777159949.6491194,1726162,27580.0
1777159991.532678,1726769,27584.0
1777160013.192595,1727076,27588.0
1777160036.4447296,1727404,27592.0
1777160050.7239964,1727605,27596.0
1777160093.3196445,1728219,27600.0
1777160126.143647,1728689,27604.0
1777160156.0836887,1729112,27608.0
1777160189.1037018,1729581,27612.0
1777160233.2348745,1730218,27616.0
1777160259.6192033,1730594,27620.0
1777160297.7546566,1731145,27624.0
1777160336.1628377,1731688,27628.0
1777160369.578471,1732166,27632.0
1777160381.8545315,1732334,27636.0
1777160408.4465082,1732712,27640.0
1777160447.098436,1733270,27644.0
1777160495.413752,1733965,27648.0
1777160528.5496702,1734441,27652.0
1777160555.0896764,1734815,27656.0
1777160594.8574748,1735386,27660.0
1777160628.4408574,1735872,27664.0
1777160657.3809135,1736283,27668.0
1777160687.816671,1736720,27672.0
1777160710.440571,1737040,27676.0
1777160746.8922741,1737567,27680.0
1777160791.6758442,1738211,27684.0
1777160826.044506,1738700,27688.0
1777160862.6199367,1739226,27692.0
1777160893.3517709,1739657,27696.0
1777160933.5676746,1740228,27700.0
1777160985.8948383,1740989,27704.0
1777161018.6547968,1741453,27708.0
1777161046.5389292,1741852,27712.0
1777161079.5107028,1742319,27716.0
1777161110.7627854,1742765,27720.0
1777161144.0068657,1743234,27724.0
1777161174.7385442,1743664,27728.0
1777161191.1827056,1743895,27732.0
1777161226.5383866,1744401,27736.0
1777161257.6746354,1744846,27740.0
1777161294.6578526,1745373,27744.0
1777161338.574365,1746011,27748.0
1777161378.6740067,1746585,27752.0
1777161398.449531,1746860,27756.0
1777161421.5416772,1747180,27760.0
1777161436.9496953,1747399,27764.0
1777161481.4175339,1748029,27768.0
1777161498.8097584,1748274,27772.0
1777161546.7456062,1748958,27776.0
1777161575.5614522,1749366,27780.0
1777161618.6773663,1749992,27784.0
1777161655.6449792,1750521,27788.0
1777161675.0527794,1750794,27792.0
1777161696.6286428,1751099,27796.0
1777161739.5647752,1751721,27800.0
1777161769.6366138,1752153,27804.0
1777161807.9567149,1752697,27808.0
1777161841.724467,1753182,27812.0
1777161855.2239916,1753373,27816.0
1777161895.0399961,1753939,27820.0
1777161925.8721187,1754381,27824.0
1777161960.1397493,1754868,27828.0
1777161990.8316774,1755307,27832.0
1777162007.4396765,1755542,27836.0
1777162044.775541,1756077,27840.0
1777162081.6269095,1756606,27844.0
1777162109.099706,1756999,27848.0
1777162146.2509313,1757534,27852.0
1777162173.874601,1757929,27856.0
1777162216.2265508,1758541,27860.0
1777162255.810734,1759109,27864.0
1777162271.1185071,1759320,27868.0
1777162297.478539,1759693,27872.0
1777162329.546371,1760152,27876.0
1777162354.7697854,1760505,27880.0
1777162377.1944692,1760822,27884.0
1777162401.0216374,1761162,27888.0
1777162427.5376866,1761537,27892.0
1777162467.773753,1762109,27896.0
1777162488.3976161,1762402,27900.0
1777162509.5375357,1762700,27904.0
1777162541.429342,1763152,27908.0
1777162575.2330523,1763634,27912.0
1777162599.0047467,1763967,27916.0
1777162620.972733,1764274,27920.0
1777162654.0645044,1764751,27924.0
1777162691.964585,1765291,27928.0
1777162734.016421,1765895,27932.0
1777162776.5679321,1766505,27936.0
1777162801.8079922,1766863,27940.0
1777162831.475779,1767286,27944.0
1777162873.4437218,1767889,27948.0
1777162906.0036552,1768358,27952.0
1777162939.1670554,1768829,27956.0
1777162971.087271,1769289,27960.0
1777163001.9433534,1769732,27964.0
1777163018.771038,1769963,27968.0
1777163057.7029765,1770524,27972.0
1777163088.946695,1770967,27976.0
1777163125.9467864,1771499,27980.0
1777163160.81412,1771998,27984.0
1777163191.9623435,1772440,27988.0
1777163232.3977754,1773019,27992.0
1777163255.937758,1773349,27996.0
1777163294.0895913,1773893,28000.0
1777163332.981478,1774457,28004.0
1777163376.8735616,1775087,28008.0
1777163406.2410054,1775503,28012.0
1777163442.932905,1776030,28016.0
1777163475.7846923,1776497,28020.0
1777163505.792591,1776926,28024.0
1777163538.2922323,1777390,28028.0
1777163559.6358879,1777688,28032.0
1777163603.09997,1778314,28036.0
1777163636.4438848,1778791,28040.0
1777163664.3755429,1779190,28044.0
1777163687.9516826,1779521,28048.0
1777163707.7274408,1779795,28052.0
1777163750.3113656,1780410,28056.0
1777163780.5472217,1780841,28060.0
1777163811.0869226,1781276,28064.0
1777163843.4387584,1781744,28068.0
1777163876.1146972,1782215,28072.0
1777163922.4898462,1782884,28076.0
1777163946.0299003,1783217,28080.0
1777163967.5737565,1783528,28084.0
1777164000.1979063,1783988,28088.0
1777164029.0501595,1784400,28092.0
1777164060.8817012,1784853,28096.0
1777164094.9255266,1785342,28100.0
1777164127.1733608,1785806,28104.0
1777164171.9413106,1786455,28108.0
1777164197.033123,1786809,28112.0
1777164225.116765,1787207,28116.0
1777164267.0687084,1787814,28120.0
1777164300.5766084,1788289,28124.0
1777164350.300019,1789011,28128.0
1777164373.77638,1789336,28132.0
1777164417.3596232,1789960,28136.0
1777164441.1035714,1790297,28140.0
1777164479.6119072,1790842,28144.0
1777164508.1356173,1791257,28148.0
1777164539.879091,1791705,28152.0
1777164548.9036257,1791825,28156.0
1777164585.1789982,1792348,28160.0
1777164614.8306425,1792773,28164.0
1777164651.6627002,1793306,28168.0
1777164672.7706335,1793600,28172.0
1777164696.5825858,1793937,28176.0
1777164734.6304157,1794486,28180.0
1777164758.8059022,1794828,28184.0
1777164788.8740005,1795254,28188.0
1777164812.4497297,1795583,28192.0
1777164856.181333,1796217,28196.0
1777164877.5097587,1796518,28200.0
1777164919.525474,1797123,28204.0
1777164935.4848328,1797338,28208.0
1777164950.8174264,1797555,28212.0
1777164973.416886,1797871,28216.0
1777165011.5409665,1798423,28220.0
1777165055.23638,1799050,28224.0
1777165087.744672,1799513,28228.0
1777165138.1681952,1800244,28232.0
1777165162.3764539,1800587,28236.0
1777165197.7437353,1801095,28240.0
1777165231.3201854,1801576,28244.0
1777165263.1717687,1802029,28248.0
1777165292.8635416,1802449,28252.0
1777165330.4950647,1802990,28256.0
1777165368.8792775,1803540,28260.0
1777165402.8989398,1804030,28264.0
1777165429.8228562,1804409,28268.0
1777165445.6629138,1804624,28272.0
1777165494.1667173,1805334,28276.0
1777165535.2826235,1805914,28280.0
1777165569.0503309,1806399,28284.0
1777165602.9978487,1806888,28288.0
1777165633.0901816,1807317,28292.0
1777165662.4420953,1807738,28296.0
1777165687.9337864,1808099,28300.0
1777165712.249727,1808443,28304.0
1777165736.2016978,1808787,28308.0
1777165767.6695566,1809238,28312.0
1777165802.569029,1809733,28316.0
1777165823.829278,1810034,28320.0
1777165868.0129085,1810669,28324.0
1777165896.2369406,1811073,28328.0
1777165933.8368177,1811611,28332.0
1777165946.2963161,1811781,28336.0
1777165978.404657,1812242,28340.0
1777166027.5122263,1812950,28344.0
1777166052.855939,1813309,28348.0
1777166096.4398336,1813941,28352.0
1777166128.3396547,1814398,28356.0
1777166147.8997142,1814670,28360.0
1777166182.1714668,1815163,28364.0
1777166207.5555415,1815524,28368.0
1777166239.2992413,1815980,28372.0
1777166267.5387886,1816381,28376.0
1777166299.2592113,1816837,28380.0
1777166335.974521,1817372,28384.0
1777166372.590761,1817888,28388.0
1777166392.8186464,1818177,28392.0
1777166421.7425308,1818583,28396.0
1777166454.72616,1819056,28400.0
1777166478.7498662,1819395,28404.0
1777166510.693944,1819849,28408.0
1777166538.9938529,1820250,28412.0
1777166564.169703,1820607,28416.0
1777166598.3374317,1821096,28420.0
1777166632.3454595,1821584,28424.0
1777166656.1135147,1821919,28428.0
1777166698.8448298,1822535,28432.0
1777166717.0527732,1822786,28436.0
1777166727.2048597,1822926,28440.0
1777166767.5727026,1823504,28444.0
1777166801.1407206,1823982,28448.0
1777166840.2404866,1824547,28452.0
1777166894.5399559,1825334,28456.0
1777166933.3918958,1825896,28460.0
1777166968.739752,1826405,28464.0
1777167004.7755556,1826918,28468.0
1777167033.9314814,1827337,28472.0
1777167056.743187,1827665,28476.0
1777167091.0909243,1828155,28480.0
1777167124.0909276,1828622,28484.0
1777167152.8349648,1829029,28488.0
1777167190.566717,1829570,28492.0
1777167227.1506712,1830091,28496.0
1777167264.2025688,1830629,28500.0
1777167292.6459956,1831033,28504.0
1777167326.6946332,1831521,28508.0
1777167349.1538458,1831831,28512.0
1777167379.2457721,1832259,28516.0
1777167391.1856604,1832427,28520.0
1777167423.205748,1832880,28524.0
1777167454.7137563,1833334,28528.0
1777167510.4577157,1834146,28532.0
1777167527.5975556,1834385,28536.0
1777167569.41355,1834985,28540.0
1777167598.7408667,1835406,28544.0
1777167634.0489037,1835907,28548.0
1777167672.3729212,1836455,28552.0
1777167712.9765768,1837039,28556.0
1777167749.4924595,1837560,28560.0
1777167770.4167242,1837854,28564.0
1777167795.3764472,1838205,28568.0
1777167841.1919308,1838869,28572.0
1777167883.3920555,1839465,28576.0
1777167921.927717,1840016,28580.0
1777167940.268111,1840271,28584.0
1777167973.3716214,1840744,28588.0
1777168010.5197704,1841276,28592.0
1777168053.887376,1841907,28596.0
1777168090.6549263,1842428,28600.0
1777168113.0469337,1842752,28604.0
1777168148.538776,1843253,28608.0
1777168183.0227728,1843746,28612.0
1777168218.8547063,1844259,28616.0
1777168265.8907168,1844933,28620.0
1777168293.2223291,1845328,28624.0
1777168343.3738894,1846048,28628.0
1777168371.365898,1846445,28632.0
1777168387.9896204,1846675,28636.0
1777168425.3097525,1847214,28640.0
1777168474.401664,1847930,28644.0
1777168507.9855008,1848411,28648.0
1777168542.908957,1848909,28652.0
1777168600.7213585,1849747,28656.0
1777168634.968819,1850235,28660.0
1777168670.7964027,1850753,28664.0
1777168703.5283625,1851221,28668.0
1777168735.252467,1851671,28672.0
1777168772.287777,1852206,28676.0
1777168817.7559702,1852858,28680.0
1777168841.939883,1853201,28684.0
1777168871.2156963,1853616,28688.0
1777168904.1156611,1854082,28692.0
1777168938.1917183,1854572,28696.0
1777168975.2234135,1855109,28700.0
1777169003.9392643,1855518,28704.0
1777169052.906998,1856226,28708.0
1777169095.7585986,1856846,28712.0
1777169133.9267118,1857390,28716.0
1777169166.1586454,1857846,28720.0
1777169195.3025486,1858271,28724.0
1777169235.1341422,1858833,28728.0
1777169272.7180583,1859375,28732.0
1777169300.4258184,1859765,28736.0
1777169339.4454718,1860326,28740.0
1777169360.8215568,1860626,28744.0
1777169387.953491,1861012,28748.0
1777169438.72896,1861740,28752.0
1777169449.6454709,1861888,28756.0
1777169479.4528444,1862309,28760.0
1777169519.0045977,1862884,28764.0
1777169561.7564678,1863492,28768.0
1777169590.504512,1863902,28772.0
1777169621.5959718,1864342,28776.0
1777169662.3156824,1864931,28780.0
1777169706.839612,1865573,28784.0
1777169735.0997214,1865977,28788.0
1777169771.083718,1866489,28792.0
1777169804.390922,1866961,28796.0
1777169827.2148283,1867284,28800.0
1777169860.3829849,1867761,28804.0
1777169899.666761,1868324,28808.0
1777169923.858714,1868661,28812.0
1777169968.742645,1869311,28816.0
1777169998.82647,1869738,28820.0
1777170040.3257928,1870331,28824.0
1777170069.0620415,1870738,28828.0
1777170091.6458263,1871058,28832.0
1777170128.3613875,1871576,28836.0
1777170174.9696727,1872251,28840.0
1777170187.4892507,1872420,28844.0
1777170227.952956,1873002,28848.0
1777170254.8568225,1873384,28852.0
1777170296.4889286,1873981,28856.0
1777170338.956381,1874592,28860.0
1777170371.8646483,1875065,28864.0
1777170394.172464,1875381,28868.0
1777170436.5558846,1875988,28872.0
1777170499.4240117,1876897,28876.0
1777170542.4756978,1877524,28880.0
1777170570.983684,1877932,28884.0
1777170593.527721,1878246,28888.0
1777170623.9275835,1878679,28892.0
1777170661.2950733,1879219,28896.0
1777170684.3870602,1879543,28900.0
1777170717.7946475,1880021,28904.0
1777170770.6026554,1880786,28908.0
1777170806.4547029,1881301,28912.0
1777170846.585949,1881879,28916.0
1777170864.4943159,1882125,28920.0
1777170900.2538364,1882644,28924.0
1777170942.5898578,1883250,28928.0
1777170983.9654567,1883847,28932.0
1777171000.8893242,1884082,28936.0
1777171021.7057161,1884376,28940.0
1777171057.9055152,1884897,28944.0
1777171099.588974,1885493,28948.0
1777171123.0892775,1885819,28952.0
1777171162.248765,1886385,28956.0
1777171200.2166371,1886934,28960.0
1777171219.440659,1887200,28964.0
1777171249.3606923,1887622,28968.0
1777171276.232488,1888003,28972.0
1777171320.3679442,1888644,28976.0
1777171352.3518198,1889103,28980.0
1777171397.1673503,1889750,28984.0
1777171439.458754,1890361,28988.0
1777171481.9023023,1890965,28992.0
1777171526.6858552,1891612,28996.0
1777171542.909792,1891839,29000.0
1777171592.2205713,1892555,29004.0
1777171616.0924833,1892892,29008.0
1777171651.7119408,1893403,29012.0
1777171674.5199997,1893722,29016.0
1777171708.0597503,1894202,29020.0
1777171743.9792,1894721,29024.0
1777171770.054576,1895088,29028.0
1777171802.570583,1895551,29032.0
1777171828.6939087,1895922,29036.0
1777171858.677574,1896344,29040.0
1777171892.8537152,1896837,29044.0
1777171925.6210096,1897299,29048.0
1777171953.4968936,1897696,29052.0
1777171995.7565029,1898299,29056.0
1777172029.0281832,1898781,29060.0
1777172069.8956864,1899370,29064.0
1777172100.8318863,1899806,29068.0
1777172143.4474711,1900419,29072.0
1777172170.0068333,1900797,29076.0
1777172197.7311091,1901189,29080.0
1777172240.390733,1901796,29084.0
1777172273.413822,1902269,29088.0
1777172295.1899428,1902580,29092.0
1777172329.725784,1903071,29096.0
1777172354.925554,1903426,29100.0
1777172401.0088768,1904095,29104.0
1777172432.9647536,1904547,29108.0
1777172471.9484198,1905102,29112.0
1777172488.5606983,1905335,29116.0
1777172519.2004635,1905773,29120.0
1777172565.075924,1906435,29124.0
1777172596.599671,1906883,29128.0
1777172621.475713,1907245,29132.0
1777172656.8953137,1907746,29136.0
1777172685.342749,1908152,29140.0
1777172726.6628366,1908752,29144.0
1777172750.4345827,1909089,29148.0
1777172771.3624349,1909384,29152.0
1777172802.0386763,1909824,29156.0
1777172845.0218897,1910444,29160.0
1777172868.453789,1910778,29164.0
1777172903.0295107,1911274,29168.0
1777172942.5139306,1911841,29172.0
1777172975.529383,1912312,29176.0
1777173007.7967384,1912774,29180.0
1777173043.4884229,1913278,29184.0
1777173083.788541,1913862,29188.0
1777173113.5397904,1914281,29192.0
1777173140.3643198,1914659,29196.0
1777173157.2559114,1914896,29200.0
1777173194.2757027,1915425,29204.0
1777173235.4755726,1916019,29208.0
1777173270.9427853,1916530,29212.0
1777173299.3150134,1916931,29216.0
1777173328.427018,1917347,29220.0
1777173352.5587096,1917689,29224.0
1777173386.9826112,1918177,29228.0
1777173414.8659787,1918574,29232.0
1777173433.1420267,1918826,29236.0
1777173465.1498847,1919288,29240.0
1777173499.2536786,1919775,29244.0
1777173551.301677,1920535,29248.0
1777173584.5293334,1920999,29252.0
1777173624.252908,1921568,29256.0
1777173653.6446595,1921987,29260.0
1777173688.3205323,1922484,29264.0
1777173727.044182,1923046,29268.0
1777173754.8877895,1923434,29272.0
1777173777.055713,1923749,29276.0
1777173805.66379,1924153,29280.0
1777173835.4395142,1924580,29284.0
1777173901.0392098,1925529,29288.0
1777173939.2746513,1926084,29292.0
1777173986.7742922,1926767,29296.0
1777174027.522205,1927349,29300.0
1777174072.2059984,1927994,29304.0
1777174099.3417413,1928380,29308.0
1777174133.3817132,1928869,29312.0
1777174163.0494545,1929286,29316.0
1777174197.440759,1929779,29320.0
1777174240.0088558,1930396,29324.0
1777174279.7926195,1930966,29328.0
1777174302.8085592,1931294,29332.0
1777174356.876565,1932072,29336.0
1777174382.4359396,1932435,29340.0
1777174411.6676269,1932852,29344.0
1777174445.1876915,1933335,29348.0
1777174463.895616,1933595,29352.0
1777174491.7353134,1933989,29356.0
1777174523.746779,1934446,29360.0
1777174560.0109708,1934971,29364.0
1777174601.2466955,1935570,29368.0
1777174624.8545008,1935900,29372.0
1777174655.3226118,1936333,29376.0
1777174679.0460303,1936665,29380.0
1777174714.781848,1937180,29384.0
1777174757.6654334,1937792,29388.0
1777174787.6495283,1938220,29392.0
1777174836.5488029,1938930,29396.0
1777174870.8806715,1939419,29400.0
1777174910.4647074,1939989,29404.0
1777174940.656393,1940416,29408.0
1777174970.5243223,1940836,29412.0
1777175002.315978,1941285,29416.0
1777175032.4677296,1941718,29420.0
1777175077.55154,1942370,29424.0
1777175111.9274397,1942862,29428.0
1777175128.9671376,1943095,29432.0
1777175149.510732,1943378,29436.0
1777175181.1427686,1943834,29440.0
1777175215.7108946,1944329,29444.0
1777175264.0263157,1945032,29448.0
1777175296.9098136,1945498,29452.0
1777175329.6860175,1945966,29456.0
1777175352.6616998,1946293,29460.0
1777175388.0136995,1946796,29464.0
1777175424.9614518,1947324,29468.0
1777175447.7050846,1947643,29472.0
1777175500.7133548,1948409,29476.0
1777175519.4057274,1948670,29480.0
1777175562.2580352,1949290,29484.0
1777175591.9187713,1949711,29488.0
1777175627.7949636,1950215,29492.0
1777175656.5275705,1950625,29496.0
1777175700.9036252,1951267,29500.0
1777175742.6559112,1951870,29504.0
1777175780.420472,1952408,29508.0
1777175826.4726522,1953071,29512.0
1777175852.1809971,1953436,29516.0
1777175881.932748,1953862,29520.0
1777175917.557728,1954378,29524.0
1777175954.293375,1954906,29528.0
1777175982.9415734,1955315,29532.0
1777176015.2017093,1955773,29536.0
1777176042.5937786,1956160,29540.0
1777176073.3095672,1956601,29544.0
1777176105.093657,1957052,29548.0
1777176141.6778657,1957570,29552.0
1777176167.0220623,1957929,29556.0
1777176200.1980891,1958402,29560.0
1777176239.7299325,1958974,29564.0
1777176274.9820378,1959475,29568.0
1777176310.5979848,1959989,29572.0
1777176359.634315,1960697,29576.0
1777176391.9818618,1961160,29580.0
1777176443.2022731,1961898,29584.0
1777176470.8697667,1962290,29588.0
1777176495.6937902,1962651,29592.0
1777176524.9016407,1963069,29596.0
1777176542.210416,1963303,29600.0
1777176573.1100152,1963747,29604.0
1777176619.1136177,1964406,29608.0
1777176668.2136633,1965118,29612.0
1777176702.2977276,1965607,29616.0
1777176742.79775,1966185,29620.0
1777176791.2496572,1966888,29624.0
1777176829.249688,1967428,29628.0
1777176861.9655573,1967895,29632.0
1777176893.6656718,1968351,29636.0
1777176915.1569614,1968656,29640.0
1777176961.2573175,1969321,29644.0
1777177000.2414558,1969874,29648.0
1777177020.468831,1970154,29652.0
1777177044.9096,1970494,29656.0
1777177060.7167792,1970714,29660.0
1777177103.036965,1971321,29664.0
1777177144.036934,1971909,29668.0
1777177187.2528324,1972530,29672.0
1777177213.5806816,1972906,29676.0
1777177230.7883556,1973144,29680.0
1777177259.6206515,1973556,29684.0
1777177290.2119937,1973988,29688.0
1777177331.0478914,1974575,29692.0
1777177371.64801,1975153,29696.0
1777177395.271992,1975488,29700.0
1777177434.6639261,1976049,29704.0
1777177463.5239844,1976460,29708.0
1777177484.215908,1976754,29712.0
1777177519.6597018,1977250,29716.0
1777177546.0596669,1977627,29720.0
1777177590.3428686,1978265,29724.0
1777177624.2906091,1978752,29728.0
1777177659.9826727,1979263,29732.0
1777177700.7026446,1979841,29736.0
1777177726.9183118,1980222,29740.0
1777177760.2943606,1980697,29744.0
1777177786.8100114,1981081,29748.0
1777177807.6176958,1981373,29752.0
1777177853.0694785,1982027,29756.0
1777177872.5613997,1982306,29760.0
1777177905.2974591,1982775,29764.0
1777177936.8370295,1983226,29768.0
1777177954.8127697,1983470,29772.0
1777177981.9728427,1983856,29776.0
1777178031.1640406,1984560,29780.0
1777178066.2558055,1985067,29784.0
1777178105.1397824,1985621,29788.0
1777178129.507587,1985964,29792.0
1777178169.8397315,1986547,29796.0
1777178198.447299,1986955,29800.0
1777178231.0833154,1987422,29804.0
1777178266.4748483,1987933,29808.0
1777178306.4432826,1988505,29812.0
1777178341.1087885,1989000,29816.0
1777178370.458584,1989416,29820.0
1777178397.2186565,1989799,29824.0
1777178434.8864894,1990337,29828.0
1777178466.65789,1990789,29832.0
1777178495.84232,1991202,29836.0
1777178518.5179121,1991525,29840.0
1777178560.001758,1992126,29844.0
1777178595.6016543,1992639,29848.0
1777178636.921615,1993232,29852.0
1777178671.213422,1993724,29856.0
1777178699.0809505,1994120,29860.0
1777178739.096854,1994701,29864.0
1777178772.904776,1995181,29868.0
1777178811.2726223,1995724,29872.0
1777178844.6243904,1996206,29876.0
1777178874.7323306,1996638,29880.0
1777178900.0001945,1997003,29884.0
1777178931.9719338,1997454,29888.0
1777178967.2236745,1997956,29892.0
1777178996.5835967,1998378,29896.0
1777179028.0517323,1998821,29900.0
1777179079.243657,1999566,29904.0
1777179111.8674493,2000026,29908.0
1777179150.334969,2000520,29912.0
1777179195.1111488,2001168,29916.0
1777179238.8188198,2001792,29920.0
1777179270.7866385,2002251,29924.0
1777179289.2787476,2002517,29928.0
1777179320.4705186,2002965,29932.0
1777179350.5225139,2003389,29936.0
1777179376.3782098,2003751,29940.0
1777179415.429993,2004305,29944.0
1777179453.045581,2004845,29948.0
1777179493.6458244,2005428,29952.0
1777179518.27372,2005771,29956.0
1777179555.5577118,2006301,29960.0
1777179584.4492998,2006712,29964.0
1777179620.5807757,2007229,29968.0
1777179652.9644222,2007695,29972.0
1777179684.092712,2008134,29976.0
1777179709.6762774,2008501,29980.0
1777179745.899818,2009017,29984.0
1777179780.0997696,2009506,29988.0
1777179794.4596004,2009707,29992.0
1777179827.6915877,2010178,29996.0
1777179853.5827966,2010545,30000.0
1777179880.9109046,2010931,30004.0
1777179907.5508015,2011309,30008.0
1777179936.43469,2011714,30012.0
1777179959.5946422,2012038,30016.0
1777179992.094483,2012503,30020.0
1777180021.6857646,2012927,30024.0
1777180043.6618323,2013236,30028.0
1777180067.3379633,2013572,30032.0
1777180097.669804,2014007,30036.0
1777180124.329473,2014381,30040.0
1777180154.5450413,2014814,30044.0
1777180181.0689025,2015195,30048.0
1777180233.0807989,2015942,30052.0
1777180281.496587,2016643,30056.0
1777180321.7480793,2017211,30060.0
1777180355.1480188,2017690,30064.0
1777180390.8236191,2018203,30068.0
1777180418.6558347,2018598,30072.0
1777180441.4475744,2018914,30076.0
1777180469.3557053,2019309,30080.0
1777180510.4917052,2019904,30084.0
1777180530.0828836,2020175,30088.0
1777180572.6833935,2020791,30092.0
1777180610.88253,2021336,30096.0
1777180625.7906997,2021534,30100.0
1777180668.6586974,2022155,30104.0
1777180695.566462,2022535,30108.0
1777180726.1698203,2022965,30112.0
1777180772.8339121,2023633,30116.0
1777180801.9860184,2024047,30120.0
1777180826.229731,2024391,30124.0
1777180854.5537252,2024790,30128.0
1777180892.7056618,2025336,30132.0
1777180922.3209362,2025756,30136.0
1777180966.6207635,2026401,30140.0
1777180991.3649023,2026752,30144.0
1777181012.172767,2027043,30148.0
1777181033.472728,2027336,30152.0
1777181068.1129773,2027831,30156.0
1777181089.6045206,2028141,30160.0
1777181133.18856,2028765,30164.0
1777181167.4241645,2029254,30168.0
1777181199.5319374,2029711,30172.0
1777181237.967774,2030261,30176.0
1777181251.3918197,2030440,30180.0
1777181280.3316393,2030855,30184.0
1777181309.5670216,2031266,30188.0
1777181356.1349883,2031939,30192.0
1777181389.534977,2032412,30196.0
1777181407.6749914,2032661,30200.0
1777181453.6946008,2033330,30204.0
1777181493.9266982,2033906,30208.0
1777181531.1623487,2034437,30212.0
1777181576.8458414,2035090,30216.0
1777181606.6460137,2035516,30220.0
1777181642.5377607,2036031,30224.0
1777181692.1294398,2036752,30228.0
1777181708.2297723,2036970,30232.0
1777181753.7567909,2037630,30236.0
1777181790.7410803,2038158,30240.0
1777181831.5726385,2038751,30244.0
1777181884.8247597,2039521,30248.0
1777181909.0727038,2039858,30252.0
1777181941.5004554,2040318,30256.0
1777181994.24024,2041082,30260.0
1777182028.175678,2041566,30264.0
1777182066.4999142,2042119,30268.0
1777182093.343515,2042501,30272.0
1777182128.0914874,2042993,30276.0
1777182153.635385,2043352,30280.0
1777182195.8429008,2043960,30284.0
1777182238.0788083,2044559,30288.0
1777182263.0705965,2044921,30292.0
1777182304.118476,2045509,30296.0
1777182340.3705115,2046029,30300.0
1777182374.613787,2046519,30304.0
1777182428.7699797,2047299,30308.0
1777182457.2458217,2047701,30312.0
1777182486.1458127,2048109,30316.0
1777182506.0896964,2048390,30320.0
1777182539.8055403,2048874,30324.0
1777182564.513507,2049229,30328.0
1777182589.7893715,2049584,30332.0
1777182611.4808772,2049884,30336.0
1777182642.3166962,2050325,30340.0
1777182680.4408634,2050876,30344.0
1777182704.040632,2051208,30348.0
1777182734.1006315,2051635,30352.0
1777182777.116308,2052248,30356.0
1777182812.6680782,2052757,30360.0
1777182852.1003761,2053327,30364.0
1777182893.035663,2053915,30368.0
1777182924.6517112,2054361,30372.0
1777182952.6593628,2054759,30376.0
1777183008.3031101,2055560,30380.0
1777183054.5394168,2056224,30384.0
1777183081.7110665,2056607,30388.0
1777183101.9707146,2056893,30392.0
1777183139.398801,2057425,30396.0
1777183159.146691,2057702,30400.0
1777183184.9705114,2058069,30404.0
1777183231.930404,2058743,30408.0
1777183255.489844,2059084,30412.0
1777183279.098064,2059419,30416.0
1777183316.5987167,2059949,30420.0
1777183342.4416215,2060321,30424.0
1777183381.7732384,2060880,30428.0
1777183416.5736542,2061381,30432.0
1777183460.177029,2062010,30436.0
1777183501.524621,2062602,30440.0
1777183530.8527534,2063024,30444.0
1777183560.984752,2063450,30448.0
1777183594.0843172,2063921,30452.0
1777183636.2203245,2064525,30456.0
1777183665.511816,2064945,30460.0
1777183706.2597902,2065536,30464.0
1777183726.3355677,2065815,30468.0
1777183752.095576,2066173,30472.0
1777183783.3276615,2066618,30476.0
1777183811.9554439,2067025,30480.0
1777183854.4392862,2067637,30484.0
1777183880.2706418,2068007,30488.0
1777183913.0146816,2068476,30492.0
1777183949.114572,2068987,30496.0
1777183972.454405,2069319,30500.0
1777184015.521799,2069939,30504.0
1777184038.2420464,2070257,30508.0
1777184072.6336865,2070750,30512.0
1777184094.3415914,2071059,30516.0
1777184112.6336913,2071311,30520.0
1777184155.7016714,2071933,30524.0
1777184183.7328396,2072330,30528.0
1777184217.593586,2072812,30532.0
1777184244.792943,2073197,30536.0
1777184280.5245984,2073699,30540.0
1777184320.7609053,2074280,30544.0
1777184354.0844154,2074754,30548.0
1777184379.691851,2075118,30552.0
1777184410.3122458,2075552,30556.0
1777184440.7195783,2075982,30560.0
1777184484.9117482,2076626,30564.0
1777184519.711544,2077115,30568.0
1777184553.6713004,2077598,30572.0
1777184597.6870608,2078235,30576.0
1777184618.946691,2078526,30580.0
1777184643.94684,2078880,30584.0
1777184665.9227018,2079190,30588.0
1777184692.1147785,2079562,30592.0
1777184728.0666487,2080079,30596.0
1777184765.9658875,2080614,30600.0
1777184794.489732,2081021,30604.0
1777184837.0058358,2081633,30608.0
1777184858.9974358,2081936,30612.0
1777184888.10195,2082350,30616.0
1777184932.7495375,2082993,30620.0
1777184969.3335047,2083513,30624.0
1777185001.361033,2083971,30628.0
1777185027.5527065,2084350,30632.0
1777185054.9687133,2084737,30636.0
1777185099.3527415,2085364,30640.0
1777185147.6040182,2086065,30644.0
1777185172.2877877,2086410,30648.0
1777185203.212239,2086850,30652.0
1777185227.3200092,2087189,30656.0
1777185252.97186,2087555,30660.0
1777185285.94773,2088030,30664.0
1777185320.6796412,2088524,30668.0
1777185337.1391993,2088747,30672.0
1777185367.5156295,2089180,30676.0
1777185399.7987487,2089641,30680.0
1777185428.0709257,2090045,30684.0
1777185454.3067622,2090414,30688.0
1777185489.6147656,2090920,30692.0
1777185517.8506498,2091317,30696.0
1777185557.9665034,2091893,30700.0
1777185603.6500058,2092549,30704.0
1777185643.6337814,2093123,30708.0
1777185682.5177362,2093684,30712.0
1777185750.02552,2094657,30716.0
1777185789.324784,2095219,30720.0
1777185827.6931093,2095773,30724.0
1777185857.5686393,2096197,30728.0
1777185894.7526233,2096735,30732.0
1777185928.0367658,2097210,30736.0
1777185972.604563,2097848,30740.0
1777186004.2558904,2098303,30744.0
1777186047.2040882,2098923,30748.0
1777186078.4797745,2099370,30752.0
1777186104.215664,2099730,30756.0
1777186146.5996435,2100336,30760.0
1777186184.1633003,2100880,30764.0
1777186211.3387678,2101269,30768.0
1777186245.7589698,2101757,30772.0
1777186287.642828,2102362,30776.0
1777186317.3148196,2102782,30780.0
1777186335.0066917,2103028,30784.0
1777186374.0265434,2103592,30788.0
1777186403.318398,2104003,30792.0
1777186448.557857,2104649,30796.0
1777186469.0699904,2104938,30800.0
1777186501.4775805,2105396,30804.0
1777186538.561717,2105924,30808.0
1777186560.9696245,2106235,30812.0
1777186592.5695822,2106683,30816.0
1777186627.0212865,2107177,30820.0
1777186660.2448468,2107650,30824.0
1777186710.3215423,2108376,30828.0
1777186746.1289868,2108879,30832.0
1777186781.7126732,2109387,30836.0
1777186823.8318608,2109997,30840.0
1777186854.7958264,2110439,30844.0
1777186910.6397712,2111246,30848.0
1777186939.2156913,2111649,30852.0
1777186971.5073397,2112108,30856.0
1777186996.391421,2112460,30860.0
1777187047.3228574,2113195,30864.0
1777187092.6272366,2113848,30868.0
1777187129.0106597,2114369,30872.0
1777187169.12673,2114938,30876.0
1777187197.7786908,2115346,30880.0
1777187231.0864382,2115827,30884.0
1777187250.762581,2116105,30888.0
1777187280.2778459,2116526,30892.0
1777187304.901938,2116875,30896.0
1777187319.4616675,2117070,30900.0
1777187353.5376906,2117560,30904.0
1777187381.7376885,2117955,30908.0
1777187407.4613569,2118320,30912.0
1777187445.4449916,2118862,30916.0
1777187460.773385,2119079,30920.0
1777187506.7369907,2119741,30924.0
1777187552.9046543,2120405,30928.0
1777187578.0646048,2120762,30932.0
1777187593.004319,2120961,30936.0
1777187642.8001494,2121679,30940.0
1777187691.4320016,2122387,30944.0
1777187716.19166,2122740,30948.0
1777187734.0838268,2122990,30952.0
1777187758.3394465,2123340,30956.0
1777187768.015649,2123460,30960.0
1777187806.4156983,2124016,30964.0
1777187832.2077026,2124382,30968.0
1777187855.2108583,2124705,30972.0
1777187897.8587344,2125318,30976.0
1777187908.910936,2125471,30980.0
1777187961.4944832,2126228,30984.0
1777187988.578628,2126612,30988.0
1777188006.686679,2126859,30992.0
1777188032.4464798,2127222,30996.0
1777188055.8538997,2127560,31000.0
1777188081.9620523,2127928,31004.0
1777188122.4778645,2128506,31008.0
1777188145.0858216,2128830,31012.0
1777188168.6897037,2129155,31016.0
1777188189.1614523,2129440,31020.0
1777188239.7655933,2130173,31024.0
1777188286.1649418,2130836,31028.0
1777188307.072999,2131129,31032.0
1777188333.0248923,2131501,31036.0
1777188371.0887747,2132040,31040.0
1777188405.416232,2132536,31044.0
1777188429.7324843,2132880,31048.0
1777188465.156148,2133391,31052.0
1777188499.3919659,2133881,31056.0
1777188526.8315475,2134267,31060.0
1777188562.6835105,2134782,31064.0
1777188603.31972,2135368,31068.0
1777188632.0189488,2135773,31072.0
1777188654.2591991,2136084,31076.0
1777188681.887032,2136474,31080.0
1777188717.270711,2136985,31084.0
1777188749.5945425,2137447,31088.0
1777188771.7026901,2137755,31092.0
1777188798.1023648,2138131,31096.0
1777188823.6619663,2138489,31100.0
1777188858.561964,2138993,31104.0
1777188894.4139948,2139508,31108.0
1777188926.2215126,2139958,31112.0
1777188950.1616807,2140297,31116.0
1777188991.845207,2140897,31120.0
1777189017.3494785,2141259,31124.0
1777189061.3813944,2141888,31128.0
1777189077.1888165,2142106,31132.0
1777189118.5888171,2142697,31136.0
1777189133.1890285,2142903,31140.0
1777189166.6086092,2143383,31144.0
1777189215.8764849,2144090,31148.0
1777189254.3923037,2144647,31152.0
1777189276.5161996,2144953,31156.0
1777189312.5519545,2145472,31160.0
1777189348.5515218,2145988,31164.0
1777189377.2114215,2146391,31168.0
1777189397.8513656,2146679,31172.0
1777189428.0874288,2147107,31176.0
1777189462.3027885,2147597,31180.0
1777189497.5109315,2148099,31184.0
1777189525.078967,2148492,31188.0
1777189553.8027403,2148898,31192.0
1777189586.1025825,2149362,31196.0
1777189602.3866775,2149584,31200.0
1777189648.7978377,2150261,31204.0
1777189695.4618807,2150929,31208.0
1777189729.7456484,2151418,31212.0
1777189763.237741,2151897,31216.0
1777189782.2657032,2152159,31220.0
1777189821.6816723,2152727,31224.0
1777189854.6973667,2153196,31228.0
1777189880.4889436,2153558,31232.0
1777189923.9733822,2154185,31236.0
1777189954.008935,2154614,31240.0
1777189974.1008396,2154897,31244.0
1777190000.7250903,2155270,31248.0
1777190025.545501,2155620,31252.0
1777190053.6371152,2156019,31256.0
1777190071.1087108,2156261,31260.0
1777190095.4689643,2156605,31264.0
1777190132.8529868,2157140,31268.0
1777190158.4289517,2157496,31272.0
1777190213.8206735,2158292,31276.0
1777190235.9647002,2158601,31280.0
1777190276.980734,2159192,31284.0
1777190312.0325882,2159694,31288.0
1777190342.7044458,2160130,31292.0
1777190381.555872,2160683,31296.0
1777190411.7000031,2161115,31300.0
1777190444.5478485,2161588,31304.0
1777190484.7317476,2162162,31308.0
1777190522.1317506,2162697,31312.0
1777190549.1237614,2163077,31316.0
1777190563.7516935,2163276,31320.0
1777190591.1437345,2163668,31324.0
1777190610.9675875,2163948,31328.0
1777190639.819357,2164355,31332.0
1777190670.794926,2164799,31336.0
1777190685.6050303,2165000,31340.0
1777190714.1710994,2165408,31344.0
1777190735.1708107,2165703,31348.0
1777190778.510653,2166324,31352.0
1777190795.8948455,2166569,31356.0
1777190836.1706994,2167143,31360.0
1777190871.1787076,2167642,31364.0
1777190915.0784738,2168279,31368.0
1777190952.3819053,2168799,31372.0
1777190981.1458962,2169208,31376.0
1777191006.1217506,2169568,31380.0
1777191048.8576484,2170181,31384.0
1777191080.2578073,2170627,31388.0
1777191137.2096968,2171454,31392.0
1777191165.093641,2171847,31396.0
1777191189.849315,2172200,31400.0
1777191220.8090355,2172644,31404.0
1777191251.208779,2173076,31408.0
1777191283.3928154,2173532,31412.0
1777191313.4689326,2173957,31416.0
1777191360.6847827,2174641,31420.0
1777191399.7365854,2175199,31424.0
1777191442.0364761,2175812,31428.0
1777191477.9362195,2176329,31432.0
1777191509.104254,2176774,31436.0
1777191535.6121,2177144,31440.0
1777191572.7797053,2177679,31444.0
1777191597.9036736,2178032,31448.0
1777191644.2716482,2178696,31452.0
1777191675.4714727,2179141,31456.0
1777191702.807357,2179532,31460.0
1777191745.766939,2180156,31464.0
1777191771.8149133,2180525,31468.0
1777191797.7587047,2180886,31472.0
1777191820.1427824,2181199,31476.0
1777191842.658606,2181521,31480.0
1777191874.090427,2181968,31484.0
1777191903.549957,2182386,31488.0
1777191924.3098884,2182669,31492.0
1777191963.941747,2183189,31496.0
1777191986.233872,2183494,31500.0
1777192011.0416374,2183845,31504.0
1777192052.9007616,2184453,31508.0
1777192095.000786,2185054,31512.0
1777192127.4767072,2185514,31516.0
1777192152.119939,2185864,31520.0
1777192185.5679448,2186343,31524.0
1777192208.711787,2186676,31528.0
1777192233.1036592,2187020,31532.0
1777192277.6276586,2187652,31536.0
1777192311.5029633,2188135,31540.0
1777192351.754913,2188718,31544.0
1777192379.506652,2189112,31548.0
1777192397.5305197,2189362,31552.0
1777192435.3225937,2189902,31556.0
1777192467.3538213,2190359,31560.0
1777192504.1743488,2190891,31564.0
1777192541.1216564,2191417,31568.0
1777192573.7051787,2191883,31572.0
1777192609.881355,2192399,31576.0
1777192628.6888998,2192670,31580.0
1777192669.924993,2193260,31584.0
1777192697.3927975,2193648,31588.0
1777192724.6686249,2194032,31592.0
1777192761.3523326,2194557,31596.0
1777192799.7244828,2195112,31600.0
1777192823.5278804,2195452,31604.0
1777192854.819953,2195896,31608.0
1777192900.6356783,2196556,31612.0
1777192934.83569,2197041,31616.0
1777192957.6795824,2197368,31620.0
1777192985.1634483,2197757,31624.0
1777193014.2712379,2198171,31628.0
1777193041.9106727,2198560,31632.0
1777193074.578757,2199028,31636.0
1777193101.3548932,2199405,31640.0
1777193132.3543503,2199848,31644.0
1777193167.553938,2200351,31648.0
1777193202.813989,2200848,31652.0
1777193237.7657523,2201348,31656.0
1777193256.6579015,2201613,31660.0
1777193298.5217543,2202215,31664.0
1777193344.9896429,2202887,31668.0
1777193368.4569044,2203217,31672.0
1777193388.449047,2203493,31676.0
1777193425.0729547,2204022,31680.0
1777193457.3567965,2204481,31684.0
1777193495.008872,2205021,31688.0
1777193539.176432,2205653,31692.0
1777193558.416464,2205928,31696.0
1777193590.1840904,2206383,31700.0
1777193618.1440244,2206782,31704.0
1777193632.6840062,2206973,31708.0
1777193682.3434834,2207683,31712.0
1777193729.8196533,2208368,31716.0
1777193764.7353694,2208872,31720.0
1777193811.2028086,2209540,31724.0
1777193863.4786036,2210289,31728.0
1777193901.330498,2210831,31732.0
1777193920.6704319,2211108,31736.0
1777193947.1466541,2211480,31740.0
1777193979.8983016,2211950,31744.0
1777193998.0218625,2212197,31748.0
1777194029.530345,2212650,31752.0
1777194057.966038,2213058,31756.0
1777194089.7418606,2213512,31760.0
1777194116.841708,2213895,31764.0
1777194147.5176764,2214330,31768.0
1777194192.1250243,2214971,31772.0
1777194227.884998,2215484,31776.0
1777194270.885231,2216106,31780.0
1777194300.4846873,2216528,31784.0
1777194323.0286994,2216844,31788.0
1777194344.1006002,2217136,31792.0
1777194388.803912,2217778,31796.0
1777194410.9599693,2218089,31800.0
1777194431.435794,2218381,31804.0
1777194460.2717624,2218794,31808.0
1777194508.4876246,2219483,31812.0
1777194530.027765,2219782,31816.0
1777194552.7398047,2220103,31820.0
1777194577.2314422,2220455,31824.0
1777194590.0397315,2220625,31828.0
1777194612.5550718,2220942,31832.0
1777194650.547082,2221482,31836.0
1777194677.65476,2221865,31840.0
1777194717.2224977,2222437,31844.0
1777194749.5225985,2222893,31848.0
1777194779.6303678,2223315,31852.0
1777194800.7898984,2223609,31856.0
1777194827.5739765,2223989,31860.0
1777194863.7341328,2224509,31864.0
1777194887.9176416,2224850,31868.0
1777194908.3736136,2225142,31872.0
1777194951.4776428,2225760,31876.0
1777194971.86948,2226051,31880.0
1777195000.9934287,2226466,31884.0
1777195026.7768111,2226825,31888.0
1777195081.4769335,2227616,31892.0
1777195112.7605598,2228060,31896.0
1777195146.6687412,2228550,31900.0
1777195161.4966717,2228751,31904.0
1777195194.5124643,2229223,31908.0
1777195234.612371,2229802,31912.0
1777195265.2718027,2230244,31916.0
1777195298.5717714,2230713,31920.0
1777195327.1477199,2231124,31924.0
1777195370.8076758,2231748,31928.0
1777195403.8314526,2232220,31932.0
1777195421.0554638,2232463,31936.0
1777195438.5829413,2232700,31940.0
1777195462.123301,2233032,31944.0
1777195498.1388252,2233545,31948.0
1777195521.5307932,2233875,31952.0
1777195551.4347534,2234297,31956.0
1777195581.5907412,2234725,31960.0
1777195608.3905137,2235107,31964.0
1777195636.3658748,2235500,31968.0
1777195666.8938425,2235930,31972.0
1777195687.6179059,2236222,31976.0
1777195719.5337832,2236681,31980.0
1777195751.4097576,2237141,31984.0
1777195789.4456134,2237679,31988.0
1777195820.6935477,2238122,31992.0
1777195837.8374343,2238362,31996.0
1777195869.912929,2238824,32000.0
1777195891.7849648,2239131,32004.0
1777195917.2686033,2239492,32008.0
1777195961.7887688,2240129,32012.0
1777195981.7808268,2240404,32016.0
1777196011.788582,2240834,32020.0
1777196049.6041934,2241377,32024.0
1777196084.555706,2241870,32028.0
1777196120.6877246,2242384,32032.0
1777196156.5996804,2242897,32036.0
1777196202.291443,2243560,32040.0
1777196238.3674266,2244073,32044.0
1777196270.5988903,2244537,32048.0
1777196299.0667508,2244939,32052.0
1777196334.3267317,2245441,32056.0
1777196374.8424084,2246026,32060.0
1777196401.6338441,2246408,32064.0
1777196428.8859382,2246791,32068.0
1777196466.3179657,2247332,32072.0
1777196488.5097704,2247644,32076.0
1777196528.2936978,2248216,32080.0
1777196572.5772305,2248851,32084.0
1777196604.2777011,2249302,32088.0
1777196646.944872,2249920,32092.0
1777196665.196706,2250169,32096.0
1777196709.0047,2250805,32100.0
1777196745.4124815,2251321,32104.0
1777196780.5119293,2251823,32108.0
1777196814.879649,2252307,32112.0
1777196852.2637153,2252849,32116.0
1777196883.939722,2253294,32120.0
1777196926.1713886,2253903,32124.0
1777196951.723286,2254270,32128.0
1777196974.5672753,2254590,32132.0
1777197011.4509118,2255120,32136.0
1777197051.4348495,2255688,32140.0
1777197090.2424986,2256248,32144.0
1777197126.7586148,2256772,32148.0
1777197174.0182025,2257442,32152.0
1777197200.3780591,2257815,32156.0
1777197228.9338078,2258222,32160.0
1777197269.7337124,2258813,32164.0
1777197312.953417,2259434,32168.0
1777197342.3853266,2259855,32172.0
1777197373.544915,2260296,32176.0
1777197415.9527678,2260899,32180.0
1777197446.812714,2261340,32184.0
1777197485.796726,2261903,32188.0
1777197514.772613,2262316,32192.0
1777197545.7042394,2262757,32196.0
1777197565.2119267,2263023,32200.0
1777197611.6485422,2263697,32204.0
1777197633.3079429,2264001,32208.0
1777197672.4076955,2264558,32212.0
1777197705.05575,2265022,32216.0
1777197732.3994691,2265414,32220.0
1777197764.4989412,2265872,32224.0
1777197802.7667367,2266416,32228.0
1777197844.0989056,2267006,32232.0
1777197887.5187113,2267630,32236.0
1777197906.658489,2267895,32240.0
1777197938.8659806,2268357,32244.0
1777197969.5699844,2268793,32248.0
1777198003.3699086,2269278,32252.0
1777198041.8935895,2269826,32256.0
1777198057.31797,2270043,32260.0
1777198086.3377435,2270453,32264.0
1777198125.821717,2271024,32268.0
1777198173.1537325,2271706,32272.0
1777198192.5129063,2271976,32276.0
1777198215.8048174,2272308,32280.0
1777198248.704959,2272781,32284.0
1777198279.1807687,2273215,32288.0
1777198312.312674,2273680,32292.0
1777198340.3885777,2274080,32296.0
1777198371.7083328,2274517,32300.0
1777198425.3400025,2275296,32304.0
1777198440.3158507,2275496,32308.0
1777198465.239774,2275843,32312.0
1777198496.659929,2276287,32316.0
1777198528.9917505,2276753,32320.0
1777198547.275741,2277012,32324.0
1777198577.1274357,2277436,32328.0
1777198612.6267986,2277936,32332.0
1777198636.5830214,2278277,32336.0
1777198668.2429843,2278732,32340.0
1777198690.0113897,2279038,32344.0
1777198716.8347547,2279415,32348.0
1777198744.110722,2279797,32352.0
1777198777.7106032,2280277,32356.0
1777198793.2540376,2280494,32360.0
1777198834.0698514,2281082,32364.0
1777198851.929854,2281329,32368.0
1777198889.4779828,2281867,32372.0
1777198919.921733,2282300,32376.0
1777198951.345627,2282746,32380.0
1777198993.1455417,2283352,32384.0
1777199028.0294354,2283854,32388.0
1777199066.3809106,2284400,32392.0
1777199088.2409053,2284712,32396.0
1777199141.4325824,2285475,32400.0
1777199174.3246546,2285947,32404.0
1777199208.27643,2286433,32408.0
1777199224.4326148,2286653,32412.0
1777199245.307982,2286943,32416.0
1777199275.1600437,2287369,32420.0
1777199319.1755965,2288010,32424.0
1777199370.0275624,2288742,32428.0
1777199402.4754999,2289203,32432.0
1777199451.1949377,2289906,32436.0
1777199485.5110493,2290394,32440.0
1777199540.0388155,2291187,32444.0
1777199590.5027282,2291910,32448.0
1777199625.53846,2292409,32452.0
1777199642.045826,2292632,32456.0
1777199678.5699933,2293158,32460.0
1777199708.8737245,2293594,32464.0
1777199739.4297986,2294022,32468.0
1777199764.7977428,2294379,32472.0
1777199793.5734634,2294787,32476.0
1777199812.197907,2295052,32480.0
1777199856.9171703,2295693,32484.0
1777199892.732975,2296206,32488.0
1777199921.072872,2296603,32492.0
1777199969.9486415,2297305,32496.0
1777200004.840655,2297805,32500.0
1777200041.4439108,2298336,32504.0
1777200080.2077346,2298890,32508.0
1777200130.7038956,2299617,32512.0
1777200146.867995,2299832,32516.0
1777200175.6039374,2300239,32520.0
1777200213.3040357,2300781,32524.0
1777200246.3275852,2301248,32528.0
1777200272.5116973,2301619,32532.0
1777200304.3037531,2302073,32536.0
1777200337.2032058,2302536,32540.0
1777200364.2474396,2302921,32544.0
1777200397.2309647,2303389,32548.0
1777200419.954792,2303704,32552.0
1777200463.4909153,2304330,32556.0
1777200506.1753252,2304939,32560.0
1777200534.958761,2305347,32564.0
1777200560.0824802,2305708,32568.0
1777200597.4825723,2306236,32572.0
1777200630.918475,2306718,32576.0
1777200661.3263996,2307153,32580.0
1777200705.8498695,2307799,32584.0
1777200753.1178021,2308480,32588.0
1777200794.0777516,2309067,32592.0
1777200839.1019018,2309711,32596.0
1777200865.3137708,2310079,32600.0
1777200901.5974388,2310603,32604.0
1777200939.5132985,2311149,32608.0
1777200970.4531398,2311587,32612.0
1777201022.1647642,2312333,32616.0
1777201054.4727373,2312792,32620.0
1777201087.7047024,2313270,32624.0
1777201104.5965202,2313503,32628.0
1777201125.1080496,2313793,32632.0
1777201153.2484126,2314190,32636.0
1777201165.7558103,2314356,32640.0
1777201187.947787,2314674,32644.0
1777201220.3318992,2315138,32648.0
1777201262.4836774,2315736,32652.0
1777201303.9995866,2316334,32656.0
1777201345.3351803,2316923,32660.0
1777201379.5914166,2317412,32664.0
1777201420.7748787,2318008,32668.0
1777201449.0271928,2318409,32672.0
1777201470.2025928,2318707,32676.0
1777201495.5629392,2319075,32680.0
1777201536.3106956,2319653,32684.0
1777201574.746465,2320202,32688.0
1777201605.130598,2320633,32692.0
1777201634.2061973,2321044,32696.0
1777201660.9140494,2321420,32700.0
1777201697.529589,2321947,32704.0
1777201733.4134955,2322465,32708.0
1777201772.613231,2323015,32712.0
1777201791.4576018,2323285,32716.0
1777201836.6893861,2323932,32720.0
1777201871.6727078,2324434,32724.0
1777201900.9809284,2324847,32728.0
1777201933.2327616,2325311,32732.0
1777201970.8846564,2325852,32736.0
1777201997.6604097,2326226,32740.0
1777202032.1759083,2326723,32744.0
1777202062.8998392,2327161,32748.0
1777202077.407747,2327355,32752.0
1777202107.100103,2327772,32756.0
1777202145.7357395,2328331,32760.0
1777202173.487741,2328722,32764.0
1777202203.5434835,2329153,32768.0
1777202235.6960003,2329609,32772.0
1777202279.011197,2330234,32776.0
1777202306.3186512,2330619,32780.0
1777202343.8866987,2331156,32784.0
1777202391.3222528,2331839,32788.0
1777202424.921967,2332317,32792.0
1777202453.0821726,2332719,32796.0
1777202474.6135857,2333024,32800.0
1777202515.429665,2333612,32804.0
1777202539.3417091,2333948,32808.0
1777202570.26509,2334386,32812.0
1777202603.3654282,2334858,32816.0
1777202635.6250744,2335321,32820.0
1777202664.8925743,2335739,32824.0
1777202711.0923882,2336397,32828.0
1777202748.9405036,2336937,32832.0
1777202776.9158988,2337327,32836.0
1777202811.6159658,2337826,32840.0
1777202842.168157,2338265,32844.0
1777202888.235642,2338926,32848.0
1777202911.0956879,2339256,32852.0
1777202943.0594506,2339709,32856.0
1777202972.887217,2340139,32860.0
1777202985.1955922,2340308,32864.0
1777203020.7029572,2340816,32868.0
1777203071.030558,2341545,32872.0
1777203109.6306803,2342101,32876.0
1777203138.58633,2342516,32880.0
1777203174.137939,2343028,32884.0
1777203205.1898334,2343474,32888.0
1777203246.1896002,2344059,32892.0
1777203287.27356,2344650,32896.0
1777203316.0337324,2345061,32900.0
1777203343.5053186,2345452,32904.0
1777203365.2094607,2345751,32908.0
1777203389.4167333,2346101,32912.0
1777203413.593183,2346441,32916.0
1777203456.4248626,2347053,32920.0
1777203488.7087622,2347515,32924.0
1777203514.684463,2347887,32928.0
1777203550.216514,2348383,32932.0
1777203568.3924847,2348642,32936.0
1777203612.228064,2349265,32940.0
1777203662.7437184,2350003,32944.0
1777203689.095712,2350375,32948.0
1777203724.1715093,2350878,32952.0
1777203763.7554321,2351435,32956.0
1777203789.0949929,2351796,32960.0
1777203837.8873694,2352505,32964.0
1777203861.8146722,2352840,32968.0
1777203908.9468498,2353518,32972.0
1777203944.2625182,2354021,32976.0
1777203988.3303049,2354657,32980.0
1777204016.3658113,2355055,32984.0
1777204065.2496262,2355757,32988.0
1777204088.5657465,2356087,32992.0
1777204117.1737013,2356496,32996.0
1777204152.993565,2357001,33000.0
1777204175.0169687,2357319,33004.0
1777204207.2573986,2357781,33008.0
1777204238.524784,2358231,33012.0
1777204279.308842,2358815,33016.0
1777204304.26871,2359169,33020.0
1777204336.6364694,2359632,33024.0
1777204361.3446712,2359978,33028.0
1777204388.7205117,2360371,33032.0
1777204432.9879024,2360996,33036.0
1777204462.6877868,2361420,33040.0
1777204505.0359123,2362035,33044.0
1777204535.5954072,2362472,33048.0
1777204563.711845,2362876,33052.0
1777204614.2151036,2363594,33056.0
1777204640.399511,2363965,33060.0
1777204672.9228516,2364431,33064.0
1777204707.4549663,2364921,33068.0
1777204754.0665967,2365588,33072.0
1777204791.8226445,2366129,33076.0
1777204826.4899733,2366624,33080.0
1777204858.0339046,2367074,33084.0
1777204890.4340115,2367533,33088.0
1777204910.341986,2367806,33092.0
1777204935.6657884,2368152,33096.0
1777204954.693994,2368422,33100.0
1777204993.0776753,2368969,33104.0
1777205034.909486,2369575,33108.0
1777205053.937362,2369837,33112.0
1777205077.8770273,2370178,33116.0
1777205109.49287,2370625,33120.0
1777205144.7845654,2371123,33124.0
1777205167.8689134,2371452,33128.0
1777205212.0047164,2372087,33132.0
1777205240.1446352,2372487,33136.0
1777205267.4486637,2372867,33140.0
1777205292.71993,2373229,33144.0
1777205335.8721328,2373854,33148.0
1777205363.4158251,2374244,33152.0
1777205406.8637424,2374869,33156.0
1777205425.791782,2375132,33160.0
1777205459.3234923,2375614,33164.0
1777205493.9913464,2376108,33168.0
1777205524.8671002,2376544,33172.0
1777205563.1989636,2377091,33176.0
1777205602.7505105,2377654,33180.0
1777205634.6347327,2378111,33184.0
1777205658.658523,2378443,33188.0
1777205680.618121,2378760,33192.0
1777205720.3863363,2379320,33196.0
1777205755.0857403,2379816,33200.0
1777205801.4536948,2380487,33204.0
1777205836.0697381,2380974,33208.0
1777205860.6615982,2381327,33212.0
1777205898.3772647,2381856,33216.0
1777205943.5126674,2382509,33220.0
1777205969.436976,2382875,33224.0
1777206003.5885475,2383363,33228.0
1777206026.6646867,2383686,33232.0
1777206057.5127387,2384122,33236.0
1777206071.5121596,2384315,33240.0
1777206104.3481305,2384783,33244.0
1777206125.3407123,2385074,33248.0
1777206149.9320407,2385419,33252.0
1777206190.4636054,2385999,33256.0
1777206219.1157553,2386402,33260.0
1777206275.7993608,2387219,33264.0
1777206308.7674809,2387689,33268.0
1777206345.2674532,2388213,33272.0
1777206370.6107652,2388567,33276.0
1777206391.2503407,2388854,33280.0
1777206429.2661955,2389404,33284.0
1777206447.4101048,2389654,33288.0
1777206471.8501115,2389996,33292.0
1777206510.2858148,2390544,33296.0
1777206549.169708,2391104,33300.0
1777206594.9850473,2391761,33304.0
1777206639.9367013,2392408,33308.0
1777206685.0127969,2393053,33312.0
1777206715.9209142,2393491,33316.0
1777206754.0722988,2394044,33320.0
1777206793.056417,2394605,33324.0
1777206823.6317396,2395045,33328.0
1777206844.9396222,2395343,33332.0
1777206896.463727,2396082,33336.0
1777206924.8914719,2396486,33340.0
1777206951.874867,2396871,33344.0
1777206982.4153714,2397302,33348.0
1777207026.030738,2397934,33352.0
1777207054.7349908,2398340,33356.0
1777207082.390686,2398733,33360.0
1777207117.6580784,2399238,33364.0
1777207154.2098098,2399761,33368.0
1777207176.3658297,2400068,33372.0
1777207198.5097077,2400379,33376.0
1777207224.6018217,2400747,33380.0
1777207260.4537182,2401263,33384.0
1777207300.5854816,2401839,33388.0
1777207327.4291244,2402223,33392.0
1777207361.992779,2402716,33396.0
1777207384.0527215,2403029,33400.0
1777207424.9364295,2403620,33404.0
1777207459.3370001,2404111,33408.0
1777207492.872355,2404595,33412.0
1777207521.9643304,2405007,33416.0
1777207553.0037992,2405453,33420.0
1777207581.6719997,2405863,33424.0
1777207622.4718006,2406451,33428.0
1777207654.6157286,2406906,33432.0
1777207689.1076322,2407397,33436.0
1777207720.666816,2407849,33440.0
1777207756.3588202,2408359,33444.0
1777207776.5830245,2408638,33448.0
1777207806.7667048,2409072,33452.0
1777207840.318509,2409549,33456.0
1777207864.5905116,2409892,33460.0
1777207895.4506936,2410331,33464.0
1777207927.1665158,2410782,33468.0
1777207950.958137,2411111,33472.0
1777207988.8096378,2411656,33476.0
1777208034.877569,2412315,33480.0
1777208072.3777778,2412858,33484.0
1777208095.160997,2413177,33488.0
1777208146.1767488,2413916,33492.0
1777208184.1289139,2414454,33496.0
1777208207.7047694,2414796,33500.0
1777208237.5646162,2415220,33504.0
1777208273.1486685,2415719,33508.0
1777208310.9327314,2416254,33512.0
1777208334.856442,2416594,33516.0
1777208357.2318797,2416913,33520.0
1777208402.1404011,2417555,33524.0
1777208431.500566,2417968,33528.0
1777208447.7560256,2418199,33532.0
1777208477.7680643,2418626,33536.0
1777208514.467902,2419151,33540.0
1777208556.2354164,2419755,33544.0
1777208591.783658,2420269,33548.0
1777208614.191672,2420581,33552.0
1777208664.7277071,2421303,33556.0
1777208682.1356711,2421548,33560.0
1777208730.095034,2422237,33564.0
1777208747.7428453,2422489,33568.0
1777208782.6269147,2422987,33572.0
1777208800.2188563,2423232,33576.0
1777208840.7027977,2423817,33580.0
1777208869.622471,2424228,33584.0
1777208899.7787035,2424657,33588.0
1777208938.0626538,2425198,33592.0
1777208967.846473,2425620,33596.0
1777208991.9899762,2425969,33600.0
1777209026.64198,2426455,33604.0
1777209044.1419864,2426702,33608.0
1777209086.2735689,2427305,33612.0
1777209114.189569,2427704,33616.0
1777209149.8177197,2428208,33620.0
1777209188.5175774,2428770,33624.0
1777209211.1172535,2429085,33628.0
1777209234.3934,2429409,33632.0
1777209258.1174111,2429748,33636.0
1777209310.0367053,2430494,33640.0
1777209338.4687843,2430895,33644.0
1777209373.2287567,2431395,33648.0
1777209399.2964377,2431764,33652.0
1777209452.5039015,2432533,33656.0
1777209482.895859,2432966,33660.0
1777209514.2204268,2433413,33664.0
1777209550.803899,2433934,33668.0
1777209584.571764,2434412,33672.0
1777209620.1716957,2434918,33676.0
1777209649.9795535,2435344,33680.0
1777209696.4832664,2436010,33684.0
1777209724.9149559,2436414,33688.0
1777209746.458951,2436722,33692.0
1777209771.5667727,2437083,33696.0
1777209815.7147694,2437709,33700.0
1777209851.034676,2438219,33704.0
1777209892.3665235,2438817,33708.0
1777209926.202501,2439299,33712.0
1777209974.770122,2439999,33716.0
1777210003.2179146,2440403,33720.0
1777210038.2777386,2440911,33724.0
1777210078.429711,2441483,33728.0
1777210101.0375915,2441806,33732.0
1777210127.50533,2442177,33736.0
1777210144.4609787,2442405,33740.0
1777210197.9289088,2443177,33744.0
1777210243.9807856,2443838,33748.0
1777210267.012688,2444159,33752.0
1777210307.4485822,2444738,33756.0
1777210346.47231,2445302,33760.0
1777210385.23214,2445854,33764.0
1777210409.6077764,2446200,33768.0
1777210459.9914403,2446932,33772.0
1777210487.3835344,2447317,33776.0
1777210528.4070117,2447898,33780.0
1777210542.7228074,2448100,33784.0
1777210592.9506218,2448819,33788.0
1777210615.5746908,2449141,33792.0
1777210643.402735,2449536,33796.0
1777210681.350494,2450077,33800.0
1777210705.393937,2450425,33804.0
1777210731.5940995,2450790,33808.0
1777210752.3696005,2451082,33812.0
1777210799.9857066,2451767,33816.0
1777210839.4534578,2452335,33820.0
1777210873.9849422,2452833,33824.0
1777210909.3768148,2453337,33828.0
1777210936.3453665,2453720,33832.0
1777210967.82079,2454168,33836.0
1777210993.6128573,2454527,33840.0
1777211028.4486992,2455029,33844.0
1777211053.7045145,2455384,33848.0
1777211094.239724,2455973,33852.0
1777211116.7721925,2456293,33856.0
1777211144.40003,2456687,33860.0
1777211190.6477084,2457350,33864.0
1777211238.3074884,2458045,33868.0
1777211266.5149024,2458445,33872.0
1777211302.850859,2458968,33876.0
1777211346.1507876,2459587,33880.0
1777211374.8187559,2459994,33884.0
1777211400.3946965,2460352,33888.0
1777211421.2865517,2460649,33892.0
1777211455.7426486,2461139,33896.0
1777211479.4699306,2461471,33900.0
1777211515.3700213,2461986,33904.0
1777211542.985832,2462380,33908.0
1777211572.2619047,2462794,33912.0
1777211608.9777894,2463317,33916.0
1777211627.6216242,2463578,33920.0
1777211665.5053637,2464127,33924.0
1777211696.7970524,2464576,33928.0
1777211747.9369783,2465311,33932.0
1777211795.3885584,2465989,33936.0
1777211835.1887555,2466561,33940.0
1777211882.9718442,2467254,33944.0
1777211916.9240184,2467733,33948.0
1777211954.5242295,2468272,33952.0
1777211989.1397133,2468762,33956.0
1777212031.459555,2469364,33960.0
1777212075.1274962,2469996,33964.0
1777212101.1430292,2470359,33968.0
1777212131.1674109,2470791,33972.0
1777212148.8952835,2471044,33976.0
1777212177.9666371,2471459,33980.0
1777212225.694709,2472147,33984.0
1777212251.7027225,2472512,33988.0
1777212280.5104282,2472920,33992.0
1777212297.654407,2473159,33996.0
1777212332.4218998,2473645,34000.0
1777212350.6779292,2473907,34004.0
1777212375.9217098,2474260,34008.0
1777212412.9375894,2474790,34012.0
1777212447.329649,2475278,34016.0
1777212478.5976765,2475727,34020.0
1777212509.9049935,2476167,34024.0
1777212535.3055053,2476533,34028.0
1777212564.513007,2476946,34032.0
1777212591.0889013,2477320,34036.0
1777212614.8883986,2477656,34040.0
1777212642.0483992,2478038,34044.0
1777212677.7005286,2478554,34048.0
1777212722.0680072,2479185,34052.0
1777212747.6918135,2479557,34056.0
1777212776.459685,2479965,34060.0
1777212804.3675115,2480362,34064.0
1777212852.3836958,2481050,34068.0
1777212881.4198792,2481465,34072.0
1777212916.3433902,2481962,34076.0
1777212942.758811,2482336,34080.0
1777212968.103139,2482694,34084.0
1777212988.9269118,2482991,34088.0
1777213011.086542,2483298,34092.0
1777213058.7467778,2483979,34096.0
1777213085.938676,2484361,34100.0
1777213118.7465324,2484831,34104.0
1777213155.178052,2485351,34108.0
1777213195.6299417,2485935,34112.0
1777213240.629699,2486574,34116.0
1777213271.013557,2487010,34120.0
1777213297.5054147,2487383,34124.0
1777213325.3575048,2487778,34128.0
1777213355.9170182,2488209,34132.0
1777213380.7409527,2488557,34136.0
1777213407.1567876,2488939,34140.0
1777213450.8927536,2489568,34144.0
1777213486.50861,2490076,34148.0
1777213520.6686761,2490564,34152.0
1777213555.0522583,2491055,34156.0
1777213580.843837,2491421,34160.0
1777213610.2438676,2491841,34164.0
1777213646.728265,2492355,34168.0
1777213686.3436687,2492920,34172.0
1777213732.043297,2493581,34176.0
1777213772.627014,2494156,34180.0
1777213794.5387554,2494472,34184.0
1777213830.639022,2494986,34188.0
1777213865.7627063,2495486,34192.0
1777213896.5147007,2495921,34196.0
1777213924.8546958,2496325,34200.0
1777213949.8744633,2496686,34204.0
1777213982.5657341,2497142,34208.0
1777214019.1659162,2497662,34212.0
1777214046.4899616,2498046,34216.0
1777214080.841892,2498534,34220.0
1777214121.309279,2499120,34224.0
1777214168.425463,2499789,34228.0
1777214215.3489707,2500470,34232.0
1777214243.824772,2500874,34236.0
1777214270.3527486,2501247,34240.0
1777214299.6006992,2501662,34244.0
1777214343.1286683,2502284,34248.0
1777214368.927979,2502657,34252.0
1777214414.7199616,2503310,34256.0
1777214441.1800249,2503685,34260.0
1777214487.243646,2504356,34264.0
1777214533.978827,2505029,34268.0
1777214554.931063,2505322,34272.0
1777214583.170748,2505726,34276.0
1777214621.138665,2506265,34280.0
1777214657.5626986,2506791,34284.0
1777214693.130836,2507300,34288.0
1777214729.0465353,2507817,34292.0
1777214745.437854,2508038,34296.0
1777214770.2816951,2508388,34300.0
1777214807.0975437,2508919,34304.0
1777214842.8978703,2509427,34308.0
1777214872.125583,2509845,34312.0
1777214919.6410277,2510523,34316.0
1777214962.548762,2511143,34320.0
1777214988.5927026,2511512,34324.0
1777215031.4924798,2512129,34328.0
1777215061.0999322,2512549,34332.0
1777215085.4005263,2512891,34336.0
1777215124.9356525,2513458,34340.0
1777215158.5518305,2513940,34344.0
1777215197.5796785,2514503,34348.0
1777215230.9274282,2514979,34352.0
1777215254.1035004,2515301,34356.0
1777215271.3107104,2515541,34360.0
1777215305.5107582,2516023,34364.0
1777215355.946507,2516753,34368.0
1777215379.2387009,2517080,34372.0
1777215404.1143472,2517426,34376.0
1777215435.4146085,2517869,34380.0
1777215467.5977247,2518330,34384.0
1777215494.6579382,2518715,34388.0
1777215536.5897055,2519323,34392.0
1777215561.4976907,2519674,34396.0
1777215583.073591,2519976,34400.0
1777215610.6095357,2520368,34404.0
1777215641.7652848,2520815,34408.0
1777215674.2653048,2521274,34412.0
1777215701.6249633,2521658,34416.0
1777215725.3486812,2522001,34420.0
1777215783.5241344,2522843,34424.0
1777215809.7684393,2523210,34428.0
1777215871.675854,2524107,34432.0
1777215896.543746,2524453,34436.0
1777215922.8196893,2524823,34440.0
1777215965.5717273,2525443,34444.0
1777215983.6796114,2525690,34448.0
1777216013.4189112,2526110,34452.0
1777216047.555397,2526599,34456.0
1777216082.270775,2527096,34460.0
1777216125.886837,2527723,34464.0
1777216153.6905751,2528119,34468.0
1777216188.9303806,2528620,34472.0
1777216241.937669,2529387,34476.0
1777216270.7419446,2529798,34480.0
1777216312.133784,2530399,34484.0
1777216359.441532,2531084,34488.0
1777216402.0736895,2531697,34492.0
1777216461.9487658,2532560,34496.0
1777216483.8608596,2532862,34500.0
1777216512.0164537,2533268,34504.0
1777216547.484667,2533774,34508.0
1777216578.5925078,2534213,34512.0
1777216615.092505,2534734,34516.0
1777216654.6118762,2535300,34520.0
1777216687.611617,2535775,34524.0
1777216731.1277678,2536393,34528.0
1777216752.935738,2536697,34532.0
1777216776.3796585,2537033,34536.0
1777216813.9949286,2537561,34540.0
1777216837.7874815,2537906,34544.0
1777216874.3709419,2538423,34548.0
1777216900.2628632,2538794,34552.0
1777216911.6546335,2538945,34556.0
1777216933.5625796,2539254,34560.0
1777216969.4467075,2539772,34564.0
1777217001.1227791,2540223,34568.0
1777217036.4419942,2540729,34572.0
1777217070.5737207,2541216,34576.0
1777217110.8258402,2541798,34580.0
1777217142.2499912,2542234,34584.0
1777217169.6857338,2542631,34588.0
1777217205.869452,2543137,34592.0
1777217254.969014,2543845,34596.0
1777217284.3089445,2544263,34600.0
1777217311.5769408,2544651,34604.0
1777217383.9366612,2545696,34608.0
1777217419.7683988,2546209,34612.0
1777217461.3523693,2546809,34616.0
1777217478.2639651,2547039,34620.0
1777217494.2562206,2547267,34624.0
1777217535.103634,2547844,34628.0
1777217569.8397164,2548340,34632.0
1777217603.1957238,2548817,34636.0
1777217629.7073984,2549192,34640.0
1777217658.8387978,2549607,34644.0
1777217703.354903,2550248,34648.0
1777217738.2386835,2550752,34652.0
1777217763.9146965,2551112,34656.0
1777217774.7426744,2551253,34660.0
1777217796.9147353,2551572,34664.0
1777217839.733847,2552177,34668.0
1777217877.8499355,2552721,34672.0
1777217905.773894,2553116,34676.0
1777217939.977552,2553604,34680.0
1777217973.3497064,2554080,34684.0
1777218007.217518,2554562,34688.0
1777218024.8931491,2554806,34692.0
1777218043.2371716,2555051,34696.0
1777218066.045032,2555379,34700.0
1777218090.2367337,2555721,34704.0
1777218119.9848943,2556143,34708.0
1777218139.6966922,2556421,34712.0
1777218169.068692,2556838,34716.0
1777218205.520386,2557361,34720.0
1777218237.8964405,2557822,34724.0
1777218270.3480742,2558285,34728.0
1777218308.9799678,2558834,34732.0
1777218320.6316352,2558985,34736.0
1777218342.532012,2559295,34740.0
1777218383.7314856,2559885,34744.0
1777218410.639509,2560263,34748.0
1777218446.8389854,2560783,34752.0
1777218490.3750157,2561418,34756.0
1777218523.6586714,2561884,34760.0
1777218542.6227527,2562156,34764.0
1777218567.2746718,2562503,34768.0
1777218601.2187493,2562985,34772.0
1777218618.4187615,2563223,34776.0
1777218641.034608,2563546,34780.0
1777218665.1504683,2563886,34784.0
1777218701.2103293,2564399,34788.0
1777218740.4778342,2564953,34792.0
1777218756.9178755,2565183,34796.0
1777218788.9179347,2565639,34800.0
1777218826.7099159,2566175,34804.0
1777218876.2059097,2566887,34808.0
1777218905.0456998,2567293,34812.0
1777218927.33765,2567608,34816.0
1777218964.2731647,2568140,34820.0
1777219006.8048906,2568750,34824.0
1777219040.7410235,2569234,34828.0
1777219059.0329251,2569493,34832.0
1777219100.6808472,2570083,34836.0
1777219127.9648836,2570472,34840.0
1777219165.9247768,2571016,34844.0
1777219210.60859,2571662,34848.0
1777219249.7243085,2572218,34852.0
1777219273.5599253,2572560,34856.0
1777219307.1840107,2573034,34860.0
1777219333.2357306,2573413,34864.0
1777219355.2437942,2573720,34868.0
1777219389.4197552,2574207,34872.0
1777219415.4515097,2574571,34876.0
1777219476.7796254,2575456,34880.0
1777219510.0350845,2575932,34884.0
1777219532.295058,2576247,34888.0
1777219560.646736,2576645,34892.0
1777219580.2867076,2576915,34896.0
1777219604.0145617,2577253,34900.0
1777219652.862447,2577960,34904.0
1777219677.1301851,2578301,34908.0
1777219713.837963,2578828,34912.0
1777219751.6736739,2579372,34916.0
1777219783.5579505,2579827,34920.0
1777219815.141647,2580274,34924.0
1777219846.3816886,2580718,34928.0
1777219876.117691,2581139,34932.0
1777219913.0568817,2581663,34936.0
1777219946.3771064,2582138,34940.0
1777219980.5766776,2582629,34944.0
1777220007.6527703,2583014,34948.0
1777220038.1770492,2583446,34952.0
1777220068.1446435,2583876,34956.0
1777220094.068516,2584233,34960.0
1777220130.8201056,2584766,34964.0
1777220156.3764338,2585125,34968.0
1777220178.7599378,2585438,34972.0
1777220192.9439936,2585633,34976.0
1777220210.0037785,2585868,34980.0
1777220245.155839,2586375,34984.0
1777220290.219545,2587025,34988.0
1777220331.6874332,2587611,34992.0
1777220354.5471284,2587936,34996.0
1777220388.5989077,2588416,35000.0
1777220427.482874,2588976,35004.0
1777220463.522696,2589495,35008.0
1777220497.9746218,2589987,35012.0
1777220516.4145446,2590240,35016.0
1777220544.1220255,2590630,35020.0
1777220583.1257496,2591192,35024.0
1777220610.0258968,2591572,35028.0
1777220648.0337443,2592116,35032.0
1777220681.5016408,2592588,35036.0
1777220709.569416,2592991,35040.0
1777220753.400978,2593617,35044.0
1777220791.5530694,2594167,35048.0
1777220819.7289524,2594559,35052.0
1777220851.9608152,2595022,35056.0
1777220889.1847916,2595552,35060.0
1777220945.4359086,2596363,35064.0
1777220972.7958534,2596749,35068.0
1777221020.4800441,2597432,35072.0
1777221047.687757,2597822,35076.0
1777221075.4236946,2598216,35080.0
1777221130.9072812,2599021,35084.0
1777221170.171601,2599580,35088.0
1777221198.9750109,2599993,35092.0
1777221220.646976,2600301,35096.0
1777221240.3230836,2600575,35100.0
1777221284.9427614,2601224,35104.0
1777221318.6265216,2601694,35108.0
1777221349.7666767,2602134,35112.0
1777221377.0187109,2602528,35116.0
1777221407.0102131,2602956,35120.0
1777221465.7340224,2603801,35124.0
1777221506.3177502,2604375,35128.0
1777221545.1691065,2604934,35132.0
1777221555.5852954,2605079,35136.0
1777221574.0089612,2605336,35140.0
1777221589.9368348,2605556,35144.0
1777221612.0928483,2605869,35148.0
1777221634.452946,2606184,35152.0
1777221676.5690022,2606791,35156.0
1777221704.2527323,2607182,35160.0
1777221744.0725884,2607744,35164.0
1777221773.696464,2608167,35168.0
1777221818.9798472,2608818,35172.0
1777221855.4321895,2609342,35176.0
1777221884.5637252,2609760,35180.0
1777221915.7717197,2610205,35184.0
1777221967.015692,2610939,35188.0
1777222000.8389602,2611421,35192.0
1777222046.7667825,2612077,35196.0
1777222083.4748013,2612601,35200.0
1777222118.358713,2613105,35204.0
1777222159.3667376,2613684,35208.0
1777222184.8665156,2614053,35212.0
1777222218.002006,2614523,35216.0
1777222243.3623757,2614884,35220.0
1777222284.085602,2615466,35224.0
1777222326.3094916,2616070,35228.0
1777222348.0137024,2616370,35232.0
1777222387.62148,2616943,35236.0
1777222411.8049,2617282,35240.0
1777222450.9371474,2617848,35244.0
1777222479.0128741,2618242,35248.0
1777222520.3126915,2618834,35252.0
1777222543.820402,2619169,35256.0
1777222579.7047331,2619677,35260.0
1777222603.7644882,2620021,35264.0
1777222632.8323479,2620434,35268.0
1777222666.3921368,2620908,35272.0
1777222688.731897,2621222,35276.0
1777222711.8759546,2621540,35280.0
1777222739.7077515,2621932,35284.0
1777222775.1600847,2622444,35288.0
1777222796.5680008,2622742,35292.0
1777222842.8998244,2623410,35296.0
1777222861.943721,2623673,35300.0
1777222897.3434558,2624184,35304.0
1777222926.8035183,2624598,35308.0
1777222952.0794635,2624955,35312.0
1777223004.187186,2625704,35316.0
1777223038.6194153,2626194,35320.0
1777223067.830618,2626608,35324.0
1777223106.5947125,2627162,35328.0
1777223132.554423,2627523,35332.0
1777223156.6466765,2627862,35336.0
1777223183.4826608,2628240,35340.0
1777223214.6823096,2628683,35344.0
1777223252.5384555,2629227,35348.0
1777223286.041991,2629707,35352.0
1777223318.2145042,2630167,35356.0
1777223357.6178906,2630735,35360.0
1777223397.5016427,2631305,35364.0
1777223444.2095017,2631983,35368.0
1777223483.9413223,2632541,35372.0
1777223529.9930289,2633204,35376.0
1777223565.2771099,2633708,35380.0
1777223596.736783,2634158,35384.0
1777223623.8047123,2634542,35388.0
1777223660.5127656,2635066,35392.0
1777223694.9965367,2635565,35396.0
1777223727.996162,2636029,35400.0
1777223781.1800323,2636795,35404.0
1777223812.7956579,2637243,35408.0
1777223851.3156571,2637793,35412.0
1777223882.6075273,2638238,35416.0
1777223933.615719,2638973,35420.0
1777223959.7393982,2639353,35424.0
1777224004.359445,2639990,35428.0
1777224032.5229995,2640387,35432.0
1777224054.5829659,2640690,35436.0
1777224076.2267256,2641004,35440.0
1777224115.326685,2641557,35444.0
1777224145.6500783,2641990,35448.0
1777224175.9509816,2642419,35452.0
1777224205.1177654,2642830,35456.0
1777224228.569745,2643166,35460.0
1777224241.4100285,2643335,35464.0
1777224266.0856452,2643677,35468.0
1777224296.8176692,2644115,35472.0
1777224342.201686,2644775,35476.0
1777224368.7776828,2645150,35480.0
1777224404.2135098,2645659,35484.0
1777224433.7968528,2646081,35488.0
1777224480.1289155,2646743,35492.0
1777224513.0289075,2647213,35496.0
1777224543.1207714,2647640,35500.0
1777224578.7885365,2648156,35504.0
1777224609.2486556,2648588,35508.0
1777224653.3080485,2649212,35512.0
1777224677.663706,2649563,35516.0
1777224701.2757769,2649892,35520.0
1777224727.6156957,2650265,35524.0
1777224760.9513662,2650742,35528.0
1777224796.322892,2651247,35532.0
1777224828.2427242,2651703,35536.0
1777224846.798598,2651956,35540.0
1777224877.358533,2652394,35544.0
1777224902.9264503,2652750,35548.0
1777224929.166222,2653124,35552.0
1777224963.2698205,2653614,35556.0
1777224993.6937046,2654047,35560.0
1777225033.9937232,2654629,35564.0
1777225080.1529307,2655292,35568.0
1777225108.277001,2655688,35572.0
1777225138.1688733,2656111,35576.0
1777225158.0607584,2656391,35580.0
1777225183.4125502,2656747,35584.0
1777225222.6118455,2657301,35588.0
1777225253.7804127,2657742,35592.0
1777225280.4118927,2658129,35596.0
1777225320.1116548,2658688,35600.0
1777225359.0636718,2659251,35604.0
1777225387.247095,2659650,35608.0
1777225419.291139,2660106,35612.0
1777225451.3747764,2660558,35616.0
1777225489.2586634,2661104,35620.0
1777225531.2065387,2661701,35624.0
1777225558.8503747,2662093,35628.0
1777225597.481813,2662643,35632.0
1777225633.365966,2663156,35636.0
1777225655.3937402,2663464,35640.0
1777225692.7274659,2664000,35644.0
1777225717.5496404,2664349,35648.0
1777225744.309376,2664724,35652.0
1777225786.876959,2665336,35656.0
1777225816.6289766,2665758,35660.0
1777225858.260743,2666352,35664.0
1777225898.9607444,2666933,35668.0
1777225934.0121617,2667438,35672.0
1777225965.7719467,2667886,35676.0
1777225994.755841,2668300,35680.0
1777226015.9959638,2668598,35684.0
1777226033.0560374,2668830,35688.0
1777226059.9957237,2669218,35692.0
1777226084.3397772,2669562,35696.0
1777226109.26349,2669905,35700.0
1777226139.6794586,2670338,35704.0
1777226172.7388334,2670807,35708.0
1777226198.4227972,2671165,35712.0
1777226223.5987468,2671522,35716.0
1777226241.1588104,2671772,35720.0
1777226279.6428504,2672319,35724.0
1777226334.4744308,2673103,35728.0
1777226365.858471,2673553,35732.0
1777226391.1499865,2673915,35736.0
1777226419.3337765,2674313,35740.0
1777226446.8256824,2674703,35744.0
1777226489.461967,2675309,35748.0
1777226521.9457026,2675777,35752.0
1777226553.9373353,2676241,35756.0
1777226579.5527797,2676600,35760.0
1777226603.9288428,2676947,35764.0
1777226650.3967643,2677615,35768.0
1777226683.644777,2678094,35772.0
1777226717.3046753,2678569,35776.0
1777226742.9362423,2678931,35780.0
1777226777.7279406,2679428,35784.0
1777226804.7319846,2679809,35788.0
1777226825.7719665,2680095,35792.0
1777226868.808064,2680715,35796.0
1777226906.6239135,2681221,35800.0
1777226934.1917076,2681615,35804.0
1777226953.2395399,2681886,35808.0
1777226977.3157034,2682223,35812.0
1777227003.482961,2682595,35816.0
1777227029.675053,2682960,35820.0
1777227059.5587742,2683384,35824.0
1777227074.390746,2683589,35828.0
1777227102.9507463,2683995,35832.0
1777227134.518581,2684441,35836.0
1777227163.1746376,2684847,35840.0
1777227175.901905,2685017,35844.0
1777227215.63373,2685587,35848.0
1777227243.0017638,2685972,35852.0
1777227271.2616878,2686376,35856.0
1777227307.8777177,2686900,35860.0
1777227344.5694623,2687428,35864.0
1777227372.3055015,2687818,35868.0
1777227396.428795,2688160,35872.0
1777227417.7370815,2688455,35876.0
1777227442.560745,2688809,35880.0
1777227476.644659,2689290,35884.0
1777227495.7566936,2689557,35888.0
1777227540.4405367,2690193,35892.0
1777227571.504388,2690638,35896.0
1777227595.5959308,2690977,35900.0
1777227640.4799888,2691626,35904.0
1777227678.2480595,2692163,35908.0
1777227705.824008,2692552,35912.0
1777227725.1677582,2692820,35916.0
1777227750.259676,2693172,35920.0
1777227776.775739,2693551,35924.0
1777227814.575107,2694087,35928.0
1777227841.1348975,2694458,35932.0
1777227864.342915,2694792,35936.0
1777227895.21105,2695221,35940.0
1777227928.3586032,2695701,35944.0
1777227957.8024418,2696118,35948.0
1777227969.818337,2696284,35952.0
1777228002.0701628,2696744,35956.0
1777228034.245924,2697202,35960.0
1777228069.9779332,2697714,35964.0
1777228092.0017908,2698022,35968.0
1777228113.4935977,2698321,35972.0
1777228138.7456732,2698679,35976.0
1777228161.9054017,2699008,35980.0
1777228191.6969032,2699432,35984.0
1777228227.4289446,2699933,35988.0
1777228247.089102,2700217,35992.0
1777228286.056853,2700771,35996.0
1777228302.49649,2701004,36000.0
1777228327.0886385,2701356,36004.0
1777228369.5245426,2701967,36008.0
1777228402.3087087,2702435,36012.0
1777228429.0998096,2702815,36016.0
1777228456.5400095,2703199,36020.0
1777228479.699904,2703523,36024.0
1777228520.25171,2704107,36028.0
1777228556.6757061,2704621,36032.0
1777228590.4354866,2705107,36036.0
1777228627.982987,2705640,36040.0
1777228657.6108267,2706069,36044.0
1777228693.3109086,2706579,36048.0
1777228727.8267155,2707074,36052.0
1777228766.094392,2707619,36056.0
1777228787.3389592,2707921,36060.0
1777228820.3298388,2708391,36064.0
1777228858.693937,2708937,36068.0
1777228905.537707,2709611,36072.0
1777228925.2056744,2709883,36076.0
1777228947.9377618,2710198,36080.0
1777228987.6898425,2710772,36084.0
1777229023.328924,2711284,36088.0
1777229061.281426,2711826,36092.0
1777229092.6168947,2712274,36096.0
1777229113.4887755,2712567,36100.0
1777229141.4327202,2712961,36104.0
1777229179.7846415,2713514,36108.0
1777229219.2318954,2714070,36112.0
1777229235.7601652,2714306,36116.0
1777229271.4239364,2714817,36120.0
1777229304.8357255,2715299,36124.0
1777229329.3918943,2715644,36128.0
1777229356.5437376,2716032,36132.0
1777229419.9354546,2716948,36136.0
1777229449.8949542,2717374,36140.0
1777229473.0629995,2717697,36144.0
1777229515.4787886,2718309,36148.0
1777229550.9868705,2718809,36152.0
1777229578.0867546,2719190,36156.0
1777229607.2380967,2719601,36160.0
1777229629.1700447,2719918,36164.0
1777229673.1060448,2720542,36168.0
1777229705.3059607,2721002,36172.0
1777229733.4059386,2721398,36176.0
1777229769.765701,2721922,36180.0
1777229798.4336789,2722328,36184.0
1777229828.1736102,2722750,36188.0
1777229872.7088609,2723391,36192.0
1777229884.7170753,2723546,36196.0
1777229934.3487363,2724268,36200.0
1777229968.4924324,2724750,36204.0
1777230009.3166456,2725336,36208.0
1777230036.79216,2725721,36212.0
1777230058.0523043,2726016,36216.0
1777230080.2678425,2726328,36220.0
1777230112.2437205,2726785,36224.0
1777230143.6956651,2727234,36228.0
1777230174.5357518,2727675,36232.0
1777230216.1873372,2728263,36236.0
1777230250.3875225,2728752,36240.0
1777230287.0869625,2729282,36244.0
1777230326.670915,2729850,36248.0
1777230363.8549142,2730375,36252.0
1777230400.2147124,2730899,36256.0
1777230440.1824644,2731467,36260.0
1777230459.2898486,2731731,36264.0
1777230481.7218494,2732043,36268.0
1777230505.7661288,2732386,36272.0
1777230540.0896647,2732865,36276.0
1777230569.6057248,2733284,36280.0
1777230600.4977274,2733725,36284.0
1777230620.34166,2734007,36288.0
1777230655.9731362,2734515,36292.0
1777230679.7168505,2734846,36296.0
1777230714.7329388,2735349,36300.0
1777230743.6407394,2735764,36304.0
1777230784.5687046,2736340,36308.0
1777230809.8087487,2736692,36312.0
1777230852.5282798,2737303,36316.0
1777230876.7202735,2737642,36320.0
1777230905.6520278,2738053,36324.0
1777230921.1879394,2738272,36328.0
1777230950.3876576,2738686,36332.0
1777230985.2278035,2739181,36336.0
1777231027.6475859,2739789,36340.0
1777231074.2230446,2740466,36344.0
1777231109.1309657,2740965,36348.0
1777231140.806575,2741407,36352.0
1777231177.4627209,2741927,36356.0
1777231195.9542725,2742190,36360.0
1777231229.514561,2742673,36364.0
1777231268.481785,2743226,36368.0
1777231306.9139996,2743777,36372.0
1777231343.6818178,2744305,36376.0
1777231363.3258216,2744579,36380.0
1777231391.6496613,2744978,36384.0
1777231424.0015078,2745439,36388.0
1777231471.809295,2746122,36392.0
1777231487.0246882,2746338,36396.0
1777231521.8248343,2746829,36400.0
1777231553.8368921,2747289,36404.0
1777231586.4005418,2747750,36408.0
1777231611.9763513,2748112,36412.0
1777231642.7958555,2748548,36416.0
1777231676.4361968,2749027,36420.0
1777231699.0200865,2749345,36424.0
1777231725.2802293,2749716,36428.0
1777231767.0955355,2750314,36432.0
1777231805.3636076,2750854,36436.0
1777231824.6394274,2751130,36440.0
1777231857.8148458,2751607,36444.0
1777231881.530779,2751942,36448.0
1777231921.9631166,2752513,36452.0
1777231946.7388587,2752872,36456.0
1777231974.5665329,2753260,36460.0
1777231987.3067586,2753429,36464.0
1777232024.4585214,2753964,36468.0
1777232071.2898316,2754637,36472.0
1777232088.582057,2754882,36476.0
1777232128.9660099,2755459,36480.0
1777232177.5498388,2756154,36484.0
1777232191.9413362,2756353,36488.0
1777232223.6414962,2756800,36492.0
1777232254.6690087,2757238,36496.0
1777232269.593477,2757444,36500.0
1777232297.8168325,2757843,36504.0
1777232325.7209125,2758236,36508.0
1777232375.7046947,2758951,36512.0
1777232406.9205327,2759393,36516.0
1777232438.4445314,2759841,36520.0
1777232475.3118298,2760374,36524.0
1777232508.8964348,2760852,36528.0
1777232553.4796999,2761489,36532.0
1777232586.0316288,2761945,36536.0
1777232610.7711887,2762305,36540.0
1777232644.6309392,2762780,36544.0
1777232685.1834545,2763364,36548.0
1777232726.7469127,2763961,36552.0
1777232767.9505844,2764539,36556.0
1777232783.1906924,2764749,36560.0
1777232809.0143225,2765117,36564.0
1777232829.9425013,2765403,36568.0
1777232860.3739376,2765838,36572.0
1777232897.7422507,2766375,36576.0
1777232929.9017863,2766834,36580.0
1777232954.6015148,2767185,36584.0
1777232975.4615562,2767475,36588.0
1777232998.1177742,2767797,36592.0
1777233035.3014488,2768316,36596.0
1777233064.3092692,2768730,36600.0
1777233104.861139,2769317,36604.0
1777233138.1615717,2769796,36608.0
1777233163.2886744,2770142,36612.0
1777233218.0966854,2770935,36616.0
1777233251.3044946,2771407,36620.0
1777233287.3039305,2771923,36624.0
1777233326.1557362,2772484,36628.0
1777233342.6156368,2772709,36632.0
1777233378.5157735,2773223,36636.0
1777233398.7077985,2773508,36640.0
1777233443.5075328,2774156,36644.0
1777233463.083442,2774425,36648.0
1777233496.4230049,2774896,36652.0
1777233532.307442,2775408,36656.0
1777233563.1427479,2775841,36660.0
1777233589.9507198,2776223,36664.0
1777233617.8587213,2776612,36668.0
1777233649.4267695,2777061,36672.0
1777233689.7780182,2777641,36676.0
1777233711.985891,2777948,36680.0
1777233762.993932,2778684,36684.0
1777233803.32982,2779264,36688.0
1777233831.2016983,2779657,36692.0
1777233850.3456788,2779920,36696.0
1777233888.1135604,2780466,36700.0
1777233909.568926,2780765,36704.0
1777233938.3973072,2781174,36708.0
1777233957.9526665,2781449,36712.0
1777233965.9449525,2781541,36716.0
1777233990.3727698,2781889,36720.0
1777234026.2407835,2782395,36724.0
1777234061.880541,2782906,36728.0
1777234091.7323859,2783330,36732.0
1777234126.7562985,2783832,36736.0
1777234153.5719106,2784208,36740.0
1777234187.9398363,2784702,36744.0
1777234229.023693,2785287,36748.0
1777234251.4998145,2785601,36752.0
1777234275.8436787,2785940,36756.0
1777234324.359134,2786645,36760.0
1777234352.0588164,2787043,36764.0
1777234378.2345908,2787412,36768.0
1777234417.386744,2787962,36772.0
1777234431.9268563,2788166,36776.0
1777234469.170518,2788702,36780.0
1777234489.6944704,2788987,36784.0
1777234507.0179,2789223,36788.0
1777234532.117829,2789585,36792.0
1777234553.8938458,2789884,36796.0
1777234570.2297695,2790101,36800.0
1777234592.813875,2790428,36804.0
1777234652.1137357,2791285,36808.0
1777234691.19732,2791831,36812.0
1777234721.780884,2792264,36816.0
1777234746.1131806,2792605,36820.0
1777234774.54097,2793019,36824.0
1777234801.6647496,2793399,36828.0
1777234846.6169686,2794047,36832.0
1777234866.5325706,2794324,36836.0
1777234888.4804215,2794639,36840.0
1777234920.347834,2795095,36844.0
1777234964.9998944,2795727,36848.0
1777234995.267471,2796155,36852.0
1777235029.5437188,2796644,36856.0
1777235055.3837016,2797013,36860.0
1777235101.6267986,2797683,36864.0
1777235140.7746673,2798239,36868.0
1777235152.4266853,2798401,36872.0
1777235185.7946913,2798880,36876.0
1777235211.8502238,2799247,36880.0
1777235253.4703064,2799848,36884.0
1777235272.8779793,2800115,36888.0
1777235309.5777266,2800636,36892.0
1777235344.0616527,2801129,36896.0
1777235395.1296513,2801858,36900.0
1777235421.9053638,2802240,36904.0
1777235454.5733848,2802703,36908.0
1777235485.220764,2803139,36912.0
1777235523.672961,2803693,36916.0
1777235567.32479,2804318,36920.0
1777235613.4243748,2804985,36924.0
1777235640.0482576,2805365,36928.0
1777235667.747898,2805753,36932.0
1777235698.7920196,2806196,36936.0
1777235721.6836727,2806513,36940.0
1777235758.0157166,2807037,36944.0
1777235786.0916386,2807433,36948.0
1777235810.4274402,2807779,36952.0
1777235839.366869,2808193,36956.0
1777235864.358967,2808540,36960.0
1777235896.6266913,2809003,36964.0
1777235947.4346874,2809731,36968.0
1777235991.134612,2810360,36972.0
1777236019.0462942,2810752,36976.0
1777236047.030157,2811150,36980.0
1777236072.9697733,2811518,36984.0
1777236103.8297775,2811959,36988.0
1777236140.0776582,2812479,36992.0
1777236162.021613,2812790,36996.0
1777236186.181678,2813137,37000.0
1777236225.0128345,2813694,37004.0
1777236272.840925,2814381,37008.0
1777236297.1648514,2814729,37012.0
1777236321.4565578,2815071,37016.0
1777236362.6885507,2815665,37020.0
1777236399.940929,2816188,37024.0
1777236423.8164825,2816532,37028.0
1777236458.4998899,2817011,37032.0
1777236487.9758027,2817434,37036.0
1777236531.3754907,2818061,37040.0
1777236551.099686,2818338,37044.0
1777236579.6995096,2818739,37048.0
1777236610.7113254,2819180,37052.0
1777236645.8268623,2819682,37056.0
1777236677.3587103,2820131,37060.0
1777236705.3708205,2820532,37064.0
1777236749.7866707,2821171,37068.0
1777236769.2106977,2821439,37072.0
1777236807.346386,2821984,37076.0
1777236824.7857528,2822223,37080.0
1777236860.2217782,2822730,37084.0
1777236881.5977929,2823024,37088.0
1777236938.5815382,2823849,37092.0
1777236989.3897333,2824583,37096.0
1777237020.613276,2825031,37100.0
1777237044.9328916,2825369,37104.0
1777237080.8410237,2825887,37108.0
1777237129.0649996,2826575,37112.0
1777237179.9408877,2827305,37116.0
1777237216.7847974,2827837,37120.0
1777237244.2006972,2828226,37124.0
1777237273.0084035,2828636,37128.0
1777237307.6446035,2829127,37132.0
1777237344.051772,2829648,37136.0
1777237366.8357353,2829967,37140.0
1777237387.011752,2830257,37144.0
1777237419.4519782,2830716,37148.0
1777237449.7357967,2831151,37152.0
1777237483.27933,2831626,37156.0
1777237513.063348,2832049,37160.0
1777237550.094834,2832587,37164.0
1777237585.2228985,2833089,37168.0
1777237606.9389143,2833394,37172.0
1777237642.9467468,2833909,37176.0
1777237665.5704367,2834230,37180.0
1777237702.9065826,2834765,37184.0
1777237743.1386209,2835345,37188.0
1777237780.0142233,2835863,37192.0
1777237814.1064572,2836352,37196.0
1777237825.3902462,2836506,37200.0
1777237852.7259603,2836896,37204.0
1777237892.3937232,2837464,37208.0
1777237915.949773,2837795,37212.0
1777237944.1257112,2838193,37216.0
1777237982.0096726,2838736,37220.0
1777237998.2172823,2838958,37224.0
1777238039.0688248,2839547,37228.0
1777238083.5529232,2840179,37232.0
1777238122.5207732,2840738,37236.0
1777238140.2966998,2840986,37240.0
1777238163.2369113,2841314,37244.0
1777238191.2803354,2841708,37248.0
1777238211.8364642,2841988,37252.0
1777238229.56395,2842241,37256.0
1777238252.0878665,2842556,37260.0
1777238291.3120809,2843115,37264.0
1777238313.9801602,2843441,37268.0
1777238343.6157684,2843864,37272.0
1777238372.2877166,2844267,37276.0
1777238393.4796498,2844563,37280.0
1777238426.0994802,2845027,37284.0
1777238438.4750125,2845197,37288.0
1777238472.883346,2845680,37292.0
1777238518.41461,2846341,37296.0
1777238543.5989528,2846695,37300.0
1777238581.5987082,2847246,37304.0
1777238613.1106527,2847694,37308.0
1777238649.0264359,2848211,37312.0
1777238687.5261004,2848750,37316.0
1777238724.0939825,2849274,37320.0
1777238748.51785,2849619,37324.0
1777238803.177689,2850400,37328.0
1777238825.8856819,2850729,37332.0
1777238862.605354,2851246,37336.0
1777238886.9454334,2851599,37340.0
1777238925.2811482,2852142,37344.0
1777238990.120492,2853073,37348.0
1777239004.7807631,2853277,37352.0
1777239046.7967074,2853876,37356.0
1777239068.4046922,2854185,37360.0
1777239100.9647174,2854653,37364.0
1777239117.3085692,2854876,37368.0
1777239154.3085384,2855409,37372.0
1777239183.548405,2855818,37376.0
1777239204.5405233,2856107,37380.0
1777239223.6000862,2856372,37384.0
1777239267.575899,2857004,37388.0
1777239309.0598638,2857601,37392.0
1777239347.4917066,2858147,37396.0
1777239390.4956822,2858765,37400.0
1777239414.7036424,2859110,37404.0
1777239455.9354434,2859701,37408.0
1777239477.2793531,2859995,37412.0
1777239509.8031058,2860455,37416.0
1777239537.3034651,2860842,37420.0
1777239585.2471159,2861529,37424.0
1777239607.3307817,2861849,37428.0
1777239627.7706487,2862135,37432.0
1777239658.7708,2862571,37436.0
1777239686.0627127,2862957,37440.0
1777239725.1986008,2863518,37444.0
1777239758.865961,2863996,37448.0
1777239787.722343,2864407,37452.0
1777239808.3658519,2864689,37456.0
1777239831.3260105,2865009,37460.0
1777239861.5899267,2865438,37464.0
1777239903.341727,2866040,37468.0
1777239935.2416263,2866496,37472.0
1777239963.3499122,2866898,37476.0
1777239982.3934429,2867154,37480.0
1777240018.0089936,2867666,37484.0
1777240063.9609334,2868322,37488.0
1777240101.5768197,2868868,37492.0
1777240116.1448073,2869065,37496.0
1777240150.3445992,2869556,37500.0
1777240173.1526897,2869876,37504.0
1777240214.0206592,2870460,37508.0
1777240256.7719045,2871072,37512.0
1777240296.655925,2871646,37516.0
1777240336.6159441,2872214,37520.0
1777240375.2557716,2872769,37524.0
1777240410.7396605,2873278,37528.0
1777240448.6756947,2873825,37532.0
1777240469.5154912,2874118,37536.0
1777240497.674927,2874517,37540.0
1777240524.8907647,2874899,37544.0
1777240566.690755,2875500,37548.0
1777240609.410856,2876110,37552.0
1777240636.4344811,2876486,37556.0
1777240650.6424987,2876686,37560.0
1777240699.0426157,2877382,37564.0
1777240728.4099054,2877798,37568.0
1777240770.90984,2878406,37572.0
1777240807.430116,2878928,37576.0
1777240839.9217188,2879390,37580.0
1777240883.553774,2880013,37584.0
1777240920.669698,2880542,37588.0
1777240954.4888396,2881023,37592.0
1777240986.8450084,2881480,37596.0
1777241008.7810233,2881789,37600.0
1777241038.2890165,2882207,37604.0
1777241072.405122,2882699,37608.0
1777241114.4727838,2883304,37612.0
1777241147.0486953,2883761,37616.0
1777241167.2407768,2884048,37620.0
1777241208.0085442,2884628,37624.0
1777241238.676711,2885059,37628.0
1777241269.6324182,2885499,37632.0
1777241301.2522979,2885949,37636.0
1777241319.3277724,2886208,37640.0
1777241351.5003753,2886669,37644.0
1777241380.019964,2887072,37648.0
1777241435.8957577,2887874,37652.0
1777241465.6198099,2888293,37656.0
1777241497.4197628,2888741,37660.0
1777241541.971575,2889381,37664.0
1777241588.1395617,2890044,37668.0
1777241624.5229328,2890567,37672.0
1777241682.4309716,2891407,37676.0
1777241717.0830057,2891897,37680.0
1777241775.0147133,2892737,37684.0
1777241821.2425494,2893397,37688.0
1777241856.1665215,2893896,37692.0
1777241897.202399,2894488,37696.0
1777241918.226356,2894783,37700.0
1777241955.1779735,2895314,37704.0
1777241991.409785,2895824,37708.0
1777242018.3697155,2896207,37712.0
1777242050.9177291,2896664,37716.0
1777242079.3459067,2897067,37720.0
1777242124.3209422,2897716,37724.0
1777242157.5290937,2898188,37728.0
1777242183.713424,2898556,37732.0
1777242232.0649297,2899249,37736.0
1777242268.6285276,2899775,37740.0
1777242309.3967044,2900365,37744.0
1777242333.924677,2900709,37748.0
1777242362.1484313,2901103,37752.0
1777242390.7004702,2901510,37756.0
1777242429.2997816,2902065,37760.0
1777242451.1561015,2902376,37764.0
1777242499.3158135,2903066,37768.0
1777242525.4156458,2903443,37772.0
1777242553.0993586,2903832,37776.0
1777242586.8195662,2904313,37780.0
1777242625.2355657,2904857,37784.0
1777242658.826999,2905336,37788.0
1777242669.9032032,2905488,37792.0
1777242704.7426817,2905982,37796.0
1777242745.294754,2906559,37800.0
1777242785.494672,2907138,37804.0
1777242821.2627022,2907642,37808.0
1777242855.3303967,2908133,37812.0
1777242882.838503,2908519,37816.0
1777242928.4058526,2909169,37820.0
1777242958.1218476,2909591,37824.0
1777243000.5057094,2910205,37828.0
1777243037.2896802,2910734,37832.0
1777243058.265817,2911029,37836.0
1777243080.6057992,2911337,37840.0
1777243133.049745,2912095,37844.0
1777243168.3408737,2912595,37848.0
1777243194.3773277,2912960,37852.0
1777243209.677154,2913171,37856.0
1777243251.0768943,2913757,37860.0
1777243288.3248396,2914290,37864.0
1777243316.8606594,2914694,37868.0
1777243339.7366583,2915013,37872.0
1777243393.4518826,2915796,37876.0
1777243415.6038065,2916098,37880.0
1777243433.8278472,2916351,37884.0
1777243477.4641066,2916976,37888.0
1777243499.5197906,2917281,37892.0
1777243523.2958505,2917614,37896.0
1777243545.0876546,2917919,37900.0
1777243586.287575,2918509,37904.0
1777243605.6635287,2918783,37908.0
1777243631.1877792,2919143,37912.0
1777243660.8228557,2919564,37916.0
1777243692.1990693,2920009,37920.0
1777243731.0671916,2920564,37924.0
1777243777.4828506,2921234,37928.0
1777243809.8826842,2921689,37932.0
1777243844.850581,2922185,37936.0
1777243882.5345535,2922716,37940.0
1777243911.550483,2923130,37944.0
1777243945.0940065,2923605,37948.0
1777243975.517851,2924034,37952.0
1777244007.0859518,2924481,37956.0
1777244035.42563,2924880,37960.0
1777244061.0176272,2925244,37964.0
1777244096.8215501,2925750,37968.0
1777244135.8692627,2926310,37972.0
1777244202.245291,2927274,37976.0
1777244218.7529695,2927502,37980.0
1777244244.7289858,2927871,37984.0
1777244273.4647095,2928281,37988.0
1777244305.1567066,2928730,37992.0
1777244331.8567116,2929102,37996.0
1777244372.0242078,2929681,38000.0
1777244405.9004486,2930165,38004.0
1777244439.6999428,2930648,38008.0
1777244463.2756999,2930979,38012.0
1777244487.483751,2931322,38016.0
1777244540.475906,2932086,38020.0
1777244584.4074457,2932722,38024.0
1777244626.791726,2933328,38028.0
1777244646.7193825,2933605,38032.0
1777244687.150731,2934181,38036.0
1777244698.127076,2934322,38040.0
1777244731.31076,2934794,38044.0
1777244759.3870015,2935191,38048.0
1777244782.3107615,2935514,38052.0
1777244828.1786432,2936175,38056.0
1777244855.2782652,2936555,38060.0
1777244881.585877,2936928,38064.0
1777244917.7538598,2937444,38068.0
1777244948.3140805,2937874,38072.0
1777244973.473964,2938223,38076.0
1777244988.3657112,2938429,38080.0
1777245020.8504622,2938895,38084.0
1777245061.6816096,2939472,38088.0
1777245090.9414928,2939886,38092.0
1777245142.4335625,2940618,38096.0
1777245177.4486778,2941120,38100.0
1777245218.000458,2941705,38104.0
1777245251.7238615,2942185,38108.0
1777245274.1678236,2942502,38112.0
1777245292.3087158,2942753,38116.0
1777245301.436009,2942873,38120.0
1777245319.9078574,2943135,38124.0
1777245349.3997612,2943554,38128.0
1777245370.059218,2943838,38132.0
1777245419.2107596,2944539,38136.0
1777245438.7666724,2944816,38140.0
1777245475.7109716,2945338,38144.0
1777245526.994874,2946079,38148.0
1777245552.6025147,2946436,38152.0
1777245593.7857351,2947017,38156.0
1777245616.5936244,2947346,38160.0
1777245655.061703,2947890,38164.0
1777245684.7616265,2948315,38168.0
1777245713.0813873,2948717,38172.0
1777245744.8574426,2949172,38176.0
1777245780.2648814,2949675,38180.0
1777245815.0486367,2950176,38184.0
1777245847.8167217,2950639,38188.0
1777245886.1001956,2951187,38192.0
1777245919.7563403,2951666,38196.0
1777245954.476151,2952159,38200.0
1777245986.1917684,2952610,38204.0
1777246016.3155532,2953035,38208.0
1777246067.975657,2953783,38212.0
1777246117.3589516,2954490,38216.0
1777246138.1355207,2954777,38220.0
1777246160.9950013,2955108,38224.0
1777246201.7947307,2955682,38228.0
1777246227.1027036,2956036,38232.0
1777246262.9346275,2956549,38236.0
1777246288.686451,2956909,38240.0
1777246332.1220052,2957537,38244.0
1777246360.445943,2957935,38248.0
1777246388.6057703,2958334,38252.0
1777246430.3217003,2958935,38256.0
1777246459.0375357,2959340,38260.0
1777246490.0655398,2959783,38264.0
1777246540.1410072,2960497,38268.0
1777246572.5490475,2960959,38272.0
1777246592.7569647,2961238,38276.0
1777246606.3486612,2961427,38280.0
1777246630.5885632,2961764,38284.0
1777246688.464572,2962597,38288.0
1777246728.3678358,2963169,38292.0
1777246756.5843027,2963570,38296.0
1777246789.0917997,2964031,38300.0
1777246816.1281333,2964412,38304.0
1777246862.775805,2965076,38308.0
1777246890.3834565,2965464,38312.0
1777246918.3514059,2965858,38316.0
1777246950.9269254,2966321,38320.0
1777246990.7109332,2966896,38324.0
1777247020.4947054,2967314,38328.0
1777247057.9186966,2967855,38332.0
1777247094.0866044,2968359,38336.0
1777247121.6064432,2968754,38340.0
1777247160.2778616,2969305,38344.0
1777247183.413921,2969640,38348.0
1777247209.95393,2970012,38352.0
1777247231.9979274,2970319,38356.0
1777247260.4737494,2970721,38360.0
1777247281.473609,2971013,38364.0
1777247318.397733,2971538,38368.0
1777247349.8977866,2971985,38372.0
1777247365.9097013,2972201,38376.0
1777247398.05746,2972657,38380.0
1777247431.7854228,2973139,38384.0
1777247459.5768955,2973531,38388.0
1777247490.2096825,2973966,38392.0
1777247507.552822,2974209,38396.0
1777247528.3449714,2974497,38400.0
1777247553.7168336,2974854,38404.0
1777247582.309269,2975258,38408.0
1777247595.184732,2975439,38412.0
1777247620.360593,2975788,38416.0
1777247648.2452285,2976186,38420.0
1777247687.64473,2976752,38424.0
1777247713.0883732,2977114,38428.0
1777247745.5119853,2977573,38432.0
1777247785.4117768,2978144,38436.0
1777247821.4480019,2978659,38440.0
1777247855.6480637,2979150,38444.0
1777247888.9798698,2979623,38448.0
1777247919.6397898,2980058,38452.0
1777247935.2316618,2980268,38456.0
1777247966.2396603,2980709,38460.0
1777248012.5836434,2981378,38464.0
1777248051.7509253,2981940,38468.0
1777248085.191138,2982409,38472.0
1777248123.3749144,2982962,38476.0
1777248137.5506449,2983160,38480.0
1777248153.6107435,2983378,38484.0
1777248189.0346391,2983891,38488.0
1777248241.262474,2984637,38492.0
1777248283.3623116,2985241,38496.0
1777248290.6782632,2985333,38500.0
1777248344.6699822,2986112,38504.0
1777248377.8377361,2986587,38508.0
1777248417.2894957,2987143,38512.0
1777248442.68164,2987507,38516.0
1777248469.5535567,2987885,38520.0
1777248499.8051429,2988317,38524.0
1777248561.0651784,2989202,38528.0
1777248581.6049836,2989485,38532.0
1777248601.3647892,2989756,38536.0
1777248632.548733,2990196,38540.0
1777248680.8847013,2990899,38544.0
1777248695.8006873,2991100,38548.0
1777248711.308344,2991321,38552.0
1777248750.7761283,2991874,38556.0
1777248767.6158373,2992115,38560.0
1777248812.768017,2992758,38564.0
1777248840.0604172,2993145,38568.0
1777248866.82761,2993521,38572.0
1777248901.4436672,2994014,38576.0
1777248924.6517072,2994345,38580.0
1777248945.0954611,2994624,38584.0
1777248980.9351742,2995134,38588.0
1777249026.2949796,2995782,38592.0
1777249054.239033,2996180,38596.0
1777249087.5866432,2996652,38600.0
1777249151.314738,2997575,38604.0
1777249173.6906435,2997889,38608.0
1777249201.9465094,2998285,38612.0
1777249239.9299781,2998829,38616.0
1777249277.0818243,2999360,38620.0
1777249317.213495,2999934,38624.0
1777249351.2968318,3000419,38628.0
1777249406.7929332,3001169,38632.0
1777249429.448513,3001489,38636.0
1777249445.8326635,3001709,38640.0
1777249509.4317822,3002632,38644.0
1777249555.3840504,3003299,38648.0
1777249593.51977,3003835,38652.0
1777249632.0355265,3004389,38656.0
1777249659.0948966,3004765,38660.0
1777249691.010772,3005224,38664.0
1777249714.9506202,3005553,38668.0
1777249747.4105935,3006019,38672.0
1777249758.270757,3006166,38676.0
1777249772.4106922,3006351,38680.0
1777249798.8384953,3006724,38684.0
1777249826.0303562,3007118,38688.0
1777249863.1137488,3007639,38692.0
1777249920.8377573,3008464,38696.0
1777249945.8133514,3008827,38700.0
1777249999.3733687,3009598,38704.0
1777250020.6971412,3009890,38708.0
1777250039.1208394,3010143,38712.0
1777250068.049072,3010552,38716.0
1777250088.3049972,3010839,38720.0
1777250118.2727385,3011264,38724.0
1777250148.1165857,3011684,38728.0
1777250181.5647416,3012154,38732.0
1777250215.4241488,3012637,38736.0
1777250243.1078746,3013028,38740.0
1777250260.984051,3013276,38744.0
1777250300.9675813,3013850,38748.0
1777250344.219676,3014465,38752.0
1777250380.4835563,3014985,38756.0
1777250424.6668103,3015623,38760.0
1777250459.5187237,3016117,38764.0
1777250486.3106916,3016506,38768.0
1777250506.8866818,3016784,38772.0
1777250541.8386302,3017281,38776.0
1777250578.7022498,3017800,38780.0
1777250601.6299891,3018131,38784.0
1777250645.6979363,3018758,38788.0
1777250686.229718,3019344,38792.0
1777250714.305589,3019735,38796.0
1777250734.2817242,3020011,38800.0
1777250766.965457,3020477,38804.0
1777250803.6489716,3021003,38808.0
1777250825.0568445,3021299,38812.0
1777250839.6891308,3021500,38816.0
1777250873.857023,3021990,38820.0
1777250921.5926983,3022674,38824.0
1777250962.3923965,3023255,38828.0
1777250981.3843513,3023516,38832.0
1777251006.9523532,3023879,38836.0
1777251034.4085474,3024258,38840.0
1777251068.9603412,3024757,38844.0
1777251096.7356205,3025144,38848.0
1777251122.0436952,3025502,38852.0
1777251152.7277727,3025941,38856.0
1777251172.4874573,3026223,38860.0
1777251204.7589715,3026686,38864.0
1777251247.0430095,3027290,38868.0
1777251272.762962,3027653,38872.0
1777251292.0868168,3027927,38876.0
1777251324.2107165,3028384,38880.0
1777251351.2467663,3028765,38884.0
1777251379.8067303,3029165,38888.0
1777251404.0146132,3029510,38892.0
1777251437.7826233,3029987,38896.0
1777251460.6067376,3030305,38900.0
1777251492.290742,3030757,38904.0
1777251536.4425983,3031392,38908.0
1777251563.866752,3031770,38912.0
1777251588.7265334,3032119,38916.0
1777251606.73461,3032364,38920.0
1777251638.5825138,3032814,38924.0
1777251678.7500703,3033395,38928.0
1777251715.5702672,3033920,38932.0
1777251735.0262783,3034186,38936.0
1777251777.0261493,3034789,38940.0
1777251803.65375,3035166,38944.0
1777251850.985754,3035836,38948.0
1777251888.837533,3036372,38952.0
1777251920.0054872,3036819,38956.0
1777251947.981602,3037213,38960.0
1777251975.173362,3037600,38964.0
1777252003.9377255,3038006,38968.0
1777252024.1646645,3038286,38972.0
1777252046.5727923,3038606,38976.0
1777252078.304971,3039054,38980.0
1777252107.1969435,3039469,38984.0
1777252144.3807702,3039994,38988.0
1777252168.5247355,3040340,38992.0
1777252198.8005934,3040768,38996.0
1777252231.5004365,3041223,39000.0
1777252258.9758966,3041623,39004.0
1777252293.360096,3042099,39008.0
1777252333.0080416,3042672,39012.0
1777252365.0436666,3043121,39016.0
1777252388.303831,3043441,39020.0
1777252417.4957273,3043854,39024.0
1777252463.3875098,3044515,39028.0
1777252504.5874536,3045100,39032.0
1777252524.7110016,3045385,39036.0
1777252550.3028681,3045738,39040.0
1777252604.447119,3046518,39044.0
1777252637.854698,3046996,39048.0
1777252661.946697,3047332,39052.0
1777252703.2625246,3047924,39056.0
1777252728.1986198,3048275,39060.0
1777252757.174474,3048688,39064.0
1777252795.8739378,3049238,39068.0
1777252828.3259485,3049696,39072.0
1777252867.925838,3050258,39076.0
1777252913.2256372,3050912,39080.0
1777252957.0253365,3051537,39084.0
1777252982.2015872,3051894,39088.0
1777253025.2688525,3052511,39092.0
1777253048.1607249,3052830,39096.0
1777253083.6289217,3053330,39100.0
1777253129.0927532,3053990,39104.0
1777253180.720552,3054729,39108.0
1777253217.07256,3055249,39112.0
1777253255.9200406,3055798,39116.0
1777253284.5639608,3056198,39120.0
1777253336.8396244,3056959,39124.0
1777253363.5477197,3057337,39128.0
1777253399.763561,3057856,39132.0
1777253443.362941,3058470,39136.0
1777253484.367356,3059058,39140.0
1777253512.222653,3059454,39144.0
1777253549.5066717,3059984,39148.0
1777253576.690415,3060369,39152.0
1777253607.1659257,3060801,39156.0
1777253651.3019617,3061434,39160.0
1777253693.3017952,3062040,39164.0
1777253727.0337114,3062516,39168.0
1777253761.8531199,3063010,39172.0
1777253784.8447459,3063336,39176.0
1777253812.0849726,3063720,39180.0
1777253842.6367595,3064159,39184.0
1777253868.392816,3064515,39188.0
1777253895.9366324,3064900,39192.0
1777253935.1521788,3065462,39196.0
1777253967.3878644,3065921,39200.0
1777254004.7558522,3066449,39204.0
1777254048.6879816,3067078,39208.0
1777254070.9958389,3067389,39212.0
1777254107.66334,3067914,39216.0
1777254130.7557359,3068231,39220.0
1777254165.9909759,3068741,39224.0
1777254201.814722,3069246,39228.0
1777254258.7747898,3070068,39232.0
1777254289.9427674,3070510,39236.0
1777254336.458407,3071170,39240.0
1777254369.0097873,3071640,39244.0
1777254425.1737723,3072445,39248.0
1777254468.2015584,3073062,39252.0
1777254494.709692,3073437,39256.0
1777254523.101281,3073837,39260.0
1777254554.3009272,3074284,39264.0
1777254595.1529462,3074871,39268.0
1777254619.5289896,3075210,39272.0
1777254652.144847,3075675,39276.0
1777254675.9205384,3076008,39280.0
1777254720.1043284,3076646,39284.0
1777254755.1883981,3077138,39288.0
1777254795.8198042,3077718,39292.0
1777254831.7237816,3078234,39296.0
1777254851.595896,3078504,39300.0
1777254884.907944,3078982,39304.0
1777254917.5716057,3079448,39308.0
1777254953.2915435,3079958,39312.0
1777254985.4468777,3080416,39316.0
1777255012.0908532,3080793,39320.0
1777255032.9827244,3081086,39324.0
1777255059.866885,3081461,39328.0
1777255090.858776,3081902,39332.0
1777255146.0665913,3082697,39336.0
1777255180.9184818,3083191,39340.0
1777255217.1185098,3083712,39344.0
1777255244.8103871,3084100,39348.0
1777255277.226009,3084559,39352.0
1777255305.4695945,3084958,39356.0
1777255338.5016937,3085430,39360.0
1777255379.0533767,3086012,39364.0
1777255405.313167,3086384,39368.0
1777255434.837051,3086807,39372.0
1777255459.7050464,3087153,39376.0
1777255493.0965667,3087630,39380.0
1777255516.3807075,3087954,39384.0
1777255550.0566757,3088433,39388.0
1777255579.3726065,3088846,39392.0
1777255599.304589,3089123,39396.0
1777255624.240789,3089480,39400.0
1777255646.7483509,3089794,39404.0
1777255680.6238577,3090280,39408.0
1777255703.955455,3090611,39412.0
1777255728.1317165,3090953,39416.0
1777255753.7915516,3091313,39420.0
1777255804.399977,3092049,39424.0
1777255837.2749612,3092508,39428.0
1777255873.658676,3093026,39432.0
1777255911.4587646,3093562,39436.0
1777255943.7187164,3094022,39440.0
1777255978.7343009,3094522,39444.0
1777256005.6704707,3094905,39448.0
1777256051.3700676,3095555,39452.0
1777256093.769624,3096161,39456.0
1777256114.177622,3096435,39460.0
1777256149.8776684,3096949,39464.0
1777256190.7294347,3097531,39468.0
1777256232.7808704,3098123,39472.0
1777256257.3969162,3098466,39476.0
1777256291.020791,3098946,39480.0
1777256316.9646735,3099309,39484.0
1777256334.5568404,3099555,39488.0
1777256355.8329077,3099848,39492.0
1777256394.1326952,3100400,39496.0
1777256420.4247303,3100770,39500.0
1777256456.37599,3101283,39504.0
1777256486.6680484,3101714,39508.0
1777256523.3518076,3102242,39512.0
1777256551.1359394,3102637,39516.0
1777256573.3277066,3102944,39520.0
1777256617.9116616,3103585,39524.0
1777256652.2594445,3104073,39528.0
1777256676.9869318,3104420,39532.0
1777256718.2871084,3105010,39536.0
1777256744.594934,3105384,39540.0
1777256792.8467953,3106085,39544.0
1777256831.7223194,3106637,39548.0
1777256867.5143318,3107148,39552.0
1777256907.8618073,3107730,39556.0
1777256926.769891,3107987,39560.0
1777256954.2137494,3108379,39564.0
1777256999.9897563,3109035,39568.0
1777257023.9497097,3109365,39572.0
1777257061.7134247,3109905,39576.0
1777257082.6414213,3110200,39580.0
1777257120.9887905,3110747,39584.0
1777257168.240823,3111424,39588.0
1777257203.008802,3111921,39592.0
1777257224.6007345,3112221,39596.0
1777257243.6404653,3112488,39600.0
1777257273.651986,3112918,39604.0
1777257312.6999283,3113467,39608.0
1777257354.1201313,3114059,39612.0
1777257382.2199066,3114453,39616.0
1777257421.8516598,3115020,39620.0
1777257457.4795375,3115526,39624.0
1777257504.3351445,3116200,39628.0
1777257535.6627276,3116646,39632.0
1777257562.4024782,3117020,39636.0
1777257593.3868916,3117465,39640.0
1777257627.4058192,3117948,39644.0
1777257661.2776926,3118434,39648.0
1777257707.373738,3119087,39652.0
1777257740.1975608,3119557,39656.0
1777257762.2570982,3119858,39660.0
1777257802.8050172,3120445,39664.0
1777257842.9404736,3121019,39668.0
1777257867.5407467,3121366,39672.0
1777257910.7243607,3121977,39676.0
1777257940.6158555,3122406,39680.0
1777257982.2162452,3123003,39684.0
1777258010.9318945,3123411,39688.0
1777258052.167637,3124004,39692.0
1777258092.550989,3124565,39696.0
1777258119.5753746,3124945,39700.0
1777258149.7592068,3125373,39704.0
1777258169.6429362,3125654,39708.0
1777258207.3267977,3126192,39712.0
1777258250.0945022,3126794,39716.0
1777258287.7621663,3127332,39720.0
1777258315.5101514,3127727,39724.0
1777258360.3937902,3128361,39728.0
1777258388.3696346,3128763,39732.0
1777258432.5376515,3129386,39736.0
1777258476.1968,3130017,39740.0
1777258518.3130906,3130612,39744.0
1777258557.7486753,3131178,39748.0
1777258592.4887648,3131674,39752.0
1777258650.2319765,3132506,39756.0
1777258688.2999995,3133048,39760.0
1777258721.1000571,3133511,39764.0
1777258745.7756243,3133858,39768.0
1777258769.6997368,3134194,39772.0
1777258786.723694,3134423,39776.0
1777258815.6353574,3134834,39780.0
1777258845.8674684,3135264,39784.0
1777258880.9189692,3135758,39788.0
1777258907.8269358,3136142,39792.0
1777258936.1666512,3136542,39796.0
1777258963.750641,3136927,39800.0
1777258988.1946225,3137281,39804.0
1777259020.42661,3137728,39808.0
1777259058.7858455,3138277,39812.0
1777259078.7099125,3138561,39816.0
1777259110.1133945,3139003,39820.0
1777259163.637745,3139781,39824.0
1777259191.7814915,3140182,39828.0
1777259215.3377087,3140506,39832.0
1777259257.9047964,3141116,39836.0
1777259282.0487254,3141453,39840.0
1777259322.696734,3142038,39844.0
1777259336.9727473,3142238,39848.0
1777259372.688757,3142753,39852.0
1777259410.739957,3143288,39856.0
1777259447.3559573,3143809,39860.0
1777259477.4477642,3144233,39864.0
1777259521.9837205,3144873,39868.0
1777259558.1155317,3145385,39872.0
1777259596.751014,3145929,39876.0
1777259646.234653,3146645,39880.0
1777259692.3786864,3147303,39884.0
1777259729.2619708,3147831,39888.0
1777259767.1704519,3148372,39892.0
1777259792.5700016,3148730,39896.0
1777259807.4697177,3148928,39900.0
1777259852.3298662,3149579,39904.0
1777259891.997572,3150140,39908.0
1777259903.3293283,3150293,39912.0
1777259931.8454077,3150695,39916.0
1777259961.9731662,3151125,39920.0
1777259991.3449442,3151540,39924.0
1777260026.3126519,3152041,39928.0
1777260067.7963517,3152631,39932.0
1777260095.7643957,3153031,39936.0
1777260118.8883858,3153356,39940.0
1777260147.9479377,3153767,39944.0
1777260194.1917477,3154421,39948.0
1777260229.1475134,3154921,39952.0
1777260264.0148304,3155416,39956.0
1777260293.0590653,3155831,39960.0
1777260338.7347505,3156492,39964.0
1777260394.418519,3157295,39968.0
1777260440.7418368,3157955,39972.0
1777260486.9624784,3158619,39976.0
1777260514.4860964,3159007,39980.0
1777260548.9857762,3159497,39984.0
1777260582.42156,3159968,39988.0
1777260605.2454774,3160291,39992.0
1777260639.4768834,3160780,39996.0
1777260657.8888521,3161029,40000.0
1777260723.2646081,3161976,40004.0
1777260766.3963594,3162586,40008.0
1777260795.2725184,3162990,40012.0
1777260830.2720096,3163491,40016.0
1777260858.5479715,3163887,40020.0
1777260893.4158566,3164389,40024.0
1777260925.999726,3164850,40028.0
1777260963.8837123,3165394,40032.0
1777260995.1072183,3165836,40036.0
1777261022.4429002,3166221,40040.0
1777261047.7149775,3166579,40044.0
1777261084.5506737,3167107,40048.0
1777261113.5587044,3167516,40052.0
1777261138.9662757,3167871,40056.0
1777261165.302461,3168247,40060.0
1777261206.4184246,3168835,40064.0
1777261248.3539784,3169436,40068.0
1777261273.8937643,3169802,40072.0
1777261303.3016808,3170218,40076.0
1777261334.1216128,3170656,40080.0
1777261378.2049782,3171282,40084.0
1777261401.8451157,3171616,40088.0
1777261451.9369595,3172335,40092.0
1777261465.8727927,3172523,40096.0
1777261490.9367778,3172878,40100.0
1777261534.856579,3173510,40104.0
1777261564.3483746,3173932,40108.0
1777261591.6800692,3174316,40112.0
1777261648.7636762,3175136,40116.0
1777261674.43174,3175498,40120.0
1777261721.9834836,3176188,40124.0
1777261750.3394125,3176587,40128.0
1777261776.5070622,3176954,40132.0
1777261824.858825,3177647,40136.0
1777261846.5587487,3177942,40140.0
1777261877.9186769,3178394,40144.0
1777261893.3506534,3178612,40148.0
1777261934.266566,3179199,40152.0
1777261977.8419614,3179812,40156.0
1777262024.0459647,3180479,40160.0
1777262051.0176952,3180859,40164.0
1777262102.2934854,3181597,40168.0
1777262128.2370687,3181959,40172.0
1777262163.2048085,3182460,40176.0
1777262180.6970165,3182698,40180.0
1777262225.0128648,3183344,40184.0
1777262282.0206902,3184159,40188.0
1777262308.1963637,3184524,40192.0
1777262329.4881907,3184819,40196.0
1777262353.03196,3185154,40200.0
1777262392.4638379,3185709,40204.0
1777262422.0154178,3186127,40208.0
1777262465.083387,3186746,40212.0
1777262499.2396114,3187231,40216.0
1777262519.8669395,3187515,40220.0
1777262551.6829555,3187970,40224.0
1777262592.7987275,3188558,40228.0
1777262632.8185964,3189125,40232.0
1777262659.6345482,3189506,40236.0
1777262702.8583612,3190127,40240.0
1777262748.6539443,3190788,40244.0
1777262785.7858639,3191319,40248.0
1777262821.8296902,3191836,40252.0
1777262849.5295672,3192223,40256.0
1777262886.397314,3192752,40260.0
1777262926.0609298,3193325,40264.0
1777262982.864761,3194142,40268.0
1777263020.5967095,3194679,40272.0
1777263075.7719223,3195481,40276.0
1777263104.9960055,3195895,40280.0
1777263132.0639641,3196277,40284.0
1777263168.1996868,3196789,40288.0
1777263205.1317775,3197318,40292.0
1777263245.2755523,3197888,40296.0
1777263284.7434363,3198454,40300.0
1777263320.7066338,3198966,40304.0
1777263362.342695,3199564,40308.0
1777263392.7947211,3199998,40312.0
1777263411.6866636,3200260,40316.0
1777263440.342327,3200666,40320.0
1777263472.6944227,3201129,40324.0
1777263508.9697576,3201646,40328.0
1777263548.1178203,3202204,40332.0
1777263587.854511,3202772,40336.0
1777263600.7783594,3202945,40340.0
1777263629.1867194,3203348,40344.0
1777263657.7544353,3203755,40348.0
1777263684.046766,3204123,40352.0
1777263707.2749364,3204452,40356.0
1777263735.7590225,3204856,40360.0
1777263797.2514102,3205742,40364.0
1777263830.2277548,3206199,40368.0
1777263851.083391,3206498,40372.0
1777263881.803746,3206928,40376.0
1777263916.01166,3207416,40380.0
1777263953.1275928,3207941,40384.0
1777264003.8718953,3208674,40388.0
1777264030.9476843,3209051,40392.0
1777264057.6037881,3209426,40396.0
1777264076.7320848,3209689,40400.0
1777264122.3879945,3210352,40404.0
1777264158.4641824,3210866,40408.0
1777264202.275792,3211492,40412.0
1777264235.015677,3211958,40416.0
1777264253.05977,3212205,40420.0
1777264296.7599237,3212836,40424.0
1777264321.3359728,3213177,40428.0
1777264354.1839406,3213639,40432.0
1777264387.5361135,3214120,40436.0
1777264420.876147,3214597,40440.0
1777264457.2117505,3215118,40444.0
1777264496.0435658,3215663,40448.0
1777264536.8117237,3216246,40452.0
1777264570.147757,3216717,40456.0
1777264598.439737,3217114,40460.0
1777264635.007496,3217640,40464.0
1777264668.407477,3218119,40468.0
1777264704.2477703,3218629,40472.0
1777264742.8474727,3219174,40476.0
1777264768.5833616,3219539,40480.0
1777264811.634977,3220160,40484.0
1777264838.2271495,3220534,40488.0
1777264874.4428277,3221056,40492.0
1777264908.918916,3221549,40496.0
1777264945.7868092,3222061,40500.0
1777264998.426525,3222828,40504.0
1777265036.52677,3223362,40508.0
1777265056.2866821,3223645,40512.0
1777265087.0468128,3224075,40516.0
1777265110.4226105,3224401,40520.0
1777265138.1706285,3224791,40524.0
1777265155.8983674,3225033,40528.0
1777265190.538047,3225527,40532.0
1777265229.4897876,3226085,40536.0
1777265266.757954,3226617,40540.0
1777265295.2058733,3227023,40544.0
1777265332.5136027,3227547,40548.0
1777265347.741949,3227757,40552.0
1777265375.9897108,3228157,40556.0
1777265392.1897204,3228378,40560.0
1777265410.5653791,3228638,40564.0
1777265423.0417135,3228804,40568.0
1777265468.3409503,3229456,40572.0
1777265504.8614457,3229982,40576.0
1777265543.7248583,3230529,40580.0
1777265575.960962,3230991,40584.0
1777265608.5854023,3231458,40588.0
1777265641.620744,3231926,40592.0
1777265673.0283473,3232364,40596.0
1777265702.696625,3232784,40600.0
1777265749.4957578,3233460,40604.0
1777265775.335616,3233827,40608.0
1777265803.386997,3234220,40612.0
1777265825.778963,3234531,40616.0
1777265843.3551993,3234771,40620.0
1777265867.9149637,3235124,40624.0
1777265917.9146757,3235844,40628.0
1777265957.6139686,3236411,40632.0
1777265990.081952,3236872,40636.0
1777266018.8897707,3237279,40640.0
1777266056.4056838,3237814,40644.0
1777266092.52542,3238334,40648.0
1777266137.989341,3238986,40652.0
1777266166.056772,3239380,40656.0
1777266192.0006297,3239744,40660.0
1777266211.792587,3240020,40664.0
1777266250.3086584,3240573,40668.0
1777266286.4762847,3241088,40672.0
1777266317.783844,3241531,40676.0
1777266352.1518743,3242015,40680.0
1777266395.7196872,3242640,40684.0
1777266433.719681,3243183,40688.0
1777266463.2432983,3243597,40692.0
1777266501.9956076,3244149,40696.0
1777266524.5555065,3244466,40700.0
1777266558.954763,3244960,40704.0
1777266580.3791504,3245259,40708.0
1777266615.7627597,3245763,40712.0
1777266646.93865,3246203,40716.0
1777266694.0303254,3246880,40720.0
1777266735.929885,3247481,40724.0
1777266761.9739418,3247847,40728.0
1777266807.5897226,3248491,40732.0
1777266825.6337209,3248750,40736.0
1777266859.249729,3249229,40740.0
1777266889.9895737,3249669,40744.0
1777266931.2413397,3250249,40748.0
1777266964.4255254,3250720,40752.0
1777266991.8091478,3251105,40756.0
1777267018.5009243,3251479,40760.0
1777267042.7088397,3251828,40764.0
1777267073.636861,3252265,40768.0
1777267105.668982,3252725,40772.0
1777267141.2526102,3253226,40776.0
1777267157.4442165,3253453,40780.0
1777267192.4040115,3253954,40784.0
1777267222.75195,3254385,40788.0
1777267262.3359857,3254937,40792.0
1777267281.263738,3255204,40796.0
1777267304.8716981,3255535,40800.0
1777267350.3236797,3256189,40804.0
1777267383.7394261,3256660,40808.0
1777267405.330841,3256956,40812.0
1777267441.5995038,3257477,40816.0
1777267476.6547773,3257978,40820.0
1777267514.7391605,3258522,40824.0
1777267540.1989093,3258875,40828.0
1777267584.4065711,3259504,40832.0
1777267608.798486,3259854,40836.0
1777267633.5265033,3260198,40840.0
1777267682.250229,3260897,40844.0
1777267721.8579316,3261460,40848.0
1777267750.2417037,3261863,40852.0
1777267772.1174884,3262164,40856.0
1777267814.637643,3262776,40860.0
1777267846.4696681,3263230,40864.0
1777267875.8292184,3263650,40868.0
1777267904.6610048,3264053,40872.0
1777267941.5890625,3264583,40876.0
1777267963.696641,3264884,40880.0
1777267997.4286985,3265368,40884.0
1777268033.7646365,3265890,40888.0
1777268069.7124922,3266402,40892.0
1777268113.948172,3267037,40896.0
1777268152.6636872,3267595,40900.0
1777268175.955765,3267920,40904.0
1777268216.90772,3268504,40908.0
1777268243.4676747,3268884,40912.0
1777268276.0836356,3269338,40916.0
1777268319.7351701,3269963,40920.0
1777268365.4593449,3270616,40924.0
1777268389.642831,3270963,40928.0
1777268421.658688,3271420,40932.0
1777268439.3347075,3271659,40936.0
1777268465.226783,3272027,40940.0
1777268492.1787329,3272409,40944.0
1777268528.070401,3272923,40948.0
1777268549.7259312,3273227,40952.0
1777268570.2179925,3273515,40956.0
1777268589.9297466,3273784,40960.0
1777268629.1136065,3274351,40964.0
1777268661.0137808,3274804,40968.0
1777268685.169704,3275141,40972.0
1777268740.2453907,3275936,40976.0
1777268765.972849,3276291,40980.0
1777268803.2209852,3276829,40984.0
1777268835.8407338,3277293,40988.0
1777268866.416695,3277725,40992.0
1777268904.4647007,3278271,40996.0
1777268952.4646587,3278956,41000.0
1777268985.3164825,3279427,41004.0
1777269010.6080291,3279772,41008.0
1777269040.5077357,3280196,41012.0
1777269070.3002775,3280614,41016.0
1777269096.0277212,3280971,41020.0
1777269135.2115445,3281531,41024.0
1777269182.5676067,3282210,41028.0
1777269216.611495,3282690,41032.0
1777269237.0509028,3282973,41036.0
1777269253.5629442,3283203,41040.0
1777269287.2467415,3283684,41044.0
1777269307.3029706,3283963,41048.0
1777269347.086925,3284531,41052.0
1777269368.49475,3284832,41056.0
1777269396.6066077,3285230,41060.0
1777269436.6545064,3285810,41064.0
1777269459.6145713,3286128,41068.0
1777269486.4819818,3286506,41072.0
1777269518.7897804,3286965,41076.0
1777269549.057819,3287387,41080.0
1777269567.5979483,3287646,41084.0
1777269595.3416839,3288039,41088.0
1777269638.1578665,3288645,41092.0
1777269663.0336707,3288992,41096.0
1777269698.8016248,3289504,41100.0
1777269741.9168184,3290122,41104.0
1777269782.684966,3290706,41108.0
1777269815.8171062,3291175,41112.0
1777269847.044648,3291616,41116.0
1777269879.6607368,3292078,41120.0
1777269908.9447708,3292494,41124.0
1777269943.6204844,3292982,41128.0
1777269988.7045555,3293624,41132.0
1777270011.6040044,3293955,41136.0
1777270048.0484715,3294475,41140.0
1777270088.2318974,3295047,41144.0
1777270127.3475766,3295608,41148.0
1777270153.4635968,3295977,41152.0
1777270189.307713,3296492,41156.0
1777270218.0912719,3296899,41160.0
1777270252.390876,3297389,41164.0
1777270291.2989633,3297944,41168.0
1777270329.0505924,3298479,41172.0
1777270361.5188015,3298943,41176.0
1777270389.3109655,3299328,41180.0
1777270414.5427139,3299686,41184.0
1777270438.7343972,3300030,41188.0
1777270471.9100888,3300488,41192.0
1777270493.0183911,3300786,41196.0
1777270528.901822,3301296,41200.0
1777270554.7459774,3301660,41204.0
1777270593.309927,3302203,41208.0
1777270618.9297032,3302569,41212.0
1777270664.929676,3303220,41216.0
1777270703.0454917,3303767,41220.0
1777270732.2369578,3304183,41224.0
1777270761.937206,3304598,41228.0
1777270792.7129745,3305029,41232.0
1777270844.7246904,3305770,41236.0
1777270872.9807615,3306164,41240.0
1777270915.2164583,3306772,41244.0
1777270947.2486622,3307224,41248.0
1777270977.1564205,3307647,41252.0
1777271003.3084514,3308013,41256.0
1777271037.1000762,3308493,41260.0
1777271068.9156432,3308947,41264.0
1777271106.5519834,3309474,41268.0
1777271139.5277715,3309939,41272.0
1777271169.4438066,3310359,41276.0
1777271195.8357882,3310732,41280.0
1777271241.2349625,3311389,41284.0
1777271271.5193598,3311819,41288.0
1777271296.578787,3312173,41292.0
1777271325.1109269,3312574,41296.0
1777271364.5229425,3313135,41300.0
1777271402.3388793,3313675,41304.0
1777271436.4705958,3314156,41308.0
1777271470.7739117,3314641,41312.0
1777271491.466283,3314932,41316.0
1777271530.566178,3315486,41320.0
1777271560.2059004,3315911,41324.0
1777271592.6417067,3316366,41328.0
1777271631.4257433,3316916,41332.0
1777271657.9814858,3317290,41336.0
1777271698.0013723,3317860,41340.0
1777271740.0693586,3318464,41344.0
1777271761.8931758,3318776,41348.0
1777271784.252592,3319085,41352.0
1777271826.4846964,3319684,41356.0
1777271874.3598733,3320377,41360.0
1777271896.4199245,3320685,41364.0
1777271929.3116832,3321156,41368.0
1777271965.8437395,3321677,41372.0
1777271995.2788336,3322092,41376.0
1777272016.6026816,3322386,41380.0
1777272038.5786188,3322691,41384.0
1777272076.6467042,3323238,41388.0
1777272108.4382925,3323688,41392.0
1777272127.2298503,3323947,41396.0
1777272147.6859124,3324239,41400.0
1777272197.2975342,3324939,41404.0
1777272230.0215342,3325399,41408.0
1777272245.513811,3325616,41412.0
1777272277.3128397,3326065,41416.0
1777272301.2054808,3326401,41420.0
1777272333.497069,3326861,41424.0
1777272360.2647643,3327236,41428.0
1777272396.0644424,3327748,41432.0
1777272427.6320407,3328196,41436.0
1777272475.2237601,3328885,41440.0
1777272518.6758082,3329503,41444.0
1777272556.723856,3330043,41448.0
1777272582.1916628,3330404,41452.0
1777272616.7349558,3330893,41456.0
1777272654.3667274,3331432,41460.0
1777272698.43471,3332066,41464.0
1777272731.8626292,3332533,41468.0
1777272764.9184895,3333003,41472.0
1777272787.525978,3333329,41476.0
1777272818.0025342,3333760,41480.0
1777272857.7697728,3334325,41484.0
1777272905.0777998,3335012,41488.0
1777272933.1895292,3335406,41492.0
1777272960.5135434,3335788,41496.0
1777272982.0212543,3336083,41500.0
1777273020.2727473,3336631,41504.0
1777273060.6726751,3337205,41508.0
1777273087.3047554,3337585,41512.0
1777273118.0967078,3338024,41516.0
1777273136.988533,3338280,41520.0
1777273164.6326535,3338671,41524.0
1777273198.1997364,3339147,41528.0
1777273220.3557756,3339452,41532.0
1777273256.375937,3339968,41536.0
1777273289.843704,3340438,41540.0
1777273318.7355843,3340849,41544.0
1777273358.6834054,3341417,41548.0
1777273405.3669317,3342082,41552.0
1777273427.702979,3342393,41556.0
1777273458.3946779,3342828,41560.0
1777273496.1106875,3343371,41564.0
1777273547.7860637,3344110,41568.0
1777273569.2859108,3344413,41572.0
1777273587.7301197,3344661,41576.0
1777273616.1782389,3345062,41580.0
1777273664.3455641,3345755,41584.0
1777273695.229539,3346186,41588.0
1777273734.7293272,3346756,41592.0
1777273763.421377,3347163,41596.0
1777273793.264843,3347589,41600.0
1777273826.3329625,3348062,41604.0
1777273853.3247619,3348442,41608.0
1777273897.1006236,3349072,41612.0
1777273935.2844765,3349609,41616.0
1777273969.2759125,3350094,41620.0
1777273994.815949,3350458,41624.0
1777274019.8002563,3350813,41628.0
1777274046.8439054,3351198,41632.0
1777274080.8598168,3351683,41636.0
1777274098.0997007,3351924,41640.0
1777274120.8436825,3352241,41644.0
1777274158.9749134,3352783,41648.0
1777274195.5189915,3353302,41652.0
1777274231.2190015,3353812,41656.0
1777274238.902874,3353904,41660.0
1777274269.0712206,3354330,41664.0
1777274307.2546353,3354876,41668.0
1777274339.610438,3355336,41672.0
1777274373.5619915,3355822,41676.0
1777274394.5699275,3356111,41680.0
1777274433.437949,3356673,41684.0
1777274459.1617355,3357028,41688.0
1777274495.1456044,3357543,41692.0
1777274536.2133777,3358124,41696.0
1777274558.2734232,3358437,41700.0
1777274581.4133072,3358762,41704.0
1777274605.3809261,3359095,41708.0
1777274621.6808515,3359322,41712.0
1777274663.800989,3359918,41716.0
1777274681.293138,3360169,41720.0
1777274712.5247693,3360617,41724.0
1777274749.8765593,3361143,41728.0
1777274792.9598408,3361761,41732.0
1777274827.9603763,3362259,41736.0
1777274851.819728,3362594,41740.0
1777274881.2597966,3363009,41744.0
1777274930.8677545,3363712,41748.0
1777274980.4713564,3364430,41752.0
1777275012.9029737,3364884,41756.0
1777275030.7110178,3365126,41760.0
1777275058.5548348,3365521,41764.0
1777275096.486633,3366068,41768.0
1777275124.478699,3366467,41772.0
1777275146.1547298,3366768,41776.0
1777275172.7905517,3367142,41780.0
1777275207.4978697,3367636,41784.0
1777275243.0667799,3368150,41788.0
1777275261.3577151,3368396,41792.0
1777275288.265936,3368778,41796.0
1777275314.9976985,3369155,41800.0
1777275351.4817288,3369673,41804.0
1777275399.5173051,3370361,41808.0
1777275439.301211,3370932,41812.0
1777275476.5331042,3371467,41816.0
1777275510.8606684,3371952,41820.0
1777275539.860706,3372365,41824.0
1777275573.7847579,3372848,41828.0
1777275599.5843832,3373213,41832.0
1777275628.127901,3373618,41836.0
1777275646.951959,3373885,41840.0
1777275704.5117188,3374713,41844.0
1777275728.4036634,3375049,41848.0
1777275762.4716353,3375530,41852.0
1777275791.1634436,3375936,41856.0
1777275813.6873887,3376247,41860.0
1777275843.5547073,3376671,41864.0
1777275870.8629155,3377054,41868.0
1777275912.9305928,3377654,41872.0
1777275943.782816,3378094,41876.0
1777275969.2387805,3378447,41880.0
1777275988.2987955,3378710,41884.0
1777276023.9823055,3379222,41888.0
1777276049.1586502,3379575,41892.0
1777276085.0420017,3380088,41896.0
1777276119.9661777,3380593,41900.0
1777276157.7016287,3381135,41904.0
1777276183.6180441,3381501,41908.0
1777276211.4940462,3381893,41912.0
1777276245.5615788,3382375,41916.0
1777276260.9336748,3382581,41920.0
1777276291.3770258,3383010,41924.0
1777276320.001263,3383417,41928.0
1777276374.3927338,3384191,41932.0
1777276426.7367425,3384946,41936.0
1777276445.10473,3385197,41940.0
1777276475.1365833,3385629,41944.0
1777276521.2888522,3386287,41948.0
1777276556.5038347,3386784,41952.0
1777276582.0319993,3387148,41956.0
1777276608.5478003,3387525,41960.0
1777276654.6996768,3388185,41964.0
1777276691.8995326,3388716,41968.0
1777276709.7076263,3388961,41972.0
1777276741.1473365,3389409,41976.0
1777276761.3227718,3389693,41980.0
1777276782.2830276,3389987,41984.0
1777276815.550979,3390464,41988.0
1777276839.24281,3390795,41992.0
1777276867.834567,3391198,41996.0
1777276909.8667586,3391799,42000.0
1777276946.9104857,3392323,42004.0
1777276969.5099022,3392648,42008.0
1777276998.5103364,3393065,42012.0
1777277024.218198,3393424,42016.0
1777277062.6537013,3393978,42020.0
1777277095.9858804,3394452,42024.0
1777277148.3694596,3395197,42028.0
1777277184.2534285,3395710,42032.0
1777277218.1886916,3396188,42036.0
1777277243.9446497,3396557,42040.0
1777277279.080634,3397049,42044.0
1777277328.2326784,3397764,42048.0
1777277374.416415,3398416,42052.0
1777277418.355934,3399048,42056.0
1777277447.2637432,3399458,42060.0
1777277475.9396143,3399864,42064.0
1777277506.3076835,3400290,42068.0
1777277554.8356001,3400982,42072.0
1777277565.8516347,3401130,42076.0
1777277594.7594614,3401540,42080.0
1777277630.6587536,3402053,42084.0
1777277651.0835788,3402333,42088.0
1777277694.9506605,3402968,42092.0
1777277730.4346695,3403471,42096.0
1777277766.9541154,3403986,42100.0
1777277798.1099236,3404434,42104.0
1777277827.8458261,3404850,42108.0
1777277859.2381814,3405298,42112.0
1777277892.069746,3405764,42116.0
1777277911.461739,3406032,42120.0
1777277962.2296765,3406767,42124.0
1777278003.3297856,3407352,42128.0
1777278038.2653255,3407845,42132.0
1777278072.4653592,3408327,42136.0
1777278093.5732062,3408620,42140.0
1777278131.456958,3409162,42144.0
1777278155.3176427,3409493,42148.0
1777278178.8096235,3409832,42152.0
1777278214.824994,3410339,42156.0
1777278234.8687098,3410624,42160.0
1777278270.1847425,3411121,42164.0
1777278290.4086537,3411408,42168.0
1777278327.728229,3411941,42172.0
1777278356.6362374,3412347,42176.0
1777278375.9282873,3412611,42180.0
1777278432.4519634,3413421,42184.0
1777278459.828125,3413804,42188.0
1777278499.8957703,3414380,42192.0
1777278523.2357724,3414706,42196.0
1777278545.263756,3415006,42200.0
1777278582.7797303,3415549,42204.0
1777278601.071163,3415794,42208.0
1777278638.7871292,3416337,42212.0
1777278682.3708205,3416962,42216.0
1777278720.6069756,3417502,42220.0
1777278766.3910325,3418162,42224.0
1777278805.090674,3418710,42228.0
1777278830.4506824,3419063,42232.0
1777278894.9344068,3419996,42236.0
1777278931.0736976,3420500,42240.0
1777278973.6259117,3421112,42244.0
1777279005.2615857,3421559,42248.0
1777279032.753684,3421944,42252.0
1777279055.3256886,3422257,42256.0
1777279089.7293432,3422741,42260.0
1777279132.3610036,3423351,42264.0
1777279147.137438,3423552,42268.0
1777279197.253203,3424277,42272.0
1777279236.4047215,3424835,42276.0
1777279265.6207912,3425243,42280.0
1777279306.6886423,3425835,42284.0
1777279344.204378,3426367,42288.0
1777279380.7877996,3426897,42292.0
1777279402.2317712,3427192,42296.0
1777279435.8236022,3427671,42300.0
1777279476.6397138,3428246,42304.0
1777279497.831671,3428550,42308.0
1777279542.4755628,3429182,42312.0
1777279577.7348444,3429683,42316.0
1777279621.667892,3430313,42320.0
1777279648.951014,3430698,42324.0
1777279694.0866952,3431344,42328.0
1777279732.1022036,3431889,42332.0
1777279751.4625967,3432157,42336.0
1777279780.1946542,3432563,42340.0
1777279825.3938146,3433220,42344.0
1777279857.937991,3433679,42348.0
1777279889.6379888,3434128,42352.0
1777279914.3137617,3434471,42356.0
1777279956.0134647,3435069,42360.0
1777280005.1972265,3435781,42364.0
1777280035.5650225,3436212,42368.0
1777280086.5967321,3436937,42372.0
1777280133.4404893,3437609,42376.0
1777280165.6244612,3438073,42380.0
1777280206.1320276,3438655,42384.0
1777280260.6598809,3439434,42388.0
1777280300.3454049,3440000,42392.0
1777280340.7073326,3440580,42396.0
1777280357.5673082,3440811,42400.0
1777280385.9267948,3441211,42404.0
1777280411.5669308,3441574,42408.0
1777280436.8348994,3441930,42412.0
1777280472.9867814,3442448,42416.0
1777280516.8706434,3443076,42420.0
1777280553.2784553,3443596,42424.0
1777280585.5777442,3444051,42428.0
1777280612.6549044,3444436,42432.0
1777280645.037988,3444877,42436.0
1777280678.0897298,3445347,42440.0
1777280713.3216941,3445847,42444.0
1777280745.8654034,3446313,42448.0
1777280788.7807286,3446929,42452.0
1777280830.980798,3447531,42456.0
1777280867.8808396,3448060,42460.0
1777280885.2566466,3448299,42464.0
1777280910.132651,3448655,42468.0
1777280945.4162242,3449152,42472.0
1777280975.35619,3449571,42476.0
1777281006.2760549,3450014,42480.0
1777281040.676038,3450506,42484.0
1777281090.719563,3451226,42488.0
1777281113.899743,3451548,42492.0
1777281149.2195828,3452055,42496.0
1777281180.3949316,3452489,42500.0
1777281208.12707,3452883,42504.0
1777281237.5029604,3453293,42508.0
1777281265.6546676,3453689,42512.0
1777281297.762789,3454143,42516.0
1777281321.1187806,3454469,42520.0
1777281355.2704582,3454956,42524.0
1777281386.2383893,3455395,42528.0
1777281405.9299614,3455673,42532.0
1777281439.7379735,3456153,42536.0
1777281491.6817224,3456896,42540.0
1777281515.757793,3457245,42544.0
1777281564.2057135,3457933,42548.0
1777281582.4334655,3458182,42552.0
1777281629.509339,3458860,42556.0
1777281672.173114,3459461,42560.0
1777281712.324589,3460036,42564.0
1777281770.8324988,3460881,42568.0
1777281808.023931,3461417,42572.0
1777281846.2918901,3461966,42576.0
1777281892.2357898,3462616,42580.0
1777281925.195633,3463091,42584.0
1777281952.2117229,3463463,42588.0
1777281979.6196604,3463846,42592.0
1777282010.495459,3464280,42596.0
1777282033.7476757,3464603,42600.0
1777282055.7393498,3464921,42604.0
1777282097.4236808,3465507,42608.0
1777282127.13125,3465928,42612.0
1777282169.4148939,3466536,42616.0
1777282192.822828,3466866,42620.0
1777282230.9069834,3467414,42624.0
1777282259.4590309,3467820,42628.0
1777282286.2509794,3468196,42632.0
1777282306.6911457,3468477,42636.0
1777282341.2906342,3468969,42640.0
1777282362.3348053,3469262,42644.0
1777282379.7747955,3469505,42648.0
1777282394.4267263,3469701,42652.0
1777282428.295018,3470179,42656.0
1777282464.2106779,3470691,42660.0
1777282495.1862228,3471133,42664.0
1777282538.9103239,3471752,42668.0
1777282581.7779136,3472368,42672.0
1777282626.1619751,3473002,42676.0
1777282666.8621032,3473571,42680.0
1777282700.5297997,3474051,42684.0
1777282741.6818347,3474641,42688.0
1777282774.1896865,3475105,42692.0
1777282805.205771,3475536,42696.0
1777282823.6652935,3475787,42700.0
1777282860.7489078,3476319,42704.0
1777282905.0328548,3476952,42708.0
1777282931.5247824,3477324,42712.0
1777282972.6248393,3477914,42716.0
1777283001.3167396,3478312,42720.0
1777283046.0767045,3478962,42724.0
1777283070.6006706,3479306,42728.0
1777283102.1445913,3479752,42732.0
1777283134.5279863,3480205,42736.0
1777283163.319853,3480611,42740.0
1777283200.8957758,3481138,42744.0
1777283230.3359256,3481554,42748.0
1777283258.9637904,3481965,42752.0
1777283285.947643,3482341,42756.0
1777283333.7957077,3483016,42760.0
1777283367.8954499,3483506,42764.0
1777283403.0889864,3484000,42768.0
1777283433.1069114,3484425,42772.0
1777283454.3309495,3484713,42776.0
1777283489.598839,3485214,42780.0
1777283522.0386865,3485676,42784.0
1777283553.674757,3486126,42788.0
1777283582.2827072,3486530,42792.0
1777283630.5904603,3487219,42796.0
1777283660.0666647,3487638,42800.0
1777283690.966189,3488079,42804.0
1777283717.5260172,3488455,42808.0
1777283749.4697948,3488906,42812.0
1777283796.3098125,3489579,42816.0
1777283811.8377163,3489785,42820.0
1777283852.5856328,3490372,42824.0
1777283891.0453694,3490924,42828.0
1777283939.0209465,3491609,42832.0
1777283986.628739,3492291,42836.0
1777284018.8366067,3492747,42840.0
1777284060.804525,3493352,42844.0
1777284080.5479436,3493627,42848.0
1777284123.4637887,3494244,42852.0
1777284153.1236882,3494667,42856.0
1777284185.6395905,3495127,42860.0
1777284207.8987386,3495437,42864.0
1777284234.3906891,3495811,42868.0
1777284275.6384575,3496403,42872.0
1777284316.157911,3496973,42876.0
1777284350.4262598,3497463,42880.0
1777284377.0097792,3497838,42884.0
1777284406.165662,3498252,42888.0
1777284433.941344,3498649,42892.0
1777284452.885224,3498911,42896.0
1777284473.5769677,3499195,42900.0
1777284521.0170217,3499882,42904.0
1777284559.3445132,3500425,42908.0
1777284600.076365,3501003,42912.0
1777284634.712054,3501498,42916.0
1777284672.3117464,3502036,42920.0
1777284707.6277702,3502532,42924.0
1777284758.2629576,3503268,42928.0
1777284798.0949976,3503825,42932.0
1777284824.779058,3504205,42936.0
1777284860.5546572,3504715,42940.0
1777284898.3386905,3505263,42944.0
1777284924.9142556,3505632,42948.0
1777284957.6464193,3506097,42952.0
1777284988.4817457,3506529,42956.0
1777285029.813618,3507126,42960.0
1777285056.921706,3507505,42964.0
1777285082.665366,3507866,42968.0
1777285128.5249104,3508517,42972.0
1777285149.348933,3508817,42976.0
1777285164.6013622,3509020,42980.0
1777285195.132803,3509456,42984.0
1777285218.2087781,3509778,42988.0
1777285280.1319644,3510676,42992.0
1777285336.3918307,3511480,42996.0
1777285360.2681103,3511819,43000.0
1777285389.1757348,3512230,43004.0
1777285430.3876846,3512815,43008.0
1777285467.8794034,3513352,43012.0
1777285493.8950818,3513718,43016.0
1777285523.187209,3514132,43020.0
1777285577.9794707,3514918,43024.0
1777285619.862407,3515516,43028.0
1777285652.3221388,3515977,43032.0
1777285692.0901537,3516543,43036.0
1777285710.3138297,3516790,43040.0
1777285740.7461896,3517224,43044.0
1777285768.6497009,3517613,43048.0
1777285803.3057194,3518111,43052.0
1777285829.0137064,3518465,43056.0
1777285879.2728572,3519185,43060.0
1777285909.3088052,3519613,43064.0
1777285948.6169524,3520175,43068.0
1777285975.5687623,3520553,43072.0
1777286012.9249213,3521087,43076.0
1777286046.9764552,3521573,43080.0
1777286081.9083772,3522072,43084.0
1777286116.8442411,3522560,43088.0
1777286154.036514,3523085,43092.0
1777286187.0679142,3523559,43096.0
1777286216.5797336,3523973,43100.0
1777286247.464043,3524415,43104.0
1777286269.0036824,3524717,43108.0
1777286329.0637064,3525581,43112.0
1777286361.9716582,3526046,43116.0
1777286390.5396981,3526448,43120.0
1777286425.4556537,3526947,43124.0
1777286459.1633208,3527428,43128.0
1777286483.5992224,3527763,43132.0
1777286515.4916136,3528216,43136.0
1777286546.3428385,3528651,43140.0
1777286591.8426123,3529309,43144.0
1777286660.2027955,3530289,43148.0
1777286695.3867364,3530787,43152.0
1777286735.818296,3531371,43156.0
1777286775.5345478,3531937,43160.0
1777286808.985816,3532406,43164.0
1777286838.6097958,3532828,43168.0
1777286873.9459817,3533328,43172.0
1777286913.0456235,3533892,43176.0
1777286949.5457428,3534409,43180.0
1777286977.805694,3534812,43184.0
1777287014.0734622,3535327,43188.0
1777287034.8975432,3535617,43192.0
1777287077.8495414,3536235,43196.0
1777287126.86495,3536929,43200.0
1777287160.8326252,3537414,43204.0
1777287200.3166978,3537973,43208.0
1777287231.1685402,3538413,43212.0
1777287282.76869,3539155,43216.0
1777287316.1357067,3539629,43220.0
1777287355.319874,3540190,43224.0
1777287376.5599122,3540491,43228.0
1777287409.5037236,3540958,43232.0
1777287438.7356813,3541372,43236.0
1777287462.1959045,3541697,43240.0
1777287505.4793608,3542318,43244.0
1777287540.8471143,3542826,43248.0
1777287564.3027797,3543158,43252.0
1777287593.6109893,3543570,43256.0
1777287614.4548085,3543867,43260.0
1777287656.55484,3544464,43264.0
1777287697.154673,3545049,43268.0
1777287743.9464896,3545715,43272.0
1777287785.3137462,3546310,43276.0
1777287809.6216877,3546653,43280.0
1777287832.0659852,3546969,43284.0
1777287866.1337698,3547453,43288.0
1777287907.9333634,3548056,43292.0
1777287938.3251407,3548483,43296.0
1777287964.3413918,3548850,43300.0
1777288008.125349,3549482,43304.0
1777288057.07699,3550175,43308.0
1777288093.0090566,3550688,43312.0
1777288132.0444713,3551239,43316.0
1777288173.344312,3551837,43320.0
1777288199.5359528,3552205,43324.0
1777288255.6118977,3553013,43328.0
1777288288.363541,3553479,43332.0
1777288337.0316718,3554181,43336.0
1777288363.6394634,3554558,43340.0
1777288403.6989248,3555124,43344.0
1777288428.7907398,3555485,43348.0
1777288464.6907604,3555988,43352.0
1777288502.522699,3556536,43356.0
1777288534.0827253,3556977,43360.0
1777288564.1585422,3557405,43364.0
1777288590.6744924,3557773,43368.0
1777288606.9419003,3558003,43372.0
1777288636.710336,3558428,43376.0
1777288681.4941874,3559060,43380.0
1777288722.9097033,3559654,43384.0
1777288769.817766,3560326,43388.0
1777288807.0254364,3560853,43392.0
1777288852.0207806,3561497,43396.0
1777288888.4930267,3562016,43400.0
1777288924.3767693,3562529,43404.0
1777288953.76082,3562946,43408.0
1777288980.3523648,3563318,43412.0
1777289016.5205958,3563837,43416.0
1777289060.439869,3564461,43420.0
1777289101.7562017,3565051,43424.0
1777289130.0317547,3565451,43428.0
1777289171.379406,3566042,43432.0
1777289210.131438,3566601,43436.0
1777289230.2553349,3566877,43440.0
1777289266.2070105,3567391,43444.0
1777289316.6229258,3568107,43448.0
1777289378.690645,3568998,43452.0
1777289419.9746509,3569596,43456.0
1777289449.1185985,3570007,43460.0
1777289485.002457,3570514,43464.0
1777289513.6257493,3570913,43468.0
1777289534.2337124,3571209,43472.0
1777289554.2455204,3571484,43476.0
1777289571.037761,3571722,43480.0
1777289611.3017054,3572293,43484.0
1777289623.9294527,3572465,43488.0
1777289643.2853482,3572729,43492.0
1777289684.3888173,3573324,43496.0
1777289718.0128925,3573798,43500.0
1777289749.612982,3574251,43504.0
1777289792.4487472,3574860,43508.0
1777289824.81274,3575324,43512.0
1777289854.2246113,3575734,43516.0
1777289885.8079255,3576182,43520.0
1777289935.1078925,3576888,43524.0
1777289975.1757617,3577457,43528.0
1777290011.1756315,3577971,43532.0
1777290041.8514025,3578413,43536.0
1777290076.5155747,3578909,43540.0
1777290111.3833532,3579405,43544.0
1777290140.4748414,3579817,43548.0
1777290179.8430614,3580374,43552.0
1777290211.579029,3580826,43556.0
1777290246.3867562,3581323,43560.0
1777290284.9865088,3581880,43564.0
1777290307.7459776,3582190,43568.0
1777290347.1460347,3582759,43572.0
1777290385.8857868,3583305,43576.0
1777290414.51351,3583707,43580.0
1777290466.045522,3584451,43584.0
1777290505.5454981,3585009,43588.0
1777290542.5649056,3585540,43592.0
1777290583.7329967,3586130,43596.0
1777290615.632794,3586587,43600.0
1777290640.988708,3586939,43604.0
1777290685.3086913,3587576,43608.0
1777290719.0084264,3588053,43612.0
1777290741.4005659,3588373,43616.0
1777290777.567827,3588877,43620.0
1777290808.7517061,3589323,43624.0
1777290846.175709,3589856,43628.0
1777290869.251736,3590177,43632.0
1777290910.0837705,3590759,43636.0
1777290934.7115326,3591101,43640.0
1777290999.2114112,3592035,43644.0
1777291022.170938,3592359,43648.0
1777291048.794973,3592737,43652.0
1777291095.4945457,3593413,43656.0
1777291128.8467267,3593893,43660.0
1777291156.4226189,3594285,43664.0
1777291172.3145313,3594498,43668.0
1777291235.2544534,3595413,43672.0
1777291249.6818123,3595617,43676.0
1777291277.1897027,3596010,43680.0
1777291319.8737628,3596611,43684.0
1777291363.8496652,3597241,43688.0
1777291397.74141,3597727,43692.0
1777291419.033362,3598021,43696.0
1777291448.3492122,3598439,43700.0
1777291502.3609402,3599212,43704.0
1777291544.5607018,3599815,43708.0
1777291589.5082304,3600460,43712.0
1777291625.3278408,3600967,43716.0
1777291660.6518233,3601474,43720.0
1777291712.1597657,3602211,43724.0
1777291727.588115,3602427,43728.0
1777291761.9118197,3602911,43732.0
1777291787.1951716,3603264,43736.0
1777291819.6875744,3603717,43740.0
1777291843.4788923,3604052,43744.0
1777291895.3709784,3604791,43748.0
1777291917.2148535,3605096,43752.0
1777291955.3626988,3605633,43756.0
1777291976.6066773,3605927,43760.0
1777292012.5906591,3606439,43764.0
1777292043.730724,3606879,43768.0
1777292065.621853,3607187,43772.0
1777292100.1740751,3607672,43776.0
1777292126.7979004,3608043,43780.0
1777292135.8419266,3608163,43784.0
1777292181.3256192,3608816,43788.0
1777292226.925648,3609461,43792.0
1777292255.8769617,3609873,43796.0
1777292285.7686174,3610296,43800.0
1777292302.3608356,3610533,43804.0
1777292329.3846648,3610912,43808.0
1777292350.5604963,3611204,43812.0
1777292379.6438472,3611612,43816.0
1777292402.919795,3611934,43820.0
1777292456.5795908,3612714,43824.0
1777292503.6949008,3613383,43828.0
1777292532.7869956,3613794,43832.0
1777292557.218806,3614136,43836.0
1777292591.0467155,3614617,43840.0
1777292614.154301,3614937,43844.0
1777292648.8858845,3615439,43848.0
1777292674.1699793,3615795,43852.0
1777292713.7976897,3616360,43856.0
1777292743.1133802,3616774,43860.0
1777292787.0647082,3617413,43864.0
1777292806.888737,3617685,43868.0
1777292855.97278,3618389,43872.0
1777292896.5401673,3618970,43876.0
1777292928.0557694,3619417,43880.0
1777292984.515924,3620229,43884.0
1777293027.7155485,3620853,43888.0
1777293048.3915565,3621140,43892.0
1777293077.550976,3621554,43896.0
1777293119.2669764,3622136,43900.0
1777293161.0267384,3622735,43904.0
1777293187.6507668,3623110,43908.0
1777293227.286454,3623678,43912.0
1777293266.354385,3624243,43916.0
1777293294.0099604,3624631,43920.0
1777293331.8457296,3625164,43924.0
1777293360.4216993,3625560,43928.0
1777293389.7855623,3625974,43932.0
1777293433.4208267,3626603,43936.0
1777293462.644785,3627022,43940.0
1777293490.6806338,3627414,43944.0
1777293540.448702,3628127,43948.0
1777293583.4965966,3628738,43952.0
1777293614.66414,3629179,43956.0
1777293646.8718722,3629635,43960.0
1777293689.7638798,3630242,43964.0
1777293714.7915726,3630605,43968.0
1777293763.923359,3631302,43972.0
1777293797.2587857,3631775,43976.0
1777293827.850852,3632206,43980.0
1777293875.210528,3632887,43984.0
1777293913.8946886,3633443,43988.0
1777293930.3507073,3633666,43992.0
1777293958.1263921,3634064,43996.0
1777293983.0178883,3634410,44000.0
1777294022.6860123,3634971,44004.0
1777294063.3177888,3635559,44008.0
1777294090.309734,3635932,44012.0
1777294122.0455742,3636381,44016.0
1777294141.3054812,3636643,44020.0
1777294198.5608592,3637475,44024.0
1777294225.4046402,3637850,44028.0
1777294277.7646172,3638604,44032.0
1777294303.840736,3638973,44036.0
1777294352.704589,3639669,44040.0
1777294395.056527,3640281,44044.0
1777294415.9324298,3640562,44048.0
1777294436.6921208,3640858,44052.0
1777294471.3559227,3641341,44056.0
1777294498.807762,3641730,44060.0
1777294534.5838637,3642232,44064.0
1777294569.4517834,3642728,44068.0
1777294597.883207,3643131,44072.0
1777294630.4595516,3643591,44076.0
1777294680.9873228,3644311,44080.0
1777294713.3947725,3644775,44084.0
1777294745.926909,3645228,44088.0
1777294770.0188396,3645572,44092.0
1777294797.8466713,3645968,44096.0
1777294816.0184443,3646210,44100.0
1777294848.6225686,3646675,44104.0
1777294871.346528,3646993,44108.0
1777294896.6384046,3647348,44112.0
1777294919.7988322,3647677,44116.0
1777294934.2543056,3647874,44120.0
1777294973.4536004,3648437,44124.0
1777295004.1378272,3648867,44128.0
1777295037.66569,3649349,44132.0
1777295051.19018,3649526,44136.0
1777295077.9815276,3649901,44140.0
1777295106.948928,3650314,44144.0
1777295142.6729379,3650820,44148.0
1777295184.2409763,3651418,44152.0
1777295212.2929106,3651810,44156.0
1777295260.592734,3652501,44160.0
1777295315.7165172,3653297,44164.0
1777295354.1518376,3653844,44168.0
1777295386.7916512,3654307,44172.0
1777295408.2602751,3654602,44176.0
1777295423.4116724,3654815,44180.0
1777295453.2796886,3655240,44184.0
1777295483.1196585,3655659,44188.0
1777295501.2795944,3655908,44192.0
1777295524.55514,3656231,44196.0
1777295547.6951375,3656560,44200.0
1777295596.502926,3657259,44204.0
1777295615.9471583,3657525,44208.0
1777295663.8306937,3658214,44212.0
1777295684.6707547,3658501,44216.0
1777295722.5224144,3659046,44220.0
1777295737.8138733,3659254,44224.0
1777295778.1298432,3659835,44228.0
1777295816.7496636,3660390,44232.0
1777295847.326056,3660816,44236.0
1777295879.0416944,3661267,44240.0
1777295926.509551,3661943,44244.0
1777295967.456894,3662531,44248.0
1777296000.5768845,3662995,44252.0
1777296028.7529318,3663391,44256.0
1777296064.1847262,3663882,44260.0
1777296101.4365394,3664418,44264.0
1777296137.028418,3664922,44268.0
1777296165.6759326,3665327,44272.0
1777296196.3878312,3665759,44276.0
1777296215.0364053,3666015,44280.0
1777296243.1797338,3666424,44284.0
1777296272.119643,3666828,44288.0
1777296314.7553766,3667433,44292.0
1777296355.9715254,3668032,44296.0
1777296391.0229323,3668525,44300.0
1777296428.8551805,3669062,44304.0
1777296476.4908295,3669748,44308.0
1777296501.958926,3670107,44312.0
1777296545.3228989,3670723,44316.0
1777296577.4347172,3671177,44320.0
1777296614.9666789,3671716,44324.0
1777296657.4024296,3672325,44328.0
1777296707.8257499,3673047,44332.0
1777296734.201733,3673415,44336.0
1777296771.0695786,3673943,44340.0
1777296811.4695723,3674525,44344.0
1777296831.261712,3674802,44348.0
1777296860.5016546,3675214,44352.0
1777296891.2534199,3675651,44356.0
1777296918.4973335,3676030,44360.0
1777296947.7608566,3676445,44364.0
1777296980.2049131,3676904,44368.0
1777297001.1448932,3677192,44372.0
1777297038.248728,3677727,44376.0
1777297055.3406594,3677960,44380.0
1777297080.59679,3678325,44384.0
1777297132.7086358,3679071,44388.0
1777297163.4158359,3679506,44392.0
1777297202.8477998,3680073,44396.0
1777297227.4558265,3680420,44400.0
1777297263.0597277,3680927,44404.0
1777297304.2915533,3681509,44408.0
1777297334.1433733,3681932,44412.0
1777297367.7353075,3682409,44416.0
1777297388.5750139,3682696,44420.0
1777297416.3428767,3683092,44424.0
1777297463.0590312,3683759,44428.0
1777297489.0866477,3684124,44432.0
1777297516.5186954,3684511,44436.0
1777297541.2107496,3684857,44440.0
1777297562.8704715,3685170,44444.0
1777297601.8380744,3685714,44448.0
1777297641.8060482,3686284,44452.0
1777297663.4778073,3686584,44456.0
1777297689.1534963,3686941,44460.0
1777297705.0977745,3687161,44464.0
1777297756.537788,3687904,44468.0
1777297800.2053385,3688533,44472.0
1777297836.6889145,3689045,44476.0
1777297862.5488791,3689418,44480.0
1777297915.300786,3690170,44484.0
1777297947.7008057,3690631,44488.0
1777298015.1925235,3691607,44492.0
1777298046.4238565,3692038,44496.0
1777298069.39986,3692371,44500.0
1777298111.1199572,3692962,44504.0
1777298142.3036928,3693406,44508.0
1777298173.0597157,3693835,44512.0
1777298204.279573,3694279,44516.0
1777298235.2108908,3694712,44520.0
1777298278.618697,3695342,44524.0
1777298322.0626836,3695959,44528.0
1777298348.739059,3696334,44532.0
1777298385.7227485,3696863,44536.0
1777298415.1784074,3697282,44540.0
1777298450.6465554,3697785,44544.0
1777298475.12242,3698129,44548.0
1777298520.32183,3698778,44552.0
1777298539.3823574,3699039,44556.0
1777298583.2823462,3699673,44560.0
1777298614.3818378,3700117,44564.0
1777298648.481439,3700590,44568.0
1777298684.085682,3701097,44572.0
1777298711.8096418,3701486,44576.0
1777298737.5857997,3701853,44580.0
1777298768.8534853,3702290,44584.0
1777298793.3773022,3702640,44588.0
1777298824.9532056,3703083,44592.0
1777298875.2450142,3703805,44596.0
1777298919.9609542,3704434,44600.0
1777298948.812779,3704844,44604.0
1777298966.4607058,3705089,44608.0
1777298995.5806937,3705505,44612.0
1777299032.6280477,3706033,44616.0
1777299078.4118328,3706691,44620.0
1777299118.4320676,3707263,44624.0
1777299149.5400174,3707708,44628.0
1777299190.6636949,3708289,44632.0
1777299229.1075933,3708836,44636.0
1777299251.6474848,3709151,44640.0
1777299284.86752,3709624,44644.0
1777299330.698828,3710287,44648.0
1777299374.7351818,3710910,44652.0
1777299416.358815,3711508,44656.0
1777299440.4665563,3711844,44660.0
1777299471.042513,3712281,44664.0
1777299504.3945198,3712750,44668.0
1777299534.8544676,3713181,44672.0
1777299564.4701235,3713596,44676.0
1777299605.4702644,3714183,44680.0
1777299657.1697404,3714926,44684.0
1777299703.745794,3715589,44688.0
1777299718.145715,3715787,44692.0
1777299760.9213774,3716384,44696.0
1777299799.7131367,3716938,44700.0
1777299852.8727448,3717705,44704.0
1777299891.7567337,3718258,44708.0
1777299922.572329,3718698,44712.0
1777299963.6563115,3719285,44716.0
1777299996.1000412,3719741,44720.0
1777300005.6401033,3719862,44724.0
1777300052.8238006,3720539,44728.0
1777300091.5280507,3721077,44732.0
1777300129.1436486,3721615,44736.0
1777300164.9594667,3722125,44740.0
1777300202.3354955,3722659,44744.0
1777300250.9632201,3723355,44748.0
1777300281.4708693,3723787,44752.0
1777300316.1546764,3724281,44756.0
1777300344.3790355,3724675,44760.0
1777300358.5710452,3724876,44764.0
1777300390.8866508,3725326,44768.0
1777300410.0306077,3725601,44772.0
1777300440.637914,3726039,44776.0
1777300458.4459338,3726276,44780.0
1777300467.2460318,3726396,44784.0
1777300485.0816936,3726641,44788.0
1777300514.637694,3727060,44792.0
1777300545.4496953,3727496,44796.0
1777300570.4495125,3727848,44800.0
1777300624.9171689,3728638,44804.0
1777300652.365005,3729024,44808.0
1777300684.4927163,3729480,44812.0
1777300712.2766106,3729872,44816.0
1777300745.3484867,3730340,44820.0
1777300774.36782,3730752,44824.0
1777300816.768145,3731346,44828.0
1777300851.875576,3731843,44832.0
1777300888.2597606,3732367,44836.0
1777300903.6194336,3732573,44840.0
1777300938.3870232,3733067,44844.0
1777300986.7029333,3733762,44848.0
1777301011.8949633,3734113,44852.0
1777301040.7269342,3734518,44856.0
1777301059.618735,3734774,44860.0
1777301073.6184123,3734972,44864.0
1777301098.4707646,3735317,44868.0
1777301139.554008,3735904,44872.0
1777301175.3618343,3736410,44876.0
1777301207.929779,3736872,44880.0
1777301238.6817126,3737312,44884.0
1777301278.6656423,3737878,44888.0
1777301305.9732828,3738262,44892.0
1777301337.4491389,3738707,44896.0
1777301370.748964,3739182,44900.0
1777301387.3728962,3739401,44904.0
1777301450.0327601,3740308,44908.0
1777301470.8083146,3740598,44912.0
1777301524.7999024,3741377,44916.0
1777301559.3598177,3741874,44920.0
1777301595.468077,3742384,44924.0
1777301618.6360106,3742716,44928.0
1777301642.2838423,3743043,44932.0
1777301670.7436354,3743441,44936.0
1777301701.067381,3743871,44940.0
1777301762.3948076,3744754,44944.0
1777301810.9391136,3745447,44948.0
1777301834.1948073,3745765,44952.0
1777301868.9465423,3746258,44956.0
1777301908.1985636,3746818,44960.0
1777301937.7064521,3747240,44964.0
1777301976.8540025,3747800,44968.0
1777301999.6138134,3748120,44972.0
1777302035.6662529,3748633,44976.0
1777302056.473756,3748921,44980.0
1777302119.0815823,3749825,44984.0
1777302157.8329277,3750377,44988.0
1777302186.9090412,3750783,44992.0
1777302220.4410686,3751263,44996.0
1777302249.876911,3751672,45000.0
1777302287.5688226,3752205,45004.0
1777302318.3006055,3752636,45008.0
1777302354.8205385,3753156,45012.0
1777302369.352193,3753354,45016.0
1777302403.6278882,3753832,45020.0
1777302431.3199472,3754227,45024.0
1777302459.4798539,3754625,45028.0
1777302489.9036634,3755060,45032.0
1777302530.5354388,3755633,45036.0
1777302562.8552427,3756092,45040.0
1777302604.754799,3756697,45044.0
1777302644.598783,3757262,45048.0
1777302667.1464999,3757587,45052.0
1777302693.4065187,3757954,45056.0
1777302730.8060825,3758492,45060.0
1777302762.274512,3758940,45064.0
1777302813.37383,3759673,45068.0
1777302834.1818316,3759954,45072.0
1777302870.2176847,3760469,45076.0
1777302898.6013677,3760867,45080.0
1777302931.9407668,3761342,45084.0
1777302976.576829,3761972,45088.0
1777303023.5526938,3762647,45092.0
1777303054.544691,3763086,45096.0
1777303083.1765306,3763491,45100.0
1777303118.784274,3763999,45104.0
1777303169.3439107,3764718,45108.0
1777303195.7519033,3765090,45112.0
1777303224.3353205,3765488,45116.0
1777303241.195576,3765728,45120.0
1777303274.2109082,3766193,45124.0
1777303298.363372,3766536,45128.0
1777303321.8110428,3766862,45132.0
1777303355.370799,3767340,45136.0
1777303379.0468135,3767667,45140.0
1777303403.4625676,3768010,45144.0
1777303440.6546693,3768546,45148.0
1777303463.081865,3768856,45152.0
1777303503.2223752,3769430,45156.0
1777303531.050336,3769819,45160.0
1777303565.9814856,3770316,45164.0
1777303609.0814104,3770924,45168.0
1777303631.0893273,3771236,45172.0
1777303696.5651047,3772165,45176.0
1777303715.140926,3772426,45180.0
1777303746.8409212,3772877,45184.0
1777303795.1768463,3773565,45188.0
1777303827.0006967,3774008,45192.0
1777303881.6765609,3774791,45196.0
1777303902.6518004,3775091,45200.0
1777303946.41978,3775716,45204.0
1777303971.1876042,3776062,45208.0
1777304009.3796387,3776606,45212.0
1777304031.3114903,3776907,45216.0
1777304065.419116,3777398,45220.0
1777304108.7868721,3778023,45224.0
1777304140.9709644,3778479,45228.0
1777304172.406802,3778924,45232.0
1777304233.1984696,3779797,45236.0
1777304265.1502624,3780243,45240.0
1777304304.9897134,3780814,45244.0
1777304336.8422575,3781267,45248.0
1777304376.409717,3781834,45252.0
1777304416.009689,3782388,45256.0
1777304452.54964,3782912,45260.0
1777304499.7929823,3783592,45264.0
1777304542.0768123,3784197,45268.0
1777304576.5286357,3784686,45272.0
1777304608.8523052,3785144,45276.0
1777304644.151959,3785650,45280.0
1777304685.0681677,3786229,45284.0
1777304717.011682,3786686,45288.0
1777304748.3279865,3787126,45292.0
1777304785.7795968,3787664,45296.0
1777304808.7553947,3787983,45300.0
1777304831.2788792,3788304,45304.0
1777304872.0952,3788881,45308.0
1777304913.2307591,3789470,45312.0
1777304946.3626819,3789937,45316.0
1777304975.2544324,3790344,45320.0
1777305005.7898774,3790775,45324.0
1777305025.482014,3791044,45328.0
1777305058.4899461,3791517,45332.0
1777305088.8577533,3791943,45336.0
1777305119.1497025,3792376,45340.0
1777305154.4656277,3792878,45344.0
1777305207.8408244,3793640,45348.0
1777305224.8487236,3793880,45352.0
1777305273.8165913,3794579,45356.0
1777305303.2088284,3795001,45360.0
1777305328.944615,3795362,45364.0
1777305370.2438924,3795953,45368.0
1777305391.6685033,3796247,45372.0
1777305423.995798,3796705,45376.0
1777305463.91177,3797272,45380.0
1777305505.279338,3797861,45384.0
1777305539.063706,3798333,45388.0
1777305585.295301,3798996,45392.0
1777305621.0950744,3799496,45396.0
1777305658.8786223,3800035,45400.0
1777305684.730633,3800398,45404.0
1777305712.1388302,3800782,45408.0
1777305741.7826147,3801199,45412.0
1777305774.5658438,3801670,45416.0
1777305807.0898342,3802127,45420.0
1777305848.9897053,3802736,45424.0
1777305898.1176789,3803427,45428.0
1777305912.7253385,3803632,45432.0
1777305945.6333616,3804101,45436.0
1777305967.7093334,3804405,45440.0
1777306004.1767418,3804923,45444.0
1777306042.2248085,3805464,45448.0
1777306090.1086085,3806152,45452.0
1777306112.9206595,3806468,45456.0
1777306139.7842634,3806839,45460.0
1777306167.727776,3807238,45464.0
1777306200.6958451,3807700,45468.0
1777306228.6517417,3808092,45472.0
1777306274.5196137,3808747,45476.0
1777306298.6197577,3809082,45480.0
1777306331.0476327,3809542,45484.0
1777306365.946868,3810038,45488.0
1777306403.5309594,3810563,45492.0
1777306436.3227568,3811033,45496.0
1777306471.1067574,3811527,45500.0
1777306506.1385727,3812032,45504.0
1777306544.622447,3812574,45508.0
1777306576.7819822,3813031,45512.0
1777306616.697951,3813601,45516.0
1777306642.9338078,3813968,45520.0
1777306677.765844,3814464,45524.0
1777306696.1497352,3814724,45528.0
1777306718.7096498,3815035,45532.0
1777306760.2614033,3815628,45536.0
1777306799.6772413,3816188,45540.0
1777306832.9768775,3816665,45544.0
1777306849.4857702,3816898,45548.0
1777306877.5129092,3817296,45552.0
1777306909.6607594,3817747,45556.0
1777306950.344658,3818321,45560.0
1777306980.6726327,3818751,45564.0
1777307003.196379,3819064,45568.0
1777307037.579787,3819548,45572.0
1777307046.4719253,3819668,45576.0
1777307104.1559038,3820498,45580.0
1777307139.7394028,3821006,45584.0
1777307157.9476838,3821253,45588.0
1777307200.9834251,3821871,45592.0
1777307219.222927,3822118,45596.0
1777307250.79137,3822564,45600.0
1777307288.0310504,3823100,45604.0
1777307319.4507148,3823543,45608.0
1777307348.8427732,3823964,45612.0
1777307373.5265856,3824304,45616.0
1777307403.7184412,3824732,45620.0
1777307435.2342813,3825178,45624.0
1777307454.8945553,3825447,45628.0
1777307474.7344143,3825729,45632.0
1777307493.1097596,3825973,45636.0
1777307521.4537919,3826372,45640.0
1777307554.1853979,3826841,45644.0
1777307584.9095542,3827269,45648.0
1777307619.2774167,3827759,45652.0
1777307643.3849056,3828092,45656.0
1777307674.8693273,3828538,45660.0
1777307697.1971657,3828849,45664.0
1777307729.6728299,3829311,45668.0
1777307766.8046665,3829841,45672.0
1777307786.6967134,3830117,45676.0
1777307826.5484278,3830682,45680.0
1777307856.0479553,3831102,45684.0
1777307913.6999629,3831932,45688.0
1777307942.0996976,3832327,45692.0
1777307970.4076934,3832727,45696.0
1777307996.1994855,3833090,45700.0
1777308030.2995665,3833577,45704.0
1777308057.3228745,3833958,45708.0
1777308094.9429057,3834497,45712.0
1777308133.1109655,3835046,45716.0
1777308161.142708,3835438,45720.0
1777308199.978871,3835999,45724.0
1777308233.2025201,3836459,45728.0
1777308272.4097993,3837014,45732.0
1777308305.4379714,3837486,45736.0
1777308329.5298243,3837821,45740.0
1777308354.7377396,3838176,45744.0
1777308376.9613843,3838493,45748.0
1777308414.6296768,3839019,45752.0
1777308450.2134337,3839530,45756.0
1777308486.1296558,3840042,45760.0
1777308524.0490332,3840587,45764.0
1777308559.2885811,3841088,45768.0
1777308584.3567452,3841438,45772.0
1777308625.0884757,3842014,45776.0
1777308661.0159044,3842528,45780.0
1777308708.9079626,3843224,45784.0
1777308738.099888,3843640,45788.0
1777308774.0599604,3844149,45792.0
1777308804.6357105,3844576,45796.0
1777308822.915693,3844832,45800.0
1777308862.183507,3845395,45804.0
1777308910.1750052,3846076,45808.0
1777308943.8868454,3846552,45812.0
1777308991.863026,3847238,45816.0
1777309023.9707487,3847692,45820.0
1777309047.770693,3848024,45824.0
1777309089.0783079,3848617,45828.0
1777309108.730408,3848886,45832.0
1777309132.4218464,3849220,45836.0
1777309168.0901425,3849719,45840.0
1777309212.8218815,3850360,45844.0
1777309242.965699,3850783,45848.0
1777309285.9656646,3851397,45852.0
1777309336.4253426,3852122,45856.0
1777309366.216929,3852544,45860.0
1777309402.46486,3853062,45864.0
1777309429.6409037,3853443,45868.0
1777309462.840591,3853916,45872.0
1777309479.5002928,3854144,45876.0
1777309505.9086366,3854516,45880.0
1777309541.52393,3855024,45884.0
1777309572.999952,3855468,45888.0
1777309590.1196644,3855697,45892.0
1777309629.5121684,3856267,45896.0
1777309673.5117228,3856896,45900.0
1777309703.2114575,3857318,45904.0
1777309742.3269522,3857864,45908.0
1777309766.4190893,3858200,45912.0
1777309816.4869106,3858923,45916.0
1777309841.5869641,3859272,45920.0
1777309887.954342,3859931,45924.0
1777309930.7382944,3860547,45928.0
1777309961.4222405,3860986,45932.0
1777309986.229929,3861330,45936.0
1777310027.0976343,3861920,45940.0
1777310060.574005,3862395,45944.0
1777310088.657697,3862790,45948.0
1777310119.5497549,3863225,45952.0
1777310159.4329078,3863794,45956.0
1777310194.0010374,3864286,45960.0
1777310235.1330109,3864879,45964.0
1777310264.600944,3865293,45968.0
1777310304.8367345,3865878,45972.0
1777310363.2843878,3866722,45976.0
1777310383.5122817,3866991,45980.0
1777310417.611975,3867479,45984.0
1777310465.6955802,3868165,45988.0
1777310505.6117597,3868738,45992.0
1777310532.71162,3869121,45996.0
1777310558.3553383,3869484,46000.0
1777310600.686916,3870089,46004.0
1777310653.8627527,3870852,46008.0
1777310689.8147333,3871364,46012.0
1777310730.6669598,3871934,46016.0
1777310764.7065308,3872419,46020.0
1777310806.0737777,3873012,46024.0
1777310838.5578358,3873467,46028.0
1777310870.8735816,3873930,46032.0
1777310909.6939092,3874478,46036.0
1777310927.925701,3874738,46040.0
1777310956.6416004,3875148,46044.0
1777311001.2614663,3875778,46048.0
1777311034.2447348,3876244,46052.0
1777311065.11727,3876675,46056.0
1777311094.1687121,3877083,46060.0
1777311140.3846996,3877753,46064.0
1777311179.752561,3878307,46068.0
1777311202.0283926,3878628,46072.0
1777311228.1203303,3878993,46076.0
1777311249.76379,3879296,46080.0
1777311299.5398722,3880002,46084.0
1777311334.9314437,3880510,46088.0
1777311359.4635794,3880854,46092.0
1777311385.6073034,3881231,46096.0
1777311415.679523,3881657,46100.0
1777311446.082851,3882088,46104.0
1777311493.730786,3882760,46108.0
1777311540.4746475,3883424,46112.0
1777311565.8826494,3883785,46116.0
1777311590.826147,3884131,46120.0
1777311619.6739788,3884536,46124.0
1777311686.4019082,3885496,46128.0
1777311721.669527,3885990,46132.0
1777311759.077844,3886525,46136.0
1777311786.0256708,3886903,46140.0
1777311821.6854923,3887411,46144.0
1777311858.5689008,3887944,46148.0
1777311907.9449232,3888642,46152.0
1777311931.2688224,3888969,46156.0
1777311962.5447705,3889409,46160.0
1777311995.3125272,3889878,46164.0
1777312045.6718595,3890605,46168.0
1777312088.272057,3891208,46172.0
1777312110.8318093,3891521,46176.0
1777312139.8717391,3891936,46180.0
1777312183.823862,3892566,46184.0
1777312228.2148845,3893204,46188.0
1777312280.4828947,3893946,46192.0
1777312301.806885,3894241,46196.0
1777312314.9988432,3894424,46200.0
1777312351.9347358,3894942,46204.0
1777312385.3424141,3895419,46208.0
1777312418.0260103,3895877,46212.0
1777312454.5100892,3896394,46216.0
1777312482.0859327,3896773,46220.0
1777312531.79363,3897486,46224.0
1777312579.593723,3898174,46228.0
1777312618.0770383,3898726,46232.0
1777312652.8288927,3899209,46236.0
1777312687.8809578,3899708,46240.0
1777312721.2047539,3900185,46244.0
1777312745.0286024,3900515,46248.0
1777312791.9285102,3901186,46252.0
1777312823.3322825,3901629,46256.0
1777312863.0638406,3902195,46260.0
1777312898.8641303,3902703,46264.0
1777312938.7838104,3903279,46268.0
1777312952.5838373,3903457,46272.0
1777312983.5677137,3903897,46276.0
1777313011.7156374,3904291,46280.0
1777313048.1596484,3904818,46284.0
1777313076.3149023,3905209,46288.0
1777313115.698854,3905774,46292.0
1777313141.9828897,3906137,46296.0
1777313165.426725,3906465,46300.0
1777313185.1866148,3906749,46304.0
1777313222.3865645,3907276,46308.0
1777313259.1185188,3907800,46312.0
1777313290.8264227,3908249,46316.0
1777313316.5703952,3908613,46320.0
1777313358.1697705,3909210,46324.0
1777313390.7859855,3909671,46328.0
1777313437.4537227,3910332,46332.0
1777313464.605605,3910711,46336.0
1777313494.5054283,3911135,46340.0
1777313524.5493925,3911565,46344.0
1777313566.1646233,3912162,46348.0
1777313595.5244756,3912572,46352.0
1777313638.1727197,3913191,46356.0
1777313661.2644997,3913507,46360.0
1777313703.3003476,3914108,46364.0
1777313735.8918512,3914568,46368.0
1777313760.4240816,3914921,46372.0
1777313799.3076766,3915462,46376.0
1777313814.1157737,3915668,46380.0
1777313849.6997383,3916181,46384.0
1777313887.3030787,3916700,46388.0
1777313905.1354961,3916950,46392.0
1777313928.250935,3917270,46396.0
1777313972.3193507,3917906,46400.0
1777314017.370766,3918545,46404.0
1777314057.0026755,3919112,46408.0
1777314086.3626728,3919526,46412.0
1777314105.7386136,3919794,46416.0
1777314140.2063575,3920285,46420.0
1777314165.5302155,3920642,46424.0
1777314199.4977922,3921121,46428.0
1777314216.0537498,3921347,46432.0
1777314245.2056177,3921764,46436.0
1777314271.5657575,3922141,46440.0
1777314294.9056923,3922466,46444.0
1777314342.0254605,3923126,46448.0
1777314367.2489934,3923481,46452.0
1777314394.9010255,3923870,46456.0
1777314415.9569871,3924172,46460.0
1777314458.3089912,3924770,46464.0
1777314484.6327107,3925147,46468.0
1777314518.2326717,3925620,46472.0
1777314546.06856,3926013,46476.0
1777314587.175727,3926596,46480.0
1777314603.8999906,3926835,46484.0
1777314647.8358386,3927451,46488.0
1777314676.4035068,3927849,46492.0
1777314706.479713,3928275,46496.0
1777314732.2514803,3928635,46500.0
1777314755.578922,3928973,46504.0
1777314784.2469509,3929376,46508.0
1777314823.010884,3929922,46512.0
1777314844.0709252,3930217,46516.0
1777314864.046584,3930490,46520.0
1777314900.0306652,3931005,46524.0
1777314942.1306999,3931600,46528.0
1777314969.538423,3931987,46532.0
1777314995.2825541,3932354,46536.0
1777315048.2584927,3933106,46540.0
1777315075.633876,3933493,46544.0
1777315111.2817073,3933998,46548.0
1777315145.3814957,3934482,46552.0
1777315170.8256702,3934832,46556.0
1777315203.1939776,3935294,46560.0
1777315241.2415915,3935833,46564.0
1777315266.3016624,3936197,46568.0
1777315295.5768785,3936609,46572.0
1777315334.5768647,3937156,46576.0
1777315389.2048929,3937941,46580.0
1777315428.7527056,3938505,46584.0
1777315467.0046582,3939054,46588.0
1777315490.696598,3939387,46592.0
1777315546.5038457,3940182,46596.0
1777315603.8399231,3941003,46600.0
1777315637.855693,3941486,46604.0
1777315667.8397024,3941913,46608.0
1777315699.9995422,3942373,46612.0
1777315718.1235378,3942620,46616.0
1777315751.1749094,3943085,46620.0
1777315783.5828314,3943542,46624.0
1777315817.450939,3944028,46628.0
1777315833.6428,3944252,46632.0
1777315862.8186376,3944670,46636.0
1777315890.3665583,3945052,46640.0
1777315912.7586827,3945363,46644.0
1777315950.7106516,3945905,46648.0
1777315967.2783678,3946122,46652.0
1777316006.3938603,3946685,46656.0
1777316040.5944204,3947170,46660.0
1777316080.429843,3947735,46664.0
1777316109.5455925,3948126,46668.0
1777316137.005692,3948517,46672.0
1777316175.8215895,3949063,46676.0
1777316216.5375535,3949643,46680.0
1777316253.1131797,3950168,46684.0
1777316278.380929,3950520,46688.0
1777316312.440714,3951004,46692.0
1777316358.6647403,3951664,46696.0
1777316391.0725439,3952128,46700.0
1777316437.1324382,3952794,46704.0
1777316479.467718,3953393,46708.0
1777316497.3239405,3953647,46712.0
1777316525.3837352,3954043,46716.0
1777316552.675728,3954429,46720.0
1777316587.1597266,3954921,46724.0
1777316614.1834824,3955297,46728.0
1777316641.519425,3955681,46732.0
1777316659.894823,3955934,46736.0
1777316680.5870748,3956221,46740.0
1777316725.103002,3956862,46744.0
1777316755.594688,3957293,46748.0
1777316790.278722,3957784,46752.0
1777316824.278235,3958263,46756.0
1777316846.3867087,3958564,46760.0
1777316882.3539312,3959077,46764.0
1777316922.5898106,3959648,46768.0
1777316944.0822685,3959950,46772.0
1777316984.3816981,3960524,46776.0
1777317015.7216988,3960964,46780.0
1777317048.2056122,3961427,46784.0
1777317094.4887943,3962089,46788.0
1777317140.5727642,3962745,46792.0
1777317173.392874,3963208,46796.0
1777317212.5767343,3963763,46800.0
1777317257.2764554,3964403,46804.0
1777317288.9761872,3964850,46808.0
1777317328.2601118,3965412,46812.0
1777317362.351781,3965895,46816.0
1777317417.3275113,3966681,46820.0
1777317454.459444,3967216,46824.0
1777317476.886981,3967521,46828.0
1777317509.3348193,3967982,46832.0
1777317528.7790375,3968250,46836.0
1777317553.4871633,3968594,46840.0
1777317587.0029073,3969076,46844.0
1777317613.4789627,3969446,46848.0
1777317647.654503,3969929,46852.0
1777317675.2224498,3970318,46856.0
1777317714.0904806,3970871,46860.0
1777317753.990131,3971444,46864.0
1777317790.941955,3971964,46868.0
1777317811.557804,3972255,46872.0
1777317849.4577184,3972794,46876.0
1777317870.4974265,3973084,46880.0
1777317889.1094375,3973338,46884.0
1777317918.9089906,3973760,46888.0
1777317948.000874,3974170,46892.0
1777317989.5690882,3974770,46896.0
1777318028.216646,3975320,46900.0
1777318082.67662,3976103,46904.0
1777318128.243846,3976752,46908.0
1777318171.7598202,3977377,46912.0
1777318192.9359322,3977670,46916.0
1777318221.0877368,3978063,46920.0
1777318249.4637055,3978466,46924.0
1777318290.5275986,3979051,46928.0
1777318333.0709047,3979651,46932.0
1777318358.339108,3980012,46936.0
1777318385.522837,3980396,46940.0
1777318420.2072697,3980892,46944.0
1777318455.6987333,3981399,46948.0
1777318490.5665617,3981893,46952.0
1777318542.9905128,3982640,46956.0
1777318572.782567,3983062,46960.0
1777318591.4417253,3983326,46964.0
1777318625.657631,3983816,46968.0
1777318668.7576766,3984430,46972.0
1777318701.3856862,3984895,46976.0
1777318722.117671,3985184,46980.0
1777318758.1693394,3985698,46984.0
1777318791.8607948,3986175,46988.0
1777318816.7531497,3986524,46992.0
1777318845.6373842,3986935,46996.0
1777318873.2924154,3987324,47000.0
1777318922.6967127,3988039,47004.0
1777318951.5124393,3988445,47008.0
1777318980.987843,3988863,47012.0
1777319005.21209,3989198,47016.0
1777319040.6634986,3989710,47020.0
1777319065.811661,3990057,47024.0
1777319089.4716282,3990386,47028.0
1777319111.5637627,3990698,47032.0
1777319134.4074295,3991020,47036.0
1777319166.1627963,3991473,47040.0
1777319196.3467438,3991903,47044.0
1777319238.2466555,3992496,47048.0
1777319263.4220645,3992845,47052.0
1777319299.1219053,3993359,47056.0
1777319346.2579648,3994033,47060.0
1777319364.2820535,3994283,47064.0
1777319401.1657429,3994805,47068.0
1777319432.3177106,3995250,47072.0
1777319466.5772438,3995731,47076.0
1777319495.3252873,3996136,47080.0
1777319526.4009852,3996576,47084.0
1777319562.4686532,3997089,47088.0
1777319602.0205593,3997645,47092.0
1777319629.2285128,3998031,47096.0
1777319649.7364645,3998319,47100.0
1777319679.1518965,3998739,47104.0
1777319721.788052,3999342,47108.0
1777319751.743787,3999763,47112.0
1777319800.903613,4000414,47116.0
1777319820.7956,4000688,47120.0
1777319855.0315566,4001175,47124.0
1777319882.1076307,4001557,47128.0
1777319915.3629098,4002030,47132.0
1777319945.6465719,4002461,47136.0
1777319989.3827052,4003073,47140.0
1777320014.1067445,4003432,47144.0
1777320043.6906922,4003854,47148.0
1777320087.9059923,4004477,47152.0
1777320108.3344522,4004757,47156.0
1777320127.7418134,4005026,47160.0
1777320156.3500497,4005431,47164.0
1777320184.5497158,4005824,47168.0
1777320230.501483,4006477,47172.0
1777320256.1409452,4006842,47176.0
1777320297.8769317,4007437,47180.0
1777320339.208825,4008029,47184.0
1777320367.2286966,4008419,47188.0
1777320393.3686867,4008788,47192.0
1777320429.7365732,4009312,47196.0
1777320458.78043,4009714,47200.0
1777320508.9879158,4010432,47204.0
1777320554.8043373,4011091,47208.0
1777320583.5954564,4011491,47212.0
1777320613.2797203,4011914,47216.0
1777320656.4794884,4012519,47220.0
1777320689.098854,4012986,47224.0
1777320733.4313517,4013624,47228.0
1777320760.4748843,4014008,47232.0
1777320791.4425652,4014444,47236.0
1777320825.1146674,4014922,47240.0
1777320853.6665337,4015329,47244.0
1777320878.3743093,4015674,47248.0
1777320930.233754,4016417,47252.0
1777320963.7777574,4016885,47256.0
1777321001.4256136,4017425,47260.0
1777321021.4697113,4017698,47264.0
1777321065.2694473,4018327,47268.0
1777321119.0768182,4019092,47272.0
1777321148.5850272,4019506,47276.0
1777321174.1526191,4019863,47280.0
1777321193.744991,4020135,47284.0
1777321215.3887444,4020441,47288.0
1777321244.0447083,4020851,47292.0
1777321284.4284744,4021426,47296.0
1777321307.3404386,4021751,47300.0
1777321332.480584,4022106,47304.0
1777321358.415845,4022461,47308.0
1777321403.9637969,4023108,47312.0
1777321432.031694,4023506,47316.0
1777321461.891655,4023935,47320.0
1777321504.5595453,4024546,47324.0
1777321545.7235143,4025136,47328.0
1777321574.8827834,4025552,47332.0
1777321616.5428448,4026142,47336.0
1777321652.218768,4026654,47340.0
1777321674.8746386,4026967,47344.0
1777321704.0785694,4027376,47348.0
1777321733.9347773,4027801,47352.0
1777321766.2340066,4028256,47356.0
1777321796.7699864,4028691,47360.0
1777321815.145869,4028950,47364.0
1777321837.861714,4029265,47368.0
1777321866.0456707,4029659,47372.0
1777321883.337455,4029892,47376.0
1777321915.1375146,4030347,47380.0
1777321948.9134364,4030823,47384.0
1777321976.796897,4031219,47388.0
1777321997.1807044,4031511,47392.0
1777322021.2887592,4031847,47396.0
1777322044.8212206,4032175,47400.0
1777322085.55673,4032759,47404.0
1777322124.5245779,4033314,47408.0
1777322162.0158892,4033844,47412.0
1777322181.7919452,4034127,47416.0
1777322210.3237782,4034524,47420.0
1777322232.61591,4034835,47424.0
1777322287.7074857,4035623,47428.0
1777322329.6434414,4036231,47432.0
1777322359.9194262,4036657,47436.0
1777322384.1268404,4036996,47440.0
1777322405.5188255,4037290,47444.0
1777322442.0870168,4037811,47448.0
1777322478.8186302,4038336,47452.0
1777322498.578707,4038605,47456.0
1777322533.446505,4039097,47460.0
1777322583.4619005,4039815,47464.0
1777322616.0622768,4040273,47468.0
1777322647.2539847,4040720,47472.0
1777322680.5697718,4041185,47476.0
1777322699.881842,4041448,47480.0
1777322729.1655898,4041867,47484.0
1777322779.412912,4042592,47488.0
1777322808.041249,4042991,47492.0
1777322852.1647499,4043618,47496.0
1777322871.2487595,4043884,47500.0
1777322906.0087857,4044376,47504.0
1777322937.1166208,4044815,47508.0
1777322968.8563192,4045268,47512.0
1777323017.0323153,4045961,47516.0
1777323033.3519573,4046179,47520.0
1777323053.875947,4046475,47524.0
1777323083.4078095,4046888,47528.0
1777323109.6838448,4047258,47532.0
1777323145.4835167,4047772,47536.0
1777323166.343445,4048064,47540.0
1777323214.9793744,4048757,47544.0
1777323245.4429905,4049188,47548.0
1777323262.5866826,4049426,47552.0
1777323288.2266457,4049788,47556.0
1777323317.662715,4050204,47560.0
1777323348.5545816,4050645,47564.0
1777323376.3145986,4051034,47568.0
1777323405.478456,4051448,47572.0
1777323440.7819943,4051951,47576.0
1777323466.4383256,4052307,47580.0
1777323492.1457832,4052669,47584.0
1777323515.9056454,4052996,47588.0
1777323560.249547,4053637,47592.0
1777323590.189461,4054061,47596.0
1777323614.3654335,4054400,47600.0
1777323637.4810731,4054722,47604.0
1777323670.4086432,4055187,47608.0
1777323710.2247944,4055755,47612.0
1777323741.468619,4056197,47616.0
1777323779.284493,4056733,47620.0
1777323794.8603623,4056945,47624.0
1777323837.443803,4057562,47628.0
1777323861.568323,4057895,47632.0
1777323886.1199572,4058238,47636.0
1777323922.0957735,4058750,47640.0
1777323969.351689,4059424,47644.0
1777324007.8034859,4059977,47648.0
1777324064.6388297,4060792,47652.0
1777324082.2308378,4061040,47656.0
1777324110.6947849,4061444,47660.0
1777324157.1147192,4062107,47664.0
1777324197.2987356,4062679,47668.0
1777324231.7304363,4063167,47672.0
1777324260.6903996,4063570,47676.0
1777324301.0056775,4064136,47680.0
1777324342.725705,4064740,47684.0
1777324375.3254664,4065201,47688.0
1777324400.2816446,4065554,47692.0
1777324422.4733915,4065860,47696.0
1777324435.1488183,4066030,47700.0
1777324447.7329001,4066199,47704.0
1777324481.1010232,4066671,47708.0
1777324517.7167473,4067194,47712.0
1777324543.260796,4067553,47716.0
1777324581.2605703,4068092,47720.0
1777324606.452449,4068448,47724.0
1777324637.3039162,4068876,47728.0
1777324665.6961067,4069274,47732.0
1777324681.6197681,4069501,47736.0
1777324711.4798505,4069923,47740.0
1777324741.411785,4070347,47744.0
1777324786.4276695,4070987,47748.0
1777324800.9715989,4071190,47752.0
1777324833.4471335,4071650,47756.0
1777324863.146943,4072072,47760.0
1777324907.3627691,4072695,47764.0
1777324930.87073,4073022,47768.0
1777324966.7067847,4073529,47772.0
1777325002.9745567,4074050,47776.0
1777325034.0305784,4074481,47780.0
1777325057.4667263,4074811,47784.0
1777325087.1905224,4075228,47788.0
1777325115.7187603,4075628,47792.0
1777325155.7828016,4076198,47796.0
1777325182.9348054,4076579,47800.0
1777325219.2507248,4077099,47804.0
1777325247.7426546,4077495,47808.0
1777325273.5346851,4077862,47812.0
1777325297.310511,4078191,47816.0
1777325312.8705528,4078409,47820.0
1777325351.102638,4078944,47824.0
1777325379.730591,4079347,47828.0
1777325414.8786576,4079843,47832.0
1777325445.4305253,4080272,47836.0
1777325466.938458,4080574,47840.0
1777325499.6903968,4081037,47844.0
1777325519.49055,4081317,47848.0
1777325554.206458,4081808,47852.0
1777325598.5904071,4082445,47856.0
1777325614.2659314,4082658,47860.0
1777325646.9824662,4083118,47864.0
1777325671.3742523,4083463,47868.0
1777325710.6582503,4084016,47872.0
1777325722.994238,4084185,47876.0
1777325743.8499393,4084475,47880.0
1777325778.0696566,4084966,47884.0
1777325811.601712,4085442,47888.0
1777325844.093741,4085905,47892.0
1777325876.1774063,4086361,47896.0
1777325899.521749,4086688,47900.0
1777325924.213747,4087033,47904.0
1777325966.1292634,4087632,47908.0
1777325998.5810304,4088088,47912.0
1777326065.0407696,4089043,47916.0
1777326087.3649383,4089351,47920.0
1777326115.7650962,4089754,47924.0
1777326152.0808203,4090268,47928.0
1777326174.1246817,4090574,47932.0
1777326212.708441,4091119,47936.0
1777326227.6566875,4091319,47940.0
1777326251.7083344,4091655,47944.0
1777326277.4524763,4092014,47948.0
1777326304.4442353,4092402,47952.0
1777326335.527908,4092835,47956.0
1777326360.483767,4093184,47960.0
1777326391.0597932,4093616,47964.0
1777326422.0436332,4094057,47968.0
1777326454.895891,4094521,47972.0
1777326488.3875637,4094988,47976.0
1777326519.503671,4095429,47980.0
1777326548.111346,4095838,47984.0
1777326570.9193518,4096162,47988.0
1777326612.238951,4096746,47992.0
1777326636.639224,4097098,47996.0
1777326668.6232016,4097543,48000.0
1777326710.61477,4098142,48004.0
1777326742.6826425,4098598,48008.0
1777326779.6667144,4099120,48012.0
1777326801.6427035,4099424,48016.0
1777326822.6981883,4099718,48020.0
1777326849.7664,4100099,48024.0
1777326896.0099847,4100769,48028.0
1777326945.4177449,4101468,48032.0
1777326980.0699952,4101957,48036.0
1777327013.8936794,4102441,48040.0
1777327061.1175375,4103111,48044.0
1777327109.4534419,4103809,48048.0
1777327130.3614311,4104100,48052.0
1777327153.4050028,4104426,48056.0
1777327186.688848,4104899,48060.0
1777327222.744829,4105415,48064.0
1777327269.1048644,4106076,48068.0
1777327292.4288306,4106405,48072.0
1777327315.1889327,4106725,48076.0
1777327336.5327666,4107024,48080.0
1777327364.60487,4107416,48084.0
1777327397.9242845,4107886,48088.0
1777327433.9078481,4108399,48092.0
1777327474.875971,4108989,48096.0
1777327505.3159986,4109416,48100.0
1777327550.9436936,4110066,48104.0
1777327590.6276999,4110630,48108.0
1777327631.8437123,4111198,48112.0
1777327661.9835129,4111629,48116.0
1777327703.9513187,4112222,48120.0
1777327738.502931,4112716,48124.0
1777327767.9107692,4113124,48128.0
1777327806.710731,4113683,48132.0
1777327845.6947231,4114222,48136.0
1777327875.6626732,4114648,48140.0
1777327902.322141,4115030,48144.0
1777327927.378764,4115383,48148.0
1777327946.6384943,4115647,48152.0
1777327983.137854,4116170,48156.0
1777328004.4661121,4116464,48160.0
1777328042.249878,4117001,48164.0
1777328061.8736475,4117273,48168.0
1777328088.7817585,4117650,48172.0
1777328119.1497364,4118082,48176.0
1777328151.6017969,4118540,48180.0
1777328178.5735402,4118921,48184.0
1777328210.7853913,4119370,48188.0
1777328238.2689795,4119757,48192.0
1777328265.3932981,4120143,48196.0
1777328304.3610635,4120697,48200.0
1777328342.0767767,4121237,48204.0
1777328366.4687169,4121574,48208.0
1777328388.3927329,4121878,48212.0
1777328431.4446402,4122490,48216.0
1777328478.6204882,4123153,48220.0
1777328522.919924,4123794,48224.0
1777328550.5119255,4124182,48228.0
1777328583.3318477,4124648,48232.0
1777328602.724226,4124910,48236.0
1777328638.8714454,4125420,48240.0
1777328664.4316957,4125782,48244.0
1777328704.1995168,4126343,48248.0
1777328740.8909464,4126862,48252.0
1777328779.839033,4127408,48256.0
1777328804.9231207,4127765,48260.0
1777328845.9587686,4128340,48264.0
1777328880.5989425,4128830,48268.0
1777328926.242701,4129491,48272.0
1777328965.194458,4130038,48276.0
1777328980.758715,4130253,48280.0
1777329014.578268,4130734,48284.0
1777329047.0263143,4131195,48288.0
1777329070.8699417,4131524,48292.0
1777329098.293613,4131911,48296.0
1777329145.6456451,4132582,48300.0
1777329185.3289533,4133155,48304.0
1777329211.4129758,4133513,48308.0
1777329233.8726475,4133826,48312.0
1777329245.9884772,4133992,48316.0
1777329280.987705,4134481,48320.0
1777329307.6795542,4134857,48324.0
1777329339.3634567,4135302,48328.0
1777329362.3548915,4135627,48332.0
1777329405.0390725,4136241,48336.0
1777329440.7306855,4136747,48340.0
1777329460.6304727,4137030,48344.0
1777329490.0461774,4137448,48348.0
1777329530.1820593,4138015,48352.0
1777329574.1496656,4138645,48356.0
1777329607.2571902,4139114,48360.0
1777329625.9968712,4139372,48364.0
1777329665.1326628,4139929,48368.0
1777329709.6173878,4140575,48372.0
1777329747.2679315,4141096,48376.0
1777329784.183864,4141624,48380.0
1777329827.6358676,4142246,48384.0
1777329854.9195552,4142628,48388.0
1777329894.4673672,4143191,48392.0
1777329941.8189232,4143870,48396.0
1777329955.6953163,4144055,48400.0
1777329980.750933,4144410,48404.0
1777330005.1947358,4144753,48408.0
1777330034.7104564,4145170,48412.0
1777330051.7106478,4145397,48416.0
1777330083.0624702,4145843,48420.0
1777330108.853832,4146205,48424.0
1777330140.1859305,4146645,48428.0
1777330195.1457503,4147433,48432.0
1777330238.621478,4148059,48436.0
1777330275.3373523,4148584,48440.0
1777330302.320909,4148966,48444.0
1777330332.7647805,4149391,48448.0
1777330356.6567473,4149725,48452.0
1777330382.58895,4150086,48456.0
1777330412.98049,4150514,48460.0
1777330447.7838259,4151011,48464.0
1777330477.3920193,4151432,48468.0
1777330487.4678206,4151572,48472.0
1777330526.0998402,4152108,48476.0
1777330563.7157578,4152649,48480.0
1777330602.5913405,4153205,48484.0
1777330620.7989244,4153453,48488.0
1777330646.682733,4153817,48492.0
1777330697.9868152,4154561,48496.0
1777330728.3867688,4154985,48500.0
1777330762.0626934,4155467,48504.0
1777330784.654764,4155777,48508.0
1777330811.3698804,4156154,48512.0
1777330848.785774,4156684,48516.0
1777330864.0859332,4156890,48520.0
1777330899.2700732,4157394,48524.0
1777330923.0977044,4157719,48528.0
1777330955.6297119,4158184,48532.0
1777330988.6452658,4158647,48536.0
1777331010.5055654,4158951,48540.0
1777331047.5809488,4159485,48544.0
1777331079.2329438,4159940,48548.0
1777331103.6247342,4160273,48552.0
1777331128.7646093,4160627,48556.0
1777331172.5925868,4161252,48560.0
1777331198.884431,4161627,48564.0
1777331244.0161326,4162265,48568.0
1777331275.9319596,4162723,48572.0
1777331304.492011,4163122,48576.0
1777331328.0517313,4163464,48580.0
1777331374.4593716,4164124,48584.0
1777331407.4835923,4164592,48588.0
1777331422.8589852,4164805,48592.0
1777331453.2112901,4165223,48596.0
1777331482.8709683,4165641,48600.0
1777331512.142628,4166052,48604.0
1777331536.7108397,4166396,48608.0
1777331587.6106045,4167117,48612.0
1777331620.3945446,4167578,48616.0
1777331657.4460237,4168104,48620.0
1777331688.4897282,4168542,48624.0
1777331709.4817808,4168832,48628.0
1777331745.6977432,4169351,48632.0
1777331784.4134114,4169896,48636.0
1777331821.4813874,4170417,48640.0
1777331859.7968626,4170967,48644.0
1777331899.4650176,4171534,48648.0
1777331921.2569373,4171832,48652.0
1777331935.992718,4172030,48656.0
1777331971.756746,4172536,48660.0
1777331993.348338,4172848,48664.0
1777332029.3164213,4173353,48668.0
1777332054.2078712,4173712,48672.0
1777332078.2361042,4174049,48676.0
1777332109.0359452,4174477,48680.0
1777332139.2598324,4174909,48684.0
1777332168.7757215,4175318,48688.0
1777332200.05167,4175764,48692.0
1777332207.411474,4175856,48696.0
1777332230.3034613,4176174,48700.0
1777332275.4190395,4176817,48704.0
1777332304.1387656,4177216,48708.0
1777332337.594954,4177695,48712.0
1777332358.4869008,4177981,48716.0
1777332378.078876,4178255,48720.0
1777332412.514389,4178749,48724.0
1777332461.461922,4179447,48728.0
1777332511.7063541,4180166,48732.0
1777332568.3977265,4180980,48736.0
1777332600.7256827,4181434,48740.0
1777332622.5175645,4181744,48744.0
1777332657.001633,4182228,48748.0
1777332680.7568934,4182563,48752.0
1777332707.417134,4182936,48756.0
1777332745.632912,4183477,48760.0
1777332782.01665,4183992,48764.0
1777332802.0767534,4184269,48768.0
1777332821.6846237,4184534,48772.0
1777332833.808479,4184702,48776.0
1777332861.2362072,4185089,48780.0
1777332892.7838326,4185531,48784.0
1777332915.0957892,4185841,48788.0
1777332945.0360093,4186256,48792.0
1777332986.1359956,4186850,48796.0
1777333007.9278345,4187141,48800.0
1777333033.8956277,4187510,48804.0
1777333077.4470084,4188125,48808.0
1777333105.9867668,4188535,48812.0
1777333142.8549669,4189044,48816.0
1777333165.5626638,4189372,48820.0
1777333193.1709087,4189763,48824.0
1777333222.6746767,4190176,48828.0
1777333263.6907127,4190755,48832.0
1777333297.5227418,4191239,48836.0
1777333325.1145902,4191621,48840.0
1777333350.5903547,4191979,48844.0
1777333380.4258943,4192403,48848.0
1777333411.666146,4192839,48852.0
1777333451.5018435,4193413,48856.0
1777333465.0582397,4193598,48860.0
1777333502.8939967,4194134,48864.0
1777333534.5177758,4194572,48868.0
1777333561.3857758,4194951,48872.0
1777333583.2617261,4195266,48876.0
1777333609.001575,4195620,48880.0
1777333650.7053673,4196212,48884.0
1777333675.1615317,4196562,48888.0
1777333710.5608485,4197057,48892.0
1777333747.0806627,4197578,48896.0
1777333789.5968862,4198186,48900.0
1777333823.1488476,4198664,48904.0
1777333845.5047193,4198973,48908.0
1777333878.3647192,4199438,48912.0
1777333925.1922336,4200101,48916.0
1777333934.4247296,4200221,48920.0
1777333958.900402,4200565,48924.0
1777333987.084175,4200958,48928.0
1777334015.4238114,4201353,48932.0
1777334029.232041,4201549,48936.0
1777334057.4241295,4201939,48940.0
1777334075.2358434,4202184,48944.0
1777334104.4677353,4202593,48948.0
1777334138.7596185,4203078,48952.0
1777334177.0957115,4203627,48956.0
1777334204.2677102,4204005,48960.0
1777334253.5429611,4204709,48964.0
1777334286.626691,4205178,48968.0
1777334328.8786297,4205784,48972.0
1777334390.038702,4206666,48976.0
1777334418.4625692,4207069,48980.0
1777334439.6064148,4207366,48984.0
1777334471.9899554,4207820,48988.0
1777334505.4819736,4208297,48992.0
1777334538.2662144,4208759,48996.0
1777334570.8977747,4209227,49000.0
1777334594.7738004,4209555,49004.0
1777334636.32568,4210155,49008.0
1777334654.1816833,4210390,49012.0
1777334690.5254452,4210909,49016.0
1777334715.277338,4211255,49020.0
1777334733.333041,4211503,49024.0
1777334754.3928227,4211806,49028.0
1777334767.4606771,4211973,49032.0
1777334816.9847896,4212688,49036.0
1777334844.292688,4213065,49040.0
1777334900.3843627,4213872,49044.0
1777334927.996215,4214260,49048.0
1777334965.0123158,4214788,49052.0
1777334981.6358418,4215012,49056.0
1777335005.5278904,4215347,49060.0
1777335019.0880089,4215538,49064.0
1777335060.9037514,4216129,49068.0
1777335085.531687,4216482,49072.0
1777335120.1636753,4216967,49076.0
1777335148.3237603,4217371,49080.0
1777335193.6913996,4218014,49084.0
1777335228.2230303,4218508,49088.0
1777335267.423083,4219069,49092.0
1777335301.5747936,4219545,49096.0
1777335318.4909987,4219784,49100.0
1777335359.7349243,4220370,49104.0
1777335402.482913,4220981,49108.0
1777335443.750806,4221570,49112.0
1777335465.7107153,4221870,49116.0
1777335486.8867989,4222158,49120.0
1777335524.8547575,4222698,49124.0
1777335548.4464784,4223029,49128.0
1777335583.4307172,4223525,49132.0
1777335616.2547078,4223994,49136.0
1777335641.4466372,4224340,49140.0
1777335691.8545225,4225063,49144.0
1777335728.6546247,4225584,49148.0
1777335757.9459305,4226001,49152.0
1777335791.5298386,4226472,49156.0
1777335828.8661978,4227006,49160.0
1777335875.5822768,4227668,49164.0
1777335900.5578094,4228014,49168.0
1777335932.4420283,4228466,49172.0
1777335977.2097611,4229113,49176.0
1777336011.3938978,4229600,49180.0
1777336038.9017117,4229988,49184.0
1777336070.2536745,4230432,49188.0
1777336110.8011396,4230998,49192.0
1777336142.6694255,4231450,49196.0
1777336156.5528188,4231644,49200.0
1777336185.3609712,4232049,49204.0
1777336210.0813885,4232399,49208.0
1777336226.580938,4232633,49212.0
1777336263.7970889,4233156,49216.0
1777336287.2726264,4233491,49220.0
1777336321.9727604,4233974,49224.0
1777336351.3727422,4234385,49228.0
1777336383.6805682,4234836,49232.0
1777336401.0884597,4235079,49236.0
1777336448.792543,4235749,49240.0
1777336484.8240585,4236266,49244.0
1777336524.991853,4236840,49248.0
1777336574.9158964,4237543,49252.0
1777336601.127613,4237909,49256.0
1777336639.6597164,4238461,49260.0
1777336683.575695,4239088,49264.0
1777336722.12744,4239636,49268.0
1777336744.45099,4239952,49272.0
1777336779.9350832,4240451,49276.0
1777336816.902689,4240977,49280.0
1777336853.3789442,4241496,49284.0
1777336886.346814,4241969,49288.0
1777336909.8383691,4242292,49292.0
1777336945.6704772,4242809,49296.0
1777336963.6986473,4243053,49300.0
1777337001.930632,4243602,49304.0
1777337046.798235,4244239,49308.0
1777337077.8739898,4244676,49312.0
1777337104.7057347,4245056,49316.0
1777337139.8898215,4245552,49320.0
1777337157.8896604,4245810,49324.0
1777337204.8856928,4246477,49328.0
1777337229.4776018,4246823,49332.0
1777337254.0336983,4247168,49336.0
1777337286.232812,4247622,49340.0
1777337317.4610796,4248063,49344.0
1777337334.4006884,4248304,49348.0
1777337357.7766764,4248632,49352.0
1777337381.3444088,4248957,49356.0
1777337402.5284803,4249263,49360.0
1777337462.1518238,4250117,49364.0
1777337500.7515604,4250660,49368.0
1777337539.1030962,4251207,49372.0
1777337556.9269156,4251458,49376.0
1777337590.994602,4251930,49380.0
1777337613.338692,4252251,49384.0
1777337637.4624295,4252582,49388.0
1777337667.0619547,4253002,49392.0
1777337695.0900447,4253397,49396.0
1777337730.3897588,4253899,49400.0
1777337755.0657272,4254249,49404.0
1777337777.5054295,4254559,49408.0
1777337817.9408216,4255142,49412.0
1777337848.9249268,4255574,49416.0
1777337886.7167172,4256115,49420.0
1777337911.7487876,4256461,49424.0
1777337940.3405147,4256861,49428.0
1777337974.3160853,4257340,49432.0
1777338020.840028,4257990,49436.0
1777338043.6920874,4258308,49440.0
1777338059.1915984,4258528,49444.0
1777338085.0996277,4258893,49448.0
1777338123.8993251,4259454,49452.0
1777338149.0429683,4259807,49456.0
1777338177.4588988,4260211,49460.0
1777338219.6591504,4260822,49464.0
1777338260.826704,4261412,49468.0
1777338287.2105913,4261788,49472.0
1777338329.0384746,4262396,49476.0
1777338352.9461336,4262729,49480.0
1777338378.8777936,4263100,49484.0
1777338408.369764,4263524,49488.0
1777338436.3216488,4263921,49492.0
1777338472.6294036,4264448,49496.0
1777338506.7815647,4264940,49500.0
1777338527.489183,4265231,49504.0
1777338550.3489418,4265559,49508.0
1777338569.35739,4265827,49512.0
1777338590.0131896,4266117,49516.0
1777338625.8327987,4266631,49520.0
1777338657.8167298,4267091,49524.0
1777338683.8725893,4267464,49528.0
1777338747.6005132,4268397,49532.0
1777338785.0319147,4268942,49536.0
1777338814.323933,4269361,49540.0
1777338845.491637,4269806,49544.0
1777338875.7195573,4270240,49548.0
1777338921.0954602,4270895,49552.0
1777338948.7512631,4271288,49556.0
1777338968.7590535,4271571,49560.0
1777339003.4106557,4272073,49564.0
1777339032.5187578,4272489,49568.0
1777339069.9027102,4273020,49572.0
1777339095.6307995,4273394,49576.0
1777339127.4944746,4273849,49580.0
1777339160.7863588,4274326,49584.0
1777339193.9378479,4274798,49588.0
1777339234.8217864,4275391,49592.0
1777339280.121676,4276046,49596.0
1777339310.2217038,4276477,49600.0
1777339336.2334661,4276855,49604.0
1777339391.3889372,4277658,49608.0
1777339438.824894,4278341,49612.0
1777339457.1009092,4278599,49616.0
1777339481.040646,4278939,49620.0
1777339517.6766617,4279470,49624.0
1777339552.4085584,4279964,49628.0
1777339590.6765265,4280516,49632.0
1777339625.435738,4281016,49636.0
1777339650.635847,4281376,49640.0
1777339689.2436345,4281938,49644.0
1777339728.2437012,4282497,49648.0
1777339751.5636585,4282827,49652.0
1777339779.7550821,4283234,49656.0
1777339803.2949748,4283563,49660.0
1777339831.4869351,4283967,49664.0
1777339874.0629508,4284583,49668.0
1777339896.6547627,4284904,49672.0
1777339921.39872,4285258,49676.0
1777339956.446521,4285764,49680.0
1777339984.073996,4286160,49684.0
1777340006.6466067,4286479,49688.0
1777340028.158115,4286790,49692.0
1777340056.3579745,4287191,49696.0
1777340068.5501351,4287356,49700.0
1777340095.389543,4287739,49704.0
1777340125.8173933,4288178,49708.0
1777340155.7177038,4288606,49712.0
1777340180.957612,4288972,49716.0
1777340211.9851737,4289421,49720.0
1777340239.4689066,4289815,49724.0
1777340268.6409671,4290232,49728.0
1777340287.4849737,4290493,49732.0
1777340331.8007681,4291133,49736.0
1777340359.552845,4291525,49740.0
1777340380.2606502,4291818,49744.0
1777340410.9045358,4292255,49748.0
1777340457.395814,4292921,49752.0
1777340509.0280552,4293673,49756.0
1777340526.0200315,4293905,49760.0
1777340543.2116902,4294151,49764.0
1777340582.4115493,4294713,49768.0
1777340621.2796,4295274,49772.0
1777340642.3237104,4295567,49776.0
1777340668.947263,4295947,49780.0
1777340707.8830059,4296513,49784.0
1777340742.274749,4297010,49788.0
1777340791.550494,4297724,49792.0
1777340826.1985888,4298228,49796.0
1777340844.3064427,4298485,49800.0
1777340900.190106,4299294,49804.0
1777340928.2939334,4299693,49808.0
1777340957.2344563,4300107,49812.0
1777340976.741707,4300374,49816.0
1777341007.261754,4300808,49820.0
1777341037.2697606,4301242,49824.0
1777341070.7532141,4301724,49828.0
1777341112.5015817,4302326,49832.0
1777341131.9935408,4302596,49836.0
1777341153.7528808,4302901,49840.0
1777341212.8967931,4303760,49844.0
1777341239.7726734,4304145,49848.0
1777341294.496557,4304945,49852.0
1777341326.656039,4305405,49856.0
1777341365.4320357,4305958,49860.0
1777341385.6638756,4306249,49864.0
1777341409.0557003,4306579,49868.0
1777341451.9154193,4307195,49872.0
1777341477.955891,4307573,49876.0
1777341515.107387,4308105,49880.0
1777341558.3429868,4308735,49884.0
1777341595.290942,4309264,49888.0
1777341628.6827886,4309747,49892.0
1777341665.3188477,4310268,49896.0
1777341696.534615,4310715,49900.0
1777341735.3858848,4311280,49904.0
1777341768.7939782,4311761,49908.0
1777341781.5339668,4311925,49912.0
1777341814.3699503,4312396,49916.0
1777341846.7937298,4312859,49920.0
1777341880.329712,4313345,49924.0
1777341912.7696233,4313809,49928.0
1777341955.1693668,4314422,49932.0
1777341976.612815,4314720,49936.0
1777341998.880936,4315030,49940.0
1777342031.08881,4315493,49944.0
1777342055.08071,4315837,49948.0
1777342088.9327095,4316327,49952.0
1777342120.5166252,4316775,49956.0
1777342141.1406043,4317062,49960.0
1777342168.5319324,4317461,49964.0
1777342200.1640062,4317914,49968.0
1777342231.675722,4318361,49972.0
1777342271.5239768,4318939,49976.0
1777342301.543692,4319366,49980.0
1777342332.9675908,4319817,49984.0
1777342379.598991,4320491,49988.0
1777342408.7829912,4320908,49992.0
1777342435.9949684,4321299,49996.0
1777342465.0429964,4321710,50000.0
1777342489.6509204,4322061,50004.0
1777342528.5347247,4322621,50008.0
1777342568.6865695,4323200,50012.0
1777342586.2106378,4323447,50016.0
1777342618.338078,4323909,50020.0
1777342660.8223505,4324521,50024.0
1777342691.9537864,4324967,50028.0
1777342738.2896955,4325639,50032.0
1777342763.1973138,4325992,50036.0
1777342799.729421,4326519,50040.0
1777342843.9968665,4327155,50044.0
1777342881.464661,4327697,50048.0
1777342911.8810306,4328125,50052.0
1777342944.7725947,4328598,50056.0
1777342977.8247623,4329070,50060.0
1777343007.416586,4329494,50064.0
1777343040.8684886,4329980,50068.0
1777343077.335976,4330499,50072.0
1777343106.6077104,4330918,50076.0
1777343134.212273,4331317,50080.0
1777343156.836151,4331642,50084.0
1777343201.9355445,4332296,50088.0
1777343244.6036935,4332918,50092.0
1777343274.7708457,4333347,50096.0
1777343287.3549743,4333516,50100.0
1777343324.3870077,4334053,50104.0
1777343362.8709605,4334611,50108.0
1777343412.2228227,4335320,50112.0
1777343444.9384897,4335788,50116.0
1777343468.7984087,4336125,50120.0
1777343505.3977933,4336654,50124.0
1777343544.3661313,4337215,50128.0
1777343579.1139314,4337717,50132.0
1777343601.64147,4338038,50136.0
1777343633.6656635,4338492,50140.0
1777343662.6017177,4338906,50144.0
1777343690.0090094,4339292,50148.0
1777343706.7573617,4339524,50152.0
1777343741.269128,4340017,50156.0
1777343762.6929986,4340323,50160.0
1777343789.485116,4340705,50164.0
1777343827.8687482,4341254,50168.0
1777343863.3686786,4341770,50172.0
1777343897.7767193,4342260,50176.0
1777343920.6605995,4342582,50180.0
1777343951.2881544,4343022,50184.0
1777343984.6363485,4343500,50188.0
1777344010.2439845,4343864,50192.0
1777344047.1636958,4344399,50196.0
1777344067.8197594,4344686,50200.0
1777344097.7795486,4345118,50204.0
1777344137.4635217,4345689,50208.0
1777344167.0635762,4346111,50212.0
1777344189.0389566,4346422,50216.0
1777344222.262652,4346898,50220.0
1777344248.414696,4347272,50224.0
1777344274.590738,4347648,50228.0
1777344320.5746942,4348310,50232.0
1777344365.5503025,4348965,50236.0
1777344409.6661549,4349602,50240.0
1777344432.3261123,4349926,50244.0
1777344472.909803,4350515,50248.0
1777344500.5177422,4350911,50252.0
1777344531.6702023,4351353,50256.0
1777344560.9778361,4351774,50260.0
1777344599.8616464,4352337,50264.0
1777344634.6449206,4352838,50268.0
1777344673.5450573,4353395,50272.0
1777344713.9607172,4353981,50276.0
1777344736.4208457,4354297,50280.0
1777344773.2369103,4354831,50284.0
1777344811.572477,4355379,50288.0
1777344841.8324678,4355811,50292.0
1777344872.6322188,4356248,50296.0
1777344888.4159906,4356465,50300.0
1777344929.2477393,4357059,50304.0
1777344954.6478186,4357419,50308.0
1777344985.0075948,4357855,50312.0
1777344999.6996486,4358052,50316.0
1777345037.7315161,4358599,50320.0
1777345061.9074345,4358943,50324.0
1777345093.6432269,4359397,50328.0
1777345132.7669287,4359965,50332.0
1777345164.6190348,4360422,50336.0
1777345186.1265905,4360724,50340.0
1777345210.0345738,4361065,50344.0
1777345243.9343722,4361555,50348.0
1777345269.7107012,4361918,50352.0
1777345307.7099683,4362466,50356.0
1777345337.5781436,4362891,50360.0
1777345383.6298163,4363563,50364.0
1777345399.8217943,4363787,50368.0
1777345434.2977362,4364282,50372.0
1777345471.581567,4364818,50376.0
1777345495.7214508,4365157,50380.0
1777345542.5646427,4365837,50384.0
1777345586.2964487,4366473,50388.0
1777345614.6884267,4366874,50392.0
1777345635.2967365,4367160,50396.0
1777345661.6159163,4367530,50400.0
1777345702.7324572,4368131,50404.0
1777345741.5156891,4368690,50408.0
1777345766.323629,4369036,50412.0
1777345795.3837035,4369446,50416.0
1777345836.7994714,4370044,50420.0
1777345864.6188886,4370443,50424.0
1777345894.3113298,4370870,50428.0
1777345944.9665399,4371601,50432.0
1777345969.0945928,4371937,50436.0
1777345995.550133,4372313,50440.0
1777346027.6337993,4372778,50444.0
1777346071.6860857,4373413,50448.0
1777346119.5697687,4374099,50452.0
1777346150.1376498,4374535,50456.0
1777346191.7692807,4375135,50460.0
1777346239.5890243,4375826,50464.0
1777346269.5572512,4376254,50468.0
1777346309.420776,4376832,50472.0
1777346351.5247078,4377435,50476.0
1777346379.7968185,4377840,50480.0
1777346401.4399495,4378151,50484.0
1777346450.1002767,4378855,50488.0
1777346479.007819,4379273,50492.0
1777346507.6157568,4379681,50496.0
1777346541.315957,4380164,50500.0
1777346562.191347,4380458,50504.0
1777346588.435455,4380836,50508.0
1777346632.3750782,4381465,50512.0
1777346653.7512887,4381763,50516.0
1777346686.9866376,4382242,50520.0
1777346731.3109138,4382885,50524.0
1777346766.3103604,4383387,50528.0
1777346803.46194,4383921,50532.0
1777346837.030399,4384402,50536.0
1777346859.7018356,4384731,50540.0
1777346895.0377614,4385238,50544.0
1777346927.513749,4385703,50548.0
1777346971.989513,4386342,50552.0
1777346996.4815042,4386689,50556.0
1777347022.2049346,4387056,50560.0
1777347054.248858,4387519,50564.0
1777347096.2969995,4388131,50568.0
1777347135.880768,4388701,50572.0
1777347152.724631,4388936,50576.0
1777347188.908588,4389460,50580.0
1777347223.5918827,4389955,50584.0
1777347247.4000146,4390295,50588.0
1777347276.2598116,4390703,50592.0
1777347301.8235917,4391061,50596.0
1777347329.315479,4391453,50600.0
1777347356.3276944,4391839,50604.0
1777347397.4275057,4392430,50608.0
1777347427.259428,4392858,50612.0
1777347452.2348475,4393214,50616.0
1777347479.3792048,4393605,50620.0
1777347512.0432897,4394079,50624.0
1777347558.4626331,4394755,50628.0
1777347601.5947313,4395379,50632.0
1777347620.9704986,4395647,50636.0
1777347643.178521,4395960,50640.0
1777347673.1138644,4396394,50644.0
1777347705.2466033,4396858,50648.0
1777347735.6377451,4397291,50652.0
1777347780.3377728,4397939,50656.0
1777347816.1217885,4398454,50660.0
1777347859.2416184,4399073,50664.0
1777347878.0575767,4399340,50668.0
1777347901.5573685,4399674,50672.0
1777347939.240913,4400221,50676.0
1777347964.5333502,4400581,50680.0
1777347989.9009287,4400943,50684.0
1777348026.4766648,4401472,50688.0
1777348055.560886,4401891,50692.0
1777348071.5687013,4402107,50696.0
1777348096.1926076,4402452,50700.0
1777348126.9447722,4402894,50704.0
1777348155.3844383,4403300,50708.0
1777348194.1358385,4403859,50712.0
1777348209.6679723,4404079,50716.0
1777348229.379959,4404356,50720.0
1777348267.4277632,4404906,50724.0
1777348303.6795866,4405426,50728.0
1777348333.9956095,4405861,50732.0
1777348365.839526,4406318,50736.0
1777348388.9150681,4406653,50740.0
1777348424.562795,4407165,50744.0
1777348460.5992205,4407683,50748.0
1777348503.1306973,4408299,50752.0
1777348525.1068897,4408608,50756.0
1777348552.5507324,4409001,50760.0
1777348587.666233,4409508,50764.0
1777348631.150083,4410142,50768.0
1777348654.473848,4410469,50772.0
1777348696.349706,4411069,50776.0
1777348708.8861904,4411240,50780.0
1777348747.7017148,4411804,50784.0
1777348794.4017231,4412481,50788.0
1777348837.5373893,4413105,50792.0
1777348864.2370896,4413489,50796.0
1777348903.1849308,4414049,50800.0
1777348930.196639,4414441,50804.0
1777348969.5605981,4415006,50808.0
1777349007.4447312,4415549,50812.0
1777349035.172548,4415946,50816.0
1777349064.8881114,4416370,50820.0
1777349095.880475,4416817,50824.0
1777349124.163861,4417220,50828.0
1777349161.3077097,4417754,50832.0
1777349201.7077525,4418341,50836.0
1777349243.067491,4418931,50840.0
1777349269.2074318,4419303,50844.0
1777349299.4673014,4419733,50848.0
1777349332.5908644,4420209,50852.0
1777349350.074764,4420455,50856.0
1777349388.6266835,4421004,50860.0
1777349424.450763,4421525,50864.0
1777349456.186672,4421984,50868.0
1777349490.7700906,4422480,50872.0
1777349519.6104703,4422896,50876.0
1777349565.9099956,4423569,50880.0
1777349591.7100065,4423943,50884.0
1777349624.137791,4424399,50888.0
1777349663.185612,4424958,50892.0
1777349690.2894905,4425342,50896.0
1777349721.0968666,4425781,50900.0
1777349758.8289764,4426328,50904.0
1777349783.7567394,4426680,50908.0
1777349820.6733482,4427217,50912.0
1777349850.6406932,4427644,50916.0
1777349880.0167058,4428064,50920.0
1777349917.5637996,4428608,50924.0
1777349947.1719496,4429033,50928.0
1777349974.0242116,4429414,50932.0
1777350011.5477297,4429958,50936.0
1777350034.467564,4430277,50940.0
1777350059.975672,4430643,50944.0
1777350095.0753102,4431148,50948.0
1777350137.3751123,4431756,50952.0
1777350168.511028,4432205,50956.0
1777350209.8867326,4432799,50960.0
1777350244.5346894,4433301,50964.0
1777350270.194678,4433663,50968.0
1777350300.0264735,4434095,50972.0
1777350334.2379818,4434586,50976.0
1777350364.9701595,4435022,50980.0
1777350399.6220393,4435521,50984.0
1777350423.3456995,4435854,50988.0
1777350451.321633,4436250,50992.0
1777350483.2055602,4436708,50996.0
1777350503.381456,4436993,51000.0
1777350534.921068,4437447,51004.0
1777350577.7887874,4438067,51008.0
1777350609.072951,4438514,51012.0
1777350650.7406738,4439114,51016.0
1777350684.456309,4439602,51020.0
1777350718.2485023,4440090,51024.0
1777350747.83236,4440514,51028.0
1777350775.0517752,4440898,51032.0
1777350806.623974,4441346,51036.0
1777350834.0999303,4441739,51040.0
1777350869.519732,4442249,51044.0
1777350907.3675208,4442791,51048.0
1777350954.7034264,4443475,51052.0
1777350975.8271205,4443778,51056.0
1777350999.8869448,4444121,51060.0
1777351045.2466054,4444780,51064.0
1777351080.070701,4445282,51068.0
1777351113.538729,4445765,51072.0
1777351149.4702947,4446289,51076.0
1777351182.4459121,4446764,51080.0
1777351229.9379559,4447453,51084.0
1777351258.3136392,4447857,51088.0
1777351286.781736,4448262,51092.0
1777351330.4497766,4448896,51096.0
1777351348.957263,4449150,51100.0
1777351390.9094276,4449761,51104.0
1777351434.356647,4450389,51108.0
1777351473.2246995,4450949,51112.0
1777351499.9487083,4451325,51116.0
1777351527.2085173,4451712,51120.0
1777351569.6446524,4452330,51124.0
1777351612.9678257,4452952,51128.0
1777351651.9199948,4453513,51132.0
1777351680.2756946,4453920,51136.0
1777351714.5438716,4454415,51140.0
1777351735.3198576,4454708,51144.0
1777351772.4557073,4455246,51148.0
1777351817.1875372,4455886,51152.0
1777351847.8633964,4456326,51156.0
1777351886.694818,4456888,51160.0
1777351927.0148842,4457474,51164.0
1777351967.0067666,4458053,51168.0
1777351987.2228215,4458340,51172.0
1777352037.9144912,4459067,51176.0
1777352070.042656,4459527,51180.0
1777352092.066443,4459840,51184.0
1777352116.1424866,4460183,51188.0
1777352153.3021944,4460713,51192.0
1777352183.826408,4461150,51196.0
1777352194.0579615,4461291,51200.0
1777352226.4257164,4461758,51204.0
1777352248.769636,4462069,51208.0
1777352272.5943031,4462406,51212.0
1777352293.9015107,4462711,51216.0
1777352329.1177716,4463213,51220.0
1777352367.8855734,4463774,51224.0
1777352386.645364,4464039,51228.0
1777352415.436846,4464450,51232.0
1777352452.728951,4464981,51236.0
1777352491.136922,4465533,51240.0
1777352527.5889626,4466062,51244.0
1777352548.1966445,4466351,51248.0
1777352561.0806785,4466530,51252.0
1777352584.7485511,4466863,51256.0
1777352611.3883722,4467241,51260.0
1777352652.1397686,4467836,51264.0
1777352695.339835,4468457,51268.0
1777352736.1400251,4469046,51272.0
1777352770.107772,4469536,51276.0
1777352796.0677843,4469907,51280.0
1777352829.8673003,4470394,51284.0
1777352848.7595406,4470659,51288.0
1777352866.0352886,4470905,51292.0
1777352903.0194163,4471430,51296.0
1777352933.2750342,4471866,51300.0
1777352945.1428676,4472032,51304.0
1777352986.6189523,4472630,51308.0
1777353028.0707467,4473221,51312.0
1777353069.6024983,4473827,51316.0
1777353103.9942803,4474326,51320.0
1777353140.4218543,4474848,51324.0
1777353175.1980557,4475351,51328.0
1777353220.4138117,4476006,51332.0
1777353260.573712,4476577,51336.0
1777353290.2673104,4477000,51340.0
1777353319.8209152,4477425,51344.0
1777353340.5810254,4477723,51348.0
1777353375.896783,4478228,51352.0
1777353385.2169602,4478346,51356.0
1777353401.0570211,4478573,51360.0
1777353434.9407792,4479063,51364.0
1777353470.5486844,4479564,51368.0
1777353496.3686311,4479936,51372.0
1777353524.124496,4480333,51376.0
1777353545.968354,4480636,51380.0
1777353599.5598478,4481416,51384.0
1777353627.8517466,4481816,51388.0
1777353638.3118136,4481957,51392.0
1777353671.8676538,4482441,51396.0
1777353705.6038313,4482926,51400.0
1777353742.1515718,4483451,51404.0
1777353763.3789618,4483754,51408.0
1777353802.911008,4484321,51412.0
1777353841.062941,4484874,51416.0
1777353880.4949117,4485442,51420.0
1777353924.9144604,4486086,51424.0
1777353949.77046,4486440,51428.0
1777353979.9898677,4486872,51432.0
1777354007.613794,4487274,51436.0
1777354026.9581504,4487548,51440.0
1777354054.365908,4487942,51444.0
1777354076.657634,4488253,51448.0
1777354100.0417373,4488587,51452.0
1777354135.9334707,4489104,51456.0
1777354178.733408,4489729,51460.0
1777354211.548936,4490203,51464.0
1777354263.7768133,4490960,51468.0
1777354289.0327408,4491318,51472.0
1777354319.8928316,4491760,51476.0
1777354349.344674,4492178,51480.0
1777354378.1526423,4492592,51484.0
1777354418.35185,4493175,51488.0
1777354441.727869,4493504,51492.0
1777354461.8603346,4493787,51496.0
1777354481.6439798,4494066,51500.0
1777354532.5716991,4494803,51504.0
1777354563.4477656,4495247,51508.0
1777354598.4956844,4495749,51512.0
1777354632.2315307,4496234,51516.0
1777354655.1390269,4496555,51520.0
1777354670.9631975,4496774,51524.0
1777354695.291118,4497127,51528.0
1777354724.3312068,4497543,51532.0
1777354760.3987327,4498057,51536.0
1777354776.422807,4498286,51540.0
1777354796.3667407,4498566,51544.0
1777354830.350573,4499053,51548.0
1777354875.7986608,4499714,51552.0
1777354899.4900708,4500048,51556.0
1777354913.9337158,4500243,51560.0
1777354943.1097727,4500662,51564.0
1777354972.2779105,4501078,51568.0
1777354999.185708,4501469,51572.0
1777355035.7176673,4501991,51576.0
1777355068.82525,4502464,51580.0
1777355106.5448778,4503011,51584.0
1777355139.9287722,4503488,51588.0
1777355171.604777,4503941,51592.0
1777355199.3685737,4504331,51596.0
1777355223.880701,4504676,51600.0
1777355255.2646112,4505127,51604.0
1777355283.0365915,4505519,51608.0
1777355317.0398865,4506010,51612.0
1777355348.0317383,4506456,51616.0
1777355373.7559752,4506817,51620.0
1777355400.5078702,4507201,51624.0
1777355423.5797179,4507530,51628.0
1777355458.3318024,4508034,51632.0
1777355483.1073904,4508381,51636.0
1777355513.299023,4508812,51640.0
1777355546.530981,4509296,51644.0
1777355582.6669679,4509814,51648.0
1777355615.7428255,4510291,51652.0
1777355649.0747888,4510771,51656.0
1777355672.6348944,4511102,51660.0
1777355713.8186762,4511702,51664.0
1777355744.5184853,4512140,51668.0
1777355785.286533,4512725,51672.0
1777355816.162445,4513166,51676.0
1777355836.8018413,4513461,51680.0
1777355870.1862142,4513940,51684.0
1777355908.8859394,4514491,51688.0
1777355941.8059115,4514965,51692.0
1777355976.661553,4515470,51696.0
1777356020.7658315,4516114,51700.0
1777356063.4217114,4516732,51704.0
1777356113.6896222,4517460,51708.0
1777356143.4653535,4517885,51712.0
1777356200.908955,4518725,51716.0
1777356224.8571632,4519063,51720.0
1777356264.4329293,4519629,51724.0
1777356279.4086528,4519840,51728.0
1777356327.3366354,4520533,51732.0
1777356367.400763,4521111,51736.0
1777356411.4688048,4521751,51740.0
1777356456.5365942,4522404,51744.0
1777356502.2717993,4523066,51748.0
1777356539.2879608,4523591,51752.0
1777356574.240303,4524090,51756.0
1777356603.895801,4524515,51760.0
1777356635.2475367,4524964,51764.0
1777356655.8237336,4525250,51768.0
1777356689.5997014,4525738,51772.0
1777356739.7228878,4526467,51776.0
1777356768.066847,4526870,51780.0
1777356797.1832733,4527288,51784.0
1777356830.2910843,4527763,51788.0
1777356866.0745628,4528276,51792.0
1777356900.8267555,4528773,51796.0
1777356922.9185278,4529088,51800.0
1777356957.3666615,4529578,51804.0
1777356987.902472,4530014,51808.0
1777357033.625896,4530675,51812.0
1777357082.0697458,4531377,51816.0
1777357115.4017372,4531856,51820.0
1777357149.3857763,4532347,51824.0
1777357176.3293378,4532730,51828.0
1777357230.5809221,4533517,51832.0
1777357251.604934,4533818,51836.0
1777357268.1809807,4534045,51840.0
1777357299.1493979,4534490,51844.0
1777357337.2406607,4535039,51848.0
1777357354.9805264,4535280,51852.0
1777357386.7167072,4535732,51856.0
1777357412.8887148,4536104,51860.0
1777357448.7926025,4536622,51864.0
1777357472.7485435,4536962,51868.0
1777357512.7678554,4537544,51872.0
1777357556.9083893,4538181,51876.0
1777357590.3519547,4538660,51880.0
1777357630.183692,4539242,51884.0
1777357655.5277479,4539599,51888.0
1777357684.7434115,4540019,51892.0
1777357718.587522,4540506,51896.0
1777357753.471181,4541004,51900.0
1777357789.1353807,4541520,51904.0
1777357808.0790987,4541781,51908.0
1777357835.5187573,4542173,51912.0
1777357862.30283,4542554,51916.0
1777357881.3868341,4542827,51920.0
1777357909.4066315,4543227,51924.0
1777357935.662599,4543597,51928.0
1777357978.314608,4544209,51932.0
1777358016.4817822,4544761,51936.0
1777358049.797923,4545240,51940.0
1777358096.9336674,4545921,51944.0
1777358120.1896887,4546253,51948.0
1777358162.1896887,4546859,51952.0
1777358181.0176787,4547127,51956.0
1777358205.3935292,4547472,51960.0
1777358232.0254793,4547855,51964.0
1777358256.585004,4548199,51968.0
1777358289.2529385,4548668,51972.0
1777358321.4247007,4549135,51976.0
1777358353.3446496,4549595,51980.0
1777358369.0005527,4549812,51984.0
1777358418.3206348,4550529,51988.0
1777358450.8125012,4550994,51992.0
1777358471.1358094,4551276,51996.0
1777358491.6881208,4551561,52000.0
1777358523.6117916,4552022,52004.0
1777358556.2795818,4552493,52008.0
1777358594.4477136,4553042,52012.0
1777358630.2037904,4553554,52016.0
1777358656.5235977,4553929,52020.0
1777358694.4714768,4554478,52024.0
1777358711.8908744,4554718,52028.0
1777358735.9553359,4555060,52032.0
1777358766.4672697,4555495,52036.0
1777358785.6590443,4555768,52040.0
1777358822.8226626,4556300,52044.0
1777358850.7827222,4556693,52048.0
1777358876.4347193,4557065,52052.0
1777358909.8266451,4557538,52056.0
1777358950.541916,4558123,52060.0
1777359001.969999,4558870,52064.0
1777359022.0420322,4559158,52068.0
1777359052.301783,4559591,52072.0
1777359084.7377896,4560050,52076.0
1777359122.4536738,4560589,52080.0
1777359185.4132526,4561512,52084.0
1777359230.5447707,4562171,52088.0
1777359274.1371286,4562798,52092.0
1777359314.5647826,4563381,52096.0
1777359349.0327365,4563878,52100.0
1777359384.8800523,4564398,52104.0
1777359413.440436,4564807,52108.0
1777359445.3920152,4565266,52112.0
1777359485.1242442,4565833,52116.0
1777359510.284216,4566188,52120.0
1777359563.2317345,4566961,52124.0
1777359612.39161,4567668,52128.0
1777359633.8835912,4567970,52132.0
1777359668.7353861,4568470,52136.0
1777359696.6590986,4568872,52140.0
1777359728.1109602,4569325,52144.0
1777359759.3707478,4569770,52148.0
1777359800.386727,4570362,52152.0
1777359827.010359,4570745,52156.0
1777359861.093864,4571238,52160.0
1777359889.8299327,4571649,52164.0
1777359914.9856532,4572010,52168.0
1777359942.297592,4572396,52172.0
1777359977.8128314,4572908,52176.0
1777360007.136726,4573325,52180.0
1777360061.211857,4574114,52184.0
1777360091.9122267,4574550,52188.0
1777360144.1635184,4575305,52192.0
1777360167.7228668,4575647,52196.0
1777360197.7909153,4576078,52200.0
1777360228.6463866,4576521,52204.0
1777360253.9467676,4576877,52208.0
1777360286.2743475,4577338,52212.0
1777360329.3419886,4577959,52216.0
1777360350.4057572,4578258,52220.0
1777360388.8819985,4578817,52224.0
1777360419.6172545,4579256,52228.0
1777360438.625243,4579523,52232.0
1777360483.2569976,4580165,52236.0
1777360508.7689016,4580523,52240.0
1777360547.9166613,4581088,52244.0
1777360578.3517804,4581523,52248.0
1777360612.6917658,4582013,52252.0
1777360648.6595225,4582533,52256.0
1777360675.303818,4582914,52260.0
1777360711.4193802,4583433,52264.0
1777360745.9708781,4583929,52268.0
1777360773.2267833,4584321,52272.0
1777360798.79469,4584687,52276.0
1777360828.902485,4585113,52280.0
1777360871.3862891,4585724,52284.0
1777360907.353809,4586244,52288.0
1777360952.9537199,4586901,52292.0
1777360974.9137115,4587219,52296.0
1777360993.8894885,4587481,52300.0
1777361023.2216017,4587906,52304.0
1777361059.1969485,4588422,52308.0
1777361102.856764,4589056,52312.0
1777361127.2325609,4589405,52316.0
1777361162.916711,4589911,52320.0
1777361204.8484232,4590518,52324.0
1777361232.276399,4590909,52328.0
1777361268.6242757,4591431,52332.0
1777361292.6677048,4591774,52336.0
1777361318.8756714,4592144,52340.0
1777361356.675273,4592693,52344.0
1777361397.0429466,4593279,52348.0
1777361418.26747,4593573,52352.0
1777361447.667221,4593995,52356.0
1777361479.8108928,4594456,52360.0
1777361515.3106833,4594969,52364.0
1777361551.5467293,4595481,52368.0
1777361583.8700838,4595946,52372.0
1777361604.6622608,4596242,52376.0
1777361635.945826,4596690,52380.0
1777361672.8298864,4597222,52384.0
1777361698.9897127,4597602,52388.0
1777361729.4976454,4598039,52392.0
1777361776.972933,4598728,52396.0
1777361813.0727684,4599249,52400.0
1777361842.264989,4599667,52404.0
1777361865.640932,4599993,52408.0
1777361891.116796,4600356,52412.0
1777361918.5807672,4600750,52416.0
1777361939.4927166,4601050,52420.0
1777361974.3567002,4601546,52424.0
1777362020.0079572,4602208,52428.0
1777362051.0518708,4602655,52432.0
1777362091.2159255,4603227,52436.0
1777362116.8356423,4603593,52440.0
1777362156.9039836,4604170,52444.0
1777362191.3757086,4604663,52448.0
1777362215.2436469,4604998,52452.0
1777362269.3791616,4605789,52456.0
1777362295.9549646,4606171,52460.0
1777362343.794829,4606865,52464.0
1777362369.4867117,4607233,52468.0
1777362393.914736,4607575,52472.0
1777362440.490682,4608254,52476.0
1777362463.3464928,4608573,52480.0
1777362488.7218516,4608935,52484.0
1777362516.3217947,4609326,52488.0
1777362538.3901205,4609645,52492.0
1777362570.4897697,4610104,52496.0
1777362601.8738563,4610550,52500.0
1777362633.9577172,4611007,52504.0
1777362664.9810605,4611450,52508.0
1777362687.0573618,4611763,52512.0
1777362705.1168053,4612012,52516.0
1777362728.1249535,4612339,52520.0
1777362743.1328244,4612552,52524.0
1777362774.1768153,4612996,52528.0
1777362802.7766395,4613404,52532.0
1777362823.016644,4613681,52536.0
1777362863.9685707,4614278,52540.0
1777362902.6284447,4614839,52544.0
1777362944.6363802,4615444,52548.0
1777362987.0036974,4616058,52552.0
1777363009.6277177,4616375,52556.0
1777363036.2877946,4616755,52560.0
1777363073.9035702,4617302,52564.0
1777363112.322946,4617860,52568.0
1777363139.19479,4618243,52572.0
1777363180.0788393,4618823,52576.0
1777363215.9827547,4619339,52580.0
1777363243.1748526,4619729,52584.0
1777363285.7385726,4620349,52588.0
1777363318.3898528,4620818,52592.0
1777363342.2338362,4621158,52596.0
1777363377.318048,4621661,52600.0
1777363411.9817424,4622164,52604.0
1777363446.1577137,4622649,52608.0
1777363480.2095816,4623135,52612.0
1777363528.3610969,4623832,52616.0
1777363565.1692245,4624356,52620.0
1777363609.54673,4625000,52624.0
1777363652.4204836,4625619,52628.0
1777363694.368496,4626219,52632.0
1777363722.580055,4626624,52636.0
1777363756.6798208,4627117,52640.0
1777363791.203763,4627616,52644.0
1777363824.5396526,4628099,52648.0
1777363853.3637435,4628509,52652.0
1777363889.4155395,4629027,52656.0
1777363924.6314602,4629529,52660.0
1777363955.3709075,4629969,52664.0
1777363995.775314,4630555,52668.0
1777364036.738924,4631146,52672.0
1777364066.6746411,4631577,52676.0
1777364095.9505663,4631996,52680.0
1777364135.4105444,4632566,52684.0
1777364175.7663665,4633147,52688.0
1777364204.7865264,4633563,52692.0
1777364241.3858972,4634088,52696.0
1777364271.6425996,4634518,52700.0
1777364300.562335,4634932,52704.0
1777364324.037802,4635266,52708.0
1777364348.7619052,4635617,52712.0
1777364387.7625837,4636179,52716.0
1777364408.1696606,4636466,52720.0
1777364432.1296852,4636813,52724.0
1777364454.1215596,4637119,52728.0
1777364487.5213282,4637597,52732.0
1777364537.1728282,4638307,52736.0
1777364564.2568295,4638694,52740.0
1777364591.1969595,4639079,52744.0
1777364634.0166988,4639694,52748.0
1777364656.2566864,4640006,52752.0
1777364680.2407017,4640349,52756.0
1777364698.9720378,4640615,52760.0
1777364740.7238514,4641213,52764.0
1777364773.7086112,4641689,52768.0
1777364810.743601,4642222,52772.0
1777364852.4078846,4642830,52776.0
1777364867.3997195,4643032,52780.0
1777364889.0757067,4643340,52784.0
1777364912.0356743,4643670,52788.0
1777364947.7515705,4644180,52792.0
1777364979.3273125,4644629,52796.0
1777365001.9707189,4644956,52800.0
1777365031.6186674,4645380,52804.0
1777365056.6467607,4645736,52808.0
1777365096.29457,4646306,52812.0
1777365148.0945587,4647060,52816.0
1777365176.1304567,4647461,52820.0
1777365232.0378633,4648272,52824.0
1777365256.6659138,4648619,52828.0
1777365273.7579854,4648861,52832.0
1777365304.0297742,4649291,52836.0
1777365328.1737418,4649632,52840.0
1777365372.7176898,4650275,52844.0
1777365406.3569248,4650755,52848.0
1777365452.0409634,4651418,52852.0
1777365494.369208,4652020,52856.0
1777365521.0248232,4652395,52860.0
1777365548.7688417,4652793,52864.0
1777365581.1007183,4653257,52868.0
1777365630.152339,4653971,52872.0
1777365660.9041946,4654409,52876.0
1777365693.9441934,4654885,52880.0
1777365762.4797077,4655886,52884.0
1777365784.6036777,4656204,52888.0
1777365804.8476715,4656484,52892.0
1777365820.687377,4656703,52896.0
1777365849.347345,4657112,52900.0
1777365904.122913,4657912,52904.0
1777365932.0989077,4658309,52908.0
1777365956.2388256,4658651,52912.0
1777365993.3547006,4659184,52916.0
1777366032.3746395,4659746,52920.0
1777366063.0425358,4660189,52924.0
1777366090.3500447,4660580,52928.0
1777366127.166153,4661112,52932.0
1777366156.9420521,4661537,52936.0
1777366189.6937687,4662005,52940.0
1777366235.677647,4662674,52944.0
1777366265.3418477,4663097,52948.0
1777366301.7930222,4663613,52952.0
1777366337.9170558,4664136,52956.0
1777366362.3609576,4664482,52960.0
1777366407.4526,4665140,52964.0
1777366444.4967778,4665676,52968.0
1777366465.9607825,4665975,52972.0
1777366506.1126423,4666553,52976.0
1777366526.688402,4666846,52980.0
1777366560.2638948,4667330,52984.0
1777366596.6643248,4667852,52988.0
1777366615.688002,4668121,52992.0
1777366649.3077784,4668602,52996.0
1777366675.247841,4668967,53000.0
1777366709.2997246,4669460,53004.0
1777366752.4834514,4670085,53008.0
1777366780.0075476,4670478,53012.0
1777366812.2593255,4670936,53016.0
1777366833.6149354,4671241,53020.0
1777366878.950549,4671896,53024.0
1777366899.2426877,4672182,53028.0
1777366929.1425962,4672608,53032.0
1777366950.4585447,4672910,53036.0
1777366975.9425843,4673274,53040.0
1777367007.7503412,4673732,53044.0
1777367056.2938943,4674433,53048.0
1777367102.578038,4675101,53052.0
1777367150.1293943,4675782,53056.0
1777367179.9135785,4676204,53060.0
1777367208.7889438,4676617,53064.0
1777367225.913005,4676858,53068.0
1777367252.3528154,4677237,53072.0
1777367273.7449381,4677535,53076.0
1777367302.312712,4677942,53080.0
1777367350.7807856,4678646,53084.0
1777367375.8886504,4679010,53088.0
1777367398.1085217,4679317,53092.0
1777367426.9799798,4679729,53096.0
1777367463.0478125,4680250,53100.0
1777367496.3922646,4680732,53104.0
1777367524.8597791,4681133,53108.0
1777367545.7997465,4681427,53112.0
1777367587.7356455,4682038,53116.0
1777367615.6596146,4682437,53120.0
1777367646.4275932,4682879,53124.0
1777367672.4670303,4683251,53128.0
1777367709.9668682,4683796,53132.0
1777367729.2270155,4684067,53136.0
1777367753.5710037,4684409,53140.0
1777367779.1187005,4684776,53144.0
1777367799.5348015,4685069,53148.0
1777367821.6025379,4685379,53152.0
1777367855.9466631,4685868,53156.0
1777367877.9023213,4686173,53160.0
1777367915.154076,4686714,53164.0
1777367956.6898756,4687307,53168.0
1777367990.2058983,4687786,53172.0
1777368008.0297167,4688038,53176.0
1777368030.7577055,4688354,53180.0
1777368055.7815526,4688710,53184.0
1777368082.8893843,4689098,53188.0
1777368110.9729092,4689493,53192.0
1777368131.2496727,4689777,53196.0
1777368169.7809267,4690330,53200.0
1777368229.1247182,4691195,53204.0
1777368251.584886,4691512,53208.0
1777368275.1087587,4691851,53212.0
1777368302.4683301,4692244,53216.0
1777368328.48386,4692619,53220.0
1777368368.5360472,4693202,53224.0
1777368423.7837083,4694003,53228.0
1777368457.6198692,4694491,53232.0
1777368487.7114234,4694919,53236.0
1777368504.4789822,4695149,53240.0
1777368534.0708697,4695572,53244.0
1777368558.447063,4695918,53248.0
1777368598.2106218,4696494,53252.0
1777368653.1227453,4697292,53256.0
1777368680.378676,4697678,53260.0
1777368692.4904745,4697847,53264.0
1777368723.262464,4698282,53268.0
1777368748.6898339,4698639,53272.0
1777368768.8820186,4698916,53276.0
1777368791.321955,4699235,53280.0
1777368850.8658097,4700108,53284.0
1777368877.749728,4700486,53288.0
1777368919.2329817,4701081,53292.0
1777368966.365083,4701767,53296.0
1777368990.2249396,4702104,53300.0
1777369016.7766259,4702485,53304.0
1777369052.9006996,4703006,53308.0
1777369107.992386,4703803,53312.0
1777369160.019955,4704561,53316.0
1777369179.396141,4704836,53320.0
1777369212.6040478,4705313,53324.0
1777369244.8876793,4705773,53328.0
1777369278.703756,4706260,53332.0
1777369300.1476793,4706569,53336.0
1777369332.539551,4707032,53340.0
1777369356.5634904,4707379,53344.0
1777369404.1709867,4708064,53348.0
1777369436.4472988,4708522,53352.0
1777369468.0145562,4708980,53356.0
1777369485.4746566,4709223,53360.0
1777369513.2665243,4709621,53364.0
1777369539.0745435,4709994,53368.0
1777369563.642476,4710337,53372.0
1777369597.7502477,4710831,53376.0
1777369628.7177198,4711275,53380.0
1777369679.533667,4712011,53384.0
1777369708.3017762,4712424,53388.0
1777369742.4857306,4712918,53392.0
1777369782.5414991,4713497,53396.0
1777369820.0089993,4714041,53400.0
1777369849.56097,4714465,53404.0
1777369894.176903,4715119,53408.0
1777369926.176707,4715575,53412.0
1777369975.7446113,4716292,53416.0
1777370005.7720008,4716720,53420.0
1777370030.9359555,4717077,53424.0
1777370071.5038345,4717666,53428.0
1777370118.239805,4718339,53432.0
1777370148.8399098,4718777,53436.0
1777370166.9237103,4719036,53440.0
1777370202.2076647,4719548,53444.0
1777370224.1999333,4719859,53448.0
1777370255.5474439,4720309,53452.0
1777370300.7988093,4720955,53456.0
1777370340.9347498,4721536,53460.0
1777370365.1067808,4721881,53464.0
1777370414.8345819,4722597,53468.0
1777370442.4946697,4722999,53472.0
1777370482.0264554,4723561,53476.0
1777370527.1939697,4724214,53480.0
1777370564.617708,4724749,53484.0
1777370595.893645,4725200,53488.0
1777370626.501769,4725639,53492.0
1777370641.1779008,4725843,53496.0
1777370676.0975955,4726343,53500.0
1777370714.0895739,4726890,53504.0
1777370738.1893668,4727233,53508.0
1777370757.7809634,4727511,53512.0
1777370785.5050774,4727908,53516.0
1777370817.4887445,4728365,53520.0
1777370856.980883,4728941,53524.0
1777370872.4566698,4729154,53528.0
1777370907.808518,4729669,53532.0
1777370947.291891,4730237,53536.0
1777370958.2642367,4730377,53540.0
1777370995.0918846,4730911,53544.0
1777371032.6400213,4731453,53548.0
1777371085.5677428,4732218,53552.0
1777371102.327708,4732455,53556.0
1777371143.6438317,4733049,53560.0
1777371202.2349555,4733902,53564.0
1777371222.9428198,4734195,53568.0
1777371242.3507795,4734469,53572.0
1777371273.662933,4734918,53576.0
1777371311.7466457,4735465,53580.0
1777371336.102444,4735812,53584.0
1777371376.0385392,4736385,53588.0
1777371407.5061562,4736834,53592.0
1777371441.1977074,4737320,53596.0
1777371468.0297725,4737697,53600.0
1777371496.2979116,4738103,53604.0
1777371530.4897325,4738592,53608.0
1777371563.4054687,4739064,53612.0
1777371594.7137406,4739506,53616.0
1777371620.1328995,4739865,53620.0
1777371657.0088544,4740399,53624.0
1777371690.4409893,4740880,53628.0
1777371718.4489324,4741278,53632.0
1777371751.400711,4741749,53636.0
1777371786.8087568,4742262,53640.0
1777371827.5086837,4742845,53644.0
1777371859.191796,4743297,53648.0
1777371920.8357923,4744193,53652.0
1777371960.30384,4744765,53656.0
1777371987.8798306,4745159,53660.0
1777372010.7115772,4745482,53664.0
1777372056.978857,4746159,53668.0
1777372096.3108144,4746720,53672.0
1777372120.103211,4747063,53676.0
1777372145.894856,4747428,53680.0
1777372182.9786916,4747968,53684.0
1777372221.6146703,4748518,53688.0
1777372248.7826872,4748901,53692.0
1777372288.490548,4749473,53696.0
1777372309.9299667,4749777,53700.0
1777372361.5577106,4750530,53704.0
1777372392.5177224,4750971,53708.0
1777372418.7816455,4751345,53712.0
1777372441.9257302,4751670,53716.0
1777372463.6498268,4751971,53720.0
1777372505.6856363,4752582,53724.0
1777372527.0255744,4752875,53728.0
1777372555.3615918,4753278,53732.0
1777372580.252912,4753633,53736.0
1777372605.7292724,4753996,53740.0
1777372646.7289362,4754587,53744.0
1777372687.244957,4755175,53748.0
1777372712.9687023,4755538,53752.0
1777372740.5367045,4755931,53756.0
1777372778.8807304,4756482,53760.0
1777372802.728011,4756819,53764.0
1777372842.4118042,4757390,53768.0
1777372866.1243508,4757722,53772.0
1777372907.97185,4758320,53776.0
1777372935.1317134,4758710,53780.0
1777372960.1718414,4759068,53784.0
1777372981.3317614,4759364,53788.0
1777373018.6473053,4759903,53792.0
1777373052.751332,4760390,53796.0
1777373083.7151117,4760835,53800.0
1777373107.075105,4761164,53804.0
1777373148.9268613,4761766,53808.0
1777373164.418658,4761981,53812.0
1777373201.7106137,4762517,53816.0
1777373222.8187006,4762813,53820.0
1777373255.102719,4763278,53824.0
1777373286.7344325,4763731,53828.0
1777373316.4784553,4764156,53832.0
1777373334.1382906,4764398,53836.0
1777373373.086299,4764959,53840.0
1777373412.1537864,4765525,53844.0
1777373439.1776512,4765908,53848.0
1777373455.137584,4766129,53852.0
1777373493.205749,4766681,53856.0
1777373530.4890077,4767216,53860.0
1777373555.6290598,4767577,53864.0
1777373582.6410358,4767959,53868.0
1777373618.4885812,4768475,53872.0
1777373644.0166843,4768832,53876.0
1777373679.9167216,4769346,53880.0
1777373719.0648131,4769913,53884.0
1777373749.8407319,4770358,53888.0
1777373788.0920863,4770902,53892.0
1777373808.5519466,4771190,53896.0
1777373840.6598523,4771646,53900.0
1777373861.8597555,4771952,53904.0
1777373892.4835467,4772388,53908.0
1777373942.7275376,4773110,53912.0
1777373968.103373,4773470,53916.0
1777374009.8710124,4774070,53920.0
1777374055.6791756,4774734,53924.0
1777374079.038959,4775071,53928.0
1777374121.0708082,4775673,53932.0
1777374147.1784632,4776045,53936.0
1777374179.2306461,4776506,53940.0
1777374209.4705179,4776941,53944.0
1777374243.7065258,4777431,53948.0
1777374292.2738457,4778136,53952.0
1777374321.45825,4778553,53956.0
1777374347.8983607,4778936,53960.0
1777374397.0179043,4779643,53964.0
1777374440.0737605,4780268,53968.0
1777374468.5176902,4780673,53972.0
1777374491.1576452,4780992,53976.0
1777374512.6694486,4781296,53980.0
1777374561.7607553,4782004,53984.0
1777374586.7527845,4782360,53988.0
1777374616.176946,4782777,53992.0
1777374642.6768024,4783151,53996.0
1777374682.3606803,4783721,54000.0
1777374729.2284994,4784407,54004.0
1777374757.1523492,4784802,54008.0
1777374790.3039508,4785279,54012.0
1777374819.1639285,4785694,54016.0
1777374838.9198089,4785966,54020.0
1777374865.255766,4786343,54024.0
1777374884.5956728,4786615,54028.0
1777374920.7719572,4787131,54032.0
1777374962.82373,4787737,54036.0
1777374983.2473452,4788020,54040.0
1777375007.968007,4788379,54044.0
1777375024.883277,4788608,54048.0
1777375067.875056,4789233,54052.0
1777375104.1512938,4789752,54056.0
1777375137.818753,4790238,54060.0
1777375163.4106731,4790607,54064.0
1777375195.8587394,4791071,54068.0
1777375239.4107,4791697,54072.0
1777375265.7867305,4792070,54076.0
1777375294.7187092,4792481,54080.0
1777375326.8104317,4792943,54084.0
1777375362.529993,4793453,54088.0
1777375405.6937845,4794069,54092.0
1777375440.7776966,4794573,54096.0
1777375466.469813,4794938,54100.0
1777375493.353379,4795323,54104.0
1777375517.8295224,4795674,54108.0
1777375543.5889027,4796043,54112.0
1777375577.0210106,4796520,54116.0
1777375592.820844,4796737,54120.0
1777375631.424994,4797295,54124.0
1777375661.0730047,4797715,54128.0
1777375689.5006673,4798123,54132.0
1777375711.4847286,4798434,54136.0
1777375756.8164914,4799090,54140.0
1777375796.083811,4799656,54144.0
1777375818.0242796,4799969,54148.0
1777375850.952159,4800448,54152.0
1777375884.3202257,4800923,54156.0
1777375915.7759032,4801371,54160.0
1777375942.5598547,4801761,54164.0
1777375966.2876818,4802094,54168.0
1777376000.0712452,4802579,54172.0
1777376032.0789156,4803038,54176.0
1777376061.4115617,4803458,54180.0
1777376090.418644,4803875,54184.0
1777376127.786779,4804407,54188.0
1777376158.4469018,4804844,54192.0
1777376179.714907,4805148,54196.0
1777376201.8547995,4805456,54200.0
1777376232.1306942,4805890,54204.0
1777376259.7903423,4806285,54208.0
1777376286.1740496,4806660,54212.0
1777376317.2982347,4807104,54216.0
1777376346.065929,4807512,54220.0
1777376372.3577724,4807887,54224.0
1777376417.2576902,4808539,54228.0
1777376456.5572941,4809100,54232.0
1777376491.9572706,4809606,54236.0
1777376530.4928036,4810162,54240.0
1777376569.208941,4810726,54244.0
1777376603.0687268,4811210,54248.0
1777376619.8927438,4811440,54252.0
1777376659.9605377,4812019,54256.0
1777376697.7764232,4812559,54260.0
1777376758.9197328,4813449,54264.0
1777376790.787987,4813910,54268.0
1777376849.4315593,4814758,54272.0
1777376876.487627,4815140,54276.0
1777376902.495686,4815518,54280.0
1777376936.9151955,4816006,54284.0
1777376993.054931,4816825,54288.0
1777377026.346756,4817295,54292.0
1777377051.4306946,4817653,54296.0
1777377076.2907767,4818007,54300.0
1777377093.6986156,4818250,54304.0
1777377108.466554,4818457,54308.0
1777377121.9584715,4818640,54312.0
1777377158.010044,4819159,54316.0
1777377194.6579936,4819685,54320.0
1777377239.357628,4820327,54324.0
1777377276.8257227,4820868,54328.0
1777377301.101712,4821212,54332.0
1777377335.5692604,4821702,54336.0
1777377351.217574,4821923,54340.0
1777377400.312948,4822633,54344.0
1777377438.1446943,4823179,54348.0
1777377466.0208101,4823571,54352.0
1777377516.2447224,4824298,54356.0
1777377540.1726608,4824635,54360.0
1777377581.403953,4825233,54364.0
1777377614.8965244,4825708,54368.0
1777377647.0481653,4826170,54372.0
1777377683.2999473,4826697,54376.0
1777377697.399778,4826891,54380.0
1777377725.0837824,4827286,54384.0
1777377755.8237193,4827725,54388.0
1777377775.7475758,4828009,54392.0
1777377804.3150518,4828416,54396.0
1777377841.3989077,4828947,54400.0
1777377869.3272662,4829349,54404.0
1777377917.558922,4830051,54408.0
1777377951.0430267,4830529,54412.0
1777377985.358594,4831019,54416.0
1777378013.5186462,4831425,54420.0
1777378043.786427,4831860,54424.0
1777378069.6781113,4832227,54428.0
1777378100.917876,4832672,54432.0
1777378131.9700067,4833115,54436.0
1777378158.177969,4833487,54440.0
1777378180.085862,4833799,54444.0
1777378202.5137563,4834112,54448.0
1777378232.6135726,4834540,54452.0
1777378273.6294374,4835134,54456.0
1777378296.4048958,4835455,54460.0
1777378316.7128057,4835746,54464.0
1777378341.2888625,4836096,54468.0
1777378356.0332434,4836293,54472.0
1777378395.7970927,4836871,54476.0
1777378425.508686,4837292,54480.0
1777378464.7085052,4837862,54484.0
1777378495.8085732,4838310,54488.0
1777378530.3399823,4838800,54492.0
1777378550.1524484,4839085,54496.0
1777378568.5083187,4839345,54500.0
1777378608.0002496,4839918,54504.0
1777378636.3674927,4840324,54508.0
1777378660.5436308,4840662,54512.0
1777378700.843591,4841244,54516.0
1777378736.3275943,4841757,54520.0
1777378764.8190262,4842167,54524.0
1777378781.4276447,4842396,54528.0
1777378823.66271,4843010,54532.0
1777378856.8468962,4843484,54536.0
1777378898.3306148,4844075,54540.0
1777378935.8146482,4844615,54544.0
1777378967.9906635,4845081,54548.0
1777379002.122552,4845571,54552.0
1777379039.0220287,4846092,54556.0
1777379067.397656,4846501,54560.0
1777379098.5342166,4846943,54564.0
1777379132.9496322,4847442,54568.0
1777379156.3256886,4847778,54572.0
1777379185.4175808,4848190,54576.0
1777379200.1734114,4848394,54580.0
1777379220.4329922,4848682,54584.0
1777379250.841029,4849116,54588.0
1777379286.5611975,4849633,54592.0
1777379311.9169474,4849991,54596.0
1777379331.2449043,4850265,54600.0
1777379358.4605305,4850656,54604.0
1777379404.8765264,4851329,54608.0
1777379441.8441625,4851858,54612.0
1777379469.003888,4852246,54616.0
1777379511.9040072,4852871,54620.0
1777379549.3797255,4853410,54624.0
1777379587.7397015,4853966,54628.0
1777379646.3314943,4854814,54632.0
1777379685.5314233,4855378,54636.0
1777379713.7908328,4855779,54640.0
1777379747.5748675,4856267,54644.0
1777379777.9146388,4856697,54648.0
1777379798.990745,4856992,54652.0
1777379838.0425565,4857552,54656.0
1777379857.8827055,4857831,54660.0
1777379914.4581325,4858652,54664.0
1777379953.9943566,4859222,54668.0
1777379990.9939446,4859750,54672.0
1777380027.5780134,4860279,54676.0
1777380058.63368,4860726,54680.0
1777380090.5855901,4861179,54684.0
1777380127.369715,4861711,54688.0
1777380181.6527555,4862494,54692.0
1777380207.1127622,4862861,54696.0
1777380228.4968212,4863160,54700.0
1777380262.1046875,4863646,54704.0
1777380296.820726,4864151,54708.0
1777380322.9484818,4864524,54712.0
1777380350.611726,4864920,54716.0
1777380380.103942,4865340,54720.0
1777380408.4954984,4865746,54724.0
1777380444.2469215,4866264,54728.0
1777380488.3227227,4866896,54732.0
1777380526.466481,4867449,54736.0
1777380541.4300613,4867655,54740.0
1777380573.1417446,4868112,54744.0
1777380599.1814165,4868486,54748.0
1777380636.480914,4869018,54752.0
1777380668.388968,4869475,54756.0
1777380704.0406575,4869988,54760.0
1777380740.1564953,4870513,54764.0
1777380774.7078278,4871010,54768.0
1777380803.1518192,4871419,54772.0
1777380842.5156941,4871981,54776.0
1777380887.4511764,4872637,54780.0
1777380926.218682,4873200,54784.0
1777380956.5347638,4873635,54788.0
1777380979.34271,4873951,54792.0
1777381021.0791576,4874552,54796.0
1777381063.9939744,4875169,54800.0
1777381112.3097048,4875865,54804.0
1777381153.1771197,4876461,54808.0
1777381178.5855293,4876821,54812.0
1777381194.76096,4877049,54816.0
1777381220.6608133,4877414,54820.0
1777381246.573017,4877783,54824.0
1777381276.696758,4878215,54828.0
1777381301.9645412,4878575,54832.0
1777381328.3399956,4878948,54836.0
1777381351.112592,4879272,54840.0
1777381373.9397483,4879596,54844.0
1777381410.8557224,4880131,54848.0
1777381437.6635692,4880514,54852.0
1777381472.0837138,4881010,54856.0
1777381496.838906,4881367,54860.0
1777381516.831371,4881646,54864.0
1777381545.2147398,4882050,54868.0
1777381585.4989061,4882636,54872.0
1777381619.1066258,4883115,54876.0
1777381642.4506729,4883442,54880.0
1777381673.566152,4883890,54884.0
1777381700.473911,4884272,54888.0
1777381730.625627,4884703,54892.0
1777381754.9018195,4885046,54896.0
1777381797.0536797,4885655,54900.0
1777381835.2854989,4886202,54904.0
1777381871.7212903,4886726,54908.0
1777381896.4447217,4887075,54912.0
1777381927.7765946,4887526,54916.0
1777381945.0447392,4887767,54920.0
1777381981.4964726,4888295,54924.0
1777382006.952632,4888658,54928.0
1777382026.443935,4888927,54932.0
1777382052.912195,4889305,54936.0
1777382087.24016,4889798,54940.0
1777382117.5036576,4890232,54944.0
1777382144.6316626,4890618,54948.0
1777382190.7395458,4891293,54952.0
1777382227.9228072,4891822,54956.0
1777382242.475333,4892028,54960.0
1777382294.6147254,4892784,54964.0
1777382340.466497,4893448,54968.0
1777382350.4827225,4893583,54972.0
1777382384.0499213,4894069,54976.0
1777382409.6898139,4894428,54980.0
1777382438.9739366,4894850,54984.0
1777382485.7255733,4895532,54988.0
1777382531.9413013,4896195,54992.0
1777382578.6534495,4896874,54996.0
1777382593.8367834,4897080,55000.0
1777382627.7209976,4897569,55004.0
1777382654.3608418,4897946,55008.0
1777382683.3448048,4898358,55012.0
1777382725.5805464,4898972,55016.0
1777382739.4525352,4899154,55020.0
1777382770.8283038,4899606,55024.0
1777382819.1560452,4900313,55028.0
1777382838.548088,4900584,55032.0
1777382856.6798284,4900832,55036.0
1777382890.0635898,4901307,55040.0
1777382915.7076578,4901672,55044.0
1777382950.9069655,4902179,55048.0
1777382976.583054,4902544,55052.0
1777383010.6469755,4903033,55056.0
1777383042.214965,4903485,55060.0
1777383056.2828672,4903684,55064.0
1777383082.5987449,4904052,55068.0
1777383108.9744222,4904426,55072.0
1777383162.550484,4905203,55076.0
1777383195.3101401,4905669,55080.0
1777383222.4776475,4906058,55084.0
1777383238.7779143,4906288,55088.0
1777383286.453358,4906977,55092.0
1777383324.8688848,4907533,55096.0
1777383359.1771758,4908024,55100.0
1777383387.2769136,4908428,55104.0
1777383438.476799,4909170,55108.0
1777383474.1965086,4909681,55112.0
1777383508.6643908,4910181,55116.0
1777383534.3557951,4910545,55120.0
1777383563.0637794,4910957,55124.0
1777383600.3796518,4911498,55128.0
1777383617.1037138,4911733,55132.0
1777383673.4635787,4912546,55136.0
1777383706.6235874,4913022,55140.0
1777383741.3908074,4913523,55144.0
1777383781.0387893,4914100,55148.0
1777383799.450971,4914356,55152.0
1777383839.4146326,4914938,55156.0
1777383861.7585254,4915250,55160.0
1777383896.689968,4915753,55164.0
1777383919.3819747,4916072,55168.0
1777383960.986066,4916675,55172.0
1777384012.141813,4917416,55176.0
1777384034.6696863,4917732,55180.0
1777384060.892973,4918105,55184.0
1777384112.2769842,4918853,55188.0
1777384140.244955,4919252,55192.0
1777384167.004821,4919634,55196.0
1777384189.528779,4919952,55200.0
1777384223.996644,4920449,55204.0
1777384272.1883092,4921141,55208.0
1777384292.9557061,4921437,55212.0
1777384338.1119556,4922089,55216.0
1777384377.6317344,4922664,55220.0
1777384416.6716855,4923232,55224.0
1777384448.763591,4923689,55228.0
1777384489.2397437,4924272,55232.0
1777384527.4080825,4924820,55236.0
1777384561.159876,4925308,55240.0
1777384602.976478,4925909,55244.0
1777384636.5847473,4926395,55248.0
1777384667.55255,4926836,55252.0
1777384699.460583,4927295,55256.0
1777384720.136653,4927582,55260.0
1777384746.752771,4927969,55264.0
1777384783.688717,4928496,55268.0
1777384814.4127228,4928933,55272.0
1777384844.812482,4929369,55276.0
1777384881.82434,4929902,55280.0
1777384910.6886976,4930317,55284.0
1777384943.2927053,4930784,55288.0
1777384982.8486986,4931355,55292.0
1777385007.816718,4931708,55296.0
1777385052.1005821,4932346,55300.0
1777385083.6526957,4932803,55304.0
1777385126.0366383,4933418,55308.0
1777385155.9442537,4933846,55312.0
1777385178.5365477,4934160,55316.0
1777385201.328086,4934480,55320.0
1777385227.3439322,4934858,55324.0
1777385275.6121025,4935558,55328.0
1777385339.9721768,4936502,55332.0
1777385358.232057,4936755,55336.0
1777385384.0156455,4937118,55340.0
1777385448.6076288,4938061,55344.0
1777385466.9077697,4938324,55348.0
1777385479.983685,4938498,55352.0
1777385512.9477162,4938973,55356.0
1777385542.5396328,4939391,55360.0
1777385602.7835019,4940267,55364.0
1777385633.4349818,4940707,55368.0
1777385655.0590053,4941008,55372.0
1777385702.0950694,4941689,55376.0
1777385724.5871758,4942004,55380.0
1777385754.3505511,4942431,55384.0
1777385798.7347212,4943078,55388.0
1777385823.9267154,4943433,55392.0
1777385851.1866293,4943816,55396.0
1777385876.0387475,4944171,55400.0
1777385928.7544649,4944937,55404.0
1777385956.4545066,4945335,55408.0
1777385979.8621604,4945674,55412.0
1777386000.153582,4945958,55416.0
1777386017.3457608,4946194,55420.0
1777386046.1299849,4946606,55424.0
1777386081.3217657,4947110,55428.0
1777386104.913738,4947440,55432.0
1777386135.4736958,4947880,55436.0
1777386167.8576398,4948348,55440.0
1777386218.800946,4949095,55444.0
1777386250.108882,4949540,55448.0
1777386285.8249815,4950051,55452.0
1777386327.8089464,4950657,55456.0
1777386362.4606571,4951153,55460.0
1777386398.7008865,4951678,55464.0
1777386429.2045975,4952112,55468.0
1777386466.0043757,4952636,55472.0
1777386498.3039126,4953096,55476.0
1777386524.4281178,4953468,55480.0
1777386567.3477886,4954090,55484.0
1777386601.0876365,4954576,55488.0
1777386631.4557655,4955013,55492.0
1777386657.795691,4955384,55496.0
1777386683.087723,4955741,55500.0
1777386734.9153264,4956499,55504.0
1777386776.0667043,4957087,55508.0
1777386806.8150725,4957529,55512.0
1777386833.3749604,4957905,55516.0
1777386860.9826677,4958299,55520.0
1777386882.4587007,4958609,55524.0
1777386909.74266,4958995,55528.0
1777386926.302532,4959227,55532.0
1777386968.9666998,4959846,55536.0
1777386982.0584607,4960024,55540.0
1777387016.1499085,4960515,55544.0
1777387036.1097934,4960802,55548.0
1777387064.3342564,4961208,55552.0
1777387099.0860195,4961699,55556.0
1777387141.0536418,4962310,55560.0
1777387173.2056563,4962775,55564.0
1777387213.7693255,4963366,55568.0
1777387232.7976983,4963630,55572.0
1777387282.1568456,4964342,55576.0
1777387316.0494006,4964833,55580.0
1777387351.9489782,4965352,55584.0
1777387390.5726163,4965912,55588.0
1777387430.6087048,4966485,55592.0
1777387463.456632,4966951,55596.0
1777387499.0081303,4967464,55600.0
1777387542.224397,4968093,55604.0
1777387564.832461,4968411,55608.0
1777387600.5679371,4968924,55612.0
1777387644.9678524,4969563,55616.0
1777387674.8036385,4969992,55620.0
1777387699.8593993,4970353,55624.0
1777387733.819714,4970832,55628.0
1777387766.3033128,4971299,55632.0
1777387789.0950491,4971630,55636.0
1777387815.3189876,4971999,55640.0
1777387874.4109366,4972859,55644.0
1777387907.6949742,4973335,55648.0
1777387935.5386853,4973732,55652.0
1777387968.7706347,4974206,55656.0
1777388006.638554,4974747,55660.0
1777388037.2823524,4975187,55664.0
1777388075.5821247,4975738,55668.0
1777388110.3498545,4976234,55672.0
1777388146.3176928,4976754,55676.0
1777388173.0096393,4977129,55680.0
1777388204.8258626,4977587,55684.0
1777388232.4178455,4977976,55688.0
1777388262.5333786,4978406,55692.0
1777388295.6933815,4978880,55696.0
1777388322.4535952,4979255,55700.0
1777388351.5368037,4979672,55704.0
1777388400.3848515,4980380,55708.0
1777388427.7849615,4980766,55712.0
1777388470.7688885,4981388,55716.0
1777388498.7127268,4981789,55720.0
1777388533.3958395,4982292,55724.0
1777388561.2036567,4982686,55728.0
1777388608.5953288,4983362,55732.0
1777388626.262867,4983609,55736.0
1777388654.5305965,4984014,55740.0
1777388693.0978162,4984574,55744.0
1777388723.0697227,4985001,55748.0
1777388763.7734983,4985577,55752.0
1777388792.3572419,4985987,55756.0
1777388823.4487872,4986432,55760.0
1777388855.8485317,4986897,55764.0
1777388881.1397285,4987254,55768.0
1777388917.1397023,4987771,55772.0
1777388949.4636102,4988235,55776.0
1777388972.6148906,4988561,55780.0
1777389006.3749714,4989047,55784.0
1777389041.9907467,4989561,55788.0
1777389072.022712,4989991,55792.0
1777389103.150292,4990437,55796.0
1777389136.7657602,4990918,55800.0
1777389163.9416285,4991305,55804.0
1777389199.5095963,4991818,55808.0
1777389244.077301,4992465,55812.0
1777389275.2926438,4992908,55816.0
1777389282.342313,4993000,55820.0
1777389314.6086164,4993468,55824.0
1777389352.1165237,4994008,55828.0
1777389406.375911,4994791,55832.0
1777389449.003695,4995403,55836.0
1777389467.2037187,4995665,55840.0
1777389508.3714874,4996263,55844.0
1777389535.5790231,4996650,55848.0
1777389574.078647,4997201,55852.0
1777389591.5027606,4997448,55856.0
1777389614.8627853,4997779,55860.0
1777389643.6303978,4998188,55864.0
1777389671.7220025,4998590,55868.0
1777389699.9057508,4998988,55872.0
1777389732.4138968,4999451,55876.0
1777389754.2896879,4999760,55880.0
1777389801.049737,5000443,55884.0
1777389840.7973497,5000958,55888.0
1777389864.924795,5001304,55892.0
1777389897.8966506,5001772,55896.0
1777389912.072716,5001969,55900.0
1777389942.324771,5002405,55904.0
1777389977.9164088,5002915,55908.0
1777390025.6599314,5003601,55912.0
1777390048.5522218,5003931,55916.0
1777390086.1677594,5004470,55920.0
1777390119.559514,5004951,55924.0
1777390136.4195979,5005188,55928.0
1777390180.4508982,5005814,55932.0
1777390220.8868392,5006396,55936.0
1777390256.3507662,5006903,55940.0
1777390279.6946077,5007235,55944.0
1777390314.362443,5007732,55948.0
1777390356.630447,5008336,55952.0
1777390377.6697917,5008634,55956.0
1777390399.1937163,5008932,55960.0
1777390440.1297665,5009520,55964.0
1777390463.9057047,5009865,55968.0
1777390496.6056643,5010339,55972.0
1777390522.245537,5010700,55976.0
1777390536.0213645,5010891,55980.0
1777390583.2212481,5011578,55984.0
1777390616.272755,5012055,55988.0
1777390641.0808141,5012404,55992.0
1777390666.988797,5012775,55996.0
1777390698.524608,5013228,56000.0
1777390751.5486424,5013996,56004.0
1777390808.007742,5014810,56008.0
1777390847.7516987,5015381,56012.0
1777390882.499707,5015881,56016.0
1777390913.8677473,5016333,56020.0
1777390964.4515607,5017066,56024.0
1777390986.2790837,5017373,56028.0
1777391033.343028,5018061,56032.0
1777391062.646753,5018474,56036.0
1777391094.654689,5018937,56040.0
1777391136.9945416,5019547,56044.0
1777391168.7544491,5020002,56048.0
1777391198.238468,5020420,56052.0
1777391244.4539156,5021091,56056.0
1777391267.681532,5021418,56060.0
1777391309.0497096,5022021,56064.0
1777391338.205164,5022440,56068.0
1777391384.1331217,5023104,56072.0
1777391425.5009549,5023705,56076.0
1777391450.557321,5024060,56080.0
1777391495.724759,5024715,56084.0
1777391538.240428,5025328,56088.0
1777391577.2241724,5025891,56092.0
1777391620.9998457,5026521,56096.0
1777391659.759899,5027076,56100.0
1777391696.695405,5027610,56104.0
1777391721.9676902,5027965,56108.0
1777391748.3356552,5028341,56112.0
1777391780.6272433,5028799,56116.0
1777391818.9631262,5029354,56120.0
1777391853.9107609,5029857,56124.0
1777391890.478749,5030377,56128.0
1777391916.1067448,5030741,56132.0
1777391982.1299279,5031701,56136.0
1777392000.9898086,5031973,56140.0
1777392032.2578382,5032422,56144.0
1777392056.2135723,5032760,56148.0
1777392087.981655,5033213,56152.0
1777392108.1254683,5033491,56156.0
1777392130.9496317,5033815,56160.0
1777392163.9412372,5034290,56164.0
1777392203.9249372,5034869,56168.0
1777392230.4247606,5035245,56172.0
1777392251.5688856,5035540,56176.0
1777392279.3607204,5035935,56180.0
1777392312.2925842,5036407,56184.0
1777392341.4520948,5036822,56188.0
1777392366.2438269,5037172,56192.0
1777392402.711672,5037700,56196.0
1777392432.1118264,5038118,56200.0
1777392465.9676957,5038605,56204.0
1777392496.7037826,5039045,56208.0
1777392528.379519,5039497,56212.0
1777392549.7274141,5039798,56216.0
1777392576.7389212,5040183,56220.0
1777392597.2106926,5040478,56224.0
1777392621.6546795,5040822,56228.0
1777392673.9697847,5041584,56232.0
1777392708.2218356,5042076,56236.0
1777392730.9812984,5042398,56240.0
1777392769.8131611,5042958,56244.0
1777392805.864637,5043476,56248.0
1777392847.8117623,5044077,56252.0
1777392879.2797437,5044522,56256.0
1777392908.623397,5044947,56260.0
1777392927.899289,5045223,56264.0
1777392960.8630223,5045693,56268.0
1777392982.674543,5045997,56272.0
1777393014.1147223,5046447,56276.0
1777393052.7137215,5047009,56280.0
1777393080.9817119,5047416,56284.0
1777393123.9175181,5048037,56288.0
1777393161.2007365,5048573,56292.0
1777393194.092722,5049048,56296.0
1777393220.556568,5049425,56300.0
1777393252.9159043,5049890,56304.0
1777393285.8000064,5050359,56308.0
1777393324.9995391,5050925,56312.0
1777393368.3354611,5051545,56316.0
1777393393.2591202,5051900,56320.0
1777393432.8746204,5052473,56324.0
1777393470.0106475,5053010,56328.0
1777393507.742384,5053553,56332.0
1777393520.6622276,5053729,56336.0
1777393545.56195,5054078,56340.0
1777393598.0775638,5054840,56344.0
1777393642.3132517,5055478,56348.0
1777393674.113448,5055934,56352.0
1777393715.1447253,5056527,56356.0
1777393744.8727987,5056954,56360.0
1777393769.9043398,5057311,56364.0
1777393810.9878244,5057898,56368.0
1777393855.3559642,5058540,56372.0
1777393888.887701,5059020,56376.0
1777393912.0313268,5059341,56380.0
1777393957.874775,5060002,56384.0
1777393986.754818,5060418,56388.0
1777394018.8064504,5060865,56392.0
1777394046.066622,5061258,56396.0
1777394075.2986941,5061673,56400.0
1777394094.3423731,5061941,56404.0
1777394120.0337005,5062303,56408.0
1777394142.6578128,5062622,56412.0
1777394182.3575275,5063198,56416.0
1777394212.5776463,5063629,56420.0
1777394246.4854546,5064121,56424.0
1777394293.8610084,5064800,56428.0
1777394328.0366251,5065285,56432.0
1777394353.0206716,5065639,56436.0
1777394387.9762723,5066141,56440.0
1777394429.9119515,5066751,56444.0
1777394453.0519872,5067080,56448.0
1777394483.2520978,5067506,56452.0
1777394508.427764,5067865,56456.0
1777394525.935732,5068112,56460.0
1777394563.7549498,5068655,56464.0
1777394613.4388807,5069377,56468.0
1777394650.722706,5069907,56472.0
1777394674.8626888,5070250,56476.0
1777394686.3067315,5070401,56480.0
1777394724.2548962,5070950,56484.0
1777394755.4302397,5071391,56488.0
1777394802.1586452,5072063,56492.0
1777394828.7505198,5072447,56496.0
1777394863.1822677,5072934,56500.0
1777394894.5817695,5073388,56504.0
1777394930.75794,5073906,56508.0
1777394964.1939428,5074391,56512.0
1777395003.5258138,5074963,56516.0
1777395020.0534413,5075188,56520.0
1777395048.6097128,5075598,56524.0
1777395076.6537492,5075999,56528.0
1777395102.3935003,5076363,56532.0
1777395145.1689835,5076979,56536.0
1777395174.2128344,5077392,56540.0
1777395218.4447646,5078032,56544.0
1777395243.8524697,5078392,56548.0
1777395285.112693,5078983,56552.0
1777395327.4966345,5079596,56556.0
1777395349.7564735,5079906,56560.0
1777395404.099811,5080695,56564.0
1777395444.7997918,5081279,56568.0
1777395501.5837197,5082100,56572.0
1777395532.2673924,5082539,56576.0
1777395563.0433407,5082981,56580.0
1777395574.0348246,5083134,56584.0
1777395632.642945,5083982,56588.0
1777395680.6947992,5084673,56592.0
1777395748.0504396,5085652,56596.0
1777395778.585867,5086089,56600.0
1777395812.0863106,5086573,56604.0
1777395845.862028,5087059,56608.0
1777395894.7376163,5087767,56612.0
1777395918.0451825,5088103,56616.0
1777395944.6894777,5088481,56620.0
1777395978.4729447,5088966,56624.0
1777396027.7572558,5089682,56628.0
1777396076.6806219,5090387,56632.0
1777396122.9805324,5091054,56636.0
1777396144.7884274,5091369,56640.0
1777396180.3242302,5091884,56644.0
1777396205.5324032,5092241,56648.0
1777396236.367816,5092686,56652.0
1777396294.215763,5093530,56656.0
1777396336.8833294,5094139,56660.0
1777396380.5750716,5094773,56664.0
1777396409.5829246,5095186,56668.0
1777396450.2667148,5095778,56672.0
1777396489.8705757,5096342,56676.0
1777396517.5864778,5096737,56680.0
1777396552.8101432,5097247,56684.0
1777396592.9937549,5097827,56688.0
1777396640.55371,5098511,56692.0
1777396675.5453503,5099013,56696.0
1777396709.145728,5099498,56700.0
1777396746.0140657,5100029,56704.0
1777396776.8744502,5100470,56708.0
1777396807.1223686,5100907,56712.0
1777396846.5916634,5101475,56716.0
1777396863.8187323,5101720,56720.0
1777396892.6593807,5102133,56724.0
1777396942.0756776,5102846,56728.0
1777396972.5599997,5103282,56732.0
1777397006.3117044,5103761,56736.0
1777397033.9365098,5104155,56740.0
1777397066.7560833,5104629,56744.0
1777397117.8565698,5105366,56748.0
1777397136.7166572,5105634,56752.0
1777397173.9327173,5106167,56756.0
1777397199.792891,5106538,56760.0
1777397235.5767188,5107046,56764.0
1777397270.0087428,5107540,56768.0
1777397295.7328274,5107903,56772.0
1777397346.1367328,5108638,56776.0
1777397372.5206041,5109014,56780.0
1777397402.4609077,5109446,56784.0
1777397453.4889438,5110183,56788.0
1777397482.544801,5110593,56792.0
1777397519.9807112,5111136,56796.0
1777397577.9886231,5111980,56800.0
1777397613.5244858,5112495,56804.0
1777397650.6169336,5113031,56808.0
1777397679.4645922,5113443,56812.0
1777397709.8925116,5113876,56816.0
1777397745.5566573,5114382,56820.0
1777397769.0847297,5114723,56824.0
1777397840.9006217,5115760,56828.0
1777397874.2084181,5116238,56832.0
1777397905.1764083,5116687,56836.0
1777397927.4843745,5116998,56840.0
1777397959.536553,5117462,56844.0
1777397999.0519667,5118026,56848.0
1777398029.396067,5118462,56852.0
1777398062.0481303,5118935,56856.0
1777398090.9559772,5119344,56860.0
1777398146.89581,5120158,56864.0
1777398179.8316839,5120632,56868.0
1777398210.4718814,5121074,56872.0
1777398241.7396445,5121521,56876.0
1777398287.423487,5122179,56880.0
1777398329.375487,5122786,56884.0
1777398368.3593001,5123345,56888.0
1777398400.1354442,5123800,56892.0
1777398425.5030584,5124159,56896.0
1777398451.3586957,5124528,56900.0
1777398489.042635,5125074,56904.0
1777398516.702829,5125471,56908.0
1777398557.2547483,5126054,56912.0
1777398590.6864758,5126535,56916.0
1777398626.7225652,5127057,56920.0
1777398657.178098,5127491,56924.0
1777398684.1384437,5127874,56928.0
1777398716.2699437,5128332,56932.0
1777398755.4538984,5128900,56936.0
1777398779.1979034,5129236,56940.0
1777398798.1577258,5129501,56944.0
1777398841.8408124,5130140,56948.0
1777398864.0049987,5130447,56952.0
1777398893.980703,5130874,56956.0
1777398915.9083645,5131183,56960.0
1777398937.0007005,5131487,56964.0
1777398979.6839945,5132097,56968.0
1777399022.183945,5132708,56972.0
1777399052.915593,5133151,56976.0
1777399077.2596216,5133494,56980.0
1777399107.3353221,5133926,56984.0
1777399132.966904,5134293,56988.0
1777399175.0668943,5134900,56992.0
1777399205.274633,5135330,56996.0
1777399226.5187495,5135626,57000.0
1777399259.8704307,5136105,57004.0
1777399293.8019438,5136593,57008.0
1777399318.845967,5136945,57012.0
1777399346.9381437,5137347,57016.0
1777399380.301402,5137826,57020.0
1777399411.2934856,5138272,57024.0
1777399458.4208255,5138955,57028.0
1777399480.928853,5139276,57032.0
1777399527.2129061,5139941,57036.0
1777399573.6648726,5140617,57040.0
1777399608.847984,5141122,57044.0
1777399638.4478893,5141543,57048.0
1777399656.772124,5141806,57052.0
1777399694.7158973,5142354,57056.0
1777399713.3560817,5142615,57060.0
1777399750.2077308,5143146,57064.0
1777399779.4916725,5143560,57068.0
1777399803.9154654,5143905,57072.0
1777399835.9749572,5144368,57076.0
1777399869.9748144,5144854,57080.0
1777399898.6586568,5145263,57084.0
1777399936.182517,5145809,57088.0
1777399962.9667835,5146187,57092.0
1777399995.9106753,5146657,57096.0
1777400014.6344984,5146920,57100.0
1777400050.734414,5147442,57104.0
1777400070.0259697,5147709,57108.0
1777400114.6460674,5148356,57112.0
1777400130.2220068,5148571,57116.0
1777400144.7939677,5148777,57120.0
1777400182.7977414,5149320,57124.0
1777400206.2215073,5149656,57128.0
1777400257.9893463,5150400,57132.0
1777400286.2052963,5150801,57136.0
1777400316.097083,5151228,57140.0
1777400351.8650563,5151746,57144.0
1777400379.1044729,5152130,57148.0
1777400412.7247376,5152612,57152.0
1777400433.0644264,5152895,57156.0
1777400461.4243073,5153298,57160.0
1777400498.8558075,5153837,57164.0
1777400523.5683331,5154183,57168.0
1777400568.4767208,5154834,57172.0
1777400597.2996914,5155244,57176.0
1777400628.867963,5155694,57180.0
1777400667.5592334,5156256,57184.0
1777400698.4434295,5156696,57188.0
1777400722.4872794,5157037,57192.0
1777400761.8507044,5157606,57196.0
1777400789.2345219,5157996,57200.0
1777400827.7107995,5158551,57204.0
1777400858.2303271,5158991,57208.0
1777400887.386237,5159405,57212.0
1777400912.421693,5159764,57216.0
1777400937.5974848,5160122,57220.0
1777400982.1134803,5160768,57224.0
1777401006.4729297,5161107,57228.0
1777401044.1569386,5161654,57232.0
1777401072.7967498,5162061,57236.0
1777401103.6968243,5162506,57240.0
1777401146.779926,5163126,57244.0
1777401177.8321078,5163567,57248.0
1777401199.9921153,5163874,57252.0
1777401243.5757961,5164502,57256.0
1777401269.3157964,5164869,57260.0
1777401301.1152658,5165326,57264.0
1777401338.9827986,5165869,57268.0
1777401371.3427727,5166338,57272.0
1777401414.4266417,5166954,57276.0
1777401461.6508782,5167644,57280.0
1777401498.1698544,5168172,57284.0
1777401534.6261296,5168693,57288.0
1777401561.945915,5169081,57292.0
1777401591.2176871,5169495,57296.0
1777401616.9456942,5169868,57300.0
1777401639.561699,5170188,57304.0
1777401687.6448953,5170883,57308.0
1777401722.7610018,5171386,57312.0
1777401759.3888607,5171916,57316.0
1777401781.9367325,5172230,57320.0
1777401806.0807576,5172573,57324.0
1777401842.7483478,5173103,57328.0
1777401884.980404,5173717,57332.0
1777401910.9559588,5174088,57336.0
1777401931.563779,5174374,57340.0
1777401970.231692,5174936,57344.0
1777401999.6753073,5175356,57348.0
1777402032.7396815,5175829,57352.0
1777402079.007326,5176493,57356.0
1777402104.414996,5176855,57360.0
1777402145.1989985,5177449,57364.0
1777402197.7427442,5178211,57368.0
1777402234.4585161,5178739,57372.0
1777402271.2420387,5179269,57376.0
1777402298.1343708,5179653,57380.0
1777402321.9619272,5179990,57384.0
1777402348.909624,5180371,57388.0
1777402384.3777385,5180881,57392.0
1777402410.4215775,5181253,57396.0
1777402433.1617947,5181574,57400.0
1777402462.4534397,5181991,57404.0
1777402504.4535005,5182603,57408.0
1777402534.6207807,5183034,57412.0
1777402562.8806586,5183439,57416.0
1777402580.1407464,5183685,57420.0
1777402603.4486973,5184016,57424.0
1777402642.5886254,5184578,57428.0
1777402680.2159262,5185119,57432.0
1777402711.2838748,5185562,57436.0
1777402742.5077858,5186009,57440.0
1777402785.8077781,5186638,57444.0
1777402810.3517094,5186984,57448.0
1777402850.1836483,5187564,57452.0
1777402884.6349292,5188055,57456.0
1777402910.4591837,5188429,57460.0
1777402961.9347913,5189171,57464.0
1777403002.8867106,5189754,57468.0
1777403048.6347194,5190416,57472.0
1777403091.269809,5191032,57476.0
1777403121.5020547,5191461,57480.0
1777403157.1296568,5191968,57484.0
1777403175.0057633,5192220,57488.0
1777403210.2216127,5192731,57492.0
1777403252.6218,5193338,57496.0
1777403290.8891437,5193893,57500.0
1777403315.8134658,5194251,57504.0
1777403331.42077,5194469,57508.0
1777403368.2568142,5194990,57512.0
1777403401.4403558,5195462,57516.0
1777403425.3804953,5195804,57520.0
1777403458.5164297,5196281,57524.0
1777403473.4324822,5196492,57528.0
1777403527.26015,5197271,57532.0
1777403556.7996814,5197692,57536.0
1777403575.959738,5197960,57540.0
1777403609.559724,5198445,57544.0
1777403631.3356454,5198757,57548.0
1777403682.9670627,5199495,57552.0
1777403707.1869416,5199837,57556.0
1777403740.9430566,5200321,57560.0
1777403773.2426984,5200789,57564.0
1777403797.518698,5201131,57568.0
1777403852.2100327,5201919,57572.0
1777403884.3025455,5202379,57576.0
1777403913.969729,5202805,57580.0
1777403934.8458693,5203102,57584.0
1777403961.0696807,5203482,57588.0
1777403983.02966,5203790,57592.0
1777404012.59768,5204213,57596.0
1777404040.6217458,5204610,57600.0
1777404079.1891527,5205169,57604.0
1777404099.1489482,5205446,57608.0
1777404137.5968382,5205997,57612.0
1777404155.9089723,5206253,57616.0
1777404182.600783,5206630,57620.0
1777404206.824695,5206978,57624.0
1777404231.5246317,5207335,57628.0
1777404277.5398662,5207997,57632.0
1777404304.8157642,5208382,57636.0
1777404320.4918535,5208600,57640.0
1777404354.8599565,5209092,57644.0
1777404390.6198132,5209608,57648.0
1777404420.3515682,5210034,57652.0
1777404454.3353145,5210520,57656.0
1777404495.8029094,5211120,57660.0
1777404533.611221,5211668,57664.0
1777404566.5709262,5212135,57668.0
1777404597.810526,5212584,57672.0
1777404639.614479,5213189,57676.0
1777404664.970403,5213542,57680.0
1777404685.9144058,5213837,57684.0
1777404720.2620995,5214333,57688.0
1777404749.2223856,5214745,57692.0
1777404775.8659961,5215121,57696.0
1777404801.9658906,5215495,57700.0
1777404831.8218133,5215923,57704.0
1777404869.6055307,5216462,57708.0
1777404890.5333874,5216757,57712.0
1777404920.033331,5217178,57716.0
1777404954.3254828,5217670,57720.0
1777404987.0937436,5218137,57724.0
1777405008.2335043,5218436,57728.0
1777405037.8093393,5218858,57732.0
1777405072.7255812,5219359,57736.0
1777405099.0017498,5219736,57740.0
1777405131.3537078,5220202,57744.0
1777405182.3974717,5220937,57748.0
1777405204.369587,5221247,57752.0
1777405226.2455916,5221556,57756.0
1777405256.537486,5221992,57760.0
1777405283.9735625,5222390,57764.0
1777405323.3409252,5222951,57768.0
1777405357.0971212,5223433,57772.0
1777405388.917465,5223891,57776.0
1777405424.3490975,5224401,57780.0
1777405460.540809,5224926,57784.0
1777405497.040971,5225448,57788.0
1777405523.1006312,5225823,57792.0
1777405553.0169933,5226251,57796.0
1777405587.0684302,5226733,57800.0
1777405604.7365327,5226985,57804.0
1777405650.212731,5227641,57808.0
1777405692.444706,5228255,57812.0
1777405713.8888218,5228555,57816.0
1777405743.8365939,5228981,57820.0
1777405762.2887402,5229245,57824.0
1777405789.987849,5229641,57828.0
1777405816.1482146,5230010,57832.0
1777405848.5201874,5230473,57836.0
1777405877.9719002,5230894,57840.0
1777405909.247501,5231346,57844.0
1777405933.8800387,5231691,57848.0
1777405953.4916356,5231966,57852.0
1777405982.54756,5232381,57856.0
1777406012.5317194,5232806,57860.0
1777406048.1393743,5233320,57864.0
1777406075.075335,5233703,57868.0
1777406097.3355892,5234013,57872.0
1777406135.8667617,5234563,57876.0
1777406166.0107815,5234993,57880.0
1777406199.442528,5235476,57884.0
1777406230.5863867,5235919,57888.0
1777406272.3024545,5236526,57892.0
1777406299.418686,5236914,57896.0
1777406339.3705075,5237490,57900.0
1777406363.2305284,5237836,57904.0
1777406413.1458197,5238560,57908.0
1777406455.405976,5239176,57912.0
1777406480.7460606,5239529,57916.0
1777406506.4059508,5239895,57920.0
1777406537.8892972,5240348,57924.0
1777406578.6055734,5240932,57928.0
1777406603.63294,5241290,57932.0
1777406623.1568184,5241560,57936.0
1777406653.964943,5241999,57940.0
1777406688.9169447,5242505,57944.0
1777406739.8570893,5243240,57948.0
1777406766.2007053,5243617,57952.0
1777406791.0246382,5243965,57956.0
1777406810.816737,5244250,57960.0
1777406844.0165436,5244729,57964.0
1777406875.0759346,5245175,57968.0
1777406901.1358473,5245544,57972.0
1777406937.052104,5246062,57976.0
1777406969.3197377,5246521,57980.0
1777406986.979244,5246773,57984.0
1777407025.4429972,5247331,57988.0
1777407054.502728,5247745,57992.0
1777407089.8183737,5248248,57996.0
1777407116.962455,5248639,58000.0
1777407166.3216965,5249355,58004.0
1777407211.436894,5249997,58008.0
1777407250.2369645,5250550,58012.0
1777407281.728764,5250998,58016.0
1777407312.896618,5251444,58020.0
1777407349.4479678,5251975,58024.0
1777407399.763653,5252703,58028.0
1777407441.5794294,5253306,58032.0
1777407476.798972,5253811,58036.0
1777407499.9073436,5254136,58040.0
1777407528.482778,5254544,58044.0
1777407568.030827,5255114,58048.0
1777407598.6823049,5255554,58052.0
1777407623.8899622,5255912,58056.0
1777407661.141932,5256446,58060.0
1777407698.3739498,5256985,58064.0
1777407723.9096017,5257346,58068.0
1777407757.9010277,5257839,58072.0
1777407776.824833,5258103,58076.0
1777407802.5009558,5258466,58080.0
1777407857.9607718,5259270,58084.0
1777407891.352716,5259750,58088.0
1777407934.9438293,5260378,58092.0
1777407958.4877765,5260716,58096.0
1777407989.8277605,5261158,58100.0
1777408011.7356892,5261474,58104.0
1777408040.0197558,5261871,58108.0
1777408084.155283,5262502,58112.0
1777408105.6793666,5262806,58116.0
1777408124.4873183,5263069,58120.0
1777408151.914922,5263461,58124.0
1777408198.054731,5264128,58128.0
1777408220.4625456,5264442,58132.0
1777408258.7143185,5264994,58136.0
1777408285.058076,5265362,58140.0
1777408328.3900452,5265981,58144.0
1777408355.6737475,5266365,58148.0
1777408374.1576757,5266627,58152.0
1777408399.3416502,5266977,58156.0
1777408426.9648533,5267374,58160.0
1777408458.7092881,5267830,58164.0
1777408513.5007036,5268630,58168.0
1777408544.3687012,5269073,58172.0
1777408565.9246628,5269375,58176.0
1777408585.6007316,5269653,58180.0
1777408626.3998778,5270235,58184.0
1777408651.0759504,5270579,58188.0
1777408675.1199684,5270921,58192.0
1777408706.4879632,5271372,58196.0
1777408725.9957278,5271646,58200.0
1777408754.3715677,5272053,58204.0
1777408783.2950416,5272465,58208.0
1777408818.3269384,5272969,58212.0
1777408847.1111085,5273377,58216.0
1777408874.438715,5273766,58220.0
1777408930.1466706,5274579,58224.0
1777408966.7624552,5275108,58228.0
1777409020.8459387,5275894,58232.0
1777409072.4222014,5276637,58236.0
1777409104.3739636,5277092,58240.0
1777409138.049969,5277579,58244.0
1777409170.3819134,5278043,58248.0
1777409204.2938666,5278530,58252.0
1777409218.8338964,5278734,58256.0
1777409250.417814,5279181,58260.0
1777409290.5856688,5279758,58264.0
1777409338.1697671,5280446,58268.0
1777409369.693694,5280891,58272.0
1777409401.6857023,5281346,58276.0
1777409450.7136657,5282059,58280.0
1777409487.7973466,5282598,58284.0
1777409520.0813704,5283064,58288.0
1777409555.980942,5283570,58292.0
1777409573.8049788,5283824,58296.0
1777409602.9129493,5284238,58300.0
1777409640.381055,5284781,58304.0
1777409684.832805,5285423,58308.0
1777409719.2487197,5285921,58312.0
1777409760.1685739,5286518,58316.0
1777409795.252362,5287015,58320.0
1777409839.8004298,5287663,58324.0
1777409880.151854,5288248,58328.0
1777409901.5919847,5288544,58332.0
1777409941.3443646,5289114,58336.0
1777409964.104002,5289435,58340.0
1777410007.803754,5290065,58344.0
1777410043.187569,5290572,58348.0
1777410075.4794707,5291038,58352.0
1777410105.5469725,5291468,58356.0
1777410129.4232016,5291805,58360.0
1777410153.0947068,5292141,58364.0
1777410208.2067995,5292946,58368.0
1777410239.3628037,5293390,58372.0
1777410269.2141986,5293817,58376.0
1777410295.7067082,5294192,58380.0
1777410336.722315,5294782,58384.0
1777410361.4818223,5295137,58388.0
1777410386.9503953,5295501,58392.0
1777410406.3416846,5295766,58396.0
1777410430.949567,5296114,58400.0
1777410455.585895,5296463,58404.0
1777410490.2254956,5296959,58408.0
1777410523.1415975,5297435,58412.0
1777410561.517392,5297992,58416.0
1777410580.6608226,5298260,58420.0
1777410622.8769367,5298873,58424.0
1777410652.276594,5299292,58428.0
1777410686.3606155,5299779,58432.0
1777410715.4206946,5300196,58436.0
1777410730.8126085,5300402,58440.0
1777410768.6442218,5300951,58444.0
1777410798.1359909,5301365,58448.0
1777410820.8285215,5301683,58452.0
1777410854.9799836,5302170,58456.0
1777410900.231782,5302830,58460.0
1777410930.331737,5303260,58464.0
1777410976.0317237,5303913,58468.0
1777411003.7234359,5304306,58472.0
1777411044.0908034,5304891,58476.0
1777411090.5429468,5305560,58480.0
1777411115.8267472,5305919,58484.0
1777411141.350706,5306286,58488.0
1777411178.8184342,5306819,58492.0
1777411206.0739508,5307208,58496.0
1777411236.4417536,5307645,58500.0
1777411277.9937477,5308248,58504.0
1777411301.7538583,5308583,58508.0
1777411335.117569,5309063,58512.0
1777411383.3369708,5309765,58516.0
1777411409.193175,5310133,58520.0
1777411434.7530644,5310501,58524.0
1777411496.772662,5311403,58528.0
1777411516.3967044,5311675,58532.0
1777411543.7727609,5312067,58536.0
1777411564.4486122,5312360,58540.0
1777411602.8117552,5312908,58544.0
1777411638.3477557,5313419,58548.0
1777411657.4557564,5313683,58552.0
1777411684.547784,5314074,58556.0
1777411721.5634708,5314598,58560.0
1777411754.907594,5315079,58564.0
1777411792.191375,5315615,58568.0
1777411823.1587627,5316053,58572.0
1777411872.906722,5316771,58576.0
1777411894.7506866,5317083,58580.0
1777411920.2586327,5317444,58584.0
1777411954.2743554,5317935,58588.0
1777412000.8019562,5318599,58592.0
1777412034.7418654,5319089,58596.0
1777412061.6858382,5319468,58600.0
1777412092.1377578,5319906,58604.0
1777412111.8296173,5320173,58608.0
1777412134.8216684,5320506,58612.0
1777412155.4297147,5320793,58616.0
1777412175.953755,5321075,58620.0
1777412205.1208684,5321492,58624.0
1777412241.528837,5322014,58628.0
1777412267.5125318,5322384,58632.0
1777412314.548693,5323064,58636.0
1777412340.0565784,5323423,58640.0
1777412365.1482553,5323781,58644.0
1777412400.2965827,5324284,58648.0
1777412435.2639256,5324786,58652.0
1777412463.9717624,5325193,58656.0
1777412495.3917818,5325639,58660.0
1777412518.0317838,5325957,58664.0
1777412552.5834188,5326448,58668.0
1777412580.1594539,5326837,58672.0
1777412618.80758,5327390,58676.0
1777412649.8269713,5327833,58680.0
1777412685.0827472,5328343,58684.0
1777412709.0867295,5328685,58688.0
1777412745.6107035,5329212,58692.0
1777412768.9425647,5329539,58696.0
1777412801.2346358,5329997,58700.0
1777412833.2017756,5330457,58704.0
1777412878.3699048,5331115,58708.0
1777412908.1617289,5331543,58712.0
1777412940.8618975,5332015,58716.0
1777412963.1376362,5332326,58720.0
1777412999.4892209,5332852,58724.0
1777413032.665217,5333327,58728.0
1777413070.7646608,5333875,58732.0
1777413094.3570352,5334218,58736.0
1777413119.8728325,5334575,58740.0
1777413147.232755,5334965,58744.0
1777413185.700763,5335521,58748.0
1777413248.016393,5336421,58752.0
1777413268.2004266,5336710,58756.0
1777413305.7843974,5337249,58760.0
1777413326.4239898,5337538,58764.0
1777413358.5439541,5337996,58768.0
1777413387.7356224,5338409,58772.0
1777413408.7917175,5338706,58776.0
1777413433.8959446,5339063,58780.0
1777413487.0273273,5339839,58784.0
1777413538.7793999,5340590,58788.0
1777413571.9949934,5341063,58792.0
1777413630.870772,5341919,58796.0
1777413657.246619,5342288,58800.0
1777413671.3229556,5342481,58804.0
1777413700.0987651,5342891,58808.0
1777413735.6627152,5343402,58812.0
1777413751.3746922,5343624,58816.0
1777413785.4220474,5344116,58820.0
1777413825.0217843,5344686,58824.0
1777413850.6979034,5345046,58828.0
1777413874.441937,5345387,58832.0
1777413906.289626,5345842,58836.0
1777413922.32567,5346058,58840.0
1777413963.225661,5346653,58844.0
1777413988.7095187,5347014,58848.0
1777414021.068882,5347480,58852.0
1777414058.984861,5348020,58856.0
1777414102.83695,5348656,58860.0
1777414142.7846591,5349238,58864.0
1777414182.636707,5349813,58868.0
1777414205.8125625,5350142,58872.0
1777414245.3121607,5350710,58876.0
1777414268.3444736,5351044,58880.0
1777414304.9477422,5351565,58884.0
1777414335.2558873,5351995,58888.0
1777414354.2476387,5352267,58892.0
1777414377.4037127,5352598,58896.0
1777414408.7152026,5353041,58900.0
1777414448.4634876,5353619,58904.0
1777414474.1314874,5353982,58908.0
1777414503.1390803,5354393,58912.0
1777414546.4908357,5355014,58916.0
1777414585.3426359,5355572,58920.0
1777414629.9750285,5356210,58924.0
1777414650.9985867,5356510,58928.0
1777414677.9819448,5356891,58932.0
1777414704.9939363,5357270,58936.0
1777414732.4099889,5357664,58940.0
1777414776.1416466,5358302,58944.0
1777414810.6856623,5358790,58948.0
1777414834.8772266,5359136,58952.0
1777414884.9214878,5359855,58956.0
1777414908.3453813,5360184,58960.0
1777414947.2287445,5360749,58964.0
1777414975.7209287,5361157,58968.0
1777415004.5890074,5361572,58972.0
1777415031.8445754,5361961,58976.0
1777415058.2485688,5362335,58980.0
1777415096.572625,5362889,58984.0
1777415134.9878592,5363443,58988.0
1777415164.1558383,5363860,58992.0
1777415201.656482,5364395,58996.0
1777415228.248279,5364777,59000.0
1777415256.207916,5365177,59004.0
1777415296.4765174,5365747,59008.0
1777415337.8757355,5366350,59012.0
1777415379.591668,5366957,59016.0
1777415412.7596853,5367424,59020.0
1777415442.2955663,5367850,59024.0
1777415503.3357224,5368739,59028.0
1777415530.063613,5369125,59032.0
1777415566.063853,5369633,59036.0
1777415591.0873296,5369993,59040.0
1777415627.0395746,5370507,59044.0
1777415669.886978,5371122,59048.0
1777415726.814759,5371951,59052.0
1777415749.5227692,5372268,59056.0
1777415782.44665,5372739,59060.0
1777415806.1908257,5373075,59064.0
1777415836.8591738,5373510,59068.0
1777415862.78319,5373876,59072.0
1777415887.4187138,5374226,59076.0
1777415908.4746819,5374517,59080.0
1777415931.8822937,5374846,59084.0
1777415967.1939287,5375354,59088.0
1777416007.6097739,5375936,59092.0
1777416036.6779315,5376347,59096.0
1777416061.9537728,5376710,59100.0
1777416086.6620917,5377059,59104.0
1777416112.5618227,5377425,59108.0
1777416144.0536067,5377874,59112.0
1777416181.1857383,5378411,59116.0
1777416212.2214725,5378851,59120.0
1777416242.945013,5379291,59124.0
1777416278.2293377,5379795,59128.0
1777416308.6050165,5380232,59132.0
1777416333.7571025,5380583,59136.0
1777416353.596912,5380858,59140.0
1777416393.532776,5381439,59144.0
1777416422.4887412,5381849,59148.0
1777416461.8084424,5382415,59152.0
1777416502.392374,5382991,59156.0
1777416533.8003101,5383433,59160.0
1777416566.3678653,5383904,59164.0
1777416608.6157744,5384515,59168.0
1777416638.883732,5384952,59172.0
1777416690.1196995,5385692,59176.0
1777416715.343712,5386047,59180.0
1777416750.227485,5386552,59184.0
1777416794.3630412,5387180,59188.0
1777416838.8547654,5387823,59192.0
1777416871.9109306,5388296,59196.0
1777416893.9226894,5388607,59200.0
1777416928.8547468,5389110,59204.0
1777416943.8308194,5389323,59208.0
1777416986.8826656,5389947,59212.0
1777417020.746338,5390433,59216.0
1777417051.237948,5390869,59220.0
1777417087.9577742,5391403,59224.0
1777417119.6337638,5391860,59228.0
1777417171.225792,5392605,59232.0
1777417195.381613,5392948,59236.0
1777417215.9857,5393237,59240.0
1777417254.6576314,5393801,59244.0
1777417290.0255742,5394309,59248.0
1777417311.601036,5394612,59252.0
1777417346.484896,5395112,59256.0
1777417375.1933277,5395516,59260.0
1777417407.028857,5395972,59264.0
1777417434.7690136,5396366,59268.0
1777417464.1689615,5396783,59272.0
1777417490.896914,5397162,59276.0
1777417510.8529031,5397441,59280.0
1777417558.0367038,5398122,59284.0
1777417602.056706,5398761,59288.0
1777417654.3646705,5399518,59292.0
1777417685.6084354,5399965,59296.0
1777417714.5239522,5400378,59300.0
1777417746.0998118,5400833,59304.0
1777417773.8838792,5401223,59308.0
1777417805.2605462,5401672,59312.0
1777417835.7439983,5402103,59316.0
1777417864.9837844,5402516,59320.0
1777417888.2598286,5402847,59324.0
1777417938.335626,5403568,59328.0
1777417969.7671561,5404016,59332.0
1777418005.7116003,5404528,59336.0
1777418015.7356606,5404667,59340.0
1777418046.2274156,5405103,59344.0
1777418069.486941,5405429,59348.0
1777418100.8189015,5405880,59352.0
1777418132.2950346,5406328,59356.0
1777418168.8947906,5406854,59360.0
1777418216.7547033,5407546,59364.0
1777418254.28266,5408086,59368.0
1777418287.0663483,5408551,59372.0
1777418330.0418346,5409167,59376.0
1777418351.8217943,5409478,59380.0
1777418392.6340215,5410063,59384.0
1777418432.2899063,5410629,59388.0
1777418475.4098117,5411254,59392.0
1777418525.617756,5411977,59396.0
1777418550.5935955,5412335,59400.0
1777418586.2614982,5412852,59404.0
1777418620.1929536,5413336,59408.0
1777418671.1768386,5414072,59412.0
1777418712.6130009,5414672,59416.0
1777418748.4287395,5415184,59420.0
1777418804.020573,5415996,59424.0
1777418827.448543,5416323,59428.0
1777418864.88055,5416865,59432.0
1777418907.3639557,5417475,59436.0
1777418920.4637847,5417660,59440.0
1777418943.49987,5417986,59444.0
1777418970.739663,5418373,59448.0
1777418996.831774,5418742,59452.0
1777419036.8997443,5419317,59456.0
1777419079.2156155,5419921,59460.0
1777419101.2435486,5420239,59464.0
1777419128.3074899,5420625,59468.0
1777419162.7989593,5421116,59472.0
1777419213.875121,5421852,59476.0
1777419229.0870614,5422058,59480.0
1777419254.8427887,5422432,59484.0
1777419278.6706514,5422765,59488.0
1777419319.834788,5423350,59492.0
1777419366.9386365,5424033,59496.0
1777419408.086775,5424624,59500.0
1777419444.9697897,5425156,59504.0
1777419486.8059645,5425765,59508.0
1777419524.4537501,5426311,59512.0
1777419562.1057649,5426849,59516.0
1777419599.4417243,5427387,59520.0
1777419622.3137567,5427711,59524.0
1777419665.6172848,5428337,59528.0
1777419702.533046,5428867,59532.0
1777419732.3412251,5429290,59536.0
1777419759.6088412,5429679,59540.0
1777419781.4168637,5429985,59544.0
1777419810.324478,5430398,59548.0
1777419829.6007714,5430671,59552.0
1777419841.7607207,5430841,59556.0
1777419865.2527092,5431172,59560.0
1777419896.5846581,5431621,59564.0
1777419922.9285693,5431990,59568.0
1777419950.444351,5432380,59572.0
1777419986.6677306,5432905,59576.0
1777420009.9799368,5433229,59580.0
1777420043.7639728,5433718,59584.0
1777420077.8797386,5434205,59588.0
1777420113.755803,5434724,59592.0
1777420156.387681,5435341,59596.0
1777420185.6072903,5435761,59600.0
1777420227.591172,5436366,59604.0
1777420264.2387946,5436894,59608.0
1777420316.891024,5437657,59612.0
1777420345.6586683,5438064,59616.0
1777420354.3427312,5438182,59620.0
1777420392.658292,5438736,59624.0
1777420416.0666795,5439062,59628.0
1777420434.6744137,5439323,59632.0
1777420453.9023983,5439598,59636.0
1777420482.8018405,5440006,59640.0
1777420519.3257985,5440529,59644.0
1777420555.2780204,5441044,59648.0
1777420584.5097044,5441462,59652.0
1777420604.1176755,5441739,59656.0
1777420635.145629,5442184,59660.0
1777420664.245715,5442599,59664.0
1777420691.137491,5442980,59668.0
1777420716.1975439,5443335,59672.0
1777420735.4889772,5443601,59676.0
1777420757.9973438,5443923,59680.0
1777420794.680974,5444449,59684.0
1777420820.6369786,5444819,59688.0
1777420853.0888715,5445282,59692.0
1777420895.3727465,5445895,59696.0
1777420934.188339,5446454,59700.0
1777420968.1405537,5446942,59704.0
1777420998.300424,5447374,59708.0
1777421033.9840066,5447882,59712.0
1777421063.284207,5448296,59716.0
1777421092.7240157,5448714,59720.0
1777421130.243646,5449255,59724.0
1777421150.3837266,5449532,59728.0
1777421178.1756606,5449932,59732.0
1777421226.143581,5450622,59736.0
1777421272.0713265,5451278,59740.0
1777421305.7269862,5451763,59744.0
1777421342.9790523,5452299,59748.0
1777421379.2309148,5452819,59752.0
1777421421.894767,5453433,59756.0
1777421448.7547479,5453824,59760.0
1777421477.822382,5454241,59764.0
1777421507.462579,5454660,59768.0
1777421543.481885,5455174,59772.0
1777421575.9818654,5455642,59776.0
1777421594.589883,5455908,59780.0
1777421628.1979432,5456392,59784.0
1777421652.573677,5456738,59788.0
1777421675.8257658,5457065,59792.0
1777421713.981741,5457615,59796.0
1777421741.4857364,5458002,59800.0
1777421769.5933323,5458404,59804.0
1777421792.5015438,5458708,59808.0
1777421830.8328319,5459265,59812.0
1777421861.9175472,5459707,59816.0
1777421903.452808,5460307,59820.0
1777421925.776688,5460629,59824.0
1777421953.5206814,5461027,59828.0
1777421980.7367492,5461414,59832.0
1777422005.31272,5461762,59836.0
1777422038.7364855,5462240,59840.0
1777422078.9726746,5462824,59844.0
1777422109.840488,5463267,59848.0
1777422146.7239845,5463790,59852.0
1777422197.7876325,5464529,59856.0
1777422222.9237325,5464885,59860.0
1777422272.1237674,5465598,59864.0
1777422303.8236952,5466054,59868.0
1777422347.2752578,5466681,59872.0
1777422377.9669306,5467116,59876.0
1777422396.3269665,5467372,59880.0
1777422435.0588374,5467934,59884.0
1777422462.60281,5468321,59888.0
1777422505.2946923,5468935,59892.0
1777422542.0187488,5469462,59896.0
1777422568.9184613,5469845,59900.0
1777422601.6619468,5470316,59904.0
1777422633.6299238,5470778,59908.0
1777422677.9940245,5471421,59912.0
1777422700.8378057,5471735,59916.0
1777422730.9537382,5472168,59920.0
1777422767.4617898,5472695,59924.0
1777422804.289661,5473217,59928.0
1777422836.9294991,5473685,59932.0
1777422846.0496066,5473805,59936.0
1777422884.9816191,5474368,59940.0
1777422931.9248395,5475049,59944.0
1777422964.3810213,5475516,59948.0
1777423001.0008504,5476039,59952.0
1777423034.648638,5476523,59956.0
1777423052.892431,5476776,59960.0
1777423088.2165735,5477289,59964.0
1777423118.584577,5477724,59968.0
1777423166.5765007,5478418,59972.0
1777423204.383914,5478963,59976.0
1777423246.6199117,5479567,59980.0
1777423291.4196246,5480216,59984.0
1777423323.735674,5480678,59988.0
1777423356.6390076,5481151,59992.0
1777423380.478566,5481482,59996.0
1777423411.0859418,5481922,60000.0
1777423441.969077,5482365,60004.0
1777423460.428784,5482628,60008.0
1777423503.9280114,5483254,60012.0
1777423538.4436803,5483755,60016.0
1777423571.5709968,5484233,60020.0
1777423600.6704795,5484650,60024.0
1777423629.1305315,5485055,60028.0
1777423662.3938503,5485536,60032.0
1777423682.8376842,5485823,60036.0
1777423711.861147,5486235,60040.0
1777423761.8727221,5486967,60044.0
1777423805.3722935,5487594,60048.0
1777423838.5118082,5488066,60052.0
1777423882.703334,5488702,60056.0
1777423894.4151857,5488855,60060.0
1777423924.9068675,5489294,60064.0
1777423971.406746,5489968,60068.0
1777424002.898286,5490420,60072.0
1777424027.5657513,5490768,60076.0
1777424072.0974855,5491406,60080.0
1777424118.8327916,5492088,60084.0
1777424154.9086666,5492602,60088.0
1777424183.6567237,5493013,60092.0
1777424210.4719853,5493399,60096.0
1777424245.5757713,5493897,60100.0
1777424264.855945,5494174,60104.0
1777424301.9234488,5494705,60108.0
1777424328.0074694,5495076,60112.0
1777424353.5351691,5495437,60116.0
1777424387.0064793,5495919,60120.0
1777424429.7184844,5496536,60124.0
1777424466.3418157,5497064,60128.0
1777424494.7939963,5497468,60132.0
1777424533.5097973,5498029,60136.0
1777424555.185417,5498334,60140.0
1777424606.644814,5499084,60144.0
1777424654.0287757,5499771,60148.0
1777424695.6124418,5500370,60152.0
1777424734.6282964,5500936,60156.0
1777424764.5040133,5501364,60160.0
1777424816.6277528,5502121,60164.0
1777424849.647676,5502593,60168.0
1777424879.2710056,5503014,60172.0
1777424895.7949753,5503242,60176.0
1777424927.0069323,5503686,60180.0
1777424949.4147775,5504003,60184.0
1777424974.3307505,5504355,60188.0
1777425013.722553,5504925,60192.0
1777425067.5818095,5505707,60196.0
1777425093.6579342,5506070,60200.0
1777425133.5737166,5506650,60204.0
1777425174.2094445,5507237,60208.0
1777425200.7414422,5507612,60212.0
1777425227.4493573,5507993,60216.0
1777425252.4409556,5508347,60220.0
1777425289.9926863,5508889,60224.0
1777425328.5444794,5509439,60228.0
1777425366.2078588,5509981,60232.0
1777425396.2998948,5510412,60236.0
1777425421.1680691,5510760,60240.0
1777425441.759837,5511057,60244.0
1777425491.3961728,5511768,60248.0
1777425519.30401,5512164,60252.0
1777425540.6277895,5512466,60256.0
1777425568.82829,5512863,60260.0
1777425607.747984,5513428,60264.0
1777425629.4239652,5513732,60268.0
1777425657.4959803,5514130,60272.0
1777425683.8799787,5514506,60276.0
1777425712.9559057,5514917,60280.0
1777425748.3557105,5515422,60284.0
1777425785.759839,5515964,60288.0
1777425815.3317935,5516382,60292.0
1777425838.7595913,5516711,60296.0
1777425868.9277244,5517140,60300.0
1777425901.2434556,5517605,60304.0
1777425921.011646,5517884,60308.0
1777425956.3436534,5518392,60312.0
1777425968.9193625,5518560,60316.0
1777425998.7267478,5518984,60320.0
1777426040.7629359,5519594,60324.0
1777426070.3268201,5520013,60328.0
1777426122.9108002,5520771,60332.0
1777426159.5145519,5521295,60336.0
1777426188.9625835,5521712,60340.0
1777426219.5707445,5522149,60344.0
1777426253.754009,5522640,60348.0
1777426292.1379008,5523189,60352.0
1777426331.30553,5523754,60356.0
1777426354.2497034,5524080,60360.0
1777426379.1417236,5524435,60364.0
1777426423.1576035,5525069,60368.0
1777426461.2568898,5525622,60372.0
1777426507.256783,5526287,60376.0
1777426528.9169657,5526592,60380.0
1777426564.5846932,5527107,60384.0
1777426602.5846326,5527652,60388.0
1777426648.6205013,5528320,60392.0
1777426680.9042618,5528776,60396.0
1777426715.8517704,5529276,60400.0
1777426752.9800563,5529814,60404.0
1777426784.4118438,5530268,60408.0
1777426810.5717652,5530640,60412.0
1777426821.6636884,5530790,60416.0
1777426846.5556643,5531137,60420.0
1777426872.0475514,5531498,60424.0
1777426900.463446,5531899,60428.0
1777426936.106983,5532415,60432.0
1777426982.1306167,5533077,60436.0
1777427005.938709,5533420,60440.0
1777427025.0306911,5533689,60444.0
1777427059.8667338,5534186,60448.0
1777427088.0584269,5534582,60452.0
1777427133.1263363,5535224,60456.0
1777427167.8580434,5535724,60460.0
1777427190.3178627,5536039,60464.0
1777427231.9176939,5536644,60468.0
1777427268.517478,5537166,60472.0
1777427295.5608423,5537551,60476.0
1777427312.9608343,5537786,60480.0
1777427344.052901,5538233,60484.0
1777427371.428683,5538621,60488.0
1777427404.0606818,5539087,60492.0
1777427434.920547,5539531,60496.0
1777427458.1119614,5539865,60500.0
1777427489.3599503,5540316,60504.0
1777427525.0796824,5540824,60508.0
1777427557.5549695,5541294,60512.0
1777427602.8703656,5541948,60516.0
1777427640.685814,5542488,60520.0
1777427688.1294618,5543178,60524.0
1777427726.588893,5543727,60528.0
1777427759.9886723,5544209,60532.0
1777427785.8966722,5544579,60536.0
1777427814.8645241,5544989,60540.0
1777427854.711905,5545558,60544.0
1777427888.3035576,5546040,60548.0
1777427921.3076532,5546507,60552.0
1777427957.071027,5547023,60556.0
1777427982.9986982,5547383,60560.0
1777428003.3148708,5547670,60564.0
1777428036.7227182,5548151,60568.0
1777428067.8824728,5548594,60572.0
1777428098.9145684,5549043,60576.0
1777428122.7659261,5549375,60580.0
1777428165.2897778,5549993,60584.0
1777428204.6253572,5550564,60588.0
1777428240.2772987,5551076,60592.0
1777428273.6926534,5551548,60596.0
1777428308.2605994,5552043,60600.0
1777428349.2158494,5552639,60604.0
1777428373.1281278,5552972,60608.0
1777428404.1757035,5553415,60612.0
1777428419.9837177,5553641,60616.0
1777428438.675673,5553898,60620.0
1777428476.9112158,5554454,60624.0
1777428496.951149,5554732,60628.0
1777428512.7510052,5554948,60632.0
1777428546.3867073,5555433,60636.0
1777428575.4785142,5555840,60640.0
1777428605.5105247,5556272,60644.0
1777428641.4465358,5556791,60648.0
1777428660.8062146,5557066,60652.0
1777428706.6896822,5557722,60656.0
1777428735.2536497,5558126,60660.0
1777428756.9651778,5558432,60664.0
1777428782.0376909,5558795,60668.0
1777428821.7408657,5559365,60672.0
1777428845.63258,5559706,60676.0
1777428863.7406836,5559961,60680.0
1777428889.9325652,5560334,60684.0
1777428937.992185,5561023,60688.0
1777428967.5161078,5561443,60692.0
1777429003.4317312,5561956,60696.0
1777429034.7757053,5562404,60700.0
1777429080.8907971,5563075,60704.0
1777429113.107003,5563522,60708.0
1777429146.7427452,5564006,60712.0
1777429176.6508064,5564426,60716.0
1777429201.942592,5564794,60720.0
1777429233.9099257,5565249,60724.0
1777429274.3259783,5565831,60728.0
1777429300.68565,5566202,60732.0
1777429314.5095363,5566392,60736.0
1777429360.1934924,5567046,60740.0
1777429412.6369257,5567813,60744.0
1777429441.9128635,5568230,60748.0
1777429480.3610566,5568778,60752.0
1777429505.3968241,5569133,60756.0
1777429530.2895746,5569490,60760.0
1777429551.0498228,5569783,60764.0
1777429575.4417658,5570129,60768.0
1777429612.9257963,5570670,60772.0
1777429651.0263493,5571221,60776.0
1777429677.918683,5571603,60780.0
1777429713.250744,5572107,60784.0
1777429742.810773,5572536,60788.0
1777429762.4709036,5572811,60792.0
1777429797.3350296,5573310,60796.0
1777429812.3274932,5573512,60800.0
1777429844.0029235,5573965,60804.0
1777429880.2235923,5574489,60808.0
1777429902.2156496,5574794,60812.0
1777429923.871635,5575099,60816.0
1777429943.8636172,5575379,60820.0
1777429982.8837848,5575945,60824.0
1777430019.2997382,5576466,60828.0
1777430067.351677,5577160,60832.0
1777430098.499927,5577606,60836.0
1777430126.0438497,5577994,60840.0
1777430155.4439414,5578415,60844.0
1777430192.7676146,5578955,60848.0
1777430212.22776,5579223,60852.0
1777430232.4197397,5579507,60856.0
1777430255.535739,5579830,60860.0
1777430303.5557435,5580531,60864.0
1777430330.179608,5580911,60868.0
1777430354.303692,5581249,60872.0
1777430384.4877102,5581681,60876.0
1777430411.1157193,5582054,60880.0
1777430447.0995471,5582573,60884.0
1777430468.5912626,5582877,60888.0
1777430499.363685,5583313,60892.0
1777430532.3149366,5583783,60896.0
1777430561.7993696,5584201,60900.0
1777430600.1228464,5584758,60904.0
1777430628.8268247,5585164,60908.0
1777430649.783075,5585454,60912.0
1777430695.1668208,5586110,60916.0
1777430728.7189298,5586586,60920.0
1777430778.4708488,5587306,60924.0
1777430803.3346663,5587652,60928.0
1777430832.4101408,5588065,60932.0
1777430861.9704692,5588485,60936.0
1777430891.4378347,5588907,60940.0
1777430922.8456943,5589358,60944.0
1777430964.8459306,5589965,60948.0
1777430997.9377048,5590438,60952.0
1777431029.1816943,5590886,60956.0
1777431043.5457408,5591079,60960.0
1777431063.5374908,5591367,60964.0
1777431095.5575967,5591813,60968.0
1777431128.1893888,5592282,60972.0
1777431160.124849,5592737,60976.0
1777431193.48114,5593215,60980.0
1777431219.208813,5593579,60984.0
1777431247.2847931,5593982,60988.0
1777431276.4007254,5594395,60992.0
1777431300.160729,5594736,60996.0
1777431321.3326132,5595034,61000.0
1777431356.5167165,5595540,61004.0
1777431399.2685454,5596148,61008.0
1777431422.811976,5596487,61012.0
1777431448.1519268,5596844,61016.0
1777431478.3200276,5597269,61020.0
1777431500.9436436,5597588,61024.0
1777431522.5516162,5597888,61028.0
1777431555.1554818,5598350,61032.0
1777431593.287591,5598897,61036.0
1777431635.33895,5599509,61040.0
1777431678.7227266,5600134,61044.0
1777431702.330979,5600466,61048.0
1777431737.1626863,5600965,61052.0
1777431754.146711,5601208,61056.0
1777431794.582452,5601789,61060.0
1777431829.565851,5602292,61064.0
1777431861.8340163,5602751,61068.0
1777431883.6417491,5603052,61072.0
1777431919.889778,5603574,61076.0
1777431943.3337464,5603900,61080.0
1777431984.2493877,5604494,61084.0
1777432007.9574623,5604823,61088.0
1777432035.301125,5605214,61092.0
1777432064.5009358,5605632,61096.0
1777432080.1089137,5605850,61100.0
1777432122.0606601,5606454,61104.0
1777432169.676742,5607145,61108.0
1777432198.9841168,5607562,61112.0
1777432240.427855,5608158,61116.0
1777432258.8598096,5608423,61120.0
1777432291.2959278,5608892,61124.0
1777432340.7636907,5609605,61128.0
1777432380.0119355,5610167,61132.0
1777432397.395719,5610402,61136.0
1777432425.1395004,5610794,61140.0
1777432454.0628812,5611208,61144.0
1777432491.915151,5611753,61148.0
1777432529.3468747,5612291,61152.0
1777432566.950701,5612835,61156.0
1777432601.882705,5613329,61160.0
1777432626.206574,5613682,61164.0
1777432650.2663968,5614021,61168.0
1777432679.173956,5614433,61172.0
1777432707.6943076,5614835,61176.0
1777432733.4858785,5615199,61180.0
1777432754.326072,5615494,61184.0
1777432787.4416687,5615965,61188.0
1777432821.2697284,5616449,61192.0
1777432847.6537118,5616819,61196.0
1777432867.4454658,5617103,61200.0
1777432892.0374827,5617452,61204.0
1777432921.4129634,5617868,61208.0
1777432971.5046856,5618587,61212.0
1777432994.928677,5618918,61216.0
1777433019.3207858,5619266,61220.0
1777433059.9562855,5619853,61224.0
1777433083.6880724,5620182,61228.0
1777433119.4481575,5620695,61232.0
1777433134.9404023,5620911,61236.0
1777433153.5159311,5621169,61240.0
1777433185.1238272,5621624,61244.0
1777433216.039782,5622067,61248.0
1777433248.2835696,5622523,61252.0
1777433270.191704,5622834,61256.0
1777433303.3596153,5623315,61260.0
1777433319.115495,5623530,61264.0
1777433336.743658,5623776,61268.0
1777433373.4909372,5624303,61272.0
1777433421.3426385,5624989,61276.0
1777433449.282771,5625382,61280.0
1777433487.3507195,5625934,61284.0
1777433514.758687,5626322,61288.0
1777433544.5943644,5626748,61292.0
1777433574.6342273,5627175,61296.0
1777433593.146372,5627433,61300.0
1777433623.5099144,5627869,61304.0
1777433660.8296773,5628407,61308.0
1777433697.7453508,5628933,61312.0
1777433726.7376401,5629347,61316.0
1777433745.045419,5629600,61320.0
1777433764.005447,5629872,61324.0
1777433808.8566184,5630514,61328.0
1777433828.1129923,5630791,61332.0
1777433858.1887574,5631223,61336.0
1777433877.5805278,5631492,61340.0
1777433914.8327096,5632030,61344.0
1777433962.4079068,5632714,61348.0
1777433994.1838005,5633166,61352.0
1777434032.1999028,5633717,61356.0
1777434059.623989,5634104,61360.0
1777434095.4757698,5634627,61364.0
1777434144.7835813,5635335,61368.0
1777434174.259492,5635754,61372.0
1777434197.2348304,5636076,61376.0
1777434224.4189003,5636463,61380.0
1777434250.578958,5636841,61384.0
1777434277.9868195,5637228,61388.0
1777434320.7546954,5637841,61392.0
1777434353.4186006,5638307,61396.0
1777434393.4219818,5638887,61400.0
1777434430.4380553,5639422,61404.0
1777434471.3382537,5640011,61408.0
1777434505.929982,5640509,61412.0
1777434528.897559,5640833,61416.0
1777434540.0137298,5640982,61420.0
1777434568.1655502,5641382,61424.0
1777434598.8734174,5641819,61428.0
1777434627.2127893,5642224,61432.0
1777434659.549229,5642685,61436.0
1777434681.9429433,5643000,61440.0
1777434715.5409615,5643485,61444.0
1777434747.7649772,5643947,61448.0
1777434783.3683743,5644463,61452.0
1777434826.85239,5645083,61456.0
1777434861.5162709,5645584,61460.0
1777434928.8598216,5646569,61464.0
1777434966.0117443,5647101,61468.0
1777435004.3955002,5647647,61472.0
1777435053.1029153,5648355,61476.0
1777435081.5468445,5648755,61480.0
1777435117.8788981,5649281,61484.0
1777435147.070756,5649699,61488.0
1777435170.6306987,5650025,61492.0
1777435219.938633,5650728,61496.0
1777435249.1625383,5651138,61500.0
1777435277.6982062,5651545,61504.0
1777435307.0577369,5651965,61508.0
1777435339.7059093,5652434,61512.0
1777435385.1736286,5653091,61516.0
1777435402.6499376,5653328,61520.0
1777435422.910283,5653620,61524.0
1777435468.093299,5654271,61528.0
1777435494.9327946,5654654,61532.0
1777435533.1009626,5655205,61536.0
1777435565.45275,5655666,61540.0
1777435596.7247472,5656114,61544.0
1777435628.7287524,5656571,61548.0
1777435664.6925356,5657086,61552.0
1777435689.1524541,5657435,61556.0
1777435727.2679012,5657976,61560.0
1777435772.9198916,5658638,61564.0
1777435815.0877597,5659248,61568.0
1777435842.2277286,5659632,61572.0
1777435876.4477367,5660112,61576.0
1777435896.6715097,5660398,61580.0
1777435931.1555674,5660895,61584.0
1777435968.123411,5661421,61588.0
1777435999.898997,5661875,61592.0
1777436028.1990101,5662275,61596.0
1777436037.1833084,5662391,61600.0
1777436070.1988423,5662864,61604.0
1777436106.9507902,5663396,61608.0
1777436139.4584918,5663859,61612.0
1777436190.6344614,5664599,61616.0
1777436217.9101346,5664984,61620.0
1777436237.1182237,5665255,61624.0
1777436264.0099115,5665641,61628.0
1777436299.061759,5666135,61632.0
1777436327.761781,5666542,61636.0
1777436361.8779016,5667031,61640.0
1777436394.18567,5667494,61644.0
1777436438.5531108,5668137,61648.0
1777436480.1686282,5668730,61652.0
1777436512.5889719,5669197,61656.0
1777436540.7646892,5669596,61660.0
1777436576.21284,5670109,61664.0
1777436601.7887623,5670466,61668.0
1777436642.3400578,5671051,61672.0
1777436694.131787,5671795,61676.0
1777436710.6482768,5672028,61680.0
1777436730.7558784,5672309,61684.0
1777436753.2398114,5672620,61688.0
1777436773.6477885,5672909,61692.0
1777436811.1076128,5673441,61696.0
1777436840.5756965,5673861,61700.0
1777436878.343325,5674406,61704.0
1777436912.6833894,5674895,61708.0
1777436944.68294,5675350,61712.0
1777436977.3668346,5675822,61716.0
1777437010.6947143,5676303,61720.0
1777437043.778698,5676782,61724.0
1777437079.094465,5677284,61728.0
1777437103.770316,5677638,61732.0
1777437137.438163,5678109,61736.0
1777437170.1697335,5678576,61740.0
1777437205.5137756,5679088,61744.0
1777437242.929716,5679624,61748.0
1777437261.8735433,5679884,61752.0
1777437276.0213823,5680083,61756.0
1777437309.6895509,5680571,61760.0
1777437347.8733897,5681121,61764.0
1777437366.3969824,5681385,61768.0
1777437397.924933,5681830,61772.0
1777437455.848639,5682672,61776.0
1777437506.1242704,5683398,61780.0
1777437543.440345,5683937,61784.0
1777437581.651984,5684488,61788.0
1777437616.5682826,5684990,61792.0
1777437658.8356616,5685594,61796.0
1777437691.6517913,5686067,61800.0
1777437709.1957502,5686311,61804.0
1777437746.0958471,5686842,61808.0
1777437789.7796698,5687472,61812.0
1777437815.9711883,5687837,61816.0
1777437848.3548913,5688298,61820.0
1777437885.1110141,5688829,61824.0
1777437931.506958,5689492,61828.0
1777437972.1714003,5690077,61832.0
1777438011.7228262,5690639,61836.0
1777438036.3309133,5690991,61840.0
1777438071.7826352,5691497,61844.0
1777438107.158491,5692006,61848.0
1777438132.4586253,5692358,61852.0
1777438177.3586195,5693008,61856.0
1777438198.1659763,5693303,61860.0
1777438228.901807,5693742,61864.0
1777438258.1779072,5694155,61868.0
1777438282.9858003,5694505,61872.0
1777438319.4857383,5695029,61876.0
1777438339.1616855,5695307,61880.0
1777438364.0536005,5695668,61884.0
1777438391.693543,5696057,61888.0
1777438407.9375856,5696278,61892.0
1777438446.7209692,5696838,61896.0
1777438476.6528845,5697263,61900.0
1777438505.0129013,5697667,61904.0
1777438545.7808788,5698253,61908.0
1777438583.6807215,5698787,61912.0
1777438614.832465,5699230,61916.0
1777438668.8958797,5700012,61920.0
1777438704.3645887,5700525,61924.0
1777438726.3398879,5700841,61928.0
1777438764.9920118,5701392,61932.0
1777438823.1676922,5702238,61936.0
1777438850.8436835,5702627,61940.0
1777438888.6275187,5703172,61944.0
1777438908.4508543,5703450,61948.0
1777438935.8108194,5703838,61952.0
1777438976.7190032,5704422,61956.0
1777439011.0587022,5704912,61960.0
1777439038.31868,5705299,61964.0
1777439077.0186236,5705859,61968.0
1777439113.002527,5706376,61972.0
1777439151.6544724,5706927,61976.0
1777439187.3059866,5707433,61980.0
1777439232.5059223,5708092,61984.0
1777439255.0458028,5708410,61988.0
1777439283.7458928,5708819,61992.0
1777439302.8457732,5709086,61996.0
1777439346.9575708,5709721,62000.0
1777439386.2413535,5710289,62004.0
1777439426.588852,5710865,62008.0
1777439445.980997,5711142,62012.0
1777439482.5009909,5711663,62016.0
1777439520.4930015,5712211,62020.0
1777439565.168704,5712861,62024.0
1777439602.9920464,5713402,62028.0
1777439639.1918468,5713918,62032.0
1777439669.2760456,5714349,62036.0
1777439695.8359337,5714722,62040.0
1777439734.9196162,5715289,62044.0
1777439774.019534,5715849,62048.0
1777439809.9189763,5716363,62052.0
1777439840.1271968,5716790,62056.0
1777439874.3306851,5717277,62060.0
1777439918.430585,5717915,62064.0
1777439947.7066672,5718329,62068.0
1777439993.0295854,5718984,62072.0
1777440012.337687,5719260,62076.0
1777440038.9975348,5719635,62080.0
1777440063.3053622,5719980,62084.0
1777440077.612848,5720182,62088.0
1777440106.672965,5720596,62092.0
1777440139.9888308,5721075,62096.0
1777440171.5165207,5721526,62100.0
1777440193.124595,5721831,62104.0
1777440233.4918413,5722409,62108.0
1777440256.1763334,5722728,62112.0
1777440309.0995305,5723488,62116.0
1777440353.1235278,5724127,62120.0
1777440372.6157365,5724400,62124.0
1777440403.6350553,5724848,62128.0
1777440427.6267426,5725181,62132.0
1777440452.4187613,5725534,62136.0
1777440477.550997,5725890,62140.0
1777440525.6186612,5726590,62144.0
1777440566.8184483,5727176,62148.0
1777440593.7781627,5727565,62152.0
1777440621.0620034,5727948,62156.0
1777440656.001733,5728448,62160.0
1777440698.3696682,5729058,62164.0
1777440719.737369,5729361,62168.0
1777440756.56147,5729891,62172.0
1777440777.7054114,5730190,62176.0
1777440797.864647,5730470,62180.0
1777440842.620756,5731115,62184.0
1777440866.1487527,5731456,62188.0
1777440903.296435,5731977,62192.0
1777440941.9799042,5732537,62196.0
1777440971.8558214,5732962,62200.0
1777440991.3159153,5733236,62204.0
1777441025.8677032,5733728,62208.0
1777441058.9237576,5734200,62212.0
1777441093.775604,5734701,62216.0
1777441131.5073578,5735249,62220.0
1777441178.0430048,5735921,62224.0
1777441218.0266418,5736490,62228.0
1777441242.4186797,5736833,62232.0
1777441259.8427074,5737082,62236.0
1777441289.0106196,5737493,62240.0
1777441322.7178159,5737970,62244.0
1777441359.453912,5738497,62248.0
1777441387.5457385,5738900,62252.0
1777441422.777664,5739407,62256.0
1777441445.437801,5739728,62260.0
1777441485.8377485,5740313,62264.0
1777441529.413405,5740945,62268.0
1777441561.4896111,5741407,62272.0
1777441582.9809592,5741706,62276.0
1777441611.2809122,5742108,62280.0
1777441651.5487976,5742692,62284.0
1777441686.4644368,5743188,62288.0
1777441718.87241,5743655,62292.0
1777441749.7479308,5744092,62296.0
1777441780.6840851,5744538,62300.0
1777441817.183624,5745065,62304.0
1777441855.900009,5745623,62308.0
1777441886.4757333,5746055,62312.0
1777441909.4678628,5746379,62316.0
1777441943.8836784,5746871,62320.0
1777441970.3113823,5747248,62324.0
1777442006.4956396,5747764,62328.0
1777442042.7429311,5748287,62332.0
1777442088.595284,5748943,62336.0
1777442131.3948967,5749563,62340.0
1777442154.355122,5749888,62344.0
1777442184.5707214,5750320,62348.0
1777442227.4705162,5750934,62352.0
1777442268.6227858,5751525,62356.0
1777442317.6585476,5752234,62360.0
1777442354.822463,5752773,62364.0
1777442375.181956,5753062,62368.0
1777442394.0900185,5753322,62372.0
1777442422.65835,5753726,62376.0
1777442437.5577815,5753928,62380.0
1777442486.8856626,5754648,62384.0
1777442528.9016871,5755251,62388.0
1777442577.5694702,5755962,62392.0
1777442629.1092546,5756707,62396.0
1777442665.3287795,5757227,62400.0
1777442699.8206592,5757725,62404.0
1777442733.7686481,5758206,62408.0
1777442771.7723265,5758748,62412.0
1777442797.011907,5759108,62416.0
1777442826.3282661,5759520,62420.0
1777442857.1878772,5759964,62424.0
1777442877.4802358,5760245,62428.0
1777442909.1317534,5760701,62432.0
1777442935.1557307,5761067,62436.0
1777442973.2713935,5761614,62440.0
1777442996.2475245,5761940,62444.0
1777443028.5990252,5762406,62448.0
1777443052.822828,5762747,62452.0
1777443078.9508173,5763114,62456.0
1777443123.034956,5763751,62460.0
1777443140.2067678,5763987,62464.0
1777443174.3906527,5764479,62468.0
1777443214.826788,5765067,62472.0
1777443253.9942224,5765621,62476.0
1777443292.7939699,5766179,62480.0
1777443321.3179026,5766583,62484.0
1777443353.117767,5767042,62488.0
1777443380.2459667,5767426,62492.0
1777443411.8135755,5767881,62496.0
1777443443.469845,5768326,62500.0
1777443489.6389031,5769000,62504.0
1777443526.0891159,5769521,62508.0
1777443565.3889315,5770087,62512.0
1777443616.5647776,5770823,62516.0
1777443639.3726315,5771148,62520.0
1777443667.080173,5771544,62524.0
1777443686.172692,5771808,62528.0
1777443714.100445,5772200,62532.0
1777443743.6163135,5772621,62536.0
1777443768.4079309,5772967,62540.0
1777443802.3756652,5773457,62544.0
1777443834.699621,5773917,62548.0
1777443862.3510358,5774308,62552.0
1777443885.3753977,5774631,62556.0
1777443917.3509836,5775080,62560.0
1777443949.9826286,5775553,62564.0
1777443987.486892,5776091,62568.0
1777444017.9267027,5776529,62572.0
1777444057.0620549,5777091,62576.0
1777444092.9098601,5777599,62580.0
1777444136.2780147,5778229,62584.0
1777444166.9299517,5778667,62588.0
1777444201.0976927,5779154,62592.0
1777444239.3377159,5779701,62596.0
1777444250.2137022,5779841,62600.0
1777444283.6649163,5780323,62604.0
1777444307.6208086,5780659,62608.0
1777444346.8407664,5781230,62612.0
1777444371.648699,5781578,62616.0
1777444407.7324877,5782101,62620.0
1777444431.2885373,5782433,62624.0
1777444464.0078413,5782900,62628.0
1777444505.0558333,5783494,62632.0
1777444531.047869,5783857,62636.0
1777444557.0599594,5784226,62640.0
1777444581.9597225,5784581,62644.0
1777444615.3516762,5785059,62648.0
1777444636.891552,5785359,62652.0
1777444665.2994313,5785762,62656.0
1777444687.3831263,5786078,62660.0
1777444729.8870175,5786690,62664.0
1777444762.1108437,5787147,62668.0
1777444793.5626104,5787591,62672.0
1777444828.0344105,5788084,62676.0
1777444866.6862507,5788642,62680.0
1777444904.185864,5789181,62684.0
1777444942.6220078,5789734,62688.0
1777444979.3217957,5790263,62692.0
1777445006.1617184,5790640,62696.0
1777445035.929481,5791057,62700.0
1777445074.780842,5791620,62704.0
1777445132.773432,5792461,62708.0
1777445166.0325887,5792933,62712.0
1777445210.8647022,5793572,62716.0
1777445233.6323972,5793903,62720.0
1777445269.440467,5794414,62724.0
1777445315.0004375,5795076,62728.0
1777445362.8357515,5795760,62732.0
1777445411.8195374,5796473,62736.0
1777445428.7756736,5796705,62740.0
1777445453.719505,5797061,62744.0
1777445476.7189088,5797381,62748.0
1777445514.5787952,5797928,62752.0
1777445549.162928,5798424,62756.0
1777445570.4786842,5798720,62760.0
1777445599.8866801,5799139,62764.0
1777445617.6105225,5799389,62768.0
1777445648.0026062,5799829,62772.0
1777445674.9943852,5800211,62776.0
1777445682.0225654,5800303,62780.0
1777445720.070049,5800847,62784.0
1777445755.6059163,5801356,62788.0
1777445791.481746,5801872,62792.0
1777445818.9297185,5802260,62796.0
1777445853.8575246,5802760,62800.0
1777445893.589699,5803334,62804.0
1777445924.6577559,5803776,62808.0
1777445946.5017679,5804079,62812.0
1777445977.8418756,5804524,62816.0
1777446021.4777288,5805155,62820.0
1777446048.694009,5805545,62824.0
1777446082.0699143,5806023,62828.0
1777446139.2459261,5806852,62832.0
1777446168.7939246,5807274,62836.0
1777446214.713927,5807935,62840.0
1777446233.7897272,5808203,62844.0
1777446262.8619487,5808612,62848.0
1777446297.2979338,5809108,62852.0
1777446315.9580657,5809373,62856.0
1777446340.7139213,5809719,62860.0
1777446376.9497013,5810244,62864.0
1777446402.857713,5810610,62868.0
1777446421.8336585,5810872,62872.0
1777446457.8495169,5811393,62876.0
1777446481.3577209,5811726,62880.0
1777446527.8096144,5812403,62884.0
1777446550.5097601,5812724,62888.0
1777446577.169629,5813105,62892.0
1777446629.0694816,5813856,62896.0
1777446665.7848449,5814385,62900.0
1777446696.421568,5814824,62904.0
1777446728.7608259,5815285,62908.0
1777446749.6688092,5815579,62912.0
1777446783.572942,5816067,62916.0
1777446814.8888538,5816514,62920.0
1777446846.6967292,5816968,62924.0
1777446880.396603,5817453,62928.0
1777446913.280353,5817923,62932.0
1777446929.396717,5818143,62936.0
1777446957.9807732,5818548,62940.0
1777446999.7004044,5819150,62944.0
1777447017.54034,5819397,62948.0
1777447063.4402065,5820063,62952.0
1777447094.9158356,5820510,62956.0
1777447116.6362293,5820810,62960.0
1777447141.543862,5821165,62964.0
1777447180.2276273,5821720,62968.0
1777447221.6435518,5822311,62972.0
1777447250.5113292,5822720,62976.0
1777447276.2434654,5823087,62980.0
1777447307.3958225,5823533,62984.0
1777447338.8948226,5823982,62988.0
1777447361.6189814,5824296,62992.0
1777447393.578916,5824752,62996.0
1777447431.84697,5825301,63000.0
1777447479.2626243,5825992,63004.0
1777447508.3825603,5826411,63008.0
1777447542.466687,5826901,63012.0
1777447588.9504707,5827568,63016.0
1777447624.3498902,5828080,63020.0
1777447674.657749,5828806,63024.0
1777447699.1899137,5829161,63028.0
1777447740.7576993,5829753,63032.0
1777447779.277707,5830302,63036.0
1777447806.825596,5830694,63040.0
1777447837.3535073,5831130,63044.0
1777447875.2692761,5831679,63048.0
1777447888.7289145,5831858,63052.0
1777447921.2128499,5832319,63056.0
1777447946.8852587,5832685,63060.0
1777447967.576623,5832982,63064.0
1777448012.4809294,5833629,63068.0
1777448048.9448047,5834155,63072.0
1777448076.9047837,5834548,63076.0
1777448084.1046257,5834640,63080.0
1777448119.2883496,5835147,63084.0
1777448175.9158294,5835967,63088.0
1777448208.0997849,5836429,63092.0
1777448249.6319728,5837020,63096.0
1777448286.6757221,5837559,63100.0
1777448319.0915325,5838022,63104.0
1777448347.651649,5838432,63108.0
1777448368.7436993,5838721,63112.0
1777448392.9432974,5839065,63116.0
1777448407.2273753,5839262,63120.0
1777448447.8273695,5839851,63124.0
1777448491.8186288,5840480,63128.0
1777448530.9111085,5841046,63132.0
1777448562.1785634,5841492,63136.0
1777448592.7465224,5841929,63140.0
1777448618.5185652,5842296,63144.0
1777448645.0625374,5842670,63148.0
1777448681.3624291,5843193,63152.0
1777448709.4379153,5843589,63156.0
1777448728.613978,5843856,63160.0
1777448772.697825,5844499,63164.0
1777448793.797811,5844794,63168.0
1777448823.3576982,5845212,63172.0
1777448860.889565,5845750,63176.0
1777448895.7338476,5846256,63180.0
1777448946.1568444,5846985,63184.0
1777448992.7253106,5847658,63188.0
1777449028.0767767,5848162,63192.0
1777449073.5607157,5848821,63196.0
1777449107.324659,5849308,63200.0
1777449153.1605387,5849969,63204.0
1777449189.343839,5850489,63208.0
1777449237.3958707,5851177,63212.0
1777449273.728388,5851703,63216.0
1777449303.2959466,5852119,63220.0
1777449339.2715657,5852639,63224.0
1777449373.155722,5853121,63228.0
1777449423.9795434,5853854,63232.0
1777449460.071397,5854375,63236.0
1777449499.3709831,5854938,63240.0
1777449539.7747583,5855520,63244.0
1777449564.8069708,5855872,63248.0
1777449594.6307454,5856302,63252.0
1777449640.1346958,5856966,63256.0
1777449670.5185597,5857403,63260.0
1777449705.7659147,5857909,63264.0
1777449748.8019495,5858527,63268.0
1777449795.285993,5859205,63272.0
1777449838.6018076,5859822,63276.0
1777449863.8256383,5860184,63280.0
1777449896.0615563,5860643,63284.0
1777449935.6135912,5861213,63288.0
1777449974.3610148,5861766,63292.0
1777450018.4124079,5862401,63296.0
1777450059.595893,5862997,63300.0
1777450120.0707765,5863877,63304.0
1777450160.522756,5864461,63308.0
1777450196.070414,5864963,63312.0
1777450219.977839,5865305,63316.0
1777450244.569707,5865647,63320.0
1777450280.0213223,5866160,63324.0
1777450299.5648186,5866427,63328.0
1777450339.880728,5867012,63332.0
1777450383.264527,5867633,63336.0
1777450438.4398837,5868433,63340.0
1777450495.4634619,5869261,63344.0
1777450523.9750206,5869674,63348.0
1777450563.559058,5870236,63352.0
1777450600.9066896,5870777,63356.0
1777450637.9418824,5871307,63360.0
1777450677.0101883,5871865,63364.0
1777450693.6737936,5872100,63368.0
1777450725.1577146,5872552,63372.0
1777450752.465578,5872942,63376.0
1777450787.1693091,5873439,63380.0
1777450834.0851245,5874118,63384.0
1777450854.1605213,5874402,63388.0
1777450873.6847239,5874676,63392.0
1777450899.8844392,5875042,63396.0
1777450931.291949,5875490,63400.0
1777450961.6761441,5875922,63404.0
1777450994.8878455,5876395,63408.0
1777451029.0353673,5876879,63412.0
1777451066.9189842,5877415,63416.0
1777451096.026784,5877827,63420.0
1777451119.8186324,5878171,63424.0
1777451161.5225534,5878761,63428.0
1777451186.822718,5879122,63432.0
1777451229.2699955,5879732,63436.0
1777451242.2224429,5879914,63440.0
1777451254.613999,5880082,63444.0
1777451289.4816566,5880584,63448.0
1777451355.5573747,5881539,63452.0
1777451404.948847,5882255,63456.0
1777451438.0089328,5882725,63460.0
1777451470.7407439,5883195,63464.0
1777451498.1847572,5883583,63468.0
1777451526.5086882,5883991,63472.0
1777451568.1843984,5884595,63476.0
1777451613.768135,5885247,63480.0
1777451656.7837012,5885873,63484.0
1777451682.627611,5886238,63488.0
1777451714.4278064,5886693,63492.0
1777451745.7192335,5887137,63496.0
1777451763.4589484,5887381,63500.0
1777451794.4269238,5887827,63504.0
1777451827.7866368,5888303,63508.0
1777451884.9787543,5889130,63512.0
1777451929.793913,5889777,63516.0
1777451957.3781362,5890170,63520.0
1777451991.8219037,5890666,63524.0
1777452036.997777,5891311,63528.0
1777452066.8056157,5891734,63532.0
1777452094.5217566,5892125,63536.0
1777452136.5736914,5892732,63540.0
1777452180.0256946,5893358,63544.0
1777452237.4848933,5894188,63548.0
1777452268.2929714,5894626,63552.0
1777452290.9846437,5894951,63556.0
1777452318.1327977,5895336,63560.0
1777452352.4607155,5895829,63564.0
1777452395.3766747,5896428,63568.0
1777452425.2921543,5896857,63572.0
1777452471.0119548,5897515,63576.0
1777452486.288107,5897717,63580.0
1777452525.8359153,5898288,63584.0
1777452547.2957878,5898588,63588.0
1777452575.3556256,5898987,63592.0
1777452617.6717303,5899600,63596.0
1777452641.8034058,5899940,63600.0
1777452669.147069,5900330,63604.0
1777452707.798823,5900892,63608.0
1777452745.8829408,5901438,63612.0
1777452782.3987105,5901959,63616.0
1777452806.53866,5902303,63620.0
1777452833.8306582,5902692,63624.0
1777452879.8343294,5903355,63628.0
1777452917.0981486,5903894,63632.0
1777452959.4939833,5904501,63636.0
1777452982.2576723,5904831,63640.0
1777453004.4658868,5905141,63644.0
1777453027.849374,5905476,63648.0
1777453084.2535343,5906298,63652.0
1777453103.6768825,5906574,63656.0
1777453130.929086,5906957,63660.0
1777453166.3369036,5907470,63664.0
1777453191.7687962,5907830,63668.0
1777453224.7126744,5908300,63672.0
1777453257.7444775,5908771,63676.0
1777453291.7287397,5909248,63680.0
1777453310.9882636,5909524,63684.0
1777453339.4279494,5909927,63688.0
1777453377.4317822,5910476,63692.0
1777453404.1557686,5910861,63696.0
1777453428.231436,5911200,63700.0
1777453471.2396362,5911819,63704.0
1777453521.5388894,5912555,63708.0
1777453543.8472545,5912866,63712.0
1777453589.5828006,5913523,63716.0
1777453612.5667627,5913853,63720.0
1777453643.9067178,5914305,63724.0
1777453672.0347567,5914706,63728.0
1777453713.874566,5915305,63732.0
1777453759.1098647,5915963,63736.0
1777453790.049908,5916400,63740.0
1777453839.3097,5917110,63744.0
1777453866.6015246,5917491,63748.0
1777453899.4536865,5917966,63752.0
1777453925.5936167,5918331,63756.0
1777453968.5289423,5918956,63760.0
1777454000.3968053,5919412,63764.0
1777454052.1646774,5920154,63768.0
1777454066.1046846,5920351,63772.0
1777454096.112612,5920775,63776.0
1777454131.7403364,5921290,63780.0
1777454164.11644,5921757,63784.0
1777454197.8719974,5922234,63788.0
1777454224.691972,5922617,63792.0
1777454276.4919455,5923365,63796.0
1777454304.8077157,5923769,63800.0
1777454325.9158149,5924065,63804.0
1777454365.615729,5924637,63808.0
1777454401.1679926,5925146,63812.0
1777454443.7355707,5925763,63816.0
1777454484.1354074,5926350,63820.0
1777454515.794908,5926805,63824.0
1777454547.9949827,5927263,63828.0
1777454578.8190324,5927699,63832.0
1777454608.63876,5928122,63836.0
1777454644.4710526,5928626,63840.0
1777454688.9225988,5929273,63844.0
1777454719.64675,5929709,63848.0
1777454752.9461372,5930184,63852.0
1777454787.9659927,5930686,63856.0
1777454818.6739373,5931125,63860.0
1777454849.9059353,5931573,63864.0
1777454879.5138056,5931992,63868.0
1777454927.789578,5932685,63872.0
1777454954.8490229,5933073,63876.0
1777454982.1929157,5933459,63880.0
1777455024.3407614,5934071,63884.0
1777455057.8619287,5934547,63888.0
1777455081.8530765,5934884,63892.0
1777455116.2687304,5935376,63896.0
1777455158.7004335,5935979,63900.0
1777455188.6843882,5936408,63904.0
1777455221.4966707,5936874,63908.0
1777455240.4360294,5937144,63912.0
1777455281.2519245,5937726,63916.0
1777455304.043754,5938042,63920.0
1777455343.9479113,5938621,63924.0
1777455385.695722,5939220,63928.0
1777455422.1311092,5939742,63932.0
1777455451.570851,5940161,63936.0
1777455478.1547046,5940538,63940.0
1777455510.9467993,5941013,63944.0
1777455529.8227735,5941269,63948.0
1777455571.8387687,5941876,63952.0
1777455605.2346685,5942345,63956.0
1777455635.6582136,5942773,63960.0
1777455684.009964,5943478,63964.0
1777455731.8658454,5944162,63968.0
1777455762.5097294,5944596,63972.0
1777455786.0176706,5944930,63976.0
1777455813.3778532,5945322,63980.0
1777455862.7695606,5946035,63984.0
1777455894.5770113,5946486,63988.0
1777455927.244912,5946951,63992.0
1777455957.2526195,5947382,63996.0
1777455990.220744,5947853,64000.0
1777456017.844512,5948248,64004.0
1777456057.7285528,5948821,64008.0
1777456092.648195,5949321,64012.0
1777456114.9722974,5949636,64016.0
1777456150.5241463,5950147,64020.0
1777456179.2958372,5950561,64024.0
1777456209.2479947,5950993,64028.0
1777456228.807941,5951274,64032.0
1777456270.4556274,5951873,64036.0
1777456292.5159514,5952186,64040.0
1777456315.0597148,5952504,64044.0
1777456358.8156817,5953131,64048.0
1777456391.675502,5953600,64052.0
1777456419.7772322,5954000,64056.0
1777456465.3948507,5954667,64060.0
1777456489.534838,5955008,64064.0
1777456517.7948906,5955414,64068.0
1777456549.6269104,5955867,64072.0
1777456596.8949413,5956550,64076.0
1777456639.010692,5957161,64080.0
1777456680.0624313,5957756,64084.0
1777456704.2864528,5958102,64088.0
1777456741.270175,5958635,64092.0
1777456762.746311,5958937,64096.0
1777456800.466019,5959481,64100.0
1777456833.8655093,5959958,64104.0
1777456857.7897003,5960296,64108.0
1777456879.7334473,5960603,64112.0
1777456907.825734,5961001,64116.0
1777456935.509496,5961397,64120.0
1777456972.9096255,5961937,64124.0
1777457000.7853417,5962334,64128.0
1777457042.4491615,5962935,64132.0
1777457083.7847373,5963525,64136.0
1777457111.4767146,5963923,64140.0
1777457153.4846694,5964531,64144.0
1777457183.2763977,5964959,64148.0
1777457207.6199052,5965298,64152.0
1777457248.6360774,5965889,64156.0
1777457277.671977,5966299,64160.0
1777457323.419744,5966958,64164.0
1777457351.8637574,5967360,64168.0
1777457389.0796542,5967894,64172.0
1777457416.6796877,5968285,64176.0
1777457441.8555098,5968643,64180.0
1777457475.6632771,5969129,64184.0
1777457509.68271,5969614,64188.0
1777457538.2149825,5970015,64192.0
1777457579.3985393,5970611,64196.0
1777457603.2227752,5970948,64200.0
1777457639.5906281,5971475,64204.0
1777457679.8104563,5972041,64208.0
1777457703.9821844,5972391,64212.0
1777457736.3104272,5972851,64216.0
1777457766.7779868,5973286,64220.0
1777457810.093565,5973912,64224.0
1777457841.5776794,5974365,64228.0
1777457875.3016028,5974849,64232.0
1777457909.269379,5975341,64236.0
1777457932.676888,5975671,64240.0
1777457957.0049493,5976016,64244.0
1777457979.80464,5976334,64248.0
1777458012.9608128,5976811,64252.0
1777458043.7886229,5977246,64256.0
1777458077.5046146,5977725,64260.0
1777458117.120378,5978299,64264.0
1777458170.6963859,5979075,64268.0
1777458221.539991,5979801,64272.0
1777458248.5997972,5980183,64276.0
1777458279.1001678,5980617,64280.0
1777458309.2919106,5981049,64284.0
1777458342.6679132,5981530,64288.0
1777458374.6357503,5981988,64292.0
1777458416.5517428,5982593,64296.0
1777458464.3197882,5983278,64300.0
1777458493.0036452,5983689,64304.0
1777458530.6875942,5984225,64308.0
1777458562.7631848,5984685,64312.0
1777458610.738791,5985378,64316.0
1777458642.562878,5985831,64320.0
1777458676.0470064,5986311,64324.0
1777458707.3386538,5986759,64328.0
1777458744.170934,5987292,64332.0
1777458773.5226977,5987709,64336.0
1777458795.1307535,5988009,64340.0
1777458826.390607,5988458,64344.0
1777458863.1744807,5988985,64348.0
1777458898.0581963,5989488,64352.0
1777458929.8663025,5989938,64356.0
1777458966.866008,5990471,64360.0
1777458997.6663013,5990913,64364.0
1777459033.1416667,5991418,64368.0
1777459072.9097018,5991987,64372.0
1777459093.0015273,5992265,64376.0
1777459107.209525,5992462,64380.0
1777459133.969494,5992842,64384.0
1777459177.152928,5993469,64388.0
1777459195.8448992,5993726,64392.0
1777459222.8447688,5994106,64396.0
1777459266.4126515,5994735,64400.0
1777459292.7047436,5995108,64404.0
1777459321.3367243,5995512,64408.0
1777459334.6967413,5995691,64412.0
1777459380.5484834,5996356,64416.0
1777459426.7959301,5997020,64420.0
1777459461.400383,5997519,64424.0
1777459499.2078383,5998062,64428.0
1777459532.5560555,5998537,64432.0
1777459553.331797,5998825,64436.0
1777459574.87568,5999126,64440.0
1777459629.4513009,5999924,64444.0
1777459662.0593848,6000325,64448.0
1777459702.326855,6000907,64452.0
1777459734.195358,6001359,64456.0
1777459774.5947852,6001942,64460.0
1777459795.7350066,6002240,64464.0
1777459835.4547071,6002812,64468.0
1777459868.586716,6003286,64472.0
1777459891.6466937,6003608,64476.0
1777459935.2143095,6004224,64480.0
1777459984.5298362,6004939,64484.0
1777460024.4060163,6005505,64488.0
1777460049.845804,6005867,64492.0
1777460080.689831,6006307,64496.0
1777460110.4056103,6006732,64500.0
1777460151.4255114,6007322,64504.0
1777460187.6334114,6007837,64508.0
1777460223.0489497,6008343,64512.0
1777460239.8726583,6008568,64516.0
1777460272.808743,6009040,64520.0
1777460314.4240804,6009643,64524.0
1777460358.2436996,6010267,64528.0
1777460411.1915317,6011036,64532.0
1777460454.0831704,6011647,64536.0
1777460488.6948838,6012141,64540.0
1777460518.2427034,6012565,64544.0
1777460547.4024677,6012985,64548.0
1777460584.2180383,6013513,64552.0
1777460603.7256794,6013787,64556.0
1777460648.5777602,6014433,64560.0
1777460705.905268,6015265,64564.0
1777460733.045017,6015652,64568.0
1777460761.828685,6016062,64572.0
1777460808.8127131,6016735,64576.0
1777460842.548483,6017215,64580.0
1777460876.0718455,6017699,64584.0
1777460908.7880187,6018165,64588.0
1777460941.3237734,6018629,64592.0
1777460969.2996063,6019019,64596.0
1777461007.8834321,6019573,64600.0
1777461041.846932,6020058,64604.0
1777461076.6668327,6020554,64608.0
1777461106.774618,6020986,64612.0
1777461141.3427145,6021481,64616.0
1777461170.2986288,6021891,64620.0
1777461198.0343966,6022285,64624.0
1777461253.449896,6023091,64628.0
1777461299.449674,6023752,64632.0
1777461332.5337014,6024227,64636.0
1777461364.63758,6024688,64640.0
1777461398.5289648,6025178,64644.0
1777461433.91308,6025683,64648.0
1777461484.112444,6026407,64652.0
1777461513.3287292,6026824,64656.0
1777461554.544831,6027416,64660.0
1777461575.8201218,6027722,64664.0
1777461628.5959017,6028479,64668.0
1777461659.8397675,6028925,64672.0
1777461686.787479,6029305,64676.0
1777461709.7797916,6029626,64680.0
1777461756.9835067,6030313,64684.0
1777461783.5067647,6030690,64688.0
1777461817.4909325,6031177,64692.0
1777461857.0227695,6031747,64696.0
1777461881.3348196,6032096,64700.0
1777461921.4186974,6032672,64704.0
1777461968.5659602,6033357,64708.0
1777462010.1658454,6033950,64712.0
1777462047.0697148,6034477,64716.0
1777462077.3176198,6034905,64720.0
1777462111.1457253,6035392,64724.0
1777462141.6096067,6035832,64728.0
1777462181.1769578,6036403,64732.0
1777462210.220885,6036815,64736.0
1777462250.480758,6037396,64740.0
1777462274.420724,6037743,64744.0
1777462309.4449975,6038231,64748.0
1777462339.1287043,6038653,64752.0
1777462368.356229,6039064,64756.0
1777462397.6878707,6039479,64760.0
1777462430.708316,6039953,64764.0
1777462444.608042,6040149,64768.0
1777462472.3916605,6040543,64772.0
1777462505.6481717,6041018,64776.0
1777462557.3237004,6041765,64780.0
1777462597.5759058,6042347,64784.0
1777462644.9595466,6043024,64788.0
1777462673.0828469,6043416,64792.0
1777462700.2509873,6043803,64796.0
1777462716.7346911,6044037,64800.0
1777462748.9027677,6044494,64804.0
1777462785.118744,6045015,64808.0
1777462805.6627774,6045300,64812.0
1777462836.4866507,6045742,64816.0
1777462872.1024044,6046254,64820.0
1777462907.5539072,6046760,64824.0
1777462947.8059313,6047340,64828.0
1777462980.6777287,6047809,64832.0
1777463008.1816723,6048198,64836.0
1777463042.7295852,6048693,64840.0
1777463071.488963,6049103,64844.0
1777463113.4568164,6049663,64848.0
1777463145.1730788,6050111,64852.0
1777463177.364792,6050573,64856.0
1777463201.7887628,6050918,64860.0
1777463241.5166671,6051487,64864.0
1777463287.3840275,6052151,64868.0
1777463343.5319314,6052958,64872.0
1777463353.907841,6053101,64876.0
1777463376.383772,6053414,64880.0
1777463405.6757324,6053831,64884.0
1777463465.1034355,6054691,64888.0
1777463493.3510149,6055090,64892.0
1777463523.8789003,6055529,64896.0
1777463553.4632475,6055948,64900.0
1777463573.1190143,6056224,64904.0
1777463598.9546688,6056586,64908.0
1777463624.6187925,6056954,64912.0
1777463667.6867335,6057575,64916.0
1777463703.7384307,6058093,64920.0
1777463727.6461396,6058430,64924.0
1777463784.5539355,6059258,64928.0
1777463813.8058088,6059673,64932.0
1777463837.8657389,6060021,64936.0
1777463858.473712,6060309,64940.0
1777463895.505622,6060844,64944.0
1777463925.1334016,6061264,64948.0
1777463958.3169222,6061738,64952.0
1777463976.3729808,6061986,64956.0
1777463998.4850204,6062297,64960.0
1777464022.40859,6062637,64964.0
1777464058.04064,6063147,64968.0
1777464089.7527163,6063601,64972.0
1777464121.5003874,6064050,64976.0
1777464166.984,6064709,64980.0
1777464230.8280296,6065630,64984.0
1777464266.0436938,6066132,64988.0
1777464293.6197343,6066523,64992.0
1777464324.4192665,6066956,64996.0
1777464358.4036238,6067440,65000.0
1777464390.6319833,6067902,65004.0
1777464410.01496,6068170,65008.0
1777464443.4874725,6068652,65012.0
1777464479.0551226,6069160,65016.0
1777464512.998823,6069645,65020.0
1777464557.8829262,6070300,65024.0
1777464583.1508582,6070654,65028.0
1777464618.0909457,6071157,65032.0
1777464636.5346646,6071411,65036.0
1777464659.5747616,6071733,65040.0
1777464708.2346997,6072444,65044.0
1777464749.1023948,6073029,65048.0
1777464780.4423292,6073476,65052.0
1777464824.517923,6074114,65056.0
1777464862.3258903,6074651,65060.0
1777464900.4619508,6075205,65064.0
1777464935.7776988,6075715,65068.0
1777464966.8616033,6076157,65072.0
1777465001.16961,6076649,65076.0
1777465020.1454558,6076912,65080.0
1777465047.9968572,6077307,65084.0
1777465087.8647437,6077885,65088.0
1777465126.8207872,6078443,65092.0
1777465155.5568843,6078850,65096.0
1777465179.0328863,6079179,65100.0
1777465210.2646155,6079626,65104.0
1777465253.2999878,6080242,65108.0
1777465283.7244093,6080679,65112.0
1777465303.4837747,6080961,65116.0
1777465312.8081307,6081082,65120.0
1777465357.707849,6081737,65124.0
1777465384.6683042,6082115,65128.0
1777465449.511507,6083056,65132.0
1777465481.7435246,6083517,65136.0
1777465516.4954562,6084014,65140.0
1777465550.2710953,6084500,65144.0
1777465578.434974,6084895,65148.0
1777465615.5546901,6085425,65152.0
1777465637.4107628,6085733,65156.0
1777465665.3385348,6086125,65160.0
1777465719.3304396,6086907,65164.0
1777465743.9704783,6087253,65168.0
1777465777.77396,6087733,65172.0
1777465803.4817667,6088097,65176.0
1777465822.0738964,6088360,65180.0
1777465859.4057333,6088897,65184.0
1777465878.9337728,6089174,65188.0
1777465921.39777,6089782,65192.0
1777465955.2733543,6090273,65196.0
1777465980.3415577,6090626,65200.0
1777465997.5008578,6090871,65204.0
1777466020.6928277,6091196,65208.0
1777466060.0931208,6091760,65212.0
1777466089.7167816,6092183,65216.0
1777466117.9246256,6092580,65220.0
1777466144.2287285,6092954,65224.0
1777466207.96839,6093883,65228.0
1777466227.959855,6094158,65232.0
1777466265.1960175,6094696,65236.0
1777466291.9717567,6095076,65240.0
1777466349.711634,6095915,65244.0
1777466384.411497,6096409,65248.0
1777466416.855455,6096873,65252.0
1777466450.8549492,6097358,65256.0
1777466498.107106,6098034,65260.0
1777466541.0547743,6098658,65264.0
1777466581.5228856,6099234,65268.0
1777466618.3744485,6099761,65272.0
1777466666.218253,6100447,65276.0
1777466693.2256565,6100826,65280.0
1777466724.6658397,6101280,65284.0
1777466769.357675,6101927,65288.0
1777466815.9775774,6102600,65292.0
1777466842.561567,6102974,65296.0
1777466884.645045,6103585,65300.0
1777466918.3370597,6104070,65304.0
1777466952.4366958,6104558,65308.0
1777466994.2687273,6105157,65312.0
1777467027.1606925,6105626,65316.0
1777467063.9280496,6106158,65320.0
1777467083.7962308,6106436,65324.0
1777467120.0884683,6106960,65328.0
1777467162.2397919,6107565,65332.0
1777467192.3237386,6107996,65336.0
1777467208.007695,6108214,65340.0
1777467253.5474918,6108874,65344.0
1777467289.074941,6109382,65348.0
1777467321.074937,6109842,65352.0
1777467342.1986883,6110134,65356.0
1777467390.3667657,6110827,65360.0
1777467424.9985373,6111322,65364.0
1777467467.0663927,6111928,65368.0
1777467503.3858836,6112439,65372.0
1777467520.2423387,6112674,65376.0
1777467546.7499516,6113051,65380.0
1777467570.6257083,6113389,65384.0
1777467617.8857365,6114070,65388.0
1777467647.745731,6114491,65392.0
1777467685.9775453,6115032,65396.0
1777467717.0694096,6115480,65400.0
1777467745.8536594,6115893,65404.0
1777467764.412817,6116160,65408.0
1777467827.1207528,6117064,65412.0
1777467857.548674,6117499,65416.0
1777467890.8966162,6117978,65420.0
1777467907.188583,6118201,65424.0
1777467932.896411,6118564,65428.0
1777467975.615912,6119177,65432.0
1777467993.8402128,6119425,65436.0
1777468054.0476756,6120298,65440.0
1777468093.8515005,6120871,65444.0
1777468118.8077002,6121228,65448.0
1777468151.95942,6121696,65452.0
1777468166.2830734,6121891,65456.0
1777468203.2509146,6122420,65460.0
1777468235.1746404,6122879,65464.0
1777468272.6948173,6123421,65468.0
1777468308.5425997,6123936,65472.0
1777468353.146486,6124575,65476.0
1777468380.454338,6124964,65480.0
1777468426.8304732,6125636,65484.0
1777468457.6060994,6126075,65488.0
1777468483.6620736,6126440,65492.0
1777468518.997827,6126951,65496.0
1777468558.6136155,6127520,65500.0
1777468592.9296384,6128012,65504.0
1777468633.8817828,6128599,65508.0
1777468660.8259497,6128980,65512.0
1777468689.2252352,6129383,65516.0
1777468727.66515,6129934,65520.0
1777468761.1167767,6130417,65524.0
1777468805.7487795,6131063,65528.0
1777468848.2326868,6131679,65532.0
1777468887.7167356,6132242,65536.0
1777468904.4447477,6132477,65540.0
1777468949.0923712,6133119,65544.0
1777468971.2205725,6133434,65548.0
1777469008.3038616,6133952,65552.0
1777469038.6360426,6134387,65556.0
1777469070.2799928,6134835,65560.0
1777469106.9116886,6135364,65564.0
1777469157.139928,6136087,65568.0
1777469208.307536,6136829,65572.0
1777469240.1234179,6137285,65576.0
1777469272.7469113,6137748,65580.0
1777469317.9749897,6138399,65584.0
1777469348.4306464,6138833,65588.0
1777469382.8509996,6139321,65592.0
1777469413.9907117,6139765,65596.0
1777469440.3747087,6140135,65600.0
1777469472.6184323,6140598,65604.0
1777469516.2346258,6141221,65608.0
1777469563.3780868,6141905,65612.0
1777469607.1458132,6142528,65616.0
1777469636.0539627,6142942,65620.0
1777469675.3536272,6143509,65624.0
1777469704.2855828,6143919,65628.0
1777469739.5616937,6144424,65632.0
1777469772.912912,6144905,65636.0
1777469790.9528353,6145152,65640.0
1777469816.681298,6145520,65644.0
1777469882.0207632,6146469,65648.0
1777469927.7486403,6147130,65652.0
1777469961.6721227,6147615,65656.0
1777469998.8560517,6148144,65660.0
1777470039.123796,6148729,65664.0
1777470070.375792,6149172,65668.0
1777470113.7438006,6149794,65672.0
1777470145.9996524,6150255,65676.0
1777470166.9677012,6150547,65680.0
1777470213.467778,6151215,65684.0
1777470246.6956205,6151686,65688.0
1777470272.5428853,6152048,65692.0
1777470294.0510077,6152354,65696.0
1777470320.9426055,6152733,65700.0
1777470351.9267888,6153179,65704.0
1777470392.5466745,6153759,65708.0
1777470421.68669,6154178,65712.0
1777470442.6465209,6154480,65716.0
1777470482.9978452,6155054,65720.0
1777470525.561772,6155670,65724.0
1777470552.429644,6156053,65728.0
1777470594.51316,6156659,65732.0
1777470632.1969426,6157188,65736.0
1777470669.6564953,6157724,65740.0
1777470701.2245934,6158177,65744.0
1777470733.3403692,6158631,65748.0
1777470771.9157267,6159189,65752.0
1777470813.9997635,6159788,65756.0
1777470849.2155638,6160292,65760.0
1777470875.9989505,6160675,65764.0
1777470913.5074139,6161217,65768.0
1777470958.23514,6161861,65772.0
1777470982.8270583,6162212,65776.0
1777471011.5668437,6162620,65780.0
1777471036.2344692,6162969,65784.0
1777471070.3943644,6163460,65788.0
1777471091.653844,6163757,65792.0
1777471142.6778445,6164492,65796.0
1777471185.3616822,6165105,65800.0
1777471217.0377147,6165562,65804.0
1777471255.6048048,6166118,65808.0
1777471276.181034,6166405,65812.0
1777471319.356971,6167023,65816.0
1777471364.5567787,6167675,65820.0
1777471414.7886288,6168402,65824.0
1777471449.739764,6168900,65828.0
1777471488.323946,6169456,65832.0
1777471522.7237175,6169947,65836.0
1777471560.823431,6170488,65840.0
1777471604.190902,6171115,65844.0
1777471630.066949,6171477,65848.0
1777471670.266893,6172058,65852.0
1777471701.626625,6172504,65856.0
1777471717.566802,6172719,65860.0
1777471751.0027747,6173200,65864.0
1777471775.1946857,6173539,65868.0
1777471799.2703822,6173878,65872.0
1777471834.8859487,6174384,65876.0
1777471864.601901,6174812,65880.0
1777471908.3859303,6175446,65884.0
1777471942.8296628,6175934,65888.0
1777471995.8054886,6176698,65892.0
1777472013.6808605,6176947,65896.0
1777472041.1374664,6177333,65900.0
1777472074.8209093,6177818,65904.0
1777472107.4408133,6178285,65908.0
1777472140.8127117,6178761,65912.0
1777472156.3887486,6178980,65916.0
1777472184.9164472,6179387,65920.0
1777472225.008294,6179961,65924.0
1777472267.432026,6180571,65928.0
1777472290.0557141,6180890,65932.0
1777472312.7240205,6181204,65936.0
1777472341.4837742,6181610,65940.0
1777472375.4515634,6182098,65944.0
1777472399.27586,6182433,65948.0
1777472427.7508945,6182844,65952.0
1777472474.6749868,6183517,65956.0
1777472514.0667646,6184080,65960.0
1777472546.218709,6184542,65964.0
1777472568.3107598,6184849,65968.0
1777472604.5105236,6185372,65972.0
1777472625.7860482,6185667,65976.0
1777472656.770247,6186108,65980.0
1777472693.4138072,6186636,65984.0
1777472726.4456272,6187105,65988.0
1777472750.7696588,6187450,65992.0
1777472761.7295182,6187592,65996.0
1777472795.1895206,6188070,66000.0
1777472841.780874,6188748,66004.0
1777472886.7487667,6189382,66008.0
1777472916.4646227,6189803,66012.0
1777472956.840535,6190386,66016.0
1777472988.5918262,6190837,66020.0
1777473033.1317577,6191471,66024.0
1777473057.0317116,6191814,66028.0
1777473102.6077714,6192465,66032.0
1777473131.9515042,6192883,66036.0
1777473160.058971,6193276,66040.0
1777473195.0113387,6193782,66044.0
1777473223.059038,6194181,66048.0
1777473248.3028462,6194536,66052.0
1777473289.38674,6195129,66056.0
1777473325.8704371,6195656,66060.0
1777473374.0018876,6196348,66064.0
1777473413.3379688,6196913,66068.0
1777473445.8855915,6197378,66072.0
1777473486.0538287,6197949,66076.0
1777473504.0696783,6198206,66080.0
1777473543.988998,6198776,66084.0
1777473593.2809155,6199495,66088.0
1777473618.1048348,6199842,66092.0
1777473643.5124938,6200196,66096.0
1777473681.0647335,6200733,66100.0
1777473703.5407786,6201051,66104.0
1777473730.5563846,6201430,66108.0
1777473748.0923884,6201679,66112.0
1777473773.9077847,6202040,66116.0
1777473804.1999967,6202471,66120.0
1777473835.152232,6202918,66124.0
1777473867.423695,6203379,66128.0
1777473904.1276114,6203911,66132.0
1777473958.8674498,6204698,66136.0
1777473983.3108995,6205043,66140.0
1777474015.2269676,6205498,66144.0
1777474037.386699,6205806,66148.0
1777474073.2546,6206320,66152.0
1777474109.9627156,6206844,66156.0
1777474137.3299541,6207231,66160.0
1777474165.4379547,6207631,66164.0
1777474195.5381026,6208062,66168.0
1777474225.561609,6208486,66172.0
1777474256.3816612,6208926,66176.0
1777474278.0056982,6209224,66180.0
1777474317.2730334,6209796,66184.0
1777474358.4728615,6210380,66188.0
1777474386.7967918,6210789,66192.0
1777474414.8050396,6211194,66196.0
1777474435.6166973,6211482,66200.0
1777474458.5004404,6211805,66204.0
1777474492.1726472,6212291,66208.0
1777474548.500629,6213105,66212.0
1777474578.260297,6213530,66216.0
1777474599.760031,6213827,66220.0
1777474645.0599391,6214488,66224.0
1777474670.8999274,6214849,66228.0
1777474723.3119807,6215605,66232.0
1777474746.7518291,6215936,66236.0
1777474789.8197,6216552,66240.0
1777474836.9478042,6217233,66244.0
1777474885.17955,6217928,66248.0
1777474923.9634652,6218489,66252.0
1777474955.823361,6218945,66256.0
1777474998.306994,6219552,66260.0
1777475026.806841,6219960,66264.0
1777475051.347074,6220306,66268.0
1777475089.982621,6220864,66272.0
1777475133.0147278,6221480,66276.0
1777475156.0424423,6221803,66280.0
1777475193.4265933,6222341,66284.0
1777475225.6665263,6222807,66288.0
1777475239.2259126,6222989,66292.0
1777475264.4939814,6223346,66296.0
1777475284.3577921,6223630,66300.0
1777475313.4938147,6224047,66304.0
1777475336.5018165,6224371,66308.0
1777475364.29371,6224768,66312.0
1777475386.7017314,6225077,66316.0
1777475414.9377491,6225472,66320.0
1777475464.0051558,6226187,66324.0
1777475505.1052601,6226778,66328.0
1777475568.1646378,6227689,66332.0
1777475598.9487796,6228124,66336.0
1777475628.8726685,6228549,66340.0
1777475652.1882215,6228878,66344.0
1777475689.4484541,6229416,66348.0
1777475748.0398655,6230267,66352.0
1777475780.0398486,6230720,66356.0
1777475816.575884,6231249,66360.0
1777475848.3517063,6231704,66364.0
1777475903.9596503,6232511,66368.0
1777475945.6434336,6233109,66372.0
1777475977.9956295,6233572,66376.0
1777476011.2189696,6234049,66380.0
1777476052.150742,6234640,66384.0
1777476088.602526,6235163,66388.0
1777476114.3106737,6235526,66392.0
1777476153.6780682,6236093,66396.0
1777476180.530283,6236468,66400.0
1777476224.8456028,6237107,66404.0
1777476259.2619493,6237603,66408.0
1777476290.1056716,6238049,66412.0
1777476337.505678,6238735,66416.0
1777476365.5209744,6239138,66420.0
1777476399.9252133,6239632,66424.0
1777476440.6889274,6240207,66428.0
1777476477.316875,6240736,66432.0
1777476522.3406887,6241377,66436.0
1777476538.0244408,6241595,66440.0
1777476572.8925855,6242096,66444.0
1777476603.208427,6242533,66448.0
1777476631.9002855,6242940,66452.0
1777476648.5758166,6243162,66456.0
1777476682.2999885,6243647,66460.0
1777476722.835634,6244232,66464.0
1777476752.703702,6244653,66468.0
1777476791.7196312,6245210,66472.0
1777476819.6634266,6245614,66476.0
1777476853.294829,6246085,66480.0
1777476870.1547701,6246326,66484.0
1777476901.046807,6246765,66488.0
1777476928.8467577,6247156,66492.0
1777476949.586766,6247447,66496.0
1777476968.5987206,6247712,66500.0
1777476992.706805,6248054,66504.0
1777477034.4904525,6248654,66508.0
1777477065.3305001,6249099,66512.0
1777477090.629824,6249464,66516.0
1777477110.8059814,6249739,66520.0
1777477155.5256665,6250387,66524.0
1777477191.3897302,6250896,66528.0
1777477248.941556,6251729,66532.0
1777477278.7252924,6252147,66536.0
1777477300.1692495,6252455,66540.0
1777477341.0689528,6253040,66544.0
1777477367.5925817,6253412,66548.0
1777477381.0166435,6253602,66552.0
1777477415.668725,6254097,66556.0
1777477451.6125765,6254606,66560.0
1777477488.8604574,6255144,66564.0
1777477513.8121881,6255496,66568.0
1777477549.4281352,6256008,66572.0
1777477573.3277235,6256344,66576.0
1777477601.0277114,6256746,66580.0
1777477630.0396795,6257160,66584.0
1777477667.77166,6257693,66588.0
1777477697.5229127,6258113,66592.0
1777477750.938728,6258895,66596.0
1777477778.4909153,6259285,66600.0
1777477809.6310596,6259733,66604.0
1777477837.7146955,6260134,66608.0
1777477880.2985537,6260744,66612.0
1777477896.9142478,6260979,66616.0
1777477922.6820328,6261343,66620.0
1777477957.5577688,6261843,66624.0
1777477988.810019,6262286,66628.0
1777478011.2496748,6262601,66632.0
1777478036.4097874,6262954,66636.0
1777478051.8016748,6263174,66640.0
1777478081.1336024,6263593,66644.0
1777478108.2094817,6263973,66648.0
1777478140.4169092,6264428,66652.0
1777478163.153541,6264742,66656.0
1777478225.0286307,6265640,66660.0
1777478258.8886342,6266127,66664.0
1777478302.9807634,6266761,66668.0
1777478347.680865,6267407,66672.0
1777478384.8958752,6267936,66676.0
1777478407.3044558,6268256,66680.0
1777478435.315783,6268657,66684.0
1777478466.747735,6269103,66688.0
1777478514.5636756,6269789,66692.0
1777478532.4917157,6270044,66696.0
1777478563.931039,6270495,66700.0
1777478591.7830715,6270892,66704.0
1777478621.5748467,6271310,66708.0
1777478649.390738,6271703,66712.0
1777478675.0347648,6272066,66716.0
1777478700.14264,6272417,66720.0
1777478735.2746909,6272920,66724.0
1777478769.326712,6273406,66728.0
1777478801.9865313,6273872,66732.0
1777478832.4179513,6274305,66736.0
1777478863.3939373,6274743,66740.0
1777478928.6218164,6275683,66744.0
1777478964.1537192,6276192,66748.0
1777478987.8616579,6276536,66752.0
1777479005.4375165,6276777,66756.0
1777479025.3974001,6277054,66760.0
1777479060.3447506,6277559,66764.0
1777479104.9489675,6278202,66768.0
1777479135.7326565,6278643,66772.0
1777479169.5046577,6279129,66776.0
1777479197.1886933,6279518,66780.0
1777479236.4563832,6280078,66784.0
1777479280.1918404,6280702,66788.0
1777479318.159991,6281245,66792.0
1777479351.7677386,6281718,66796.0
1777479394.4999034,6282338,66800.0
1777479447.3750055,6283102,66804.0
1777479490.8268404,6283729,66808.0
1777479517.0109305,6284100,66812.0
1777479544.018957,6284478,66816.0
1777479569.4948726,6284839,66820.0
1777479589.7186706,6285129,66824.0
1777479620.5027375,6285567,66828.0
1777479661.7024302,6286155,66832.0
1777479697.9780178,6286674,66836.0
1777479720.3299139,6286988,66840.0
1777479755.138114,6287489,66844.0
1777479790.9398446,6288000,66848.0
1777479830.473721,6288569,66852.0
1777479849.1656098,6288828,66856.0
1777479879.0575294,6289251,66860.0
1777479910.972999,6289711,66864.0
1777479944.8247943,6290194,66868.0
1777479979.6007087,6290695,66872.0
1777480017.1847155,6291226,66876.0
1777480055.9007137,6291783,66880.0
1777480091.152559,6292291,66884.0
1777480116.8085728,6292651,66888.0
1777480142.1685553,6293015,66892.0
1777480173.8997877,6293469,66896.0
1777480208.9677103,6293972,66900.0
1777480244.2357125,6294479,66904.0
1777480282.9597118,6295033,66908.0
1777480321.5876477,6295579,66912.0
1777480349.4952192,6295977,66916.0
1777480382.0628889,6296443,66920.0
1777480422.9548576,6297034,66924.0
1777480447.9548478,6297384,66928.0
1777480504.3907025,6298203,66932.0
1777480544.4226847,6298779,66936.0
1777480562.0825133,6299026,66940.0
1777480605.414505,6299652,66944.0
1777480638.0339882,6300117,66948.0
1777480672.2336547,6300605,66952.0
1777480712.117652,6301170,66956.0
1777480745.2935052,6301647,66960.0
1777480779.992822,6302144,66964.0
1777480805.5328627,6302499,66968.0
1777480840.9528344,6303005,66972.0
1777480871.8168683,6303443,66976.0
1777480907.5607483,6303951,66980.0
1777480940.7278905,6304429,66984.0
1777480971.3680282,6304862,66988.0
1777480993.195877,6305163,66992.0
1777481028.4117413,6305668,66996.0
1777481060.6797338,6306129,67000.0
1777481091.0715187,6306564,67004.0
1777481112.879191,6306867,67008.0
1777481148.878777,6307383,67012.0
1777481165.1708193,6307604,67016.0
1777481186.2948186,6307905,67020.0
1777481240.454886,6308687,67024.0
1777481279.3746343,6309251,67028.0
1777481331.5221882,6310003,67032.0
1777481374.0418162,6310608,67036.0
1777481397.4821177,6310942,67040.0
1777481440.2257435,6311554,67044.0
1777481482.0576706,6312159,67048.0
1777481526.7567847,6312796,67052.0
1777481557.248933,6313234,67056.0
1777481592.652799,6313740,67060.0
1777481625.1367996,6314208,67064.0
1777481654.160594,6314619,67068.0
1777481686.428613,6315081,67072.0
1777481737.0957212,6315815,67076.0
1777481759.404022,6316129,67080.0
1777481781.2606132,6316436,67084.0
1777481821.927704,6317022,67088.0
1777481854.1796882,6317472,67092.0
1777481893.3795004,6318030,67096.0
1777481918.931387,6318390,67100.0
1777481947.9868624,6318807,67104.0
1777481961.0552793,6318983,67108.0
1777482000.2227077,6319547,67112.0
1777482025.3625307,6319903,67116.0
1777482054.1665344,6320312,67120.0
1777482092.1505158,6320859,67124.0
1777482137.6146483,6321512,67128.0
1777482179.2817454,6322112,67132.0
1777482208.6818619,6322529,67136.0
1777482232.2260175,6322857,67140.0
1777482263.849854,6323310,67144.0
1777482295.5176647,6323760,67148.0
1777482314.625408,6324023,67152.0
1777482341.4529264,6324402,67156.0
1777482361.8767333,6324694,67160.0
1777482409.6766968,6325383,67164.0
1777482438.9287493,6325796,67168.0
1777482481.844677,6326413,67172.0
1777482524.0963655,6327016,67176.0
1777482550.944338,6327394,67180.0
1777482581.319784,6327830,67184.0
1777482624.0719216,6328450,67188.0
1777482641.8797655,6328700,67192.0
1777482675.679699,6329181,67196.0
1777482711.8554187,6329700,67200.0
1777482741.1915536,6330118,67204.0
1777482768.8832967,6330507,67208.0
1777482801.7309947,6330977,67212.0
1777482839.9827602,6331524,67216.0
1777482873.675026,6332011,67220.0
1777482904.2909458,6332449,67224.0
1777482941.9586964,6332978,67228.0
1777482974.6826787,6333446,67232.0
1777482998.150664,6333780,67236.0
1777483020.3786511,6334092,67240.0
1777483056.2024426,6334605,67244.0
1777483086.7186122,6335039,67248.0
1777483120.7702665,6335523,67252.0
1777483139.8619227,6335791,67256.0
1777483184.9461672,6336436,67260.0
1777483222.0977669,6336967,67264.0
1777483247.5699232,6337325,67268.0
1777483264.2297163,6337559,67272.0
1777483298.4215798,6338042,67276.0
1777483319.9296525,6338350,67280.0
1777483349.065556,6338765,67284.0
1777483393.1810482,6339394,67288.0
1777483435.348888,6340003,67292.0
1777483457.9728081,6340319,67296.0
1777483486.724915,6340723,67300.0
1777483502.3926437,6340946,67304.0
1777483538.2008142,6341451,67308.0
1777483573.6768024,6341960,67312.0
1777483606.6604357,6342432,67316.0
1777483671.684345,6343376,67320.0
1777483700.57663,6343791,67324.0
1777483737.1596787,6344318,67328.0
1777483765.435685,6344718,67332.0
1777483808.3117173,6345327,67336.0
1777483826.3436878,6345578,67340.0
1777483864.7795873,6346134,67344.0
1777483912.186993,6346809,67348.0
1777483944.9468193,6347278,67352.0
1777483991.8910875,6347952,67356.0
1777484004.2389562,6348120,67360.0
1777484037.4746764,6348601,67364.0
1777484075.2744665,6349147,67368.0
1777484105.782339,6349579,67372.0
1777484139.1660101,6350047,67376.0
1777484165.6741216,6350430,67380.0
1777484190.4819689,6350779,67384.0
1777484230.849624,6351357,67388.0
1777484268.609698,6351897,67392.0
1777484313.8097546,6352552,67396.0
1777484346.2693746,6353011,67400.0
1777484380.785234,6353503,67404.0
1777484403.09336,6353824,67408.0
1777484450.8447914,6354509,67412.0
1777484481.8967314,6354948,67416.0
1777484516.4806287,6355442,67420.0
1777484549.1524546,6355910,67424.0
1777484595.488131,6356571,67428.0
1777484637.1958373,6357178,67432.0
1777484667.1396334,6357603,67436.0
1777484695.9799557,6358010,67440.0
1777484726.0797393,6358441,67444.0
1777484760.8318002,6358937,67448.0
1777484785.6236527,6359286,67452.0
1777484818.830955,6359762,67456.0
1777484844.2986035,6360123,67460.0
1777484877.6587348,6360602,67464.0
1777484911.6425183,6361086,67468.0
1777484944.225922,6361546,67472.0
1777484975.2658072,6361987,67476.0
1777485017.2655363,6362578,67480.0
1777485074.2246754,6363400,67484.0
1777485115.7764947,6364001,67488.0
1777485153.3604596,6364539,67492.0
1777485184.411812,6364977,67496.0
1777485211.9196806,6365370,67500.0
1777485239.6277432,6365762,67504.0
1777485267.879749,6366162,67508.0
1777485307.4633408,6366734,67512.0
1777485340.7950838,6367198,67516.0
1777485365.4266624,6367553,67520.0
1777485391.3626978,6367920,67524.0
1777485420.2226942,6368330,67528.0
1777485454.2225566,6368814,67532.0
1777485480.1783323,6369181,67536.0
1777485497.4378653,6369420,67540.0
1777485535.9901621,6369977,67544.0
1777485587.8378432,6370721,67548.0
1777485616.889716,6371133,67552.0
1777485645.4134052,6371536,67556.0
1777485673.649172,6371939,67560.0
1777485705.1407263,6372389,67564.0
1777485743.092682,6372939,67568.0
1777485774.9246979,6373390,67572.0
1777485801.21668,6373762,67576.0
1777485832.3683949,6374203,67580.0
1777485873.8160439,6374805,67584.0
1777485900.0758908,6375177,67588.0
1777485927.6997356,6375567,67592.0
1777485956.735717,6375978,67596.0
1777485971.503681,6376179,67600.0
1777486010.3874216,6376742,67604.0
1777486039.9708219,6377162,67608.0
1777486078.186969,6377709,67612.0
1777486124.0707226,6378366,67616.0
1777486153.2946942,6378780,67620.0
1777486177.5145595,6379130,67624.0
1777486201.3865345,6379468,67628.0
1777486227.5621874,6379838,67632.0
1777486276.1617243,6380535,67636.0
1777486296.9297307,6380830,67640.0
1777486316.7217422,6381106,67644.0
1777486347.9297628,6381552,67648.0
1777486386.5975766,6382109,67652.0
1777486411.2410362,6382455,67656.0
1777486445.9890563,6382950,67660.0
1777486486.892882,6383534,67664.0
1777486527.2766476,6384113,67668.0
1777486538.4765797,6384266,67672.0
1777486571.9604018,6384730,67676.0
1777486604.1919055,6385192,67680.0
1777486639.5159159,6385702,67684.0
1777486671.5836282,6386165,67688.0
1777486732.1117558,6387038,67692.0
1777486749.6355186,6387281,67696.0
1777486775.0437324,6387638,67700.0
1777486802.626967,6388032,67704.0
1777486827.8355353,6388383,67708.0
1777486852.0470948,6388722,67712.0
1777486873.9548547,6389030,67716.0
1777486892.3949547,6389294,67720.0
1777486939.2308164,6389969,67724.0
1777486971.6146417,6390431,67728.0
1777486993.6545384,6390741,67732.0
1777487018.1824484,6391095,67736.0
1777487045.4142725,6391481,67740.0
1777487085.8658643,6392061,67744.0
1777487115.0219944,6392474,67748.0
1777487156.6057477,6393072,67752.0
1777487196.1255672,6393640,67756.0
1777487227.6258194,6394088,67760.0
1777487256.9336,6394509,67764.0
1777487296.6173255,6395073,67768.0
1777487323.2768536,6395447,67772.0
1777487357.5608442,6395936,67776.0
1777487376.8686862,6396212,67780.0
1777487412.0847507,6396711,67784.0
1777487433.0447023,6397012,67788.0
1777487468.3684473,6397512,67792.0
1777487502.6282952,6397997,67796.0
1777487541.8522296,6398556,67800.0
1777487560.5796912,6398825,67804.0
1777487617.819441,6399653,67808.0
1777487640.431849,6399969,67812.0
1777487665.5036824,6400326,67816.0
1777487703.555701,6400870,67820.0
1777487734.1548574,6401306,67824.0
1777487761.3468626,6401694,67828.0
1777487809.4827113,6402381,67832.0
1777487838.882504,6402796,67836.0
1777487873.5746548,6403292,67840.0
1777487922.250419,6403994,67844.0
1777487953.6180878,6404435,67848.0
1777487985.0420158,6404879,67852.0
1777488005.7179456,6405170,67856.0
1777488058.5097418,6405930,67860.0
1777488116.6937551,6406775,67864.0
1777488145.3095427,6407177,67868.0
1777488205.1212935,6408037,67872.0
1777488239.9687848,6408539,67876.0
1777488280.672829,6409122,67880.0
1777488310.1807153,6409543,67884.0
1777488345.7120078,6410046,67888.0
1777488374.5040033,6410459,67892.0
1777488401.9247804,6410852,67896.0
1777488445.8558862,6411477,67900.0
1777488481.1797087,6411984,67904.0
1777488518.047683,6412513,67908.0
1777488538.755615,6412801,67912.0
1777488570.174904,6413252,67916.0
1777488589.2149527,6413512,67920.0
1777488621.3907118,6413975,67924.0
1777488665.950661,6414620,67928.0
1777488697.210543,6415062,67932.0
1777488739.0866737,6415657,67936.0
1777488755.166421,6415884,67940.0
1777488770.578364,6416096,67944.0
1777488809.262255,6416657,67948.0
1777488837.217848,6417053,67952.0
1777488870.253834,6417525,67956.0
1777488886.537612,6417749,67960.0
1777488908.4215107,6418062,67964.0
1777488937.6937594,6418477,67968.0
1777488978.7770777,6419059,67972.0
1777489000.189376,6419363,67976.0
1777489020.529262,6419641,67980.0
1777489045.0212004,6419985,67984.0
1777489070.1728892,6420343,67988.0
1777489100.4648309,6420778,67992.0
1777489150.9727755,6421514,67996.0
1777489175.8804455,6421863,68000.0
1777489207.624018,6422319,68004.0
1777489238.6719527,6422756,68008.0
1777489271.6565428,6423227,68012.0
1777489294.8677368,6423549,68016.0
1777489330.0756207,6424056,68020.0
1777489361.0596685,6424501,68024.0
1777489398.4756675,6425027,68028.0
1777489425.9674387,6425419,68032.0
1777489447.627213,6425731,68036.0
1777489470.6835139,6426049,68040.0
1777489504.1668823,6426529,68044.0
1777489540.2868803,6427051,68048.0
1777489557.8268163,6427295,68052.0
1777489594.318725,6427817,68056.0
1777489621.186749,6428197,68060.0
1777489658.5542479,6428734,68064.0
1777489707.5864186,6429441,68068.0
1777489736.8298666,6429855,68072.0
1777489766.045822,6430263,68076.0
1777489784.7541144,6430527,68080.0
1777489820.8057406,6431046,68084.0
1777489849.2653885,6431444,68088.0
1777489870.0215049,6431738,68092.0
1777489887.297749,6431973,68096.0
1777489933.5970452,6432645,68100.0
1777489963.917806,6433077,68104.0
1777489988.2408645,6433422,68108.0
1777490027.5925004,6433981,68112.0
1777490050.4325788,6434307,68116.0
1777490081.484517,6434746,68120.0
1777490116.9840086,6435249,68124.0
1777490153.759661,6435773,68128.0
1777490180.8997746,6436152,68132.0
1777490208.6197693,6436547,68136.0
1777490226.8761103,6436804,68140.0
1777490262.351666,6437314,68144.0
1777490300.527523,6437854,68148.0
1777490338.8707888,6438402,68152.0
1777490366.3390932,6438783,68156.0
1777490392.7313225,6439155,68160.0
1777490422.0867677,6439574,68164.0
1777490450.8064957,6439986,68168.0
1777490488.7905378,6440528,68172.0
1777490519.913965,6440976,68176.0
1777490542.5538228,6441295,68180.0
1777490588.8981252,6441965,68184.0
1777490621.2899113,6442422,68188.0
1777490661.541621,6442996,68192.0
1777490687.881415,6443366,68196.0
1777490700.0255938,6443534,68200.0
1777490738.9254372,6444100,68204.0
1777490766.249457,6444481,68208.0
1777490812.2927167,6445144,68212.0
1777490855.644754,6445771,68216.0
1777490897.0082908,6446363,68220.0
1777490929.184001,6446827,68224.0
1777490969.7198365,6447409,68228.0
1777490983.8960214,6447604,68232.0
1777491033.45183,6448312,68236.0
1777491055.5437062,6448620,68240.0
1777491088.8716512,6449094,68244.0
1777491129.039511,6449672,68248.0
1777491154.0034823,6450025,68252.0
1777491183.5474198,6450441,68256.0
1777491199.9549088,6450662,68260.0
1777491236.738792,6451193,68264.0
1777491285.5549078,6451904,68268.0
1777491312.430368,6452284,68272.0
1777491351.1146767,6452834,68276.0
1777491377.3821023,6453208,68280.0
1777491418.81781,6453808,68284.0
1777491451.589736,6454272,68288.0
1777491486.393618,6454763,68292.0
1777491505.965652,6455032,68296.0
1777491531.2096765,6455390,68300.0
1777491570.3615808,6455956,68304.0
1777491616.1614356,6456614,68308.0
1777491648.869339,6457077,68312.0
1777491678.4687338,6457495,68316.0
1777491717.568726,6458059,68320.0
1777491768.8607142,6458802,68324.0
1777491810.2963548,6459404,68328.0
1777491859.796381,6460118,68332.0
1777491878.203914,6460377,68336.0
1777491916.4401026,6460922,68340.0
1777491972.3477104,6461731,68344.0
1777492008.583545,6462242,68348.0
1777492041.0909722,6462708,68352.0
1777492060.9993393,6462993,68356.0
1777492098.5669708,6463528,68360.0
1777492130.9989371,6463990,68364.0
1777492154.9268224,6464337,68368.0
1777492192.6746485,6464869,68372.0
1777492216.93435,6465216,68376.0
1777492254.8859584,6465753,68380.0
1777492289.5701733,6466253,68384.0
1777492328.8698995,6466818,68388.0
1777492361.7458591,6467290,68392.0
1777492392.7295017,6467729,68396.0
1777492421.6535194,6468142,68400.0
1777492440.9854562,6468413,68404.0
1777492478.4128666,6468946,68408.0
1777492513.061361,6469442,68412.0
1777492564.6648283,6470185,68416.0
1777492588.0483878,6470513,68420.0
1777492613.8404937,6470878,68424.0
1777492652.2564888,6471431,68428.0
1777492682.9959095,6471864,68432.0
1777492726.7164414,6472496,68436.0
1777492753.4157412,6472873,68440.0
1777492770.3840654,6473110,68444.0
1777492810.3479958,6473683,68448.0
1777492832.3597713,6473991,68452.0
1777492862.3756456,6474419,68456.0
1777492889.0353842,6474795,68460.0
1777492940.8751166,6475545,68464.0
1777492975.0948894,6476031,68468.0
1777493008.2669141,6476501,68472.0
1777493043.2187378,6477002,68476.0
1777493069.2947743,6477368,68480.0
1777493097.179013,6477764,68484.0
1777493129.2187362,6478219,68488.0
1777493164.2546582,6478723,68492.0
1777493203.2546992,6479278,68496.0
1777493238.1546826,6479778,68500.0
1777493266.6626227,6480184,68504.0
1777493321.5065765,6480979,68508.0
1777493344.8506312,6481309,68512.0
1777493369.6578913,6481659,68516.0
1777493399.8824887,6482092,68520.0
1777493438.0739686,6482641,68524.0
1777493477.733727,6483210,68528.0
1777493510.6867263,6483672,68532.0
1777493533.2259889,6483995,68536.0
1777493565.625719,6484458,68540.0
1777493611.109703,6485110,68544.0
1777493678.5374436,6486085,68548.0
1777493723.9129398,6486730,68552.0
1777493750.2893615,6487113,68556.0
1777493776.081014,6487473,68560.0
1777493798.672911,6487791,68564.0
1777493834.8886213,6488304,68568.0
1777493876.2887504,6488893,68572.0
1777493907.3725872,6489333,68576.0
1777493928.2645586,6489629,68580.0
1777493958.9243922,6490063,68584.0
1777493987.2399123,6490465,68588.0
1777494025.6645923,6491010,68592.0
1777494054.6317832,6491417,68596.0
1777494071.8761747,6491662,68600.0
1777494099.932032,6492062,68604.0
1777494124.3597836,6492406,68608.0
1777494159.7434502,6492911,68612.0
1777494192.2277832,6493375,68616.0
1777494226.535463,6493864,68620.0
1777494259.418932,6494336,68624.0
1777494297.9869509,6494874,68628.0
1777494316.8429565,6495142,68632.0
1777494357.9946957,6495731,68636.0
1777494380.3389628,6496050,68640.0
1777494400.4466906,6496331,68644.0
1777494426.186477,6496693,68648.0
1777494463.222409,6497225,68652.0
1777494488.0383859,6497573,68656.0
1777494523.9138834,6498089,68660.0
1777494563.1460803,6498650,68664.0
1777494593.1378748,6499075,68668.0
1777494639.3657725,6499738,68672.0
1777494666.489697,6500122,68676.0
1777494704.5096002,6500667,68680.0
1777494740.6255102,6501189,68684.0
1777494775.785382,6501678,68688.0
1777494794.141385,6501938,68692.0
1777494825.076977,6502377,68696.0
1777494859.2448437,6502863,68700.0
1777494887.116753,6503260,68704.0
1777494913.5285423,6503634,68708.0
1777494945.944388,6504096,68712.0
1777494970.9045193,6504446,68716.0
1777495004.0358028,6504921,68720.0
1777495045.9879785,6505524,68724.0
1777495078.9117417,6505986,68728.0
1777495101.9797072,6506320,68732.0
1777495141.8115873,6506880,68736.0
1777495165.2712653,6507214,68740.0
1777495208.2073991,6507836,68744.0
1777495226.4310546,6508088,68748.0
1777495264.4829037,6508633,68752.0
1777495292.57468,6509028,68756.0
1777495319.330985,6509407,68760.0
1777495353.5144398,6509897,68764.0
1777495377.9579468,6510241,68768.0
1777495402.1500072,6510589,68772.0
1777495435.7980092,6511063,68776.0
1777495467.049709,6511512,68780.0
1777495502.1856153,6512015,68784.0
1777495524.3497822,6512331,68788.0
1777495550.2695014,6512696,68792.0
1777495607.393636,6513522,68796.0
1777495640.7184308,6514000,68800.0
1777495673.5367105,6514468,68804.0
1777495705.9605055,6514928,68808.0
1777495732.4606833,6515310,68812.0
1777495770.2604852,6515847,68816.0
1777495788.9887288,6516113,68820.0
1777495827.2799335,6516655,68824.0
1777495845.5558274,6516912,68828.0
1777495884.1198843,6517465,68832.0
1777495902.2117581,6517714,68836.0
1777495948.907692,6518384,68840.0
1777495985.979498,6518919,68844.0
1777496018.4149146,6519382,68848.0
1777496038.07487,6519653,68852.0
1777496077.7070212,6520225,68856.0
1777496110.6147854,6520700,68860.0
1777496140.2987702,6521122,68864.0
1777496174.2347245,6521604,68868.0
1777496208.3105702,6522085,68872.0
1777496235.9745393,6522475,68876.0
1777496270.0863643,6522961,68880.0
1777496301.0499094,6523402,68884.0
1777496332.5937746,6523851,68888.0
1777496362.4937358,6524273,68892.0
1777496389.8175457,6524658,68896.0
1777496418.3371694,6525065,68900.0
1777496437.8294737,6525336,68904.0
1777496464.7215338,6525714,68908.0
1777496490.42884,6526076,68912.0
1777496516.3692882,6526447,68916.0
1777496556.7290092,6527026,68920.0
1777496591.9567528,6527531,68924.0
1777496628.9569514,6528060,68928.0
1777496670.0563803,6528642,68932.0
1777496696.1964064,6529023,68936.0
1777496719.0797808,6529340,68940.0
1777496757.0084205,6529884,68944.0
1777496784.1398537,6530269,68948.0
1777496816.8915794,6530730,68952.0
1777496847.431474,6531166,68956.0
1777496876.4078124,6531580,68960.0
1777496896.4513767,6531861,68964.0
1777496929.718857,6532338,68968.0
1777496955.690814,6532701,68972.0
1777497001.210876,6533349,68976.0
1777497011.7868688,6533490,68980.0
1777497031.810733,6533770,68984.0
1777497071.242787,6534338,68988.0
1777497118.0947223,6535006,68992.0
1777497137.7699206,6535288,68996.0
1777497168.7539454,6535727,69000.0
1777497209.005763,6536298,69004.0
1777497241.8297207,6536766,69008.0
1777497257.6056113,6536984,69012.0
1777497271.8972485,6537174,69016.0
1777497304.4448571,6537643,69020.0
1777497344.4732218,6538222,69024.0
1777497400.3808033,6539034,69028.0
1777497427.1405132,6539411,69032.0
1777497451.0725355,6539747,69036.0
1777497469.6645133,6540010,69040.0
1777497505.1401372,6540522,69044.0
1777497555.684001,6541249,69048.0
1777497590.8157525,6541750,69052.0
1777497610.7077127,6542029,69056.0
1777497628.775996,6542280,69060.0
1777497658.6073759,6542705,69064.0
1777497680.0670464,6543012,69068.0
1777497712.902994,6543480,69072.0
1777497742.4586487,6543904,69076.0
1777497768.650767,6544273,69080.0
1777497793.1707,6544618,69084.0
1777497817.2947745,6544952,69088.0
1777497859.5783184,6545560,69092.0
1777497888.9862788,6545975,69096.0
1777497911.2458425,6546285,69100.0
1777497933.2018318,6546593,69104.0
1777497958.0866976,6546955,69108.0
1777497995.3376997,6547484,69112.0
1777498029.7817216,6547974,69116.0
1777498052.9895513,6548297,69120.0
1777498096.6489918,6548931,69124.0
1777498124.4208665,6549323,69128.0
1777498175.7486851,6550065,69132.0
1777498208.888742,6550537,69136.0
1777498240.20864,6550981,69140.0
1777498287.4399235,6551669,69144.0
1777498321.8239932,6552151,69148.0
1777498350.8317623,6552562,69152.0
1777498378.8998759,6552962,69156.0
1777498393.1519094,6553159,69160.0
1777498426.9679039,6553646,69164.0
1777498458.6755912,6554099,69168.0
1777498494.175213,6554610,69172.0
1777498532.0588152,6555142,69176.0
1777498555.3351238,6555478,69180.0
1777498586.6026716,6555926,69184.0
1777498610.194877,6556257,69188.0
1777498643.2106872,6556728,69192.0
1777498676.4546602,6557207,69196.0
1777498707.3064415,6557644,69200.0
1777498744.6061842,6558177,69204.0
1777498774.5300148,6558603,69208.0
1777498801.7056406,6558991,69212.0
1777498829.0738547,6559386,69216.0
1777498865.0056849,6559894,69220.0
1777498898.0490458,6560366,69224.0
1777498933.733476,6560873,69228.0
1777498976.9492788,6561494,69232.0
1777499003.4927726,6561869,69236.0
1777499018.2849793,6562064,69240.0
1777499057.4167056,6562630,69244.0
1777499091.2527685,6563108,69248.0
1777499120.4607074,6563522,69252.0
1777499154.3927665,6564005,69256.0
1777499192.4122357,6564548,69260.0
1777499226.0279286,6565027,69264.0
1777499243.0604331,6565269,69268.0
1777499299.6723075,6566086,69272.0
1777499330.0362394,6566521,69276.0
1777499361.063757,6566957,69280.0
1777499409.5717657,6567654,69284.0
1777499440.2796977,6568090,69288.0
1777499469.171528,6568498,69292.0
1777499506.8715124,6569033,69296.0
1777499538.2070947,6569478,69300.0
1777499576.2395778,6570024,69304.0
1777499602.7152274,6570396,69308.0
1777499617.306916,6570594,69312.0
1777499638.8667576,6570902,69316.0
1777499667.1748555,6571302,69320.0
1777499695.9267805,6571709,69324.0
1777499748.9587007,6572471,69328.0
1777499775.5266223,6572847,69332.0
1777499787.5585296,6573016,69336.0
1777499810.634212,6573334,69340.0
1777499841.501941,6573774,69344.0
1777499865.7262015,6574110,69348.0
1777499903.8102744,6574653,69352.0
1777499938.7776175,6575155,69356.0
1777499971.3056748,6575616,69360.0
1777499995.1777573,6575956,69364.0
1777500026.3456724,6576399,69368.0
1777500066.3655672,6576969,69372.0
1777500087.873348,6577271,69376.0
1777500109.2654407,6577566,69380.0
1777500139.0569434,6577993,69384.0
1777500170.7409503,6578449,69388.0
1777500210.5725753,6579023,69392.0
1777500242.9407172,6579474,69396.0
1777500276.9846911,6579956,69400.0
1777500315.0165005,6580506,69404.0
1777500343.7843266,6580914,69408.0
1777500378.244312,6581409,69412.0
1777500401.3998716,6581735,69416.0
1777500442.767712,6582328,69420.0
1777500476.3357935,6582808,69424.0
1777500517.6676438,6583399,69428.0
1777500554.687384,6583930,69432.0
1777500588.80294,6584419,69436.0
1777500606.3948462,6584659,69440.0
1777500643.5711288,6585194,69444.0
1777500682.3029776,6585749,69448.0
1777500714.4066327,6586211,69452.0
1777500739.146867,6586555,69456.0
1777500767.062628,6586948,69460.0
1777500807.53064,6587531,69464.0
1777500847.1218514,6588094,69468.0
1777500884.6420631,6588635,69472.0
1777500930.3180087,6589294,69476.0
1777500958.0256977,6589684,69480.0
1777501004.02577,6590345,69484.0
1777501031.409672,6590738,69488.0
1777501058.9335783,6591129,69492.0
1777501096.8174279,6591668,69496.0
1777501130.009196,6592139,69500.0
1777501152.460754,6592456,69504.0
1777501182.3367262,6592884,69508.0
1777501209.7447214,6593268,69512.0
1777501225.6367202,6593493,69516.0
1777501252.388439,6593870,69520.0
1777501300.0525146,6594553,69524.0
1777501330.3718503,6594989,69528.0
1777501348.2877407,6595241,69532.0
1777501367.3277137,6595507,69536.0
1777501409.5117826,6596114,69540.0
1777501436.695981,6596502,69544.0
1777501473.1714144,6597023,69548.0
1777501511.6396868,6597573,69552.0
1777501550.7553306,6598131,69556.0
1777501584.4907875,6598614,69560.0
1777501617.075178,6599080,69564.0
1777501660.8430157,6599711,69568.0
1777501703.3586347,6600321,69572.0
1777501730.266164,6600698,69576.0
1777501753.2945743,6601024,69580.0
1777501785.1943524,6601481,69584.0
1777501811.249817,6601843,69588.0
1777501852.7017686,6602448,69592.0
1777501886.2856438,6602926,69596.0
1777501916.0097592,6603350,69600.0
1777501953.8936033,6603894,69604.0
1777501993.0614724,6604446,69608.0
1777502031.3971725,6604992,69612.0
1777502079.136904,6605676,69616.0
1777502111.2487152,6606132,69620.0
1777502153.0646148,6606736,69624.0
1777502178.104358,6607084,69628.0
1777502211.0724614,6607556,69632.0
1777502242.0659,6608000,69636.0
1777502267.9838924,6608363,69640.0
1777502304.5559068,6608893,69644.0
1777502346.6156569,6609494,69648.0
1777502364.7676914,6609751,69652.0
1777502414.227743,6610462,69656.0
1777502444.759697,6610894,69660.0
1777502487.475442,6611512,69664.0
1777502529.4793568,6612110,69668.0
1777502564.7347584,6612617,69672.0
1777502592.019006,6612998,69676.0
1777502621.2266681,6613411,69680.0
1777502656.130731,6613911,69684.0
1777502684.6385245,6614315,69688.0
1777502734.8619156,6615038,69692.0
1777502753.6060567,6615299,69696.0
1777502782.8458338,6615712,69700.0
1777502815.845664,6616185,69704.0
1777502862.4137905,6616854,69708.0
1777502901.7496624,6617423,69712.0
1777502921.5175478,6617689,69716.0
1777502957.6733468,6618212,69720.0
1777502982.86479,6618569,69724.0
1777503015.6328924,6619041,69728.0
1777503043.8249838,6619444,69732.0
1777503069.8248327,6619807,69736.0
1777503103.784582,6620292,69740.0
1777503139.068516,6620797,69744.0
1777503172.9282753,6621278,69748.0
1777503207.791959,6621779,69752.0
1777503246.3123844,6622330,69756.0
1777503276.036125,6622758,69760.0
1777503302.2195106,6623130,69764.0
1777503355.5867221,6623902,69768.0
1777503392.9867704,6624440,69772.0
1777503432.746709,6625002,69776.0
1777503459.3861563,6625381,69780.0
1777503488.2784567,6625794,69784.0
1777503519.7618432,6626240,69788.0
1777503544.7056885,6626598,69792.0
1777503569.197693,6626945,69796.0
1777503597.4375534,6627343,69800.0
1777503631.7893138,6627838,69804.0
1777503671.424838,6628405,69808.0
1777503700.524717,6628822,69812.0
1777503736.5645354,6629336,69816.0
1777503763.3006299,6629712,69820.0
1777503798.5763342,6630218,69824.0
1777503825.5600636,6630598,69828.0
1777503852.2517736,6630973,69832.0
1777503875.8597493,6631309,69836.0
1777503920.9754624,6631954,69840.0
1777503946.8273,6632325,69844.0
1777503982.9754322,6632844,69848.0
1777504012.2189817,6633261,69852.0
1777504028.3272066,6633482,69856.0
1777504060.2104783,6633933,69860.0
1777504090.7545238,6634370,69864.0
1777504126.4862144,6634881,69868.0
1777504147.1462965,6635175,69872.0
1777504192.3937323,6635821,69876.0
1777504226.670046,6636311,69880.0
1777504258.137721,6636759,69884.0
1777504300.0895221,6637358,69888.0
1777504331.457419,6637801,69892.0
1777504369.4409025,6638347,69896.0
1777504385.4889905,6638576,69900.0
1777504409.1967766,6638909,69904.0
1777504444.8646593,6639420,69908.0
1777504473.1641548,6639819,69912.0
1777504507.2398667,6640307,69916.0
1777504532.824331,6640667,69920.0
1777504563.0841544,6641100,69924.0
1777504594.683812,6641552,69928.0
1777504629.235661,6642041,69932.0
1777504659.7274587,6642471,69936.0
1777504688.7114844,6642882,69940.0
1777504734.911772,6643547,69944.0
1777504774.65887,6644118,69948.0
1777504816.8268323,6644717,69952.0
1777504843.9546547,6645095,69956.0
1777504872.262643,6645496,69960.0
1777504908.4625473,6646018,69964.0
1777504934.5700238,6646388,69968.0
1777504977.2138402,6647003,69972.0
1777504996.3057723,6647264,69976.0
1777505022.0135818,6647623,69980.0
1777505046.3378022,6647973,69984.0
1777505085.4054112,6648525,69988.0
1777505120.456951,6649027,69992.0
1777505141.932964,6649330,69996.0
1777505171.5890236,6649750,70000.0
1777505209.825043,6650302,70004.0
1777505244.8405151,6650795,70008.0
1777505278.064657,6651271,70012.0
1777505327.6079657,6651984,70016.0
1777505342.8517363,6652196,70020.0
1777505400.4998522,6653030,70024.0
1777505435.967734,6653536,70028.0
1777505474.6194103,6654083,70032.0
1777505491.943349,6654329,70036.0
1777505517.7508595,6654693,70040.0
1777505569.6786587,6655443,70044.0
1777505604.462641,6655944,70048.0
1777505632.8706286,6656344,70052.0
1777505657.362716,6656690,70056.0
1777505693.2786715,6657201,70060.0
1777505722.0382943,6657609,70064.0
1777505756.2699,6658095,70068.0
1777505777.4459505,6658393,70072.0
1777505803.1539803,6658760,70076.0
1777505820.7138445,6659010,70080.0
1777505853.8654964,6659486,70084.0
1777505899.665578,6660135,70088.0
1777505934.6969461,6660642,70092.0
1777505965.388723,6661082,70096.0
1777506001.840633,6661605,70100.0
1777506028.9926744,6661990,70104.0
1777506073.1086378,6662616,70108.0
1777506116.2604516,6663236,70112.0
1777506130.8003902,6663433,70116.0
1777506168.8758404,6663976,70120.0
1777506202.0116718,6664452,70124.0
1777506230.6275911,6664855,70128.0
1777506272.711717,6665463,70132.0
1777506304.6357052,6665918,70136.0
1777506325.9113994,6666216,70140.0
1777506352.695436,6666594,70144.0
1777506382.3187494,6667013,70148.0
1777506408.9467502,6667390,70152.0
1777506429.8549597,6667683,70156.0
1777506466.1546078,6668198,70160.0
1777506507.1385858,6668788,70164.0
1777506533.9144015,6669164,70168.0
1777506565.5464673,6669615,70172.0
1777506602.1819348,6670145,70176.0
1777506636.43377,6670634,70180.0
1777506652.7135713,6670857,70184.0
1777506666.6575854,6671055,70188.0
1777506681.7177162,6671254,70192.0
1777506704.5255249,6671572,70196.0
1777506727.065477,6671893,70200.0
1777506762.7334645,6672395,70204.0
1777506786.725453,6672740,70208.0
1777506824.3927116,6673270,70212.0
1777506854.0087056,6673690,70216.0
1777506872.8088105,6673958,70220.0
1777506899.044686,6674327,70224.0
1777506932.1844392,6674801,70228.0
1777506974.835803,6675407,70232.0
1777507006.3521123,6675861,70236.0
1777507035.1955972,6676272,70240.0
1777507064.4797294,6676688,70244.0
1777507105.6957512,6677277,70248.0
1777507142.8955197,6677809,70252.0
1777507176.1388512,6678284,70256.0
1777507215.339045,6678838,70260.0
1777507263.7826445,6679543,70264.0
1777507310.130764,6680204,70268.0
1777507345.1506884,6680705,70272.0
1777507367.0426834,6681012,70276.0
1777507400.0989146,6681486,70280.0
1777507428.3986607,6681887,70284.0
1777507457.00274,6682295,70288.0
1777507497.3589272,6682876,70292.0
1777507528.942958,6683328,70296.0
1777507551.5026917,6683644,70300.0
1777507578.8626447,6684033,70304.0
1777507608.7469697,6684458,70308.0
1777507673.1709092,6685387,70312.0
1777507692.1466165,6685660,70316.0
1777507718.786828,6686036,70320.0
1777507744.7631454,6686402,70324.0
1777507790.1747277,6687055,70328.0
1777507820.082683,6687476,70332.0
1777507860.250686,6688056,70336.0
1777507893.914471,6688532,70340.0
1777507928.2746992,6689027,70344.0
1777507949.06616,6689315,70348.0
1777507998.0938425,6690019,70352.0
1777508017.3184016,6690288,70356.0
1777508032.3944561,6690488,70360.0
1777508065.1017864,6690955,70364.0
1777508113.861628,6691660,70368.0
1777508145.917665,6692120,70372.0
1777508179.553632,6692597,70376.0
1777508222.2376816,6693213,70380.0
1777508262.5377567,6693797,70384.0
1777508304.8374944,6694400,70388.0
1777508334.3974738,6694821,70392.0
1777508366.2492044,6695272,70396.0
1777508391.7212017,6695633,70400.0
1777508416.9052818,6695988,70404.0
1777508439.6495516,6696317,70408.0
1777508463.1726425,6696649,70412.0
1777508495.2490368,6697104,70416.0
1777508532.8487206,6697643,70420.0
1777508572.0841463,6698202,70424.0
1777508606.0007403,6698688,70428.0
1777508649.168455,6699311,70432.0
1777508679.6083655,6699738,70436.0
1777508713.159851,6700215,70440.0
1777508739.3038514,6700584,70444.0
1777508776.4957433,6701113,70448.0
1777508809.403714,6701581,70452.0
1777508833.2956948,6701928,70456.0
1777508863.5274963,6702361,70460.0
1777508906.7115145,6702980,70464.0
1777508941.3873503,6703470,70468.0
1777508978.7390702,6704009,70472.0
1777509012.0389252,6704480,70476.0
1777509030.6992648,6704734,70480.0
1777509063.1387427,6705202,70484.0
1777509081.5829365,6705449,70488.0
1777509115.0987172,6705928,70492.0
1777509138.9426928,6706263,70496.0
1777509179.3261878,6706848,70500.0
1777509218.84201,6707417,70504.0
1777509248.757904,6707844,70508.0
1777509295.0097938,6708506,70512.0
1777509325.7500095,6708944,70516.0
1777509358.717678,6709415,70520.0
1777509412.745035,6710197,70524.0
1777509455.892962,6710818,70528.0
1777509479.168788,6711145,70532.0
1777509519.3198974,6711726,70536.0
1777509537.0119991,6711964,70540.0
1777509582.6117668,6712629,70544.0
1777509617.463832,6713116,70548.0
1777509634.8708966,6713363,70552.0
1777509668.4791558,6713845,70556.0
1777509693.2147985,6714195,70560.0
1777509719.770597,6714575,70564.0
1777509759.0704846,6715140,70568.0
1777509799.3061066,6715709,70572.0
1777509840.373588,6716296,70576.0
1777509870.0297518,6716711,70580.0
1777509895.2816417,6717069,70584.0
1777509924.6254268,6717486,70588.0
1777509943.8968227,6717756,70592.0
1777509974.4728134,6718194,70596.0
1777510008.200743,6718664,70600.0
1777510035.2487762,6719057,70604.0
1777510067.7487702,6719516,70608.0
1777510094.1245952,6719896,70612.0
1777510131.5759764,6720423,70616.0
1777510168.0918562,6720947,70620.0
1777510187.7197373,6721221,70624.0
1777510204.1919107,6721447,70628.0
1777510223.7517264,6721714,70632.0
1777510252.1516593,6722116,70636.0
1777510270.7673268,6722378,70640.0
1777510314.019001,6722999,70644.0
1777510339.9551222,6723366,70648.0
1777510357.4026167,6723614,70652.0
1777510388.2187243,6724051,70656.0
1777510424.9703755,6724580,70660.0
1777510463.6222386,6725126,70664.0
1777510496.2780797,6725593,70668.0
1777510529.929838,6726050,70672.0
1777510544.374086,6726254,70676.0
1777510580.905633,6726765,70680.0
1777510619.2977474,6727317,70684.0
1777510661.249554,6727920,70688.0
1777510682.4057188,6728216,70692.0
1777510704.4411337,6728527,70696.0
1777510733.3489826,6728930,70700.0
1777510774.2325356,6729523,70704.0
1777510817.3847396,6730146,70708.0
1777510844.3406842,6730523,70712.0
1777510878.1245835,6731006,70716.0
1777510923.6278307,6731653,70720.0
1777510954.8279688,6732102,70724.0
1777510980.783943,6732469,70728.0
1777511009.8675263,6732877,70732.0
1777511059.971415,6733601,70736.0
1777511087.3955636,6733996,70740.0
1777511122.578845,6734488,70744.0
1777511142.2709332,6734770,70748.0
1777511192.7625144,6735494,70752.0
1777511229.9307234,6736028,70756.0
1777511247.2628152,6736262,70760.0
1777511281.1305034,6736749,70764.0
1777511297.9745052,6736985,70768.0
1777511329.0979645,6737433,70772.0
1777511352.8498447,6737768,70776.0
1777511395.1337976,6738370,70780.0
1777511437.5337055,6738982,70784.0
1777511458.1255395,6739270,70788.0
1777511510.3494718,6740022,70792.0
1777511538.957271,6740436,70796.0
1777511573.2690053,6740919,70800.0
1777511595.4526174,6741236,70804.0
1777511629.460595,6741722,70808.0
1777511664.728618,6742214,70812.0
1777511694.9284601,6742645,70816.0
1777511716.3200643,6742948,70820.0
1777511754.6357827,6743495,70824.0
1777511788.3278148,6743975,70828.0
1777511831.1436903,6744594,70832.0
1777511863.2635143,6745046,70836.0
1777511884.771552,6745344,70840.0
1777511943.9948997,6746200,70844.0
1777511993.0150006,6746907,70848.0
1777512037.7467902,6747553,70852.0
1777512068.8146803,6747996,70856.0
1777512093.4225705,6748342,70860.0
1777512122.1225555,6748750,70864.0
1777512161.20588,6749311,70868.0
1777512188.2978802,6749691,70872.0
1777512212.8897872,6750039,70876.0
1777512230.3339226,6750288,70880.0
1777512267.1497312,6750807,70884.0
1777512298.8095515,6751261,70888.0
1777512329.9935842,6751704,70892.0
1777512366.8927581,6752238,70896.0
1777512392.752874,6752602,70900.0
1777512416.184983,6752935,70904.0
1777512450.0603936,6753416,70908.0
1777512485.8448195,6753932,70912.0
1777512494.7126834,6754052,70916.0
1777512531.7129118,6754576,70920.0
1777512567.0283737,6755083,70924.0
1777512603.4200037,6755605,70928.0
1777512643.1877415,6756175,70932.0
1777512678.3236878,6756678,70936.0
1777512712.223671,6757155,70940.0
1777512754.191363,6757764,70944.0
1777512798.4909105,6758402,70948.0
1777512822.5149767,6758744,70952.0
1777512847.422932,6759097,70956.0
1777512862.1228046,6759295,70960.0
1777512911.6747227,6760016,70964.0
1777512942.6505253,6760456,70968.0
1777512987.43434,6761095,70972.0
1777513013.285825,6761460,70976.0
1777513029.034329,6761679,70980.0
1777513053.369881,6762023,70984.0
1777513079.977939,6762405,70988.0
1777513133.9013753,6763181,70992.0
1777513170.2221043,6763695,70996.0
1777513209.6610203,6764262,71000.0
1777513235.1607225,6764623,71004.0
1777513271.352912,6765145,71008.0
1777513281.5614376,6765283,71012.0
1777513299.5529983,6765527,71016.0
1777513323.0447886,6765855,71020.0
1777513354.1887178,6766299,71024.0
1777513391.8882406,6766842,71028.0
1777513429.2240515,6767375,71032.0
1777513471.6558113,6767976,71036.0
1777513506.492022,6768470,71040.0
1777513532.0637734,6768832,71044.0
1777513560.248083,6769231,71048.0
1777513590.3394656,6769661,71052.0
1777513602.415716,6769830,71056.0
1777513633.0234056,6770269,71060.0
1777513676.591364,6770893,71064.0
1777513707.891012,6771339,71068.0
1777513743.7272406,6771854,71072.0
1777513779.0354884,6772358,71076.0
1777513819.6709554,6772945,71080.0
1777513857.8949509,6773487,71084.0
1777513891.6386764,6773963,71088.0
1777513935.0223336,6774593,71092.0
1777513948.0786424,6774763,71096.0
1777513980.3064392,6775220,71100.0
1777514022.6145105,6775831,71104.0
1777514061.5220625,6776391,71108.0
1777514099.7817771,6776934,71112.0
1777514120.8298388,6777233,71116.0
1777514136.4416645,6777446,71120.0
1777514162.3736975,6777810,71124.0
1777514187.0496426,6778155,71128.0
1777514221.2333848,6778643,71132.0
1777514266.7176604,6779301,71136.0
1777514292.7568445,6779664,71140.0
1777514325.8329995,6780140,71144.0
1777514336.8609533,6780285,71148.0
1777514369.9088535,6780756,71152.0
1777514414.344654,6781399,71156.0
1777514448.59253,6781890,71160.0
1777514477.1206439,6782297,71164.0
1777514513.7882936,6782822,71168.0
1777514554.6519551,6783404,71172.0
1777514601.0715969,6784080,71176.0
1777514619.979717,6784335,71180.0
1777514651.363896,6784785,71184.0
1777514692.2797534,6785374,71188.0
1777514731.1314967,6785922,71192.0
1777514758.406853,6786303,71196.0
1777514770.4231558,6786465,71200.0
1777514792.6073415,6786778,71204.0
1777514823.5990083,6787212,71208.0
1777514865.5669036,6787820,71212.0
1777514898.8824437,6788297,71216.0
1777514918.4266453,6788568,71220.0
1777514955.3104722,6789096,71224.0
1777514995.4259417,6789668,71228.0
1777515041.7419894,6790337,71232.0
1777515064.7017496,6790659,71236.0
1777515081.7098103,6790901,71240.0
1777515106.0855832,6791246,71244.0
1777515143.2013118,6791779,71248.0
1777515170.6615224,6792167,71252.0
1777515196.413586,6792525,71256.0
1777515224.8054092,6792925,71260.0
1777515254.2608254,6793349,71264.0
1777515278.0967772,6793681,71268.0
1777515316.020745,6794231,71272.0
1777515345.4887218,6794644,71276.0
1777515372.9966836,6795032,71280.0
1777515411.596481,6795590,71284.0
1777515444.4965134,6796061,71288.0
1777515483.4319735,6796614,71292.0
1777515521.6836104,6797162,71296.0
1777515545.2396712,6797496,71300.0
1777515593.9236436,6798206,71304.0
1777515618.067517,6798543,71308.0
1777515654.6356695,6799073,71312.0
1777515690.3832066,6799582,71316.0
1777515743.7589552,6800362,71320.0
1777515779.7348979,6800873,71324.0
1777515810.9027572,6801312,71328.0
1777515841.6026962,6801749,71332.0
1777515891.1383839,6802467,71336.0
1777515917.5460107,6802839,71340.0
1777515947.4458878,6803265,71344.0
1777515979.2376623,6803722,71348.0
1777516002.5136194,6804044,71352.0
1777516038.2457745,6804555,71356.0
1777516076.84583,6805110,71360.0
1777516103.2575946,6805488,71364.0
1777516131.6412168,6805884,71368.0
1777516177.088783,6806532,71372.0
1777516204.5808158,6806921,71376.0
1777516233.7008708,6807337,71380.0
1777516286.6006346,6808106,71384.0
1777516321.7846117,6808598,71388.0
1777516351.3685353,6809012,71392.0
1777516379.6599424,6809416,71396.0
1777516406.8159537,6809809,71400.0
1777516449.7520132,6810420,71404.0
1777516482.0197327,6810879,71408.0
1777516501.2597637,6811143,71412.0
1777516546.8592339,6811800,71416.0
1777516573.0436804,6812165,71420.0
1777516611.754851,6812721,71424.0
1777516653.5950859,6813316,71428.0
1777516692.423004,6813874,71432.0
1777516712.1467876,6814150,71436.0
1777516744.630849,6814609,71440.0
1777516770.0983233,6814972,71444.0
1777516806.6745157,6815493,71448.0
1777516831.8584037,6815844,71452.0
1777516871.6499813,6816418,71456.0
1777516903.2818356,6816869,71460.0
1777516945.5337791,6817481,71464.0
1777516979.234011,6817955,71468.0
1777517013.2416763,6818439,71472.0
1777517045.077518,6818890,71476.0
1777517069.8012886,6819233,71480.0
1777517106.284995,6819760,71484.0
1777517143.500846,6820289,71488.0
1777517179.428392,6820803,71492.0
1777517230.3046682,6821535,71496.0
1777517251.776773,6821834,71500.0
1777517275.568464,6822179,71504.0
1777517325.311815,6822894,71508.0
1777517341.5883813,6823114,71512.0
1777517377.7276485,6823634,71516.0
1777517397.719929,6823916,71520.0
1777517442.4877527,6824558,71524.0
1777517487.2470446,6825205,71528.0
1777517513.8710566,6825579,71532.0
1777517539.1989355,6825934,71536.0
1777517578.7668967,6826503,71540.0
1777517616.0506217,6827037,71544.0
1777517648.8344982,6827501,71548.0
1777517676.4261587,6827898,71552.0
1777517706.110378,6828318,71556.0
1777517748.8579643,6828933,71560.0
1777517797.1099358,6829625,71564.0
1777517836.2413898,6830186,71568.0
1777517873.0248253,6830710,71572.0
1777517899.6689856,6831083,71576.0
1777517913.6769485,6831268,71580.0
1777517950.912727,6831805,71584.0
1777517992.6604927,6832408,71588.0
1777518017.5205495,6832762,71592.0
1777518051.4879487,6833248,71596.0
1777518073.6798623,6833561,71600.0
1777518096.9559207,6833892,71604.0
1777518150.9717228,6834673,71608.0
1777518186.071621,6835171,71612.0
1777518205.5477223,6835451,71616.0
1777518236.6471655,6835890,71620.0
1777518266.671321,6836317,71624.0
1777518298.7230148,6836777,71628.0
1777518335.3911283,6837297,71632.0
1777518363.6666672,6837702,71636.0
1777518398.7143543,6838198,71640.0
1777518433.8259113,6838703,71644.0
1777518477.7178442,6839337,71648.0
1777518504.393942,6839718,71652.0
1777518546.225815,6840314,71656.0
1777518585.277458,6840872,71660.0
1777518634.1614149,6841578,71664.0
1777518682.3686996,6842277,71668.0
1777518730.8052368,6842969,71672.0
1777518745.5134244,6843175,71676.0
1777518772.5208037,6843556,71680.0
1777518820.1645253,6844241,71684.0
1777518859.9283874,6844816,71688.0
1777518896.287788,6845337,71692.0
1777518927.5398788,6845780,71696.0
1777518946.2643566,6846042,71700.0
1777518977.487805,6846491,71704.0
1777519002.8715727,6846847,71708.0
1777519026.1317198,6847171,71712.0
1777519047.3754516,6847475,71716.0
1777519074.5669403,6847859,71720.0
1777519095.5229063,6848150,71724.0
1777519151.5670822,6848961,71728.0
1777519183.0908031,6849410,71732.0
1777519211.5585883,6849816,71736.0
1777519261.902522,6850536,71740.0
1777519277.7504387,6850761,71744.0
1777519313.6344633,6851270,71748.0
1777519334.5623062,6851561,71752.0
1777519371.0616765,6852082,71756.0
1777519403.3020084,6852543,71760.0
1777519434.7695184,6852991,71764.0
1777519480.0694246,6853639,71768.0
1777519499.4608638,6853912,71772.0
1777519543.4128776,6854541,71776.0
1777519571.396626,6854934,71780.0
1777519594.8047783,6855264,71784.0
1777519627.3046982,6855724,71788.0
1777519656.0125039,6856127,71792.0
1777519689.7326303,6856608,71796.0
1777519725.3246412,6857119,71800.0
1777519763.2564335,6857668,71804.0
1777519804.692054,6858261,71808.0
1777519833.5760255,6858667,71812.0
1777519867.0159967,6859145,71816.0
1777519887.9439352,6859442,71820.0
1777519919.744215,6859898,71824.0
1777519951.0837207,6860347,71828.0
1777519984.2037134,6860815,71832.0
1777520011.3276942,6861203,71836.0
1777520044.6433039,6861669,71840.0
1777520078.510902,6862155,71844.0
1777520115.8630733,6862690,71848.0
1777520131.2631571,6862907,71852.0
1777520167.7307038,6863420,71856.0
1777520198.8627033,6863868,71860.0
1777520236.23065,6864404,71864.0
1777520262.5226727,6864773,71868.0
1777520294.3619728,6865223,71872.0
1777520335.2459667,6865811,71876.0
1777520364.4496853,6866220,71880.0
1777520402.41375,6866767,71884.0
1777520420.6419156,6867016,71888.0
1777520471.3259757,6867745,71892.0
1777520496.0497086,6868090,71896.0
1777520523.6495106,6868483,71900.0
1777520546.97762,6868816,71904.0
1777520585.1248143,6869355,71908.0
1777520621.4453714,6869870,71912.0
1777520640.2927508,6870138,71916.0
1777520683.4690094,6870753,71920.0
1777520726.2685359,6871374,71924.0
1777520749.3443308,6871690,71928.0
1777520795.0280185,6872346,71932.0
1777520833.0638678,6872886,71936.0
1777520861.535931,6873287,71940.0
1777520895.939801,6873779,71944.0
1777520929.639634,6874258,71948.0
1777520951.5637867,6874567,71952.0
1777520967.2556076,6874790,71956.0
1777521000.8798022,6875275,71960.0
1777521045.73893,6875914,71964.0
1777521078.9149585,6876391,71968.0
1777521116.4990232,6876936,71972.0
1777521159.0827718,6877542,71976.0
1777521191.3346493,6878005,71980.0
1777521219.5745428,6878403,71984.0
1777521248.4265466,6878813,71988.0
1777521283.5181804,6879315,71992.0
1777521320.350386,6879847,71996.0
1777521346.1418102,6880211,72000.0
1777521379.561659,6880692,72004.0
1777521420.7096694,6881285,72008.0
1777521462.513725,6881879,72012.0
1777521494.1131995,6882329,72016.0
1777521521.3889618,6882710,72020.0
1777521538.712873,6882954,72024.0
1777521576.8450124,6883498,72028.0
1777521611.6966846,6883996,72032.0
1777521635.604721,6884327,72036.0
1777521663.4966092,6884729,72040.0
1777521713.0557568,6885440,72044.0
1777521733.8997493,6885728,72048.0
1777521766.0557404,6886187,72052.0
1777521790.1993144,6886530,72056.0
1777521818.6475027,6886928,72060.0
1777521846.2228692,6887322,72064.0
1777521887.759022,6887920,72068.0
1777521920.9909134,6888394,72072.0
1777521950.9346693,6888811,72076.0
1777521971.38244,6889096,72080.0
1777521993.1819282,6889411,72084.0
1777522028.6580493,6889910,72088.0
1777522065.3017848,6890435,72092.0
1777522096.7534244,6890884,72096.0
1777522122.293528,6891244,72100.0
1777522149.7173932,6891632,72104.0
1777522177.128782,6892023,72108.0
1777522205.1289794,6892421,72112.0
1777522247.8609023,6893039,72116.0
1777522280.980736,6893508,72120.0
1777522315.8364458,6894012,72124.0
1777522359.2877755,6894626,72128.0
1777522386.2038357,6895010,72132.0
1777522412.911735,6895389,72136.0
1777522441.6157248,6895795,72140.0
1777522466.871413,6896153,72144.0
1777522490.8993511,6896490,72148.0
1777522530.8467994,6897060,72152.0
1777522557.1910536,6897432,72156.0
1777522576.0467184,6897694,72160.0
1777522630.1588285,6898472,72164.0
1777522655.7146466,6898835,72168.0
1777522679.8064682,6899180,72172.0
1777522692.5182579,6899345,72176.0
1777522712.6262991,6899630,72180.0
1777522747.6738346,6900125,72184.0
1777522793.0937917,6900775,72188.0
1777522825.301706,6901230,72192.0
1777522857.1334543,6901681,72196.0
1777522881.4097002,6902019,72200.0
1777522918.4288273,6902552,72204.0
1777522966.7287343,6903242,72208.0
1777523014.5527742,6903934,72212.0
1777523042.480839,6904330,72216.0
1777523066.1525815,6904659,72220.0
1777523085.2803528,6904926,72224.0
1777523127.4639962,6905528,72228.0
1777523150.8799844,6905852,72232.0
1777523177.723815,6906235,72236.0
1777523210.9239018,6906703,72240.0
1777523258.439633,6907385,72244.0
1777523292.2233515,6907867,72248.0
1777523333.5589912,6908459,72252.0
1777523376.0908537,6909075,72256.0
1777523398.6830468,6909390,72260.0
1777523443.6187618,6910034,72264.0
1777523483.1823,6910603,72268.0
1777523525.4499493,6911218,72272.0
1777523556.5699708,6911658,72276.0
1777523602.5017517,6912311,72280.0
1777523649.1176882,6912983,72284.0
1777523704.745168,6913796,72288.0
1777523729.4850578,6914144,72292.0
1777523761.8048892,6914605,72296.0
1777523769.637398,6914697,72300.0
1777523816.3892639,6915372,72304.0
1777523843.1209288,6915750,72308.0
1777523868.165086,6916103,72312.0
1777523902.5806367,6916598,72316.0
1777523959.7726376,6917421,72320.0
1777523992.332711,6917886,72324.0
1777524040.77599,6918581,72328.0
1777524065.2678645,6918931,72332.0
1777524094.7757444,6919352,72336.0
1777524112.6999762,6919598,72340.0
1777524135.7596471,6919922,72344.0
1777524176.9077473,6920514,72348.0
1777524199.3677478,6920830,72352.0
1777524227.7833672,6921231,72356.0
1777524270.651557,6921848,72360.0
1777524296.4594476,6922215,72364.0
1777524348.2032018,6922961,72368.0
1777524392.418834,6923599,72372.0
1777524424.7107692,6924056,72376.0
1777524444.2388003,6924319,72380.0
1777524495.2145393,6925052,72384.0
1777524540.0462763,6925702,72388.0
1777524559.938321,6925978,72392.0
1777524578.5982916,6926239,72396.0
1777524587.8060117,6926357,72400.0
1777524636.042011,6927061,72404.0
1777524687.7416627,6927807,72408.0
1777524709.3575776,6928107,72412.0
1777524745.4655864,6928621,72416.0
1777524775.6856325,6929048,72420.0
1777524811.9007866,6929570,72424.0
1777524839.5251565,6929958,72428.0
1777524866.2325966,6930337,72432.0
1777524893.7166932,6930725,72436.0
1777524920.0448277,6931094,72440.0
1777524972.0204334,6931842,72444.0
1777525007.1964643,6932343,72448.0
1777525048.1439078,6932933,72452.0
1777525091.9558985,6933558,72456.0
1777525129.0277135,6934087,72460.0
1777525175.6237006,6934765,72464.0
1777525201.6315515,6935132,72468.0
1777525237.7788606,6935652,72472.0
1777525262.9389713,6936012,72476.0
1777525294.2470849,6936451,72480.0
1777525322.198896,6936848,72484.0
1777525360.9826875,6937398,72488.0
1777525393.6907415,6937866,72492.0
1777525422.6265354,6938278,72496.0
1777525457.4263232,6938776,72500.0
1777525499.0260317,6939375,72504.0
1777525545.1097038,6940032,72508.0
1777525583.5414536,6940581,72512.0
1777525630.5458353,6941255,72516.0
1777525639.517512,6941374,72520.0
1777525672.8614264,6941854,72524.0
1777525706.7608142,6942335,72528.0
1777525751.8370175,6942982,72532.0
1777525782.0288742,6943409,72536.0
1777525807.1529124,6943768,72540.0
1777525834.0967185,6944147,72544.0
1777525860.5888236,6944515,72548.0
1777525877.4286988,6944739,72552.0
1777525922.4127104,6945386,72556.0
1777525947.8969798,6945739,72560.0
1777526008.1405165,6946617,72564.0
1777526048.3403878,6947193,72568.0
1777526069.3479502,6947488,72572.0
1777526125.6444771,6948298,72576.0
1777526157.8843222,6948759,72580.0
1777526180.3441522,6949075,72584.0
1777526222.9916465,6949690,72588.0
1777526271.267714,6950383,72592.0
1777526311.55174,6950962,72596.0
1777526356.0556984,6951590,72600.0
1777526371.2634804,6951806,72604.0
1777526398.871563,6952197,72608.0
1777526434.703361,6952707,72612.0
1777526475.8552256,6953293,72616.0
1777526506.3148823,6953721,72620.0
1777526541.7466834,6954227,72624.0
1777526571.6986835,6954654,72628.0
1777526594.9066958,6954976,72632.0
1777526632.022603,6955508,72636.0
1777526652.814563,6955794,72640.0
1777526682.0899026,6956210,72644.0
1777526705.617905,6956549,72648.0
1777526725.7103653,6956830,72652.0
1777526755.010189,6957240,72656.0
1777526779.4499736,6957581,72660.0
1777526823.601494,6958217,72664.0
1777526851.1097453,6958606,72668.0
1777526866.7856476,6958819,72672.0
1777526892.925618,6959188,72676.0
1777526924.1096642,6959629,72680.0
1777526969.8773825,6960292,72684.0
1777527005.8609426,6960806,72688.0
1777527038.8969839,6961279,72692.0
1777527073.9367576,6961775,72696.0
1777527109.3047423,6962279,72700.0
1777527146.4207375,6962813,72704.0
1777527192.8039334,6963482,72708.0
1777527233.1719377,6964059,72712.0
1777527282.3160493,6964759,72716.0
1777527320.26805,6965301,72720.0
1777527353.3078659,6965772,72724.0
1777527370.783435,6966021,72728.0
1777527393.7917416,6966340,72732.0
1777527432.2834718,6966879,72736.0
1777527457.0989087,6967238,72740.0
1777527501.9589953,6967880,72744.0
1777527529.26703,6968263,72748.0
1777527556.278929,6968637,72752.0
1777527570.1866329,6968832,72756.0
1777527594.7107675,6969176,72760.0
1777527623.5627277,6969585,72764.0
1777527655.2386434,6970039,72768.0
1777527688.3026993,6970507,72772.0
1777527733.321797,6971150,72776.0
1777527765.0218158,6971593,72780.0
1777527807.373759,6972201,72784.0
1777527834.045735,6972580,72788.0
1777527857.773678,6972914,72792.0
1777527887.6054776,6973340,72796.0
1777527908.413054,6973641,72800.0
1777527955.0488093,6974307,72804.0
1777527988.0331016,6974775,72808.0
1777528049.1569986,6975659,72812.0
1777528084.9167435,6976166,72816.0
1777528112.2323472,6976553,72820.0
1777528132.7606654,6976835,72824.0
1777528172.443815,6977407,72828.0
1777528197.1202588,6977752,72832.0
1777528228.1279323,6978196,72836.0
1777528250.7759717,6978515,72840.0
1777528298.4797285,6979204,72844.0
1777528346.4637346,6979890,72848.0
1777528366.9037676,6980177,72852.0
1777528389.8273602,6980504,72856.0
1777528414.479504,6980845,72860.0
1777528441.1229424,6981224,72864.0
1777528469.8149312,6981630,72868.0
1777528512.6788116,6982247,72872.0
1777528545.8386838,6982719,72876.0
1777528572.4747047,6983106,72880.0
1777528628.0824444,6983909,72884.0
1777528656.082123,6984308,72888.0
1777528686.590049,6984741,72892.0
1777528730.9339716,6985371,72896.0
1777528753.5175438,6985691,72900.0
1777528801.0096757,6986376,72904.0
1777528832.9496062,6986829,72908.0
1777528874.608939,6987421,72912.0
1777528911.3368783,6987944,72916.0
1777528946.0208979,6988434,72920.0
1777528979.6049566,6988918,72924.0
1777529044.3968453,6989857,72928.0
1777529068.320675,6990192,72932.0
1777529098.4283981,6990624,72936.0
1777529124.5801432,6990993,72940.0
1777529162.2120883,6991540,72944.0
1777529190.0037723,6991931,72948.0
1777529226.9879491,6992462,72952.0
1777529258.3477092,6992908,72956.0
1777529281.8077025,6993240,72960.0
1777529314.4391794,6993709,72964.0
1777529342.4993792,6994106,72968.0
1777529379.0147827,6994630,72972.0
1777529410.5830545,6995079,72976.0
1777529436.0910327,6995440,72980.0
1777529464.1667976,6995839,72984.0
1777529492.1826246,6996236,72988.0
1777529536.0027285,6996860,72992.0
1777529567.3865347,6997303,72996.0
1777529613.2019372,6997963,73000.0
1777529649.1020498,6998477,73004.0
1777529675.809976,6998855,73008.0
1777529729.16979,6999621,73012.0
1777529752.197636,6999947,73016.0
1777529792.9904935,7000479,73020.0
1777529811.9896011,7000742,73024.0
1777529847.8288264,7001258,73028.0
1777529882.4809117,7001749,73032.0
1777529909.5049632,7002133,73036.0
1777529941.2885816,7002582,73040.0
1777529990.255968,7003285,73044.0
1777530012.5399027,7003607,73048.0
1777530027.1918275,7003806,73052.0
1777530043.2639608,7004035,73056.0
1777530063.075678,7004303,73060.0
1777530099.9915807,7004837,73064.0
1777530136.2909138,7005350,73068.0
1777530163.4667728,7005740,73072.0
1777530194.1347337,7006174,73076.0
1777530226.3270576,7006627,73080.0
1777530251.8826277,7006995,73084.0
1777530281.066684,7007406,73088.0
1777530312.993953,7007861,73092.0
1777530354.1340687,7008453,73096.0
1777530387.977989,7008935,73100.0
1777530436.7215052,7009639,73104.0
1777530454.4013026,7009885,73108.0
1777530477.504823,7010204,73112.0
1777530512.5288186,7010705,73116.0
1777530552.5607486,7011284,73120.0
1777530595.5646763,7011899,73124.0
1777530622.0285077,7012276,73128.0
1777530658.795952,7012800,73132.0
1777530688.0399437,7013217,73136.0
1777530724.3399162,7013732,73140.0
1777530759.3796473,7014234,73144.0
1777530809.023932,7014944,73148.0
1777530830.4314713,7015242,73152.0
1777530870.1155608,7015813,73156.0
1777530897.3588307,7016197,73160.0
1777530922.72707,7016557,73164.0
1777530942.6347725,7016841,73168.0
1777530986.4346602,7017459,73172.0
1777531032.502497,7018127,73176.0
1777531069.0178545,7018639,73180.0
1777531094.0417235,7019002,73184.0
1777531118.5696945,7019342,73188.0
1777531153.737963,7019848,73192.0
1777531191.6375182,7020381,73196.0
1777531223.2695944,7020832,73200.0
1777531263.5775723,7021412,73204.0
1777531298.4288259,7021908,73208.0
1777531334.2129626,7022420,73212.0
1777531361.4049091,7022808,73216.0
1777531404.1127326,7023415,73220.0
1777531424.5327795,7023709,73224.0
1777531451.7643874,7024091,73228.0
1777531491.6638162,7024657,73232.0
1777531534.684028,7025272,73236.0
1777531564.691963,7025698,73240.0
1777531589.9596107,7026055,73244.0
1777531612.7516043,7026369,73248.0
1777531656.8995943,7027007,73252.0
1777531696.6831074,7027575,73256.0
1777531726.0108514,7027995,73260.0
1777531774.6870828,7028690,73264.0
1777531799.5786667,7029042,73268.0
1777531818.234865,7029299,73272.0
1777531842.8424366,7029647,73276.0
1777531867.2026544,7029991,73280.0
1777531891.6783438,7030337,73284.0
1777531946.1696234,7031123,73288.0
1777531961.513432,7031337,73292.0
1777532000.4127934,7031894,73296.0
1777532053.2119246,7032661,73300.0
1777532090.7957926,7033196,73304.0
1777532131.3954682,7033778,73308.0
1777532170.4629297,7034336,73312.0
1777532202.194514,7034790,73316.0
1777532220.27057,7035037,73320.0
1777532252.197781,7035492,73324.0
1777532269.0220132,7035719,73328.0
1777532309.053353,7036290,73332.0
1777532336.5815399,7036681,73336.0
1777532357.673376,7036982,73340.0
1777532399.1126215,7037572,73344.0
1777532423.1046343,7037909,73348.0
1777532460.0725002,7038444,73352.0
1777532491.50027,7038892,73356.0
1777532521.09967,7039308,73360.0
1777532562.9317145,7039914,73364.0
1777532610.683072,7040599,73368.0
1777532649.8508132,7041157,73372.0
1777532704.7106106,7041947,73376.0
1777532732.2503808,7042338,73380.0
1777532757.7582676,7042700,73384.0
1777532793.5258577,7043210,73388.0
1777532824.9776106,7043662,73392.0
1777532860.4334652,7044170,73396.0
1777532900.7848985,7044741,73400.0
1777532935.5005903,7045237,73404.0
1777532980.5205336,7045888,73408.0
1777532991.960727,7046038,73412.0
1777533035.743913,7046667,73416.0
1777533051.5039306,7046882,73420.0
1777533090.2560306,7047442,73424.0
1777533123.7957528,7047920,73428.0
1777533151.7631848,7048314,73432.0
1777533195.530855,7048947,73436.0
1777533228.4070513,7049421,73440.0
1777533251.3069787,7049738,73444.0
1777533271.0468822,7050009,73448.0
1777533309.7142785,7050556,73452.0
1777533342.3219442,7051020,73456.0
1777533371.1900067,7051431,73460.0
1777533397.9136474,7051811,73464.0
1777533426.6059453,7052214,73468.0
1777533460.1897326,7052692,73472.0
1777533485.3814254,7053051,73476.0
1777533524.4489655,7053610,73480.0
1777533552.3249474,7054006,73484.0
1777533576.4925988,7054348,73488.0
1777533610.5165699,7054836,73492.0
1777533639.584554,7055247,73496.0
1777533656.5085816,7055476,73500.0
1777533692.3838475,7055989,73504.0
1777533730.8039002,7056541,73508.0
1777533766.967901,7057058,73512.0
1777533805.235654,7057600,73516.0
1777533840.7714918,7058110,73520.0
1777533882.8708286,7058720,73524.0
1777533919.022984,7059240,73528.0
1777533958.1707354,7059789,73532.0
1777533978.398671,7060078,73536.0
1777534021.0981183,7060686,73540.0
1777534056.1060205,7061192,73544.0
1777534100.5818462,7061835,73548.0
1777534141.833682,7062418,73552.0
1777534190.4174945,7063124,73556.0
1777534219.556967,7063533,73560.0
1777534275.4169025,7064341,73564.0
1777534308.4687123,7064809,73568.0
1777534350.184544,7065405,73572.0
1777534378.0682921,7065795,73576.0
1777534398.400596,7066088,73580.0
1777534440.8998196,7066692,73584.0
1777534478.7356975,7067239,73588.0
1777534497.2357333,7067486,73592.0
1777534516.6037202,7067760,73596.0
1777534546.8033395,7068192,73600.0
1777534575.1268942,7068591,73604.0
1777534608.478982,7069066,73608.0
1777534642.970643,7069549,73612.0
1777534692.978808,7070273,73616.0
1777534727.2459693,7070762,73620.0
1777534751.1538675,7071100,73624.0
1777534786.614039,7071609,73628.0
1777534817.281968,7072042,73632.0
1777534846.4377508,7072458,73636.0
1777534870.8734899,7072804,73640.0
1777534897.0336902,7073171,73644.0
1777534921.6408389,7073517,73648.0
1777534947.1567986,7073877,73652.0
1777534979.2169864,7074330,73656.0
1777535030.824822,7075078,73660.0
1777535074.7922163,7075710,73664.0
1777535111.5439513,7076237,73668.0
1777535149.067692,7076776,73672.0
1777535180.5677123,7077225,73676.0
1777535218.4516125,7077761,73680.0
1777535254.0355685,7078275,73684.0
1777535284.6592817,7078705,73688.0
1777535324.0267098,7079270,73692.0
1777535347.0346622,7079591,73696.0
1777535380.002639,7080059,73700.0
1777535414.178622,7080549,73704.0
1777535460.605945,7081213,73708.0
1777535484.2137997,7081550,73712.0
1777535508.4377923,7081886,73716.0
1777535537.553754,7082297,73720.0
1777535563.9656804,7082673,73724.0
1777535589.2056172,7083033,73728.0
1777535636.84079,7083709,73732.0
1777535666.041186,7084126,73736.0
1777535694.3807445,7084529,73740.0
1777535739.6726398,7085175,73744.0
1777535762.1325173,7085485,73748.0
1777535794.8165903,7085954,73752.0
1777535825.3402174,7086389,73756.0
1777535856.4516613,7086827,73760.0
1777535892.2676134,7087341,73764.0
1777535922.635713,7087778,73768.0
1777535962.5676434,7088345,73772.0
1777536015.035902,7089099,73776.0
1777536042.4363775,7089485,73780.0
1777536061.1527867,7089745,73784.0
1777536093.320803,7090201,73788.0
1777536118.7213645,7090557,73792.0
1777536150.6817055,7091010,73796.0
1777536187.6182685,7091538,73800.0
1777536214.858637,7091925,73804.0
1777536249.2947276,7092414,73808.0
1777536269.5190275,7092693,73812.0
1777536297.770944,7093089,73816.0
1777536344.6796274,7093768,73820.0
1777536373.8636785,7094185,73824.0
1777536394.3718617,7094463,73828.0
1777536421.0318358,7094840,73832.0
1777536455.1963081,7095326,73836.0
1777536491.6639132,7095848,73840.0
1777536508.371911,7096080,73844.0
1777536553.3926582,7096724,73848.0
1777536580.2687166,7097104,73852.0
1777536597.7605548,7097341,73856.0
1777536630.076631,7097803,73860.0
1777536664.716966,7098298,73864.0
1777536701.452757,7098823,73868.0
1777536725.3933573,7099151,73872.0
1777536759.2129703,7099634,73876.0
1777536797.2970555,7100178,73880.0
1777536832.1652973,7100681,73884.0
1777536867.4967623,7101174,73888.0
1777536922.532806,7101968,73892.0
1777536959.3173547,7102487,73896.0
1777536978.525037,7102760,73900.0
1777537017.792937,7103320,73904.0
1777537047.6173174,7103745,73908.0
1777537074.0170364,7104121,73912.0
1777537100.2408319,7104493,73916.0
1777537147.9088056,7105176,73920.0
1777537178.5290308,7105610,73924.0
1777537216.2449434,7106152,73928.0
1777537259.460849,7106766,73932.0
1777537279.8369946,7107060,73936.0
1777537315.8128357,7107575,73940.0
1777537345.2127798,7107995,73944.0
1777537381.580986,7108508,73948.0
1777537414.8729439,7108981,73952.0
1777537431.4966638,7109215,73956.0
1777537461.180733,7109635,73960.0
1777537482.440754,7109932,73964.0
1777537516.5167503,7110423,73968.0
1777537551.6326866,7110925,73972.0
1777537573.7086418,7111234,73976.0
1777537606.2408206,7111701,73980.0
1777537636.816629,7112138,73984.0
1777537672.4005876,7112644,73988.0
1777537702.3205938,7113070,73992.0
1777537747.819856,7113716,73996.0
1777537783.687813,7114227,74000.0
1777537814.6960196,7114671,74004.0
1777537841.572441,7115051,74008.0
1777537869.5721605,7115443,74012.0
1777537911.0199997,7116037,74016.0
1777537931.1119692,7116312,74020.0
1777537964.2877798,7116791,74024.0
1777537996.4717495,7117243,74028.0
1777538031.6917596,7117744,74032.0
1777538066.5069258,7118237,74036.0
1777538085.7227921,7118505,74040.0
1777538119.722495,7118988,74044.0
1777538158.9224117,7119553,74048.0
1777538188.4062295,7119968,74052.0
1777538219.9822543,7120419,74056.0
1777538248.3816934,7120820,74060.0
1777538282.7934067,7121309,74064.0
1777538312.0932817,7121721,74068.0
1777538339.384892,7122111,74072.0
1777538362.0609157,7122428,74076.0
1777538393.292652,7122871,74080.0
1777538431.5761971,7123415,74084.0
1777538446.0758286,7123617,74088.0
1777538483.7917268,7124160,74092.0
1777538530.987444,7124838,74096.0
1777538555.2118387,7125177,74100.0
1777538585.471382,7125605,74104.0
1777538625.1868095,7126174,74108.0
1777538662.3186982,7126707,74112.0
1777538684.2949123,7127015,74116.0
1777538701.4146268,7127248,74120.0
1777538731.7306185,7127683,74124.0
1777538762.946765,7128130,74128.0
1777538803.0139318,7128702,74132.0
1777538840.345977,7129236,74136.0
1777538871.4381115,7129682,74140.0
1777538913.6977348,7130283,74144.0
1777538942.005796,7130683,74148.0
1777538978.489328,7131195,74152.0
1777539011.8650393,7131669,74156.0
1777539043.216796,7132113,74160.0
1777539077.0087454,7132598,74164.0
1777539104.6609144,7132981,74168.0
1777539140.8090136,7133496,74172.0
1777539171.6167326,7133934,74176.0
1777539196.960806,7134299,74180.0
1777539230.3442042,7134776,74184.0
1777539261.860193,7135220,74188.0
1777539300.6441112,7135772,74192.0
1777539329.7360156,7136186,74196.0
1777539345.2440565,7136395,74200.0
1777539379.9199142,7136890,74204.0
1777539429.7113721,7137601,74208.0
1777539463.2315056,7138076,74212.0
1777539496.05538,7138541,74216.0
1777539535.254912,7139106,74220.0
1777539566.8912823,7139556,74224.0
1777539590.2468495,7139880,74228.0
1777539641.2906656,7140608,74232.0
1777539675.0146954,7141089,74236.0
1777539691.2066667,7141311,74240.0
1777539718.050493,7141692,74244.0
1777539755.434039,7142218,74248.0
1777539789.766172,7142711,74252.0
1777539823.1937146,7143186,74256.0
1777539850.8780186,7143574,74260.0
1777539891.1620326,7144153,74264.0
1777539915.0017354,7144491,74268.0
1777539936.6296678,7144791,74272.0
1777539977.1136928,7145375,74276.0
1777540022.389375,7146026,74280.0
1777540050.4451675,7146434,74284.0
1777540064.24495,7146619,74288.0
1777540107.3808208,7147241,74292.0
1777540148.6727383,7147828,74296.0
1777540197.403842,7148531,74300.0
1777540254.7157652,7149363,74304.0
1777540291.4237177,7149883,74308.0
1777540306.099448,7150084,74312.0
1777540351.4310155,7150738,74316.0
1777540366.49108,7150944,74320.0
1777540392.1589324,7151309,74324.0
1777540425.7344103,7151783,74328.0
1777540451.7425423,7152149,74332.0
1777540484.6422727,7152615,74336.0
1777540515.6939611,7153055,74340.0
1777540550.5181744,7153553,74344.0
1777540598.9937665,7154251,74348.0
1777540622.769587,7154590,74352.0
1777540653.9771008,7155033,74356.0
1777540667.737001,7155217,74360.0
1777540688.4690173,7155503,74364.0
1777540717.2131584,7155916,74368.0
1777540763.312743,7156579,74372.0
1777540795.504736,7157043,74376.0
1777540811.028731,7157246,74380.0
1777540837.9044523,7157626,74384.0
1777540882.7961113,7158274,74388.0
1777540911.8561764,7158685,74392.0
1777540950.6875982,7159242,74396.0
1777540970.7477098,7159520,74400.0
1777540989.8392859,7159785,74404.0
1777541018.6636236,7160189,74408.0
1777541047.0157547,7160594,74412.0
1777541088.6313426,7161193,74416.0
1777541110.9749742,7161503,74420.0
1777541142.3227346,7161949,74424.0
1777541170.0827777,7162341,74428.0
1777541212.4346545,7162952,74432.0
1777541247.2822917,7163454,74436.0
1777541275.7107124,7163853,74440.0
1777541324.8178418,7164561,74444.0
1777541360.2417765,7165063,74448.0
1777541393.361789,7165537,74452.0
1777541434.6775858,7166134,74456.0
1777541466.977562,7166593,74460.0
1777541495.1534753,7166996,74464.0
1777541531.721129,7167507,74468.0
1777541576.1727152,7168151,74472.0
1777541619.7375174,7168774,74476.0
1777541645.5806098,7169138,74480.0
1777541686.880635,7169724,74484.0
1777541720.648415,7170203,74488.0
1777541757.847837,7170736,74492.0
1777541806.2920063,7171426,74496.0
1777541846.967755,7172013,74500.0
1777541883.2996426,7172535,74504.0
1777541928.8154018,7173181,74508.0
1777541955.8834274,7173567,74512.0
1777541996.7829552,7174150,74516.0
1777542032.3192344,7174660,74520.0
1777542079.6024907,7175336,74524.0
1777542112.4945822,7175802,74528.0
1777542161.802093,7176512,74532.0
1777542203.4378228,7177102,74536.0
1777542231.6695998,7177503,74540.0
1777542266.6775713,7178006,74544.0
1777542298.729413,7178466,74548.0
1777542323.3887625,7178810,74552.0
1777542356.1567905,7179276,74556.0
1777542387.1966007,7179717,74560.0
1777542413.0564268,7180085,74564.0
1777542460.9320993,7180780,74568.0
1777542501.5477195,7181355,74572.0
1777542516.1796246,7181556,74576.0
1777542536.6554086,7181842,74580.0
1777542575.2229636,7182397,74584.0
1777542620.8830492,7183048,74588.0
1777542654.9429436,7183534,74592.0
1777542683.4908366,7183938,74596.0
1777542720.4424858,7184466,74600.0
1777542763.673979,7185093,74604.0
1777542805.993762,7185693,74608.0
1777542834.7497075,7186104,74612.0
1777542875.9018006,7186696,74616.0
1777542920.5174134,7187329,74620.0
1777542956.8369744,7187851,74624.0
1777542990.204747,7188328,74628.0
1777543021.9287775,7188777,74632.0
1777543056.060672,7189257,74636.0
1777543089.9446397,7189740,74640.0
1777543126.7799048,7190267,74644.0
1777543159.880046,7190730,74648.0
1777543193.8557625,7191217,74652.0
1777543228.6555352,7191714,74656.0
1777543256.1314921,7192099,74660.0
1777543286.1469097,7192529,74664.0
1777543321.4228292,7193027,74668.0
1777543358.3588977,7193554,74672.0
1777543388.3910959,7193974,74676.0
1777543423.3346996,7194476,74680.0
1777543463.442282,7195051,74684.0
1777543491.0018983,7195445,74688.0
1777543527.4744928,7195967,74692.0
1777543566.5777273,7196532,74696.0
1777543608.2937253,7197135,74700.0
1777543652.9014654,7197775,74704.0
1777543676.909463,7198113,74708.0
1777543706.8367832,7198536,74712.0
1777543737.7687347,7198976,74716.0
1777543770.3765845,7199445,74720.0
1777543804.7607088,7199934,74724.0
1777543832.5967226,7200329,74728.0
1777543841.7966523,7200450,74732.0
1777543874.095965,7200906,74736.0
1777543900.0719337,7201275,74740.0
1777543934.2317884,7201765,74744.0
1777543975.971852,7202361,74748.0
1777544016.8396766,7202946,74752.0
1777544033.871779,7203181,74756.0
1777544068.3914175,7203669,74760.0
1777544097.223348,7204079,74764.0
1777544152.2436342,7204872,74768.0
1777544192.5069616,7205440,74772.0
1777544226.7267973,7205928,74776.0
1777544245.2669663,7206184,74780.0
1777544275.1748028,7206609,74784.0
1777544298.9344156,7206954,74788.0
1777544324.9346988,7207317,74792.0
1777544366.834713,7207913,74796.0
1777544395.6864855,7208320,74800.0
1777544438.7785525,7208943,74804.0
1777544473.8625526,7209444,74808.0
1777544513.870015,7210014,74812.0
1777544543.6621838,7210434,74816.0
1777544571.3221943,7210829,74820.0
1777544610.873661,7211388,74824.0
1777544644.7057157,7211870,74828.0
1777544671.1136515,7212243,74832.0
1777544709.881172,7212796,74836.0
1777544751.9814415,7213400,74840.0
1777544787.5332973,7213901,74844.0
1777544823.5770729,7214417,74848.0
1777544851.208958,7214800,74852.0
1777544866.9690177,7215019,74856.0
1777544899.0607533,7215477,74860.0
1777544945.4765174,7216136,74864.0
1777544974.592724,7216547,74868.0
1777545015.5124547,7217138,74872.0
1777545032.9885426,7217373,74876.0
1777545046.7360618,7217562,74880.0
1777545086.3879738,7218130,74884.0
1777545128.5357957,7218739,74888.0
1777545154.4560847,7219098,74892.0
1777545193.5717812,7219661,74896.0
1777545224.2636743,7220097,74900.0
1777545261.6154475,7220635,74904.0
1777545298.447243,7221156,74908.0
1777545332.5834336,7221640,74912.0
1777545356.4750211,7221978,74916.0
1777545379.5150335,7222303,74920.0
1777545419.614995,7222876,74924.0
1777545451.6906805,7223334,74928.0
1777545480.7106528,7223749,74932.0
1777545515.674487,7224249,74936.0
1777545557.7100823,7224847,74940.0
1777545592.0340428,7225338,74944.0
1777545633.0855942,7225918,74948.0
1777545663.6179233,7226351,74952.0
1777545700.8696601,7226883,74956.0
1777545725.6296852,7227233,74960.0
1777545737.853669,7227404,74964.0
1777545761.4972603,7227732,74968.0
1777545795.836984,7228222,74972.0
1777545818.0207942,7228533,74976.0
1777545840.0449913,7228839,74980.0
1777545868.9367442,7229253,74984.0
1777545912.6726737,7229878,74988.0
1777545954.004734,7230477,74992.0
1777545981.9726841,7230874,74996.0
1777546008.2802885,7231242,75000.0
1777546045.8158038,7231783,75004.0
1777546082.1679158,7232296,75008.0
1777546121.867649,7232865,75012.0
1777546155.2758327,7233342,75016.0
1777546184.0435553,7233752,75020.0
1777546226.227344,7234360,75024.0
1777546283.151242,7235186,75028.0
1777546330.5031064,7235861,75032.0
1777546370.6867206,7236438,75036.0
1777546394.34671,7236771,75040.0
1777546430.409909,7237289,75044.0
1777546477.2137792,7237960,75048.0
1777546512.06185,7238457,75052.0
1777546547.8818195,7238973,75056.0
1777546588.5975327,7239555,75060.0
1777546619.4734662,7239998,75064.0
1777546653.4048572,7240468,75068.0
1777546689.4048107,7240985,75072.0
1777546718.5328333,7241392,75076.0
1777546747.180798,7241796,75080.0
1777546778.6086054,7242241,75084.0
1777546818.0242944,7242806,75088.0
1777546844.567931,7243181,75092.0
1777546867.3598802,7243495,75096.0
1777546900.4239666,7243965,75100.0
1777546941.376062,7244559,75104.0
1777546976.07562,7245051,75108.0
1777547009.4670064,7245526,75112.0
1777547042.2510772,7245979,75116.0
1777547081.9509351,7246550,75120.0
1777547111.794876,7246977,75124.0
1777547158.738565,7247654,75128.0
1777547189.2627215,7248093,75132.0
1777547226.3143938,7248610,75136.0
1777547263.813973,7249145,75140.0
1777547315.7378812,7249894,75144.0
1777547339.89776,7250244,75148.0
1777547374.0657206,7250723,75152.0
1777547396.1216717,7251042,75156.0
1777547442.8734336,7251708,75160.0
1777547488.741025,7252374,75164.0
1777547539.5846994,7253107,75168.0
1777547572.5406127,7253572,75172.0
1777547593.4682813,7253863,75176.0
1777547616.1325493,7254177,75180.0
1777547655.1764877,7254742,75184.0
1777547688.8918736,7255223,75188.0
1777547725.127885,7255743,75192.0
1777547754.567992,7256159,75196.0
1777547766.2276943,7256312,75200.0
1777547801.1276538,7256813,75204.0
1777547836.9876602,7257321,75208.0
1777547868.4714298,7257773,75212.0
1777547898.4629154,7258197,75216.0
1777547920.6393058,7258503,75220.0
1777547935.710814,7258716,75224.0
1777547955.9030063,7258990,75228.0
1777547984.4387507,7259392,75232.0
1777548001.854847,7259640,75236.0
1777548058.5624533,7260450,75240.0
1777548087.430404,7260858,75244.0
1777548112.3904037,7261209,75248.0
1777548141.3142662,7261616,75252.0
1777548165.9340868,7261957,75256.0
1777548197.425768,7262401,75260.0
1777548234.957787,7262940,75264.0
1777548267.5737784,7263405,75268.0
1777548309.4255264,7263996,75272.0
1777548341.816881,7264453,75276.0
1777548366.260896,7264794,75280.0
1777548401.0612867,7265295,75284.0
1777548440.5450108,7265855,75288.0
1777548463.3847466,7266171,75292.0
1777548497.804694,7266661,75296.0
1777548527.8606606,7267091,75300.0
1777548550.1606655,7267402,75304.0
1777548567.6603868,7267648,75308.0
1777548598.9118104,7268095,75312.0
1777548629.771855,7268529,75316.0
1777548659.056422,7268946,75320.0
1777548690.4479778,7269391,75324.0
1777548730.8075264,7269959,75328.0
1777548760.1477752,7270371,75332.0
1777548789.739525,7270796,75336.0
1777548824.538995,7271290,75340.0
1777548874.150857,7272010,75344.0
1777548904.0428185,7272437,75348.0
1777548936.326748,7272889,75352.0
1777548980.5903258,7273522,75356.0
1777549009.8026946,7273933,75360.0
1777549052.549906,7274555,75364.0
1777549085.9861999,7275024,75368.0
1777549112.9421973,7275416,75372.0
1777549137.9097793,7275761,75376.0
1777549163.085744,7276111,75380.0
1777549202.7697666,7276682,75384.0
1777549242.7054977,7277251,75388.0
1777549286.769205,7277885,75392.0
1777549316.4967554,7278304,75396.0
1777549351.3650115,7278798,75400.0
1777549392.7967567,7279394,75404.0
1777549429.5808012,7279918,75408.0
1777549463.680155,7280404,75412.0
1777549494.7085454,7280847,75416.0
1777549512.8486075,7281096,75420.0
1777549536.9162881,7281435,75424.0
1777549573.0400069,7281957,75428.0
1777549613.0397465,7282529,75432.0
1777549641.5317895,7282927,75436.0
1777549664.2516797,7283247,75440.0
1777549692.1916366,7283646,75444.0
1777549725.94344,7284126,75448.0
1777549768.2955413,7284737,75452.0
1777549798.9507673,7285173,75456.0
1777549825.8028421,7285552,75460.0
1777549851.7627215,7285918,75464.0
1777549887.6466343,7286433,75468.0
1777549916.4706903,7286841,75472.0
1777549942.6304832,7287213,75476.0
1777549960.92254,7287458,75480.0
1777550003.505887,7288072,75484.0
1777550034.0899339,7288503,75488.0
1777550071.189776,7289039,75492.0
1777550095.1296709,7289372,75496.0
1777550109.3379302,7289561,75500.0
1777550139.121713,7289982,75504.0
1777550167.2214153,7290380,75508.0
1777550208.14885,7290966,75512.0
1777550238.5892203,7291398,75516.0
1777550284.2927241,7292056,75520.0
1777550305.8847635,7292358,75524.0
1777550338.2845805,7292819,75528.0
1777550359.1088161,7293103,75532.0
1777550400.644806,7293694,75536.0
1777550435.0607371,7294188,75540.0
1777550470.5122159,7294688,75544.0
1777550483.344727,7294869,75548.0
1777550515.376317,7295324,75552.0
1777550542.704598,7295708,75556.0
1777550580.9364707,7296252,75560.0
1777550609.9638796,7296666,75564.0
1777550638.3802903,7297060,75568.0
1777550677.0798278,7297619,75572.0
1777550707.5041149,7298051,75576.0
1777550722.795773,7298257,75580.0
1777550769.8320816,7298935,75584.0
1777550818.3556423,7299636,75588.0
1777550867.8237057,7300339,75592.0
1777550882.7837317,7300551,75596.0
1777550912.843721,7300976,75600.0
1777550935.883566,7301299,75604.0
1777550969.2675087,7301771,75608.0
1777551000.119393,7302210,75612.0
1777551028.4434474,7302612,75616.0
1777551045.0868676,7302837,75620.0
1777551076.6949935,7303291,75624.0
1777551123.586929,7303970,75628.0
1777551153.9267848,7304402,75632.0
1777551175.0707102,7304695,75636.0
1777551209.2867386,7305186,75640.0
1777551247.5707092,7305734,75644.0
1777551274.2784507,7306109,75648.0
1777551292.4064157,7306355,75652.0
1777551329.3064098,7306880,75656.0
1777551345.014025,7307094,75660.0
1777551381.358033,7307615,75664.0
1777551409.6739037,7308013,75668.0
1777551436.4494326,7308388,75672.0
1777551472.2976534,7308900,75676.0
1777551496.6256535,7309239,75680.0
1777551538.1093638,7309841,75684.0
1777551553.4852848,7310051,75688.0
1777551588.3169014,7310543,75692.0
1777551633.3327558,7311190,75696.0
1777551674.4367402,7311774,75700.0
1777551693.9284914,7312052,75704.0
1777551724.9207294,7312490,75708.0
1777551750.3046894,7312844,75712.0
1777551783.2443879,7313308,75716.0
1777551811.4118786,7313708,75720.0
1777551837.651741,7314078,75724.0
1777551881.4558148,7314705,75728.0
1777551913.4037757,7315159,75732.0
1777551948.1637802,7315660,75736.0
1777551977.4316208,7316074,75740.0
1777552016.7796242,7316645,75744.0
1777552052.9472785,7317156,75748.0
1777552081.9389234,7317565,75752.0
1777552113.8072803,7318015,75756.0
1777552139.367299,7318374,75760.0
1777552168.606927,7318791,75764.0
1777552207.9907374,7319360,75768.0
1777552243.4107122,7319857,75772.0
1777552274.6586864,7320300,75776.0
1777552305.5021503,7320734,75780.0
1777552334.6506345,7321151,75784.0
1777552368.7946327,7321632,75788.0
1777552399.5618591,7322075,75792.0
1777552440.8296766,7322661,75796.0
1777552477.8454607,7323191,75800.0
1777552515.6369019,7323730,75804.0
1777552534.2129989,7323994,75808.0
1777552559.8608093,7324353,75812.0
1777552597.712649,7324898,75816.0
1777552631.2365673,7325373,75820.0
1777552656.348328,7325730,75824.0
1777552674.18783,7325973,75828.0
1777552701.6880147,7326360,75832.0
1777552730.4477987,7326771,75836.0
1777552761.0996618,7327203,75840.0
1777552797.1234188,7327719,75844.0
1777552840.4987326,7328349,75848.0
1777552883.66689,7328962,75852.0
1777552907.2430878,7329293,75856.0
1777552942.7266998,7329799,75860.0
1777552977.49854,7330295,75864.0
1777553000.766302,7330624,75868.0
1777553042.5859337,7331223,75872.0
1777553057.3337708,7331420,75876.0
1777553095.4021182,7331959,75880.0
1777553120.3616753,7332313,75884.0
1777553168.0533462,7332997,75888.0
1777553191.0613015,7333321,75892.0
1777553241.6448104,7334042,75896.0
1777553281.3127522,7334614,75900.0
1777553320.0287027,7335169,75904.0
1777553349.2965002,7335579,75908.0
1777553398.0804975,7336276,75912.0
1777553428.880013,7336714,75916.0
1777553462.2399821,7337191,75920.0
1777553482.7797208,7337479,75924.0
1777553529.5396419,7338151,75928.0
1777553562.3157613,7338618,75932.0
1777553603.1674695,7339197,75936.0
1777553650.591389,7339883,75940.0
1777553682.098739,7340329,75944.0
1777553725.6827767,7340949,75948.0
1777553758.1666493,7341415,75952.0
1777553769.2664719,7341566,75956.0
1777553804.6019058,7342070,75960.0
1777553835.7500403,7342513,75964.0
1777553878.0540073,7343112,75968.0
1777553918.8175724,7343703,75972.0
1777553953.2696981,7344187,75976.0
1777553986.4295306,7344660,75980.0
1777554011.7048519,7345017,75984.0
1777554033.044814,7345312,75988.0
1777554066.3808563,7345785,75992.0
1777554086.1371586,7346047,75996.0
1777554125.388996,7346615,76000.0
1777554161.4886425,7347131,76004.0
1777554204.9044795,7347752,76008.0
1777554236.5726275,7348201,76012.0
1777554257.14825,7348495,76016.0
1777554286.224058,7348901,76020.0
1777554307.8005383,7349203,76024.0
1777554340.1156526,7349665,76028.0
1777554371.2597196,7350103,76032.0
1777554406.8755262,7350612,76036.0
1777554442.859309,7351117,76040.0
1777554478.734848,7351631,76044.0
1777554515.5832283,7352159,76048.0
1777554546.851527,7352598,76052.0
1777554582.7709498,7353112,76056.0
1777554618.878552,7353630,76060.0
1777554660.294767,7354221,76064.0
1777554687.7946775,7354607,76068.0
1777554711.3866293,7354941,76072.0
1777554744.1060605,7355403,76076.0
1777554764.7458875,7355699,76080.0
1777554809.530129,7356337,76084.0
1777554837.4539073,7356734,76088.0
1777554865.4222994,7357127,76092.0
1777554900.765726,7357634,76096.0
1777554944.0658965,7358259,76100.0
1777554990.7257273,7358930,76104.0
1777555052.2853208,7359819,76108.0
1777555087.7849472,7360325,76112.0
1777555121.940972,7360817,76116.0
1777555151.0247362,7361227,76120.0
1777555183.1365137,7361686,76124.0
1777555213.16848,7362114,76128.0
1777555245.9284394,7362580,76132.0
1777555279.9603572,7363062,76136.0
1777555310.4800453,7363496,76140.0
1777555334.7357163,7363842,76144.0
1777555361.4116142,7364220,76148.0
1777555393.9477587,7364683,76152.0
1777555423.7557485,7365105,76156.0
1777555460.355765,7365626,76160.0
1777555495.2076926,7366119,76164.0
1777555519.8315532,7366474,76168.0
1777555557.3831463,7367001,76172.0
1777555583.990936,7367372,76176.0
1777555618.2228496,7367853,76180.0
1777555666.374754,7368550,76184.0
1777555694.4066968,7368949,76188.0
1777555727.4825683,7369416,76192.0
1777555761.98197,7369899,76196.0
1777555799.5498385,7370434,76200.0
1777555831.8779125,7370898,76204.0
1777555878.8696816,7371578,76208.0
1777555898.9096732,7371856,76212.0
1777555933.6174576,7372348,76216.0
1777555970.737452,7372878,76220.0
1777556010.2691095,7373441,76224.0
1777556037.6048934,7373823,76228.0
1777556060.4290223,7374148,76232.0
1777556084.6366096,7374492,76236.0
1777556125.436753,7375069,76240.0
1777556155.0406258,7375495,76244.0
1777556184.6805341,7375915,76248.0
1777556200.256517,7376133,76252.0
1777556247.5082934,7376805,76256.0
1777556276.2397532,7377214,76260.0
1777556311.9158282,7377729,76264.0
1777556355.0996835,7378352,76268.0
1777556393.5996995,7378898,76272.0
1777556420.475629,7379284,76276.0
1777556454.2596483,7379753,76280.0
1777556480.0989237,7380127,76284.0
1777556506.034812,7380495,76288.0
1777556540.494701,7380986,76292.0
1777556575.3862169,7381478,76296.0
1777556611.442333,7381992,76300.0
1777556646.209871,7382493,76304.0
1777556662.7097373,7382726,76308.0
1777556701.1297388,7383270,76312.0
1777556727.1293242,7383637,76316.0
1777556757.7848814,7384074,76320.0
1777556797.5892305,7384646,76324.0
1777556823.0970397,7385002,76328.0
1777556864.5287125,7385592,76332.0
1777556890.128732,7385954,76336.0
1777556906.748637,7386181,76340.0
1777556922.9399402,7386406,76344.0
1777556958.687757,7386922,76348.0
1777556977.7479415,7387184,76352.0
1777556996.0878992,7387436,76356.0
1777557033.339594,7387969,76360.0
1777557073.0236797,7388539,76364.0
1777557101.8314302,7388954,76368.0
1777557126.4833512,7389296,76372.0
1777557157.0230045,7389734,76376.0
1777557187.3346493,7390159,76380.0
1777557222.566766,7390667,76384.0
1777557259.4506958,7391189,76388.0
1777557285.2743824,7391553,76392.0
1777557312.7102718,7391936,76396.0
1777557338.217986,7392291,76400.0
1777557385.7177532,7392966,76404.0
1777557408.2257457,7393292,76408.0
1777557433.92946,7393657,76412.0
1777557482.7610648,7394352,76416.0
1777557508.2527337,7394709,76420.0
1777557535.5529912,7395093,76424.0
1777557568.9605486,7395573,76428.0
1777557600.6806114,7396018,76432.0
1777557636.912534,7396537,76436.0
1777557676.0202696,7397095,76440.0
1777557718.5639873,7397703,76444.0
1777557753.0716908,7398192,76448.0
1777557783.5239606,7398623,76452.0
1777557817.1156547,7399104,76456.0
1777557838.4835098,7399399,76460.0
1777557869.4074342,7399842,76464.0
1777557903.859334,7400334,76468.0
1777557938.03497,7400820,76472.0
1777557956.1069257,7401070,76476.0
1777557991.6108325,7401571,76480.0
1777558013.2024415,7401883,76484.0
1777558043.734534,7402317,76488.0
1777558077.9858835,7402798,76492.0
1777558124.1018326,7403467,76496.0
1777558157.0460656,7403939,76500.0
1777558192.3937435,7404443,76504.0
1777558228.9137325,7404959,76508.0
1777558253.2057104,7405303,76512.0
1777558291.9373474,7405848,76516.0
1777558338.405057,7406519,76520.0
1777558377.0647974,7407066,76524.0
1777558418.4406955,7407662,76528.0
1777558460.0885158,7408258,76532.0
1777558507.8798141,7408931,76536.0
1777558533.8242855,7409300,76540.0
1777558558.5919693,7409647,76544.0
1777558591.0318744,7410108,76548.0
1777558648.207911,7410931,76552.0
1777558674.651839,7411314,76556.0
1777558700.5598161,7411678,76560.0
1777558726.2999504,7412041,76564.0
1777558765.5517213,7412603,76568.0
1777558802.2797744,7413124,76572.0
1777558826.3437471,7413465,76576.0
1777558855.827759,7413884,76580.0
1777558888.3638346,7414339,76584.0
1777558930.0036273,7414940,76588.0
1777558964.823728,7415437,76592.0
1777559015.546946,7416169,76596.0
1777559044.4070096,7416581,76600.0
1777559089.2749755,7417231,76604.0
1777559128.475191,7417789,76608.0
1777559161.758595,7418258,76612.0
1777559201.190755,7418828,76616.0
1777559227.9347174,7419199,76620.0
1777559265.3025088,7419734,76624.0
1777559290.674444,7420088,76628.0
1777559322.2259154,7420534,76632.0
1777559335.5778682,7420721,76636.0
1777559362.942229,7421103,76640.0
1777559394.7538018,7421560,76644.0
1777559417.9696305,7421880,76648.0
1777559438.7618015,7422173,76652.0
1777559482.0137355,7422791,76656.0
1777559511.553644,7423213,76660.0
1777559551.529216,7423776,76664.0
1777559583.9378963,7424238,76668.0
1777559616.1129127,7424692,76672.0
1777559653.7647007,7425231,76676.0
1777559702.2887142,7425930,76680.0
1777559746.6567175,7426570,76684.0
1777559784.5925684,7427117,76688.0
1777559811.4323065,7427491,76692.0
1777559847.931948,7428013,76696.0
1777559862.9763155,7428219,76700.0
1777559897.2679293,7428704,76704.0
1777559924.6999013,7429091,76708.0
1777559948.9597352,7429425,76712.0
1777559991.3117115,7430037,76716.0
1777560020.8356388,7430448,76720.0
1777560049.6674097,7430859,76724.0
1777560063.2036185,7431036,76728.0
1777560099.402813,7431556,76732.0
1777560122.1270413,7431867,76736.0
1777560151.0468094,7432274,76740.0
1777560190.130811,7432838,76744.0
1777560220.5546186,7433264,76748.0
1777560270.9626417,7433983,76752.0
1777560302.8224885,7434430,76756.0
1777560339.5900338,7434954,76760.0
1777560368.805668,7435371,76764.0
1777560403.0660257,7435856,76768.0
1777560434.2137277,7436300,76772.0
1777560481.7176847,7436976,76776.0
1777560496.6577127,7437182,76780.0
1777560526.5175488,7437606,76784.0
1777560559.917198,7438076,76788.0
1777560611.840659,7438815,76792.0
1777560633.6165833,7439116,76796.0
1777560678.9837258,7439772,76800.0
1777560726.3674057,7440450,76804.0
1777560768.250619,7441050,76808.0
1777560805.2024143,7441577,76812.0
1777560840.2022974,7442070,76816.0
1777560869.3621168,7442486,76820.0
1777560894.877691,7442849,76824.0
1777560927.853384,7443317,76828.0
1777560957.785099,7443737,76832.0
1777560984.4288893,7444111,76836.0
1777561021.6766727,7444634,76840.0
1777561063.7279387,7445243,76844.0
1777561101.7118626,7445789,76848.0
1777561155.82771,7446567,76852.0
1777561189.7471962,7447050,76856.0
1777561210.602768,7447340,76860.0
1777561246.622971,7447861,76864.0
1777561293.2545912,7448520,76868.0
1777561338.45406,7449173,76872.0
1777561380.1381242,7449768,76876.0
1777561394.9816284,7449967,76880.0
1777561421.381816,7450341,76884.0
1777561437.665569,7450572,76888.0
1777561459.357615,7450873,76892.0
1777561503.2494588,7451495,76896.0
1777561544.916627,7452091,76900.0
1777561584.4846926,7452664,76904.0
1777561631.3524232,7453330,76908.0
1777561679.451753,7454025,76912.0
1777561703.144037,7454357,76916.0
1777561738.1438112,7454857,76920.0
1777561780.5275028,7455462,76924.0
1777561812.6791358,7455918,76928.0
1777561843.4713225,7456355,76932.0
1777561875.4187272,7456808,76936.0
1777561912.2026937,7457337,76940.0
1777561958.002532,7457987,76944.0
1777561982.6059952,7458328,76948.0
1777562025.8619633,7458944,76952.0
1777562048.8820798,7459267,76956.0
1777562077.7057917,7459675,76960.0
1777562123.8215032,7460342,76964.0
1777562144.6133862,7460633,76968.0
1777562162.4890006,7460877,76972.0
1777562183.8489003,7461179,76976.0
1777562228.748762,7461817,76980.0
1777562257.4006717,7462224,76984.0
1777562307.5003948,7462955,76988.0
1777562325.9765866,7463211,76992.0
1777562360.5758598,7463708,76996.0
1777562392.7442625,7464163,77000.0
1777562414.0359712,7464459,77004.0
1777562452.5277224,7465010,77008.0
1777562485.0434575,7465475,77012.0
1777562529.226891,7466103,77016.0
1777562558.3268447,7466518,77020.0
1777562585.0347111,7466893,77024.0
1777562639.2947848,7467682,77028.0
1777562671.1548972,7468136,77032.0
1777562695.0944228,7468472,77036.0
1777562744.1380167,7469175,77040.0
1777562795.9537756,7469919,77044.0
1777562828.537799,7470386,77048.0
1777562847.9978669,7470661,77052.0
1777562879.1656404,7471108,77056.0
1777562927.81299,7471801,77060.0
1777562958.2893102,7472236,77064.0
1777562986.8249152,7472638,77068.0
1777563014.0487316,7473019,77072.0
1777563050.1006103,7473535,77076.0
1777563069.840494,7473809,77080.0
1777563104.6598284,7474306,77084.0
1777563132.0837986,7474695,77088.0
1777563171.5836556,7475262,77092.0
1777563200.4077287,7475671,77096.0
1777563235.443742,7476169,77100.0
1777563280.2590346,7476810,77104.0
1777563316.8433821,7477331,77108.0
1777563344.7947695,7477725,77112.0
1777563382.2547672,7478260,77116.0
1777563414.0026596,7478716,77120.0
1777563452.5701284,7479271,77124.0
1777563499.585742,7479939,77128.0
1777563536.6218839,7480472,77132.0
1777563568.1379972,7480921,77136.0
1777563604.5459218,7481433,77140.0
1777563635.2294714,7481867,77144.0
1777563665.473377,7482294,77148.0
1777563700.0890095,7482790,77152.0
1777563725.8327572,7483154,77156.0
1777563746.424938,7483447,77160.0
1777563793.7008798,7484119,77164.0
1777563822.7407224,7484534,77168.0
1777563845.715969,7484850,77172.0
1777563877.9998174,7485310,77176.0
1777563901.64398,7485650,77180.0
1777563926.6159315,7486003,77184.0
1777563953.3677752,7486384,77188.0
1777563998.9198353,7487030,77192.0
1777564042.8032343,7487659,77196.0
1777564087.6508007,7488294,77200.0
1777564137.726658,7489023,77204.0
1777564167.786692,7489448,77208.0
1777564199.0221953,7489893,77212.0
1777564240.753852,7490484,77216.0
1777564276.7697847,7490999,77220.0
1777564312.5977972,7491516,77224.0
1777564335.797752,7491838,77228.0
1777564370.205678,7492327,77232.0
1777564406.073546,7492842,77236.0
1777564428.897072,7493154,77240.0
1777564454.7414188,7493520,77244.0
1777564499.8328,7494167,77248.0
1777564532.5726058,7494636,77252.0
1777564559.3926604,7495019,77256.0
1777564587.5324762,7495412,77260.0
1777564619.0678349,7495859,77264.0
1777564652.0759566,7496332,77268.0
1777564680.9279556,7496737,77272.0
1777564713.3997607,7497200,77276.0
1777564759.1198428,7497848,77280.0
1777564791.7207084,7498317,77284.0
1777564821.452482,7498732,77288.0
1777564854.0641382,7499195,77292.0
1777564887.980499,7499674,77296.0
1777564924.9485817,7500205,77300.0
1777564958.6399033,7500680,77304.0
1777564992.124353,7501157,77308.0
1777565009.8318546,7501407,77312.0
1777565046.0158837,7501921,77316.0
1777565060.6997824,7502123,77320.0
1777565095.0317924,7502611,77324.0
1777565130.215832,7503113,77328.0
1777565174.9998496,7503750,77332.0
1777565207.7997231,7504213,77336.0
1777565231.6919463,7504547,77340.0
1777565270.1597576,7505102,77344.0
1777565308.0599482,7505648,77348.0
1777565333.371798,7505999,77352.0
1777565357.743714,7506335,77356.0
1777565385.6355486,7506728,77360.0
1777565427.0556774,7507323,77364.0
1777565469.7955308,7507929,77368.0
1777565504.5635822,7508421,77372.0
1777565537.7390065,7508896,77376.0
1777565572.3549159,7509392,77380.0
1777565611.6907907,7509956,77384.0
1777565636.0509596,7510295,77388.0
1777565676.1349363,7510870,77392.0
1777565719.1507742,7511480,77396.0
1777565745.210727,7511841,77400.0
1777565771.4587686,7512207,77404.0
1777565801.0025387,7512624,77408.0
1777565844.5017753,7513253,77412.0
1777565876.4338522,7513706,77416.0
1777565904.0779352,7514094,77420.0
1777565946.5778325,7514710,77424.0
1777565977.9624107,7515158,77428.0
1777566011.7296867,7515634,77432.0
1777566052.1376836,7516217,77436.0
1777566075.9894078,7516547,77440.0
1777566098.2293475,7516866,77444.0
1777566147.2809389,7517568,77448.0
1777566162.4887211,7517771,77452.0
1777566194.9728756,7518232,77456.0
1777566221.2647293,7518601,77460.0
1777566269.9322834,7519305,77464.0
1777566302.516697,7519770,77468.0
1777566322.756646,7520047,77472.0
1777566361.6238573,7520600,77476.0
1777566373.4322512,7520751,77480.0
1777566410.459741,7521279,77484.0
1777566432.992042,7521594,77488.0
1777566459.8836043,7521979,77492.0
1777566482.3598392,7522297,77496.0
1777566515.8197973,7522780,77500.0
1777566548.0517764,7523239,77504.0
1777566586.003352,7523773,77508.0
1777566612.7950885,7524148,77512.0
1777566650.5948398,7524692,77516.0
1777566664.719096,7524885,77520.0
1777566696.2787871,7525334,77524.0
1777566752.7869031,7526139,77528.0
1777566776.130397,7526464,77532.0
1777566805.9461274,7526880,77536.0
1777566824.8899899,7527136,77540.0
1777566852.766057,7527531,77544.0
1777566883.0217702,7527954,77548.0
1777566922.173749,7528513,77552.0
1777566972.7329242,7529235,77556.0
1777567000.2575362,7529624,77560.0
1777567035.724699,7530135,77564.0
1777567057.064706,7530441,77568.0
1777567096.6846056,7530994,77572.0
1777567143.0685768,7531665,77576.0
1777567168.2358181,7532015,77580.0
1777567208.4757075,7532595,77584.0
1777567251.8358128,7533217,77588.0
1777567295.1515613,7533837,77592.0
1777567317.1116936,7534143,77596.0
1777567344.7034266,7534526,77600.0
1777567383.2868025,7535084,77604.0
1777567424.486666,7535667,77608.0
1777567467.1225247,7536277,77612.0
1777567506.4384928,7536839,77616.0
1777567518.2145162,7536988,77620.0
1777567551.270493,7537459,77624.0
1777567576.5378497,7537811,77628.0
1777567619.9897246,7538436,77632.0
1777567666.9896603,7539099,77636.0
1777567691.5895321,7539442,77640.0
1777567713.7255104,7539760,77644.0
1777567743.1573393,7540176,77648.0
1777567785.3568156,7540772,77652.0
1777567817.4248414,7541222,77656.0
1777567844.3331957,7541600,77660.0
1777567883.3686805,7542160,77664.0
1777567915.5245948,7542621,77668.0
1777567944.5085945,7543027,77672.0
1777567983.3918803,7543585,77676.0
1777568002.867987,7543848,77680.0
1777568033.5116904,7544284,77684.0
1777568066.295948,7544749,77688.0
1777568103.8274643,7545290,77692.0
1777568153.9476647,7546007,77696.0
1777568181.6629472,7546399,77700.0
1777568209.386906,7546790,77704.0
1777568243.9070258,7547284,77708.0
1777568287.0708258,7547907,77712.0
1777568311.7305198,7548252,77716.0
1777568345.4667602,7548736,77720.0
1777568376.622555,7549181,77724.0
1777568401.5979116,7549528,77728.0
1777568455.5903869,7550300,77732.0
1777568477.849963,7550611,77736.0
1777568522.6341035,7551255,77740.0
1777568558.7857292,7551776,77744.0
1777568578.9574351,7552056,77748.0
1777568613.0414512,7552544,77752.0
1777568646.025403,7553009,77756.0
1777568667.5174375,7553307,77760.0
1777568695.5772974,7553709,77764.0
1777568739.0130239,7554331,77768.0
1777568776.0767577,7554856,77772.0
1777568819.6285732,7555483,77776.0
1777568834.7526927,7555689,77780.0
1777568873.7365537,7556247,77784.0
1777568918.9041433,7556893,77788.0
1777568946.9118512,7557288,77792.0
1777568978.2479434,7557732,77796.0
1777569019.4797952,7558317,77800.0
1777569051.7837527,7558777,77804.0
1777569080.007776,7559175,77808.0
1777569118.7237494,7559728,77812.0
1777569148.8835263,7560154,77816.0
1777569173.3835065,7560495,77820.0
1777569210.542838,7561031,77824.0
1777569239.6428623,7561437,77828.0
1777569273.1268167,7561919,77832.0
1777569293.8185644,7562209,77836.0
1777569311.2870145,7562454,77840.0
1777569343.810853,7562914,77844.0
1777569375.654707,7563359,77848.0
1777569401.526745,7563732,77852.0
1777569450.5462818,7564433,77856.0
1777569466.038393,7564639,77860.0
1777569507.9858406,7565241,77864.0
1777569540.7537866,7565710,77868.0
1777569578.2056496,7566243,77872.0
1777569611.0977294,7566718,77876.0
1777569638.5296235,7567096,77880.0
1777569671.5056374,7567569,77884.0
1777569706.5730858,7568060,77888.0
1777569738.3572583,7568513,77892.0
1777569783.572806,7569158,77896.0
1777569828.94108,7569804,77900.0
1777569882.9003763,7570592,77904.0
1777569925.1005325,7571192,77908.0
1777569950.1079123,7571542,77912.0
1777569978.2678337,7571938,77916.0
1777570027.4761386,7572646,77920.0
1777570062.3956552,7573149,77924.0
1777570109.5436974,7573816,77928.0
1777570139.2557461,7574241,77932.0
1777570180.5709438,7574831,77936.0
1777570244.706804,7575748,77940.0
1777570285.1387079,7576331,77944.0
1777570335.3225753,7577046,77948.0
1777570368.8588798,7577523,77952.0
1777570394.198492,7577881,77956.0
1777570441.1504931,7578550,77960.0
1777570481.533744,7579136,77964.0
1777570536.32558,7579917,77968.0
1777570568.577713,7580374,77972.0
1777570598.9337564,7580808,77976.0
1777570637.385064,7581346,77980.0
1777570685.0529492,7582040,77984.0
1777570729.8209622,7582674,77988.0
1777570765.752787,7583181,77992.0
1777570807.4046633,7583782,77996.0
1777570852.9118605,7584425,78000.0
1777570885.2717624,7584887,78004.0
1777570939.6955452,7585662,78008.0
1777570971.8709152,7586118,78012.0
1777571012.2547898,7586699,78016.0
1777571045.022806,7587167,78020.0
1777571070.946723,7587535,78024.0
1777571100.0823932,7587944,78028.0
1777571119.521853,7588214,78032.0
1777571185.2656782,7589162,78036.0
1777571220.5817084,7589662,78040.0
1777571247.2410216,7590040,78044.0
1777571285.3727863,7590584,78048.0
1777571326.8769546,7591181,78052.0
1777571373.5246596,7591847,78056.0
1777571394.9164736,7592145,78060.0
1777571431.1677694,7592660,78064.0
1777571471.784369,7593249,78068.0
1777571484.9118893,7593423,78072.0
1777571517.4195588,7593885,78076.0
1777571542.0875943,7594228,78080.0
1777571576.27968,7594714,78084.0
1777571627.1347666,7595444,78088.0
1777571670.5187988,7596068,78092.0
1777571693.462596,7596382,78096.0
1777571721.1025765,7596774,78100.0
1777571756.58642,7597282,78104.0
1777571805.7140265,7597989,78108.0
1777571845.1816835,7598550,78112.0
1777571876.0897613,7598993,78116.0
1777571904.5897613,7599394,78120.0
1777571947.7413654,7600016,78124.0
1777572002.7089667,7600803,78128.0
1777572031.2247994,7601207,78132.0
1777572060.2006102,7601618,78136.0
1777572084.8766494,7601956,78140.0
1777572129.100133,7602596,78144.0
1777572179.699899,7603316,78148.0
1777572206.783662,7603696,78152.0
1777572224.599834,7603947,78156.0
1777572251.2673984,7604321,78160.0
1777572294.1676655,7604929,78164.0
1777572331.8190014,7605467,78168.0
1777572361.5634882,7605885,78172.0
1777572397.2266552,7606393,78176.0
1777572436.1786363,7606942,78180.0
1777572471.178695,7607444,78184.0
1777572511.7144308,7608027,78188.0
1777572546.0539868,7608515,78192.0
1777572574.2900486,7608912,78196.0
1777572607.1657317,7609379,78200.0
1777572628.157613,7609675,78204.0
1777572665.3215156,7610208,78208.0
1777572691.9656694,7610584,78212.0
1777572710.8412402,7610843,78216.0
1777572761.1490073,7611570,78220.0
1777572799.6489644,7612114,78224.0
1777572827.456772,7612515,78228.0
1777572863.9406896,7613023,78232.0
1777572901.0606966,7613549,78236.0
1777572950.4762821,7614252,78240.0
1777572994.3922622,7614889,78244.0
1777573047.835954,7615662,78248.0
1777573074.1277115,7616030,78252.0
1777573101.5638535,7616422,78256.0
1777573129.1360278,7616814,78260.0
1777573153.3797212,7617161,78264.0
1777573188.6714444,7617663,78268.0
1777573207.7235148,7617928,78272.0
1777573230.2951171,7618240,78276.0
1777573268.8789663,7618794,78280.0
1777573317.7147686,7619493,78284.0
1777573360.5989625,7620104,78288.0
1777573375.6227417,7620306,78292.0
1777573422.5341904,7620985,78296.0
1777573452.4744444,7621411,78300.0
1777573503.682659,7622141,78304.0
1777573533.4940782,7622559,78308.0
1777573580.3778243,7623229,78312.0
1777573611.6416814,7623676,78316.0
1777573626.1696863,7623879,78320.0
1777573670.1013148,7624508,78324.0
1777573695.5452533,7624876,78328.0
1777573725.1212647,7625293,78332.0
1777573746.3048844,7625589,78336.0
1777573792.136692,7626237,78340.0
1777573833.7367666,7626835,78344.0
1777573870.6046798,7627358,78348.0
1777573917.9564757,7628033,78352.0
1777573952.7239578,7628521,78356.0
1777573985.280375,7628984,78360.0
1777574024.1159601,7629543,78364.0
1777574065.1996098,7630122,78368.0
1777574106.9677048,7630729,78372.0
1777574134.9157853,7631121,78376.0
1777574171.6348295,7631648,78380.0
1777574209.2755117,7632186,78384.0
1777574253.1030002,7632810,78388.0
1777574295.5669603,7633423,78392.0
1777574321.1266055,7633774,78396.0
1777574365.510365,7634408,78400.0
1777574390.6339047,7634761,78404.0
1777574417.085801,7635141,78408.0
1777574456.0019248,7635692,78412.0
1777574496.2217212,7636269,78416.0
1777574508.5537066,7636438,78420.0
1777574531.7457178,7636763,78424.0
1777574571.4451237,7637327,78428.0
1777574602.897049,7637773,78432.0
1777574658.5210416,7638579,78436.0
1777574680.232615,7638877,78440.0
1777574719.1486928,7639436,78444.0
1777574763.1004791,7640060,78448.0
1777574799.416115,7640575,78452.0
1777574838.3242166,7641135,78456.0
1777574857.899769,7641401,78460.0
1777574909.023951,7642134,78464.0
1777574949.1756127,7642710,78468.0
1777574969.5996535,7642990,78472.0
1777575014.5188978,7643636,78476.0
1777575054.210864,7644201,78480.0
1777575075.0270264,7644498,78484.0
1777575103.8626208,7644903,78488.0
1777575131.8346574,7645294,78492.0
1777575187.362741,7646090,78496.0
1777575214.2545009,7646471,78500.0
1777575245.2545748,7646908,78504.0
1777575268.4141014,7647231,78508.0
1777575319.646588,7647970,78512.0
1777575361.1455984,7648564,78516.0
1777575390.9296386,7648983,78520.0
1777575407.2577162,7649216,78524.0
1777575434.3977013,7649594,78528.0
1777575460.5577743,7649958,78532.0
1777575487.8094501,7650342,78536.0
1777575510.016828,7650648,78540.0
1777575553.4488702,7651276,78544.0
1777575601.0167518,7651955,78548.0
1777575625.1247365,7652294,78552.0
1777575661.8766854,7652816,78556.0
1777575699.628538,7653360,78560.0
1777575725.1522512,7653719,78564.0
1777575761.2677667,7654236,78568.0
1777575789.5597525,7654636,78572.0
1777575833.219836,7655267,78576.0
1777575855.5116339,7655571,78580.0
1777575871.287718,7655786,78584.0
1777575898.52761,7656164,78588.0
1777575943.2468383,7656809,78592.0
1777575981.846984,7657362,78596.0
1777576019.9469154,7657899,78600.0
1777576052.062579,7658356,78604.0
1777576098.6667397,7659026,78608.0
1777576129.1904848,7659464,78612.0
1777576167.7503295,7660003,78616.0
1777576178.6664152,7660149,78620.0
1777576220.3979287,7660753,78624.0
1777576245.2101398,7661094,78628.0
1777576268.2020092,7661414,78632.0
1777576305.933718,7661949,78636.0
1777576334.0335171,7662348,78640.0
1777576367.460902,7662826,78644.0
1777576417.5687299,7663546,78648.0
1777576455.3927586,7664091,78652.0
1777576492.9287114,7664628,78656.0
1777576531.0765698,7665167,78660.0
1777576566.4600089,7665672,78664.0
1777576600.6639144,7666164,78668.0
1777576632.2881625,7666608,78672.0
1777576645.4484472,7666790,78676.0
1777576676.2880557,7667225,78680.0
1777576717.4556506,7667817,78684.0
1777576754.6711276,7668347,78688.0
1777576798.1232905,7668967,78692.0
1777576833.123014,7669466,78696.0
1777576859.7670505,7669846,78700.0
1777576898.2986555,7670399,78704.0
1777576920.8827343,7670712,78708.0
1777576939.9827259,7670982,78712.0
1777576978.1665525,7671519,78716.0
1777577002.242532,7671863,78720.0
1777577036.9581063,7672352,78724.0
1777577073.6098275,7672876,78728.0
1777577108.0097356,7673364,78732.0
1777577125.3256624,7673607,78736.0
1777577164.1777458,7674157,78740.0
1777577192.7454424,7674564,78744.0
1777577226.484851,7675040,78748.0
1777577269.9969435,7675669,78752.0
1777577320.5969138,7676395,78756.0
1777577366.228573,7677049,78760.0
1777577420.7724683,7677834,78764.0
1777577454.1718495,7678313,78768.0
1777577482.195759,7678701,78772.0
1777577520.9154398,7679251,78776.0
1777577544.2076738,7679586,78780.0
1777577576.491571,7680045,78784.0
1777577617.3914297,7680618,78788.0
1777577662.7433941,7681274,78792.0
1777577696.590729,7681752,78796.0
1777577722.0347652,7682109,78800.0
1777577769.2346828,7682785,78804.0
1777577806.150591,7683315,78808.0
1777577853.109912,7683979,78812.0
1777577893.2859573,7684552,78816.0
1777577916.5537958,7684875,78820.0
1777577955.1777027,7685431,78824.0
1777577981.8618987,7685806,78828.0
1777578005.637557,7686143,78832.0
1777578026.197426,7686433,78836.0
1777578069.312901,7687044,78840.0
1777578110.1969213,7687631,78844.0
1777578144.5287697,7688121,78848.0
1777578178.4646626,7688601,78852.0
1777578225.6804368,7689275,78856.0
1777578260.5159755,7689772,78860.0
1777578320.808178,7690643,78864.0
1777578347.2837787,7691014,78868.0
1777578379.139745,7691469,78872.0
1777578421.4356143,7692066,78876.0
1777578445.0594811,7692404,78880.0
1777578474.0508497,7692812,78884.0
1777578507.0510144,7693283,78888.0
1777578540.8745935,7693761,78892.0
1777578587.0344949,7694426,78896.0
1777578613.378665,7694797,78900.0
1777578649.8786063,7695322,78904.0
1777578678.1019104,7695719,78908.0
1777578714.4699452,7696243,78912.0
1777578762.0377557,7696917,78916.0
1777578791.9536688,7697338,78920.0
1777578836.2377656,7697977,78924.0
1777578871.873384,7698479,78928.0
1777578911.6049304,7699043,78932.0
1777578946.296663,7699536,78936.0
1777578975.0326765,7699938,78940.0
1777579016.5806506,7700538,78944.0
1777579043.4246995,7700921,78948.0
1777579069.9565823,7701293,78952.0
1777579092.9006379,7701615,78956.0
1777579121.724351,7702026,78960.0
1777579157.776552,7702541,78964.0
1777579182.5005,7702885,78968.0
1777579211.4197516,7703288,78972.0
1777579251.4520426,7703861,78976.0
1777579268.9116595,7704094,78980.0
1777579308.103733,7704659,78984.0
1777579358.2634668,7705381,78988.0
1777579392.8115516,7705879,78992.0
1777579419.2714274,7706248,78996.0
1777579448.0474362,7706656,79000.0
1777579500.9709282,7707414,79004.0
1777579545.67083,7708057,79008.0
1777579555.862747,7708198,79012.0
1777579603.9150121,7708874,79016.0
1777579644.550453,7709456,79020.0
1777579673.3584812,7709863,79024.0
1777579705.6903577,7710320,79028.0
1777579727.7818615,7710626,79032.0
1777579792.6737452,7711568,79036.0
1777579819.9095507,7711956,79040.0
1777579860.9620717,7712536,79044.0
1777579900.609673,7713106,79048.0
1777579940.3614526,7713670,79052.0
1777579977.1375282,7714201,79056.0
1777580008.5852928,7714650,79060.0
1777580043.7050257,7715145,79064.0
1777580074.9807513,7715586,79068.0
1777580111.7127826,7716107,79072.0
1777580130.704759,7716371,79076.0
1777580162.5883281,7716828,79080.0
1777580203.9885106,7717422,79084.0
1777580256.8241594,7718185,79088.0
1777580288.5925932,7718637,79092.0
1777580320.7837214,7719087,79096.0
1777580346.067551,7719442,79100.0
1777580394.467611,7720142,79104.0
1777580420.575455,7720507,79108.0
1777580469.5508296,7721203,79112.0
1777580526.6588383,7722022,79116.0
1777580537.9108949,7722179,79120.0
1777580565.718672,7722572,79124.0
1777580608.1786144,7723183,79128.0
1777580646.794454,7723727,79132.0
1777580672.5862784,7724090,79136.0
1777580704.3704665,7724539,79140.0
1777580747.5778978,7725161,79144.0
1777580781.2775927,7725637,79148.0
1777580819.1616964,7726179,79152.0
1777580865.7135234,7726838,79156.0
1777580911.8409612,7727494,79160.0
1777580935.8334355,7727839,79164.0
1777580962.2411177,7728205,79168.0
1777581002.3328667,7728773,79172.0
1777581016.5326872,7728971,79176.0
1777581023.4326982,7729063,79180.0
1777581063.7085881,7729632,79184.0
1777581082.1764956,7729895,79188.0
1777581136.2519224,7730674,79192.0
1777581185.1837606,7731370,79196.0
1777581219.1996,7731859,79200.0
1777581261.2028527,7732462,79204.0
1777581288.3752277,7732847,79208.0
1777581334.5269575,7733502,79212.0
1777581365.2947156,7733932,79216.0
1777581385.218587,7734218,79220.0
1777581433.8179646,7734912,79224.0
1777581455.6539338,7735209,79228.0
1777581492.5458934,7735737,79232.0
1777581521.4975567,7736147,79236.0
1777581546.069817,7736492,79240.0
1777581571.9137025,7736859,79244.0
1777581594.1053705,7737172,79248.0
1777581629.9048288,7737677,79252.0
1777581680.0488348,7738393,79256.0
1777581692.6810665,7738554,79260.0
1777581727.4966924,7739056,79264.0
1777581769.816433,7739658,79268.0
1777581802.8845608,7740128,79272.0
1777581867.040046,7741051,79276.0
1777581898.6679413,7741500,79280.0
1777581939.307606,7742075,79284.0
1777581968.851423,7742486,79288.0
1777581986.4750779,7742733,79292.0
1777582034.6593924,7743418,79296.0
1777582063.894666,7743830,79300.0
1777582103.1186905,7744391,79304.0
1777582160.5625443,7745221,79308.0
1777582207.3863177,7745891,79312.0
1777582245.677902,7746438,79316.0
1777582279.5617716,7746921,79320.0
1777582323.8296263,7747552,79324.0
1777582352.7294867,7747961,79328.0
1777582393.8968012,7748552,79332.0
1777582422.040936,7748942,79336.0
1777582460.840968,7749497,79340.0
1777582485.7809205,7749841,79344.0
1777582528.1165092,7750450,79348.0
1777582571.8765051,7751067,79352.0
1777582603.9998991,7751520,79356.0
1777582650.451998,7752191,79360.0
1777582689.8841968,7752748,79364.0
1777582727.3997285,7753286,79368.0
1777582765.635718,7753825,79372.0
1777582780.19568,7754022,79376.0
1777582815.4795249,7754526,79380.0
1777582843.0189703,7754917,79384.0
1777582880.0347795,7755443,79388.0
1777582903.0470245,7755762,79392.0
1777582937.5104425,7756255,79396.0
1777582968.186551,7756686,79400.0
1777583014.6064076,7757346,79404.0
1777583048.3905044,7757827,79408.0
1777583084.6739423,7758346,79412.0
1777583124.9736226,7758923,79416.0
1777583146.0981865,7759209,79420.0
1777583181.6658552,7759719,79424.0
1777583232.0180185,7760438,79428.0
1777583266.0017226,7760921,79432.0
1777583302.7176857,7761449,79436.0
1777583345.8336387,7762053,79440.0
1777583393.501291,7762743,79444.0
1777583419.0776901,7763101,79448.0
1777583452.6935804,7763583,79452.0
1777583494.813157,7764173,79456.0
1777583525.1447248,7764610,79460.0
1777583563.3449218,7765154,79464.0
1777583590.1049736,7765535,79468.0
1777583626.6371102,7766055,79472.0
1777583644.1486948,7766297,79476.0
1777583669.0887325,7766649,79480.0
1777583715.3724673,7767313,79484.0
1777583771.4165127,7768120,79488.0
1777583797.3562284,7768478,79492.0
1777583825.8397834,7768875,79496.0
1777583850.6157217,7769234,79500.0
1777583885.6327171,7769732,79504.0
1777583924.6239088,7770283,79508.0
1777583975.736007,7771026,79512.0
1777584032.527482,7771846,79516.0
1777584067.1791992,7772326,79520.0
1777584098.502717,7772773,79524.0
1777584152.8629613,7773562,79528.0
1777584205.978804,7774320,79532.0
1777584238.0307562,7774776,79536.0
1777584267.306784,7775191,79540.0
1777584291.2065754,7775527,79544.0
1777584310.3465462,7775792,79548.0
1777584339.7539823,7776202,79552.0
1777584382.705958,7776824,79556.0
1777584421.0899577,7777376,79560.0
1777584447.6818037,7777752,79564.0
1777584489.8499782,7778356,79568.0
1777584519.0816033,7778771,79572.0
1777584544.1733327,7779129,79576.0
1777584576.0773458,7779581,79580.0
1777584618.9613826,7780183,79584.0
1777584670.3370752,7780910,79588.0
1777584699.7446237,7781330,79592.0
1777584737.5448415,7781867,79596.0
1777584753.8126378,7782097,79600.0
1777584788.3762553,7782588,79604.0
1777584838.6202548,7783311,79608.0
1777584864.5439343,7783673,79612.0
1777584904.2119305,7784249,79616.0
1777584928.903649,7784587,79620.0
1777584970.503738,7785186,79624.0
1777585002.9396603,7785643,79628.0
1777585036.899299,7786130,79632.0
1777585070.4828641,7786603,79636.0
1777585101.1673713,7787035,79640.0
1777585147.9828985,7787710,79644.0
1777585182.950716,7788199,79648.0
1777585216.4741616,7788681,79652.0
1777585241.0738611,7789029,79656.0
1777585282.809811,7789632,79660.0
1777585326.557742,7790262,79664.0
1777585360.5334198,7790744,79668.0
1777585385.3695374,7791096,79672.0
1777585440.03711,7791876,79676.0
1777585472.684749,7792344,79680.0
1777585513.5845735,7792921,79684.0
1777585557.0881097,7793546,79688.0
1777585603.9118874,7794208,79692.0
1777585640.0277371,7794724,79696.0
1777585671.4195578,7795170,79700.0
1777585700.7794964,7795584,79704.0
1777585735.6474273,7796083,79708.0
1777585777.714655,7796688,79712.0
1777585809.0987659,7797135,79716.0
1777585859.1826992,7797854,79720.0
1777585891.4305284,7798313,79724.0
1777585919.073823,7798705,79728.0
1777585942.5341141,7799032,79732.0
1777585974.5338557,7799484,79736.0
1777586021.9815803,7800168,79740.0
1777586052.1016207,7800593,79744.0
1777586080.0575285,7800993,79748.0
1777586129.0768013,7801688,79752.0
1777586153.4250069,7802025,79756.0
1777586185.6011407,7802486,79760.0
1777586214.3207538,7802894,79764.0
1777586245.0766504,7803331,79768.0
1777586275.7125676,7803765,79772.0
1777586324.1284401,7804457,79776.0
1777586345.5885453,7804764,79780.0
1777586385.0717814,7805322,79784.0
1777586407.8635511,7805650,79788.0
1777586436.811706,7806062,79792.0
1777586469.903722,7806532,79796.0
1777586515.1232562,7807175,79800.0
1777586568.014936,7807938,79804.0
1777586612.0149212,7808573,79808.0
1777586655.8428535,7809194,79812.0
1777586691.3824484,7809697,79816.0
1777586710.7062924,7809969,79820.0
1777586744.6902308,7810443,79824.0
1777586773.1340837,7810849,79828.0
1777586827.209732,7811634,79832.0
1777586855.1337817,7812024,79836.0
1777586897.9095592,7812632,79840.0
1777586948.0612276,7813363,79844.0
1777586994.5768065,7814026,79848.0
1777587022.0447495,7814416,79852.0
1777587065.296704,7815041,79856.0
1777587090.9885917,7815400,79860.0
1777587128.120382,7815935,79864.0
1777587152.212002,7816268,79868.0
1777587191.048031,7816822,79872.0
1777587215.4877806,7817166,79876.0
1777587223.1161807,7817258,79880.0
1777587243.5156322,7817551,79884.0
1777587289.807841,7818209,79888.0
1777587327.055501,7818747,79892.0
1777587358.783654,7819192,79896.0
1777587377.591467,7819455,79900.0
1777587409.959368,7819915,79904.0
1777587433.735308,7820248,79908.0
1777587481.635005,7820938,79912.0
1777587510.8353224,7821350,79916.0
1777587534.4949524,7821678,79920.0
1777587572.2107549,7822220,79924.0
1777587611.7627525,7822784,79928.0
1777587635.802644,7823124,79932.0
1777587670.1185188,7823611,79936.0
1777587703.394409,7824084,79940.0
1777587731.0303922,7824482,79944.0
1777587782.029743,7825206,79948.0
1777587812.4617965,7825634,79952.0
1777587860.9656847,7826327,79956.0
1777587905.997574,7826975,79960.0
1777587930.4736898,7827314,79964.0
1777587986.7168424,7828123,79968.0
1777588016.500911,7828541,79972.0
1777588042.6249,7828906,79976.0
1777588066.857025,7829247,79980.0
1777588125.3927777,7830093,79984.0
1777588155.3926907,7830520,79988.0
1777588191.6085174,7831038,79992.0
1777588224.8518827,7831510,79996.0
1777588268.4358706,7832132,80000.0
1777588312.7203212,7832765,80004.0
1777588346.6037502,7833247,80008.0
1777588371.063651,7833590,80012.0
1777588408.2955139,7834123,80016.0
1777588440.7638438,7834583,80020.0
1777588483.162809,7835191,80024.0
1777588518.8872066,7835696,80028.0
1777588553.8547523,7836193,80032.0
1777588595.0227041,7836785,80036.0
1777588610.1666677,7836990,80040.0
1777588650.350355,7837571,80044.0
1777588679.9418259,7837989,80048.0
1777588724.9499567,7838629,80052.0
1777588771.9176462,7839305,80056.0
1777588792.92571,7839593,80060.0
1777588823.0014951,7840022,80064.0
1777588840.2096372,7840263,80068.0
1777588873.261448,7840735,80072.0
1777588897.601408,7841071,80076.0
1777588944.253103,7841731,80080.0
1777588969.401122,7842089,80084.0
1777589000.7129006,7842526,80088.0
1777589030.6768494,7842950,80092.0
1777589066.9127069,7843469,80096.0
1777589096.4885318,7843885,80100.0
1777589131.3559947,7844383,80104.0
1777589171.3719108,7844962,80108.0
1777589199.8479795,7845360,80112.0
1777589227.3558052,7845747,80116.0
1777589269.4638863,7846342,80120.0
1777589301.5912006,7846801,80124.0
1777589342.8750405,7847389,80128.0
1777589373.6753435,7847827,80132.0
1777589393.9153428,7848102,80136.0
1777589432.550664,7848662,80140.0
1777589485.2987127,7849421,80144.0
1777589530.0021846,7850061,80148.0
1777589551.8338923,7850364,80152.0
1777589601.7699106,7851076,80156.0
1777589617.0259554,7851291,80160.0
1777589657.3616967,7851864,80164.0
1777589676.3857467,7852134,80168.0
1777589701.293805,7852482,80172.0
1777589737.0455952,7852991,80176.0
1777589775.0449834,7853537,80180.0
1777589808.6892366,7854009,80184.0
1777589849.9730515,7854594,80188.0
1777589878.4224584,7855000,80192.0
1777589910.5126321,7855452,80196.0
1777589920.8404098,7855593,80200.0
1777589982.7324564,7856487,80204.0
1777590013.488141,7856919,80208.0
1777590045.1920571,7857368,80212.0
1777590066.9637885,7857671,80216.0
1777590100.467697,7858141,80220.0
1777590122.9395134,7858456,80224.0
1777590154.851486,7858906,80228.0
1777590203.7070472,7859597,80232.0
1777590237.1188364,7860071,80236.0
1777590255.9593794,7860338,80240.0
1777590297.9265296,7860930,80244.0
1777590322.294782,7861274,80248.0
1777590342.4502769,7861563,80252.0
1777590381.8703463,7862118,80256.0
1777590397.954595,7862341,80260.0
1777590412.2943716,7862536,80264.0
1777590442.9459765,7862967,80268.0
1777590477.7379513,7863463,80272.0
1777590529.9137862,7864204,80276.0
1777590553.253714,7864537,80280.0
1777590602.0535414,7865234,80284.0
1777590639.6894388,7865773,80288.0
1777590672.005358,7866229,80292.0
1777590701.2814145,7866640,80296.0
1777590723.6888986,7866950,80300.0
1777590778.9007554,7867744,80304.0
1777590806.6327229,7868135,80308.0
1777590845.8084898,7868689,80312.0
1777590883.107885,7869224,80316.0
1777590914.4598818,7869666,80320.0
1777590956.2919424,7870261,80324.0
1777590992.77594,7870781,80328.0
1777591020.603616,7871168,80332.0
1777591047.1756468,7871547,80336.0
1777591079.5273554,7872011,80340.0
1777591137.419002,7872844,80344.0
1777591169.8266847,7873307,80348.0
1777591207.3627675,7873844,80352.0
1777591247.6465898,7874419,80356.0
1777591275.0461495,7874808,80360.0
1777591303.190544,7875204,80364.0
1777591331.6984844,7875608,80368.0
1777591359.2985127,7875997,80372.0
1777591383.5746663,7876337,80376.0
1777591423.4427266,7876905,80380.0
1777591442.9664552,7877175,80384.0
1777591484.1978984,7877768,80388.0
1777591528.1658504,7878395,80392.0
1777591571.5177984,7879019,80396.0
1777591582.2103035,7879160,80400.0
1777591618.1940224,7879672,80404.0
1777591667.3936446,7880386,80408.0
1777591717.3537877,7881097,80412.0
1777591757.3616693,7881663,80416.0
1777591781.677771,7882008,80420.0
1777591809.5894518,7882404,80424.0
1777591836.645646,7882782,80428.0
1777591863.445471,7883157,80432.0
1777591887.488906,7883486,80436.0
1777591960.2054615,7884538,80440.0
1777591985.2327948,7884893,80444.0
1777592024.0648084,7885451,80448.0
1777592057.1727884,7885921,80452.0
1777592110.9686348,7886689,80456.0
1777592138.976709,7887080,80460.0
1777592184.3362863,7887733,80464.0
1777592203.444517,7888005,80468.0
1777592248.491756,7888642,80472.0
1777592287.8440988,7889198,80476.0
1777592311.6039145,7889525,80480.0
1777592341.5797672,7889945,80484.0
1777592387.019903,7890601,80488.0
1777592411.8797412,7890949,80492.0
1777592441.7876194,7891371,80496.0
1777592501.2149222,7892225,80500.0
1777592535.1473753,7892707,80504.0
1777592569.1831303,7893195,80508.0
1777592598.2747138,7893601,80512.0
1777592613.0825636,7893796,80516.0
1777592638.5906987,7894153,80520.0
1777592666.498739,7894549,80524.0
1777592704.0501838,7895081,80528.0
1777592760.3742983,7895888,80532.0
1777592788.7823756,7896274,80536.0
1777592818.2022455,7896689,80540.0
1777592847.0701766,7897102,80544.0
1777592896.7017026,7897815,80548.0
1777592942.9014971,7898465,80552.0
1777592979.1014569,7898984,80556.0
1777593023.6453767,7899617,80560.0
1777593060.9692764,7900153,80564.0
1777593093.1969934,7900611,80568.0
1777593133.9048893,7901190,80572.0
1777593163.9486215,7901613,80576.0
1777593192.5404098,7902011,80580.0
1777593262.9403176,7903025,80584.0
1777593297.8922472,7903528,80588.0
1777593355.9916782,7904362,80592.0
1777593375.5156622,7904641,80596.0
1777593423.7595057,7905328,80600.0
1777593478.9509335,7906122,80604.0
1777593513.3268251,7906615,80608.0
1777593540.1941938,7906992,80612.0
1777593561.566549,7907297,80616.0
1777593588.925921,7907683,80620.0
1777593638.777652,7908399,80624.0
1777593669.3093345,7908830,80628.0
1777593717.0291643,7909509,80632.0
1777593736.2370737,7909778,80636.0
1777593754.092955,7910019,80640.0
1777593789.844619,7910533,80644.0
1777593834.420275,7911174,80648.0
1777593874.164141,7911741,80652.0
1777593911.9640455,7912279,80656.0
1777593943.795766,7912729,80660.0
1777593984.5634165,7913316,80664.0
1777594002.6312494,7913566,80668.0
1777594032.8467915,7913993,80672.0
1777594052.9068577,7914271,80676.0
1777594084.7828393,7914716,80680.0
1777594113.530716,7915122,80684.0
1777594157.0985713,7915746,80688.0
1777594193.481826,7916264,80692.0
1777594209.025937,7916474,80696.0
1777594232.6499949,7916803,80700.0
1777594265.1903698,7917265,80704.0
1777594293.2738245,7917662,80708.0
1777594330.9417255,7918197,80712.0
1777594357.217688,7918567,80716.0
1777594387.4929328,7918989,80720.0
1777594419.7767487,7919452,80724.0
1777594468.8287427,7920149,80728.0
1777594519.868715,7920885,80732.0
1777594552.3519082,7921350,80736.0
1777594577.6280053,7921705,80740.0
1777594608.1719427,7922141,80744.0
1777594634.220004,7922506,80748.0
1777594656.911736,7922819,80752.0
1777594688.1716013,7923269,80756.0
1777594741.41532,7924035,80760.0
1777594775.9468188,7924528,80764.0
1777594824.9149904,7925240,80768.0
1777594865.598725,7925814,80772.0
1777594902.2145402,7926336,80776.0
1777594919.7907753,7926580,80780.0
1777594931.022742,7926728,80784.0
1777594964.4899623,7927205,80788.0
1777595013.4581003,7927913,80792.0
1777595064.4340286,7928646,80796.0
1777595098.7853851,7929134,80800.0
1777595119.1616018,7929414,80804.0
1777595153.4170642,7929900,80808.0
1777595170.544766,7930131,80812.0
1777595204.3449786,7930611,80816.0
1777595241.4930313,7931140,80820.0
1777595268.905195,7931529,80824.0
1777595292.9766006,7931866,80828.0
1777595323.8804371,7932300,80832.0
1777595346.2524245,7932624,80836.0
1777595377.6444662,7933068,80840.0
1777595415.363824,7933601,80844.0
1777595443.4126925,7933991,80848.0
1777595480.4723432,7934520,80852.0
1777595515.0724504,7935014,80856.0
1777595535.3163295,7935291,80860.0
1777595577.247842,7935897,80864.0
1777595605.0479314,7936290,80868.0
1777595626.3920217,7936587,80872.0
1777595659.015983,7937049,80876.0
1777595693.4518647,7937543,80880.0
1777595729.3199735,7938054,80884.0
1777595781.5038497,7938800,80888.0
1777595815.851743,7939291,80892.0
1777595861.2717571,7939943,80896.0
1777595889.071702,7940342,80900.0
1777595933.9195912,7940976,80904.0
1777595975.0555186,7941566,80908.0
1777595999.7629473,7941907,80912.0
1777596033.2994452,7942384,80916.0
1777596055.0553367,7942691,80920.0
1777596091.0749688,7943204,80924.0
1777596124.1828976,7943669,80928.0
1777596150.582797,7944040,80932.0
1777596180.6589146,7944466,80936.0
1777596211.859092,7944903,80940.0
1777596234.7187266,7945220,80944.0
1777596263.858669,7945634,80948.0
1777596285.6669645,7945937,80952.0
1777596319.38647,7946412,80956.0
1777596356.9498036,7946945,80960.0
1777596370.8863316,7947142,80964.0
1777596405.9098141,7947637,80968.0
1777596433.4379299,7948025,80972.0
1777596451.1699777,7948271,80976.0
1777596493.0538487,7948871,80980.0
1777596535.7294888,7949480,80984.0
1777596567.0536046,7949920,80988.0
1777596608.8374693,7950521,80992.0
1777596633.613221,7950866,80996.0
1777596671.0814092,7951405,81000.0
1777596733.0888946,7952297,81004.0
1777596774.1566799,7952878,81008.0
1777596804.6567636,7953308,81012.0
1777596830.9766452,7953676,81016.0
1777596860.5003264,7954094,81020.0
1777596927.0078714,7955054,81024.0
1777596962.8441024,7955564,81028.0
1777596993.25151,7955993,81032.0
1777597016.2117558,7956307,81036.0
1777597051.4757307,7956812,81040.0
1777597105.703477,7957589,81044.0
1777597138.7631645,7958060,81048.0
1777597184.1714401,7958711,81052.0
1777597214.9314368,7959148,81056.0
1777597250.1626499,7959637,81060.0
1777597283.014699,7960103,81064.0
1777597314.7545989,7960552,81068.0
1777597357.5059512,7961160,81072.0
1777597385.1063688,7961551,81076.0
1777597419.5139217,7962040,81080.0
1777597451.4977975,7962498,81084.0
1777597494.417759,7963105,81088.0
1777597535.733696,7963692,81092.0
1777597566.9854076,7964137,81096.0
1777597594.6573398,7964528,81100.0
1777597632.3769326,7965066,81104.0
1777597658.8848739,7965447,81108.0
1777597681.5248144,7965753,81112.0
1777597719.6767087,7966302,81116.0
1777597762.460701,7966910,81120.0
1777597792.8767188,7967344,81124.0
1777597823.8208961,7967776,81128.0
1777597851.8885071,7968174,81132.0
1777597871.6118345,7968451,81136.0
1777597898.5559456,7968831,81140.0
1777597914.4120617,7969049,81144.0
1777597936.940016,7969363,81148.0
1777597964.847955,7969770,81152.0
1777598013.1557748,7970456,81156.0
1777598038.4317303,7970812,81160.0
1777598059.7393188,7971108,81164.0
1777598084.663336,7971464,81168.0
1777598121.4472837,7971982,81172.0
1777598154.6309469,7972450,81176.0
1777598191.6906712,7972982,81180.0
1777598232.1067677,7973567,81184.0
1777598273.1268036,7974143,81188.0
1777598294.0026102,7974442,81192.0
1777598323.9863296,7974866,81196.0
1777598361.302763,7975398,81200.0
1777598391.8258882,7975831,81204.0
1777598433.5100057,7976431,81208.0
1777598481.1016555,7977113,81212.0
1777598512.2054448,7977559,81216.0
1777598555.3134868,7978178,81220.0
1777598576.413573,7978474,81224.0
1777598614.7728417,7979020,81228.0
1777598649.5376086,7979510,81232.0
1777598674.4288857,7979856,81236.0
1777598714.9968133,7980434,81240.0
1777598754.8487146,7980999,81244.0
1777598774.908721,7981286,81248.0
1777598801.6405509,7981655,81252.0
1777598826.6998882,7982005,81256.0
1777598856.1244698,7982416,81260.0
1777598893.1243734,7982949,81264.0
1777598927.7916481,7983433,81268.0
1777598959.0918176,7983876,81272.0
1777598989.7996833,7984309,81276.0
1777599027.451337,7984845,81280.0
1777599071.6188362,7985480,81284.0
1777599105.034963,7985950,81288.0
1777599127.2950916,7986259,81292.0
1777599150.7546256,7986583,81296.0
1777599191.202817,7987164,81300.0
1777599237.6545773,7987825,81304.0
1777599289.5303652,7988567,81308.0
1777599326.2061176,7989087,81312.0
1777599370.3141189,7989719,81316.0
1777599406.9738855,7990242,81320.0
1777599436.9737654,7990667,81324.0
1777599470.6736796,7991135,81328.0
1777599515.209662,7991769,81332.0
1777599540.9013047,7992129,81336.0
1777599576.1485207,7992629,81340.0
1777599610.8325815,7993125,81344.0
1777599655.3680186,7993750,81348.0
1777599688.3076756,7994218,81352.0
1777599722.307699,7994699,81356.0
1777599754.3109896,7995157,81360.0
1777599803.4111145,7995855,81364.0
1777599836.6267564,7996324,81368.0
1777599866.2344942,7996743,81372.0
1777599886.0624974,7997023,81376.0
1777599925.5463543,7997576,81380.0
1777599976.92159,7998319,81384.0
1777600017.2535677,7998892,81388.0
1777600040.7613156,7999214,81392.0
1777600064.8368003,7999559,81396.0
1777600089.797242,7999904,81400.0
1777600132.9967947,8000524,81404.0
1777600176.4127338,8001088,81408.0
1777600208.9967415,8001554,81412.0
1777600244.248103,8002055,81416.0
1777600258.3400328,8002245,81420.0
1777600295.0318751,8002768,81424.0
1777600325.663753,8003202,81428.0
1777600356.139594,8003635,81432.0
1777600391.107582,8004132,81436.0
1777600416.4667966,8004484,81440.0
1777600437.6429474,8004779,81444.0
1777600463.9908533,8005148,81448.0
1777600510.2590332,8005811,81452.0
1777600555.226651,8006450,81456.0
1777600581.977878,8006830,81460.0
1777600610.9625525,8007243,81464.0
1777600638.2937534,8007633,81468.0
1777600667.4938934,8008040,81472.0
1777600718.5296483,8008767,81476.0
1777600748.845116,8009199,81480.0
1777600809.1531765,8010070,81484.0
1777600833.3809805,8010406,81488.0
1777600866.2808647,8010877,81492.0
1777600908.6126754,8011480,81496.0
1777600935.3046725,8011858,81500.0
1777600966.904013,8012306,81504.0
1777600993.5637825,8012678,81508.0
1777601027.8320029,8013161,81512.0
1777601045.115581,8013396,81516.0
1777601073.547615,8013802,81520.0
1777601087.7558944,8013998,81524.0
1777601125.9833722,8014540,81528.0
1777601168.7749157,8015155,81532.0
1777601202.4829838,8015639,81536.0
1777601231.0830586,8016039,81540.0
1777601258.9427683,8016432,81544.0
1777601290.7746606,8016876,81548.0
1777601326.766544,8017390,81552.0
1777601351.7025127,8017737,81556.0
1777601375.6419358,8018073,81560.0
1777601402.6338584,8018457,81564.0
1777601438.9018226,8018969,81568.0
1777601468.1855836,8019383,81572.0
1777601496.0614195,8019772,81576.0
1777601516.2855048,8020049,81580.0
1777601565.1050208,8020755,81584.0
1777601590.845445,8021120,81588.0
1777601623.5131116,8021587,81592.0
1777601672.5489488,8022287,81596.0
1777601713.233144,8022875,81600.0
1777601746.0647795,8023342,81604.0
1777601792.832624,8024007,81608.0
1777601821.064489,8024404,81612.0
1777601839.1398752,8024662,81616.0
1777601869.5999558,8025088,81620.0
1777601909.1002963,8025649,81624.0
1777601936.3077621,8026033,81628.0
1777601967.527761,8026477,81632.0
1777602003.7276967,8026989,81636.0
1777602036.351607,8027456,81640.0
1777602067.9355407,8027904,81644.0
1777602117.2029033,8028609,81648.0
1777602143.9030058,8028986,81652.0
1777602192.5867515,8029689,81656.0
1777602213.5467324,8029978,81660.0
1777602266.7546704,8030747,81664.0
1777602287.8625283,8031044,81668.0
1777602318.4383569,8031477,81672.0
1777602357.1218977,8032021,81676.0
1777602383.4219093,8032392,81680.0
1777602418.2418435,8032885,81684.0
1777602445.5655255,8033273,81688.0
1777602494.0175312,8033970,81692.0
1777602513.5735025,8034236,81696.0
1777602547.6733592,8034719,81700.0
1777602580.748889,8035192,81704.0
1777602612.1331174,8035633,81708.0
1777602647.1846833,8036138,81712.0
1777602669.9606698,8036446,81716.0
1777602700.5683336,8036879,81720.0
1777602737.8359969,8037412,81724.0
1777602762.9439662,8037763,81728.0
1777602791.4599564,8038161,81732.0
1777602827.535733,8038677,81736.0
1777602857.203968,8039096,81740.0
1777602891.819743,8039591,81744.0
1777602935.1556833,8040202,81748.0
1777602963.010786,8040593,81752.0
1777602994.4790213,8041034,81756.0
1777603015.9548845,8041333,81760.0
1777603053.22302,8041866,81764.0
1777603089.7151217,8042387,81768.0
1777603127.214302,8042925,81772.0
1777603167.8663118,8043501,81776.0
1777603186.2420042,8043760,81780.0
1777603221.8740408,8044273,81784.0
1777603244.2978997,8044583,81788.0
1777603281.0020726,8045104,81792.0
1777603338.2776816,8045922,81796.0
1777603371.7852893,8046396,81800.0
1777603408.693453,8046922,81804.0
1777603447.7693744,8047474,81808.0
1777603487.7847085,8048044,81812.0
1777603528.6527066,8048621,81816.0
1777603565.636642,8049152,81820.0
1777603609.0204916,8049781,81824.0
1777603662.5282722,8050544,81828.0
1777603702.8803244,8051120,81832.0
1777603737.7398593,8051606,81836.0
1777603766.4717703,8052012,81840.0
1777603799.7720642,8052488,81844.0
1777603838.0999162,8053033,81848.0
1777603881.507803,8053657,81852.0
1777603899.691788,8053902,81856.0
1777603936.891674,8054437,81860.0
1777603966.2436376,8054852,81864.0
1777603995.2836642,8055265,81868.0
1777604031.051559,8055777,81872.0
1777604065.7029045,8056266,81876.0
1777604079.3033304,8056451,81880.0
1777604125.0268471,8057100,81884.0
1777604148.9869401,8057442,81888.0
1777604217.6547155,8058421,81892.0
1777604240.7867358,8058751,81896.0
1777604268.4545822,8059143,81900.0
1777604290.178758,8059450,81904.0
1777604325.3226042,8059955,81908.0
1777604353.9063616,8060363,81912.0
1777604393.5222607,8060932,81916.0
1777604417.8303769,8061277,81920.0
1777604450.2499623,8061741,81924.0
1777604477.9577773,8062132,81928.0
1777604513.8417337,8062643,81932.0
1777604544.2496026,8063079,81936.0
1777604581.4496713,8063587,81940.0
1777604623.9016228,8064191,81944.0
1777604662.3689816,8064746,81948.0
1777604694.3168788,8065194,81952.0
1777604713.6450055,8065457,81956.0
1777604758.6129503,8066093,81960.0
1777604807.676712,8066800,81964.0
1777604845.1127343,8067335,81968.0
1777604882.4285614,8067856,81972.0
1777604915.1958444,8068321,81976.0
1777604954.0478559,8068878,81980.0
1777604978.4040136,8069218,81984.0
1777605002.0476284,8069546,81988.0
1777605030.579649,8069945,81992.0
1777605063.7717142,8070420,81996.0
1777605106.975545,8071033,82000.0
1777605162.8514483,8071836,82004.0
1777605209.858804,8072502,82008.0
1777605240.4507174,8072933,82012.0
1777605266.1426466,8073300,82016.0
1777605289.818636,8073631,82020.0
1777605337.610367,8074309,82024.0
1777605373.0186725,8074819,82028.0
1777605398.0860283,8075165,82032.0
1777605420.7098286,8075483,82036.0
1777605449.938064,8075898,82040.0
1777605476.1780577,8076273,82044.0
1777605528.669697,8077017,82048.0
1777605560.769453,8077472,82052.0
1777605600.7735457,8078027,82056.0
1777605640.405376,8078598,82060.0
1777605675.2128088,8079094,82064.0
1777605704.4126182,8079510,82068.0
1777605731.3246696,8079884,82072.0
1777605758.9966233,8080270,82076.0
1777605792.1477644,8080743,82080.0
1777605822.7717426,8081178,82084.0
1777605856.307623,8081659,82088.0
1777605883.6997182,8082044,82092.0
1777605895.991534,8082213,82096.0
1777605933.6231825,8082744,82100.0
1777605969.327051,8083257,82104.0
1777605998.0507615,8083657,82108.0
1777606057.4426203,8084508,82112.0
1777606101.8939548,8085151,82116.0
1777606134.3781466,8085605,82120.0
1777606173.2616646,8086158,82124.0
1777606205.8376825,8086617,82128.0
1777606240.6213565,8087111,82132.0
1777606277.0373738,8087630,82136.0
1777606318.088964,8088221,82140.0
1777606338.5289717,8088500,82144.0
1777606367.4887457,8088905,82148.0
1777606403.9203598,8089421,82152.0
1777606413.6645277,8089541,82156.0
1777606461.7960348,8090234,82160.0
1777606500.948219,8090792,82164.0
1777606533.2636237,8091241,82168.0
1777606557.6237402,8091593,82172.0
1777606591.5556326,8092060,82176.0
1777606612.631759,8092362,82180.0
1777606651.5509796,8092915,82184.0
1777606690.8067458,8093474,82188.0
1777606728.8909554,8094020,82192.0
1777606758.3586748,8094435,82196.0
1777606777.534726,8094698,82200.0
1777606841.1260977,8095618,82204.0
1777606875.710389,8096103,82208.0
1777606909.8620515,8096583,82212.0
1777606939.3537784,8097001,82216.0
1777606979.0697792,8097573,82220.0
1777607018.5373075,8098128,82224.0
1777607050.4616323,8098581,82228.0
1777607081.3612201,8099021,82232.0
1777607113.6207855,8099477,82236.0
1777607149.0886953,8099982,82240.0
1777607184.956678,8100495,82244.0
1777607211.5127294,8100873,82248.0
1777607254.8804197,8101485,82252.0
1777607289.800031,8101984,82256.0
1777607314.8081622,8102336,82260.0
1777607341.4397304,8102712,82264.0
1777607368.3157837,8103096,82268.0
1777607410.3837204,8103689,82272.0
1777607446.1836734,8104195,82276.0
1777607505.1589375,8105043,82280.0
1777607527.7348344,8105356,82284.0
1777607566.366709,8105911,82288.0
1777607595.842822,8106326,82292.0
1777607626.8427212,8106766,82296.0
1777607651.7546785,8107109,82300.0
1777607693.5385156,8107713,82304.0
1777607714.8304875,8108008,82308.0
1777607732.686101,8108251,82312.0
1777607775.4459155,8108861,82316.0
1777607813.6696756,8109408,82320.0
1777607849.6377635,8109922,82324.0
1777607888.505224,8110467,82328.0
1777607922.1975865,8110941,82332.0
1777607941.5054164,8111209,82336.0
1777607973.6251106,8111659,82340.0
1777608012.6408784,8112219,82344.0
1777608056.8246126,8112855,82348.0
1777608095.6246881,8113408,82352.0
1777608134.108586,8113952,82356.0
1777608149.1766558,8114166,82360.0
1777608197.7998197,8114861,82364.0
1777608221.7440016,8115200,82368.0
1777608252.4439836,8115629,82372.0
1777608298.4596803,8116292,82376.0
1777608331.9878054,8116763,82380.0
1777608362.3713844,8117195,82384.0
1777608389.2633643,8117576,82388.0
1777608423.9950042,8118058,82392.0
1777608449.818773,8118426,82396.0
1777608478.2547295,8118828,82400.0
1777608523.0387366,8119464,82404.0
1777608568.470732,8120118,82408.0
1777608595.8305109,8120505,82412.0
1777608651.6063871,8121310,82416.0
1777608693.9058325,8121904,82420.0
1777608735.6900234,8122508,82424.0
1777608772.4736114,8123029,82428.0
1777608814.9932506,8123633,82432.0
1777608853.776923,8124186,82436.0
1777608883.040807,8124603,82440.0
1777608928.744774,8125263,82444.0
1777608964.5927012,8125759,82448.0
1777608988.2207336,8126097,82452.0
1777609020.676673,8126556,82456.0
1777609048.5285897,8126945,82460.0
1777609067.9879925,8127214,82464.0
1777609109.0518165,8127799,82468.0
1777609150.0356412,8128385,82472.0
1777609194.1040814,8129012,82476.0
1777609218.5116785,8129353,82480.0
1777609265.6071534,8130025,82484.0
1777609324.7151287,8130877,82488.0
1777609356.291003,8131327,82492.0
1777609417.3305497,8132203,82496.0
1777609431.7067103,8132400,82500.0
1777609479.7585325,8133086,82504.0
1777609512.1099718,8133542,82508.0
1777609534.781834,8133856,82512.0
1777609568.3499467,8134327,82516.0
1777609595.1576962,8134707,82520.0
1777609638.161834,8135322,82524.0
1777609665.0337417,8135702,82528.0
1777609686.5474036,8136000,82532.0
1777609714.7451258,8136397,82536.0
1777609749.6449873,8136884,82540.0
1777609802.377055,8137651,82544.0
1777609832.5445163,8138079,82548.0
1777609863.520985,8138513,82552.0
1777609883.312723,8138792,82556.0
1777609915.2647455,8139245,82560.0
1777609973.340213,8140078,82564.0
1777610019.4404778,8140735,82568.0
1777610062.9078119,8141359,82572.0
1777610100.523686,8141891,82576.0
1777610125.2676697,8142235,82580.0
1777610148.9237056,8142565,82584.0
1777610178.775494,8142987,82588.0
1777610234.8751247,8143787,82592.0
1777610252.4666753,8144040,82596.0
1777610280.819012,8144436,82600.0
1777610317.1667793,8144950,82604.0
1777610345.2426405,8145346,82608.0
1777610395.8424883,8146070,82612.0
1777610434.9099884,8146619,82616.0
1777610459.1297824,8146968,82620.0
1777610496.321926,8147490,82624.0
1777610510.0299356,8147682,82628.0
1777610556.145684,8148342,82632.0
1777610600.0897691,8148978,82636.0
1777610618.6055691,8149224,82640.0
1777610649.073006,8149661,82644.0
1777610673.5976248,8150016,82648.0
1777610704.6970751,8150440,82652.0
1777610753.817093,8151148,82656.0
1777610781.980713,8151549,82660.0
1777610819.824752,8152091,82664.0
1777610835.6329384,8152303,82668.0
1777610870.2159564,8152793,82672.0
1777610906.731961,8153313,82676.0
1777610932.0599484,8153670,82680.0
1777610962.383962,8154100,82684.0
1777610985.0839913,8154418,82688.0
1777611022.8277793,8154951,82692.0
1777611062.2754464,8155520,82696.0
1777611120.5189626,8156357,82700.0
1777611163.1189692,8156961,82704.0
1777611194.7868094,8157409,82708.0
1777611223.0466883,8157803,82712.0
1777611249.5946956,8158179,82716.0
1777611283.8147595,8158662,82720.0
1777611326.9064605,8159284,82724.0
1777611381.5661523,8160068,82728.0
1777611410.7499864,8160474,82732.0
1777611452.2136273,8161070,82736.0
1777611500.817457,8161759,82740.0
1777611541.8169098,8162346,82744.0
1777611580.9175303,8162905,82748.0
1777611606.8329117,8163271,82752.0
1777611645.9767945,8163828,82756.0
1777611671.0686905,8164173,82760.0
1777611693.1847162,8164493,82764.0
1777611739.8206654,8165158,82768.0
1777611781.4204342,8165756,82772.0
1777611827.2038064,8166408,82776.0
1777611857.9719226,8166839,82780.0
1777611882.0797527,8167177,82784.0
1777611924.4797633,8167782,82788.0
1777611955.7797396,8168226,82792.0
1777611998.447552,8168831,82796.0
1777612025.1874018,8169214,82800.0
1777612063.2550921,8169742,82804.0
1777612093.5390205,8170167,82808.0
1777612125.2829826,8170614,82812.0
1777612166.8307848,8171212,82816.0
1777612180.8066523,8171397,82820.0
1777612210.3508391,8171813,82824.0
1777612241.7504072,8172258,82828.0
1777612275.566218,8172735,82832.0
1777612318.0099292,8173342,82836.0
1777612343.2578895,8173693,82840.0
1777612372.8019893,8174113,82844.0
1777612406.5857213,8174592,82848.0
1777612423.1256964,8174819,82852.0
1777612447.8376906,8175164,82856.0
1777612478.609635,8175598,82860.0
1777612533.869405,8176399,82864.0
1777612554.6972146,8176685,82868.0
1777612583.1290758,8177086,82872.0
1777612617.9049804,8177585,82876.0
1777612646.0047107,8177981,82880.0
1777612694.104714,8178667,82884.0
1777612726.688434,8179130,82888.0
1777612743.4407256,8179370,82892.0
1777612770.9565039,8179757,82896.0
1777612798.815838,8180150,82900.0
1777612824.1559544,8180511,82904.0
1777612849.0397215,8180857,82908.0
1777612872.4158583,8181181,82912.0
1777612904.4317238,8181636,82916.0
1777612940.1236968,8182141,82920.0
1777612979.5276434,8182706,82924.0
1777613021.727337,8183308,82928.0
1777613060.5749383,8183855,82932.0
1777613069.7190878,8183976,82936.0
1777613097.758722,8184372,82940.0
1777613118.6189609,8184659,82944.0
1777613175.6106932,8185485,82948.0
1777613206.9626107,8185923,82952.0
1777613246.2383559,8186483,82956.0
1777613265.2224386,8186743,82960.0
1777613304.9139707,8187318,82964.0
1777613323.6060107,8187565,82968.0
1777613360.353891,8188093,82972.0
1777613404.1736648,8188720,82976.0
1777613432.1817272,8189115,82980.0
1777613467.9133127,8189629,82984.0
1777613490.0888171,8189935,82988.0
1777613519.2249448,8190346,82992.0
1777613542.2332559,8190669,82996.0
1777613576.300663,8191158,83000.0
1777613607.0086448,8191597,83004.0
1777613649.4245684,8192197,83008.0
1777613681.8606672,8192658,83012.0
1777613716.4761636,8193150,83016.0
1777613760.7923822,8193784,83020.0
1777613793.4517522,8194253,83024.0
1777613838.6437335,8194892,83028.0
1777613875.8037357,8195423,83032.0
1777613893.8713675,8195672,83036.0
1777613925.862798,8196125,83040.0
1777613964.1310096,8196673,83044.0
1777614014.270749,8197388,83048.0
1777614052.498331,8197938,83052.0
1777614096.9459777,8198574,83056.0
1777614124.9659424,8198971,83060.0
1777614164.0656831,8199518,83064.0
1777614178.4494615,8199721,83068.0
1777614212.1973765,8200202,83072.0
1777614249.5650234,8200740,83076.0
1777614278.988862,8201157,83080.0
1777614328.9166691,8201865,83084.0
1777614354.2926996,8202220,83088.0
1777614371.4005678,8202457,83092.0
1777614390.9401731,8202726,83096.0
1777614433.7441447,8203339,83100.0
1777614465.3599946,8203787,83104.0
1777614499.6838655,8204273,83108.0
1777614527.983805,8204670,83112.0
1777614560.8117027,8205129,83116.0
1777614584.70304,8205463,83120.0
1777614625.918972,8206054,83124.0
1777614655.0030828,8206460,83128.0
1777614695.670882,8207051,83132.0
1777614731.2706852,8207553,83136.0
1777614761.694672,8207980,83140.0
1777614791.2146196,8208394,83144.0
1777614818.0378108,8208781,83148.0
1777614857.254456,8209331,83152.0
1777614901.6737995,8209974,83156.0
1777614938.7897513,8210507,83160.0
1777614977.2414792,8211049,83164.0
1777615012.5091248,8211551,83168.0
1777615052.6729968,8212128,83172.0
1777615087.7009337,8212627,83176.0
1777615123.6165843,8213132,83180.0
1777615152.0685174,8213539,83184.0
1777615185.2762663,8214009,83188.0
1777615231.70803,8214678,83192.0
1777615273.5119803,8215271,83196.0
1777615300.4597332,8215660,83200.0
1777615337.8275678,8216186,83204.0
1777615383.163643,8216838,83208.0
1777615420.8798487,8217379,83212.0
1777615452.1711273,8217815,83216.0
1777615488.0710838,8218327,83220.0
1777615527.6866019,8218894,83224.0
1777615566.2904532,8219440,83228.0
1777615603.106479,8219961,83232.0
1777615660.613829,8220790,83236.0
1777615697.6899426,8221312,83240.0
1777615745.1177135,8221999,83244.0
1777615770.6096134,8222353,83248.0
1777615794.1655667,8222685,83252.0
1777615824.7013514,8223115,83256.0
1777615862.6850991,8223656,83260.0
1777615898.941326,8224171,83264.0
1777615931.276665,8224632,83268.0
1777615958.0009055,8225012,83272.0
1777615972.8289704,8225205,83276.0
1777616026.5528448,8225969,83280.0
1777616079.6686914,8226741,83284.0
1777616123.6804214,8227358,83288.0
1777616149.3043723,8227716,83292.0
1777616189.5400708,8228289,83296.0
1777616205.3719985,8228506,83300.0
1777616229.656252,8228851,83304.0
1777616251.515961,8229152,83308.0
1777616300.1157355,8229846,83312.0
1777616339.9316618,8230419,83316.0
1777616375.1834729,8230921,83320.0
1777616428.3592112,8231682,83324.0
1777616465.115372,8232208,83328.0
1777616504.67497,8232769,83332.0
1777616517.811004,8232946,83336.0
1777616562.8106494,8233591,83340.0
1777616587.0347178,8233933,83344.0
1777616606.526294,8234209,83348.0
1777616648.07863,8234798,83352.0
1777616678.8263674,8235236,83356.0
1777616693.885854,8235429,83360.0
1777616727.501851,8235910,83364.0
1777616757.3619282,8236331,83368.0
1777616781.6219523,8236668,83372.0
1777616805.561769,8236999,83376.0
1777616847.0457213,8237589,83380.0
1777616880.3655436,8238067,83384.0
1777616931.297499,8238795,83388.0
1777616963.2811139,8239246,83392.0
1777617010.2968578,8239923,83396.0
1777617045.6650202,8240418,83400.0
1777617082.8846202,8240951,83404.0
1777617123.316476,8241526,83408.0
1777617149.7245822,8241890,83412.0
1777617184.6438327,8242392,83416.0
1777617220.359695,8242895,83420.0
1777617265.1436176,8243534,83424.0
1777617282.5197275,8243776,83428.0
1777617314.5276556,8244229,83432.0
1777617358.0115023,8244840,83436.0
1777617402.1549594,8245482,83440.0
1777617445.639143,8246098,83444.0
1777617496.0147507,8246817,83448.0
1777617527.2067053,8247258,83452.0
1777617569.6067307,8247860,83456.0
1777617604.0743783,8248348,83460.0
1777617634.7144926,8248782,83464.0
1777617678.7979105,8249403,83468.0
1777617700.40573,8249710,83472.0
1777617743.0057774,8250314,83476.0
1777617782.457356,8250879,83480.0
1777617821.5416515,8251441,83484.0
1777617853.825637,8251905,83488.0
1777617884.232877,8252333,83492.0
1777617915.7008338,8252780,83496.0
1777617947.384716,8253224,83500.0
1777617981.42836,8253713,83504.0
1777618004.6998484,8254050,83508.0
1777618022.9282382,8254291,83512.0
1777618053.476007,8254721,83516.0
1777618086.8117213,8255184,83520.0
1777618113.3353271,8255559,83524.0
1777618130.7434711,8255802,83528.0
1777618152.7708337,8256116,83532.0
1777618181.746982,8256527,83536.0
1777618216.3466747,8257019,83540.0
1777618248.9306853,8257479,83544.0
1777618278.946478,8257898,83548.0
1777618321.7898462,8258514,83552.0
1777618353.537931,8258961,83556.0
1777618395.173484,8259563,83560.0
1777618438.405728,8260174,83564.0
1777618464.8973765,8260546,83568.0
1777618490.6407735,8260902,83572.0
1777618526.3089488,8261409,83576.0
1777618564.808819,8261953,83580.0
1777618597.2247164,8262413,83584.0
1777618623.0004709,8262768,83588.0
1777618652.5078318,8263188,83592.0
1777618691.8917892,8263752,83596.0
1777618719.8437443,8264150,83600.0
1777618750.1516585,8264577,83604.0
1777618809.3109047,8265421,83608.0
1777618852.795091,8266040,83612.0
1777618889.5627666,8266560,83616.0
1777618922.3788033,8267028,83620.0
1777618973.0224257,8267753,83624.0
1777619005.2618895,8268208,83628.0
1777619024.0538096,8268472,83632.0
1777619064.9377415,8269045,83636.0
1777619084.0979614,8269315,83640.0
1777619118.2894714,8269806,83644.0
1777619160.797636,8270404,83648.0
1777619182.2728965,8270698,83652.0
1777619207.1975513,8271058,83656.0
1777619228.5727491,8271353,83660.0
1777619279.5408926,8272081,83664.0
1777619321.8407748,8272690,83668.0
1777619360.1765535,8273234,83672.0
1777619375.4159722,8273447,83676.0
1777619396.5083325,8273737,83680.0
1777619445.0159388,8274440,83684.0
1777619480.1517015,8274937,83688.0
1777619513.1437407,8275397,83692.0
1777619538.50365,8275763,83696.0
1777619581.7509487,8276372,83700.0
1777619620.670838,8276932,83704.0
1777619645.1628182,8277274,83708.0
1777619678.346738,8277748,83712.0
1777619708.346759,8278168,83716.0
1777619749.4946592,8278758,83720.0
1777619789.4299612,8279323,83724.0
1777619824.3897974,8279822,83728.0
1777619856.4057484,8280273,83732.0
1777619889.789847,8280747,83736.0
1777619931.5415516,8281341,83740.0
1777619950.733542,8281614,83744.0
1777619970.2729335,8281876,83748.0
1777620005.097401,8282370,83752.0
1777620045.2808897,8282939,83756.0
1777620078.6488035,8283417,83760.0
1777620118.000753,8283972,83764.0
1777620157.6168334,8284546,83768.0
1777620193.03669,8285048,83772.0
1777620210.852788,8285295,83776.0
1777620245.020718,8285779,83780.0
1777620286.8687298,8286388,83784.0
1777620331.036483,8287012,83788.0
1777620351.6286855,8287309,83792.0
1777620405.319923,8288076,83796.0
1777620435.3403249,8288501,83800.0
1777620488.9240277,8289272,83804.0
1777620516.7556403,8289660,83808.0
1777620552.6318893,8290175,83812.0
1777620589.1154902,8290695,83816.0
1777620622.7149916,8291180,83820.0
1777620648.038934,8291533,83824.0
1777620679.5591633,8291984,83828.0
1777620709.0510652,8292396,83832.0
1777620740.566784,8292842,83836.0
1777620764.326706,8293171,83840.0
1777620794.46679,8293601,83844.0
1777620824.1186783,8294016,83848.0
1777620867.6184921,8294634,83852.0
1777620903.8864503,8295149,83856.0
1777620929.4617906,8295507,83860.0
1777620949.7539842,8295799,83864.0
1777620977.6618936,8296186,83868.0
1777620997.686024,8296462,83872.0
1777621012.993553,8296679,83876.0
1777621058.7774723,8297329,83880.0
1777621081.053436,8297641,83884.0
1777621104.9897316,8297977,83888.0
1777621159.1572156,8298764,83892.0
1777621180.2649393,8299057,83896.0
1777621207.4490163,8299436,83900.0
1777621245.4805045,8299988,83904.0
1777621274.6087027,8300405,83908.0
1777621292.4327352,8300645,83912.0
1777621318.2663305,8301000,83916.0
1777621352.8404467,8301493,83920.0
1777621416.2319968,8302409,83924.0
1777621444.4239242,8302804,83928.0
1777621486.5758245,8303409,83932.0
1777621536.0676715,8304122,83936.0
1777621581.5869381,8304778,83940.0
1777621615.2347517,8305245,83944.0
1777621646.0789332,8305684,83948.0
1777621685.2629337,8306238,83952.0
1777621732.7865977,8306926,83956.0
1777621764.2146716,8307370,83960.0
1777621791.3624215,8307754,83964.0
1777621826.0538743,8308237,83968.0
1777621869.0376694,8308858,83972.0
1777621898.1577969,8309268,83976.0
1777621923.9657931,8309631,83980.0
1777621961.481693,8310170,83984.0
1777621992.9896524,8310618,83988.0
1777622017.8409488,8310959,83992.0
1777622038.6015825,8311244,83996.0
1777622055.1929827,8311478,84000.0
1777622099.224797,8312102,84004.0
1777622126.9010031,8312492,84008.0
1777622170.9333258,8313123,84012.0
1777622190.4769657,8313391,84016.0
1777622220.6288676,8313810,84020.0
1777622256.5526779,8314327,84024.0
1777622286.984899,8314753,84028.0
1777622321.0527146,8315241,84032.0
1777622370.5886338,8315947,84036.0
1777622387.0445738,8316180,84040.0
1777622413.4723096,8316546,84044.0
1777622456.9884112,8317169,84048.0
1777622508.2958472,8317907,84052.0
1777622532.4080307,8318241,84056.0
1777622555.7799988,8318566,84060.0
1777622584.647779,8318974,84064.0
1777622629.4318907,8319613,84068.0
1777622683.7596047,8320388,84072.0
1777622704.7516418,8320682,84076.0
1777622733.3275158,8321080,84080.0
1777622762.7432075,8321495,84084.0
1777622781.6428366,8321761,84088.0
1777622845.1107829,8322675,84092.0
1777622875.919272,8323107,84096.0
1777622900.4785528,8323459,84100.0
1777622930.6787663,8323882,84104.0
1777622968.4306498,8324414,84108.0
1777623018.4943416,8325134,84112.0
1777623051.2138698,8325602,84116.0
1777623091.7459445,8326176,84120.0
1777623153.4738224,8327067,84124.0
1777623195.757729,8327676,84128.0
1777623220.3135886,8328021,84132.0
1777623279.8414667,8328873,84136.0
1777623289.0008764,8328994,84140.0
1777623324.824829,8329504,84144.0
1777623369.1927164,8330131,84148.0
1777623415.8167448,8330797,84152.0
1777623457.352676,8331380,84156.0
1777623501.0365593,8332015,84160.0
1777623531.227853,8332444,84164.0
1777623566.1117594,8332942,84168.0
1777623603.7799056,8333466,84172.0
1777623633.14361,8333883,84176.0
1777623665.9360642,8334344,84180.0
1777623685.1957467,8334621,84184.0
1777623707.9395487,8334942,84188.0
1777623760.5153282,8335687,84192.0
1777623791.9867713,8336124,84196.0
1777623816.1709516,8336469,84200.0
1777623850.2468796,8336951,84204.0
1777623897.7066448,8337623,84208.0
1777623925.950638,8338028,84212.0
1777623949.7585807,8338357,84216.0
1777623989.8984094,8338920,84220.0
1777624028.6743073,8339476,84224.0
1777624064.6585073,8339985,84228.0
1777624076.5581763,8340151,84232.0
1777624114.5417368,8340682,84236.0
1777624137.377559,8341008,84240.0
1777624186.1096308,8341709,84244.0
1777624218.901547,8342175,84248.0
1777624241.3013165,8342489,84252.0
1777624253.785718,8342659,84256.0
1777624265.0450783,8342800,84260.0
1777624308.1768737,8343421,84264.0
1777624342.2288692,8343902,84268.0
1777624377.2207603,8344402,84272.0
1777624423.1486917,8345057,84276.0
1777624456.040616,8345522,84280.0
1777624479.264361,8345846,84284.0
1777624515.615975,8346362,84288.0
1777624548.3798432,8346827,84292.0
1777624564.6917338,8347051,84296.0
1777624608.8081684,8347678,84300.0
1777624648.8758533,8348243,84304.0
1777624683.9833493,8348742,84308.0
1777624719.8150423,8349249,84312.0
1777624751.1993952,8349697,84316.0
1777624801.2671545,8350410,84320.0
1777624825.8430953,8350766,84324.0
1777624866.0949986,8351330,84328.0
1777624907.6267114,8351923,84332.0
1777624940.3786118,8352391,84336.0
1777624983.4225113,8352996,84340.0
1777625018.4618928,8353500,84344.0
1777625060.6458294,8354107,84348.0
1777625088.9377632,8354505,84352.0
1777625118.7217374,8354924,84356.0
1777625159.089789,8355498,84360.0
1777625203.757579,8356140,84364.0
1777625262.548821,8356980,84368.0
1777625312.148759,8357684,84372.0
1777625349.1327586,8358216,84376.0
1777625387.1851938,8358751,84380.0
1777625419.9526713,8359219,84384.0
1777625444.376502,8359558,84388.0
1777625480.0923233,8360072,84392.0
1777625508.967826,8360471,84396.0
1777625535.4684248,8360845,84400.0
1777625593.4359858,8361675,84404.0
1777625619.3716,8362036,84408.0
1777625646.943728,8362423,84412.0
1777625687.9635534,8363015,84416.0
1777625716.7714503,8363422,84420.0
1777625764.9148443,8364105,84424.0
1777625794.7872052,8364533,84428.0
1777625843.8627446,8365240,84432.0
1777625893.7906613,8365949,84436.0
1777625920.2503812,8366327,84440.0
1777625953.2065296,8366796,84444.0
1777625984.2258584,8367236,84448.0
1777626015.6178916,8367684,84452.0
1777626053.1178977,8368215,84456.0
1777626086.9497519,8368691,84460.0
1777626127.9696693,8369274,84464.0
1777626176.6856115,8369975,84468.0
1777626211.1369038,8370463,84472.0
1777626252.5008063,8371039,84476.0
1777626270.6927476,8371297,84480.0
1777626293.3851666,8371610,84484.0
1777626341.4688818,8372292,84488.0
1777626377.5729103,8372809,84492.0
1777626419.3566458,8373409,84496.0
1777626459.7405603,8373979,84500.0
1777626486.348238,8374353,84504.0
1777626519.531932,8374825,84508.0
1777626559.0997298,8375388,84512.0
1777626589.463785,8375821,84516.0
1777626623.9237792,8376303,84520.0
1777626657.99191,8376793,84524.0
1777626714.7834187,8377607,84528.0
1777626759.2830732,8378230,84532.0
1777626807.082985,8378919,84536.0
1777626852.426764,8379563,84540.0
1777626890.5028567,8380105,84544.0
1777626943.6465018,8380859,84548.0
1777626968.1303017,8381198,84552.0
1777626994.121975,8381569,84556.0
1777627044.9857185,8382301,84560.0
1777627078.4899952,8382776,84564.0
1777627109.981844,8383223,84568.0
1777627143.9659655,8383700,84572.0
1777627172.8573227,8384109,84576.0
1777627206.9135163,8384579,84580.0
1777627249.205368,8385191,84584.0
1777627285.9092684,8385710,84588.0
1777627314.4649472,8386116,84592.0
1777627350.7649307,8386627,84596.0
1777627373.857273,8386949,84600.0
1777627410.7246156,8387470,84604.0
1777627440.4766731,8387893,84608.0
1777627466.784517,8388256,84612.0
1777627493.428373,8388633,84616.0
1777627517.7518077,8388969,84620.0
1777627558.820106,8389558,84624.0
1777627589.767973,8389994,84628.0
1777627639.6036568,8390707,84632.0
1777627685.227713,8391364,84636.0
1777627701.9194694,8391587,84640.0
1777627737.6111038,8392094,84644.0
1777627771.7949646,8392576,84648.0
1777627800.4069407,8392977,84652.0
1777627831.6547835,8393423,84656.0
1777627864.838877,8393892,84660.0
1777627916.4909081,8394633,84664.0
1777627962.8906052,8395292,84668.0
1777628002.6260712,8395855,84672.0
1777628042.5098002,8396427,84676.0
1777628070.8417737,8396822,84680.0
1777628115.9257462,8397457,84684.0
1777628146.6617372,8397894,84688.0
1777628206.209783,8398746,84692.0
1777628228.4770205,8399063,84696.0
1777628256.3849614,8399454,84700.0
1777628300.3847628,8400083,84704.0
1777628334.9528916,8400567,84708.0
1777628384.3806467,8401269,84712.0
1777628416.503852,8401726,84716.0
1777628440.9477942,8402073,84720.0
1777628488.9317718,8402760,84724.0
1777628536.4716675,8403439,84728.0
1777628567.547676,8403879,84732.0
1777628601.5835054,8404348,84736.0
1777628632.1832943,8404779,84740.0
1777628645.7832444,8404965,84744.0
1777628688.322776,8405572,84748.0
1777628707.442613,8405839,84752.0
1777628734.858688,8406227,84756.0
1777628755.6347425,8406514,84760.0
1777628794.0505383,8407063,84764.0
1777628818.3584766,8407399,84768.0
1777628855.426386,8407925,84772.0
1777628889.0860395,8408408,84776.0
1777628906.7936695,8408643,84780.0
1777628939.9256408,8409116,84784.0
1777628985.6617641,8409767,84788.0
1777629014.137354,8410169,84792.0
1777629063.8772812,8410875,84796.0
1777629096.405004,8411329,84800.0
1777629128.572776,8411789,84804.0
1777629160.6886795,8412240,84808.0
1777629206.4046175,8412888,84812.0
1777629236.8646653,8413313,84816.0
1777629261.596558,8413667,84820.0
1777629280.2881515,8413926,84824.0
1777629322.9399545,8414532,84828.0
1777629370.9078898,8415222,84832.0
1777629400.6314743,8415640,84836.0
1777629436.9677527,8416157,84840.0
1777629473.21559,8416680,84844.0
1777629521.2516983,8417362,84848.0
1777629566.758838,8418005,84852.0
1777629585.98706,8418281,84856.0
1777629613.4428384,8418662,84860.0
1777629646.5785954,8419134,84864.0
1777629672.354715,8419497,84868.0
1777629704.0787609,8419938,84872.0
1777629747.3702767,8420549,84876.0
1777629784.2939043,8421076,84880.0
1777629815.5617745,8421520,84884.0
1777629850.898039,8422021,84888.0
1777629879.5538387,8422421,84892.0
1777629905.7895536,8422789,84896.0
1777629946.2136545,8423364,84900.0
1777629989.3253918,8423981,84904.0
1777630033.7888312,8424608,84908.0
1777630059.8328876,8424975,84912.0
1777630091.9646132,8425434,84916.0
1777630111.824738,8425703,84920.0
1777630158.3406777,8426372,84924.0
1777630181.4526331,8426692,84928.0
1777630222.9843614,8427285,84932.0
1777630242.7922904,8427553,84936.0
1777630278.5437229,8428057,84940.0
1777630315.9956357,8428597,84944.0
1777630340.6875904,8428939,84948.0
1777630377.3351278,8429462,84952.0
1777630419.718955,8430056,84956.0
1777630454.2188628,8430544,84960.0
1777630499.6545045,8431187,84964.0
1777630534.9544103,8431686,84968.0
1777630564.762092,8432108,84972.0
1777630595.7977624,8432540,84976.0
1777630634.9897695,8433098,84980.0
1777630669.2895887,8433585,84984.0
1777630704.2895882,8434088,84988.0
1777630751.5569735,8434752,84992.0
1777630791.8250215,8435328,84996.0
1777630824.1088433,8435782,85000.0
1777630866.1247134,8436370,85004.0
1777630907.4080305,8436965,85008.0
1777630948.1438546,8437546,85012.0
1777630982.1077564,8438020,85016.0
1777631007.0681803,8438379,85020.0
1777631036.1757774,8438793,85024.0
1777631090.3875782,8439571,85028.0
1777631123.571675,8440042,85032.0
1777631148.4628987,8440390,85036.0
1777631170.4188116,8440697,85040.0
1777631201.9027748,8441142,85044.0
1777631244.5866485,8441756,85048.0
1777631268.8625612,8442098,85052.0
1777631300.7065272,8442552,85056.0
1777631338.989872,8443092,85060.0
1777631369.0384402,8443519,85064.0
1777631398.4979765,8443931,85068.0
1777631429.0979567,8444365,85072.0
1777631470.4336498,8444941,85076.0
1777631491.0897694,8445225,85080.0
1777631540.6889224,8445940,85084.0
1777631589.1652029,8446629,85088.0
1777631625.9250047,8447156,85092.0
1777631654.24069,8447547,85096.0
1777631684.9687285,8447980,85100.0
1777631709.5686073,8448324,85104.0
1777631753.4526289,8448956,85108.0
1777631776.6760197,8449273,85112.0
1777631790.1681926,8449460,85116.0
1777631826.511955,8449970,85120.0
1777631875.3877099,8450674,85124.0
1777631911.3037024,8451177,85128.0
1777631964.7554066,8451951,85132.0
1777631987.846906,8452264,85136.0
1777632026.9629126,8452824,85140.0
1777632051.7068708,8453167,85144.0
1777632079.2227602,8453550,85148.0
1777632114.8228066,8454052,85152.0
1777632155.7586336,8454626,85156.0
1777632189.2060666,8455096,85160.0
1777632207.6058254,8455360,85164.0
1777632243.9899518,8455870,85168.0
1777632267.697965,8456208,85172.0
1777632290.3095884,8456523,85176.0
1777632325.3100452,8457017,85180.0
1777632369.20972,8457639,85184.0
1777632419.7693727,8458371,85188.0
1777632456.3088393,8458881,85192.0
1777632479.4607887,8459211,85196.0
1777632512.2369385,8459668,85200.0
1777632551.6526794,8460235,85204.0
1777632586.868743,8460731,85208.0
1777632634.0884247,8461403,85212.0
1777632670.756111,8461929,85216.0
1777632701.5719326,8462362,85220.0
1777632741.3556447,8462936,85224.0
1777632767.9960735,8463300,85228.0
1777632830.6392946,8464193,85232.0
1777632860.4154472,8464615,85236.0
1777632892.998806,8465074,85240.0
1777632929.2671082,8465594,85244.0
1777632948.975251,8465862,85248.0
1777632967.3828764,8466108,85252.0
1777633014.118699,8466779,85256.0
1777633043.7346652,8467195,85260.0
1777633082.8743799,8467761,85264.0
1777633120.7180486,8468288,85268.0
1777633162.742088,8468893,85272.0
1777633201.9777844,8469456,85276.0
1777633242.3774319,8470025,85280.0
1777633276.729689,8470519,85284.0
1777633292.12157,8470733,85288.0
1777633350.0133555,8471557,85292.0
1777633389.3447814,8472109,85296.0
1777633425.2727852,8472619,85300.0
1777633479.0127168,8473386,85304.0
1777633517.9646182,8473940,85308.0
1777633538.4886956,8474217,85312.0
1777633567.4803083,8474624,85316.0
1777633616.4922776,8475322,85320.0
1777633654.2237573,8475866,85324.0
1777633682.1519816,8476255,85328.0
1777633716.615545,8476741,85332.0
1777633749.651278,8477207,85336.0
1777633777.726856,8477601,85340.0
1777633802.5349245,8477958,85344.0
1777633823.62682,8478250,85348.0
1777633853.0026205,8478668,85352.0
1777633893.1706681,8479240,85356.0
1777633924.7026198,8479691,85360.0
1777633961.486784,8480204,85364.0
1777633997.8218977,8480720,85368.0
1777634025.7777588,8481111,85372.0
1777634041.2699864,8481328,85376.0
1777634072.16169,8481758,85380.0
1777634117.953547,8482411,85384.0
1777634157.3896952,8482968,85388.0
1777634204.3213394,8483636,85392.0
1777634236.2647803,8484086,85396.0
1777634257.0333986,8484380,85400.0
1777634316.7807908,8485239,85404.0
1777634353.6326325,8485755,85408.0
1777634376.076978,8486075,85412.0
1777634414.6604059,8486615,85416.0
1777634459.3441267,8487258,85420.0
1777634506.0515587,8487920,85424.0
1777634535.876382,8488333,85428.0
1777634565.4756296,8488746,85432.0
1777634617.7268734,8489488,85436.0
1777634648.5109084,8489925,85440.0
1777634680.1107922,8490372,85444.0
1777634713.0028937,8490838,85448.0
1777634750.870695,8491373,85452.0
1777634774.0466237,8491694,85456.0
1777634810.6143124,8492212,85460.0
1777634842.5697737,8492670,85464.0
1777634881.5739388,8493225,85468.0
1777634908.1894865,8493599,85472.0
1777634932.565717,8493939,85476.0
1777634967.881705,8494440,85480.0
1777635000.8734949,8494905,85484.0
1777635034.5089328,8495389,85488.0
1777635072.6730466,8495921,85492.0
1777635098.7851763,8496296,85496.0
1777635137.248649,8496836,85500.0
1777635172.6164653,8497342,85504.0
1777635210.2846014,8497876,85508.0
1777635232.775931,8498184,85512.0
1777635267.5198767,8498675,85516.0
1777635305.168288,8499216,85520.0
1777635326.3758845,8499506,85524.0
1777635369.6596186,8500125,85528.0
1777635408.4793522,8500678,85532.0
1777635447.2633138,8501236,85536.0
1777635484.379318,8501761,85540.0
1777635516.7953396,8502224,85544.0
1777635542.5068264,8502577,85548.0
1777635608.2146537,8503516,85552.0
1777635635.2308414,8503895,85556.0
1777635673.7145386,8504431,85560.0
1777635705.789754,8504891,85564.0
1777635748.9577677,8505506,85568.0
1777635796.5018132,8506181,85572.0
1777635842.5336006,8506842,85576.0
1777635882.8850236,8507410,85580.0
1777635915.4095407,8507875,85584.0
1777635969.0007637,8508651,85588.0
1777635998.0926464,8509055,85592.0
1777636032.812683,8509541,85596.0
1777636060.762034,8509940,85600.0
1777636098.9119096,8510478,85604.0
1777636140.2959032,8511071,85608.0
1777636197.12775,8511883,85612.0
1777636240.5317004,8512505,85616.0
1777636274.1315503,8512969,85620.0
1777636297.5232818,8513307,85624.0
1777636339.7711234,8513901,85628.0
1777636381.4906592,8514494,85632.0
1777636415.6907008,8514983,85636.0
1777636440.0827394,8515321,85640.0
1777636464.8665447,8515666,85644.0
1777636493.0418708,8516062,85648.0
1777636531.758004,8516608,85652.0
1777636559.7496538,8516998,85656.0
1777636598.7496564,8517556,85660.0
1777636636.8015382,8518094,85664.0
1777636667.3173306,8518532,85668.0
1777636698.0090125,8518962,85672.0
1777636729.929021,8519414,85676.0
1777636751.6847868,8519727,85680.0
1777636801.7525547,8520439,85684.0
1777636848.6797583,8521097,85688.0
1777636880.0722947,8521543,85692.0
1777636917.6557777,8522079,85696.0
1777636955.139843,8522608,85700.0
1777636996.5556295,8523188,85704.0
1777637032.1869295,8523692,85708.0
1777637072.8708367,8524276,85712.0
1777637108.998701,8524785,85716.0
1777637137.7307463,8525190,85720.0
1777637177.3306942,8525748,85724.0
1777637206.958434,8526162,85728.0
1777637246.1258926,8526716,85732.0
1777637281.7419562,8527229,85736.0
1777637307.933759,8527592,85740.0
1777637352.2858455,8528234,85744.0
1777637388.4776227,8528742,85748.0
1777637426.4012501,8529283,85752.0
1777637465.9167278,8529851,85756.0
1777637485.2446744,8530114,85760.0
1777637531.760831,8530786,85764.0
1777637559.0127833,8531168,85768.0
1777637615.0805998,8531974,85772.0
1777637650.8283868,8532484,85776.0
1777637679.2277484,8532885,85780.0
1777637725.8319829,8533543,85784.0
1777637770.7318084,8534186,85788.0
1777637813.663538,8534791,85792.0
1777637847.4469247,8535272,85796.0
1777637886.1829648,8535820,85800.0
1777637924.6667826,8536365,85804.0
1777637944.5427394,8536642,85808.0
1777637967.5148787,8536962,85812.0
1777638002.2341564,8537456,85816.0
1777638024.2099712,8537757,85820.0
1777638055.382064,8538199,85824.0
1777638089.1018317,8538671,85828.0
1777638136.3697085,8539347,85832.0
1777638157.4777195,8539646,85836.0
1777638190.3936234,8540114,85840.0
1777638219.3371983,8540519,85844.0
1777638249.500972,8540947,85848.0
1777638284.4129462,8541424,85852.0
1777638310.2769685,8541798,85856.0
1777638347.3806288,8542315,85860.0
1777638386.6126199,8542877,85864.0
1777638415.6567688,8543283,85868.0
1777638456.0721712,8543864,85872.0
1777638482.3966274,8544226,85876.0
1777638505.388438,8544543,85880.0
1777638529.156498,8544877,85884.0
1777638555.8486385,8545249,85888.0
1777638590.1164021,8545730,85892.0
1777638626.0563586,8546241,85896.0
1777638661.4758341,8546746,85900.0
1777638717.1838489,8547546,85904.0
1777638747.4918425,8547971,85908.0
1777638781.5119548,8548452,85912.0
1777638813.0437589,8548897,85916.0
1777638844.2676916,8549339,85920.0
1777638876.7718081,8549794,85924.0
1777638908.379725,8550241,85928.0
1777638934.5636232,8550599,85932.0
1777638974.363544,8551172,85936.0
1777639003.455177,8551579,85940.0
1777639033.9474678,8552013,85944.0
1777639077.3389685,8552622,85948.0
1777639098.3308196,8552910,85952.0
1777639129.446932,8553350,85956.0
1777639157.1588356,8553738,85960.0
1777639188.5586421,8554183,85964.0
1777639226.6667116,8554724,85968.0
1777639275.5905573,8555428,85972.0
1777639313.2339287,8555964,85976.0
1777639338.285841,8556311,85980.0
1777639396.8260152,8557158,85984.0
1777639433.5337343,8557676,85988.0
1777639459.1857717,8558037,85992.0
1777639498.2097192,8558592,85996.0
1777639533.0296469,8559084,86000.0
1777639570.797525,8559626,86004.0
1777639601.7814293,8560065,86008.0
1777639630.688946,8560474,86012.0
1777639672.588924,8561059,86016.0
1777639703.7050247,8561501,86020.0
1777639731.580771,8561895,86024.0
1777639753.5246148,8562213,86028.0
1777639772.4968672,8562472,86032.0
1777639810.8001308,8563021,86036.0
1777639847.3004115,8563543,86040.0
1777639863.0998933,8563756,86044.0
1777639904.6238532,8564353,86048.0
1777639958.3599706,8565123,86052.0
1777639985.7277868,8565501,86056.0
1777640013.7197056,8565897,86060.0
1777640026.4116795,8566075,86064.0
1777640058.7836404,8566532,86068.0
1777640087.2674627,8566934,86072.0
1777640137.603516,8567646,86076.0
1777640158.3628125,8567929,86080.0
1777640190.1466281,8568379,86084.0
1777640221.054776,8568819,86088.0
1777640258.922745,8569350,86092.0
1777640289.822619,8569788,86096.0
1777640311.3145626,8570081,86100.0
1777640366.7148654,8570875,86104.0
1777640405.265726,8571421,86108.0
1777640452.473822,8572104,86112.0
1777640491.0497134,8572646,86116.0
1777640521.9974408,8573079,86120.0
1777640561.5169735,8573649,86124.0
1777640592.8488035,8574086,86128.0
1777640616.0087867,8574407,86132.0
1777640648.0326676,8574849,86136.0
1777640680.2838888,8575310,86140.0
1777640727.5679471,8575978,86144.0
1777640769.2516627,8576577,86148.0
1777640803.2517345,8577058,86152.0
1777640837.519622,8577542,86156.0
1777640856.1268685,8577798,86160.0
1777640895.1186602,8578359,86164.0
1777640935.3786721,8578920,86168.0
1777640967.2387247,8579369,86172.0
1777641009.2702959,8579967,86176.0
1777641057.2619386,8580649,86180.0
1777641083.2221355,8581026,86184.0
1777641113.1622834,8581442,86188.0
1777641159.2057054,8582099,86192.0
1777641182.2493062,8582409,86196.0
1777641247.0891848,8583335,86200.0
1777641280.0169032,8583805,86204.0
1777641315.7008517,8584308,86208.0
1777641352.0167253,8584825,86212.0
1777641378.656529,8585194,86216.0
1777641400.6842854,8585500,86220.0
1777641434.252463,8585979,86224.0
1777641463.0004315,8586385,86228.0
1777641489.3277404,8586755,86232.0
1777641525.4117358,8587267,86236.0
1777641552.919599,8587650,86240.0
1777641592.8354847,8588218,86244.0
1777641646.5955684,8588992,86248.0
1777641692.6949663,8589647,86252.0
1777641730.7467902,8590187,86256.0
1777641754.0707483,8590510,86260.0
1777641794.9064546,8591096,86264.0
1777641819.814265,8591449,86268.0
1777641863.5618386,8592080,86272.0
1777641899.4658246,8592578,86276.0
1777641924.9656785,8592941,86280.0
1777641963.3213406,8593485,86284.0
1777642004.357712,8594076,86288.0
1777642042.6729012,8594616,86292.0
1777642088.4653444,8595261,86296.0
1777642132.3687215,8595896,86300.0
1777642186.2527585,8596660,86304.0
1777642230.6364264,8597296,86308.0
1777642269.2681913,8597843,86312.0
1777642301.468179,8598295,86316.0
1777642328.159806,8598668,86320.0
1777642371.4794228,8599289,86324.0
1777642432.571389,8600166,86328.0
1777642462.2036054,8600583,86332.0
1777642481.2468,8600834,86336.0
1777642510.722713,8601249,86340.0
1777642542.0549285,8601691,86344.0
1777642582.1068304,8602269,86348.0
1777642613.9146883,8602716,86352.0
1777642662.0066051,8603403,86356.0
1777642694.3826666,8603857,86360.0
1777642742.8417597,8604556,86364.0
1777642783.410235,8605127,86368.0
1777642813.8017905,8605553,86372.0
1777642856.5858114,8606166,86376.0
1777642892.3697376,8606671,86380.0
1777642916.7416782,8607014,86384.0
1777642939.7175395,8607327,86388.0
1777642987.060862,8608001,86392.0
1777643021.277056,8608477,86396.0
1777643046.2048845,8608828,86400.0
1777643078.7886002,8609288,86404.0
1777643108.7285933,8609710,86408.0
1777643151.0444393,8610317,86412.0
1777643187.2958844,8610835,86416.0
1777643202.7118719,8611033,86420.0
1777643245.939939,8611657,86424.0
1777643277.4315643,8612098,86428.0
1777643309.0157292,8612544,86432.0
1777643340.32353,8612983,86436.0
1777643372.3073945,8613434,86440.0
1777643401.1473613,8613839,86444.0
1777643448.722693,8614514,86448.0
1777643483.9508648,8615014,86452.0
1777643510.4506216,8615386,86456.0
1777643554.7826726,8616020,86460.0
1777643592.9187748,8616553,86464.0
1777643624.1266499,8616997,86468.0
1777643659.777936,8617500,86472.0
1777643685.0342867,8617856,86476.0
1777643726.0536795,8618440,86480.0
1777643769.153777,8619064,86484.0
1777643809.1534963,8619619,86488.0
1777643838.3896184,8620034,86492.0
1777643870.8448875,8620494,86496.0
1777643907.7290912,8621019,86500.0
1777643957.1207557,8621724,86504.0
1777644001.5567293,8622356,86508.0
1777644037.756798,8622869,86512.0
1777644056.1327186,8623115,86516.0
1777644085.3246331,8623525,86520.0
1777644108.2484248,8623843,86524.0
1777644146.467869,8624392,86528.0
1777644171.0078316,8624728,86532.0
1777644215.1514394,8625361,86536.0
1777644260.5212395,8626000,86540.0
1777644303.7673934,8626621,86544.0
1777644349.6028423,8627268,86548.0
1777644394.5710137,8627911,86552.0
1777644422.2547865,8628295,86556.0
1777644449.8107128,8628682,86560.0
1777644493.322706,8629299,86564.0
1777644533.6620016,8629877,86568.0
1777644562.0782814,8630268,86572.0
1777644593.3225222,8630716,86576.0
1777644632.9901652,8631280,86580.0
1777644666.838471,8631764,86584.0
1777644700.4986987,8632235,86588.0
1777644743.1903596,8632847,86592.0
1777644769.0505445,8633201,86596.0
1777644802.6823926,8633684,86600.0
1777644847.4865398,8634326,86604.0
1777644881.3580685,8634805,86608.0
1777644937.3859062,8635607,86612.0
1777644969.6380286,8636062,86616.0
1777645000.2940476,8636493,86620.0
1777645049.8858225,8637208,86624.0
1777645074.39766,8637544,86628.0
1777645109.7300956,8638044,86632.0
1777645145.4739819,8638554,86636.0
1777645172.2900212,8638926,86640.0
1777645199.1819937,8639304,86644.0
1777645235.9977758,8639825,86648.0
1777645263.4418054,8640209,86652.0
1777645290.341748,8640577,86656.0
1777645337.9937625,8641262,86660.0
1777645381.5935826,8641887,86664.0
1777645435.2333186,8642650,86668.0
1777645468.6249743,8643124,86672.0
1777645495.6771715,8643504,86676.0
1777645527.120741,8643949,86680.0
1777645550.1446173,8644264,86684.0
1777645572.7606213,8644590,86688.0
1777645606.0207245,8645055,86692.0
1777645636.2204666,8645482,86696.0
1777645661.096558,8645822,86700.0
1777645696.4647193,8646326,86704.0
1777645724.020357,8646711,86708.0
1777645756.4883654,8647165,86712.0
1777645796.6083045,8647722,86716.0
1777645826.3158593,8648139,86720.0
1777645867.5841906,8648730,86724.0
1777645912.5319808,8649362,86728.0
1777645934.2920887,8649670,86732.0
1777645974.8597426,8650237,86736.0
1777646000.9277136,8650599,86740.0
1777646037.1117332,8651113,86744.0
1777646082.7595513,8651767,86748.0
1777646104.1191683,8652064,86752.0
1777646140.4029918,8652578,86756.0
1777646158.7112517,8652824,86760.0
1777646208.2797287,8653539,86764.0
1777646245.0626519,8654055,86768.0
1777646299.822621,8654833,86772.0
1777646335.4466953,8655336,86776.0
1777646365.2462382,8655760,86780.0
1777646410.0465333,8656404,86784.0
1777646441.3138916,8656845,86788.0
1777646469.3221388,8657232,86792.0
1777646505.2260027,8657744,86796.0
1777646518.873953,8657927,86800.0
1777646552.4739742,8658402,86804.0
1777646582.6657228,8658833,86808.0
1777646612.2657037,8659244,86812.0
1777646639.0095794,8659620,86816.0
1777646683.2252493,8660252,86820.0
1777646734.9535358,8660989,86824.0
1777646759.3090017,8661332,86828.0
1777646812.3687656,8662086,86832.0
1777646834.4126008,8662404,86836.0
1777646861.8527079,8662783,86840.0
1777646910.8287983,8663485,86844.0
1777646944.2885144,8663951,86848.0
1777646975.5882142,8664395,86852.0
1777647010.64018,8664891,86856.0
1777647035.3798008,8665231,86860.0
1777647062.9078505,8665618,86864.0
1777647092.7401528,8666037,86868.0
1777647115.963899,8666356,86872.0
1777647156.083664,8666931,86876.0
1777647204.7313192,8667621,86880.0
1777647236.6354594,8668076,86884.0
1777647278.3834307,8668668,86888.0
1777647319.6029258,8669259,86892.0
1777647345.1947095,8669622,86896.0
1777647374.7267494,8670031,86900.0
1777647435.6869133,8670914,86904.0
1777647476.170834,8671485,86908.0
1777647506.2308025,8671909,86912.0
1777647544.1785262,8672443,86916.0
1777647579.1619492,8672938,86920.0
1777647615.5299225,8673461,86924.0
1777647652.8737705,8673981,86928.0
1777647699.6656187,8674648,86932.0
1777647749.0977383,8675360,86936.0
1777647774.2417185,8675708,86940.0
1777647841.125382,8676677,86944.0
1777647866.1170864,8677022,86948.0
1777647911.069012,8677662,86952.0
1777647958.8333173,8678338,86956.0
1777647994.2847204,8678843,86960.0
1777648041.2128546,8679518,86964.0
1777648076.6366684,8680015,86968.0
1777648099.4127703,8680338,86972.0
1777648125.7963963,8680704,86976.0
1777648169.0118012,8681314,86980.0
1777648202.6478677,8681796,86984.0
1777648230.4399376,8682182,86988.0
1777648256.2798917,8682547,86992.0
1777648300.9957507,8683184,86996.0
1777648339.1155672,8683729,87000.0
1777648382.1836393,8684339,87004.0
1777648422.282936,8684911,87008.0
1777648461.2673554,8685471,87012.0
1777648487.3986902,8685836,87016.0
1777648507.4587686,8686107,87020.0
1777648541.5994036,8686594,87024.0
1777648569.518903,8686981,87028.0
1777648619.1867785,8687682,87032.0
1777648654.1183596,8688176,87036.0
1777648694.8855236,8688753,87040.0
1777648726.444632,8689201,87044.0
1777648754.9599488,8689602,87048.0
1777648789.0275795,8690083,87052.0
1777648848.8747118,8690939,87056.0
1777648877.2265556,8691337,87060.0
1777648916.9614725,8691904,87064.0
1777648955.124762,8692446,87068.0
1777648978.9367504,8692777,87072.0
1777649006.8204923,8693163,87076.0
1777649037.328362,8693595,87080.0
1777649072.3276992,8694089,87084.0
1777649118.5428,8694751,87088.0
1777649152.1506202,8695220,87092.0
1777649187.7338548,8695715,87096.0
1777649224.8018184,8696241,87100.0
1777649261.5214055,8696767,87104.0
1777649298.0046291,8697285,87108.0
1777649354.836155,8698095,87112.0
1777649377.3517926,8698408,87116.0
1777649404.6637266,8698788,87120.0
1777649434.1717043,8699205,87124.0
1777649455.4797096,8699507,87128.0
1777649492.995077,8700025,87132.0
1777649528.730622,8700535,87136.0
1777649563.546411,8701030,87140.0
1777649589.5699034,8701399,87144.0
1777649660.7216942,8702434,87148.0
1777649718.2574267,8703254,87152.0
1777649759.9409373,8703832,87156.0
1777649809.0325465,8704533,87160.0
1777649859.8160841,8705259,87164.0
1777649885.8680203,8705625,87168.0
1777649930.6996922,8706268,87172.0
1777649977.5832357,8706937,87176.0
1777650026.5913956,8707640,87180.0
1777650056.618836,8708065,87184.0
1777650083.2427738,8708430,87188.0
1777650122.2106154,8708978,87192.0
1777650158.6418123,8709497,87196.0
1777650200.5938277,8710095,87200.0
1777650256.637414,8710898,87204.0
1777650303.9449449,8711573,87208.0
1777650347.5449674,8712199,87212.0
1777650391.4447305,8712816,87216.0
1777650414.5886824,8713149,87220.0
1777650460.3558671,8713802,87224.0
1777650497.2556236,8714328,87228.0
1777650530.1717675,8714791,87232.0
1777650591.6636822,8715677,87236.0
1777650625.4913225,8716158,87240.0
1777650662.8750174,8716679,87244.0
1777650696.4907434,8717153,87248.0
1777650727.759004,8717593,87252.0
1777650769.4347134,8718191,87256.0
1777650807.3028293,8718731,87260.0
1777650857.2595305,8719437,87264.0
1777650879.5029702,8719750,87268.0
1777650918.418932,8720300,87272.0
1777650957.087516,8720853,87276.0
1777650988.7311547,8721300,87280.0
1777651024.4309492,8721801,87284.0
1777651072.4310179,8722495,87288.0
1777651114.8147974,8723085,87292.0
1777651133.4907768,8723351,87296.0
1777651163.02288,8723769,87300.0
1777651200.359083,8724302,87304.0
1777651236.6511097,8724807,87308.0
1777651276.1829524,8725367,87312.0
1777651303.4029856,8725750,87316.0
1777651347.9347067,8726392,87320.0
1777651379.3107266,8726833,87324.0
1777651411.3785968,8727290,87328.0
1777651447.6466897,8727795,87332.0
1777651478.0022335,8728228,87336.0
1777651513.2544734,8728724,87340.0
1777651548.7542417,8729232,87344.0
1777651595.1457245,8729886,87348.0
1777651614.5980048,8730158,87352.0
1777651656.2296963,8730737,87356.0
1777651694.3135843,8731280,87360.0
1777651730.2337468,8731794,87364.0
1777651757.605662,8732177,87368.0
1777651785.709708,8732564,87372.0
1777651818.5174103,8733032,87376.0
1777651867.6406982,8733729,87380.0
1777651926.2528412,8734567,87384.0
1777651966.6686983,8735142,87388.0
1777652001.5447578,8735638,87392.0
1777652041.7283778,8736211,87396.0
1777652081.3444881,8736775,87400.0
1777652119.3438218,8737317,87404.0
1777652156.3279815,8737843,87408.0
1777652180.188129,8738171,87412.0
1777652224.4036262,8738797,87416.0
1777652260.5876908,8739311,87420.0
1777652285.9475179,8739671,87424.0
1777652317.7996056,8740117,87428.0
1777652357.747412,8740688,87432.0
1777652379.9909298,8740993,87436.0
1777652418.6749694,8741550,87440.0
1777652454.3227367,8742057,87444.0
1777652497.326686,8742663,87448.0
1777652530.2186904,8743132,87452.0
1777652564.2023427,8743611,87456.0
1777652591.5943477,8743995,87460.0
1777652628.525684,8744525,87464.0
1777652662.8939235,8745016,87468.0
1777652701.162087,8745561,87472.0
1777652724.6017475,8745889,87476.0
1777652751.5456276,8746264,87480.0
1777652781.9448044,8746694,87484.0
1777652811.4850163,8747108,87488.0
1777652845.7887645,8747596,87492.0
1777652865.9602475,8747875,87496.0
1777652912.7440283,8748542,87500.0
1777652949.9480355,8749065,87504.0
1777653014.2876256,8749995,87508.0
1777653043.739352,8750402,87512.0
1777653065.4468162,8750707,87516.0
1777653091.9906688,8751084,87520.0
1777653120.954878,8751491,87524.0
1777653163.8746064,8752091,87528.0
1777653192.9502552,8752502,87532.0
1777653218.0057917,8752851,87536.0
1777653241.6899946,8753184,87540.0
1777653288.1578772,8753849,87544.0
1777653314.3817837,8754214,87548.0
1777653349.4334812,8754713,87552.0
1777653372.8088968,8755033,87556.0
1777653410.3247347,8755568,87560.0
1777653443.8247027,8756039,87564.0
1777653475.8687186,8756497,87568.0
1777653520.2204194,8757122,87572.0
1777653550.4038959,8757546,87576.0
1777653575.811916,8757903,87580.0
1777653612.8795807,8758426,87584.0
1777653641.3875115,8758819,87588.0
1777653669.8556638,8759222,87592.0
1777653694.1795692,8759567,87596.0
1777653729.7948663,8760067,87600.0
1777653770.8149555,8760651,87604.0
1777653811.8626857,8761239,87608.0
1777653838.7547097,8761613,87612.0
1777653872.6223426,8762093,87616.0
1777653905.4659219,8762559,87620.0
1777653946.9818478,8763150,87624.0
1777653971.7818713,8763491,87628.0
1777653990.605679,8763756,87632.0
1777654020.3657153,8764170,87636.0
1777654056.849435,8764692,87640.0
1777654083.525493,8765065,87644.0
1777654119.6570258,8765578,87648.0
1777654150.1690936,8766009,87652.0
1777654193.4606714,8766632,87656.0
1777654217.4007201,8766970,87660.0
1777654267.73668,8767703,87664.0
1777654292.0279112,8768045,87668.0
1777654310.7198822,8768298,87672.0
1777654326.2123766,8768517,87676.0
1777654362.811905,8769031,87680.0
1777654408.1796649,8769689,87684.0
1777654441.7276683,8770167,87688.0
1777654493.6108913,8770910,87692.0
1777654515.1391785,8771204,87696.0
1777654554.3555512,8771766,87700.0
1777654588.454705,8772252,87704.0
1777654614.530619,8772618,87708.0
1777654666.458458,8773360,87712.0
1777654694.0063126,8773750,87716.0
1777654716.673982,8774070,87720.0
1777654750.0900097,8774540,87724.0
1777654788.1418915,8775079,87728.0
1777654831.6937423,8775699,87732.0
1777654846.665625,8775903,87736.0
1777654880.3776867,8776382,87740.0
1777654920.5775502,8776956,87744.0
1777654947.5092962,8777337,87748.0
1777654979.1007895,8777784,87752.0
1777655003.9208403,8778131,87756.0
1777655037.3289413,8778603,87760.0
1777655085.5048633,8779293,87764.0
1777655114.8449132,8779706,87768.0
1777655141.0967445,8780077,87772.0
1777655189.4964633,8780770,87776.0
1777655220.5724788,8781211,87780.0
1777655249.1039958,8781611,87784.0
1777655299.5244691,8782322,87788.0
1777655329.8556526,8782751,87792.0
1777655365.715779,8783264,87796.0
1777655399.0996451,8783739,87800.0
1777655434.1834269,8784237,87804.0
1777655482.1674042,8784923,87808.0
1777655525.8350306,8785544,87812.0
1777655569.1428294,8786148,87816.0
1777655594.5667024,8786506,87820.0
1777655629.6347063,8787003,87824.0
1777655683.3184164,8787773,87828.0
1777655714.5539699,8788208,87832.0
1777655770.7021418,8789008,87836.0
1777655792.0058954,8789311,87840.0
1777655823.261697,8789749,87844.0
1777655852.481564,8790164,87848.0
1777655886.273405,8790640,87852.0
1777655912.197727,8791006,87856.0
1777655944.7649372,8791470,87860.0
1777655978.5649285,8791948,87864.0
1777656005.0887337,8792320,87868.0
1777656042.4088848,8792843,87872.0
1777656070.0169322,8793242,87876.0
1777656102.316139,8793695,87880.0
1777656147.1679535,8794341,87884.0
1777656164.3759518,8794574,87888.0
1777656191.3440459,8794948,87892.0
1777656228.8,8795472,87896.0
1777656257.5837312,8795881,87900.0
1777656299.9675975,8796485,87904.0
1777656323.475285,8796814,87908.0
1777656361.2429986,8797345,87912.0
1777656393.8870115,8797811,87916.0
1777656441.2270303,8798477,87920.0
1777656472.1708815,8798918,87924.0
1777656514.454659,8799527,87928.0
1777656554.2065237,8800086,87932.0
1777656615.3139622,8800962,87936.0
1777656654.582109,8801526,87940.0
1777656680.6578765,8801889,87944.0
1777656705.9416497,8802245,87948.0
1777656764.5815158,8803085,87952.0
1777656793.4496891,8803493,87956.0
1777656827.2408736,8803964,87960.0
1777656879.4088857,8804718,87964.0
1777656913.0929337,8805189,87968.0
1777656947.1448796,8805670,87972.0
1777656961.308825,8805869,87976.0
1777656995.6450658,8806361,87980.0
1777657030.2126672,8806848,87984.0
1777657060.0366175,8807271,87988.0
1777657096.0526474,8807769,87992.0
1777657142.4525833,8808432,87996.0
1777657173.5725706,8808871,88000.0
1777657206.428385,8809335,88004.0
1777657258.6243834,8810085,88008.0
1777657300.6239858,8810681,88012.0
1777657317.063953,8810900,88016.0
1777657353.2636638,8811413,88020.0
1777657401.283706,8812093,88024.0
1777657455.6756234,8812870,88028.0
1777657486.667554,8813306,88032.0
1777657524.7991772,8813849,88036.0
1777657557.319072,8814304,88040.0
1777657593.8867602,8814822,88044.0
1777657628.4790425,8815313,88048.0
1777657665.6627023,8815827,88052.0
1777657702.4264922,8816352,88056.0
1777657727.8465781,8816703,88060.0
1777657763.6546643,8817214,88064.0
1777657803.2061453,8817772,88068.0
1777657861.5137055,8818601,88072.0
1777657886.205972,8818947,88076.0
1777657917.2058375,8819384,88080.0
1777657969.2737896,8820126,88084.0
1777657997.9255006,8820525,88088.0
1777658028.9816945,8820962,88092.0
1777658054.8414233,8821319,88096.0
1777658090.52485,8821821,88100.0
1777658107.4493768,8822063,88104.0
1777658133.2568066,8822421,88108.0
1777658185.7327917,8823169,88112.0
1777658219.408798,8823649,88116.0
1777658238.3845816,8823905,88120.0
1777658290.5124888,8824659,88124.0
1777658341.6204088,8825394,88128.0
1777658375.2961357,8825867,88132.0
1777658399.7357078,8826210,88136.0
1777658432.0877092,8826667,88140.0
1777658480.2716858,8827348,88144.0
1777658520.1036005,8827916,88148.0
1777658564.2317643,8828549,88152.0
1777658596.070916,8828991,88156.0
1777658629.4228916,8829465,88160.0
1777658663.8306174,8829956,88164.0
1777658698.1667542,8830445,88168.0
1777658729.9987454,8830892,88172.0
1777658776.38253,8831547,88176.0
1777658795.8420713,8831825,88180.0
1777658845.4098625,8832531,88184.0
1777658884.1579368,8833087,88188.0
1777658945.1697745,8833956,88192.0
1777658979.5858524,8834449,88196.0
1777659009.5374043,8834870,88200.0
1777659038.8607905,8835283,88204.0
1777659076.7970235,8835816,88208.0
1777659113.4449804,8836334,88212.0
1777659149.7367165,8836860,88216.0
1777659169.720575,8837134,88220.0
1777659191.6963713,8837449,88224.0
1777659231.948006,8838016,88228.0
1777659248.5642064,8838248,88232.0
1777659291.9479687,8838852,88236.0
1777659327.4397333,8839360,88240.0
1777659361.5996246,8839841,88244.0
1777659406.6753664,8840480,88248.0
1777659459.590786,8841242,88252.0
1777659485.350764,8841594,88256.0
1777659530.4587204,8842239,88260.0
1777659564.7345872,8842725,88264.0
1777659612.7344918,8843416,88268.0
1777659639.017802,8843787,88272.0
1777659665.1619346,8844152,88276.0
1777659695.953867,8844582,88280.0
1777659743.345285,8845259,88284.0
1777659799.6694736,8846064,88288.0
1777659829.8774545,8846488,88292.0
1777659864.6448593,8846987,88296.0
1777659882.6048338,8847244,88300.0
1777659915.2649732,8847707,88304.0
1777659965.7204416,8848430,88308.0
1777660006.104404,8849011,88312.0
1777660042.0246058,8849521,88316.0
1777660070.864227,8849922,88320.0
1777660114.631961,8850554,88324.0
1777660137.7477467,8850873,88328.0
1777660168.207982,8851307,88332.0
1777660194.3836877,8851671,88336.0
1777660222.5071113,8852069,88340.0
1777660257.527022,8852568,88344.0
1777660297.5113096,8853144,88348.0
1777660343.7346587,8853792,88352.0
1777660366.9787562,8854120,88356.0
1777660407.578736,8854695,88360.0
1777660433.0346122,8855056,88364.0
1777660473.886567,8855631,88368.0
1777660524.7381356,8856352,88372.0
1777660548.7217426,8856693,88376.0
1777660581.3298988,8857153,88380.0
1777660603.2057233,8857456,88384.0
1777660625.4977176,8857762,88388.0
1777660650.8297365,8858115,88392.0
1777660673.489733,8858432,88396.0
1777660720.204909,8859102,88400.0
1777660766.4249487,8859759,88404.0
1777660802.7407594,8860278,88408.0
1777660830.2409036,8860671,88412.0
1777660873.824723,8861302,88416.0
1777660916.3083062,8861900,88420.0
1777660963.0243106,8862579,88424.0
1777660990.8518898,8862969,88428.0
1777661019.0676513,8863371,88432.0
1777661043.1437058,8863709,88436.0
1777661068.4676535,8864063,88440.0
1777661113.1514328,8864706,88444.0
1777661153.9187856,8865277,88448.0
1777661199.178859,8865924,88452.0
1777661231.270785,8866378,88456.0
1777661260.722851,8866792,88460.0
1777661295.3467152,8867287,88464.0
1777661323.9983857,8867692,88468.0
1777661345.8904924,8867993,88472.0
1777661370.4460099,8868342,88476.0
1777661410.4456558,8868913,88480.0
1777661458.589789,8869597,88484.0
1777661505.5894969,8870272,88488.0
1777661540.0249016,8870754,88492.0
1777661593.9087656,8871514,88496.0
1777661620.5930874,8871887,88500.0
1777661656.2008202,8872393,88504.0
1777661687.7168746,8872838,88508.0
1777661725.7363715,8873366,88512.0
1777661747.727839,8873676,88516.0
1777661789.0757842,8874255,88520.0
1777661820.2837536,8874699,88524.0
1777661867.8436675,8875383,88528.0
1777661885.1355426,8875615,88532.0
1777661904.7795472,8875886,88536.0
1777661938.8548524,8876362,88540.0
1777661965.354882,8876738,88544.0
1777661999.5949593,8877217,88548.0
1777662039.9147878,8877796,88552.0
1777662089.9227815,8878505,88556.0
1777662106.5822072,8878742,88560.0
1777662137.1066883,8879168,88564.0
1777662168.8059912,8879621,88568.0
1777662202.5977385,8880096,88572.0
1777662235.197777,8880557,88576.0
1777662262.5418634,8880928,88580.0
1777662296.7576528,8881419,88584.0
1777662324.5658317,8881806,88588.0
1777662357.5850236,8882271,88592.0
1777662384.6248112,8882646,88596.0
1777662407.468865,8882962,88600.0
1777662455.4928887,8883642,88604.0
1777662490.928491,8884144,88608.0
1777662506.7447412,8884360,88612.0
1777662532.9286642,8884725,88616.0
1777662574.360302,8885311,88620.0
1777662622.3799899,8886005,88624.0
1777662642.8519282,8886281,88628.0
1777662677.2357059,8886767,88632.0
1777662718.88774,8887360,88636.0
1777662747.6117275,8887764,88640.0
1777662774.915621,8888145,88644.0
1777662813.9316015,8888695,88648.0
1777662840.355113,8889072,88652.0
1777662891.1391027,8889797,88656.0
1777662902.166754,8889948,88660.0
1777662942.2309399,8890508,88664.0
1777662972.582703,8890929,88668.0
1777663002.006531,8891347,88672.0
1777663041.3259017,8891904,88676.0
1777663077.8098445,8892424,88680.0
1777663118.4577196,8892995,88684.0
1777663147.3175123,8893399,88688.0
1777663176.8856618,8893809,88692.0
1777663194.3334908,8894058,88696.0
1777663233.4368994,8894616,88700.0
1777663282.2447827,8895312,88704.0
1777663323.060842,8895889,88708.0
1777663357.0886838,8896366,88712.0
1777663385.6045344,8896765,88716.0
1777663407.0804083,8897071,88720.0
1777663441.827818,8897565,88724.0
1777663474.3718574,8898027,88728.0
1777663530.5476384,8898824,88732.0
1777663576.1476345,8899467,88736.0
1777663608.4157646,8899924,88740.0
1777663641.391217,8900385,88744.0
1777663664.206947,8900701,88748.0
1777663692.1666746,8901087,88752.0
1777663741.7665725,8901801,88756.0
1777663784.4505942,8902397,88760.0
1777663826.6945708,8903002,88764.0
1777663856.750527,8903426,88768.0
1777663883.0938447,8903794,88772.0
1777663908.0416627,8904138,88776.0
1777663924.1858156,8904362,88780.0
1777663982.117693,8905192,88784.0
1777664007.7094564,8905552,88788.0
1777664054.2048085,8906211,88792.0
1777664077.413626,8906534,88796.0
1777664122.0965598,8907172,88800.0
1777664148.8364341,8907548,88804.0
1777664181.956656,8908014,88808.0
1777664226.0886137,8908645,88812.0
1777664256.256316,8909076,88816.0
1777664278.7478273,8909387,88820.0
1777664314.4637656,8909897,88824.0
1777664335.7398427,8910192,88828.0
1777664375.1558194,8910755,88832.0
1777664419.89171,8911382,88836.0
1777664444.1511285,8911718,88840.0
1777664471.691482,8912108,88844.0
1777664494.190714,8912426,88848.0
1777664545.4746265,8913159,88852.0
1777664562.8187635,8913394,88856.0
1777664604.4347358,8913989,88860.0
1777664661.3618984,8914804,88864.0
1777664687.91814,8915172,88868.0
1777664712.985924,8915521,88872.0
1777664758.3217165,8916171,88876.0
1777664781.0137832,8916484,88880.0
1777664822.729775,8917083,88884.0
1777664880.4053862,8917904,88888.0
1777664926.704823,8918562,88892.0
1777664945.7649512,8918829,88896.0
1777664975.788907,8919256,88900.0
1777665008.3889875,8919714,88904.0
1777665063.7004583,8920507,88908.0
1777665079.2079105,8920709,88912.0
1777665096.6398113,8920954,88916.0
1777665140.4235754,8921565,88920.0
1777665165.1079264,8921911,88924.0
1777665209.2756174,8922542,88928.0
1777665256.3430424,8923208,88932.0
1777665295.926724,8923771,88936.0
1777665327.2949069,8924216,88940.0
1777665365.0424,8924752,88944.0
1777665401.402489,8925263,88948.0
1777665434.6778984,8925723,88952.0
1777665486.609591,8926466,88956.0
1777665523.9862792,8926998,88960.0
1777665560.5536695,8927508,88964.0
1777665593.7375102,8927977,88968.0
1777665621.9613254,8928365,88972.0
1777665643.6367412,8928672,88976.0
1777665674.1047504,8929096,88980.0
1777665723.572547,8929806,88984.0
1777665758.8404655,8930300,88988.0
1777665791.4080725,8930762,88992.0
1777665829.072565,8931282,88996.0
1777665841.791667,8931455,89000.0
1777665875.0556693,8931919,89004.0
1777665911.7917712,8932440,89008.0
1777665949.6993818,8932970,89012.0
1777665978.5510368,8933378,89016.0
1777665996.4590092,8933627,89020.0
1777666032.3587549,8934142,89024.0
1777666077.4267209,8934780,89028.0
1777666109.8026452,8935236,89032.0
1777666148.5344143,8935782,89036.0
1777666180.786112,8936240,89040.0
1777666216.286223,8936737,89044.0
1777666265.8377552,8937442,89048.0
1777666300.4537966,8937937,89052.0
1777666329.4294426,8938340,89056.0
1777666358.9611712,8938759,89060.0
1777666424.9047296,8939711,89064.0
1777666455.428696,8940138,89068.0
1777666510.4047046,8940923,89072.0
1777666549.60858,8941469,89076.0
1777666562.580215,8941642,89080.0
1777666622.8077247,8942501,89084.0
1777666662.807786,8943065,89088.0
1777666682.6998186,8943340,89092.0
1777666722.1151838,8943893,89096.0
1777666754.2753658,8944347,89100.0
1777666783.5429964,8944758,89104.0
1777666818.6032329,8945255,89108.0
1777666847.550765,8945665,89112.0
1777666894.450701,8946336,89116.0
1777666919.6426966,8946677,89120.0
1777666954.7626922,8947181,89124.0
1777666994.4458647,8947749,89128.0
1777667016.869932,8948062,89132.0
1777667061.8380544,8948690,89136.0
1777667100.5697799,8949243,89140.0
1777667148.4456158,8949935,89144.0
1777667168.137761,8950203,89148.0
1777667187.3816898,8950463,89152.0
1777667225.2580705,8951007,89156.0
1777667255.2417693,8951425,89160.0
1777667292.6577897,8951964,89164.0
1777667328.2097042,8952463,89168.0
1777667360.7936423,8952913,89172.0
1777667387.7096586,8953296,89176.0
1777667416.3937912,8953696,89180.0
1777667470.753846,8954470,89184.0
1777667503.9857247,8954933,89188.0
1777667531.2934911,8955318,89192.0
1777667564.285797,8955783,89196.0
1777667584.961707,8956065,89200.0
1777667635.0534856,8956786,89204.0
1777667667.4735832,8957239,89208.0
1777667715.0569053,8957923,89212.0
1777667761.8407423,8958591,89216.0
1777667794.0887504,8959041,89220.0
1777667821.6008413,8959432,89224.0
1777667863.9011133,8960038,89228.0
1777667908.3007536,8960659,89232.0
1777667957.160728,8961366,89236.0
1777667987.836436,8961800,89240.0
1777668040.7124367,8962550,89244.0
1777668085.7763946,8963192,89248.0
1777668121.6277652,8963697,89252.0
1777668146.0718818,8964040,89256.0
1777668175.4276123,8964449,89260.0
1777668209.4473732,8964934,89264.0
1777668246.4317007,8965455,89268.0
1777668277.0554178,8965889,89272.0
1777668314.4554057,8966416,89276.0
1777668337.1476123,8966728,89280.0
1777668378.8307524,8967322,89284.0
1777668402.3829226,8967649,89288.0
1777668423.0387628,8967935,89292.0
1777668457.1987164,8968412,89296.0
1777668496.1349497,8968963,89300.0
1777668542.310569,8969621,89304.0
1777668568.734465,8969983,89308.0
1777668602.4861054,8970463,89312.0
1777668637.2577505,8970954,89316.0
1777668656.8105624,8971220,89320.0
1777668707.8100412,8971956,89324.0
1777668728.6179159,8972244,89328.0
1777668776.6536684,8972919,89332.0
1777668819.6214957,8973535,89336.0
1777668840.3613112,8973814,89340.0
1777668882.9971106,8974432,89344.0
1777668914.2651732,8974865,89348.0
1777668943.272697,8975274,89352.0
1777668981.8887146,8975824,89356.0
1777669018.6727216,8976339,89360.0
1777669068.3486776,8977054,89364.0
1777669103.0564342,8977543,89368.0
1777669139.2916374,8978049,89372.0
1777669183.5597239,8978677,89376.0
1777669226.9235687,8979282,89380.0
1777669270.467734,8979911,89384.0
1777669313.1350398,8980518,89388.0
1777669341.126886,8980914,89392.0
1777669388.1789937,8981578,89396.0
1777669428.6111515,8982154,89400.0
1777669469.186697,8982729,89404.0
1777669516.3225563,8983402,89408.0
1777669549.9145472,8983874,89412.0
1777669591.454463,8984457,89416.0
1777669622.830013,8984899,89420.0
1777669642.6382647,8985182,89424.0
1777669676.5899854,8985658,89428.0
1777669711.4976652,8986144,89432.0
1777669739.4656625,8986542,89436.0
1777669755.5816877,8986760,89440.0
1777669790.2815073,8987257,89444.0
1777669806.8411,8987477,89448.0
1777669856.984855,8988194,89452.0
1777669891.9409592,8988682,89456.0
1777669921.1085587,8989096,89460.0
1777669957.08477,8989609,89464.0
1777669991.5007367,8990098,89468.0
1777670017.7765598,8990463,89472.0
1777670077.9518483,8991330,89476.0
1777670109.435808,8991778,89480.0
1777670131.611929,8992089,89484.0
1777670163.596245,8992542,89488.0
1777670194.9197197,8992984,89492.0
1777670211.1957223,8993214,89496.0
1777670241.679705,8993650,89500.0
1777670280.5875769,8994192,89504.0
1777670331.84684,8994929,89508.0
1777670370.0309584,8995468,89512.0
1777670418.214831,8996158,89516.0
1777670450.1667747,8996609,89520.0
1777670479.8067307,8997024,89524.0
1777670520.3425467,8997600,89528.0
1777670548.4265463,8997986,89532.0
1777670581.8498435,8998458,89536.0
1777670616.1345012,8998936,89540.0
1777670655.1496708,8999499,89544.0
1777670691.2858155,9000012,89548.0
1777670745.3376355,9000721,89552.0
1777670787.0216448,9001320,89556.0
1777670809.7692213,9001632,89560.0
1777670836.177372,9002002,89564.0
1777670875.4126818,9002564,89568.0
1777670947.1367044,9003590,89572.0
1777670986.9405966,9004163,89576.0
1777671027.9247272,9004747,89580.0
1777671070.7079237,9005350,89584.0
1777671108.8079243,9005897,89588.0
1777671143.0917697,9006375,89592.0
1777671171.8675537,9006778,89596.0
1777671201.1994002,9007190,89600.0
1777671240.0986552,9007739,89604.0
1777671277.4977667,9008267,89608.0
1777671296.3737726,9008534,89612.0
1777671321.6816921,9008884,89616.0
1777671343.8574648,9009183,89620.0
1777671367.832839,9009520,89624.0
1777671396.1485927,9009910,89628.0
1777671427.5603368,9010354,89632.0
1777671464.5244122,9010882,89636.0
1777671485.1154752,9011165,89640.0
1777671522.6514459,9011699,89644.0
1777671556.9188962,9012186,89648.0
1777671586.8948827,9012605,89652.0
1777671625.4424136,9013155,89656.0
1777671667.6419494,9013740,89660.0
1777671716.009757,9014436,89664.0
1777671757.4091172,9015022,89668.0
1777671800.9688728,9015650,89672.0
1777671825.3767738,9015992,89676.0
1777671868.496477,9016610,89680.0
1777671892.9358528,9016953,89684.0
1777671919.2957842,9017319,89688.0
1777671966.8197272,9017995,89692.0
1777671994.4474413,9018378,89696.0
1777672023.1948528,9018786,89700.0
1777672073.5627534,9019513,89704.0
1777672099.390493,9019870,89708.0
1777672142.6544497,9020479,89712.0
1777672170.538067,9020868,89716.0
1777672208.441539,9021404,89720.0
1777672263.373712,9022188,89724.0
1777672292.0413032,9022592,89728.0
1777672310.316907,9022842,89732.0
1777672335.1567822,9023189,89736.0
1777672375.708809,9023764,89740.0
1777672414.840326,9024314,89744.0
1777672442.8602903,9024705,89748.0
1777672487.2838538,9025341,89752.0
1777672513.2199662,9025699,89756.0
1777672544.6757724,9026147,89760.0
1777672593.167514,9026836,89764.0
1777672639.5349662,9027500,89768.0
1777672659.310986,9027766,89772.0
1777672691.8108087,9028221,89776.0
1777672719.9867818,9028618,89780.0
1777672759.6223724,9029184,89784.0
1777672815.477802,9029988,89788.0
1777672857.4137895,9030584,89792.0
1777672891.2536087,9031059,89796.0
1777672935.5654798,9031683,89800.0
1777672967.4047601,9032128,89804.0
1777673005.6409712,9032676,89808.0
1777673049.8647196,9033291,89812.0
1777673075.6086493,9033653,89816.0
1777673103.2322378,9034049,89820.0
1777673144.748015,9034638,89824.0
1777673184.1000807,9035203,89828.0
1777673209.5076985,9035555,89832.0
1777673237.3276818,9035947,89836.0
1777673264.3836257,9036329,89840.0
1777673295.57494,9036768,89844.0
1777673344.7029054,9037466,89848.0
1777673380.886573,9037978,89852.0
1777673412.0426586,9038416,89856.0
1777673447.5942647,9038920,89860.0
1777673489.6621788,9039525,89864.0
1777673517.4379575,9039918,89868.0
1777673549.1377778,9040359,89872.0
1777673597.705935,9041048,89876.0
1777673608.8295991,9041201,89880.0
1777673641.7451007,9041672,89884.0
1777673667.6049209,9042030,89888.0
1777673709.572892,9042625,89892.0
1777673750.940716,9043210,89896.0
1777673786.3403811,9043718,89900.0
1777673828.7718523,9044318,89904.0
1777673864.8081393,9044828,89908.0
1777673926.7315192,9045720,89912.0
1777673972.783398,9046386,89916.0
1777673998.0589764,9046740,89920.0
1777674040.2509336,9047341,89924.0
1777674082.3267155,9047943,89928.0
1777674125.7267585,9048537,89932.0
1777674140.1347463,9048734,89936.0
1777674160.7426167,9049020,89940.0
1777674214.9698367,9049797,89944.0
1777674239.2299063,9050145,89948.0
1777674257.321819,9050385,89952.0
1777674278.2617195,9050677,89956.0
1777674312.2296758,9051160,89960.0
1777674352.681524,9051739,89964.0
1777674392.8288143,9052312,89968.0
1777674431.9287782,9052868,89972.0
1777674468.8407211,9053388,89976.0
1777674503.7407947,9053887,89980.0
1777674533.839864,9054310,89984.0
1777674560.5645711,9054688,89988.0
1777674595.3316963,9055178,89992.0
1777674628.9077802,9055655,89996.0
1777674662.1396973,9056122,90000.0
1777674696.6915927,9056616,90004.0
1777674732.5430043,9057114,90008.0
1777674768.7985878,9057635,90012.0
1777674781.8589058,9057811,90016.0
1777674807.818778,9058177,90020.0
1777674843.402678,9058681,90024.0
1777674878.9704356,9059176,90028.0
1777674914.9180925,9059683,90032.0
1777674945.4617796,9060113,90036.0
1777674981.4095278,9060627,90040.0
1777675019.2456172,9061170,90044.0
1777675045.2693925,9061533,90048.0
1777675086.5048609,9062126,90052.0
1777675099.760949,9062292,90056.0
1777675144.2807117,9062935,90060.0
1777675169.38875,9063283,90064.0
1777675201.7566617,9063741,90068.0
1777675250.1879337,9064427,90072.0
1777675279.3083122,9064836,90076.0
1777675311.9325688,9065296,90080.0
1777675336.0406182,9065634,90084.0
1777675348.4165206,9065804,90088.0
1777675364.6567826,9066017,90092.0
1777675412.7088392,9066712,90096.0
1777675447.7096379,9067203,90100.0
1777675482.3297167,9067685,90104.0
1777675518.337535,9068194,90108.0
1777675563.3696404,9068842,90112.0
1777675589.7381094,9069213,90116.0
1777675619.5139732,9069632,90120.0
1777675668.5223227,9070329,90124.0
1777675713.5058668,9070972,90128.0
1777675758.4063826,9071605,90132.0
1777675787.910594,9072024,90136.0
1777675816.818154,9072429,90140.0
1777675854.402344,9072969,90144.0
1777675885.0104244,9073394,90148.0
1777675927.6266992,9074007,90152.0
1777675966.2704868,9074543,90156.0
1777676007.7304256,9075142,90160.0
1777676064.8223538,9075957,90164.0
1777676097.0539005,9076411,90168.0
1777676137.9379919,9076996,90172.0
1777676152.61386,9077179,90176.0
1777676179.9379275,9077566,90180.0
1777676221.774032,9078164,90184.0
1777676254.225816,9078627,90188.0
1777676272.9982157,9078878,90192.0
1777676309.6097062,9079396,90196.0
1777676348.1577144,9079945,90200.0
1777676374.7577055,9080321,90204.0
1777676406.485688,9080767,90208.0
1777676450.2536428,9081384,90212.0
1777676496.4090726,9082044,90216.0
1777676519.8214452,9082368,90220.0
1777676544.045453,9082701,90224.0
1777676566.1695101,9083005,90228.0
1777676614.66885,9083703,90232.0
1777676636.3607826,9083999,90236.0
1777676678.372974,9084598,90240.0
1777676704.2485797,9084963,90244.0
1777676755.1807463,9085681,90248.0
1777676783.848819,9086080,90252.0
1777676825.6489818,9086677,90256.0
1777676842.0083957,9086899,90260.0
1777676888.640513,9087567,90264.0
1777676935.9078617,9088235,90268.0
1777676985.6001554,9088955,90272.0
1777677026.0357678,9089519,90276.0
1777677065.1037836,9090073,90280.0
1777677098.211729,9090546,90284.0
1777677136.1276293,9091080,90288.0
1777677167.227516,9091528,90292.0
1777677199.7714171,9091987,90296.0
1777677237.7034483,9092520,90300.0
1777677272.4549305,9093013,90304.0
1777677300.1946158,9093400,90308.0
1777677320.1068375,9093677,90312.0
1777677363.8906825,9094293,90316.0
1777677397.673815,9094766,90320.0
1777677424.6978178,9095148,90324.0
1777677459.865393,9095646,90328.0
1777677494.832857,9096144,90332.0
1777677527.9809258,9096611,90336.0
1777677564.6725316,9097128,90340.0
1777677608.564302,9097759,90344.0
1777677646.423949,9098299,90348.0
1777677685.451951,9098839,90352.0
1777677726.143509,9099417,90356.0
1777677765.7071562,9099983,90360.0
1777677826.0193424,9100850,90364.0
1777677871.7583647,9101497,90368.0
1777677899.9505017,9101893,90372.0
1777677937.7699249,9102432,90376.0
1777677978.7017896,9103014,90380.0
1777678031.9855487,9103777,90384.0
1777678064.4694932,9104234,90388.0
1777678104.3688114,9104810,90392.0
1777678137.3891559,9105264,90396.0
1777678177.6566036,9105839,90400.0
1777678214.0127165,9106357,90404.0
1777678245.840382,9106803,90408.0
1777678271.5879881,9107163,90412.0
1777678315.4559994,9107796,90416.0
1777678342.0237749,9108169,90420.0
1777678383.855738,9108760,90424.0
1777678414.931606,9109200,90428.0
1777678439.0834298,9109531,90432.0
1777678480.7352843,9110125,90436.0
1777678501.5273736,9110411,90440.0
1777678534.9506485,9110882,90444.0
1777678571.6826968,9111407,90448.0
1777678622.3426027,9112121,90452.0
1777678655.617995,9112587,90456.0
1777678692.717861,9113120,90460.0
1777678739.0179152,9113773,90464.0
1777678778.1697135,9114332,90468.0
1777678819.7054932,9114923,90472.0
1777678860.4374676,9115490,90476.0
1777678882.2130895,9115805,90480.0
1777678912.7809672,9116237,90484.0
1777678948.3127162,9116737,90488.0
1777678976.1052623,9117141,90492.0
1777679013.7887459,9117669,90496.0
1777679052.9085073,9118225,90500.0
1777679083.9999366,9118668,90504.0
1777679114.9999526,9119104,90508.0
1777679159.547866,9119746,90512.0
1777679215.3917718,9120543,90516.0
1777679255.0077174,9121097,90520.0
1777679284.8437161,9121519,90524.0
1777679313.3349464,9121915,90528.0
1777679340.0751228,9122298,90532.0
1777679379.1428373,9122847,90536.0
1777679406.1865711,9123225,90540.0
1777679441.8699863,9123731,90544.0
1777679482.6856668,9124319,90548.0
1777679533.7134655,9125042,90552.0
1777679562.8210835,9125448,90556.0
1777679591.2130997,9125839,90560.0
1777679615.9447856,9126187,90564.0
1777679658.3799033,9126792,90568.0
1777679696.7801504,9127331,90572.0
1777679748.0797791,9128069,90576.0
1777679760.7234933,9128242,90580.0
1777679803.055655,9128835,90584.0
1777679858.330762,9129620,90588.0
1777679894.8066792,9130137,90592.0
1777679914.0299313,9130401,90596.0
1777679934.9740782,9130698,90600.0
1777679979.4817798,9131325,90604.0
1777680016.6975946,9131857,90608.0
1777680054.2570028,9132392,90612.0
1777680105.2171566,9133116,90616.0
1777680148.6008935,9133741,90620.0
1777680182.200504,9134217,90624.0
1777680222.999932,9134784,90628.0
1777680267.1359587,9135422,90632.0
1777680285.6759455,9135671,90636.0
1777680298.2117891,9135841,90640.0
1777680339.1682577,9136421,90644.0
1777680378.0595057,9136975,90648.0
1777680418.6788096,9137553,90652.0
1777680431.4350026,9137720,90656.0
1777680459.2467513,9138113,90660.0
1777680497.1627572,9138651,90664.0
1777680533.9465992,9139176,90668.0
1777680551.4863112,9139406,90672.0
1777680576.322491,9139755,90676.0
1777680610.1619496,9140231,90680.0
1777680660.1296444,9140953,90684.0
1777680700.0816424,9141512,90688.0
1777680721.2889805,9141817,90692.0
1777680763.6728218,9142414,90696.0
1777680785.4090786,9142727,90700.0
1777680812.6807404,9143106,90704.0
1777680824.4651139,9143255,90708.0
1777680857.8643723,9143734,90712.0
1777680889.6163056,9144182,90716.0
1777680920.0081882,9144611,90720.0
1777680969.2838733,9145315,90724.0
1777681008.2199862,9145869,90728.0
1777681055.4834154,9146548,90732.0
1777681094.167302,9147092,90736.0
1777681135.1868968,9147682,90740.0
1777681177.118633,9148287,90744.0
1777681204.0787132,9148669,90748.0
1777681226.870248,9148989,90752.0
1777681254.9381127,9149388,90756.0
1777681292.653936,9149924,90760.0
1777681320.7138145,9150321,90764.0
1777681370.1137,9151012,90768.0
1777681414.9735699,9151653,90772.0
1777681445.797477,9152090,90776.0
1777681469.8409288,9152416,90780.0
1777681500.8569655,9152855,90784.0
1777681541.5411463,9153430,90788.0
1777681569.4166338,9153825,90792.0
1777681605.2165906,9154315,90796.0
1777681644.0163429,9154870,90800.0
1777681677.1837087,9155340,90804.0
1777681712.375781,9155838,90808.0
1777681738.3597443,9156199,90812.0
1777681763.5834413,9156554,90816.0
1777681815.9594336,9157291,90820.0
1777681836.7750025,9157591,90824.0
1777681870.8953114,9158065,90828.0
1777681896.2029276,9158416,90832.0
1777681924.402726,9158809,90836.0
1777681963.6384027,9159366,90840.0
1777681982.3786478,9159627,90844.0
1777682007.9224231,9159981,90848.0
1777682037.313856,9160398,90852.0
1777682071.1300488,9160870,90856.0
1777682092.2219787,9161158,90860.0
1777682130.153351,9161698,90864.0
1777682153.7657115,9162025,90868.0
1777682185.6133354,9162464,90872.0
1777682213.2409935,9162850,90876.0
1777682236.897062,9163178,90880.0
1777682268.2168965,9163619,90884.0
1777682292.18891,9163962,90888.0
1777682333.792674,9164540,90892.0
1777682361.8846118,9164935,90896.0
1777682392.9841416,9165371,90900.0
1777682421.4320395,9165775,90904.0
1777682450.3079283,9166175,90908.0
1777682482.7159731,9166634,90912.0
1777682510.4199824,9167021,90916.0
1777682549.7355156,9167580,90920.0
1777682567.7953737,9167827,90924.0
1777682606.2350192,9168370,90928.0
1777682633.3510795,9168749,90932.0
1777682677.4867651,9169378,90936.0
1777682720.386564,9169977,90940.0
1777682749.0020704,9170382,90944.0
1777682785.078023,9170894,90948.0
1777682814.5299156,9171308,90952.0
1777682847.6137524,9171770,90956.0
1777682877.3895922,9172191,90960.0
1777682907.6656973,9172614,90964.0
1777682949.4494047,9173217,90968.0
1777682984.4648533,9173714,90972.0
1777683010.1410017,9174074,90976.0
1777683054.4804964,9174700,90980.0
1777683092.1566827,9175239,90984.0
1777683121.5922089,9175646,90988.0
1777683151.4163084,9176067,90992.0
1777683166.9918633,9176284,90996.0
1777683195.0919929,9176680,91000.0
1777683240.6596596,9177324,91004.0
1777683266.3677416,9177684,91008.0
1777683298.6514196,9178142,91012.0
1777683360.1789367,9179020,91016.0
1777683386.7190104,9179388,91020.0
1777683406.862865,9179678,91024.0
1777683434.6188047,9180074,91028.0
1777683452.194695,9180300,91032.0
1777683472.5306358,9180578,91036.0
1777683511.9703379,9181141,91040.0
1777683541.0385544,9181556,91044.0
1777683589.7066982,9182246,91048.0
1777683621.1550682,9182686,91052.0
1777683650.7665002,9183102,91056.0
1777683678.9068644,9183503,91060.0
1777683712.7149677,9183978,91064.0
1777683753.9589324,9184573,91068.0
1777683775.4348109,9184863,91072.0
1777683810.119047,9185359,91076.0
1777683851.603144,9185954,91080.0
1777683884.2027574,9186420,91084.0
1777683922.0268145,9186948,91088.0
1777683953.0469334,9187380,91092.0
1777683972.002787,9187644,91096.0
1777684012.9549572,9188222,91100.0
1777684050.2549605,9188750,91104.0
1777684086.2069297,9189265,91108.0
1777684110.7308037,9189602,91112.0
1777684163.5147374,9190353,91116.0
1777684200.1311152,9190872,91120.0
1777684238.8148654,9191423,91124.0
1777684271.6187217,9191885,91128.0
1777684293.7906811,9192183,91132.0
1777684332.1587422,9192733,91136.0
1777684391.802635,9193592,91140.0
1777684436.7020826,9194228,91144.0
1777684472.0703042,9194731,91148.0
1777684510.2858193,9195275,91152.0
1777684571.9779453,9196155,91156.0
1777684592.2541578,9196431,91160.0
1777684643.4896696,9197160,91164.0
1777684669.4296827,9197529,91168.0
1777684702.0977407,9197986,91172.0
1777684737.0137076,9198478,91176.0
1777684773.1492913,9198987,91180.0
1777684805.8254218,9199452,91184.0
1777684832.4810054,9199824,91188.0
1777684857.0011435,9200166,91192.0
1777684894.300807,9200698,91196.0
1777684940.4528549,9201351,91200.0
1777684980.2007716,9201919,91204.0
1777685032.5207484,9202665,91208.0
1777685066.3363547,9203142,91212.0
1777685096.7046962,9203567,91216.0
1777685125.1599622,9203968,91220.0
1777685164.2645214,9204525,91224.0
1777685204.8956609,9205102,91228.0
1777685237.8636684,9205571,91232.0
1777685267.8237147,9205995,91236.0
1777685293.1797047,9206342,91240.0
1777685328.979671,9206855,91244.0
1777685369.1475625,9207419,91248.0
1777685405.947057,9207937,91252.0
1777685450.5990038,9208569,91256.0
1777685472.306632,9208876,91260.0
1777685521.866743,9209582,91264.0
1777685566.7826898,9210226,91268.0
1777685593.17449,9210596,91272.0
1777685619.9658911,9210975,91276.0
1777685643.401904,9211301,91280.0
1777685683.253705,9211867,91284.0
1777685712.9769654,9212292,91288.0
1777685745.360928,9212742,91292.0
1777685780.6366894,9213233,91296.0
1777685803.0605414,9213547,91300.0
1777685821.0365784,9213793,91304.0
1777685863.0677438,9214387,91308.0
1777685896.7876134,9214870,91312.0
1777685932.1555367,9215355,91316.0
1777685946.0194733,9215548,91320.0
1777685985.6191757,9216120,91324.0
1777686011.2028675,9216476,91328.0
1777686045.8305738,9216965,91332.0
1777686089.1067455,9217572,91336.0
1777686133.422066,9218214,91340.0
1777686164.229891,9218651,91344.0
1777686196.2657833,9219100,91348.0
1777686239.0657477,9219700,91352.0
1777686266.3328269,9220075,91356.0
1777686298.640909,9220532,91360.0
1777686343.656805,9221175,91364.0
1777686375.124818,9221623,91368.0
1777686397.200525,9221923,91372.0
1777686432.215891,9222422,91376.0
1777686469.4759278,9222946,91380.0
1777686505.6077576,9223452,91384.0
1777686551.9917054,9224115,91388.0
1777686603.967161,9224850,91392.0
1777686642.8348508,9225404,91396.0
1777686674.7551785,9225852,91400.0
1777686723.1187449,9226542,91404.0
1777686759.0864437,9227056,91408.0
1777686787.7779608,9227459,91412.0
1777686819.545838,9227910,91416.0
1777686855.2301674,9228414,91420.0
1777686894.8377051,9228973,91424.0
1777686933.5576382,9229520,91428.0
1777686959.673294,9229884,91432.0
1777686998.097583,9230423,91436.0
1777687048.940762,9231141,91440.0
1777687072.5806057,9231473,91444.0
1777687111.8327386,9232022,91448.0
1777687155.9165428,9232652,91452.0
1777687192.3317842,9233168,91456.0
1777687216.9439523,9233510,91460.0
1777687264.019834,9234175,91464.0
1777687302.3033676,9234720,91468.0
1777687318.8275979,9234936,91472.0
1777687350.1873865,9235375,91476.0
1777687368.8109848,9235634,91480.0
1777687411.5627482,9236239,91484.0
1777687445.094936,9236706,91488.0
1777687473.5868003,9237108,91492.0
1777687489.1304839,9237329,91496.0
1777687518.802645,9237745,91500.0
1777687556.686298,9238279,91504.0
1777687602.1698227,9238933,91508.0
1777687635.5058317,9239405,91512.0
1777687681.6736958,9240060,91516.0
1777687711.1895654,9240471,91520.0
1777687744.933691,9240953,91524.0
1777687775.1168947,9241374,91528.0
1777687821.2327967,9242035,91532.0
1777687864.4850385,9242635,91536.0
1777687902.6490934,9243178,91540.0
1777687933.0168216,9243608,91544.0
1777687967.060562,9244084,91548.0
1777687999.0078485,9244539,91552.0
1777688032.4278498,9245010,91556.0
1777688065.7038093,9245481,91560.0
1777688099.7677805,9245954,91564.0
1777688121.7599382,9246270,91568.0
1777688174.4715133,9247016,91572.0
1777688198.7109058,9247352,91576.0
1777688225.970925,9247731,91580.0
1777688278.7469394,9248487,91584.0
1777688316.1987953,9249017,91588.0
1777688341.4227028,9249367,91592.0
1777688374.7386918,9249832,91596.0
1777688415.7062628,9250422,91600.0
1777688450.9659588,9250925,91604.0
1777688508.0256917,9251740,91608.0
1777688545.3738225,9252269,91612.0
1777688566.1174004,9252554,91616.0
1777688579.8577144,9252742,91620.0
1777688602.9175384,9253068,91624.0
1777688646.7851214,9253689,91628.0
1777688669.4089825,9254014,91632.0
1777688702.060906,9254463,91636.0
1777688744.2447362,9255056,91640.0
1777688771.9206433,9255451,91644.0
1777688814.4840055,9256055,91648.0
1777688871.2278275,9256867,91652.0
1777688895.2518919,9257199,91656.0
1777688933.6557949,9257745,91660.0
1777688979.5717351,9258400,91664.0
1777689022.4793732,9259009,91668.0
1777689063.048011,9259590,91672.0
1777689097.71474,9260069,91676.0
1777689120.78277,9260398,91680.0
1777689162.4305978,9260985,91684.0
1777689215.934537,9261747,91688.0
1777689253.1424005,9262272,91692.0
1777689275.2663822,9262580,91696.0
1777689312.1661506,9263104,91700.0
1777689336.7020926,9263442,91704.0
1777689385.4776232,9264141,91708.0
1777689422.6254647,9264668,91712.0
1777689475.2533798,9265415,91716.0
1777689498.9768732,9265744,91720.0
1777689531.2129397,9266198,91724.0
1777689581.2608519,9266904,91728.0
1777689611.7126873,9267326,91732.0
1777689627.2965543,9267544,91736.0
1777689665.5720234,9268080,91740.0
1777689688.5724244,9268413,91744.0
1777689705.4646883,9268635,91748.0
1777689738.548631,9269096,91752.0
1777689767.1564546,9269503,91756.0
1777689794.6567178,9269882,91760.0
1777689814.6167696,9270169,91764.0
1777689852.4646986,9270690,91768.0
1777689882.4927208,9271120,91772.0
1777689912.8606832,9271544,91776.0
1777689943.5526853,9271980,91780.0
1777689976.000725,9272441,91784.0
1777690011.028771,9272943,91788.0
1777690050.144703,9273496,91792.0
1777690074.9445133,9273844,91796.0
1777690108.0366945,9274310,91800.0
1777690141.388517,9274786,91804.0
1777690179.5724857,9275315,91808.0
1777690240.248422,9276186,91812.0
1777690281.8967042,9276768,91816.0
1777690328.7478518,9277440,91820.0
1777690343.5398684,9277639,91824.0
1777690383.392065,9278209,91828.0
1777690418.5316622,9278712,91832.0
1777690465.2919247,9279369,91836.0
1777690504.5437555,9279928,91840.0
1777690546.7436984,9280527,91844.0
1777690572.2836235,9280885,91848.0
1777690623.243491,9281611,91852.0
1777690661.794937,9282157,91856.0
1777690697.962804,9282657,91860.0
1777690731.886685,9283141,91864.0
1777690772.9389565,9283721,91868.0
1777690800.7947123,9284116,91872.0
1777690817.3547573,9284342,91876.0
1777690842.1627958,9284689,91880.0
1777690874.0307856,9285141,91884.0
1777690904.4066887,9285560,91888.0
1777690933.9222054,9285975,91892.0
1777690953.6824768,9286239,91896.0
1777690966.7422633,9286410,91900.0
1777691003.6501348,9286940,91904.0
1777691037.9337041,9287424,91908.0
1777691073.617965,9287933,91912.0
1777691104.057698,9288355,91916.0
1777691127.4777267,9288685,91920.0
1777691162.2856848,9289177,91924.0
1777691204.2531526,9289784,91928.0
1777691235.4533346,9290225,91932.0
1777691297.5127704,9291104,91936.0
1777691333.0768383,9291613,91940.0
1777691370.1126628,9292137,91944.0
1777691406.5207798,9292655,91948.0
1777691448.8963768,9293247,91952.0
1777691484.8559804,9293746,91956.0
1777691509.8639297,9294094,91960.0
1777691526.6878605,9294334,91964.0
1777691563.4879158,9294857,91968.0
1777691593.923727,9295287,91972.0
1777691625.5837626,9295734,91976.0
1777691669.0996807,9296349,91980.0
1777691697.7151914,9296746,91984.0
1777691709.8151083,9296915,91988.0
1777691734.0749846,9297254,91992.0
1777691777.3666134,9297876,91996.0
1777691824.6022651,9298541,92000.0
1777691847.673506,9298863,92004.0
1777691891.6092882,9299491,92008.0
1777691919.7414584,9299887,92012.0
1777691966.3087654,9300539,92016.0
1777691998.6445463,9300999,92020.0
1777692055.443753,9301813,92024.0
1777692087.7957535,9302264,92028.0
1777692123.8792892,9302783,92032.0
1777692145.2188456,9303072,92036.0
1777692168.710969,9303411,92040.0
1777692199.9268599,9303858,92044.0
1777692230.7787428,9304291,92048.0
1777692257.4941127,9304667,92052.0
1777692295.0936384,9305186,92056.0
1777692350.7216566,9305987,92060.0
1777692391.988888,9306571,92064.0
1777692434.0209937,9307171,92068.0
1777692476.1405437,9307755,92072.0
1777692496.9325936,9308054,92076.0
1777692530.9963996,9308539,92080.0
1777692574.431943,9309153,92084.0
1777692615.3156402,9309733,92088.0
1777692638.6552768,9310060,92092.0
1777692675.423472,9310583,92096.0
1777692704.0828295,9310988,92100.0
1777692746.726742,9311587,92104.0
1777692787.5745091,9312174,92108.0
1777692842.2585478,9312951,92112.0
1777692867.958312,9313306,92116.0
1777692925.4536915,9314129,92120.0
1777692968.4777813,9314750,92124.0
1777693010.8529763,9315358,92128.0
1777693049.64476,9315900,92132.0
1777693095.5209298,9316559,92136.0
1777693124.4447196,9316963,92140.0
1777693174.7883358,9317680,92144.0
1777693197.028602,9317978,92148.0
1777693218.755753,9318288,92152.0
1777693249.5797791,9318719,92156.0
1777693274.947821,9319072,92160.0
1777693331.1314235,9319874,92164.0
1777693363.231364,9320333,92168.0
1777693399.9149952,9320850,92172.0
1777693429.7587736,9321274,92176.0
1777693457.9225204,9321667,92180.0
1777693494.0506952,9322181,92184.0
1777693522.4344542,9322573,92188.0
1777693569.7344933,9323235,92192.0
1777693600.785925,9323677,92196.0
1777693638.3857236,9324208,92200.0
1777693656.417703,9324454,92204.0
1777693673.961661,9324703,92208.0
1777693720.3689933,9325354,92212.0
1777693755.4769156,9325850,92216.0
1777693790.4609342,9326339,92220.0
1777693831.7690084,9326921,92224.0
1777693848.6687987,9327150,92228.0
1777693880.952649,9327607,92232.0
1777693925.320624,9328229,92236.0
1777693951.056788,9328589,92240.0
1777693987.2806478,9329103,92244.0
1777694023.232328,9329618,92248.0
1777694047.3244624,9329947,92252.0
1777694069.279912,9330253,92256.0
1777694126.9760735,9331084,92260.0
1777694160.3999333,9331551,92264.0
1777694183.12383,9331878,92268.0
1777694228.0676882,9332514,92272.0
1777694251.5755184,9332842,92276.0
1777694279.5990217,9333247,92280.0
1777694315.003359,9333735,92284.0
1777694360.2028146,9334381,92288.0
1777694382.7791185,9334697,92292.0
1777694407.1427531,9335032,92296.0
1777694447.3470712,9335606,92300.0
1777694482.4026573,9336101,92304.0
1777694518.9545853,9336626,92308.0
1777694550.2864835,9337067,92312.0
1777694594.9698377,9337701,92316.0
1777694623.9139228,9338103,92320.0
1777694661.6297514,9338646,92324.0
1777694687.9216175,9339006,92328.0
1777694742.4653006,9339779,92332.0
1777694784.2815673,9340379,92336.0
1777694807.0248249,9340693,92340.0
1777694841.0727816,9341173,92344.0
1777694874.6249392,9341649,92348.0
1777694911.0327291,9342163,92352.0
1777694947.060289,9342658,92356.0
1777694976.7364233,9343076,92360.0
1777695014.368348,9343609,92364.0
1777695056.2840896,9344211,92368.0
1777695085.095945,9344611,92372.0
1777695124.9276354,9345173,92376.0
1777695159.8634677,9345668,92380.0
1777695195.194897,9346174,92384.0
1777695231.9030833,9346693,92388.0
1777695270.9028158,9347252,92392.0
1777695298.086638,9347632,92396.0
1777695333.722572,9348133,92400.0
1777695382.6225712,9348837,92404.0
1777695425.9738793,9349450,92408.0
1777695454.858033,9349856,92412.0
1777695497.250239,9350454,92416.0
1777695528.081454,9350891,92420.0
1777695552.6417446,9351231,92424.0
1777695594.1094813,9351823,92428.0
1777695620.2774506,9352191,92432.0
1777695641.5493114,9352485,92436.0
1777695669.0933397,9352863,92440.0
1777695704.7088764,9353373,92444.0
1777695738.652698,9353853,92448.0
1777695758.0926323,9354116,92452.0
1777695792.012484,9354591,92456.0
1777695825.876287,9355068,92460.0
1777695852.9043121,9355451,92464.0
1777695896.6043909,9356070,92468.0
1777695937.0038579,9356629,92472.0
1777695978.6879866,9357228,92476.0
1777696001.6117225,9357544,92480.0
1777696032.2481527,9357979,92484.0
1777696068.9636562,9358496,92488.0
1777696107.5995245,9359045,92492.0
1777696141.5239913,9359522,92496.0
1777696181.8755307,9360091,92500.0
1777696207.0759268,9360441,92504.0
1777696261.9276419,9361233,92508.0
1777696289.927559,9361625,92512.0
1777696337.8750966,9362300,92516.0
1777696359.318951,9362596,92520.0
1777696406.002805,9363269,92524.0
1777696443.819462,9363811,92528.0
1777696477.2027261,9364278,92532.0
1777696509.595231,9364735,92536.0
1777696543.2147467,9365216,92540.0
1777696576.8146167,9365685,92544.0
1777696609.6898975,9366154,92548.0
1777696646.6899865,9366683,92552.0
1777696676.105828,9367098,92556.0
1777696722.2896888,9367749,92560.0
1777696751.09789,9368158,92564.0
1777696778.5336587,9368546,92568.0
1777696817.5816069,9369105,92572.0
1777696845.5735838,9369494,92576.0
1777696886.7249315,9370083,92580.0
1777696928.7609413,9370676,92584.0
1777696965.160977,9371192,92588.0
1777696997.4446852,9371648,92592.0
1777697037.828642,9372223,92596.0
1777697046.9769692,9372344,92600.0
1777697082.4285443,9372836,92604.0
1777697115.4526436,9373304,92608.0
1777697138.988043,9373631,92612.0
1777697188.0200484,9374334,92616.0
1777697223.0400958,9374826,92620.0
1777697267.3876731,9375456,92624.0
1777697300.0394912,9375913,92628.0
1777697326.0474768,9376275,92632.0
1777697366.7154098,9376854,92636.0
1777697393.3074393,9377226,92640.0
1777697428.6231148,9377728,92644.0
1777697456.6989944,9378126,92648.0
1777697493.2666745,9378651,92652.0
1777697534.0503564,9379225,92656.0
1777697583.9942153,9379951,92660.0
1777697634.4778936,9380675,92664.0
1777697659.7017212,9381028,92668.0
1777697697.6178093,9381571,92672.0
1777697724.0098026,9381940,92676.0
1777697759.1097038,9382435,92680.0
1777697791.9294996,9382894,92684.0
1777697821.484934,9383308,92688.0
1777697865.5808923,9383923,92692.0
1777697897.2048674,9384364,92696.0
1777697938.3047407,9384959,92700.0
1777697975.4883718,9385485,92704.0
1777697995.0485995,9385752,92708.0
1777698035.0959578,9386317,92712.0
1777698088.1476681,9387079,92716.0
1777698102.8397539,9387274,92720.0
1777698121.1476085,9387536,92724.0
1777698153.2314918,9387986,92728.0
1777698174.3917,9388273,92732.0
1777698212.291658,9388813,92736.0
1777698242.598785,9389233,92740.0
1777698272.450784,9389656,92744.0
1777698319.7502086,9390324,92748.0
1777698343.3866823,9390654,92752.0
1777698391.378385,9391342,92756.0
1777698416.978026,9391697,92760.0
1777698452.233913,9392198,92764.0
1777698486.717745,9392687,92768.0
1777698518.2858055,9393130,92772.0
1777698548.3776493,9393552,92776.0
1777698584.261709,9394047,92780.0
1777698606.589213,9394370,92784.0
1777698650.620688,9394988,92788.0
1777698678.3890548,9395379,92792.0
1777698710.0487914,9395823,92796.0
1777698749.9326763,9396399,92800.0
1777698777.632488,9396783,92804.0
1777698810.7243843,9397253,92808.0
1777698843.407778,9397716,92812.0
1777698879.2397726,9398224,92816.0
1777698913.5836053,9398698,92820.0
1777698961.5237703,9399394,92824.0
1777699013.8594184,9400133,92828.0
1777699041.7429705,9400515,92832.0
1777699099.3350995,9401340,92836.0
1777699142.5187163,9401959,92840.0
1777699186.354665,9402574,92844.0
1777699224.054426,9403112,92848.0
1777699272.037834,9403802,92852.0
1777699311.4699934,9404347,92856.0
1777699321.521932,9404485,92860.0
1777699350.969737,9404906,92864.0
1777699374.9815633,9405236,92868.0
1777699428.3908222,9406000,92872.0
1777699455.8495743,9406386,92876.0
1777699489.1967406,9406866,92880.0
1777699509.3730266,9407152,92884.0
1777699563.5727315,9407921,92888.0
1777699593.6087253,9408343,92892.0
1777699632.5405478,9408896,92896.0
1777699677.1078568,9409529,92900.0
1777699733.400023,9410333,92904.0
1777699757.959958,9410677,92908.0
1777699801.2595527,9411299,92912.0
1777699829.3516562,9411689,92916.0
1777699874.1794791,9412335,92920.0
1777699913.9110065,9412890,92924.0
1777699950.6790142,9413410,92928.0
1777699979.7869706,9413817,92932.0
1777700017.4387596,9414350,92936.0
1777700060.2548783,9414955,92940.0
1777700101.8228133,9415544,92944.0
1777700139.2747269,9416082,92948.0
1777700158.9304612,9416344,92952.0
1777700187.4386885,9416743,92956.0
1777700221.6223192,9417221,92960.0
1777700250.2143612,9417628,92964.0
1777700282.2658458,9418077,92968.0
1777700315.782441,9418552,92972.0
1777700354.8739305,9419106,92976.0
1777700390.7579458,9419608,92980.0
1777700423.3777082,9420069,92984.0
1777700465.9773703,9420686,92988.0
1777700499.6456425,9421158,92992.0
1777700533.5856144,9421639,92996.0
1777700577.053612,9422240,93000.0
1777700591.7134314,9422448,93004.0
1777700624.7447534,9422911,93008.0
1777700652.2369268,9423294,93012.0
1777700672.7289078,9423571,93016.0
1777700704.0646844,9424008,93020.0
1777700735.804655,9424456,93024.0
1777700743.1645992,9424548,93028.0
1777700765.5048225,9424863,93032.0
1777700810.624449,9425501,93036.0
1777700828.8004622,9425761,93040.0
1777700865.2844036,9426284,93044.0
1777700900.1678228,9426763,93048.0
1777700932.8919575,9427224,93052.0
1777700965.091775,9427673,93056.0
1777701010.2437108,9428321,93060.0
1777701053.091573,9428929,93064.0
1777701094.5755117,9429520,93068.0
1777701157.5348766,9430422,93072.0
1777701185.2269728,9430815,93076.0
1777701217.4789286,9431264,93080.0
1777701251.0629022,9431744,93084.0
1777701280.286657,9432152,93088.0
1777701314.33836,9432636,93092.0
1777701338.230259,9432966,93096.0
1777701365.4545953,9433344,93100.0
1777701403.5379722,9433886,93104.0
1777701432.7379143,9434299,93108.0
1777701462.4137344,9434714,93112.0
1777701498.0137877,9435220,93116.0
1777701535.1176677,9435739,93120.0
1777701557.773518,9436067,93124.0
1777701596.992914,9436617,93128.0
1777701631.9089594,9437118,93132.0
1777701665.285214,9437590,93136.0
1777701690.0247097,9437937,93140.0
1777701721.7767916,9438390,93144.0
1777701782.8685372,9439262,93148.0
1777701824.5679953,9439860,93152.0
1777701849.175976,9440201,93156.0
1777701881.9804263,9440660,93160.0
1777701928.6281013,9441321,93164.0
1777701971.7272248,9441936,93168.0
1777702013.994855,9442537,93172.0
1777702044.862992,9442970,93176.0
1777702094.413851,9443665,93180.0
1777702125.4619272,9444104,93184.0
1777702149.6379642,9444439,93188.0
1777702192.2734501,9445048,93192.0
1777702218.2052903,9445412,93196.0
1777702234.7568388,9445630,93200.0
1777702279.1486564,9446265,93204.0
1777702323.032515,9446880,93208.0
1777702353.064394,9447304,93212.0
1777702381.6758847,9447702,93216.0
1777702419.347606,9448234,93220.0
1777702466.7915196,9448915,93224.0
1777702503.5429528,9449431,93228.0
1777702538.310802,9449918,93232.0
1777702584.642617,9450579,93236.0
1777702624.3945549,9451136,93240.0
1777702661.5617661,9451662,93244.0
1777702706.177554,9452309,93248.0
1777702730.0533152,9452631,93252.0
1777702770.1848464,9453209,93256.0
1777702811.8688772,9453800,93260.0
1777702842.9450428,9454237,93264.0
1777702874.9447944,9454687,93268.0
1777702902.6285827,9455066,93272.0
1777702948.4639623,9455722,93276.0
1777702987.611993,9456264,93280.0
1777703018.7717798,9456705,93284.0
1777703062.655654,9457326,93288.0
1777703096.155339,9457793,93292.0
1777703126.130818,9458215,93296.0
1777703152.430813,9458583,93300.0
1777703180.1067483,9458967,93304.0
1777703211.8909569,9459413,93308.0
1777703244.0146754,9459864,93312.0
1777703289.4578753,9460511,93316.0
1777703322.401945,9460974,93320.0
1777703365.6419375,9461594,93324.0
1777703423.4775958,9462420,93328.0
1777703455.2094283,9462859,93332.0
1777703490.7367938,9463367,93336.0
1777703513.336762,9463668,93340.0
1777703547.9286594,9464164,93344.0
1777703587.8130379,9464728,93348.0
1777703625.228562,9465249,93352.0
1777703655.7643979,9465678,93356.0
1777703679.9204085,9466013,93360.0
1777703720.0401533,9466581,93364.0
1777703757.0877936,9467109,93368.0
1777703777.4158528,9467387,93372.0
1777703814.5234678,9467917,93376.0
1777703855.9914362,9468505,93380.0
1777703896.4988506,9469075,93384.0
1777703954.3827105,9469900,93388.0
1777703986.3147979,9470347,93392.0
1777704047.0425274,9471208,93396.0
1777704078.4818935,9471655,93400.0
1777704117.7857835,9472214,93404.0
1777704166.3619573,9472901,93408.0
1777704198.8176649,9473356,93412.0
1777704214.4539099,9473573,93416.0
1777704238.0857916,9473896,93420.0
1777704274.8852577,9474425,93424.0
1777704304.3854713,9474834,93428.0
1777704326.8133054,9475144,93432.0
1777704351.1215272,9475477,93436.0
1777704383.9049027,9475941,93440.0
1777704443.2729304,9476793,93444.0
1777704472.8406928,9477211,93448.0
1777704503.6807008,9477639,93452.0
1777704534.8324945,9478078,93456.0
1777704567.8000255,9478538,93460.0
1777704593.8399837,9478905,93464.0
1777704631.539666,9479438,93468.0
1777704666.491766,9479937,93472.0
1777704717.7436976,9480666,93476.0
1777704755.9435883,9481212,93480.0
1777704787.8195379,9481665,93484.0
1777704812.9829426,9482014,93488.0
1777704829.126767,9482232,93492.0
1777704877.4588292,9482921,93496.0
1777704907.6027312,9483345,93500.0
1777704949.0346084,9483925,93504.0
1777704982.0545146,9484396,93508.0
1777705015.4220645,9484860,93512.0
1777705059.138088,9485482,93516.0
1777705086.6621299,9485876,93520.0
1777705141.5057425,9486658,93524.0
1777705178.9574146,9487195,93528.0
1777705214.0729675,9487677,93532.0
1777705239.2329977,9488039,93536.0
1777705272.9808414,9488499,93540.0
1777705308.8247385,9489008,93544.0
1777705372.6647391,9489923,93548.0
1777705415.2600067,9490529,93552.0
1777705455.6518779,9491091,93556.0
1777705487.6838777,9491540,93560.0
1777705537.2281477,9492252,93564.0
1777705572.203698,9492740,93568.0
1777705605.251238,9493201,93572.0
1777705642.8353488,9493734,93576.0
1777705672.1268487,9494141,93580.0
1777705690.3868234,9494403,93584.0
1777705722.7549734,9494848,93588.0
1777705756.546981,9495326,93592.0
1777705805.8547773,9496029,93596.0
1777705832.6462977,9496403,93600.0
1777705870.5142508,9496942,93604.0
1777705901.5662436,9497378,93608.0
1777705931.0900896,9497789,93612.0
1777705953.2138646,9498091,93616.0
1777705976.3736954,9498411,93620.0
1777706025.5176563,9499111,93624.0
1777706069.5174599,9499739,93628.0
1777706094.0728872,9500082,93632.0
1777706122.6646988,9500470,93636.0
1777706157.484922,9500963,93640.0
1777706188.1527956,9501396,93644.0
1777706219.4445553,9501841,93648.0
1777706287.592501,9502827,93652.0
1777706334.743839,9503487,93656.0
1777706363.452396,9503887,93660.0
1777706409.2796733,9504547,93664.0
1777706458.2275357,9505242,93668.0
1777706495.2316499,9505767,93672.0
1777706515.7035725,9506039,93676.0
1777706555.6714225,9506610,93680.0
1777706601.8708668,9507262,93684.0
1777706630.8750248,9507670,93688.0
1777706667.2666457,9508190,93692.0
1777706708.2306962,9508766,93696.0
1777706733.134601,9509110,93700.0
1777706762.6907518,9509521,93704.0
1777706782.3338432,9509794,93708.0
1777706825.9178216,9510415,93712.0
1777706854.117926,9510810,93716.0
1777706886.2577665,9511262,93720.0
1777706927.7339141,9511845,93724.0
1777706950.6015756,9512169,93728.0
1777706981.5174274,9512607,93732.0
1777707001.7608633,9512889,93736.0
1777707026.0369902,9513218,93740.0
1777707071.6048355,9513876,93744.0
1777707111.7445564,9514425,93748.0
1777707151.8885076,9514997,93752.0
1777707193.620386,9515595,93756.0
1777707228.271832,9516067,93760.0
1777707247.5958147,9516345,93764.0
1777707310.0396712,9517235,93768.0
1777707326.7995238,9517462,93772.0
1777707374.7634969,9518148,93776.0
1777707400.7994483,9518511,93780.0
1777707448.4511235,9519187,93784.0
1777707485.398999,9519708,93788.0
1777707545.9587843,9520573,93792.0
1777707571.7026498,9520930,93796.0
1777707613.7504928,9521524,93800.0
1777707655.7018392,9522119,93804.0
1777707690.1178644,9522602,93808.0
1777707718.077683,9522995,93812.0
1777707748.909702,9523426,93816.0
1777707778.8854973,9523853,93820.0
1777707812.1696076,9524323,93824.0
1777707851.1215427,9524879,93828.0
1777707878.0970762,9525252,93832.0
1777707920.4450269,9525844,93836.0
1777707948.696752,9526236,93840.0
1777707971.5566556,9526567,93844.0
1777707992.8484735,9526849,93848.0
1777708037.9246073,9527493,93852.0
1777708086.8399105,9528197,93856.0
1777708115.184014,9528597,93860.0
1777708138.5236301,9528918,93864.0
1777708194.0517762,9529707,93868.0
1777708227.2436726,9530181,93872.0
1777708270.1196692,9530793,93876.0
1777708308.8588848,9531348,93880.0
1777708352.1189783,9531955,93884.0
1777708392.9027696,9532541,93888.0
1777708417.3427186,9532880,93892.0
1777708447.7703524,9533294,93896.0
1777708493.0944571,9533950,93900.0
1777708526.6944935,9534414,93904.0
1777708549.7144048,9534746,93908.0
1777708578.5457613,9535151,93912.0
1777708606.8539374,9535551,93916.0
1777708637.821942,9535983,93920.0
1777708689.9056199,9536733,93924.0
1777708718.2416136,9537125,93928.0
1777708776.6968913,9537953,93932.0
1777708826.9170213,9538667,93936.0
1777708874.648771,9539348,93940.0
1777708921.624477,9540009,93944.0
1777708948.3321385,9540385,93948.0
1777708971.975828,9540717,93952.0
1777709000.907855,9541128,93956.0
1777709028.4358773,9541510,93960.0
1777709061.251735,9541974,93964.0
1777709091.6438854,9542402,93968.0
1777709138.3953023,9543057,93972.0
1777709174.7269018,9543575,93976.0
1777709210.2950559,9544079,93980.0
1777709247.5470984,9544599,93984.0
1777709271.3028102,9544942,93988.0
1777709318.5065591,9545607,93992.0
1777709373.6141953,9546396,93996.0
1777709407.1819098,9546877,94000.0
1777709442.9139855,9547387,94004.0
1777709484.0496724,9547981,94008.0
1777709518.9498913,9548461,94012.0
1777709550.6095822,9548909,94016.0
1777709593.2414336,9549513,94020.0
1777709621.0848007,9549905,94024.0
1777709670.9930112,9550615,94028.0
1777709692.15275,9550916,94032.0
1777709718.3444605,9551280,94036.0
1777709754.7925391,9551797,94040.0
1777709786.2844815,9552240,94044.0
1777709820.00457,9552711,94048.0
1777709857.120412,9553238,94052.0
1777709884.395978,9553612,94056.0
1777709921.7796962,9554147,94060.0
1777709959.0477107,9554678,94064.0
1777709983.071238,9555010,94068.0
1777710016.7237496,9555480,94072.0
1777710050.5070612,9555961,94076.0
1777710085.3472397,9556452,94080.0
1777710131.654763,9557120,94084.0
1777710162.6669328,9557550,94088.0
1777710181.2745733,9557801,94092.0
1777710234.3346672,9558560,94096.0
1777710256.1906965,9558863,94100.0
1777710289.8187468,9559338,94104.0
1777710327.2187757,9559877,94108.0
1777710375.6584105,9560564,94112.0
1777710421.8945863,9561211,94116.0
1777710444.8862941,9561544,94120.0
1777710492.7377517,9562224,94124.0
1777710540.9936597,9562908,94128.0
1777710576.230033,9563411,94132.0
1777710612.5056312,9563920,94136.0
1777710637.8893485,9564277,94140.0
1777710673.3454204,9564779,94144.0
1777710721.8212938,9565467,94148.0
1777710771.6048338,9566183,94152.0
1777710807.1253526,9566680,94156.0
1777710842.724635,9567182,94160.0
1777710891.1246324,9567879,94164.0
1777710919.768767,9568288,94168.0
1777710951.268645,9568728,94172.0
1777710991.0846913,9569289,94176.0
1777711022.836185,9569730,94180.0
1777711057.692266,9570229,94184.0
1777711087.4758012,9570643,94188.0
1777711114.8359056,9571029,94192.0
1777711164.7117643,9571742,94196.0
1777711187.7717316,9572062,94200.0
1777711232.97167,9572697,94204.0
1777711269.2029731,9573211,94208.0
1777711302.9788988,9573692,94212.0
1777711333.9469888,9574124,94216.0
1777711363.4549081,9574539,94220.0
1777711398.0070345,9575029,94224.0
1777711447.198685,9575726,94228.0
1777711481.758571,9576214,94232.0
1777711505.78265,9576544,94236.0
1777711540.6338208,9577036,94240.0
1777711591.374,9577757,94244.0
1777711624.793826,9578231,94248.0
1777711644.7779648,9578518,94252.0
1777711668.4338245,9578837,94256.0
1777711720.49364,9579573,94260.0
1777711755.3774586,9580072,94264.0
1777711778.7215343,9580400,94268.0
1777711809.321124,9580832,94272.0
1777711845.1446595,9581342,94276.0
1777711879.060769,9581821,94280.0
1777711926.804679,9582499,94284.0
1777711954.7285986,9582896,94288.0
1777711988.7404604,9583369,94292.0
1777712031.3239033,9583978,94296.0
1777712064.7398255,9584445,94300.0
1777712097.239994,9584908,94304.0
1777712130.7316437,9585379,94308.0
1777712152.707896,9585683,94312.0
1777712187.339628,9586168,94316.0
1777712205.3156042,9586417,94320.0
1777712242.6992726,9586951,94324.0
1777712270.4908476,9587335,94328.0
1777712304.2747982,9587810,94332.0
1777712331.6029437,9588187,94336.0
1777712371.202707,9588753,94340.0
1777712413.2185915,9589340,94344.0
1777712439.4539382,9589712,94348.0
1777712479.1181235,9590277,94352.0
1777712512.6302338,9590755,94356.0
1777712529.753974,9590985,94360.0
1777712564.6537514,9591485,94364.0
1777712601.8373227,9592008,94368.0
1777712643.736936,9592596,94372.0
1777712680.3969553,9593112,94376.0
1777712716.2649603,9593621,94380.0
1777712760.2127159,9594255,94384.0
1777712787.8645692,9594634,94388.0
1777712824.548657,9595150,94392.0
1777712872.6998465,9595838,94396.0
1777712895.6238284,9596152,94400.0
1777712944.652068,9596845,94404.0
1777712973.835781,9597263,94408.0
1777713025.75151,9598007,94412.0
1777713054.9754517,9598412,94416.0
1777713077.5353324,9598720,94420.0
1777713120.0513139,9599329,94424.0
1777713158.8188055,9599873,94428.0
1777713180.7950904,9600185,94432.0
1777713216.794722,9600689,94436.0
1777713241.102403,9601032,94440.0
1777713270.838702,9601455,94444.0
1777713314.5064025,9602063,94448.0
1777713345.4302955,9602499,94452.0
1777713389.5219913,9603127,94456.0
1777713403.137647,9603307,94460.0
1777713436.505717,9603777,94464.0
1777713462.049762,9604133,94468.0
1777713499.1338341,9604656,94472.0
1777713533.1330893,9605133,94476.0
1777713563.873472,9605559,94480.0
1777713601.6410885,9606097,94484.0
1777713650.5087419,9606782,94488.0
1777713698.084718,9607454,94492.0
1777713735.78438,9607985,94496.0
1777713775.320089,9608548,94500.0
1777713819.0042164,9609169,94504.0
1777713838.096006,9609435,94508.0
1777713890.011713,9610170,94512.0
1777713924.7796118,9610660,94516.0
1777713942.919379,9610911,94520.0
1777713969.411511,9611280,94524.0
1777714007.1789153,9611820,94528.0
1777714040.2309115,9612283,94532.0
1777714070.3229682,9612709,94536.0
1777714112.6069486,9613310,94540.0
1777714137.1467335,9613657,94544.0
1777714182.538735,9614298,94548.0
1777714203.5980048,9614599,94552.0
1777714244.7138107,9615170,94556.0
1777714278.797668,9615649,94560.0
1777714326.381904,9616338,94564.0
1777714367.1656876,9616906,94568.0
1777714389.6096807,9617215,94572.0
1777714422.8776846,9617683,94576.0
1777714485.317244,9618582,94580.0
1777714525.3688345,9619161,94584.0
1777714551.3769772,9619519,94588.0
1777714586.8123975,9620022,94592.0
1777714615.9045374,9620425,94596.0
1777714651.688677,9620930,94600.0
1777714685.4203606,9621407,94604.0
1777714719.496105,9621889,94608.0
1777714761.7238977,9622479,94612.0
1777714804.3157241,9623081,94616.0
1777714826.7317302,9623390,94620.0
1777714887.39146,9624254,94624.0
1777714921.6674411,9624739,94628.0
1777714969.0433018,9625409,94632.0
1777714983.6747813,9625615,94636.0
1777715018.3747702,9626102,94640.0
1777715054.7109098,9626623,94644.0
1777715084.418562,9627035,94648.0
1777715106.1743896,9627333,94652.0
1777715144.0101454,9627870,94656.0
1777715180.009815,9628374,94660.0
1777715205.11843,9628735,94664.0
1777715260.5097327,9629526,94668.0
1777715304.27767,9630137,94672.0
1777715339.329069,9630632,94676.0
1777715377.2453885,9631167,94680.0
1777715413.0453167,9631676,94684.0
1777715449.0126643,9632175,94688.0
1777715481.24063,9632621,94692.0
1777715494.7127159,9632811,94696.0
1777715518.9887152,9633148,94700.0
1777715546.6484473,9633529,94704.0
1777715584.0004926,9634064,94708.0
1777715637.2397609,9634816,94712.0
1777715661.4480977,9635152,94716.0
1777715688.4080207,9635535,94720.0
1777715722.723816,9636014,94724.0
1777715749.467695,9636392,94728.0
1777715799.9919977,9637103,94732.0
1777715845.1589243,9637741,94736.0
1777715867.1512284,9638048,94740.0
1777715908.2348108,9638628,94744.0
1777715949.68676,9639211,94748.0
1777715970.6628082,9639499,94752.0
1777716014.3785949,9640121,94756.0
1777716048.6621168,9640608,94760.0
1777716080.1058285,9641055,94764.0
1777716110.5546699,9641483,94768.0
1777716149.3537452,9642023,94772.0
1777716176.197823,9642403,94776.0
1777716225.5217848,9643111,94780.0
1777716259.6814685,9643601,94784.0
1777716316.4416752,9644415,94788.0
1777716343.4737175,9644795,94792.0
1777716362.6584933,9645048,94796.0
1777716393.4427285,9645479,94800.0
1777716439.243051,9646139,94804.0
1777716486.2389905,9646803,94808.0
1777716546.5637555,9647669,94812.0
1777716571.2082832,9648004,94816.0
1777716603.5318818,9648458,94820.0
1777716641.2166526,9648995,94824.0
1777716668.8165247,9649384,94828.0
1777716696.7406402,9649768,94832.0
1777716714.8527884,9650014,94836.0
1777716737.445242,9650341,94840.0
1777716771.5611374,9650824,94844.0
1777716811.2288506,9651376,94848.0
1777716852.0613875,9651961,94852.0
1777716895.8618202,9652582,94856.0
1777716937.9457011,9653178,94860.0
1777716967.3897357,9653591,94864.0
1777717011.189708,9654221,94868.0
1777717047.357736,9654719,94872.0
1777717087.2575092,9655281,94876.0
1777717121.8577874,9655775,94880.0
1777717152.0338197,9656195,94884.0
1777717187.7497685,9656707,94888.0
1777717228.8616257,9657281,94892.0
1777717246.9940329,9657541,94896.0
1777717285.1096847,9658079,94900.0
1777717329.3139617,9658707,94904.0
1777717363.5618231,9659186,94908.0
1777717391.9057062,9659589,94912.0
1777717425.3898811,9660061,94916.0
1777717462.4380395,9660588,94920.0
1777717486.2137623,9660913,94924.0
1777717530.4057086,9661544,94928.0
1777717543.1057599,9661714,94932.0
1777717574.9178188,9662158,94936.0
1777717600.849852,9662523,94940.0
1777717629.157609,9662919,94944.0
1777717668.5777972,9663489,94948.0
1777717698.9175963,9663912,94952.0
1777717748.0254047,9664606,94956.0
1777717790.861747,9665224,94960.0
1777717815.3535752,9665558,94964.0
1777717831.713096,9665780,94968.0
1777717845.1857085,9665965,94972.0
1777717878.6975486,9666438,94976.0
1777717919.5452535,9667012,94980.0
1777717965.3375092,9667668,94984.0
1777718030.8652089,9668610,94988.0
1777718062.589357,9669057,94992.0
1777718093.8248677,9669496,94996.0
1777718137.0087454,9670109,95000.0
1777718171.1770148,9670591,95004.0
1777718204.0167503,9671056,95008.0
1777718245.300719,9671640,95012.0
1777718276.4686306,9672077,95016.0
1777718307.2367945,9672514,95020.0
1777718337.660721,9672946,95024.0
1777718367.844067,9673361,95028.0
1777718404.3277466,9673865,95032.0
1777718436.7356052,9674319,95036.0
1777718492.36301,9675111,95040.0
1777718528.9547215,9675633,95044.0
1777718573.11383,9676262,95048.0
1777718591.854106,9676513,95052.0
1777718634.569774,9677118,95056.0
1777718666.9611163,9677582,95060.0
1777718691.2448504,9677917,95064.0
1777718725.2729535,9678405,95068.0
1777718751.0888314,9678757,95072.0
1777718771.0326781,9679031,95076.0
1777718790.5122817,9679307,95080.0
1777718831.5961165,9679880,95084.0
1777718855.9644284,9680214,95088.0
1777718900.515693,9680854,95092.0
1777718929.275435,9681260,95096.0
1777718970.9395957,9681851,95100.0
1777719011.0070627,9682413,95104.0
1777719025.6147046,9682614,95108.0
1777719054.7270446,9683021,95112.0
1777719083.274775,9683419,95116.0
1777719110.0186596,9683790,95120.0
1777719159.310306,9684486,95124.0
1777719192.2498279,9684956,95128.0
1777719249.777563,9685773,95132.0
1777719278.0937576,9686170,95136.0
1777719323.6774664,9686823,95140.0
1777719370.629303,9687486,95144.0
1777719387.9890373,9687731,95148.0
1777719427.9727721,9688286,95152.0
1777719469.2366989,9688874,95156.0
1777719509.540489,9689444,95160.0
1777719533.7807488,9689785,95164.0
1777719561.0724282,9690168,95168.0
1777719591.9402542,9690604,95172.0
1777719621.0999227,9691011,95176.0
1777719657.9638608,9691536,95180.0
1777719688.447866,9691970,95184.0
1777719702.659696,9692155,95188.0
1777719741.1837633,9692704,95192.0
1777719768.4153707,9693082,95196.0
1777719798.7590592,9693512,95200.0
1777719854.9027867,9694308,95204.0
1777719897.887049,9694923,95208.0
1777719926.9509645,9695336,95212.0
1777719973.6026936,9695989,95216.0
1777720008.3024566,9696483,95220.0
1777720044.9782093,9697008,95224.0
1777720080.3306093,9697514,95228.0
1777720128.1063209,9698189,95232.0
1777720181.4218998,9698946,95236.0
1777720205.2656753,9699290,95240.0
1777720234.649726,9699701,95244.0
1777720262.3414636,9700084,95248.0
1777720290.8738153,9700486,95252.0
1777720301.865471,9700624,95256.0
1777720337.3094082,9701128,95260.0
1777720391.5488138,9701904,95264.0
1777720424.8247163,9702365,95268.0
1777720494.2437122,9703357,95272.0
1777720519.0157325,9703701,95276.0
1777720556.6997046,9704239,95280.0
1777720586.7113636,9704669,95284.0
1777720629.07483,9705268,95288.0
1777720675.6345878,9705927,95292.0
1777720709.5622966,9706402,95296.0
1777720743.493793,9706882,95300.0
1777720771.3018708,9707270,95304.0
1777720811.1535828,9707842,95308.0
1777720861.2294316,9708545,95312.0
1777720895.9688067,9709037,95316.0
1777720926.772676,9709470,95320.0
1777720961.4367363,9709964,95324.0
1777720980.6127076,9710227,95328.0
1777721016.6718457,9710736,95332.0
1777721056.1559834,9711295,95336.0
1777721089.4557285,9711760,95340.0
1777721107.9799254,9712026,95344.0
1777721180.6992486,9713061,95348.0
1777721213.6909778,9713519,95352.0
1777721261.5148764,9714209,95356.0
1777721290.3907902,9714607,95360.0
1777721332.2266388,9715189,95364.0
1777721374.4423587,9715791,95368.0
1777721406.0098538,9716234,95372.0
1777721430.934038,9716582,95376.0
1777721471.9698126,9717159,95380.0
1777721506.8376935,9717646,95384.0
1777721543.853576,9718163,95388.0
1777721571.8128731,9718556,95392.0
1777721600.9689498,9718960,95396.0
1777721650.1967614,9719668,95400.0
1777721686.6646857,9720175,95404.0
1777721728.9285579,9720771,95408.0
1777721772.6118965,9721393,95412.0
1777721806.2036738,9721851,95416.0
1777721851.3996868,9722495,95420.0
1777721883.0077004,9722944,95424.0
1777721926.5836856,9723553,95428.0
1777721968.439523,9724157,95432.0
1777722001.5069697,9724616,95436.0
1777722024.1151905,9724925,95440.0
1777722051.7346911,9725309,95444.0
1777722075.7748973,9725641,95448.0
1777722114.0747664,9726182,95452.0
1777722140.1186676,9726547,95456.0
1777722163.5584705,9726887,95460.0
1777722198.6099362,9727371,95464.0
1777722246.2467246,9728050,95468.0
1777722278.4776428,9728510,95472.0
1777722310.2697423,9728953,95476.0
1777722351.097794,9729528,95480.0
1777722395.8135972,9730166,95484.0
1777722438.9130263,9730769,95488.0
1777722478.580728,9731341,95492.0
1777722521.1488543,9731952,95496.0
1777722575.7326982,9732723,95500.0
1777722623.0723827,9733398,95504.0
1777722667.3404832,9734028,95508.0
1777722698.1399972,9734460,95512.0
1777722737.9677398,9735021,95516.0
1777722761.5156865,9735356,95520.0
1777722780.3760786,9735604,95524.0
1777722802.851958,9735915,95528.0
1777722846.8037617,9736542,95532.0
1777722881.3037171,9737035,95536.0
1777722917.9112556,9737547,95540.0
1777722955.7948067,9738080,95544.0
1777722983.7469413,9738474,95548.0
1777723008.4549031,9738831,95552.0
1777723045.622901,9739343,95556.0
1777723065.062811,9739613,95560.0
1777723111.878716,9740277,95564.0
1777723144.0987768,9740733,95568.0
1777723188.813925,9741378,95572.0
1777723233.9299147,9742008,95576.0
1777723274.6656194,9742583,95580.0
1777723304.7415893,9743010,95584.0
1777723346.2496808,9743604,95588.0
1777723384.3334205,9744139,95592.0
1777723420.125387,9744640,95596.0
1777723435.64944,9744857,95600.0
1777723479.2847426,9745475,95604.0
1777723506.6931624,9745857,95608.0
1777723545.928586,9746415,95612.0
1777723573.0927165,9746797,95616.0
1777723606.4684436,9747264,95620.0
1777723633.4882002,9747643,95624.0
1777723659.3283238,9748006,95628.0
1777723692.5639985,9748472,95632.0
1777723729.6040742,9748995,95636.0
1777723759.655767,9749415,95640.0
1777723793.0237248,9749886,95644.0
1777723834.2876744,9750462,95648.0
1777723872.955567,9751013,95652.0
1777723908.530968,9751521,95656.0
1777723942.166743,9751991,95660.0
1777723970.290926,9752389,95664.0
1777724015.0146012,9753015,95668.0
1777724061.8984551,9753686,95672.0
1777724105.942481,9754308,95676.0
1777724121.7944856,9754529,95680.0
1777724158.077965,9755044,95684.0
1777724190.9860508,9755509,95688.0
1777724231.385783,9756068,95692.0
1777724262.153602,9756496,95696.0
1777724285.7777355,9756826,95700.0
1777724318.713555,9757293,95704.0
1777724356.0053442,9757823,95708.0
1777724391.8372333,9758327,95712.0
1777724423.1888638,9758769,95716.0
1777724441.2127867,9759012,95720.0
1777724477.8887174,9759531,95724.0
1777724504.9883718,9759909,95728.0
1777724535.348574,9760335,95732.0
1777724565.7485533,9760765,95736.0
1777724603.4639103,9761302,95740.0
1777724650.363734,9761971,95744.0
1777724679.0315967,9762372,95748.0
1777724696.467718,9762620,95752.0
1777724739.931367,9763222,95756.0
1777724775.9348547,9763734,95760.0
1777724822.351049,9764398,95764.0
1777724847.3826377,9764748,95768.0
1777724875.5947325,9765144,95772.0
1777724902.6664577,9765524,95776.0
1777724926.6506827,9765852,95780.0
1777724964.4420133,9766392,95784.0
1777725015.1379232,9767109,95788.0
1777725046.4215693,9767546,95792.0
1777725074.5297136,9767934,95796.0
1777725087.4696019,9768117,95800.0
1777725131.837589,9768743,95804.0
1777725199.3449712,9769707,95808.0
1777725245.9297373,9770374,95812.0
1777725267.372743,9770672,95816.0
1777725297.5564957,9771101,95820.0
1777725325.2486832,9771487,95824.0
1777725356.9325793,9771933,95828.0
1777725392.331786,9772430,95832.0
1777725420.591944,9772822,95836.0
1777725457.2242873,9773333,95840.0
1777725478.1155097,9773624,95844.0
1777725504.523613,9773988,95848.0
1777725513.2677908,9774108,95852.0
1777725543.7275121,9774538,95856.0
1777725596.267529,9775279,95860.0
1777725622.2748528,9775646,95864.0
1777725657.510796,9776137,95868.0
1777725677.9347408,9776412,95872.0
1777725713.7547793,9776916,95876.0
1777725751.8626945,9777462,95880.0
1777725794.5386167,9778064,95884.0
1777725824.3785784,9778488,95888.0
1777725850.7382023,9778865,95892.0
1777725896.1300073,9779501,95896.0
1777725943.5978537,9780172,95900.0
1777725972.8377674,9780583,95904.0
1777726000.8055904,9780987,95908.0
1777726035.581153,9781462,95912.0
1777726056.504901,9781760,95916.0
1777726087.2253926,9782186,95920.0
1777726127.29298,9782749,95924.0
1777726158.940767,9783191,95928.0
1777726192.5004406,9783664,95932.0
1777726219.1001801,9784035,95936.0
1777726260.500448,9784627,95940.0
1777726306.6843088,9785277,95944.0
1777726351.7518454,9785921,95948.0
1777726391.2515016,9786486,95952.0
1777726405.5114374,9786669,95956.0
1777726441.819698,9787178,95960.0
1777726494.7272007,9787930,95964.0
1777726527.1634932,9788386,95968.0
1777726568.3626554,9788975,95972.0
1777726602.1707284,9789450,95976.0
1777726626.8383646,9789786,95980.0
1777726675.0059772,9790471,95984.0
1777726709.9902322,9790967,95988.0
1777726738.8657625,9791372,95992.0
1777726770.697469,9791823,95996.0
1777726804.589165,9792297,96000.0
1777726847.8807306,9792911,96004.0
1777726884.2925723,9793425,96008.0
1777726920.3925521,9793939,96012.0
1777726936.784507,9794157,96016.0
1777726970.5678287,9794627,96020.0
1777726995.8917346,9794983,96024.0
1777727044.8916793,9795685,96028.0
1777727086.8115451,9796269,96032.0
1777727120.8589466,9796749,96036.0
1777727153.7593718,9797211,96040.0
1777727189.2506886,9797719,96044.0
1777727231.118839,9798312,96048.0
1777727265.818349,9798796,96052.0
1777727317.0458517,9799533,96056.0
1777727359.1300387,9800121,96060.0
1777727396.2976427,9800653,96064.0
1777727424.5376463,9801051,96068.0
1777727460.4734368,9801565,96072.0
1777727514.4329133,9802336,96076.0
1777727543.956766,9802749,96080.0
1777727571.2647088,9803132,96084.0
1777727613.0487337,9803727,96088.0
1777727645.3643115,9804187,96092.0
1777727669.655855,9804524,96096.0
1777727717.5839803,9805203,96100.0
1777727747.8916607,9805630,96104.0
1777727773.0156188,9805994,96108.0
1777727812.4437108,9806542,96112.0
1777727840.4036465,9806935,96116.0
1777727863.0109818,9807249,96120.0
1777727906.643123,9807868,96124.0
1777727939.7626884,9808329,96128.0
1777727983.4107854,9808954,96132.0
1777728023.0627315,9809506,96136.0
1777728066.130308,9810117,96140.0
1777728116.3977637,9810837,96144.0
1777728144.1816673,9811225,96148.0
1777728164.7217255,9811521,96152.0
1777728200.8456967,9812019,96156.0
1777728227.065476,9812396,96160.0
1777728264.132941,9812904,96164.0
1777728303.9888096,9813471,96168.0
1777728330.3407638,9813833,96172.0
1777728365.8927877,9814340,96176.0
1777728395.784624,9814757,96180.0
1777728435.4324372,9815326,96184.0
1777728459.9238148,9815660,96188.0
1777728506.6163607,9816316,96192.0
1777728528.9276738,9816637,96196.0
1777728570.4117458,9817213,96200.0
1777728618.1595883,9817904,96204.0
1777728640.4516506,9818211,96208.0
1777728665.6273584,9818566,96212.0
1777728710.3708413,9819208,96216.0
1777728749.6388316,9819759,96220.0
1777728780.4309278,9820196,96224.0
1777728814.978691,9820681,96228.0
1777728840.1227522,9821032,96232.0
1777728881.5906296,9821614,96236.0
1777728930.8745537,9822313,96240.0
1777728962.4899385,9822757,96244.0
1777729032.5257857,9823764,96248.0
1777729053.697958,9824055,96252.0
1777729079.3743567,9824409,96256.0
1777729098.549704,9824682,96260.0
1777729119.593767,9824973,96264.0
1777729145.9016929,9825330,96268.0
1777729170.5015774,9825676,96272.0
1777729197.8617191,9826072,96276.0
1777729237.2093272,9826615,96280.0
1777729272.1370935,9827107,96284.0
1777729303.600909,9827551,96288.0
1777729345.3687391,9828146,96292.0
1777729381.5887957,9828655,96296.0
1777729432.9042401,9829388,96300.0
1777729479.6125617,9830046,96304.0
1777729506.9718554,9830429,96308.0
1777729541.8398979,9830917,96312.0
1777729588.1075916,9831582,96316.0
1777729625.5918357,9832100,96320.0
1777729661.8395612,9832617,96324.0
1777729694.6833894,9833081,96328.0
1777729724.08272,9833499,96332.0
1777729737.415121,9833680,96336.0
1777729777.3827174,9834235,96340.0
1777729808.7987168,9834678,96344.0
1777729846.5666327,9835219,96348.0
1777729899.9346585,9835980,96352.0
1777729931.1178675,9836412,96356.0
1777729971.8177714,9836996,96360.0
1777729999.8257022,9837389,96364.0
1777730037.5617552,9837922,96368.0
1777730069.8777533,9838378,96372.0
1777730105.345475,9838871,96376.0
1777730137.8527853,9839324,96380.0
1777730164.94466,9839707,96384.0
1777730198.4808128,9840173,96388.0
1777730242.5646224,9840809,96392.0
1777730279.4326277,9841332,96396.0
1777730312.7165058,9841800,96400.0
1777730346.1558943,9842262,96404.0
1777730378.0717478,9842711,96408.0
1777730417.3759234,9843263,96412.0
1777730446.1394837,9843664,96416.0
1777730484.999385,9844222,96420.0
1777730520.399419,9844723,96424.0
1777730550.4833684,9845149,96428.0
1777730586.1507726,9845645,96432.0
1777730627.1590338,9846227,96436.0
1777730653.2788613,9846585,96440.0
1777730681.5025647,9846984,96444.0
1777730726.770058,9847635,96448.0
1777730768.0297859,9848213,96452.0
1777730797.9376266,9848629,96456.0
1777730831.5447824,9849097,96460.0
1777730882.0048149,9849823,96464.0
1777730925.3885367,9850428,96468.0
1777730957.988166,9850891,96472.0
1777731014.4877539,9851692,96476.0
1777731044.5555806,9852113,96480.0
1777731073.5632951,9852524,96484.0
1777731103.3788471,9852941,96488.0
1777731143.1827855,9853503,96492.0
1777731180.0823393,9854025,96496.0
1777731221.7664711,9854612,96500.0
1777731245.2216904,9854944,96504.0
1777731269.2983568,9855278,96508.0
1777731302.4338017,9855746,96512.0
1777731337.741589,9856249,96516.0
1777731367.5093732,9856667,96520.0
1777731404.5247865,9857179,96524.0
1777731443.760716,9857737,96528.0
1777731473.5167198,9858154,96532.0
1777731507.968543,9858637,96536.0
1777731534.6279564,9859007,96540.0
1777731589.7197378,9859791,96544.0
1777731615.351635,9860148,96548.0
1777731638.519646,9860472,96552.0
1777731675.1353633,9860984,96556.0
1777731713.402798,9861524,96560.0
1777731741.6106224,9861921,96564.0
1777731782.8788207,9862506,96568.0
1777731800.9228559,9862750,96572.0
1777731814.0623708,9862936,96576.0
1777731837.6542497,9863255,96580.0
1777731873.5538292,9863768,96584.0
1777731908.8737638,9864269,96588.0
1777731939.3457236,9864702,96592.0
1777731966.2577183,9865070,96596.0
1777731993.8056574,9865459,96600.0
1777732056.864809,9866363,96604.0
1777732094.4170675,9866875,96608.0
1777732133.6851602,9867439,96612.0
1777732154.0566943,9867713,96616.0
1777732195.7244542,9868312,96620.0
1777732238.4601755,9868921,96624.0
1777732266.467614,9869312,96628.0
1777732301.0996933,9869797,96632.0
1777732322.6917152,9870096,96636.0
1777732347.5357552,9870436,96640.0
1777732390.3872533,9871050,96644.0
1777732434.1427877,9871660,96648.0
1777732461.0867653,9872036,96652.0
1777732487.626588,9872401,96656.0
1777732520.3788123,9872863,96660.0
1777732550.1305108,9873278,96664.0
1777732597.8624403,9873967,96668.0
1777732650.3463933,9874712,96672.0
1777732686.245525,9875217,96676.0
1777732707.337752,9875503,96680.0
1777732736.741679,9875919,96684.0
1777732768.0657098,9876353,96688.0
1777732808.565529,9876932,96692.0
1777732835.1096787,9877303,96696.0
1777732869.8255038,9877800,96700.0
1777732914.8574264,9878432,96704.0
1777732954.4614806,9878991,96708.0
1777732987.576957,9879458,96712.0
1777733012.5692132,9879805,96716.0
1777733044.0532951,9880250,96720.0
1777733073.7768326,9880671,96724.0
1777733097.3369734,9880992,96728.0
1777733121.3370223,9881327,96732.0
1777733159.21276,9881861,96736.0
1777733185.680669,9882230,96740.0
1777733218.920487,9882704,96744.0
1777733258.55647,9883269,96748.0
1777733291.7884536,9883741,96752.0
1777733342.1401415,9884458,96756.0
1777733375.3563306,9884930,96760.0
1777733411.6079562,9885449,96764.0
1777733467.667695,9886250,96768.0
1777733498.6077511,9886686,96772.0
1777733542.491636,9887304,96776.0
1777733578.4274347,9887809,96780.0
1777733607.1949718,9888217,96784.0
1777733649.7589731,9888821,96788.0
1777733679.8867226,9889246,96792.0
1777733710.4029312,9889664,96796.0
1777733731.494619,9889954,96800.0
1777733754.9023213,9890280,96804.0
1777733803.0225525,9890967,96808.0
1777733828.3302846,9891314,96812.0
1777733890.1140823,9892198,96816.0
1777733929.221786,9892744,96820.0
1777733952.6737149,9893084,96824.0
1777733979.0297518,9893441,96828.0
1777734009.8053987,9893881,96832.0
1777734048.0414217,9894417,96836.0
1777734082.12487,9894888,96840.0
1777734107.6328995,9895254,96844.0
1777734137.200678,9895670,96848.0
1777734177.1486504,9896224,96852.0
1777734205.2407367,9896621,96856.0
1777734256.816407,9897362,96860.0
1777734290.768021,9897831,96864.0
1777734332.8920317,9898426,96868.0
1777734371.327738,9898964,96872.0
1777734413.8115075,9899561,96876.0
1777734435.4353163,9899862,96880.0
1777734470.5874038,9900353,96884.0
1777734502.038837,9900795,96888.0
1777734528.479105,9901175,96892.0
1777734553.0390801,9901509,96896.0
1777734587.6227813,9901999,96900.0
1777734635.2705584,9902670,96904.0
1777734677.1543982,9903268,96908.0
1777734724.5503094,9903921,96912.0
1777734769.3499074,9904559,96916.0
1777734812.6665657,9905161,96920.0
1777734852.2666538,9905736,96924.0
1777734901.3023982,9906423,96928.0
1777734928.8023016,9906810,96932.0
1777734966.634565,9907345,96936.0
1777734985.2106407,9907602,96940.0
1777735028.1306987,9908214,96944.0
1777735086.5227692,9909038,96948.0
1777735123.1988277,9909560,96952.0
1777735143.8145916,9909841,96956.0
1777735161.346339,9910089,96960.0
1777735203.0743778,9910673,96964.0
1777735242.8824606,9911244,96968.0
1777735274.450627,9911680,96972.0
1777735298.926606,9912023,96976.0
1777735339.5582113,9912594,96980.0
1777735391.2863271,9913325,96984.0
1777735424.3778703,9913795,96988.0
1777735469.5699658,9914430,96992.0
1777735493.5257194,9914773,96996.0
1777735521.7379262,9915163,97000.0
1777735548.5458949,9915541,97004.0
1777735589.3698552,9916108,97008.0
1777735626.261724,9916632,97012.0
1777735651.7133794,9916985,97016.0
1777735691.3815641,9917547,97020.0
1777735734.4813478,9918163,97024.0
1777735775.0652518,9918733,97028.0
1777735806.640863,9919178,97032.0
1777735832.7089095,9919543,97036.0
1777735850.5088568,9919789,97040.0
1777735881.8410761,9920234,97044.0
1777735909.2492294,9920614,97048.0
1777735942.7327237,9921089,97052.0
1777735995.1926796,9921836,97056.0
1777736043.6286907,9922525,97060.0
1777736083.1438088,9923088,97064.0
1777736126.543958,9923704,97068.0
1777736153.3037732,9924083,97072.0
1777736183.3197885,9924504,97076.0
1777736218.1717165,9924997,97080.0
1777736264.9037554,9925657,97084.0
1777736289.5477388,9925997,97088.0
1777736337.8795445,9926687,97092.0
1777736377.4713435,9927230,97096.0
1777736395.0069,9927478,97100.0
1777736443.366833,9928160,97104.0
1777736480.282691,9928690,97108.0
1777736514.0225637,9929162,97112.0
1777736548.2585523,9929653,97116.0
1777736590.990697,9930247,97120.0
1777736634.7425537,9930871,97124.0
1777736661.2865667,9931243,97128.0
1777736689.2020001,9931637,97132.0
1777736713.7777445,9931968,97136.0
1777736758.9619288,9932616,97140.0
1777736796.177778,9933132,97144.0
1777736813.3216317,9933372,97148.0
1777736847.4372964,9933852,97152.0
1777736887.636816,9934417,97156.0
1777736906.6809695,9934681,97160.0
1777736960.5283647,9935452,97164.0
1777736983.7886093,9935773,97168.0
1777737036.93183,9936517,97172.0
1777737064.7039778,9936907,97176.0
1777737098.555858,9937379,97180.0
1777737134.1396956,9937889,97184.0
1777737166.1995168,9938335,97188.0
1777737206.166881,9938904,97192.0
1777737233.1988454,9939275,97196.0
1777737267.690905,9939764,97200.0
1777737318.1184652,9940479,97204.0
1777737354.3025236,9940991,97208.0
1777737413.9103856,9941851,97212.0
1777737438.0341632,9942177,97216.0
1777737472.217993,9942659,97220.0
1777737519.9377055,9943333,97224.0
1777737552.3292968,9943787,97228.0
1777737581.0934443,9944192,97232.0
1777737623.9772398,9944803,97236.0
1777737658.0127306,9945287,97240.0
1777737699.8806894,9945876,97244.0
1777737722.4886765,9946193,97248.0
1777737742.1808214,9946469,97252.0
1777737777.5968177,9946973,97256.0
1777737801.856451,9947310,97260.0
1777737845.923838,9947928,97264.0
1777737878.3237262,9948385,97268.0
1777737922.2557135,9949014,97272.0
1777737954.4677541,9949469,97276.0
1777737983.2514343,9949877,97280.0
1777738013.4754922,9950302,97284.0
1777738046.2068858,9950766,97288.0
1777738089.8589437,9951376,97292.0
1777738116.6346152,9951744,97296.0
1777738158.3665967,9952337,97300.0
1777738208.2785137,9953048,97304.0
1777738252.1266613,9953675,97308.0
1777738277.5019672,9954025,97312.0
1777738299.870277,9954337,97316.0
1777738337.8139648,9954871,97320.0
1777738364.813595,9955252,97324.0
1777738396.2058342,9955694,97328.0
1777738427.7216027,9956133,97332.0
1777738470.773016,9956743,97336.0
1777738493.396941,9957056,97340.0
1777738542.9647582,9957759,97344.0
1777738574.5970025,9958200,97348.0
1777738606.2809277,9958648,97352.0
1777738641.672826,9959152,97356.0
1777738664.092673,9959460,97360.0
1777738693.6006389,9959877,97364.0
1777738716.4404962,9960197,97368.0
1777738739.2159631,9960515,97372.0
1777738787.9598694,9961206,97376.0
1777738814.852153,9961574,97380.0
1777738861.7357159,9962246,97384.0
1777738903.635608,9962836,97388.0
1777738942.9357202,9963395,97392.0
1777738977.7871656,9963889,97396.0
1777739003.5794413,9964241,97400.0
1777739033.6309013,9964668,97404.0
1777739078.9786766,9965305,97408.0
1777739106.9548895,9965701,97412.0
1777739176.0746126,9966673,97416.0
1777739209.1665092,9967140,97420.0
1777739233.9662635,9967484,97424.0
1777739265.6344886,9967927,97428.0
1777739314.066341,9968620,97432.0
1777739346.8101583,9969083,97436.0
1777739395.5017617,9969769,97440.0
1777739446.2696762,9970491,97444.0
1777739485.5014915,9971049,97448.0
1777739515.6453347,9971469,97452.0
1777739551.8454204,9971981,97456.0
1777739584.7767088,9972438,97460.0
1777739630.120901,9973077,97464.0
1777739663.4806921,9973548,97468.0
1777739687.0047715,9973874,97472.0
1777739716.420641,9974283,97476.0
1777739747.1124234,9974718,97480.0
1777739768.9559426,9975026,97484.0
1777739802.9238036,9975509,97488.0
1777739827.7958598,9975851,97492.0
1777739870.6485264,9976456,97496.0
1777739905.2835531,9976937,97500.0
1777739943.9996314,9977495,97504.0
1777739980.4237669,9978007,97508.0
1777740002.1754372,9978311,97512.0
1777740053.5593057,9979030,97516.0
1777740092.858961,9979584,97520.0
1777740145.518634,9980338,97524.0
1777740181.9427457,9980850,97528.0
1777740223.6626427,9981442,97532.0
1777740259.0784917,9981945,97536.0
1777740316.6380503,9982757,97540.0
1777740351.085956,9983241,97544.0
1777740387.2056546,9983749,97548.0
1777740421.6897006,9984236,97552.0
1777740459.3137245,9984771,97556.0
1777740484.2575014,9985115,97560.0
1777740526.757697,9985727,97564.0
1777740573.0648003,9986377,97568.0
1777740587.432727,9986575,97572.0
1777740611.6009607,9986900,97576.0
1777740634.00874,9987207,97580.0
1777740663.7327175,9987629,97584.0
1777740707.7487545,9988252,97588.0
1777740757.52405,9988957,97592.0
1777740785.1523097,9989343,97596.0
1777740824.483881,9989900,97600.0
1777740852.0359108,9990289,97604.0
1777740896.319588,9990911,97608.0
1777740941.4513729,9991554,97612.0
1777740976.5865111,9992053,97616.0
1777741000.4947467,9992383,97620.0
1777741051.329758,9993106,97624.0
1777741098.1216016,9993773,97628.0
1777741152.8689804,9994544,97632.0
1777741186.7527754,9995024,97636.0
1777741239.464108,9995768,97640.0
1777741270.703976,9996207,97644.0
1777741305.7557726,9996704,97648.0
1777741354.3074622,9997390,97652.0
1777741379.5710056,9997741,97656.0
1777741425.1548276,9998385,97660.0
1777741446.4987755,9998681,97664.0
1777741487.9501386,9999265,97668.0
1777741519.0740633,9999697,97672.0
