Wall time,Step,Value
1777036628.7773092,136,136.0
1777036640.6444576,301,301.0
1777036652.45211,464,464.0
1777036662.8533163,607,607.0
1777036669.6798487,697,697.0
1777036679.5481296,833,833.0
1777036688.3523123,953,953.0
1777036695.6842847,1045,1045.0
1777036702.712332,1133,1133.0
1777036709.450912,1221,1221.0
1777036724.704436,1438,1438.0
1777036734.8042798,1574,1574.0
1777036745.1444073,1711,1711.0
1777036752.4443972,1803,1803.0
1777036772.872361,2096,2096.0
1777036779.6724646,2186,2186.0
1777036795.0853834,2402,2402.0
1777036802.2280931,2494,2494.0
1777036809.3439438,2584,2584.0
1777036816.3724263,2676,2676.0
1777036823.304474,2768,2768.0
1777036830.1962926,2858,2858.0
1777036843.2122958,3042,3042.0
1777036863.655852,3333,3333.0
1777036877.0118427,3522,3522.0
1777036883.947818,3614,3614.0
1777036891.239774,3706,3706.0
1777036900.171825,3826,3826.0
1777036907.3318431,3918,3918.0
1777036914.3654099,4010,4010.0
1777036921.1639493,4100,4100.0
1777036938.1397905,4340,4340.0
1777036955.2343245,4580,4580.0
1777036968.9239886,4769,4769.0
1777036975.6718357,4857,4857.0
1777036985.5397913,4993,4993.0
1777036992.5067487,5081,5081.0
1777036999.1703398,5169,5169.0
1777037008.139843,5288,5288.0
1777037015.340016,5380,5380.0
1777037025.4079537,5519,5519.0
1777037032.484192,5609,5609.0
1777037039.2999825,5699,5699.0
1777037051.2236843,5866,5866.0
1777037058.107752,5956,5956.0
1777037065.0398872,6048,6048.0
1777037077.083866,6213,6213.0
1777037083.8158724,6303,6303.0
1777037090.5077577,6389,6389.0
1777037102.7436042,6556,6556.0
1777037109.6675935,6648,6648.0
1777037121.7744465,6814,6814.0
1777037128.834916,6904,6904.0
1777037135.7145822,6994,6994.0
1777037142.6649973,7084,7084.0
1777037151.252382,7201,7201.0
1777037158.3517625,7293,7293.0
1777037165.4750004,7385,7385.0
1777037172.359676,7475,7475.0
1777037185.6276474,7658,7658.0
1777037203.8835568,7920,7920.0
1777037214.1116326,8056,8056.0
1777037224.1592577,8194,8194.0
1777037234.751671,8335,8335.0
1777037241.619679,8425,8425.0
1777037248.4198105,8515,8515.0
1777037255.3957255,8605,8605.0
1777037270.2718637,8816,8816.0
1777037285.4194453,9032,9032.0
1777037297.1114085,9196,9196.0
1777037306.979623,9332,9332.0
1777037313.8353684,9420,9420.0
1777037325.9032528,9583,9583.0
1777037341.063667,9799,9799.0
1777037352.871397,9965,9965.0
1777037359.5389533,10053,10053.0
1777037366.686975,10145,10145.0
1777037373.568867,10237,10237.0
1777037391.9390073,10501,10501.0
1777037400.7870352,10619,10619.0
1777037410.7228966,10756,10756.0
1777037418.0319917,10848,10848.0
1777037425.0467486,10940,10940.0
1777037434.1227622,11058,11058.0
1777037443.1708593,11176,11176.0
1777037449.9708009,11266,11266.0
1777037460.35135,11404,11404.0
1777037470.678825,11542,11542.0
1777037477.5386944,11634,11634.0
1777037484.8453825,11726,11726.0
1777037494.6986482,11862,11862.0
1777037501.5147784,11952,11952.0
1777037508.3678071,12040,12040.0
1777037515.5599532,12132,12132.0
1777037524.528746,12250,12250.0
1777037534.251476,12384,12384.0
1777037541.1988492,12476,12476.0
1777037551.3487504,12617,12617.0
1777037558.3587384,12707,12707.0
1777037567.1303136,12825,12825.0
1777037578.9152062,12990,12990.0
1777037587.6733112,13108,13108.0
1777037596.6908045,13228,13228.0
1777037605.627773,13348,13348.0
1777037614.71462,13468,13468.0
1777037621.520301,13558,13558.0
1777037628.3147466,13646,13646.0
1777037643.3064647,13859,13859.0
1777037656.3825946,14044,14044.0
1777037665.3665779,14164,14164.0
1777037672.3045416,14256,14256.0
1777037679.2262723,14348,14348.0
1777037686.526458,14440,14440.0
1777037699.9662318,14626,14626.0
1777037716.5980446,14861,14861.0
1777037723.394326,14951,14951.0
1777037730.3945942,15041,15041.0
1777037737.3518016,15131,15131.0
1777037744.1183848,15221,15221.0
1777037751.2917385,15313,15313.0
1777037761.1418414,15449,15449.0
1777037771.6938221,15596,15596.0
1777037778.8408096,15688,15688.0
1777037789.0498102,15827,15827.0
1777037796.1619987,15919,15919.0
1777037809.5018091,16107,16107.0
1777037818.293475,16225,16225.0
1777037825.3858855,16315,16315.0
1777037835.585752,16451,16451.0
1777037842.36197,16541,16541.0
1777037865.6860778,16879,16879.0
1777037882.3675594,17112,17112.0
1777037889.2457213,17202,17202.0
1777037898.985518,17336,17336.0
1777037905.9699376,17428,17428.0
1777037917.8988347,17595,17595.0
1777037939.6453588,17907,17907.0
1777037946.785707,17999,17999.0
1777037953.6856308,18089,18089.0
1777037960.5775235,18177,18177.0
1777037971.2456677,18325,18325.0
1777037986.3897905,18536,18536.0
1777037993.421666,18626,18626.0
1777038002.249155,18746,18746.0
1777038009.4816127,18838,18838.0
1777038023.1376636,19031,19031.0
1777038030.3536396,19123,19123.0
1777038050.929455,19421,19421.0
1777038064.2373013,19608,19608.0
1777038071.305012,19700,19700.0
1777038078.1049395,19790,19790.0
1777038091.9649034,19986,19986.0
1777038098.7288384,20076,20076.0
1777038107.704875,20196,20196.0
1777038119.697124,20365,20365.0
1777038131.6333568,20532,20532.0
1777038145.0889888,20717,20717.0
1777038160.264828,20932,20932.0
1777038170.648969,21073,21073.0
1777038177.765363,21163,21163.0
1777038184.6892002,21255,21255.0
1777038197.8732655,21442,21442.0
1777038204.516808,21528,21528.0
1777038214.901152,21666,21666.0
1777038221.840782,21756,21756.0
1777038228.772795,21848,21848.0
1777038242.7647688,22042,22042.0
1777038249.7007892,22134,22134.0
1777038263.0247867,22321,22321.0
1777038274.8408086,22486,22486.0
1777038283.5010185,22604,22604.0
1777038290.3687756,22694,22694.0
1777038297.2005327,22784,22784.0
1777038304.1407707,22876,22876.0
1777038311.1407163,22966,22966.0
1777038322.9326267,23131,23131.0
1777038335.0168366,23295,23295.0
1777038345.1767273,23435,23435.0
1777038357.1446939,23600,23600.0
1777038367.100757,23736,23736.0
1777038374.0366645,23828,23828.0
1777038394.008045,24114,24114.0
1777038400.892534,24202,24202.0
1777038407.7519352,24294,24294.0
1777038414.5840657,24382,24382.0
1777038421.2524083,24470,24470.0
1777038430.4282992,24590,24590.0
1777038437.576018,24680,24680.0
1777038449.484001,24847,24847.0
1777038459.4838085,24981,24981.0
1777038466.4118645,25073,25073.0
1777038473.1962023,25163,25163.0
1777038483.196181,25299,25299.0
1777038490.0519722,25389,25389.0
1777038500.387977,25528,25528.0
1777038515.3803015,25741,25741.0
1777038522.1799648,25829,25829.0
1777038534.6362648,25998,25998.0
1777038548.6119654,26194,26194.0
1777038565.419521,26431,26431.0
1777038572.3555205,26523,26523.0
1777038584.2198062,26690,26690.0
1777038591.163505,26782,26782.0
1777038601.2637262,26920,26920.0
1777038608.1395538,27010,27010.0
1777038623.0715384,27222,27222.0
1777038631.647686,27340,27340.0
1777038638.7114747,27428,27428.0
1777038648.7716854,27562,27562.0
1777038659.7557185,27714,27714.0
1777038666.4158027,27802,27802.0
1777038681.6954846,28017,28017.0
1777038688.7398777,28109,28109.0
1777038703.8555057,28322,28322.0
1777038715.8995605,28491,28491.0
1777038724.5634735,28609,28609.0
1777038731.6234565,28701,28701.0
1777038745.4069781,28896,28896.0
1777038761.099391,29117,29117.0
1777038768.022948,29209,29209.0
1777038777.9549778,29346,29346.0
1777038785.0394082,29436,29436.0
1777038795.2307584,29575,29575.0
1777038802.315082,29663,29663.0
1777038812.3747716,29801,29801.0
1777038822.4393592,29940,29940.0
1777038834.4149153,30106,30106.0
1777038844.4986968,30245,30245.0
1777038857.6749318,30428,30428.0
1777038869.6509712,30593,30593.0
1777038889.9750519,30886,30886.0
1777038896.9427385,30978,30978.0
1777038906.8587928,31114,31114.0
1777038917.2186747,31252,31252.0
1777038924.1826868,31344,31344.0
1777038935.9107885,31508,31508.0
1777038942.9431362,31600,31600.0
1777038949.9506288,31692,31692.0
1777038960.3026354,31833,31833.0
1777038970.7945204,31974,31974.0
1777038977.7264993,32066,32066.0
1777038991.2345955,32253,32253.0
1777039001.9185095,32397,32397.0
1777039010.658537,32517,32517.0
1777039017.742333,32609,32609.0
1777039024.542494,32699,32699.0
1777039039.9344254,32912,32912.0
1777039060.878335,33209,33209.0
1777039067.8419752,33297,33297.0
1777039079.6862082,33458,33458.0
1777039086.6178033,33550,33550.0
1777039093.710481,33642,33642.0
1777039100.76195,33734,33734.0
1777039112.9180024,33900,33900.0
1777039120.0180166,33988,33988.0
1777039126.8177946,34078,34078.0
1777039134.045756,34168,34168.0
1777039141.0299637,34258,34258.0
1777039147.8940609,34348,34348.0
1777039160.0701108,34513,34513.0
1777039171.7937334,34677,34677.0
1777039187.5617716,34895,34895.0
1777039199.6536756,35059,35059.0
1777039206.405618,35149,35149.0
1777039218.5777647,35317,35317.0
1777039228.5777588,35455,35455.0
1777039238.4057498,35591,35591.0
1777039245.5374587,35683,35683.0
1777039252.305727,35771,35771.0
1777039261.045784,35889,35889.0
1777039272.837957,36054,36054.0
1777039280.0739627,36146,36146.0
1777039287.221612,36236,36236.0
1777039294.2817569,36326,36326.0
1777039301.3457308,36416,36416.0
1777039308.1456602,36506,36506.0
1777039314.721721,36594,36594.0
1777039329.8214288,36809,36809.0
1777039336.7137618,36899,36899.0
1777039348.7655625,37061,37061.0
1777039358.7570567,37199,37199.0
1777039368.9893208,37335,37335.0
1777039379.212888,37471,37471.0
1777039386.0813844,37563,37563.0
1777039392.980901,37655,37655.0
1777039399.5048163,37741,37741.0
1777039406.3889287,37833,37833.0
1777039416.8813908,37973,37973.0
1777039431.5808537,38182,38182.0
1777039445.0729003,38369,38369.0
1777039452.008811,38461,38461.0
1777039464.048934,38626,38626.0
1777039473.1169932,38746,38746.0
1777039483.7569602,38895,38895.0
1777039495.9170969,39064,39064.0
1777039502.7170012,39154,39154.0
1777039510.0010152,39246,39246.0
1777039520.0407286,39380,39380.0
1777039529.192782,39499,39499.0
1777039539.64906,39638,39638.0
1777039546.5847797,39730,39730.0
1777039561.8927963,39945,39945.0
1777039575.1408756,40131,40131.0
1777039585.0686889,40266,40266.0
1777039591.8327472,40356,40356.0
1777039601.6245325,40491,40491.0
1777039611.6767292,40628,40628.0
1777039622.6846166,40781,40781.0
1777039629.6364698,40873,40873.0
1777039636.5165675,40965,40965.0
1777039643.308515,41055,41055.0
1777039650.1764257,41147,41147.0
1777039659.300536,41267,41267.0
1777039666.1204956,41357,41357.0
1777039673.2841659,41447,41447.0
1777039679.9444273,41535,41535.0
1777039691.544563,41698,41698.0
1777039698.520251,41788,41788.0
1777039710.752446,41954,41954.0
1777039717.5043004,42044,42044.0
1777039729.560129,42213,42213.0
1777039736.7762523,42305,42305.0
1777039743.8518257,42395,42395.0
1777039750.9878376,42485,42485.0
1777039759.659846,42603,42603.0
1777039766.5958195,42695,42695.0
1777039773.6119847,42785,42785.0
1777039785.7199643,42954,42954.0
1777039797.9716294,43121,43121.0
1777039814.9436984,43361,43361.0
1777039833.2719736,43624,43624.0
1777039843.7636788,43763,43763.0
1777039854.1798491,43902,43902.0
1777039861.1397219,43994,43994.0
1777039869.971799,44112,44112.0
1777039876.9037814,44204,44204.0
1777039884.0316455,44296,44296.0
1777039894.3637407,44435,44435.0
1777039901.239719,44523,44523.0
1777039914.6717405,44711,44711.0
1777039921.4635553,44801,44801.0
1777039928.4634838,44893,44893.0
1777039948.2234213,45176,45176.0
1777039965.2993743,45420,45420.0
1777039975.0995545,45556,45556.0
1777039983.6914454,45673,45673.0
1777040005.1629395,45983,45983.0
1777040021.622903,46219,46219.0
1777040033.4750845,46385,46385.0
1777040056.7468276,46719,46719.0
1777040063.406952,46807,46807.0
1777040072.0231514,46925,46925.0
1777040079.1751976,47017,47017.0
1777040089.2831037,47153,47153.0
1777040102.451002,47337,47337.0
1777040109.1067464,47425,47425.0
1777040119.3909721,47563,47563.0
1777040126.2510123,47655,47655.0
1777040133.2147746,47745,47745.0
1777040147.026693,47938,47938.0
1777040153.9585063,48030,48030.0
1777040164.1189542,48169,48169.0
1777040180.9829473,48409,48409.0
1777040187.910568,48501,48501.0
1777040195.090636,48593,48593.0
1777040212.0825326,48836,48836.0
1777040222.266688,48974,48974.0
1777040240.5744867,49238,49238.0
1777040254.3506036,49430,49430.0
1777040264.5424817,49566,49566.0
1777040273.342548,49686,49686.0
1777040285.218291,49849,49849.0
1777040294.1499147,49967,49967.0
1777040302.9177976,50085,50085.0
1777040309.7616305,50175,50175.0
1777040316.693649,50267,50267.0
1777040323.4774854,50355,50355.0
1777040330.5689826,50445,50445.0
1777040340.6009548,50580,50580.0
1777040347.6605747,50672,50672.0
1777040356.4605083,50792,50792.0
1777040363.3604805,50884,50884.0
1777040370.3681405,50976,50976.0
1777040382.49989,51141,51141.0
1777040396.1913877,51332,51332.0
1777040402.9915433,51422,51422.0
1777040409.9828663,51512,51512.0
1777040417.1988838,51602,51602.0
1777040424.2987072,51692,51692.0
1777040434.774804,51832,51832.0
1777040441.7106545,51924,51924.0
1777040453.5025017,52087,52087.0
1777040466.8942933,52274,52274.0
1777040473.9580042,52366,52366.0
1777040480.8738143,52458,52458.0
1777040501.2014513,52751,52751.0
1777040513.0089536,52917,52917.0
1777040523.1249833,53051,53051.0
1777040535.3166413,53220,53220.0
1777040542.316693,53310,53310.0
1777040558.7761054,53545,53545.0
1777040573.0158727,53744,53744.0
1777040580.015745,53836,53836.0
1777040586.831643,53926,53926.0
1777040593.8757963,54016,54016.0
1777040610.5993972,54255,54255.0
1777040627.2990177,54491,54491.0
1777040634.2588537,54583,54583.0
1777040641.4429698,54673,54673.0
1777040651.3347285,54809,54809.0
1777040657.998638,54897,54897.0
1777040665.098401,54989,54989.0
1777040672.3903952,55081,55081.0
1777040689.5662065,55323,55323.0
1777040699.8337224,55463,55463.0
1777040706.7657502,55555,55555.0
1777040718.7578204,55718,55718.0
1777040729.225236,55859,55859.0
1777040741.1654902,56027,56027.0
1777040751.0932505,56165,56165.0
1777040758.024839,56257,56257.0
1777040766.9766898,56379,56379.0
1777040785.332628,56638,56638.0
1777040795.6404889,56776,56776.0
1777040805.5399554,56913,56913.0
1777040812.3320189,57003,57003.0
1777040819.499968,57095,57095.0
1777040826.7159426,57187,57187.0
1777040838.5598276,57354,57354.0
1777040848.5917807,57492,57492.0
1777040855.3836334,57582,57582.0
1777040867.6357033,57749,57749.0
1777040874.6594646,57839,57839.0
1777040881.8073845,57929,57929.0
1777040888.6430297,58019,58019.0
1777040895.4347835,58109,58109.0
1777040917.4748018,58422,58422.0
1777040924.2586458,58512,58512.0
1777040935.934692,58676,58676.0
1777040949.3024,58863,58863.0
1777040956.0944993,58953,58953.0
1777040964.7739415,59071,59071.0
1777040971.609809,59161,59161.0
1777040985.9178727,59362,59362.0
1777040995.909923,59498,59498.0
1777041002.841773,59590,59590.0
1777041009.8097932,59678,59678.0
1777041016.8177247,59770,59770.0
1777041023.6496787,59858,59858.0
1777041033.317597,59992,59992.0
1777041040.1097188,60082,60082.0
1777041056.3852084,60313,60313.0
1777041063.3529105,60403,60403.0
1777041073.2693093,60541,60541.0
1777041095.5527894,60857,60857.0
1777041108.9527578,61046,61046.0
1777041116.276673,61138,61138.0
1777041128.8285403,61309,61309.0
1777041140.8364027,61475,61475.0
1777041149.5838532,61593,61593.0
1777041163.3758857,61788,61788.0
1777041170.2278051,61878,61878.0
1777041182.1360033,62043,62043.0
1777041189.019785,62133,62133.0
1777041196.05969,62223,62223.0
1777041212.5957506,62459,62459.0
1777041222.503849,62596,62596.0
1777041234.503492,62761,62761.0
1777041243.359543,62881,62881.0
1777041250.3592684,62973,62973.0
1777041257.2874117,63065,63065.0
1777041268.2195656,63216,63216.0
1777041275.2709486,63308,63308.0
1777041285.2951071,63447,63447.0
1777041295.2952785,63583,63583.0
1777041305.9547217,63731,63731.0
1777041313.0349135,63821,63821.0
1777041320.126756,63911,63911.0
1777041330.2267318,64047,64047.0
1777041340.2386806,64185,64185.0
1777041347.038444,64275,64275.0
1777041357.3184154,64415,64415.0
1777041364.4778795,64507,64507.0
1777041376.077858,64669,64669.0
1777041383.1543267,64761,64761.0
1777041393.221837,64900,64900.0
1777041400.1457813,64992,64992.0
1777041407.2779331,65082,65082.0
1777041414.5457406,65174,65174.0
1777041421.1376822,65262,65262.0
1777041442.9292948,65577,65577.0
1777041450.0138261,65667,65667.0
1777041462.1535025,65837,65837.0
1777041472.153007,65975,65975.0
1777041482.8614745,66125,66125.0
1777041492.8615124,66263,66263.0
1777041514.7728403,66580,66580.0
1777041525.2649307,66723,66723.0
1777041532.0287242,66813,66813.0
1777041539.044699,66905,66905.0
1777041552.5727503,67096,67096.0
1777041559.728725,67188,67188.0
1777041566.6644354,67280,67280.0
1777041573.5123503,67370,67370.0
1777041583.3727293,67506,67506.0
1777041590.1725676,67596,67596.0
1777041600.548522,67734,67734.0
1777041610.780071,67875,67875.0
1777041627.4880135,68109,68109.0
1777041637.6877937,68244,68244.0
1777041644.4797566,68334,68334.0
1777041654.7958207,68472,68472.0
1777041661.6238394,68562,68562.0
1777041677.9076464,68789,68789.0
1777041691.7317195,68985,68985.0
1777041700.5314007,69105,69105.0
1777041709.2390592,69223,69223.0
1777041724.5150774,69435,69435.0
1777041731.1628745,69523,69523.0
1777041738.1827996,69613,69613.0
1777041744.9749951,69703,69703.0
1777041755.0228713,69841,69841.0
1777041770.3466792,70056,70056.0
1777041784.6387568,70256,70256.0
1777041791.738784,70346,70346.0
1777041798.674773,70438,70438.0
1777041816.2147222,70687,70687.0
1777041823.3225963,70779,70779.0
1777041833.5425005,70915,70915.0
1777041840.2745364,71005,71005.0
1777041850.3344026,71144,71144.0
1777041862.4346454,71309,71309.0
1777041869.4579086,71401,71401.0
1777041878.1902306,71519,71519.0
1777041885.4182475,71611,71611.0
1777041892.3499668,71703,71703.0
1777041912.0735908,71986,71986.0
1777041923.789643,72149,72149.0
1777041936.149617,72317,72317.0
1777041943.04973,72409,72409.0
1777041954.773252,72573,72573.0
1777041969.9656987,72788,72788.0
1777041984.8592877,73000,73000.0
1777042002.0568643,73240,73240.0
1777042012.369075,73378,73378.0
1777042025.493073,73563,73563.0
1777042035.8607957,73702,73702.0
1777042042.8771446,73792,73792.0
1777042050.0331783,73884,73884.0
1777042063.216712,74071,74071.0
1777042073.2090096,74209,74209.0
1777042083.924772,74357,74357.0
1777042097.9007976,74552,74552.0
1777042118.860583,74850,74850.0
1777042125.8080451,74940,74940.0
1777042132.4679828,75028,75028.0
1777042143.868032,75181,75181.0
1777042157.1119642,75366,75366.0
1777042167.6523938,75507,75507.0
1777042183.0517836,75721,75721.0
1777042189.8443112,75811,75811.0
1777042196.9758701,75903,75903.0
1777042205.5598674,76021,76021.0
1777042212.42004,76109,76109.0
1777042221.3198454,76225,76225.0
1777042228.2435198,76317,76317.0
1777042240.011742,76478,76478.0
1777042253.2516217,76665,76665.0
1777042266.7038646,76852,76852.0
1777042273.6275237,76942,76942.0
1777042280.2956817,77030,77030.0
1777042287.1635325,77122,77122.0
1777042305.2710433,77381,77381.0
1777042318.6107888,77570,77570.0
1777042325.3466837,77660,77660.0
1777042343.7386556,77924,77924.0
1777042350.9308512,78016,78016.0
1777042361.0787432,78152,78152.0
1777042371.471022,78293,78293.0
1777042381.2031837,78428,78428.0
1777042392.19515,78581,78581.0
1777042402.415006,78717,78717.0
1777042409.3630872,78807,78807.0
1777042419.2709577,78943,78943.0
1777042433.8469098,79144,79144.0
1777042450.6386337,79384,79384.0
1777042457.539091,79476,79476.0
1777042464.8069243,79568,79568.0
1777042471.8307462,79658,79658.0
1777042480.514706,79776,79776.0
1777042487.314801,79866,79866.0
1777042494.254566,79958,79958.0
1777042501.5747643,80050,80050.0
1777042512.5308774,80196,80196.0
1777042519.2988014,80284,80284.0
1777042526.2306933,80376,80376.0
1777042533.2910137,80468,80468.0
1777042545.2227912,80634,80634.0
1777042552.4309516,80724,80724.0
1777042559.15073,80812,80812.0
1777042566.0825455,80904,80904.0
1777042576.274738,81045,81045.0
1777042588.4907525,81211,81211.0
1777042600.8347232,81379,81379.0
1777042609.4987724,81497,81497.0
1777042625.9586563,81732,81732.0
1777042642.466453,81965,81965.0
1777042659.6907444,82206,82206.0
1777042674.8666105,82420,82420.0
1777042688.3186162,82607,82607.0
1777042703.309996,82820,82820.0
1777042718.4499404,83033,83033.0
1777042733.8938656,83247,83247.0
1777042740.9939666,83335,83335.0
1777042751.6942496,83478,83478.0
1777042758.4860663,83568,83568.0
1777042773.80184,83783,83783.0
1777042780.7101612,83875,83875.0
1777042789.4940288,83991,83991.0
1777042799.4857824,84127,84127.0
1777042806.417963,84219,84219.0
1777042816.545994,84359,84359.0
1777042823.6617026,84449,84449.0
1777042839.002335,84661,84661.0
1777042848.801996,84796,84796.0
1777042855.3298144,84882,84882.0
1777042862.4299002,84974,84974.0
1777042869.3299534,85066,85066.0
1777042876.2856867,85158,85158.0
1777042888.4019918,85323,85323.0
1777042900.1936255,85488,85488.0
1777042910.2457428,85626,85626.0
1777042917.385717,85718,85718.0
1777042926.269678,85836,85836.0
1777042933.4214272,85926,85926.0
1777042942.213738,86046,86046.0
1777042951.2616978,86165,86165.0
1777042963.0538063,86328,86328.0
1777042970.0896618,86416,86416.0
1777042976.96173,86506,86506.0
1777042989.029483,86675,86675.0
1777042996.0810518,86763,86763.0
1777043006.8370545,86909,86909.0
1777043013.6891327,86997,86997.0
1777043023.8135235,87137,87137.0
1777043033.8813927,87276,87276.0
1777043040.8369267,87366,87366.0
1777043054.289189,87551,87551.0
1777043066.1810153,87716,87716.0
1777043073.0288882,87806,87806.0
1777043086.2890089,87993,87993.0
1777043096.756911,88134,88134.0
1777043106.496778,88269,88269.0
1777043115.3486907,88387,88387.0
1777043127.4049318,88555,88555.0
1777043141.1968281,88750,88750.0
1777043153.080679,88912,88912.0
1777043161.7726667,89030,89030.0
1777043169.008731,89122,89122.0
1777043179.1167593,89258,89258.0
1777043187.7805526,89376,89376.0
1777043196.8166616,89498,89498.0
1777043207.0924883,89634,89634.0
1777043217.4086707,89772,89772.0
1777043227.8481417,89911,89911.0
1777043240.7763414,90093,90093.0
1777043257.4563522,90329,90329.0
1777043278.0318007,90622,90622.0
1777043288.0919313,90761,90761.0
1777043295.2597744,90853,90853.0
1777043310.383764,91068,91068.0
1777043322.6240814,91235,91235.0
1777043329.8238313,91327,91327.0
1777043336.8235343,91419,91419.0
1777043343.9837537,91511,91511.0
1777043350.9159458,91603,91603.0
1777043357.9517467,91695,91695.0
1777043364.9597518,91785,91785.0
1777043382.0997152,92029,92029.0
1777043388.8839138,92119,92119.0
1777043395.6837223,92209,92209.0
1777043402.6116467,92299,92299.0
1777043409.5755758,92387,92387.0
1777043421.2915678,92550,92550.0
1777043431.4515777,92690,92690.0
1777043438.3837893,92782,92782.0
1777043445.4754372,92874,92874.0
1777043452.7269857,92966,92966.0
1777043459.5755804,93056,93056.0
1777043466.535044,93148,93148.0
1777043473.4669912,93240,93240.0
1777043483.4272869,93376,93376.0
1777043490.3269796,93468,93468.0
1777043500.4428525,93602,93602.0
1777043507.6189926,93692,93692.0
1777043519.286775,93855,93855.0
1777043529.342974,93993,93993.0
1777043544.454872,94203,94203.0
1777043551.602803,94295,94295.0
1777043560.302712,94411,94411.0
1777043567.0948744,94501,94501.0
1777043574.1467812,94589,94589.0
1777043581.426666,94681,94681.0
1777043588.602766,94771,94771.0
1777043601.0546854,94940,94940.0
1777043611.0466824,95078,95078.0
1777043619.862699,95198,95198.0
1777043630.654535,95344,95344.0
1777043637.7384386,95434,95434.0
1777043644.561962,95522,95522.0
1777043655.094492,95668,95668.0
1777043661.7783935,95756,95756.0
1777043671.8546102,95894,95894.0
1777043681.9378061,96031,96031.0
1777043691.897855,96166,96166.0
1777043703.830245,96333,96333.0
1777043716.85389,96514,96514.0
1777043729.0979688,96681,96681.0
1777043737.8978245,96799,96799.0
1777043744.8137443,96891,96891.0
1777043763.0737357,97153,97153.0
1777043773.5654776,97294,97294.0
1777043783.513859,97430,97430.0
1777043790.473751,97520,97520.0
1777043797.2734518,97610,97610.0
1777043803.9377942,97698,97698.0
1777043810.581553,97786,97786.0
1777043824.6492403,97983,97983.0
1777043836.8414192,98155,98155.0
1777043843.6890116,98245,98245.0
1777043853.5495095,98381,98381.0
1777043862.413073,98499,98499.0
1777043877.4409113,98712,98712.0
1777043895.9809783,98974,98974.0
1777043906.280953,99114,99114.0
1777043914.94102,99232,99232.0
1777043921.9409735,99324,99324.0
1777043936.98085,99539,99539.0
1777043944.1486738,99631,99631.0
1777043953.2087107,99751,99751.0
1777043959.8728507,99839,99839.0
1777043969.9846313,99977,99977.0
1777043979.1845737,100097,100097.0
1777043989.540802,100238,100238.0
1777043996.5246525,100328,100328.0
1777044003.1923492,100416,100416.0
1777044015.3005793,100581,100581.0
1777044022.4324954,100673,100673.0
1777044032.5599704,100809,100809.0
1777044053.4999053,101101,101101.0
1777044062.3324022,101221,101221.0
1777044069.7919497,101313,101313.0
1777044076.6599119,101405,101405.0
1777044083.759847,101495,101495.0
1777044090.6840327,101585,101585.0
1777044097.6679556,101675,101675.0
1777044104.635682,101765,101765.0
1777044113.2438028,101881,101881.0
1777044127.1916735,102065,102065.0
1777044137.3356588,102201,102201.0
1777044144.1358263,102291,102291.0
1777044156.3115735,102456,102456.0
1777044163.459639,102546,102546.0
1777044178.5515783,102758,102758.0
1777044185.5035396,102846,102846.0
1777044197.2276366,103010,103010.0
1777044204.0758004,103102,103102.0
1777044213.9035692,103236,103236.0
1777044223.0874357,103356,103356.0
1777044231.8594909,103477,103477.0
1777044245.479032,103664,103664.0
1777044254.5191703,103784,103784.0
1777044264.686841,103920,103920.0
1777044271.8790596,104012,104012.0
1777044281.2629879,104132,104132.0
1777044291.1427555,104268,104268.0
1777044298.3189356,104358,104358.0
1777044305.2026896,104446,104446.0
1777044314.279043,104568,104568.0
1777044321.0629876,104658,104658.0
1777044331.0627635,104796,104796.0
1777044348.1707895,105029,105029.0
1777044360.362678,105198,105198.0
1777044367.4307358,105290,105290.0
1777044377.5387754,105424,105424.0
1777044384.4706764,105516,105516.0
1777044397.9306614,105702,105702.0
1777044410.078814,105870,105870.0
1777044416.8065498,105960,105960.0
1777044423.9710057,106050,106050.0
1777044431.0540717,106142,106142.0
1777044439.9141438,106262,106262.0
1777044462.069848,106574,106574.0
1777044475.5622516,106761,106761.0
1777044487.96186,106926,106926.0
1777044496.7538269,107046,107046.0
1777044509.0057604,107213,107213.0
1777044516.246064,107305,107305.0
1777044525.2139099,107425,107425.0
1777044533.9818196,107543,107543.0
1777044540.9060318,107635,107635.0
1777044548.4059064,107725,107725.0
1777044555.397913,107815,107815.0
1777044562.397714,107907,107907.0
1777044571.0817003,108023,108023.0
1777044578.1219914,108113,108113.0
1777044585.3220499,108205,108205.0
1777044600.6137292,108416,108416.0
1777044611.2976637,108554,108554.0
1777044618.4417138,108646,108646.0
1777044625.2416244,108736,108736.0
1777044634.2257223,108852,108852.0
1777044641.333607,108944,108944.0
1777044648.3971653,109036,109036.0
1777044654.8657165,109122,109122.0
1777044664.9253173,109261,109261.0
1777044674.3733964,109379,109379.0
1777044684.5493026,109515,109515.0
1777044694.5649426,109654,109654.0
1777044701.7569287,109742,109742.0
1777044714.992805,109928,109928.0
1777044721.8174858,110014,110014.0
1777044732.9168546,110166,110166.0
1777044744.876905,110332,110332.0
1777044752.0249288,110424,110424.0
1777044762.1328025,110562,110562.0
1777044769.101132,110654,110654.0
1777044779.0606627,110790,110790.0
1777044785.9610484,110882,110882.0
1777044792.9766953,110974,110974.0
1777044802.9686487,111112,111112.0
1777044812.9848056,111250,111250.0
1777044820.4607136,111340,111340.0
1777044830.6766036,111476,111476.0
1777044839.8527265,111596,111596.0
1777044850.1926823,111732,111732.0
1777044857.060675,111824,111824.0
1777044863.992705,111916,111916.0
1777044870.9082615,112008,112008.0
1777044884.6525908,112193,112193.0
1777044891.3214214,112281,112281.0
1777044906.9279869,112492,112492.0
1777044913.9603727,112582,112582.0
1777044926.136652,112749,112749.0
1777044943.411946,112969,112969.0
1777044953.2762997,113105,113105.0
1777044965.0039546,113270,113270.0
1777044975.4039817,113408,113408.0
1777044988.9798496,113597,113597.0
1777044995.8438482,113685,113685.0
1777045011.219768,113900,113900.0
1777045023.2438238,114069,114069.0
1777045030.4275737,114159,114159.0
1777045041.7035708,114314,114314.0
1777045048.8877285,114404,114404.0
1777045067.4276571,114666,114666.0
1777045077.563335,114807,114807.0
1777045086.6874378,114926,114926.0
1777045095.6030772,115044,115044.0
1777045107.7315197,115212,115212.0
1777045114.6636748,115304,115304.0
1777045121.803633,115396,115396.0
1777045134.0554624,115563,115563.0
1777045141.0552046,115653,115653.0
1777045155.8475418,115851,115851.0
1777045162.806837,115943,115943.0
1777045173.2229285,116081,116081.0
1777045180.1712818,116169,116169.0
1777045187.198971,116259,116259.0
1777045194.3308756,116351,116351.0
1777045213.7708757,116623,116623.0
1777045224.8627884,116776,116776.0
1777045234.7826548,116914,116914.0
1777045241.9545958,117004,117004.0
1777045249.1907744,117096,117096.0
1777045264.246698,117310,117310.0
1777045274.798639,117449,117449.0
1777045283.7224674,117569,117569.0
1777045291.0227985,117661,117661.0
1777045303.166557,117826,117826.0
1777045317.23049,118025,118025.0
1777045329.722389,118192,118192.0
1777045346.2985768,118426,118426.0
1777045353.1657329,118518,118518.0
1777045363.7818599,118657,118657.0
1777045373.8578258,118796,118796.0
1777045381.0259728,118888,118888.0
1777045393.4340568,119055,119055.0
1777045403.7337995,119196,119196.0
1777045410.4900155,119286,119286.0
1777045419.6258795,119404,119404.0
1777045426.9179564,119496,119496.0
1777045435.965468,119616,119616.0
1777045442.9176614,119706,119706.0
1777045450.4938083,119798,119798.0
1777045457.4257567,119890,119890.0
1777045464.509706,119982,119982.0
1777045475.4016097,120130,120130.0
1777045484.641972,120252,120252.0
1777045498.7096937,120445,120445.0
1777045508.949872,120581,120581.0
1777045519.6016428,120727,120727.0
1777045531.6413581,120893,120893.0
1777045548.7336094,121131,121131.0
1777045555.6328428,121219,121219.0
1777045562.569332,121311,121311.0
1777045572.1089926,121433,121433.0
1777045579.2089565,121523,121523.0
1777045586.344662,121615,121615.0
1777045593.0849519,121703,121703.0
1777045603.4372263,121842,121842.0
1777045615.4605882,122008,122008.0
1777045625.4928632,122142,122142.0
1777045633.136807,122234,122234.0
1777045640.0847514,122326,122326.0
1777045647.0208082,122418,122418.0
1777045653.8767264,122508,122508.0
1777045661.4127595,122600,122600.0
1777045672.268767,122750,122750.0
1777045680.9527013,122866,122866.0
1777045693.260702,123031,123031.0
1777045703.5287218,123171,123171.0
1777045720.2363973,123404,123404.0
1777045727.0204823,123494,123494.0
1777045734.3124683,123586,123586.0
1777045741.2446585,123678,123678.0
1777045751.403888,123812,123812.0
1777045758.436196,123904,123904.0
1777045770.712115,124070,124070.0
1777045780.1960537,124190,124190.0
1777045795.1876404,124403,124403.0
1777045802.271629,124493,124493.0
1777045809.7959712,124583,124583.0
1777045818.5477355,124703,124703.0
1777045828.6476383,124843,124843.0
1777045840.495827,125006,125006.0
1777045847.795772,125098,125098.0
1777045855.0478132,125190,125190.0
1777045862.2115092,125282,125282.0
1777045879.1035676,125514,125514.0
1777045891.0315678,125681,125681.0
1777045898.1636322,125773,125773.0
1777045905.3316863,125865,125865.0
1777045911.9873493,125953,125953.0
1777045921.955755,126089,126089.0
1777045935.9990654,126283,126283.0
1777045943.1150763,126373,126373.0
1777045950.2308638,126465,126465.0
1777045957.1068466,126555,126555.0
1777045967.73898,126691,126691.0
1777045982.5989707,126902,126902.0
1777045999.1749961,127129,127129.0
1777046006.1905932,127217,127217.0
1777046012.9469268,127307,127307.0
1777046023.4467812,127443,127443.0
1777046033.4388611,127581,127581.0
1777046040.3747385,127671,127671.0
1777046050.690739,127809,127809.0
1777046062.7506478,127976,127976.0
1777046069.4827268,128064,128064.0
1777046078.2746694,128184,128184.0
1777046088.522458,128320,128320.0
1777046100.5827498,128489,128489.0
1777046112.950447,128654,128654.0
1777046119.8583808,128744,128744.0
1777046126.7899761,128836,128836.0
1777046142.4184325,129049,129049.0
1777046149.4499152,129139,129139.0
1777046156.6738334,129231,129231.0
1777046168.5420809,129394,129394.0
1777046175.581828,129486,129486.0
1777046182.7337885,129578,129578.0
1777046189.681675,129668,129668.0
1777046196.341766,129756,129756.0
1777046206.8256476,129892,129892.0
1777046213.7579288,129984,129984.0
1777046225.8657682,130153,130153.0
1777046236.3937037,130289,130289.0
1777046243.5257971,130379,130379.0
1777046250.6257126,130469,130469.0
1777046257.4176593,130559,130559.0
1777046264.601781,130651,130651.0
1777046273.549231,130769,130769.0
1777046280.409471,130861,130861.0
1777046287.6094031,130951,130951.0
1777046295.0254173,131043,131043.0
1777046301.9855857,131131,131131.0
1777046313.9009137,131294,131294.0
1777046326.477021,131462,131462.0
1777046340.7174659,131659,131659.0
1777046347.6850393,131751,131751.0
1777046361.2927623,131936,131936.0
1777046378.1370757,132173,132173.0
1777046385.4367027,132265,132265.0
1777046400.6929064,132478,132478.0
1777046407.6286662,132570,132570.0
1777046421.6047513,132757,132757.0
1777046431.5046308,132893,132893.0
1777046440.7127614,133013,133013.0
1777046447.6767035,133103,133103.0
1777046459.4687672,133268,133268.0
1777046468.2685351,133386,133386.0
1777046478.5445566,133524,133524.0
1777046485.628652,133616,133616.0
1777046496.0964682,133756,133756.0
1777046507.7884786,133917,133917.0
1777046519.363901,134080,134080.0
1777046529.7879515,134216,134216.0
1777046536.935852,134306,134306.0
1777046547.4042494,134447,134447.0
1777046554.336005,134539,134539.0
1777046567.9800048,134723,134723.0
1777046585.0877895,134962,134962.0
1777046596.1203704,135100,135100.0
1777046608.4318259,135267,135267.0
1777046618.3638396,135403,135403.0
1777046625.571754,135493,135493.0
1777046632.8876038,135585,135585.0
1777046653.8316517,135879,135879.0
1777046664.055993,136019,136019.0
1777046677.2557359,136205,136205.0
1777046684.3635595,136293,136293.0
1777046691.4476082,136381,136381.0
1777046698.5156622,136473,136473.0
1777046705.2915804,136561,136561.0
1777046712.5714428,136651,136651.0
1777046734.5471852,136969,136969.0
1777046742.0067925,137059,137059.0
1777046749.190973,137149,137149.0
1777046760.6909986,137310,137310.0
1777046772.7989476,137475,137475.0
1777046786.0066473,137662,137662.0
1777046799.851036,137849,137849.0
1777046806.8669217,137939,137939.0
1777046813.9309485,138029,138029.0
1777046829.4747753,138245,138245.0
1777046836.77449,138337,138337.0
1777046846.9507895,138476,138476.0
1777046853.8987334,138568,138568.0
1777046860.9826937,138660,138660.0
1777046867.7750952,138750,138750.0
1777046874.7586656,138842,138842.0
1777046881.8585973,138932,138932.0
1777046888.7502282,139024,139024.0
1777046904.9100454,139246,139246.0
1777046913.590485,139364,139364.0
1777046929.2343206,139579,139579.0
1777046939.5818849,139720,139720.0
1777046946.5739276,139812,139812.0
1777046954.009888,139902,139902.0
1777046965.933783,140069,140069.0
1777046978.0662584,140236,140236.0
1777046986.825996,140350,140350.0
1777047001.8256428,140563,140563.0
1777047020.9496295,140828,140828.0
1777047027.8777647,140920,140920.0
1777047037.9618018,141057,141057.0
1777047048.3698423,141198,141198.0
1777047058.917342,141339,141339.0
1777047065.7617462,141431,141431.0
1777047076.1257088,141569,141569.0
1777047082.961617,141659,141659.0
1777047094.9696262,141823,141823.0
1777047102.03774,141913,141913.0
1777047109.209586,142003,142003.0
1777047118.0091274,142123,142123.0
1777047138.5850616,142409,142409.0
1777047151.792868,142596,142596.0
1777047162.3293467,142735,142735.0
1777047174.368723,142900,142900.0
1777047184.2367105,143036,143036.0
1777047196.576936,143200,143200.0
1777047216.8887227,143491,143491.0
1777047224.0965428,143583,143583.0
1777047230.7288282,143671,143671.0
1777047237.3968334,143759,143759.0
1777047250.4729986,143944,143944.0
1777047257.672604,144034,144034.0
1777047269.5444489,144199,144199.0
1777047276.6967762,144291,144291.0
1777047287.1205826,144429,144429.0
1777047297.2206192,144567,144567.0
1777047304.1045623,144659,144659.0
1777047316.896378,144833,144833.0
1777047323.964571,144925,144925.0
1777047332.6399832,145043,145043.0
1777047345.3398182,145212,145212.0
1777047352.4958563,145302,145302.0
1777047359.795845,145394,145394.0
1777047369.8037639,145533,145533.0
1777047378.9717522,145654,145654.0
1777047385.9877656,145746,145746.0
1777047394.8796678,145864,145864.0
1777047404.0316613,145982,145982.0
1777047411.2083213,146072,146072.0
1777047423.0078418,146237,146237.0
1777047433.7159498,146375,146375.0
1777047440.8477876,146467,146467.0
1777047447.7998059,146553,146553.0
1777047454.591677,146643,146643.0
1777047461.791778,146735,146735.0
1777047477.031394,146948,146948.0
1777047487.083742,147087,147087.0
1777047494.3553724,147179,147179.0
1777047501.5234628,147269,147269.0
1777047508.4555202,147361,147361.0
1777047518.7830126,147500,147500.0
1777047528.1316113,147618,147618.0
1777047535.0588272,147710,147710.0
1777047544.8913133,147844,147844.0
1777047552.0313556,147934,147934.0
1777047566.0987568,148127,148127.0
1777047581.2746823,148340,148340.0
1777047594.8347259,148529,148529.0
1777047601.7668965,148619,148619.0
1777047618.8427656,148858,148858.0
1777047626.058499,148950,148950.0
1777047636.0668402,149088,149088.0
1777047650.234716,149285,149285.0
1777047662.2905633,149452,149452.0
1777047669.2267277,149544,149544.0
1777047681.4025586,149709,149709.0
1777047690.4345117,149827,149827.0
1777047706.074681,150042,150042.0
1777047726.0864215,150330,150330.0
1777047733.126126,150418,150418.0
1777047740.1779728,150508,150508.0
1777047747.1260004,150600,150600.0
1777047758.9339871,150763,150763.0
1777047769.117981,150898,150898.0
1777047775.909943,150988,150988.0
1777047785.0417736,151108,151108.0
1777047792.041646,151198,151198.0
1777047805.653942,151385,151385.0
1777047814.5258167,151504,151504.0
1777047821.461746,151596,151596.0
1777047832.1619244,151737,151737.0
1777047850.9034011,152000,152000.0
1777047858.2616568,152092,152092.0
1777047868.6777365,152230,152230.0
1777047878.8013864,152370,152370.0
1777047889.7212098,152508,152508.0
1777047896.7132313,152600,152600.0
1777047909.9936008,152781,152781.0
1777047917.0528512,152871,152871.0
1777047923.8528464,152961,152961.0
1777047942.9610167,153225,153225.0
1777047949.8774874,153315,153315.0
1777047957.0688286,153407,153407.0
1777047969.1688151,153572,153572.0
1777047976.3450513,153664,153664.0
1777047983.0809755,153754,153754.0
1777047992.9967299,153890,153890.0
1777048000.220875,153982,153982.0
1777048011.3887577,154130,154130.0
1777048021.244773,154266,154266.0
1777048030.0287347,154382,154382.0
1777048041.156687,154523,154523.0
1777048048.004558,154611,154611.0
1777048068.4206474,154898,154898.0
1777048075.3563685,154990,154990.0
1777048086.3561542,155143,155143.0
1777048095.704561,155263,155263.0
1777048109.2319021,155450,155450.0
1777048116.1478674,155538,155538.0
1777048129.6719656,155725,155725.0
1777048139.8162508,155861,155861.0
1777048150.2814298,156000,156000.0
1777048162.6240191,156167,156167.0
1777048169.52384,156257,156257.0
1777048181.579946,156426,156426.0
1777048189.1479542,156518,156518.0
1777048196.2317755,156608,156608.0
1777048203.4718237,156700,156700.0
1777048221.1995976,156943,156943.0
1777048228.13177,157035,157035.0
1777048234.999957,157125,157125.0
1777048241.775777,157215,157215.0
1777048252.3396583,157353,157353.0
1777048259.1316779,157443,157443.0
1777048265.9314036,157533,157533.0
1777048285.1911066,157796,157796.0
1777048294.0753434,157914,157914.0
1777048304.714924,158052,158052.0
1777048311.5508459,158142,158142.0
1777048320.3428516,158262,158262.0
1777048335.7831619,158477,158477.0
1777048349.666987,158673,158673.0
1777048356.7149382,158763,158763.0
1777048367.1066961,158901,158901.0
1777048379.0428588,159068,159068.0
1777048385.9987507,159160,159160.0
1777048392.950939,159252,159252.0
1777048400.4908428,159340,159340.0
1777048407.0107505,159426,159426.0
1777048413.9427705,159518,159518.0
1777048430.966776,159752,159752.0
1777048441.2107966,159888,159888.0
1777048453.2944596,160055,160055.0
1777048466.318593,160224,160224.0
1777048476.2505836,160361,160361.0
1777048491.894189,160572,160572.0
1777048507.2499394,160789,160789.0
1777048513.9706953,160879,160879.0
1777048521.2098718,160969,160969.0
1777048528.1938314,161061,161061.0
1777048535.4258845,161153,161153.0
1777048547.469884,161315,161315.0
1777048564.2097309,161552,161552.0
1777048579.9097455,161763,161763.0
1777048589.7378023,161898,161898.0
1777048600.0379267,162036,162036.0
1777048607.609975,162128,162128.0
1777048614.3623707,162218,162218.0
1777048621.2619917,162310,162310.0
1777048628.0536504,162400,162400.0
1777048635.4219308,162488,162488.0
1777048642.5378788,162580,162580.0
1777048649.8137267,162672,162672.0
1777048658.8299522,162790,162790.0
1777048665.9057283,162880,162880.0
1777048672.8216667,162972,162972.0
1777048684.6455977,163137,163137.0
1777048696.9617739,163302,163302.0
1777048703.905711,163394,163394.0
1777048710.7056525,163484,163484.0
1777048729.413663,163748,163748.0
1777048741.5815606,163917,163917.0
1777048750.7896366,164039,164039.0
1777048760.1216187,164159,164159.0
1777048767.0456169,164251,164251.0
1777048773.9815488,164339,164339.0
1777048780.9969833,164431,164431.0
1777048796.8209257,164651,164651.0
1777048803.9049792,164739,164739.0
1777048814.0973136,164880,164880.0
1777048834.4057817,165165,165165.0
1777048844.704778,165306,165306.0
1777048853.8652055,165426,165426.0
1777048866.0890803,165593,165593.0
1777048876.5569572,165733,165733.0
1777048889.9327168,165920,165920.0
1777048905.5334115,166138,166138.0
1777048912.4408035,166226,166226.0
1777048922.8086605,166364,166364.0
1777048932.9324603,166504,166504.0
1777048940.248516,166594,166594.0
1777048947.2729058,166686,166686.0
1777048959.1927428,166851,166851.0
1777048974.6485553,167066,167066.0
1777048991.056726,167300,167300.0
1777048998.2086856,167392,167392.0
1777049007.092602,167510,167510.0
1777049014.1166523,167600,167600.0
1777049023.984469,167735,167735.0
1777049034.560409,167874,167874.0
1777049041.3924866,167964,167964.0
1777049051.2842548,168100,168100.0
1777049063.5523665,168265,168265.0
1777049073.844279,168405,168405.0
1777049080.7758565,168497,168497.0
1777049087.892337,168587,168587.0
1777049099.799767,168752,168752.0
1777049115.143786,168970,168970.0
1777049126.4276793,169116,169116.0
1777049135.2837796,169237,169237.0
1777049142.1676352,169327,169327.0
1777049149.4279315,169419,169419.0
1777049161.4917376,169586,169586.0
1777049171.5517359,169720,169720.0
1777049178.5838785,169808,169808.0
1777049188.6038043,169944,169944.0
1777049198.7277179,170083,170083.0
1777049205.6756022,170175,170175.0
1777049213.067679,170263,170263.0
1777049223.0038836,170400,170400.0
1777049233.1796436,170536,170536.0
1777049256.8355005,170870,170870.0
1777049266.251423,170990,170990.0
1777049277.7436647,171151,171151.0
1777049284.6794,171243,171243.0
1777049291.6188643,171335,171335.0
1777049299.034842,171425,171425.0
1777049305.8029609,171515,171515.0
1777049312.5788171,171603,171603.0
1777049324.6468544,171772,171772.0
1777049332.2708864,171864,171864.0
1777049339.402759,171956,171956.0
1777049348.255001,172076,172076.0
1777049358.462943,172212,172212.0
1777049375.5871732,172457,172457.0
1777049385.7708626,172596,172596.0
1777049393.1466103,172684,172684.0
1777049400.1787207,172776,172776.0
1777049412.0947983,172941,172941.0
1777049421.370799,173061,173061.0
1777049428.6867883,173153,173153.0
1777049442.4147527,173346,173346.0
1777049449.746987,173436,173436.0
1777049456.6905015,173526,173526.0
1777049471.690562,173739,173739.0
1777049482.4624424,173880,173880.0
1777049489.7985036,173972,173972.0
1777049498.6065793,174092,174092.0
1777049505.3539467,174182,174182.0
1777049519.4820971,174377,174377.0
1777049531.4981992,174544,174544.0
1777049539.122088,174636,174636.0
1777049550.3898323,174789,174789.0
1777049575.3418033,175145,175145.0
1777049590.2418885,175356,175356.0
1777049597.9656427,175448,175448.0
1777049617.7256262,175726,175726.0
1777049634.9175222,175966,175966.0
1777049644.9977431,176104,176104.0
1777049653.7977173,176224,176224.0
1777049663.1897733,176343,176343.0
1777049673.425603,176479,176479.0
1777049680.4176967,176567,176567.0
1777049690.673343,176703,176703.0
1777049702.773574,176872,176872.0
1777049709.8411424,176962,176962.0
1777049728.5852993,177225,177225.0
1777049735.884864,177317,177317.0
1777049746.041093,177453,177453.0
1777049758.285362,177618,177618.0
1777049770.2688377,177781,177781.0
1777049777.6936758,177871,177871.0
1777049784.8610053,177963,177963.0
1777049793.908983,178081,178081.0
1777049800.700892,178171,178171.0
1777049810.016935,178291,178291.0
1777049819.876801,178427,178427.0
1777049826.7248788,178519,178519.0
1777049842.3684387,178735,178735.0
1777049851.1687613,178855,178855.0
1777049860.1766539,178977,178977.0
1777049869.5606065,179097,179097.0
1777049876.644483,179189,179189.0
1777049885.7001739,179307,179307.0
1777049892.368411,179395,179395.0
1777049900.012709,179487,179487.0
1777049908.6924498,179605,179605.0
1777049915.7766678,179695,179695.0
1777049924.5045617,179811,179811.0
1777049936.7686262,179976,179976.0
1777049943.9284897,180068,180068.0
1777049953.1279557,180188,180188.0
1777049963.4520314,180324,180324.0
1777049975.5041497,180489,180489.0
1777049982.2962785,180579,180579.0
1777049998.1719909,180793,180793.0
1777050007.0038464,180913,180913.0
1777050019.4439893,181080,181080.0
1777050035.0438507,181298,181298.0
1777050041.9716349,181390,181390.0
1777050052.563703,181528,181528.0
1777050071.0117245,181792,181792.0
1777050080.287662,181912,181912.0
1777050086.9734428,182000,182000.0
1777050095.9716854,182122,182122.0
1777050108.4116523,182289,182289.0
1777050117.3794222,182408,182408.0
1777050124.2874115,182500,182500.0
1777050142.9470046,182762,182762.0
1777050163.0554545,183051,183051.0
1777050170.507165,183143,183143.0
1777050180.4870327,183281,183281.0
1777050194.4994044,183475,183475.0
1777050201.8227646,183565,183565.0
1777050216.9906948,183780,183780.0
1777050225.9628425,183900,183900.0
1777050245.0547788,184164,184164.0
1777050252.2388773,184254,184254.0
1777050267.6984053,184465,184465.0
1777050278.4986973,184615,184615.0
1777050285.2066758,184703,184703.0
1777050292.7386355,184795,184795.0
1777050299.9383364,184887,184887.0
1777050306.9987013,184979,184979.0
1777050313.9306667,185071,185071.0
1777050321.558822,185163,185163.0
1777050335.106399,185348,185348.0
1777050350.734648,185565,185565.0
1777050372.8421826,185878,185878.0
1777050380.026503,185970,185970.0
1777050398.3662968,186232,186232.0
1777050408.6262066,186373,186373.0
1777050417.409962,186493,186493.0
1777050424.1023343,186581,186581.0
1777050430.901806,186671,186671.0
1777050448.2419615,186905,186905.0
1777050455.093538,186997,186997.0
1777050464.0574703,187115,187115.0
1777050474.3856032,187251,187251.0
1777050481.0496438,187339,187339.0
1777050494.6254358,187525,187525.0
1777050501.877593,187615,187615.0
1777050513.701758,187780,187780.0
1777050520.3335214,187868,187868.0
1777050527.2617264,187960,187960.0
1777050534.5095754,188052,188052.0
1777050545.6696968,188203,188203.0
1777050557.433593,188368,188368.0
1777050565.0536287,188460,188460.0
1777050577.0449526,188627,188627.0
1777050589.4688275,188792,188792.0
1777050599.6173635,188933,188933.0
1777050611.629126,189100,189100.0
1777050621.0929613,189220,189220.0
1777050630.8367574,189354,189354.0
1777050639.6367993,189474,189474.0
1777050650.1926758,189612,189612.0
1777050662.7287655,189782,189782.0
1777050669.5528069,189872,189872.0
1777050679.5967767,190008,190008.0
1777050694.9127545,190224,190224.0
1777050705.1128345,190361,190361.0
1777050715.436702,190501,190501.0
1777050725.9044127,190641,190641.0
1777050735.8448176,190778,190778.0
1777050743.2724988,190868,190868.0
1777050750.4726474,190960,190960.0
1777050757.0725102,191048,191048.0
1777050787.0279634,191478,191478.0
1777050795.6880183,191596,191596.0
1777050804.7361152,191714,191714.0
1777050812.0284636,191806,191806.0
1777050829.3722773,192045,192045.0
1777050851.5799558,192364,192364.0
1777050870.487953,192630,192630.0
1777050893.5637784,192959,192959.0
1777050902.279688,193079,193079.0
1777050917.307738,193292,193292.0
1777050924.9795568,193384,193384.0
1777050931.9156637,193476,193476.0
1777050940.8477395,193596,193596.0
1777050950.3395846,193716,193716.0
1777050966.5917125,193946,193946.0
1777050973.583622,194038,194038.0
1777050985.9229336,194205,194205.0
1777050992.8749163,194297,194297.0
1777051003.255539,194435,194435.0
1777051013.7308154,194574,194574.0
1777051021.0313523,194666,194666.0
1777051027.6989455,194754,194754.0
1777051040.0510128,194918,194918.0
1777051048.7308462,195036,195036.0
1777051060.5986314,195201,195201.0
1777051077.542929,195439,195439.0
1777051084.5065796,195531,195531.0
1777051094.6147654,195669,195669.0
1777051105.0827909,195807,195807.0
1777051115.458733,195948,195948.0
1777051122.3067107,196036,196036.0
1777051129.2824335,196126,196126.0
1777051136.1828365,196218,196218.0
1777051148.6506836,196385,196385.0
1777051155.574571,196477,196477.0
1777051162.7586734,196567,196567.0
1777051172.7585726,196705,196705.0
1777051179.7504568,196797,196797.0
1777051192.365944,196964,196964.0
1777051204.673993,197132,197132.0
1777051216.8338456,197301,197301.0
1777051224.0338397,197393,197393.0
1777051231.0337894,197483,197483.0
1777051238.1260674,197575,197575.0
1777051245.12578,197665,197665.0
1777051255.3857825,197799,197799.0
1777051271.8498404,198034,198034.0
1777051282.6417723,198173,198173.0
1777051289.8617554,198263,198263.0
1777051297.033699,198353,198353.0
1777051314.177793,198593,198593.0
1777051326.2777905,198762,198762.0
1777051335.101469,198880,198880.0
1777051342.417691,198972,198972.0
1777051349.6856408,199064,199064.0
1777051356.6776884,199156,199156.0
1777051368.4776068,199321,199321.0
1777051375.9015675,199411,199411.0
1777051383.001467,199499,199499.0
1777051398.1290064,199712,199712.0
1777051405.6613564,199800,199800.0
1777051415.7207963,199939,199939.0
1777051427.6370053,200100,200100.0
1777051434.804914,200188,200188.0
1777051441.476804,200276,200276.0
1777051448.460966,200366,200366.0
1777051455.3967252,200458,200458.0
1777051462.6889813,200548,200548.0
1777051469.3688452,200634,200634.0
1777051476.0890737,200722,200722.0
1777051486.2449222,200858,200858.0
1777051498.6727862,201025,201025.0
1777051505.972753,201117,201117.0
1777051519.4806633,201303,201303.0
1777051526.680803,201395,201395.0
1777051533.5967426,201485,201485.0
1777051546.8567345,201672,201672.0
1777051560.2125955,201856,201856.0
1777051570.71285,201997,201997.0
1777051578.0414693,202089,202089.0
1777051585.3205252,202177,202177.0
1777051592.1206481,202267,202267.0
1777051607.2323322,202478,202478.0
1777051624.5883503,202711,202711.0
1777051634.9238508,202851,202851.0
1777051642.315785,202943,202943.0
1777051649.1159148,203033,203033.0
1777051658.9562213,203169,203169.0
1777051673.3719993,203365,203365.0
1777051680.364086,203457,203457.0
1777051689.1319964,203573,203573.0
1777051699.0644782,203710,203710.0
1777051712.5917878,203896,203896.0
1777051722.4156814,204032,204032.0
1777051729.4317946,204124,204124.0
1777051736.2236907,204212,204212.0
1777051745.9558167,204346,204346.0
1777051759.7075963,204533,204533.0
1777051781.6917276,204846,204846.0
1777051796.2234502,205041,205041.0
1777051811.3511405,205255,205255.0
1777051818.2832701,205347,205347.0
1777051828.9749324,205484,205484.0
1777051835.7747898,205572,205572.0
1777051848.750839,205756,205756.0
1777051859.5150633,205897,205897.0
1777051869.374822,206033,206033.0
1777051876.474761,206125,206125.0
1777051890.118938,206310,206310.0
1777051897.0831606,206400,206400.0
1777051906.3750336,206522,206522.0
1777051918.9269645,206690,206690.0
1777051926.0027668,206780,206780.0
1777051933.0825284,206870,206870.0
1777051940.8346326,206962,206962.0
1777051951.710742,207109,207109.0
1777051965.7027147,207307,207307.0
1777051973.1026833,207399,207399.0
1777051979.818731,207487,207487.0
1777051987.1424217,207579,207579.0
1777051993.9266999,207669,207669.0
1777052006.034028,207836,207836.0
1777052015.1184,207954,207954.0
1777052022.2023618,208044,208044.0
1777052031.3778954,208164,208164.0
1777052038.277863,208254,208254.0
1777052048.1338105,208390,208390.0
1777052055.202325,208482,208482.0
1777052062.7624357,208574,208574.0
1777052081.393951,208838,208838.0
1777052090.7541232,208956,208956.0
1777052102.6697967,209122,209122.0
1777052111.6621819,209244,209244.0
1777052118.8300295,209334,209334.0
1777052127.8538446,209454,209454.0
1777052134.8017735,209546,209546.0
1777052144.9617107,209686,209686.0
1777052155.51369,209822,209822.0
1777052162.461766,209914,209914.0
1777052171.3372827,210036,210036.0
1777052178.1057243,210126,210126.0
1777052185.1454182,210214,210214.0
1777052198.545727,210400,210400.0
1777052208.4536173,210534,210534.0
1777052215.705446,210624,210624.0
1777052224.6054292,210741,210741.0
1777052236.3969114,210906,210906.0
1777052246.9729369,211042,211042.0
1777052254.1209345,211132,211132.0
1777052263.2051997,211252,211252.0
1777052270.9291143,211344,211344.0
1777052284.1970017,211531,211531.0
1777052299.3210235,211742,211742.0
1777052308.2129645,211860,211860.0
1777052320.3969874,212027,212027.0
1777052329.072728,212145,212145.0
1777052338.2207797,212265,212265.0
1777052350.2647388,212428,212428.0
1777052357.0646083,212518,212518.0
1777052369.488729,212685,212685.0
1777052378.3406801,212804,212804.0
1777052385.1407378,212894,212894.0
1777052391.9166048,212984,212984.0
1777052398.6485672,213074,213074.0
1777052407.840646,213194,213194.0
1777052417.7725837,213329,213329.0
1777052428.2165334,213467,213467.0
1777052436.979947,213585,213585.0
1777052447.9079041,213731,213731.0
1777052455.2079306,213821,213821.0
1777052462.2398546,213913,213913.0
1777052475.9320786,214106,214106.0
1777052486.5319018,214246,214246.0
1777052493.408345,214338,214338.0
1777052503.4239964,214476,214476.0
1777052510.6158578,214566,214566.0
1777052517.5479393,214658,214658.0
1777052524.415904,214748,214748.0
1777052536.5076385,214913,214913.0
1777052543.8397985,215001,215001.0
1777052561.0996113,215243,215243.0
1777052575.0074198,215436,215436.0
1777052587.143686,215603,215603.0
1777052599.451496,215770,215770.0
1777052606.9515696,215860,215860.0
1777052629.142992,216175,216175.0
1777052636.5353725,216267,216267.0
1777052643.6350985,216357,216357.0
1777052650.4113767,216447,216447.0
1777052666.2108397,216660,216660.0
1777052680.3350344,216860,216860.0
1777052691.0113845,217001,217001.0
1777052702.9750512,217166,217166.0
1777052710.2949965,217258,217258.0
1777052717.3871381,217348,217348.0
1777052729.2668145,217510,217510.0
1777052736.010771,217598,217598.0
1777052748.2110312,217763,217763.0
1777052759.0506425,217901,217901.0
1777052766.350618,217993,217993.0
1777052778.3107548,218158,218158.0
1777052785.6027386,218250,218250.0
1777052800.77071,218465,218465.0
1777052813.3106732,218631,218631.0
1777052828.5781653,218845,218845.0
1777052840.3180592,219010,219010.0
1777052847.4704192,219102,219102.0
1777052858.8624167,219257,219257.0
1777052865.8099005,219347,219347.0
1777052879.386132,219527,219527.0
1777052886.5702932,219619,219619.0
1777052893.4942565,219711,219711.0
1777052904.7303548,219860,219860.0
1777052911.962118,219952,219952.0
1777052925.6057894,220140,220140.0
1777052936.2979438,220281,220281.0
1777052943.2297306,220373,220373.0
1777052952.1620178,220493,220493.0
1777052959.0697863,220583,220583.0
1777052966.6059742,220675,220675.0
1777052975.3137214,220791,220791.0
1777052981.9816499,220879,220879.0
1777052988.681715,220967,220967.0
1777052998.00578,221085,221085.0
1777053004.989527,221175,221175.0
1777053016.8815837,221342,221342.0
1777053032.1296988,221552,221552.0
1777053041.1573458,221672,221672.0
1777053047.9733686,221762,221762.0
1777053055.481335,221852,221852.0
1777053062.180937,221940,221940.0
1777053068.9810066,222030,222030.0
1777053076.2409897,222122,222122.0
1777053083.6888669,222214,222214.0
1777053100.8135319,222453,222453.0
1777053109.7813501,222571,222571.0
1777053122.0569327,222738,222738.0
1777053128.8567169,222828,222828.0
1777053137.5327811,222942,222942.0
1777053150.196991,223109,223109.0
1777053156.9566612,223197,223197.0
1777053163.8888311,223289,223289.0
1777053178.9166958,223503,223503.0
1777053186.1327052,223593,223593.0
1777053197.972353,223758,223758.0
1777053205.1247654,223848,223848.0
1777053213.924796,223968,223968.0
1777053222.884628,224088,224088.0
1777053241.524669,224353,224353.0
1777053251.4086018,224487,224487.0
1777053262.148421,224626,224626.0
1777053270.9484155,224746,224746.0
1777053279.7404356,224866,224866.0
1777053289.7241728,225004,225004.0
1777053298.7318156,225124,225124.0
1777053305.668158,225216,225216.0
1777053315.400003,225350,225350.0
1777053322.8437366,225440,225440.0
1777053334.7239377,225602,225602.0
1777053343.5677762,225720,225720.0
1777053359.175638,225934,225934.0
1777053365.9756544,226024,226024.0
1777053380.8356268,226235,226235.0
1777053388.4677038,226327,226327.0
1777053395.5676858,226419,226419.0
1777053412.711732,226655,226655.0
1777053427.703728,226868,226868.0
1777053437.8196821,227007,227007.0
1777053459.0514474,227303,227303.0
1777053466.2354386,227395,227395.0
1777053473.6195385,227487,227487.0
1777053480.1434698,227573,227573.0
1777053492.126975,227738,227738.0
1777053499.3111813,227828,227828.0
1777053511.7356458,227993,227993.0
1777053523.510846,228154,228154.0
1777053542.0868626,228412,228412.0
1777053557.2186437,228627,228627.0
1777053564.5269008,228719,228719.0
1777053574.862711,228857,228857.0
1777053590.2544975,229069,229069.0
1777053600.3947804,229206,229206.0
1777053607.246958,229296,229296.0
1777053625.8867908,229559,229559.0
1777053632.9025948,229651,229651.0
1777053639.8025093,229743,229743.0
1777053646.7786114,229835,229835.0
1777053662.606723,230048,230048.0
1777053674.8382976,230216,230216.0
1777053685.5144317,230362,230362.0
1777053697.562516,230530,230530.0
1777053717.3899758,230811,230811.0
1777053739.062457,231124,231124.0
1777053750.137961,231267,231267.0
1777053760.105808,231404,231404.0
1777053767.06596,231494,231494.0
1777053779.0977123,231658,231658.0
1777053786.3899,231750,231750.0
1777053798.221728,231913,231913.0
1777053805.4497118,232003,232003.0
1777053817.1294396,232166,232166.0
1777053823.7976584,232254,232254.0
1777053838.9977305,232463,232463.0
1777053845.9494429,232555,232555.0
1777053854.713749,232675,232675.0
1777053869.0575995,232869,232869.0
1777053875.989463,232961,232961.0
1777053882.9256852,233051,233051.0
1777053896.6495059,233239,233239.0
1777053906.7088778,233378,233378.0
1777053915.2250087,233494,233494.0
1777053931.9329565,233725,233725.0
1777053938.8489804,233817,233817.0
1777053945.592875,233907,233907.0
1777053954.856807,234027,234027.0
1777053962.0087109,234117,234117.0
1777053971.7328348,234251,234251.0
1777053987.4089692,234464,234464.0
1777053997.640598,234601,234601.0
1777054004.840696,234693,234693.0
1777054012.000849,234785,234785.0
1777054026.0005486,234978,234978.0
1777054032.9608974,235066,235066.0
1777054043.5163898,235202,235202.0
1777054050.3527818,235290,235290.0
1777054061.5006762,235440,235440.0
1777054068.3087606,235530,235530.0
1777054075.6086333,235622,235622.0
1777054085.5605476,235758,235758.0
1777054097.4682162,235926,235926.0
1777054104.9083412,236014,236014.0
1777054120.0601609,236227,236227.0
1777054127.060252,236319,236319.0
1777054134.3198452,236409,236409.0
1777054141.1684048,236499,236499.0
1777054153.2438633,236664,236664.0
1777054160.1757953,236756,236756.0
1777054167.604407,236848,236848.0
1777054181.2038338,237035,237035.0
1777054195.1436126,237228,237228.0
1777054202.1598544,237320,237320.0
1777054210.8197086,237438,237438.0
1777054217.9198518,237530,237530.0
1777054235.8437319,237778,237778.0
1777054249.2357852,237967,237967.0
1777054259.3196993,238098,238098.0
1777054267.851695,238214,238214.0
1777054274.9635847,238304,238304.0
1777054281.8633883,238394,238394.0
1777054289.3275607,238486,238486.0
1777054308.087598,238749,238749.0
1777054315.2794282,238839,238839.0
1777054327.179392,239004,239004.0
1777054338.3708048,239157,239157.0
1777054352.4308553,239344,239344.0
1777054359.3630388,239430,239430.0
1777054371.1552324,239595,239595.0
1777054382.0387073,239733,239733.0
1777054389.1389294,239825,239825.0
1777054398.362816,239945,239945.0
1777054407.362718,240065,240065.0
1777054414.286825,240157,240157.0
1777054431.2067468,240392,240392.0
1777054443.5787883,240557,240557.0
1777054453.538708,240695,240695.0
1777054467.1707172,240876,240876.0
1777054480.1827092,241059,241059.0
1777054500.3543518,241342,241342.0
1777054514.2824428,241534,241534.0
1777054521.4305196,241624,241624.0
1777054532.1899054,241764,241764.0
1777054539.1220222,241856,241856.0
1777054549.5223873,241995,241995.0
1777054561.9138772,242161,242161.0
1777054578.7420912,242397,242397.0
1777054586.1740034,242487,242487.0
1777054602.6819582,242722,242722.0
1777054613.033772,242863,242863.0
1777054620.2899225,242955,242955.0
1777054627.405663,243047,243047.0
1777054642.450033,243262,243262.0
1777054653.017718,243400,243400.0
1777054659.8897362,243490,243490.0
1777054666.7256923,243580,243580.0
1777054673.4097283,243668,243668.0
1777054685.865619,243839,243839.0
1777054697.657496,244004,244004.0
1777054711.5015159,244189,244189.0
1777054724.9653318,244378,244378.0
1777054732.133194,244470,244470.0
1777054739.44096,244562,244562.0
1777054747.9929512,244678,244678.0
1777054757.969016,244814,244814.0
1777054765.0167527,244904,244904.0
1777054772.048809,244994,244994.0
1777054781.1089592,245114,245114.0
1777054788.0407321,245206,245206.0
1777054795.6690521,245298,245298.0
1777054804.784876,245418,245418.0
1777054825.5446825,245709,245709.0
1777054834.4243746,245825,245825.0
1777054844.5527341,245965,245965.0
1777054854.884937,246105,246105.0
1777054862.1601896,246197,246197.0
1777054876.076645,246395,246395.0
1777054884.8207178,246513,246513.0
1777054900.1443624,246724,246724.0
1777054910.6120727,246864,246864.0
1777054927.7043083,247098,247098.0
1777054939.775908,247266,247266.0
1777054947.095797,247358,247358.0
1777054953.896242,247448,247448.0
1777054960.9519596,247538,247538.0
1777054974.2039645,247725,247725.0
1777054984.6598866,247863,247863.0
1777054993.3594916,247981,247981.0
1777055005.37203,248149,248149.0
1777055014.3718054,248269,248269.0
1777055021.695445,248361,248361.0
1777055028.7638023,248451,248451.0
1777055039.0356913,248585,248585.0
1777055045.7556276,248673,248673.0
1777055055.5356572,248809,248809.0
1777055069.4474242,248996,248996.0
1777055083.2710338,249185,249185.0
1777055091.9709876,249303,249303.0
1777055098.9552753,249395,249395.0
1777055107.862828,249513,249513.0
1777055114.9108236,249605,249605.0
1777055134.0388007,249873,249873.0
1777055147.5466917,250058,250058.0
1777055157.8233,250195,250195.0
1777055168.586743,250345,250345.0
1777055175.606892,250435,250435.0
1777055182.8147404,250525,250525.0
1777055190.3627098,250617,250617.0
1777055197.2988486,250709,250709.0
1777055204.4385126,250801,250801.0
1777055211.7388277,250893,250893.0
1777055223.7827568,251058,251058.0
1777055230.8988407,251148,251148.0
1777055237.8305182,251240,251240.0
1777055247.2066517,251360,251360.0
1777055259.3066988,251525,251525.0
1777055272.4303615,251710,251710.0
1777055285.8583302,251893,251893.0
1777055299.0059419,252078,252078.0
1777055316.229752,252312,252312.0
1777055323.3419428,252402,252402.0
1777055333.5057492,252538,252538.0
1777055341.1418173,252630,252630.0
1777055348.0660434,252722,252722.0
1777055360.1819372,252889,252889.0
1777055375.9258125,253103,253103.0
1777055383.2499754,253195,253195.0
1777055391.9976923,253315,253315.0
1777055402.549715,253455,253455.0
1777055409.5577724,253543,253543.0
1777055419.757715,253681,253681.0
1777055427.465614,253773,253773.0
1777055434.117692,253861,253861.0
1777055440.9176383,253951,253951.0
1777055447.841315,254043,254043.0
1777055460.0094693,254208,254208.0
1777055473.4009976,254395,254395.0
1777055490.1569958,254628,254628.0
1777055500.3087473,254767,254767.0
1777055515.1008596,254978,254978.0
1777055525.6088305,255119,255119.0
1777055532.6609876,255207,255207.0
1777055539.5247736,255295,255295.0
1777055550.3009312,255440,255440.0
1777055559.500616,255560,255560.0
1777055576.508703,255795,255795.0
1777055586.5009723,255934,255934.0
1777055595.3167605,256054,256054.0
1777055602.1167452,256144,256144.0
1777055616.144966,256339,256339.0
1777055627.8002346,256502,256502.0
1777055635.0005481,256594,256594.0
1777055642.5208397,256682,256682.0
1777055649.3127003,256772,256772.0
1777055656.0599074,256862,256862.0
1777055664.812334,256978,256978.0
1777055675.5364974,257116,257116.0
1777055687.4758887,257282,257282.0
1777055694.411992,257374,257374.0
1777055701.7278285,257464,257464.0
1777055708.8678699,257554,257554.0
1777055717.7877686,257672,257672.0
1777055725.0197916,257764,257764.0
1777055735.2596526,257900,257900.0
1777055742.4435728,257992,257992.0
1777055754.603796,258157,258157.0
1777055767.0117629,258322,258322.0
1777055780.727698,258512,258512.0
1777055801.0197089,258796,258796.0
1777055808.0637214,258884,258884.0
1777055815.0637538,258974,258974.0
1777055822.319583,259066,259066.0
1777055835.4557624,259249,259249.0
1777055853.062968,259493,259493.0
1777055861.6791992,259611,259611.0
1777055868.8229072,259703,259703.0
1777055875.7229943,259795,259795.0
1777055888.1871305,259960,259960.0
1777055894.9788558,260050,260050.0
1777055901.814839,260138,260138.0
1777055909.2073169,260228,260228.0
1777055916.0388184,260318,260318.0
1777055927.9547236,260481,260481.0
1777055941.3147564,260664,260664.0
1777055960.9706914,260946,260946.0
1777055971.2987463,261081,261081.0
1777055983.282905,261246,261246.0
1777055997.0227985,261433,261433.0
1777056003.9547794,261525,261525.0
1777056024.7987216,261820,261820.0
1777056040.722615,262039,262039.0
1777056051.014502,262177,262177.0
1777056058.2147608,262263,262263.0
1777056065.1503334,262355,262355.0
1777056083.8903403,262623,262623.0
1777056100.8498936,262854,262854.0
1777056116.1745086,263066,263066.0
1777056129.6897178,263253,263253.0
1777056144.8179061,263468,263468.0
1777056157.1257615,263634,263634.0
1777056170.4417226,263821,263821.0
1777056186.4177783,264038,264038.0
1777056196.725723,264179,264179.0
1777056207.017744,264315,264315.0
1777056213.8857174,264403,264403.0
1777056223.8656578,264541,264541.0
1777056230.8015928,264631,264631.0
1777056241.4574893,264765,264765.0
1777056256.7169895,264982,264982.0
1777056267.5010765,265125,265125.0
1777056281.2408082,265318,265318.0
1777056298.9329576,265563,265563.0
1777056308.768838,265699,265699.0
1777056320.424664,265862,265862.0
1777056327.9367328,265954,265954.0
1777056342.0169485,266147,266147.0
1777056351.0168204,266265,266265.0
1777056358.6928296,266357,266357.0
1777056380.5690405,266672,266672.0
1777056396.3606155,266886,266886.0
1777056408.3127837,267051,267051.0
1777056417.7845423,267171,267171.0
1777056429.6205742,267336,267336.0
1777056439.61256,267474,267474.0
1777056446.712811,267564,267564.0
1777056454.0961535,267656,267656.0
1777056461.0519915,267744,267744.0
1777056472.7524867,267907,267907.0
1777056486.3118615,268090,268090.0
1777056498.5200176,268259,268259.0
1777056505.7363021,268349,268349.0
1777056513.1121368,268439,268439.0
1777056528.1437678,268651,268651.0
1777056535.0800211,268743,268743.0
1777056542.3563678,268831,268831.0
1777056552.7556436,268970,268970.0
1777056559.6277907,269062,269062.0
1777056566.548356,269150,269150.0
1777056573.5274851,269238,269238.0
1777056588.9556575,269452,269452.0
1777056602.811737,269637,269637.0
1777056611.6478555,269755,269755.0
1777056620.503673,269875,269875.0
1777056630.6038835,270013,270013.0
1777056637.7475834,270105,270105.0
1777056651.6152394,270293,270293.0
1777056665.8389628,270484,270484.0
1777056677.9993267,270649,270649.0
1777056684.931128,270741,270741.0
1777056698.6708598,270925,270925.0
1777056705.6708384,271017,271017.0
1777056722.2473214,271251,271251.0
1777056740.891288,271518,271518.0
1777056756.2230272,271732,271732.0
1777056763.5470476,271824,271824.0
1777056781.4067168,272067,272067.0
1777056800.3307505,272339,272339.0
1777056807.8512378,272431,272431.0
1777056816.666984,272551,272551.0
1777056823.5588038,272639,272639.0
1777056830.4427848,272731,272731.0
1777056844.5147915,272924,272924.0
1777056861.3427691,273162,273162.0
1777056873.4747295,273327,273327.0
1777056880.634743,273419,273419.0
1777056890.3187313,273553,273553.0
1777056906.0587697,273771,273771.0
1777056917.8905175,273936,273936.0
1777056924.818718,274028,274028.0
1777056946.8425467,274342,274342.0
1777056960.0747259,274525,274525.0
1777056967.0664296,274615,274615.0
1777056984.4585567,274859,274859.0
1777056994.8943968,274998,274998.0
1777057001.8343122,275090,275090.0
1777057012.0505238,275230,275230.0
1777057019.2178993,275322,275322.0
1777057032.9624655,275509,275509.0
1777057039.761773,275599,275599.0
1777057046.7177498,275685,275685.0
1777057061.1017249,275876,275876.0
1777057079.9777377,276138,276138.0
1777057092.2379453,276310,276310.0
1777057099.0379698,276400,276400.0
1777057113.8779266,276597,276597.0
1777057120.7779684,276689,276689.0
1777057137.2375813,276921,276921.0
1777057147.6616871,277059,277059.0
1777057156.5298355,277180,277180.0
1777057163.5535002,277272,277272.0
1777057170.8376322,277362,277362.0
1777057184.1136603,277547,277547.0
1777057193.2617638,277667,277667.0
1777057200.64568,277759,277759.0
1777057207.8057797,277851,277851.0
1777057214.9053113,277941,277941.0
1777057228.1615195,278120,278120.0
1777057237.1816003,278238,278238.0
1777057243.9814072,278328,278328.0
1777057257.8449395,278521,278521.0
1777057268.1448994,278662,278662.0
1777057279.9969497,278827,278827.0
1777057289.236861,278941,278941.0
1777057298.0368204,279061,279061.0
1777057314.8970268,279303,279303.0
1777057328.85712,279492,279492.0
1777057335.7052374,279584,279584.0
1777057360.1970005,279927,279927.0
1777057375.1406982,280139,280139.0
1777057387.3165913,280302,280302.0
1777057407.4091053,280590,280590.0
1777057414.840529,280680,280680.0
1777057423.4887795,280798,280798.0
1777057430.280696,280888,280888.0
1777057444.7324808,281084,281084.0
1777057451.8247068,281176,281176.0
1777057460.3245533,281292,281292.0
1777057467.3642886,281384,281384.0
1777057486.2164423,281648,281648.0
1777057498.3084257,281813,281813.0
1777057513.9006119,282026,282026.0
1777057527.268327,282214,282214.0
1777057534.224117,282300,282300.0
1777057541.024169,282390,282390.0
1777057547.859929,282478,282478.0
1777057554.8520734,282568,282568.0
1777057562.4001653,282658,282658.0
1777057574.308102,282823,282823.0
1777057585.3079774,282976,282976.0
1777057598.7358308,283160,283160.0
1777057610.7598186,283329,283329.0
1777057619.3597918,283447,283447.0
1777057628.2078433,283562,283562.0
1777057635.1357589,283654,283654.0
1777057643.8996418,283770,283770.0
1777057654.3597615,283908,283908.0
1777057666.6917915,284075,284075.0
1777057678.5036533,284238,284238.0
1777057685.711842,284328,284328.0
1777057692.6755893,284420,284420.0
1777057699.6116004,284512,284512.0
1777057706.5954287,284602,284602.0
1777057716.8875513,284738,284738.0
1777057723.8193772,284830,284830.0
1777057732.4593554,284948,284948.0
1777057749.6948452,285183,285183.0
1777057759.7348764,285322,285322.0
1777057766.9353404,285414,285414.0
1777057777.3107696,285553,285553.0
1777057784.527191,285645,285645.0
1777057794.855014,285783,285783.0
1777057802.0554228,285873,285873.0
1777057812.1947544,286012,286012.0
1777057830.9788313,286275,286275.0
1777057838.1026971,286365,286365.0
1777057847.002944,286485,286485.0
1777057854.1627216,286575,286575.0
1777057861.9467604,286667,286667.0
1777057868.894389,286759,286759.0
1777057885.6705396,286993,286993.0
1777057903.3944378,287236,287236.0
1777057917.086513,287423,287423.0
1777057924.3385136,287513,287513.0
1777057941.0627255,287750,287750.0
1777057951.606423,287890,287890.0
1777057958.6903644,287980,287980.0
1777057968.690555,288118,288118.0
1777057980.9298244,288285,288285.0
1777057987.8623002,288377,288377.0
1777058005.8899024,288631,288631.0
1777058016.2298722,288769,288769.0
1777058023.229947,288859,288859.0
1777058033.6136932,288997,288997.0
1777058043.6580455,289133,289133.0
1777058059.0659418,289348,289348.0
1777058078.773837,289621,289621.0
1777058090.6217623,289788,289788.0
1777058101.4137077,289928,289928.0
1777058116.5417254,290143,290143.0
1777058123.905652,290235,290235.0
1777058130.8657384,290321,290321.0
1777058138.0491278,290413,290413.0
1777058151.0976453,290596,290596.0
1777058159.7575212,290714,290714.0
1777058168.973584,290832,290832.0
1777058175.981369,290922,290922.0
1777058182.9333837,291014,291014.0
1777058189.5332701,291102,291102.0
1777058208.3412402,291365,291365.0
1777058218.3854237,291503,291503.0
1777058234.9650583,291735,291735.0
1777058251.756959,291968,291968.0
1777058268.448638,292204,292204.0
1777058275.2486258,292294,292294.0
1777058282.1610007,292384,292384.0
1777058294.1087887,292547,292547.0
1777058309.6687326,292767,292767.0
1777058317.3447459,292859,292859.0
1777058327.5246456,292999,292999.0
1777058334.4086864,293091,293091.0
1777058349.984688,293306,293306.0
1777058363.5086515,293492,293492.0
1777058381.9203,293748,293748.0
1777058390.4685614,293864,293864.0
1777058397.4366791,293956,293956.0
1777058406.7763124,294076,294076.0
1777058418.6198754,294241,294241.0
1777058438.9599423,294529,294529.0
1777058450.8280528,294695,294695.0
1777058459.76802,294815,294815.0
1777058468.9519331,294933,294933.0
1777058476.0677607,295023,295023.0
1777058488.0438716,295190,295190.0
1777058501.3878107,295375,295375.0
1777058510.0716934,295491,295491.0
1777058525.4796884,295703,295703.0
1777058532.695671,295793,295793.0
1777058542.8877337,295929,295929.0
1777058549.5557218,296017,296017.0
1777058563.9476638,296211,296211.0
1777058574.279516,296349,296349.0
1777058588.719422,296541,296541.0
1777058596.0035014,296633,296633.0
1777058602.9313502,296725,296725.0
1777058614.3633037,296874,296874.0
1777058621.1869872,296964,296964.0
1777058630.1709676,297082,297082.0
1777058649.4950805,297348,297348.0
1777058663.154969,297541,297541.0
1777058673.9794946,297682,297682.0
1777058688.046981,297880,297880.0
1777058708.3908272,298163,298163.0
1777058718.9906356,298303,298303.0
1777058725.6466813,298391,298391.0
1777058741.9307141,298617,298617.0
1777058748.7907038,298709,298709.0
1777058756.1228325,298801,298801.0
1777058766.9308105,298939,298939.0
1777058775.7303145,299059,299059.0
1777058786.7381496,299210,299210.0
1777058804.2660434,299454,299454.0
1777058814.549987,299595,299595.0
1777058823.4738927,299713,299713.0
1777058830.1417565,299801,299801.0
1777058846.9657605,300039,300039.0
1777058854.349715,300131,300131.0
1777058864.4737308,300272,300272.0
1777058871.4736729,300364,300364.0
1777058878.2737534,300454,300454.0
1777058891.6496856,300638,300638.0
1777058903.6976216,300802,300802.0
1777058917.1891222,300984,300984.0
1777058927.1329727,301120,301120.0
1777058944.201051,301359,301359.0
1777058954.5733407,301497,301497.0
1777058964.784933,301638,301638.0
1777058971.9848914,301728,301728.0
1777058984.0849721,301893,301893.0
1777058993.9567916,302029,302029.0
1777059001.1931145,302121,302121.0
1777059010.4167194,302241,302241.0
1777059020.700707,302379,302379.0
1777059027.5925844,302469,302469.0
1777059034.9606178,302561,302561.0
1777059043.9246023,302681,302681.0
1777059050.8325522,302773,302773.0
1777059072.9919415,303084,303084.0
1777059081.5921204,303201,303201.0
1777059090.3844502,303321,303321.0
1777059097.6159227,303411,303411.0
1777059104.5160213,303503,303503.0
1777059113.6439698,303623,303623.0
1777059124.0919795,303759,303759.0
1777059132.9197476,303879,303879.0
1777059145.2357438,304046,304046.0
1777059152.3603876,304136,304136.0
1777059164.059835,304299,304299.0
1777059176.0837245,304464,304464.0
1777059183.2357483,304556,304556.0
1777059201.9435954,304820,304820.0
1777059212.967559,304963,304963.0
1777059219.9874926,305055,305055.0
1777059226.9192276,305145,305145.0
1777059242.4436214,305360,305360.0
1777059249.5189652,305452,305452.0
1777059256.403341,305540,305540.0
1777059263.1868095,305630,305630.0
1777059273.6109989,305768,305768.0
1777059290.654666,306011,306011.0
1777059300.854728,306152,306152.0
1777059308.0549934,306242,306242.0
1777059323.2628822,306451,306451.0
1777059330.2027445,306543,306543.0
1777059337.518514,306633,306633.0
1777059349.310721,306796,306796.0
1777059359.4787025,306932,306932.0
1777059366.7224152,307022,307022.0
1777059378.4544952,307185,307185.0
1777059393.9464326,307400,307400.0
1777059400.9140298,307492,307492.0
1777059408.2140715,307584,307584.0
1777059415.2220354,307676,307676.0
1777059422.721723,307768,307768.0
1777059429.5378833,307858,307858.0
1777059448.1779902,308122,308122.0
1777059467.1216402,308384,308384.0
1777059483.2138493,308603,308603.0
1777059493.2737346,308741,308741.0
1777059500.2060955,308833,308833.0
1777059514.4137294,309029,309029.0
1777059528.097805,309220,309220.0
1777059540.221205,309385,309385.0
1777059554.213274,309574,309574.0
1777059566.0130105,309739,309739.0
1777059579.7208912,309922,309922.0
1777059589.841286,310061,310061.0
1777059596.8648064,310153,310153.0
1777059609.3647308,310318,310318.0
1777059621.2249584,310484,310484.0
1777059628.5567322,310576,310576.0
1777059635.8489792,310666,310666.0
1777059649.3806992,310852,310852.0
1777059656.340802,310940,310940.0
1777059673.4486353,311178,311178.0
1777059685.616717,311343,311343.0
1777059695.5245953,311479,311479.0
1777059702.8247097,311571,311571.0
1777059718.0326557,311782,311782.0
1777059728.4245148,311919,311919.0
1777059743.4922693,312134,312134.0
1777059759.099916,312349,312349.0
1777059769.4158053,312492,312492.0
1777059776.3598309,312584,312584.0
1777059783.6397562,312674,312674.0
1777059790.8085265,312764,312764.0
1777059797.6319044,312854,312854.0
1777059804.6319525,312946,312946.0
1777059818.2600381,313129,313129.0
1777059826.7237608,313244,313244.0
1777059841.7679474,313457,313457.0
1777059849.4677327,313547,313547.0
1777059861.5757005,313715,313715.0
1777059882.4356437,314007,314007.0
1777059895.6276786,314193,314193.0
1777059905.0114355,314315,314315.0
1777059912.259608,314407,314407.0
1777059921.3033319,314525,314525.0
1777059940.3588772,314789,314789.0
1777059947.2953217,314881,314881.0
1777059954.3590868,314973,314973.0
1777059961.5870566,315065,315065.0
1777059972.3027375,315203,315203.0
1777059987.858738,315418,315418.0
1777059994.927207,315508,315508.0
1777060001.8186452,315598,315598.0
1777060008.8187907,315688,315688.0
1777060015.9709094,315780,315780.0
1777060023.426987,315870,315870.0
1777060030.3627625,315962,315962.0
1777060045.5187883,316177,316177.0
1777060052.5707784,316267,316267.0
1777060059.810744,316357,316357.0
1777060078.118596,316619,316619.0
1777060087.254642,316737,316737.0
1777060109.3463182,317051,317051.0
1777060131.6223872,317362,317362.0
1777060151.6939096,317647,317647.0
1777060170.7219887,317916,317916.0
1777060183.1299794,318086,318086.0
1777060193.3460164,318224,318224.0
1777060200.4379666,318316,318316.0
1777060208.0057979,318406,318406.0
1777060214.8697224,318498,318498.0
1777060221.7977924,318590,318590.0
1777060230.8137686,318710,318710.0
1777060246.5057237,318925,318925.0
1777060258.3537319,319090,319090.0
1777060268.829648,319229,319229.0
1777060278.6976247,319365,319365.0
1777060290.8576877,319530,319530.0
1777060301.2809956,319668,319668.0
1777060307.8974786,319756,319756.0
1777060314.7813299,319848,319848.0
1777060330.472899,320063,320063.0
1777060339.2569826,320183,320183.0
1777060349.3329868,320319,320319.0
1777060358.5409405,320435,320435.0
1777060370.740961,320600,320600.0
1777060377.6894386,320692,320692.0
1777060384.5330625,320780,320780.0
1777060396.3806279,320943,320943.0
1777060403.4088988,321031,321031.0
1777060415.1887429,321192,321192.0
1777060421.8486953,321280,321280.0
1777060428.7806695,321372,321372.0
1777060444.6245248,321587,321587.0
1777060463.1487148,321852,321852.0
1777060483.9925911,322144,322144.0
1777060502.292428,322406,322406.0
1777060517.9999716,322620,322620.0
1777060529.9081192,322787,322787.0
1777060545.5003867,323002,323002.0
1777060554.1997294,323119,323119.0
1777060568.559975,323314,323314.0
1777060587.4840035,323580,323580.0
1777060594.935823,323672,323672.0
1777060601.7518568,323762,323762.0
1777060608.7917998,323854,323854.0
1777060627.5839076,324118,324118.0
1777060634.5837402,324208,324208.0
1777060649.9757214,324421,324421.0
1777060667.319599,324660,324660.0
1777060684.103428,324896,324896.0
1777060695.95978,325061,325061.0
1777060702.8429337,325151,325151.0
1777060709.7189043,325243,325243.0
1777060725.91084,325467,325467.0
1777060734.8948162,325586,325586.0
1777060757.0188425,325899,325899.0
1777060767.5953956,326040,326040.0
1777060788.554912,326333,326333.0
1777060795.2707942,326421,326421.0
1777060804.3545258,326541,326541.0
1777060823.9467623,326823,326823.0
1777060843.2549317,327086,327086.0
1777060853.7306924,327226,327226.0
1777060862.6307206,327346,327346.0
1777060878.3027408,327561,327561.0
1777060884.8386147,327647,327647.0
1777060895.5463405,327785,327785.0
1777060910.9881299,328000,328000.0
1777060924.0868173,328183,328183.0
1777060937.9305453,328370,328370.0
1777060944.7298317,328460,328460.0
1777060961.4378548,328692,328692.0
1777060970.3822522,328812,328812.0
1777060982.5818784,328977,328977.0
1777060992.8900099,329111,329111.0
1777061004.689938,329276,329276.0
1777061011.566087,329368,329368.0
1777061019.1457667,329460,329460.0
1777061036.3219364,329702,329702.0
1777061052.1138258,329919,329919.0
1777061061.9817271,330055,330055.0
1777061071.8896186,330191,330191.0
1777061079.2897334,330281,330281.0
1777061091.6334743,330448,330448.0
1777061101.649808,330584,330584.0
1777061108.8336556,330676,330676.0
1777061115.6895986,330766,330766.0
1777061122.9736466,330858,330858.0
1777061131.7815714,330978,330978.0
1777061139.217022,331070,331070.0
1777061146.149541,331162,331162.0
1777061157.6733298,331323,331323.0
1777061168.1248975,331461,331461.0
1777061175.0487988,331553,331553.0
1777061181.916942,331643,331643.0
1777061200.5089984,331905,331905.0
1777061212.24897,332068,332068.0
1777061229.216966,332303,332303.0
1777061236.1409085,332395,332395.0
1777061243.0089436,332487,332487.0
1777061249.9407601,332579,332579.0
1777061260.6169097,332719,332719.0
1777061271.1007922,332859,332859.0
1777061278.3246503,332951,332951.0
1777061292.5687072,333142,333142.0
1777061299.3685708,333232,333232.0
1777061308.2844188,333351,333351.0
1777061317.508741,333469,333469.0
1777061329.4605534,333637,333637.0
1777061338.13655,333755,333755.0
1777061345.484476,333847,333847.0
1777061352.6005404,333937,333937.0
1777061370.9285514,334199,334199.0
1777061391.4678564,334489,334489.0
1777061400.4441187,334607,334607.0
1777061407.7283447,334699,334699.0
1777061429.7519453,335013,335013.0
1777061446.327969,335236,335236.0
1777061456.2197847,335373,335373.0
1777061471.7197275,335584,335584.0
1777061484.9956028,335771,335771.0
1777061502.387751,336009,336009.0
1777061514.3877528,336175,336175.0
1777061524.6635659,336311,336311.0
1777061532.2434294,336403,336403.0
1777061550.6356277,336667,336667.0
1777061560.0475862,336787,336787.0
1777061580.3554156,337078,337078.0
1777061587.6393366,337166,337166.0
1777061594.6872013,337258,337258.0
1777061603.34748,337376,337376.0
1777061619.0549886,337589,337589.0
1777061625.9871728,337679,337679.0
1777061635.9391344,337817,337817.0
1777061649.8307252,338007,338007.0
1777061656.7387612,338097,338097.0
1777061663.806802,338187,338187.0
1777061678.5148957,338388,338388.0
1777061690.5466495,338555,338555.0
1777061703.770738,338742,338742.0
1777061714.1067083,338879,338879.0
1777061729.5466213,339094,339094.0
1777061740.8545058,339240,339240.0
1777061753.338494,339410,339410.0
1777061775.8745127,339725,339725.0
1777061789.9384468,339924,339924.0
1777061801.550565,340075,340075.0
1777061811.4818459,340211,340211.0
1777061818.8225417,340303,340303.0
1777061826.0420628,340395,340395.0
1777061833.2742045,340487,340487.0
1777061842.081732,340607,340607.0
1777061849.014046,340699,340699.0
1777061855.649806,340787,340787.0
1777061869.5904365,340976,340976.0
1777061876.4420245,341066,341066.0
1777061883.7658434,341158,341158.0
1777061893.1979284,341276,341276.0
1777061909.5097897,341508,341508.0
1777061916.6578212,341598,341598.0
1777061925.4497776,341718,341718.0
1777061940.9257617,341935,341935.0
1777061951.6417162,342071,342071.0
1777061958.4256537,342159,342159.0
1777061967.6177552,342279,342279.0
1777061976.6773546,342399,342399.0
1777061985.2417521,342515,342515.0
1777061997.1409519,342681,342681.0
1777062011.3014102,342874,342874.0
1777062018.101214,342962,342962.0
1777062036.6768272,343226,343226.0
1777062050.5170727,343417,343417.0
1777062057.2533853,343503,343503.0
1777062065.9619963,343622,343622.0
1777062080.5449524,343817,343817.0
1777062100.2169473,344096,344096.0
1777062106.9766672,344184,344184.0
1777062122.4207876,344399,344399.0
1777062137.7686396,344613,344613.0
1777062151.0766127,344802,344802.0
1777062172.9843996,345114,345114.0
1777062185.296647,345281,345281.0
1777062197.496739,345446,345446.0
1777062204.1684856,345534,345534.0
1777062211.1044888,345626,345626.0
1777062218.4039016,345718,345718.0
1777062230.2961602,345883,345883.0
1777062241.9600732,346046,346046.0
1777062258.6359258,346280,346280.0
1777062268.6797962,346419,346419.0
1777062278.9877841,346555,346555.0
1777062290.6197903,346718,346718.0
1777062305.7275815,346933,346933.0
1777062323.1957028,347172,347172.0
1777062339.4717777,347393,347393.0
1777062351.0637422,347554,347554.0
1777062357.9955306,347646,347646.0
1777062367.2714865,347764,347764.0
1777062381.5713222,347959,347959.0
1777062404.063345,348278,348278.0
1777062416.1236534,348447,348447.0
1777062436.8795085,348738,348738.0
1777062450.4708107,348931,348931.0
1777062462.9230778,349096,349096.0
1777062476.3628209,349281,349281.0
1777062483.299001,349373,349373.0
1777062490.4909828,349461,349461.0
1777062503.8747597,349648,349648.0
1777062513.8987322,349786,349786.0
1777062523.5667293,349906,349906.0
1777062535.2907264,350070,350070.0
1777062551.1665983,350285,350285.0
1777062564.614578,350472,350472.0
1777062578.3746216,350659,350659.0
1777062585.3062332,350749,350749.0
1777062592.1144826,350839,350839.0
1777062598.8344254,350925,350925.0
1777062611.7587616,351100,351100.0
1777062618.6585243,351190,351190.0
1777062625.9579623,351282,351282.0
1777062632.8819597,351374,351374.0
1777062640.598347,351466,351466.0
1777062647.5659819,351556,351556.0
1777062654.574518,351648,351648.0
1777062665.4742863,351794,351794.0
1777062674.4018419,351912,351912.0
1777062681.518346,352002,352002.0
1777062697.950288,352229,352229.0
1777062706.817868,352347,352347.0
1777062720.317733,352535,352535.0
1777062732.6098197,352702,352702.0
1777062742.8417776,352840,352840.0
1777062761.6697214,353107,353107.0
1777062770.761724,353227,353227.0
1777062777.6096518,353317,353317.0
1777062791.501605,353509,353509.0
1777062802.0691614,353649,353649.0
1777062812.3453968,353788,353788.0
1777062820.0935829,353880,353880.0
1777062832.0371594,354043,354043.0
1777062842.7013214,354191,354191.0
1777062852.1450572,354307,354307.0
1777062859.293343,354397,354397.0
1777062871.2848628,354564,354564.0
1777062892.6289709,354864,354864.0
1777062904.2927034,355027,355027.0
1777062920.0207248,355247,355247.0
1777062931.4287643,355402,355402.0
1777062938.9287457,355494,355494.0
1777062945.9766967,355586,355586.0
1777062964.304622,355849,355849.0
1777062974.9286425,355985,355985.0
1777062985.0807154,356125,356125.0
1777062991.8284092,356215,356215.0
1777062999.0720336,356307,356307.0
1777063011.8520124,356486,356486.0
1777063018.579857,356576,356576.0
1777063029.628482,356722,356722.0
1777063036.8559897,356812,356812.0
1777063043.7197912,356900,356900.0
1777063050.5199914,356990,356990.0
1777063059.4957254,357106,357106.0
1777063066.7959142,357198,357198.0
1777063078.9876447,357363,357363.0
1777063085.9397447,357453,357453.0
1777063093.0035846,357543,357543.0
1777063105.2637105,357712,357712.0
1777063121.4396243,357940,357940.0
1777063128.623247,358030,358030.0
1777063143.5796106,358243,358243.0
1777063154.6877465,358391,358391.0
1777063164.0868402,358514,358514.0
1777063171.1549127,358606,358606.0
1777063178.6149123,358698,358698.0
1777063190.3988872,358863,358863.0
1777063197.322788,358955,358955.0
1777063204.4909897,359045,359045.0
1777063215.2151372,359186,359186.0
1777063222.1467237,359278,359278.0
1777063229.1148944,359366,359366.0
1777063238.1747482,359486,359486.0
1777063245.2907891,359576,359576.0
1777063257.31455,359739,359739.0
1777063268.6665938,359888,359888.0
1777063275.8227358,359980,359980.0
1777063289.6225164,360175,360175.0
1777063298.6308928,360293,360293.0
1777063305.614327,360385,360385.0
1777063320.6425655,360597,360597.0
1777063336.4346037,360814,360814.0
1777063343.3664942,360906,360906.0
1777063350.1980927,360996,360996.0
1777063357.2579095,361088,361088.0
1777063369.8263867,361255,361255.0
1777063386.7983203,361493,361493.0
1777063404.2416348,361738,361738.0
1777063413.0741394,361858,361858.0
1777063420.6497252,361950,361950.0
1777063427.6497035,362042,362042.0
1777063436.417817,362160,362160.0
1777063443.341804,362252,362252.0
1777063452.4416218,362370,362370.0
1777063459.3337088,362458,362458.0
1777063471.166101,362621,362621.0
1777063484.4574428,362796,362796.0
1777063497.6573906,362982,362982.0
1777063506.401438,363102,363102.0
1777063513.7010286,363192,363192.0
1777063530.7617154,363432,363432.0
1777063547.9329693,363670,363670.0
1777063557.9328353,363808,363808.0
1777063577.336891,364078,364078.0
1777063592.6009774,364292,364292.0
1777063605.3288743,364459,364459.0
1777063622.4368243,364699,364699.0
1777063629.9207213,364791,364791.0
1777063638.7007117,364909,364909.0
1777063648.6606574,365045,365045.0
1777063672.8684363,365384,365384.0
1777063688.8047764,365602,365602.0
1777063695.7524054,365694,365694.0
1777063702.704415,365786,365786.0
1777063713.3883545,365932,365932.0
1777063720.8285506,366024,366024.0
1777063729.8283515,366140,366140.0
1777063741.8883145,366309,366309.0
1777063757.6038299,366522,366522.0
1777063771.196179,366714,366714.0
1777063791.987782,367008,367008.0
1777063807.127657,367224,367224.0
1777063814.4477463,367316,367316.0
1777063834.3196876,367603,367603.0
1777063841.5477207,367693,367693.0
1777063848.363509,367783,367783.0
1777063857.2637076,367903,367903.0
1777063866.0555563,368023,368023.0
1777063877.5236652,368175,368175.0
1777063884.6794314,368265,368265.0
1777063895.5955288,368413,368413.0
1777063912.9869263,368649,368649.0
1777063924.8469794,368814,368814.0
1777063935.4988291,368952,368952.0
1777063947.5908568,369117,369117.0
1777063957.8548408,369255,369255.0
1777063968.2310705,369393,369393.0
1777063978.262952,369531,369531.0
1777063991.6550257,369715,369715.0
1777064002.1549628,369854,369854.0
1777064021.6149704,370124,370124.0
1777064032.1387568,370265,370265.0
1777064040.938724,370385,370385.0
1777064048.282867,370477,370477.0
1777064055.5505056,370569,370569.0
1777064062.8507135,370661,370661.0
1777064072.958624,370797,370797.0
1777064095.0663729,371112,371112.0
1777064105.757937,371256,371256.0
1777064113.4064023,371348,371348.0
1777064125.4982874,371513,371513.0
1777064132.4339502,371605,371605.0
1777064139.7423828,371697,371697.0
1777064148.5903602,371813,371813.0
1777064163.9739068,372026,372026.0
1777064179.3341603,372239,372239.0
1777064186.0497553,372325,372325.0
1777064204.7098475,372587,372587.0
1777064215.401615,372730,372730.0
1777064234.4575644,372996,372996.0
1777064245.0097163,373140,373140.0
1777064256.2696755,373291,373291.0
1777064265.2492867,373408,373408.0
1777064277.493497,373575,373575.0
1777064284.4252884,373667,373667.0
1777064298.4529011,373860,373860.0
1777064310.3254836,374025,374025.0
1777064317.1248314,374115,374115.0
1777064324.5532465,374203,374203.0
1777064338.768854,374399,374399.0
1777064354.9450865,374623,374623.0
1777064371.6208296,374861,374861.0
1777064380.6606762,374979,374979.0
1777064392.8769925,375144,375144.0
1777064401.8769047,375264,375264.0
1777064409.3527312,375354,375354.0
1777064421.3047013,375517,375517.0
1777064446.64472,375879,375879.0
1777064458.4886248,376044,376044.0
1777064468.620716,376182,376182.0
1777064482.2444384,376369,376369.0
1777064489.1964166,376461,376461.0
1777064497.988432,376581,376581.0
1777064513.3443725,376796,376796.0
1777064528.6648755,377008,377008.0
1777064540.956216,377171,377171.0
1777064554.3640993,377358,377358.0
1777064561.6480858,377448,377448.0
1777064570.5798333,377565,377565.0
1777064590.379778,377842,377842.0
1777064607.2120802,378077,378077.0
1777064614.3395731,378169,378169.0
1777064633.079321,378431,378431.0
1777064643.9156828,378579,378579.0
1777064653.2555568,378702,378702.0
1777064660.2396955,378794,378794.0
1777064673.1314695,378975,378975.0
1777064682.4997838,379095,379095.0
1777064689.6309626,379187,379187.0
1777064696.6552758,379275,379275.0
1777064703.2388546,379363,379363.0
1777064717.162907,379548,379548.0
1777064725.8628676,379666,379666.0
1777064740.3392427,379864,379864.0
1777064750.3911386,380003,380003.0
1777064760.6309786,380142,380142.0
1777064775.0585976,380336,380336.0
1777064786.9068787,380501,380501.0
1777064800.650788,380688,380688.0
1777064807.8666801,380778,380778.0
1777064814.5585153,380866,380866.0
1777064821.490322,380956,380956.0
1777064843.198728,381265,381265.0
1777064865.7425754,381581,381581.0
1777064872.6065006,381671,381671.0
1777064887.1823783,381875,381875.0
1777064894.2659466,381967,381967.0
1777064901.1898577,382059,382059.0
1777064918.666461,382303,382303.0
1777064937.693944,382565,382565.0
1777064951.9738297,382755,382755.0
1777064972.0859852,383043,383043.0
1777064979.0105948,383135,383135.0
1777064986.3940153,383225,383225.0
1777064993.5937188,383317,383317.0
1777065007.4498253,383510,383510.0
1777065014.469753,383600,383600.0
1777065028.1258004,383793,383793.0
1777065035.0257986,383883,383883.0
1777065042.7335913,383975,383975.0
1777065058.0936635,384192,384192.0
1777065064.8617578,384282,384282.0
1777065076.1935186,384432,384432.0
1777065083.2378206,384524,384524.0
1777065095.269644,384689,384689.0
1777065110.293637,384891,384891.0
1777065117.0855832,384981,384981.0
1777065123.885483,385071,385071.0
1777065130.985471,385161,385161.0
1777065138.245306,385253,385253.0
1777065145.2612875,385343,385343.0
1777065158.5054357,385525,385525.0
1777065167.7374618,385645,385645.0
1777065183.077459,385860,385860.0
1777065195.3769782,386023,386023.0
1777065202.1211703,386113,386113.0
1777065209.288891,386205,386205.0
1777065223.4127605,386398,386398.0
1777065233.6129065,386539,386539.0
1777065240.889152,386631,386631.0
1777065248.173036,386723,386723.0
1777065264.1809862,386941,386941.0
1777065275.9807615,387106,387106.0
1777065291.820647,387321,387321.0
1777065309.1287217,387563,387563.0
1777065316.8407202,387655,387655.0
1777065323.7564921,387743,387743.0
1777065342.496329,388008,388008.0
1777065349.0804358,388096,388096.0
1777065359.0964,388234,388234.0
1777065366.3727407,388326,388326.0
1777065373.7886207,388414,388414.0
1777065380.7324653,388506,388506.0
1777065402.0079486,388802,388802.0
1777065415.8400855,388995,388995.0
1777065423.0638065,389087,389087.0
1777065437.231715,389281,389281.0
1777065455.4918838,389543,389543.0
1777065476.3158767,389830,389830.0
1777065484.9560168,389948,389948.0
1777065501.3237736,390170,390170.0
1777065518.215713,390408,390408.0
1777065528.4595275,390543,390543.0
1777065535.5917418,390633,390633.0
1777065545.815364,390770,390770.0
1777065563.4755552,391015,391015.0
1777065575.6913474,391184,391184.0
1777065594.1835244,391446,391446.0
1777065604.4434814,391584,391584.0
1777065618.8073974,391777,391777.0
1777065635.4511762,392011,392011.0
1777065649.3908474,392196,392196.0
1777065659.0588279,392329,392329.0
1777065669.283009,392465,392465.0
1777065689.742965,392757,392757.0
1777065720.2347765,393195,393195.0
1777065737.5947082,393433,393433.0
1777065749.3867178,393598,393598.0
1777065756.5346365,393690,393690.0
1777065768.8947127,393857,393857.0
1777065785.6185405,394090,394090.0
1777065792.602632,394180,394180.0
1777065799.2704127,394268,394268.0
1777065815.8945355,394506,394506.0
1777065830.418151,394699,394699.0
1777065843.9699554,394885,394885.0
1777065859.6458929,395103,395103.0
1777065868.3024144,395221,395221.0
1777065881.9540477,395402,395402.0
1777065891.0461884,395526,395526.0
1777065904.7460005,395719,395719.0
1777065915.7696686,395868,395868.0
1777065930.761642,396081,396081.0
1777065937.661792,396169,396169.0
1777065949.8377016,396334,396334.0
1777065974.8292677,396690,396690.0
1777065988.8376486,396884,396884.0
1777066005.9895918,397123,397123.0
1777066020.897039,397334,397334.0
1777066031.1054273,397473,397473.0
1777066042.9729228,397638,397638.0
1777066060.180844,397878,397878.0
1777066067.5810466,397970,397970.0
1777066076.4408245,398087,398087.0
1777066090.2974098,398282,398282.0
1777066107.349006,398522,398522.0
1777066119.3409038,398689,398689.0
1777066126.640983,398781,398781.0
1777066141.4327104,398992,398992.0
1777066152.2407076,399133,399133.0
1777066168.9887679,399366,399366.0
1777066186.464556,399604,399604.0
1777066209.6566293,399940,399940.0
1777066223.848652,400132,400132.0
1777066239.0243192,400345,400345.0
1777066258.0838997,400610,400610.0
1777066265.2841928,400702,400702.0
1777066274.1240087,400818,400818.0
1777066281.2079144,400908,400908.0
1777066288.2918372,400998,400998.0
1777066303.632317,401208,401208.0
1777066323.876048,401496,401496.0
1777066344.0997803,401780,401780.0
1777066358.659735,401981,401981.0
1777066369.119712,402117,402117.0
1777066377.8996696,402237,402237.0
1777066386.8838098,402357,402357.0
1777066397.3597105,402493,402493.0
1777066407.7595417,402634,402634.0
1777066414.667632,402724,402724.0
1777066427.5596125,402891,402891.0
1777066444.411495,403129,403129.0
1777066459.9191146,403344,403344.0
1777066473.079486,403530,403530.0
1777066487.3349872,403725,403725.0
1777066504.4033027,403965,403965.0
1777066527.4786358,404288,404288.0
1777066534.1347802,404376,404376.0
1777066554.0032709,404649,404649.0
1777066562.7467396,404768,404768.0
1777066573.3269062,404906,404906.0
1777066580.370771,404998,404998.0
1777066595.36278,405211,405211.0
1777066604.3785064,405331,405331.0
1777066616.486495,405498,405498.0
1777066623.7026734,405590,405590.0
1777066633.6225646,405723,405723.0
1777066642.278491,405841,405841.0
1777066657.5385616,406052,406052.0
1777066670.1224408,406221,406221.0
1777066681.897842,406384,406384.0
1777066688.4620104,406470,406470.0
1777066712.3700233,406810,406810.0
1777066728.5620966,407031,407031.0
1777066746.9378567,407292,407292.0
1777066761.3817549,407488,407488.0
1777066773.4977832,407653,407653.0
1777066782.205489,407769,407769.0
1777066799.2817192,408012,408012.0
1777066815.2292492,408230,408230.0
1777066826.1215084,408377,408377.0
1777066833.341253,408469,408469.0
1777066840.2657535,408561,408561.0
1777066847.9656608,408651,408651.0
1777066871.2049072,408982,408982.0
1777066881.964937,409122,409122.0
1777066898.7247934,409357,409357.0
1777066917.3732321,409619,409619.0
1777066931.3655148,409817,409817.0
1777066938.7250013,409909,409909.0
1777066945.9247665,409999,409999.0
1777066965.6327782,410272,410272.0
1777066984.6087787,410544,410544.0
1777066994.0849469,410665,410665.0
1777067003.184741,410785,410785.0
1777067015.0326455,410950,410950.0
1777067032.308646,411188,411188.0
1777067047.4531121,411403,411403.0
1777067069.844854,411716,411716.0
1777067079.9926898,411857,411857.0
1777067092.3007116,412023,412023.0
1777067112.628281,412312,412312.0
1777067119.5763748,412404,412404.0
1777067126.7005749,412494,412494.0
1777067135.7523856,412612,412612.0
1777067148.1444302,412779,412779.0
1777067171.3519723,413110,413110.0
1777067178.4522367,413198,413198.0
1777067187.643941,413318,413318.0
1777067197.9118376,413456,413456.0
1777067211.8040462,413643,413643.0
1777067220.919954,413766,413766.0
1777067232.943943,413927,413927.0
1777067246.6519427,414114,414114.0
1777067264.1115482,414359,414359.0
1777067276.2117765,414522,414522.0
1777067283.3357143,414614,414614.0
1777067290.3199115,414706,414706.0
1777067300.6476865,414841,414841.0
1777067307.7279387,414931,414931.0
1777067318.0636551,415070,415070.0
1777067328.3876507,415208,415208.0
1777067337.05561,415326,415326.0
1777067347.347543,415464,415464.0
1777067363.2317557,415681,415681.0
1777067372.439485,415803,415803.0
1777067379.303589,415891,415891.0
1777067393.779457,416090,416090.0
1777067400.9954185,416182,416182.0
1777067409.8554084,416302,416302.0
1777067417.3548748,416392,416392.0
1777067428.315731,416538,416538.0
1777067445.5553398,416780,416780.0
1777067457.2553813,416944,416944.0
1777067473.631416,417175,417175.0
1777067486.9067135,417363,417363.0
1777067494.207198,417455,417455.0
1777067506.5308843,417620,417620.0
1777067516.6466851,417758,417758.0
1777067537.2749412,418050,418050.0
1777067549.5666852,418215,418215.0
1777067556.530691,418305,418305.0
1777067574.9747367,418562,418562.0
1777067588.450547,418749,418749.0
1777067603.9502907,418964,418964.0
1777067623.6063225,419237,419237.0
1777067638.7665346,419452,419452.0
1777067655.2586627,419684,419684.0
1777067665.1898527,419821,419821.0
1777067674.1017716,419939,419939.0
1777067683.1338382,420059,420059.0
1777067693.2940698,420198,420198.0
1777067711.549822,420460,420460.0
1777067718.7860763,420552,420552.0
1777067732.3258884,420738,420738.0
1777067746.0258284,420919,420919.0
1777067761.4019573,421132,421132.0
1777067768.3258414,421224,421224.0
1777067778.6619785,421362,421362.0
1777067797.7335422,421635,421635.0
1777067824.3777146,422015,422015.0
1777067831.18577,422103,422103.0
1777067852.0616615,422399,422399.0
1777067859.0294504,422489,422489.0
1777067869.6372879,422628,422628.0
1777067878.6856883,422748,422748.0
1777067894.4457417,422963,422963.0
1777067906.4449456,423131,423131.0
1777067919.0049574,423305,423305.0
1777067926.5611525,423397,423397.0
1777067935.660963,423517,423517.0
1777067942.3769705,423605,423605.0
1777067966.720725,423952,423952.0
1777067977.044853,424094,424094.0
1777067984.144765,424184,424184.0
1777067990.8966813,424274,424274.0
1777068006.4527316,424490,424490.0
1777068028.6126869,424804,424804.0
1777068044.4726787,425021,425021.0
1777068053.2127075,425139,425139.0
1777068060.228676,425227,425227.0
1777068067.4488506,425319,425319.0
1777068074.5565681,425409,425409.0
1777068081.5723865,425501,425501.0
1777068099.7324643,425756,425756.0
1777068110.839897,425902,425902.0
1777068128.2559047,426151,426151.0
1777068140.6318288,426315,426315.0
1777068155.6878123,426528,426528.0
1777068166.523965,426667,426667.0
1777068178.5998936,426833,426833.0
1777068197.1560085,427091,427091.0
1777068210.7558036,427283,427283.0
1777068219.7477915,427401,427401.0
1777068232.1317532,427566,427566.0
1777068244.8919106,427745,427745.0
1777068254.1473129,427861,427861.0
1777068267.1317046,428042,428042.0
1777068274.4076931,428134,428134.0
1777068291.875586,428371,428371.0
1777068303.931618,428539,428539.0
1777068314.483291,428675,428675.0
1777068323.2749114,428795,428795.0
1777068330.4234202,428885,428885.0
1777068337.2989278,428975,428975.0
1777068344.9675305,429067,429067.0
1777068351.8990576,429157,429157.0
1777068363.9588473,429326,429326.0
1777068379.8348258,429541,429541.0
1777068395.2989588,429755,429755.0
1777068410.9907734,429968,429968.0
1777068427.718772,430201,430201.0
1777068446.3945992,430463,430463.0
1777068468.402792,430774,430774.0
1777068475.6347961,430866,430866.0
1777068487.9267025,431035,431035.0
1777068502.5707173,431236,431236.0
1777068512.5705748,431374,431374.0
1777068531.742385,431641,431641.0
1777068541.80197,431779,431779.0
1777068550.5700815,431899,431899.0
1777068566.1098711,432110,432110.0
1777068573.0459502,432202,432202.0
1777068594.1018875,432495,432495.0
1777068607.9619067,432687,432687.0
1777068624.237712,432913,432913.0
1777068636.80195,433084,433084.0
1777068644.0457346,433176,433176.0
1777068672.269772,433581,433581.0
1777068683.0135856,433720,433720.0
1777068691.9775324,433840,433840.0
1777068700.9057214,433959,433959.0
1777068711.3056607,434097,434097.0
1777068718.2694957,434187,434187.0
1777068725.545582,434279,434279.0
1777068732.8455045,434371,434371.0
1777068740.437488,434463,434463.0
1777068747.23753,434553,434553.0
1777068757.5889761,434691,434691.0
1777068775.4653597,434934,434934.0
1777068795.248736,435208,435208.0
1777068803.94884,435326,435326.0
1777068821.2046974,435573,435573.0
1777068840.1410177,435837,435837.0
1777068848.864658,435957,435957.0
1777068861.3567622,436124,436124.0
1777068868.504743,436216,436216.0
1777068880.2406187,436380,436380.0
1777068892.4486663,436543,436543.0
1777068902.756696,436683,436683.0
1777068909.924689,436775,436775.0
1777068928.5166047,437034,437034.0
1777068948.9247317,437326,437326.0
1777068967.3326595,437588,437588.0
1777068985.024105,437836,437836.0
1777068998.7397246,438023,438023.0
1777069009.8841717,438171,438171.0
1777069021.6840894,438336,438336.0
1777069040.607803,438601,438601.0
1777069050.7314222,438738,438738.0
1777069057.5437646,438828,438828.0
1777069067.2757518,438949,438949.0
1777069075.9757802,439067,439067.0
1777069082.707705,439157,439157.0
1777069099.927258,439395,439395.0
1777069118.742824,439662,439662.0
1777069129.4988182,439802,439802.0
1777069147.8908458,440066,440066.0
1777069162.0427482,440254,440254.0
1777069177.1188407,440463,440463.0
1777069186.410802,440583,440583.0
1777069196.65866,440723,440723.0
1777069218.5025303,441033,441033.0
1777069230.8102245,441200,441200.0
1777069240.8104508,441334,441334.0
1777069260.141977,441605,441605.0
1777069270.293965,441743,441743.0
1777069279.4416122,441863,441863.0
1777069294.617839,442078,442078.0
1777069310.4257023,442291,442291.0
1777069325.9774847,442509,442509.0
1777069333.2377074,442601,442601.0
1777069348.709467,442814,442814.0
1777069371.5688987,443140,443140.0
1777069390.529251,443409,443409.0
1777069402.8527248,443576,443576.0
1777069426.568903,443913,443913.0
1777069433.5127227,444005,444005.0
1777069455.454066,444318,444318.0
1777069469.7603128,444513,444513.0
1777069488.836631,444773,444773.0
1777069499.052503,444909,444909.0
1777069507.8726084,445029,445029.0
1777069522.2279696,445223,445223.0
1777069541.8718553,445505,445505.0
1777069549.235814,445597,445597.0
1777069559.8639293,445745,445745.0
1777069566.6798701,445835,445835.0
1777069577.304068,445974,445974.0
1777069597.8640559,446264,446264.0
1777069607.3318367,446385,446385.0
1777069629.3037784,446698,446698.0
1777069644.4796746,446909,446909.0
1777069673.1156585,447317,447317.0
1777069692.4549117,447589,447589.0
1777069704.9230258,447756,447756.0
1777069713.7308238,447876,447876.0
1777069735.7070193,448186,448186.0
1777069746.006976,448324,448324.0
1777069754.730951,448442,448442.0
1777069767.646736,448619,448619.0
1777069782.422839,448825,448825.0
1777069795.9507356,449008,449008.0
1777069807.5828123,449171,449171.0
1777069818.0905027,449309,449309.0
1777069830.1424873,449476,449476.0
1777069854.3739877,449815,449815.0
1777069877.649864,450147,450147.0
1777069901.7259398,450493,450493.0
1777069913.2743633,450642,450642.0
1777069927.5177205,450838,450838.0
1777069939.7258706,451002,451002.0
1777069963.0497851,451340,451340.0
1777069984.293903,451634,451634.0
1777069994.8017764,451775,451775.0
1777070009.1494868,451968,451968.0
1777070025.4095342,452196,452196.0
1777070035.7169433,452332,452332.0
1777070047.7531614,452497,452497.0
1777070056.4933033,452615,452615.0
1777070078.1008859,452926,452926.0
1777070085.3848937,453018,453018.0
1777070092.4008358,453108,453108.0
1777070113.4609103,453413,453413.0
1777070123.9369392,453551,453551.0
1777070134.236585,453690,453690.0
1777070144.928658,453839,453839.0
1777070154.1443458,453959,453959.0
1777070161.0847588,454051,454051.0
1777070173.5047936,454221,454221.0
1777070181.0607266,454311,454311.0
1777070199.620437,454576,454576.0
1777070208.568414,454694,454694.0
1777070222.8121946,454892,454892.0
1777070241.4358134,455151,455151.0
1777070256.7363439,455363,455363.0
1777070271.5117772,455563,455563.0
1777070292.4358091,455865,455865.0
1777070321.939736,456285,456285.0
1777070331.4398177,456405,456405.0
1777070343.2480135,456570,456570.0
1777070358.4636989,456781,456781.0
1777070374.0035877,457001,457001.0
1777070382.963227,457119,457119.0
1777070402.439582,457388,457388.0
1777070411.3876584,457510,457510.0
1777070420.262859,457628,457628.0
1777070440.7391307,457923,457923.0
1777070449.9068146,458039,458039.0
1777070460.7467732,458187,458187.0
1777070467.762767,458279,458279.0
1777070478.4309583,458419,458419.0
1777070485.3748646,458511,458511.0
1777070513.9307203,458921,458921.0
1777070529.7587354,459146,459146.0
1777070540.406634,459285,459285.0
1777070547.1987114,459375,459375.0
1777070557.1667855,459512,459512.0
1777070572.7065783,459724,459724.0
1777070588.3985085,459941,459941.0
1777070605.1065097,460174,460174.0
1777070621.8740447,460412,460412.0
1777070635.0342772,460591,460591.0
1777070644.0578578,460711,460711.0
1777070652.7899466,460831,460831.0
1777070660.2020955,460921,460921.0
1777070667.0819964,461009,461009.0
1777070680.6819258,461201,461201.0
1777070690.1576626,461321,461321.0
1777070700.8937478,461467,461467.0
1777070711.3656213,461611,461611.0
1777070725.977713,461809,461809.0
1777070739.7096632,462003,462003.0
1777070749.0696843,462123,462123.0
1777070765.3095071,462350,462350.0
1777070773.861501,462467,462467.0
1777070794.785382,462762,462762.0
1777070801.7173162,462854,462854.0
1777070812.8614976,463004,463004.0
1777070820.0608208,463096,463096.0
1777070832.100926,463263,463263.0
1777070839.7928932,463355,463355.0
1777070846.7608614,463447,463447.0
1777070853.9289615,463539,463539.0
1777070870.320976,463762,463762.0
1777070878.884963,463878,463878.0
1777070890.0769324,464029,464029.0
1777070908.904709,464292,464292.0
1777070926.2287972,464534,464534.0
1777070935.444822,464650,464650.0
1777070949.3526642,464847,464847.0
1777070966.660573,465085,465085.0
1777070975.4805708,465205,465205.0
1777070991.3524716,465421,465421.0
1777071002.4360147,465575,465575.0
1777071020.6117198,465821,465821.0
1777071028.0040102,465913,465913.0
1777071034.67187,466001,466001.0
1777071046.8558333,466168,466168.0
1777071064.963692,466413,466413.0
1777071079.4036024,466610,466610.0
1777071099.563781,466900,466900.0
1777071118.3877301,467164,467164.0
1777071136.831799,467428,467428.0
1777071149.5875382,467599,467599.0
1777071165.055578,467814,467814.0
1777071172.5316148,467906,467906.0
1777071181.3476627,468026,468026.0
1777071203.2390318,468337,468337.0
1777071220.7476215,468582,468582.0
1777071241.4067943,468871,468871.0
1777071254.246752,469048,469048.0
1777071264.4228654,469186,469186.0
1777071279.8067675,469399,469399.0
1777071289.0308795,469519,469519.0
1777071296.2987385,469611,469611.0
1777071312.0747614,469832,469832.0
1777071334.8665702,470156,470156.0
1777071345.6665685,470300,470300.0
1777071353.2422044,470392,470392.0
1777071360.190483,470484,470484.0
1777071369.2906342,470604,470604.0
1777071384.8665965,470818,470818.0
1777071406.6418183,471129,471129.0
1777071421.4339395,471330,471330.0
1777071430.494032,471450,471450.0
1777071449.4939852,471713,471713.0
1777071458.2858174,471833,471833.0
1777071470.809833,471997,471997.0
1777071479.5776818,472117,472117.0
1777071496.085761,472349,472349.0
1777071510.7016935,472546,472546.0
1777071523.893679,472732,472732.0
1777071538.2696257,472926,472926.0
1777071552.5335784,473124,473124.0
1777071561.693439,473244,473244.0
1777071570.8933241,473364,473364.0
1777071577.8174489,473456,473456.0
1777071585.017518,473546,473546.0
1777071592.701165,473638,473638.0
1777071599.5930073,473728,473728.0
1777071610.560882,473874,473874.0
1777071632.5847132,474187,474187.0
1777071645.9607692,474376,474376.0
1777071671.1687675,474736,474736.0
1777071682.2969344,474882,474882.0
1777071694.2286317,475049,475049.0
1777071702.8206978,475166,475166.0
1777071713.2687857,475307,475307.0
1777071720.4607477,475399,475399.0
1777071731.3127427,475547,475547.0
1777071744.9722877,475731,475731.0
1777071756.9645705,475899,475899.0
1777071763.8445506,475991,475991.0
1777071775.3800082,476139,476139.0
1777071784.2717981,476259,476259.0
1777071797.7477996,476444,476444.0
1777071810.9960382,476623,476623.0
1777071830.2203593,476890,476890.0
1777071846.9317582,477128,477128.0
1777071855.795823,477248,477248.0
1777071868.2236679,477418,477418.0
1777071883.479763,477635,477635.0
1777071891.0315661,477727,477727.0
1777071902.8397071,477891,477891.0
1777071910.1237826,477983,477983.0
1777071920.1800208,478119,478119.0
1777071928.97975,478239,478239.0
1777071935.9476557,478331,478331.0
1777071946.6235676,478479,478479.0
1777071954.1237538,478569,478569.0
1777071961.315463,478661,478661.0
1777071980.1069212,478925,478925.0
1777071995.5391076,479145,479145.0
1777072005.5828574,479281,479281.0
1777072014.9828563,479401,479401.0
1777072036.4752555,479709,479709.0
1777072046.630742,479847,479847.0
1777072055.714764,479967,479967.0
1777072075.8990204,480248,480248.0
1777072096.1147327,480539,480539.0
1777072103.490744,480631,480631.0
1777072120.8823612,480880,480880.0
1777072129.8505785,480998,480998.0
1777072141.8106086,481165,481165.0
1777072155.2739778,481354,481354.0
1777072172.5179336,481594,481594.0
1777072181.3098342,481714,481714.0
1777072190.417903,481832,481832.0
1777072203.6178854,482013,482013.0
1777072210.849716,482105,482105.0
1777072217.9338443,482197,482197.0
1777072225.0940523,482287,482287.0
1777072237.977775,482465,482465.0
1777072245.185895,482557,482557.0
1777072267.125955,482865,482865.0
1777072283.8177247,483093,483093.0
1777072296.8175206,483276,483276.0
1777072303.6099312,483366,483366.0
1777072319.053633,483581,483581.0
1777072326.0852122,483673,483673.0
1777072334.953662,483793,483793.0
1777072344.109322,483911,483911.0
1777072353.0614834,484029,484029.0
1777072365.7209282,484205,484205.0
1777072383.3928456,484450,484450.0
1777072395.228858,484616,484616.0
1777072413.8208616,484874,484874.0
1777072423.877058,485012,485012.0
1777072433.0369618,485132,485132.0
1777072442.0690155,485252,485252.0
1777072452.9686325,485403,485403.0
1777072459.7689376,485493,485493.0
1777072475.628709,485707,485707.0
1777072492.6729424,485942,485942.0
1777072503.0527163,486086,486086.0
1777072513.51273,486226,486226.0
1777072524.036702,486367,486367.0
1777072532.7206407,486485,486485.0
1777072539.6725137,486577,486577.0
1777072555.464483,486790,486790.0
1777072570.7399712,487006,487006.0
1777072580.6204903,487142,487142.0
1777072592.7484193,487305,487305.0
1777072609.4239426,487540,487540.0
1777072625.0880077,487757,487757.0
1777072634.9798331,487894,487894.0
1777072642.3157542,487986,487986.0
1777072659.1717842,488226,488226.0
1777072668.3318238,488346,488346.0
1777072682.6158104,488540,488540.0
1777072698.3396487,488758,488758.0
1777072712.3153887,488951,488951.0
1777072728.823687,489182,489182.0
1777072738.423437,489300,489300.0
1777072748.915131,489441,489441.0
1777072755.8832536,489531,489531.0
1777072768.006835,489696,489696.0
1777072793.050806,490052,490052.0
1777072809.0591466,490275,490275.0
1777072819.3070087,490413,490413.0
1777072836.6829865,490651,490651.0
1777072843.6147866,490743,490743.0
1777072853.142802,490863,490863.0
1777072860.126729,490955,490955.0
1777072868.8668048,491075,491075.0
1777072882.6673937,491266,491266.0
1777072891.358612,491384,491384.0
1777072907.7425675,491617,491617.0
1777072918.1344533,491755,491755.0
1777072929.6423159,491916,491916.0
1777072940.4946206,492063,492063.0
1777072956.085961,492278,492278.0
1777072966.5342872,492419,492419.0
1777072982.042538,492632,492632.0
1777073001.8859727,492915,492915.0
1777073019.0936296,493153,493153.0
1777073034.3861995,493365,493365.0
1777073053.9777536,493643,493643.0
1777073060.8618703,493735,493735.0
1777073072.9176722,493902,493902.0
1777073086.6177144,494091,494091.0
1777073097.5778134,494238,494238.0
1777073122.537995,494596,494596.0
1777073132.845368,494736,494736.0
1777073145.1615465,494903,494903.0
1777073161.2697687,495122,495122.0
1777073175.2616825,495320,495320.0
1777073182.0615776,495410,495410.0
1777073212.8973434,495850,495850.0
1777073223.2816973,495992,495992.0
1777073235.3369753,496157,496157.0
1777073244.0053878,496275,496275.0
1777073253.264931,496392,496392.0
1777073260.5655391,496484,496484.0
1777073280.5053744,496767,496767.0
1777073292.8570342,496933,496933.0
1777073305.9649649,497112,497112.0
1777073315.156963,497232,497232.0
1777073325.2050805,497371,497371.0
1777073334.4649234,497493,497493.0
1777073355.6566596,497789,497789.0
1777073380.9967484,498152,498152.0
1777073401.608791,498442,498442.0
1777073413.4727597,498605,498605.0
1777073432.8325675,498875,498875.0
1777073439.6406255,498965,498965.0
1777073446.4407372,499055,499055.0
1777073470.0166407,499384,499384.0
1777073495.4765654,499750,499750.0
1777073528.7764697,500227,500227.0
1777073551.468351,500542,500542.0
1777073561.4597518,500680,500680.0
1777073570.4440176,500798,500798.0
1777073598.3078194,501197,501197.0
1777073613.9437513,501408,501408.0
1777073627.419787,501592,501592.0
1777073634.3517091,501684,501684.0
1777073642.0917182,501776,501776.0
1777073655.4117723,501962,501962.0
1777073669.4517002,502152,502152.0
1777073685.7117026,502382,502382.0
1777073707.967734,502695,502695.0
1777073720.1114924,502863,502863.0
1777073730.9114957,503001,503001.0
1777073741.9714217,503149,503149.0
1777073751.8875296,503283,503283.0
1777073774.1273227,503598,503598.0
1777073800.9469886,503976,503976.0
1777073811.5949552,504122,504122.0
1777073828.4550877,504355,504355.0
1777073845.6790798,504597,504597.0
1777073859.8467772,504794,504794.0
1777073867.1389067,504886,504886.0
1777073881.5307605,505083,505083.0
1777073893.3306763,505247,505247.0
1777073905.9547925,505418,505418.0
1777073918.0388668,505586,505586.0
1777073928.5467408,505732,505732.0
1777073940.2987156,505887,505887.0
1777073952.2385767,506053,506053.0
1777073959.082675,506141,506141.0
1777073966.1626804,506231,506231.0
1777073985.454451,506507,506507.0
1777074007.4299598,506817,506817.0
1777074030.0904617,507138,507138.0
1777074042.2504735,507301,507301.0
1777074056.3299007,507496,507496.0
1777074070.7578063,507694,507694.0
1777074089.5658722,507960,507960.0
1777074103.0417643,508150,508150.0
1777074113.8057091,508294,508294.0
1777074129.6183007,508513,508513.0
1777074136.5817285,508603,508603.0
1777074147.3737316,508741,508741.0
1777074164.6496947,508986,508986.0
1777074174.865567,509124,509124.0
1777074196.773725,509434,509434.0
1777074205.4337234,509552,509552.0
1777074217.5494308,509719,509719.0
1777074247.7174478,510154,510154.0
1777074270.2771704,510476,510476.0
1777074285.2687438,510689,510689.0
1777074300.6849642,510900,510900.0
1777074313.860801,511081,511081.0
1777074320.9928014,511171,511171.0
1777074337.184773,511392,511392.0
1777074358.7287667,511702,511702.0
1777074377.2847638,511961,511961.0
1777074387.5127642,512102,512102.0
1777074403.228659,512315,512315.0
1777074416.584748,512502,512502.0
1777074437.3605945,512793,512793.0
1777074447.5524194,512934,512934.0
1777074464.4522886,513169,513169.0
1777074478.0285702,513356,513356.0
1777074494.0879865,513572,513572.0
1777074509.1959577,513786,513786.0
1777074523.263915,513975,513975.0
1777074535.5198202,514142,514142.0
1777074549.2480235,514329,514329.0
1777074566.5797782,514571,514571.0
1777074578.803801,514734,514734.0
1777074589.532003,514880,514880.0
1777074607.2474694,515124,515124.0
1777074623.5556283,515351,515351.0
1777074633.863603,515487,515487.0
1777074642.5636444,515605,515605.0
1777074653.2876623,515754,515754.0
1777074660.6237266,515846,515846.0
1777074667.855434,515938,515938.0
1777074679.363119,516099,516099.0
1777074707.1710422,516498,516498.0
1777074727.7828782,516791,516791.0
1777074746.1554527,517056,517056.0
1777074765.0148125,517320,517320.0
1777074776.6907284,517483,517483.0
1777074791.930777,517694,517694.0
1777074801.99881,517833,517833.0
1777074817.8907354,518048,518048.0
1777074838.33472,518337,518337.0
1777074859.5068278,518631,518631.0
1777074876.1667233,518864,518864.0
1777074894.9904518,519129,519129.0
1777074915.8338308,519423,519423.0
1777074925.9665384,519564,519564.0
1777074937.0940478,519712,519712.0
1777074947.8939483,519862,519862.0
1777074957.0339615,519982,519982.0
1777074968.349769,520128,520128.0
1777074980.7780592,520296,520296.0
1777074998.5498724,520545,520545.0
1777075016.9937305,520809,520809.0
1777075043.9858,521192,521192.0
1777075058.5612342,521387,521387.0
1777075070.9616961,521555,521555.0
1777075087.8374753,521789,521789.0
1777075099.693276,521954,521954.0
1777075118.4854329,522217,522217.0
1777075132.4532387,522409,522409.0
1777075146.960813,522608,522608.0
1777075166.7049978,522890,522890.0
1777075173.9608295,522982,522982.0
1777075186.0289779,523151,523151.0
1777075203.1207836,523388,523388.0
1777075232.2044296,523804,523804.0
1777075245.7208087,523989,523989.0
1777075252.3889105,524077,524077.0
1777075272.7805607,524367,524367.0
1777075281.804539,524489,524489.0
1777075292.3724406,524629,524629.0
1777075309.563953,524873,524873.0
1777075334.1558335,525220,525220.0
1777075341.131925,525312,525312.0
1777075369.723845,525724,525724.0
1777075387.3797815,525965,525965.0
1777075409.7077665,526282,526282.0
1777075432.1999545,526603,526603.0
1777075443.291708,526751,526751.0
1777075464.5317094,527058,527058.0
1777075476.9475193,527227,527227.0
1777075491.8755507,527433,527433.0
1777075507.9674935,527656,527656.0
1777075521.1748748,527839,527839.0
1777075541.514789,528125,528125.0
1777075560.2749765,528390,528390.0
1777075581.5349796,528682,528682.0
1777075613.6907978,529145,529145.0
1777075635.8827972,529455,529455.0
1777075651.026666,529667,529667.0
1777075667.0026317,529887,529887.0
1777075691.3105474,530227,530227.0
1777075705.002027,530420,530420.0
1777075720.4505649,530633,530633.0
1777075736.1779284,530853,530853.0
1777075745.3177958,530973,530973.0
1777075752.5499635,531065,531065.0
1777075759.3503232,531155,531155.0
1777075769.425913,531295,531295.0
1777075778.6417458,531413,531413.0
1777075790.7541673,531580,531580.0
1777075804.6935933,531767,531767.0
1777075827.6855183,532099,532099.0
1777075842.1697237,532298,532298.0
1777075857.6775594,532517,532517.0
1777075870.3697507,532684,532684.0
1777075883.9455311,532873,532873.0
1777075899.2373261,533086,533086.0
1777075909.9689097,533234,533234.0
1777075931.0608907,533528,533528.0
1777075944.5048647,533715,533715.0
1777075964.2530253,533992,533992.0
1777075978.1128979,534188,534188.0
1777075987.3727384,534308,534308.0
1777076004.2527146,534544,534544.0
1777076016.6447763,534710,534710.0
1777076027.4727116,534858,534858.0
1777076044.9047625,535102,535102.0
1777076065.2968032,535393,535393.0
1777076084.004283,535655,535655.0
1777076097.8805687,535847,535847.0
1777076121.624067,536177,536177.0
1777076143.9159865,536493,536493.0
1777076157.6240656,536682,536682.0
1777076178.0799394,536965,536965.0
1777076195.7561111,537211,537211.0
1777076207.6997209,537374,537374.0
1777076226.6997015,537641,537641.0
1777076235.4396036,537759,537759.0
1777076250.499726,537972,537972.0
1777076271.3074567,538262,538262.0
1777076292.0996032,538551,538551.0
1777076311.843678,538835,538835.0
1777076326.1068947,539026,539026.0
1777076340.650866,539229,539229.0
1777076352.9750156,539396,539396.0
1777076366.6269355,539585,539585.0
1777076380.783153,539782,539782.0
1777076395.942912,539993,539993.0
1777076408.5909898,540161,540161.0
1777076417.3505893,540279,540279.0
1777076426.0827794,540399,540399.0
1777076433.3749084,540491,540491.0
1777076442.1946716,540611,540611.0
1777076460.7026987,540871,540871.0
1777076472.6786983,541038,541038.0
1777076492.970639,541325,541325.0
1777076503.6345456,541473,541473.0
1777076514.478583,541624,541624.0
1777076521.7421956,541716,541716.0
1777076529.5259392,541808,541808.0
1777076539.5699697,541946,541946.0
1777076551.4339857,542112,542112.0
1777076573.2023203,542417,542417.0
1777076585.738015,542585,542585.0
1777076596.7460537,542736,542736.0
1777076608.794063,542905,542905.0
1777076628.501699,543184,543184.0
1777076637.4457204,543304,543304.0
1777076653.253699,543520,543520.0
1777076664.3213441,543671,543671.0
1777076677.645618,543850,543850.0
1777076700.869118,544186,544186.0
1777076718.6815264,544439,544439.0
1777076746.0054681,544829,544829.0
1777076753.1208591,544919,544919.0
1777076768.6290092,545130,545130.0
1777076786.089016,545380,545380.0
1777076809.8289359,545710,545710.0
1777076833.4968562,546042,546042.0
1777076848.8965514,546256,546256.0
1777076873.0046167,546595,546595.0
1777076903.208765,547028,547028.0
1777076921.9323986,547292,547292.0
1777076937.5404403,547512,547512.0
1777076951.8084466,547704,547704.0
1777076967.5319142,547922,547922.0
1777076986.239847,548186,548186.0
1777076999.7005377,548375,548375.0
1777077012.9002573,548553,548553.0
1777077022.991796,548692,548692.0
1777077043.5995362,548981,548981.0
1777077053.731645,549121,549121.0
1777077067.7078538,549312,549312.0
1777077076.70776,549430,549430.0
1777077087.651726,549581,549581.0
1777077098.4918368,549719,549719.0
1777077114.159567,549942,549942.0
1777077124.4675918,550078,550078.0
1777077141.4749823,550320,550320.0
1777077165.6670337,550661,550661.0
1777077180.7954063,550875,550875.0
1777077208.503047,551270,551270.0
1777077232.6947477,551609,551609.0
1777077246.6708214,551801,551801.0
1777077259.4029605,551980,551980.0
1777077274.6024745,552186,552186.0
1777077296.5346255,552503,552503.0
1777077310.094735,552683,552683.0
1777077326.118786,552907,552907.0
1777077339.0867438,553082,553082.0
1777077355.0628195,553310,553310.0
1777077372.3865633,553552,553552.0
1777077385.846479,553736,553736.0
1777077398.6064785,553905,553905.0
1777077413.7543454,554119,554119.0
1777077425.7618458,554280,554280.0
1777077452.0897965,554663,554663.0
1777077471.046067,554929,554929.0
1777077479.9979925,555048,555048.0
1777077500.589962,555340,555340.0
1777077514.945857,555535,555535.0
1777077533.2739327,555797,555797.0
1777077549.3818626,556014,556014.0
1777077563.549849,556211,556211.0
1777077580.1336813,556441,556441.0
1777077592.533687,556610,556610.0
1777077609.3733666,556843,556843.0
1777077616.573705,556933,556933.0
1777077627.2975578,557082,557082.0
1777077638.4652505,557227,557227.0
1777077654.6249397,557456,557456.0
1777077681.5328615,557841,557841.0
1777077698.4853423,558070,558070.0
1777077714.8170252,558297,558297.0
1777077723.6663656,558415,558415.0
1777077747.049031,558744,558744.0
1777077762.7327235,558958,558958.0
1777077777.64071,559170,559170.0
1777077792.2527142,559365,559365.0
1777077799.3844,559457,559457.0
1777077809.2606316,559593,559593.0
1777077825.9687142,559826,559826.0
1777077841.6363575,560047,560047.0
1777077856.3285635,560245,560245.0
1777077867.1285496,560393,560393.0
1777077889.0762923,560704,560704.0
1777077899.07584,560842,560842.0
1777077911.436488,561008,561008.0
1777077923.4359748,561174,561174.0
1777077941.0961466,561417,561417.0
1777077970.0280385,561831,561831.0
1777077982.77965,562010,562010.0
1777078013.4636056,562451,562451.0
1777078034.9195147,562754,562754.0
1777078058.2474885,563080,563080.0
1777078072.419574,563275,563275.0
1777078086.2714643,563463,563463.0
1777078104.4475434,563724,563724.0
1777078123.1389647,563984,563984.0
1777078138.7629533,564201,564201.0
1777078155.4548283,564429,564429.0
1777078170.9147983,564649,564649.0
1777078178.2148485,564739,564739.0
1777078197.3388102,565008,565008.0
1777078218.982773,565316,565316.0
1777078228.046753,565435,565435.0
1777078261.4464998,565918,565918.0
1777078282.1903746,566205,566205.0
1777078304.098553,566512,566512.0
1777078326.0585105,566816,566816.0
1777078342.914477,567054,567054.0
1777078353.5746598,567202,567202.0
1777078367.825921,567398,567398.0
1777078379.933837,567567,567567.0
1777078387.3985145,567659,567659.0
1777078394.389846,567747,567747.0
1777078404.5259206,567887,567887.0
1777078426.4498198,568199,568199.0
1777078444.3094976,568452,568452.0
1777078462.6496768,568707,568707.0
1777078469.7856755,568797,568797.0
1777078478.941801,568917,568917.0
1777078493.157367,569116,569116.0
1777078511.049638,569363,569363.0
1777078517.9257848,569453,569453.0
1777078534.7255063,569691,569691.0
1777078551.2536829,569921,569921.0
1777078567.8776667,570148,570148.0
1777078578.7689984,570300,570300.0
1777078591.9850361,570487,570487.0
1777078609.744762,570731,570731.0
1777078626.4018662,570969,570969.0
1777078633.736706,571061,571061.0
1777078659.3048055,571424,571424.0
1777078680.2972991,571721,571721.0
1777078689.544771,571842,571842.0
1777078712.6366694,572175,572175.0
1777078729.9445927,572412,572412.0
1777078747.664562,572656,572656.0
1777078756.4805357,572774,572774.0
1777078773.9646268,573021,573021.0
1777078787.0043998,573197,573197.0
1777078799.5118036,573368,573368.0
1777078816.3483248,573600,573600.0
1777078830.4042535,573798,573798.0
1777078842.7481678,573963,573963.0
1777078852.5478716,574098,574098.0
1777078866.6404886,574293,574293.0
1777078891.7798736,574652,574652.0
1777078919.4077559,575043,575043.0
1777078931.1996787,575196,575196.0
1777078944.4556696,575383,575383.0
1777078962.3635304,575629,575629.0
1777078979.5316098,575871,575871.0
1777079002.2989244,576193,576193.0
1777079021.0593522,576455,576455.0
1777079034.6589866,576646,576646.0
1777079052.4149137,576890,576890.0
1777079059.4148183,576982,576982.0
1777079082.8672562,577313,577313.0
1777079096.8989425,577506,577506.0
1777079118.3747866,577808,577808.0
1777079141.558672,578137,578137.0
1777079154.9267426,578324,578324.0
1777079173.9183836,578587,578587.0
1777079190.7940795,578825,578825.0
1777079199.7425594,578943,578943.0
1777079213.2179232,579131,579131.0
1777079223.7419639,579273,579273.0
1777079230.8780088,579363,579363.0
1777079241.5259411,579512,579512.0
1777079265.362046,579852,579852.0
1777079272.2417364,579944,579944.0
1777079285.969607,580137,580137.0
1777079302.785799,580363,580363.0
1777079318.9616807,580584,580584.0
1777079327.6535711,580702,580702.0
1777079339.4697008,580867,580867.0
1777079352.5094092,581036,581036.0
1777079359.7094793,581128,581128.0
1777079375.6528876,581356,581356.0
1777079400.4447446,581712,581712.0
1777079424.536648,582047,582047.0
1777079438.1767163,582236,582236.0
1777079460.0204957,582547,582547.0
1777079482.760072,582865,582865.0
1777079509.2644122,583244,583244.0
1777079530.1720726,583536,583536.0
1777079555.1476393,583895,583895.0
1777079568.255608,584066,584066.0
1777079594.9797385,584449,584449.0
1777079603.6477573,584567,584567.0
1777079619.355274,584785,584785.0
1777079626.5713825,584877,584877.0
1777079638.6628792,585044,585044.0
1777079652.0551274,585223,585223.0
1777079679.9787848,585625,585625.0
1777079688.7547176,585745,585745.0
1777079717.298834,586153,586153.0
1777079739.0546482,586466,586466.0
1777079764.89834,586835,586835.0
1777079773.8746371,586953,586953.0
1777079788.1225939,587151,587151.0
1777079795.1499484,587243,587243.0
1777079802.7980125,587335,587335.0
1777079813.6219697,587482,587482.0
1777079826.3578682,587661,587661.0
1777079842.4980202,587881,587881.0
1777079854.25776,588045,588045.0
1777079863.525883,588163,588163.0
1777079872.5823832,588283,588283.0
1777079907.9417286,588797,588797.0
1777079916.8657088,588915,588915.0
1777079935.7256353,589179,589179.0
1777079946.141553,589320,589320.0
1777079956.3654485,589458,589458.0
1777079974.7773614,589722,589722.0
1777079990.424817,589942,589942.0
1777080001.3329356,590088,590088.0
1777080020.6408563,590362,590362.0
1777080029.4086123,590482,590482.0
1777080060.1448348,590926,590926.0
1777080069.176924,591044,591044.0
1777080084.7367842,591259,591259.0
1777080098.2924883,591451,591451.0
1777080105.8607109,591543,591543.0
1777080119.9845886,591743,591743.0
1777080135.9284112,591956,591956.0
1777080167.7525437,592418,592418.0
1777080181.3438125,592609,592609.0
1777080204.819977,592942,592942.0
1777080215.611943,593092,593092.0
1777080231.5276856,593310,593310.0
1777080246.8883076,593526,593526.0
1777080264.0277872,593761,593761.0
1777080285.6879077,594067,594067.0
1777080303.8797417,594328,594328.0
1777080322.8554404,594594,594594.0
1777080338.2468488,594808,594808.0
1777080359.486963,595107,595107.0
1777080370.8874393,595260,595260.0
1777080389.1306527,595521,595521.0
1777080404.8069515,595734,595734.0
1777080439.0387628,596229,596229.0
1777080454.4067178,596447,596447.0
1777080463.5467165,596567,596567.0
1777080480.3904068,596807,596807.0
1777080491.6745968,596954,596954.0
1777080514.8665144,597288,597288.0
1777080531.9226296,597517,597517.0
1777080544.1978056,597684,597684.0
1777080555.266153,597832,597832.0
1777080580.3978486,598194,598194.0
1777080591.5499377,598347,598347.0
1777080605.6578488,598547,598547.0
1777080621.9658532,598766,598766.0
1777080637.0977616,598981,598981.0
1777080651.241698,599170,599170.0
1777080669.733886,599431,599431.0
1777080686.973599,599671,599671.0
1777080697.709339,599817,599817.0
1777080706.901743,599937,599937.0
1777080718.9331238,600104,600104.0
1777080734.8094456,600314,600314.0
1777080745.7168515,600465,600465.0
1777080764.761011,600727,600727.0
1777080781.817215,600971,600971.0
1777080803.644834,601275,601275.0
1777080823.8689857,601558,601558.0
1777080843.2089489,601830,601830.0
1777080868.6526299,602193,602193.0
1777080888.3606293,602470,602470.0
1777080907.5200024,602742,602742.0
1777080922.3526914,602945,602945.0
1777080936.175812,603134,603134.0
1777080947.2198625,603274,603274.0
1777080957.035776,603409,603409.0
1777080974.8960328,603655,603655.0
1777080991.2720656,603887,603887.0
1777081000.1199455,604005,604005.0
1777081013.6797864,604188,604188.0
1777081042.435723,604604,604604.0
1777081056.7276373,604804,604804.0
1777081077.203681,605089,605089.0
1777081104.9114025,605480,605480.0
1777081131.8948414,605860,605860.0
1777081146.5552874,606068,606068.0
1777081166.646897,606349,606349.0
1777081182.5071502,606569,606569.0
1777081200.491246,606828,606828.0
1777081228.49046,607226,607226.0
1777081251.7469418,607556,607556.0
1777081264.0668113,607724,607724.0
1777081283.6584783,607998,607998.0
1777081316.8424468,608473,608473.0
1777081332.5136783,608687,608687.0
1777081339.4499152,608779,608779.0
1777081356.6737938,609023,609023.0
1777081378.9178717,609333,609333.0
1777081403.6897283,609682,609682.0
1777081412.4819677,609802,609802.0
1777081439.6939871,610193,610193.0
1777081453.233594,610378,610378.0
1777081464.1019232,610527,610527.0
1777081476.2574315,610693,610693.0
1777081485.5417476,610811,610811.0
1777081499.301712,611005,611005.0
1777081514.593688,611223,611223.0
1777081524.309283,611345,611345.0
1777081538.232961,611541,611541.0
1777081548.8528063,611680,611680.0
1777081559.5247676,611828,611828.0
1777081578.6369896,612096,612096.0
1777081592.8609846,612295,612295.0
1777081609.6367233,612525,612525.0
1777081631.94469,612842,612842.0
1777081660.6848917,613253,613253.0
1777081670.0367367,613373,613373.0
1777081683.9607446,613569,613569.0
1777081700.2045624,613793,613793.0
1777081711.8045437,613955,613955.0
1777081730.5965579,614221,614221.0
1777081747.9879665,614467,614467.0
1777081767.8438928,614743,614743.0
1777081791.9559991,615085,615085.0
1777081806.2959049,615286,615286.0
1777081824.9037356,615548,615548.0
1777081844.0476658,615823,615823.0
1777081857.5237432,616003,616003.0
1777081874.271745,616236,616236.0
1777081897.0396092,616555,616555.0
1777081926.8154268,616979,616979.0
1777081953.3069694,617352,617352.0
1777081980.3073356,617737,617737.0
1777082003.9311702,618071,618071.0
1777082029.8909333,618439,618439.0
1777082048.4148765,618703,618703.0
1777082068.1905394,618979,618979.0
1777082081.9827416,619171,619171.0
1777082097.8266044,619387,619387.0
1777082113.5745847,619605,619605.0
1777082126.182367,619774,619774.0
1777082133.0825045,619864,619864.0
1777082145.1259413,620031,620031.0
1777082159.202005,620218,620218.0
1777082172.0340042,620399,620399.0
1777082187.2581043,620608,620608.0
1777082208.3019142,620903,620903.0
1777082217.2499979,621023,621023.0
1777082242.4697127,621379,621379.0
1777082264.7937312,621698,621698.0
1777082277.2415705,621864,621864.0
1777082291.5335245,622063,622063.0
1777082313.493123,622370,622370.0
1777082335.7534297,622688,622688.0
1777082353.108951,622933,622933.0
1777082378.101288,623287,623287.0
1777082395.8291016,623533,623533.0
1777082415.6370785,623816,623816.0
1777082430.212716,624010,624010.0
1777082444.1206856,624201,624201.0
1777082461.328568,624443,624443.0
1777082475.2284687,624639,624639.0
1777082492.6885717,624883,624883.0
1777082499.8047493,624973,624973.0
1777082519.5285344,625250,625250.0
1777082536.788119,625497,625497.0
1777082547.4645302,625635,625635.0
1777082563.0404441,625851,625851.0
1777082584.3317604,626147,626147.0
1777082598.0321078,626334,626334.0
1777082613.687953,626557,626557.0
1777082626.2158213,626732,626732.0
1777082641.3957715,626936,626936.0
1777082661.0717456,627208,627208.0
1777082683.3476725,627526,627526.0
1777082697.5916593,627721,627721.0
1777082719.683675,628035,628035.0
1777082741.207496,628344,628344.0
1777082765.9912229,628697,628697.0
1777082780.7749555,628895,628895.0
1777082802.5831504,629210,629210.0
1777082812.0070157,629330,629330.0
1777082831.182731,629604,629604.0
1777082861.1427019,630029,630029.0
1777082875.7667525,630224,630224.0
1777082888.5907178,630404,630404.0
1777082900.04276,630554,630554.0
1777082925.7827244,630929,630929.0
1777082950.4498475,631276,631276.0
1777082983.109791,631742,631742.0
1777082994.0340774,631890,631890.0
1777083004.7181504,632038,632038.0
1777083024.7024524,632314,632314.0
1777083052.425669,632709,632709.0
1777083066.6258888,632911,632911.0
1777083073.417699,633001,633001.0
1777083085.117531,633152,633152.0
1777083122.5214,633691,633691.0
1777083151.1853056,634099,634099.0
1777083187.0448642,634611,634611.0
1777083195.7050104,634729,634729.0
1777083213.4290113,634971,634971.0
1777083227.4970975,635164,635164.0
1777083257.3966208,635594,635594.0
1777083283.0367818,635957,635957.0
1777083313.172791,636391,636391.0
1777083332.3645458,636657,636657.0
1777083359.4879558,637042,637042.0
1777083384.9078414,637404,637404.0
1777083398.3078947,637591,637591.0
1777083412.415811,637786,637786.0
1777083427.6999333,637999,637999.0
1777083446.2719119,638259,638259.0
1777083461.8318212,638477,638477.0
1777083483.4558144,638779,638779.0
1777083504.3836176,639072,639072.0
1777083516.523809,639241,639241.0
1777083525.591707,639361,639361.0
1777083546.6997025,639663,639663.0
1777083561.291675,639860,639860.0
1777083592.7753103,640315,640315.0
1777083608.9748526,640544,640544.0
1777083619.018977,640680,640680.0
1777083635.09897,640897,640897.0
1777083656.6507697,641200,641200.0
1777083663.58276,641292,641292.0
1777083682.8746998,641556,641556.0
1777083702.7347343,641840,641840.0
1777083715.4185402,642012,642012.0
1777083730.4427137,642224,642224.0
1777083752.802505,642542,642542.0
1777083781.4545748,642955,642955.0
1777083801.3940291,643240,643240.0
1777083813.8783593,643405,643405.0
1777083837.04618,643733,643733.0
1777083849.6460638,643910,643910.0
1777083860.1220744,644056,644056.0
1777083880.214026,644341,644341.0
1777083901.9060135,644650,644650.0
1777083922.4779956,644945,644945.0
1777083940.9896197,645208,645208.0
1777083950.1897411,645327,645327.0
1777083967.829759,645575,645575.0
1777083987.0053923,645844,645844.0
1777083998.3057353,645995,645995.0
1777084008.3656955,646134,646134.0
1777084028.8217275,646419,646419.0
1777084044.9971433,646642,646642.0
1777084055.7968578,646789,646789.0
1777084071.173058,647008,647008.0
1777084093.2647905,647323,647323.0
1777084109.0408869,647541,647541.0
1777084119.2407708,647677,647677.0
1777084135.5566416,647904,647904.0
1777084170.9647393,648413,648413.0
1777084199.4327393,648822,648822.0
1777084211.8480964,648994,648994.0
1777084229.2244432,649236,649236.0
1777084239.5565476,649377,649377.0
1777084248.4319272,649497,649497.0
1777084259.3678067,649645,649645.0
1777084271.6600685,649813,649813.0
1777084285.5159893,650001,650001.0
1777084299.2679853,650192,650192.0
1777084316.8163018,650434,650434.0
1777084345.5080514,650844,650844.0
1777084368.8837085,651182,651182.0
1777084382.899722,651377,651377.0
1777084403.8276958,651676,651676.0
1777084415.4194503,651823,651823.0
1777084430.6114576,652039,652039.0
1777084447.5033896,652266,652266.0
1777084458.1675055,652413,652413.0
1777084469.227152,652559,652559.0
1777084487.8868973,652822,652822.0
1777084494.8188584,652914,652914.0
1777084515.326908,653203,653203.0
1777084529.9350162,653402,653402.0
1777084542.7869248,653582,653582.0
1777084560.478911,653833,653833.0
1777084572.3386967,653999,653999.0
1777084594.194759,654309,654309.0
1777084616.25412,654624,654624.0
1777084640.4625459,654970,654970.0
1777084659.0865006,655229,655229.0
1777084671.061977,655396,655396.0
1777084686.622511,655611,655611.0
1777084714.330257,656004,656004.0
1777084738.2060785,656344,656344.0
1777084757.9298525,656625,656625.0
1777084772.4217515,656824,656824.0
1777084787.1218212,657033,657033.0
1777084799.641813,657201,657201.0
1777084818.9577262,657475,657475.0
1777084825.689725,657565,657565.0
1777084842.549402,657800,657800.0
1777084859.6255345,658036,658036.0
1777084878.5168464,658306,658306.0
1777084906.2894065,658698,658698.0
1777084921.6492882,658914,658914.0
1777084935.392776,659108,659108.0
1777084942.672956,659200,659200.0
1777084972.456906,659624,659624.0
1777084988.2007625,659837,659837.0
1777085004.58479,660064,660064.0
1777085024.3767405,660347,660347.0
1777085044.100693,660624,660624.0
1777085058.3925307,660822,660822.0
1777085069.3603442,660967,660967.0
1777085080.4679992,661118,661118.0
1777085105.9760256,661483,661483.0
1777085121.4201777,661699,661699.0
1777085145.912353,662045,662045.0
1777085164.5356658,662302,662302.0
1777085173.243865,662420,662420.0
1777085194.735797,662724,662724.0
1777085209.8515172,662939,662939.0
1777085225.579702,663155,663155.0
1777085237.8717391,663322,663322.0
1777085249.0356908,663473,663473.0
1777085266.1950765,663718,663718.0
1777085294.0029495,664117,664117.0
1777085306.5111406,664286,664286.0
1777085319.9872813,664468,664468.0
1777085331.7870338,664633,664633.0
1777085350.7314286,664898,664898.0
1777085364.7707965,665094,665094.0
1777085376.0468,665244,665244.0
1777085397.9387484,665557,665557.0
1777085415.8868163,665807,665807.0
1777085431.562745,666025,666025.0
1777085445.6386683,666221,666221.0
1777085463.7147021,666468,666468.0
1777085475.782542,666634,666634.0
1777085494.5224,666891,666891.0
1777085520.489869,667263,667263.0
1777085536.0739102,667483,667483.0
1777085564.6898692,667895,667895.0
1777085584.6496875,668176,668176.0
1777085598.0140505,668361,668361.0
1777085616.9055028,668626,668626.0
1777085625.649833,668742,668742.0
1777085646.1257198,669031,669031.0
1777085665.5177028,669309,669309.0
1777085679.541809,669493,669493.0
1777085692.4094195,669674,669674.0
1777085708.6493616,669893,669893.0
1777085723.9770114,670110,670110.0
1777085747.5167649,670438,670438.0
1777085778.340801,670880,670880.0
1777085806.876762,671289,671289.0
1777085833.5165894,671671,671671.0
1777085847.6767724,671866,671866.0
1777085855.2011018,671958,671958.0
1777085867.0687683,672124,672124.0
1777085881.3847446,672321,672321.0
1777085899.944525,672587,672587.0
1777085923.2604892,672911,672911.0
1777085947.167868,673251,673251.0
1777085966.0960097,673521,673521.0
1777085983.6521034,673765,673765.0
1777086000.9879482,674007,674007.0
1777086023.2119908,674319,674319.0
1777086048.2277317,674675,674675.0
1777086073.4556396,675032,675032.0
1777086087.5116343,675231,675231.0
1777086104.1115432,675458,675458.0
1777086131.395416,675844,675844.0
1777086151.0872395,676121,676121.0
1777086164.7988646,676306,676306.0
1777086183.8313012,676570,676570.0
1777086204.038922,676859,676859.0
1777086219.8987935,677077,677077.0
1777086246.8988066,677460,677460.0
1777086264.9145913,677711,677711.0
1777086281.0067134,677935,677935.0
1777086312.542611,678391,678391.0
1777086329.4665117,678632,678632.0
1777086340.0665052,678772,678772.0
1777086353.3065853,678953,678953.0
1777086361.9744759,679071,679071.0
1777086369.4977689,679163,679163.0
1777086386.8820612,679412,679412.0
1777086406.0257947,679677,679677.0
1777086423.4824314,679924,679924.0
1777086441.1099532,680175,680175.0
1777086457.065775,680388,680388.0
1777086472.9777029,680615,680615.0
1777086501.5177488,681025,681025.0
1777086528.8934824,681414,681414.0
1777086540.6855135,681579,681579.0
1777086559.7770524,681843,681843.0
1777086570.4373348,681986,681986.0
1777086592.4928207,682298,682298.0
1777086622.520801,682724,682724.0
1777086645.1450455,683043,683043.0
1777086662.4688456,683288,683288.0
1777086676.9288228,683486,683486.0
1777086701.852614,683836,683836.0
1777086730.8447363,684250,684250.0
1777086754.843981,684598,684598.0
1777086780.255908,684954,684954.0
1777086794.879962,685153,685153.0
1777086805.1280031,685291,685291.0
1777086832.6558104,685682,685682.0
1777086856.7877405,686026,686026.0
1777086865.7399228,686146,686146.0
1777086886.4637156,686433,686433.0
1777086900.12373,686624,686624.0
1777086914.5797014,686821,686821.0
1777086923.247694,686939,686939.0
1777086938.9235368,687153,687153.0
1777086952.2556245,687335,687335.0
1777086967.1994433,687539,687539.0
1777086992.2229934,687903,687903.0
1777087014.5469837,688218,688218.0
1777087031.3990378,688451,688451.0
1777087053.0509768,688761,688761.0
1777087084.9987648,689215,689215.0
1777087092.1987705,689307,689307.0
1777087114.1427908,689622,689622.0
1777087128.682569,689819,689819.0
1777087149.7425194,690112,690112.0
1777087163.2827208,690302,690302.0
1777087186.494399,690629,690629.0
1777087203.4858668,690872,690872.0
1777087227.35799,691215,691215.0
1777087240.2022085,691387,691387.0
1777087263.1417816,691714,691714.0
1777087285.585604,692033,692033.0
1777087294.4697585,692153,692153.0
1777087312.5256748,692397,692397.0
1777087319.4537134,692489,692489.0
1777087340.193562,692779,692779.0
1777087366.0695927,693142,693142.0
1777087386.544973,693436,693436.0
1777087407.5209599,693733,693733.0
1777087428.3449774,694027,694027.0
1777087448.2891076,694308,694308.0
1777087459.3049777,694454,694454.0
1777087475.2287872,694680,694680.0
1777087504.528738,695101,695101.0
1777087522.0887303,695340,695340.0
1777087547.4805279,695698,695698.0
1777087561.5887592,695898,695898.0
1777087568.5406983,695990,695990.0
1777087598.6803772,696421,696421.0
1777087610.1878934,696576,696576.0
1777087631.232343,696870,696870.0
1777087642.2798784,697019,697019.0
1777087668.7643647,697400,697400.0
1777087694.4920046,697762,697762.0
1777087718.431984,698106,698106.0
1777087730.1236646,698257,698257.0
1777087746.4155138,698490,698490.0
1777087770.2237403,698828,698828.0
1777087788.2515855,699074,699074.0
1777087811.1750987,699391,699391.0
1777087825.0350654,699582,699582.0
1777087840.6995726,699794,699794.0
1777087847.627097,699886,699886.0
1777087856.4434555,700006,700006.0
1777087874.819134,700262,700262.0
1777087893.3113017,700525,700525.0
1777087908.9826713,700741,700741.0
1777087935.5946753,701123,701123.0
1777087958.8027031,701457,701457.0
1777087975.0947452,701680,701680.0
1777087988.6703105,701869,701869.0
1777087999.5507035,702009,702009.0
1777088033.570555,702501,702501.0
1777088058.8460007,702865,702865.0
1777088075.7859778,703105,703105.0
1777088095.378504,703380,703380.0
1777088126.05368,703821,703821.0
1777088160.7217445,704323,704323.0
1777088187.6774416,704709,704709.0
1777088208.2136362,704996,704996.0
1777088230.8892941,705315,705315.0
1777088255.0453806,705660,705660.0
1777088275.4889774,705948,705948.0
1777088294.3967566,706208,706208.0
1777088303.4806967,706328,706328.0
1777088312.7045996,706448,706448.0
1777088322.1049776,706568,706568.0
1777088352.1265137,707000,707000.0
1777088362.8726978,707144,707144.0
1777088388.5729384,707509,707509.0
1777088402.8086908,707709,707709.0
1777088430.2644002,708097,708097.0
1777088456.4639134,708469,708469.0
1777088475.5758815,708735,708735.0
1777088493.7840014,708994,708994.0
1777088514.891902,709292,709292.0
1777088535.5840898,709583,709583.0
1777088542.5518003,709675,709675.0
1777088561.4077477,709939,709939.0
1777088573.8159819,710109,710109.0
1777088580.8838122,710201,710201.0
1777088587.935478,710293,710293.0
1777088612.1076527,710638,710638.0
1777088627.6995864,710851,710851.0
1777088648.0439017,711141,711141.0
1777088660.5513422,711306,711306.0
1777088674.0670319,711495,711495.0
1777088705.96755,711955,711955.0
1777088713.0268722,712045,712045.0
1777088730.026749,712287,712287.0
1777088760.662896,712726,712726.0
1777088786.63472,713100,713100.0
1777088817.4866872,713544,713544.0
1777088831.5186577,713740,713740.0
1777088841.3624115,713863,713863.0
1777088853.4787283,714030,714030.0
1777088878.1459816,714378,714378.0
1777088885.0785477,714470,714470.0
1777088909.7865758,714822,714822.0
1777088930.3299305,715106,715106.0
1777088950.8377676,715395,715395.0
1777088966.2979674,715608,715608.0
1777088983.8061218,715852,715852.0
1777089015.7894125,716312,716312.0
1777089039.913794,716662,716662.0
1777089059.50543,716936,716936.0
1777089077.8415325,717192,717192.0
1777089096.8969338,717465,717465.0
1777089124.0328128,717855,717855.0
1777089141.488907,718091,718091.0
1777089155.9088843,718291,718291.0
1777089172.7649703,718521,718521.0
1777089187.8250213,718735,718735.0
1777089217.6007423,719164,719164.0
1777089246.384573,719574,719574.0
1777089266.2245045,719854,719854.0
1777089290.5680022,720194,720194.0
1777089317.8438718,720588,720588.0
1777089334.099814,720817,720817.0
1777089355.9919286,721121,721121.0
1777089373.1197374,721361,721361.0
1777089391.9917226,721629,721629.0
1777089416.1517365,721972,721972.0
1777089445.2877696,722391,722391.0
1777089458.9193923,722578,722578.0
1777089472.8276017,722766,722766.0
1777089482.9954774,722904,722904.0
1777089499.3274062,723132,723132.0
1777089510.6431258,723284,723284.0
1777089526.4348176,723499,723499.0
1777089543.8190212,723746,723746.0
1777089566.571476,724070,724070.0
1777089583.4708169,724311,724311.0
1777089612.5713768,724724,724724.0
1777089622.2146654,724844,724844.0
1777089640.7628133,725105,725105.0
1777089668.5147731,725506,725506.0
1777089675.9624398,725598,725598.0
1777089697.6224966,725906,725906.0
1777089713.9466434,726133,726133.0
1777089735.5224097,726430,726430.0
1777089745.738587,726569,726569.0
1777089765.5304172,726846,726846.0
1777089799.4667106,727336,727336.0
1777089820.541983,727640,727640.0
1777089833.2658463,727808,727808.0
1777089845.7336428,727977,727977.0
1777089877.5976462,728435,728435.0
1777089908.4257655,728875,728875.0
1777089931.093674,729191,729191.0
1777089953.601842,729505,729505.0
1777089967.733569,729706,729706.0
1777089993.7695098,730078,730078.0
1777090027.7776139,730570,730570.0
1777090059.6930778,731033,731033.0
1777090080.6686773,731329,731329.0
1777090099.3087916,731590,731590.0
1777090118.7848117,731868,731868.0
1777090137.8287652,732137,732137.0
1777090155.3207593,732377,732377.0
1777090168.5686824,732561,732561.0
1777090188.3366969,732837,732837.0
1777090220.9804351,733307,733307.0
1777090233.520453,733481,733481.0
1777090242.37211,733599,733599.0
1777090255.280257,733775,733775.0
1777090264.4639518,733895,733895.0
1777090291.1039095,734278,734278.0
1777090316.688054,734640,734640.0
1777090340.4481177,734973,734973.0
1777090361.503755,735273,735273.0
1777090375.3314888,735460,735460.0
1777090398.5077376,735789,735789.0
1777090421.2317524,736115,736115.0
1777090441.5716555,736397,736397.0
1777090456.0633113,736596,736596.0
1777090470.6150239,736802,736802.0
1777090484.8388152,737003,737003.0
1777090503.547405,737263,737263.0
1777090520.7390032,737504,737504.0
1777090541.3510284,737795,737795.0
1777090567.1065993,738161,738161.0
1777090579.7827864,738331,738331.0
1777090596.9827945,738576,738576.0
1777090612.33451,738785,738785.0
1777090636.6425424,739132,739132.0
1777090650.258399,739321,739321.0
1777090671.3265023,739619,739619.0
1777090686.2260883,739830,739830.0
1777090706.7341495,740116,740116.0
1777090740.1343563,740600,740600.0
1777090769.878044,741023,741023.0
1777090792.6696656,741348,741348.0
1777090820.1695263,741740,741740.0
1777090851.0935748,742180,742180.0
1777090875.5856433,742534,742534.0
1777090892.793349,742779,742779.0
1777090915.552893,743103,743103.0
1777090943.4212296,743503,743503.0
1777090959.1210127,743723,743723.0
1777090976.1970184,743962,743962.0
1777090998.8287632,744283,744283.0
1777091024.5567596,744657,744657.0
1777091039.456704,744858,744858.0
1777091051.8487659,745026,745026.0
1777091076.104776,745369,745369.0
1777091092.6124718,745596,745596.0
1777091111.8724313,745872,745872.0
1777091126.1645474,746066,746066.0
1777091141.396068,746281,746281.0
1777091167.8477747,746654,746654.0
1777091189.491889,746955,746955.0
1777091203.156047,747148,747148.0
1777091215.8477209,747314,747314.0
1777091242.0319085,747686,747686.0
1777091254.4157345,747856,747856.0
1777091261.5996957,747948,747948.0
1777091289.1516938,748341,748341.0
1777091312.5235949,748671,748671.0
1777091330.9993875,748929,748929.0
1777091343.0512953,749096,749096.0
1777091367.618845,749441,749441.0
1777091382.635283,749654,749654.0
1777091409.2187588,750034,750034.0
1777091431.6267493,750351,750351.0
1777091456.450789,750699,750699.0
1777091483.342772,751083,751083.0
1777091495.218637,751249,751249.0
1777091522.5944617,751640,751640.0
1777091547.2543964,751989,751989.0
1777091565.493865,752251,752251.0
1777091580.1185846,752448,752448.0
1777091601.430328,752748,752748.0
1777091610.7017927,752871,752871.0
1777091619.9539127,752993,752993.0
1777091641.013914,753289,753289.0
1777091671.7977877,753727,753727.0
1777091698.9898095,754115,754115.0
1777091748.273423,754832,754832.0
1777091764.0813408,755055,755055.0
1777091785.3893647,755351,755351.0
1777091804.0814247,755617,755617.0
1777091831.6810188,756009,756009.0
1777091862.9567761,756456,756456.0
1777091884.6488762,756761,756761.0
1777091909.024789,757107,757107.0
1777091924.3807156,757323,757323.0
1777091960.0485754,757838,757838.0
1777091975.4924254,758051,758051.0
1777092003.5160236,758452,758452.0
1777092020.1606703,758690,758690.0
1777092050.2321522,759119,759119.0
1777092079.7158134,759544,759544.0
1777092098.507943,759806,759806.0
1777092112.2915313,759989,759989.0
1777092123.9837453,760152,760152.0
1777092151.1277876,760540,760540.0
1777092162.8516443,760704,760704.0
1777092176.475576,760888,760888.0
1777092189.043542,761059,761059.0
1777092209.9191434,761356,761356.0
1777092226.4588754,761586,761586.0
1777092259.495342,762062,762062.0
1777092284.7349668,762420,762420.0
1777092305.0947988,762699,762699.0
1777092325.3027914,762982,762982.0
1777092343.9624968,763246,763246.0
1777092372.586587,763656,763656.0
1777092395.0466297,763970,763970.0
1777092416.8622277,764272,764272.0
1777092438.4784443,764584,764584.0
1777092472.697942,765072,765072.0
1777092492.9220135,765363,765363.0
1777092511.6821437,765624,765624.0
1777092533.9497416,765936,765936.0
1777092571.7417817,766479,766479.0
1777092593.2494195,766776,766776.0
1777092613.9255114,767073,767073.0
1777092624.949616,767220,767220.0
1777092644.7088418,767499,767499.0
1777092666.9488735,767810,767810.0
1777092688.6729522,768113,768113.0
1777092726.8930097,768669,768669.0
1777092735.956813,768789,768789.0
1777092747.2167473,768938,768938.0
1777092760.7169802,769123,769123.0
1777092777.2087045,769345,769345.0
1777092792.5326297,769563,769563.0
1777092807.2766516,769758,769758.0
1777092822.3926148,769972,769972.0
1777092840.6844406,770221,770221.0
1777092847.760546,770313,770313.0
1777092861.9360561,770506,770506.0
1777092896.8444853,771003,771003.0
1777092914.0680387,771250,771250.0
1777092935.8958604,771558,771558.0
1777092953.0358894,771798,771798.0
1777092990.5357802,772341,772341.0
1777093006.3436935,772564,772564.0
1777093024.6954324,772821,772821.0
1777093036.53551,772988,772988.0
1777093061.1630733,773336,773336.0
1777093074.1551652,773515,773515.0
1777093082.9867969,773635,773635.0
1777093099.0313377,773858,773858.0
1777093124.95498,774225,774225.0
1777093144.2949605,774489,774489.0
1777093168.4307668,774830,774830.0
1777093199.9905095,775277,775277.0
1777093232.8907979,775753,775753.0
1777093245.8905687,775935,775935.0
1777093260.5463831,776134,776134.0
1777093279.5904903,776407,776407.0
1777093291.9979844,776575,776575.0
1777093322.3579602,777013,777013.0
1777093339.5501328,777257,777257.0
1777093350.8057413,777407,777407.0
1777093361.6056702,777557,777557.0
1777093392.657703,778004,778004.0
1777093404.1097918,778151,778151.0
1777093416.5017784,778321,778321.0
1777093434.2735703,778566,778566.0
1777093478.4417055,779209,779209.0
1777093487.357378,779327,779327.0
1777093505.4171941,779574,779574.0
1777093527.824962,779888,779888.0
1777093556.3610137,780291,780291.0
1777093577.968777,780603,780603.0
1777093607.3087268,781022,781022.0
1777093636.8286638,781447,781447.0
1777093660.9203966,781789,781789.0
1777093682.8125656,782096,782096.0
1777093727.0961618,782740,782740.0
1777093745.5519283,782993,782993.0
1777093761.727752,783219,783219.0
1777093799.9477584,783762,783762.0
1777093820.6034856,784058,784058.0
1777093839.7477584,784328,784328.0
1777093864.3549116,784670,784670.0
1777093886.6312704,784984,784984.0
1777093916.7305996,785411,785411.0
1777093941.8067453,785774,785774.0
1777093969.482559,786171,786171.0
1777093991.77467,786484,786484.0
1777094017.8385792,786851,786851.0
1777094033.938505,787079,787079.0
1777094054.9503827,787373,787373.0
1777094099.8737988,788019,788019.0
1777094110.642036,788166,788166.0
1777094129.9976807,788431,788431.0
1777094137.2497194,788521,788521.0
1777094159.849546,788841,788841.0
1777094180.2937908,789134,789134.0
1777094191.7096694,789280,789280.0
1777094218.8095522,789668,789668.0
1777094249.2488685,790097,790097.0
1777094275.5411866,790475,790475.0
1777094296.3851655,790770,790770.0
1777094328.1007082,791220,791220.0
1777094356.8288162,791625,791625.0
1777094375.3006947,791880,791880.0
1777094391.0287273,792100,792100.0
1777094408.420531,792344,792344.0
1777094417.0684874,792462,792462.0
1777094431.4963512,792661,792661.0
1777094455.904028,793008,793008.0
1777094465.1120052,793128,793128.0
1777094492.4036858,793519,793519.0
1777094535.4878194,794146,794146.0
1777094558.6116037,794471,794471.0
1777094569.7717614,794619,794619.0
1777094594.947681,794977,794977.0
1777094617.9713025,795304,795304.0
1777094634.1633255,795533,795533.0
1777094652.1871777,795780,795780.0
1777094666.7787762,795979,795979.0
1777094680.979194,796174,796174.0
1777094696.0075326,796387,796387.0
1777094716.0828838,796667,796667.0
1777094747.7828197,797121,797121.0
1777094757.2067852,797237,797237.0
1777094787.6509278,797668,797668.0
1777094803.4665108,797893,797893.0
1777094828.4662743,798251,798251.0
1777094858.2744598,798675,798675.0
1777094885.698239,799062,799062.0
1777094898.1417747,799235,799235.0
1777094911.58199,799416,799416.0
1777094937.2577677,799782,799782.0
1777094954.5655162,800030,800030.0
1777094970.0776846,800245,800245.0
1777094995.7855346,800617,800617.0
1777095017.9777167,800934,800934.0
1777095035.9692643,801180,801180.0
1777095057.1449282,801474,801474.0
1777095077.5692463,801769,801769.0
1777095107.3932111,802190,802190.0
1777095126.9528458,802465,802465.0
1777095147.2767117,802747,802747.0
1777095160.2524872,802928,802928.0
1777095170.568721,803068,803068.0
1777095194.4047499,803406,803406.0
1777095232.7203932,803961,803961.0
1777095256.2638776,804288,804288.0
1777095281.7722373,804648,804648.0
1777095309.4956913,805040,805040.0
1777095346.1956668,805574,805574.0
1777095365.8557384,805850,805850.0
1777095376.9158745,805999,805999.0
1777095401.0556755,806335,806335.0
1777095429.9157608,806747,806747.0
1777095445.1557148,806958,806958.0
1777095489.1912007,807592,807592.0
1777095515.238829,807962,807962.0
1777095536.731104,808268,808268.0
1777095558.5067427,808577,808577.0
1777095572.7227385,808769,808769.0
1777095589.6505823,809011,809011.0
1777095612.2265415,809331,809331.0
1777095648.342571,809853,809853.0
1777095672.3023188,810186,810186.0
1777095686.474423,810382,810382.0
1777095717.7098403,810826,810826.0
1777095735.157825,811072,811072.0
1777095762.6778553,811461,811461.0
1777095785.3018563,811778,811778.0
1777095809.7777402,812124,812124.0
1777095834.1178186,812476,812476.0
1777095865.2855895,812927,812927.0
1777095885.1770844,813201,813201.0
1777095902.5053484,813441,813441.0
1777095922.7772174,813731,813731.0
1777095946.0528624,814060,814060.0
1777095982.3212945,814583,814583.0
1777096009.3129108,814964,814964.0
1777096031.1366653,815264,815264.0
1777096044.1487496,815443,815443.0
1777096069.2047775,815801,815801.0
1777096099.464182,816231,816231.0
1777096137.063991,816775,816775.0
1777096165.264114,817175,817175.0
1777096178.4799795,817354,817354.0
1777096195.9559438,817604,817604.0
1777096210.9996397,817810,817810.0
1777096238.3917434,818204,818204.0
1777096263.9397635,818566,818566.0
1777096281.2916925,818811,818811.0
1777096313.991033,819280,819280.0
1777096338.4993708,819621,819621.0
1777096376.5508296,820169,820169.0
1777096419.0352726,820779,820779.0
1777096436.1108377,821020,821020.0
1777096443.394662,821112,821112.0
1777096459.3186865,821334,821334.0
1777096480.010716,821627,821627.0
1777096501.6867552,821930,821930.0
1777096508.6107738,822022,822022.0
1777096522.610602,822220,822220.0
1777096540.886542,822478,822478.0
1777096562.3938413,822781,822781.0
1777096588.7618024,823155,823155.0
1777096605.8299658,823399,823399.0
1777096635.8459034,823829,823829.0
1777096659.853846,824167,824167.0
1777096683.6058078,824502,824502.0
1777096705.4697342,824816,824816.0
1777096720.2816987,825022,825022.0
1777096730.9374464,825170,825170.0
1777096758.0133488,825554,825554.0
1777096797.4296818,826123,826123.0
1777096817.557174,826402,826402.0
1777096833.380807,826619,826619.0
1777096845.3806825,826787,826787.0
1777096852.4568365,826877,826877.0
1777096888.0485861,827386,827386.0
1777096906.8084733,827652,827652.0
1777096937.7407038,828096,828096.0
1777096954.4485986,828327,828327.0
1777096976.8082116,828651,828651.0
1777096991.1998727,828845,828845.0
1777097018.2758415,829226,829226.0
1777097040.215893,829538,829538.0
1777097054.1597965,829726,829726.0
1777097080.6836545,830099,830099.0
1777097099.5076861,830365,830365.0
1777097117.5517685,830615,830615.0
1777097137.659643,830897,830897.0
1777097154.519631,831138,831138.0
1777097175.5273407,831428,831428.0
1777097193.995406,831683,831683.0
1777097217.6948736,832024,832024.0
1777097238.7509284,832321,832321.0
1777097251.6871269,832503,832503.0
1777097273.262704,832803,832803.0
1777097288.3189504,833005,833005.0
1777097301.6787336,833191,833191.0
1777097329.1867273,833581,833581.0
1777097350.4627454,833880,833880.0
1777097374.3783383,834218,834218.0
1777097385.3464985,834369,834369.0
1777097411.9540672,834743,834743.0
1777097440.438039,835146,835146.0
1777097449.3704624,835268,835268.0
1777097478.4058063,835680,835680.0
1777097504.7137814,836050,836050.0
1777097529.8899662,836408,836408.0
1777097551.4657302,836716,836716.0
1777097566.78964,836930,836930.0
1777097587.3973002,837215,837215.0
1777097617.9970374,837650,837650.0
1777097644.4089296,838021,838021.0
1777097658.3410196,838218,838218.0
1777097684.1728997,838586,838586.0
1777097713.3007603,839001,839001.0
1777097728.7927148,839219,839219.0
1777097752.0688694,839546,839546.0
1777097774.976767,839867,839867.0
1777097787.7002916,840046,840046.0
1777097812.3604076,840397,840397.0
1777097827.0845227,840600,840600.0
1777097847.191824,840884,840884.0
1777097875.1998296,841283,841283.0
1777097899.3119395,841625,841625.0
1777097929.3278034,842053,842053.0
1777097958.1878386,842462,842462.0
1777097976.6716058,842722,842722.0
1777098007.4276927,843159,843159.0
1777098026.2868564,843430,843430.0
1777098050.4628596,843776,843776.0
1777098066.603021,843994,843994.0
1777098086.6631246,844283,844283.0
1777098096.2789624,844403,844403.0
1777098115.9388301,844686,844686.0
1777098131.7787776,844904,844904.0
1777098163.7707524,845365,845365.0
1777098192.6065533,845777,845777.0
1777098216.1144328,846107,846107.0
1777098225.0625136,846229,846229.0
1777098248.2822711,846556,846556.0
1777098264.0138125,846773,846773.0
1777098289.6662557,847138,847138.0
1777098327.989793,847693,847693.0
1777098359.9577441,848154,848154.0
1777098371.0977156,848302,848302.0
1777098389.8417346,848564,848564.0
1777098415.9815485,848932,848932.0
1777098430.973424,849140,849140.0
1777098456.184857,849498,849498.0
1777098488.376721,849960,849960.0
1777098501.7690954,850148,850148.0
1777098509.0689824,850240,850240.0
1777098527.9769328,850503,850503.0
1777098567.0447214,851070,851070.0
1777098606.7447112,851636,851636.0
1777098633.2764513,852022,852022.0
1777098651.7604084,852277,852277.0
1777098680.9759269,852696,852696.0
1777098718.079666,853232,853232.0
1777098743.4359953,853592,853592.0
1777098756.3440835,853766,853766.0
1777098775.2876477,854032,854032.0
1777098793.6636474,854287,854287.0
1777098824.1032665,854727,854727.0
1777098846.5714967,855041,855041.0
1777098863.4389656,855277,855277.0
1777098887.647357,855622,855622.0
1777098904.0388303,855855,855855.0
1777098924.846996,856145,856145.0
1777098931.779115,856237,856237.0
1777098955.646676,856575,856575.0
1777098976.3224518,856863,856863.0
1777098997.5305266,857159,857159.0
1777099039.3987029,857769,857769.0
1777099068.9743311,858192,858192.0
1777099097.7065618,858605,858605.0
1777099134.2819085,859129,859129.0
1777099152.8739066,859387,859387.0
1777099176.501729,859724,859724.0
1777099204.1177218,860123,860123.0
1777099239.917745,860629,860629.0
1777099269.9094057,861053,861053.0
1777099281.701779,861214,861214.0
1777099303.6450312,861523,861523.0
1777099319.2450433,861740,861740.0
1777099346.4086747,862132,862132.0
1777099367.9207654,862436,862436.0
1777099385.392733,862684,862684.0
1777099405.6207268,862974,862974.0
1777099424.3287036,863232,863232.0
1777099445.9887614,863535,863535.0
1777099467.6443205,863844,863844.0
1777099481.144494,864022,864022.0
1777099491.2723317,864162,864162.0
1777099516.9961956,864525,864525.0
1777099533.3557224,864753,864753.0
1777099554.9798675,865056,865056.0
1777099588.7476711,865545,865545.0
1777099628.6957364,866115,866115.0
1777099660.155656,866562,866562.0
1777099683.3154743,866898,866898.0
1777099704.7828553,867200,867200.0
1777099723.722959,867467,867467.0
1777099747.1147974,867805,867805.0
1777099758.0466857,867951,867951.0
1777099780.9384012,868272,868272.0
1777099804.682269,868615,868615.0
1777099827.366583,868931,868931.0
1777099847.1059916,869210,869210.0
1777099884.0180705,869743,869743.0
1777099908.8817103,870095,870095.0
1777099926.849757,870351,870351.0
1777099954.4494236,870746,870746.0
1777099965.7496846,870896,870896.0
1777099978.5413573,871075,871075.0
1777099996.6854215,871323,871323.0
1777100023.3407652,871702,871702.0
1777100044.6849365,872008,872008.0
1777100058.3609984,872193,872193.0
1777100083.5287726,872546,872546.0
1777100116.036497,873014,873014.0
1777100137.8124375,873324,873324.0
1777100155.568432,873568,873568.0
1777100183.0959,873959,873959.0
1777100201.8038538,874219,874219.0
1777100212.8960197,874368,874368.0
1777100251.0635529,874915,874915.0
1777100265.3798478,875105,875105.0
1777100284.2357614,875376,875376.0
1777100310.479595,875752,875752.0
1777100351.0473883,876332,876332.0
1777100374.414904,876664,876664.0
1777100400.3231525,877028,877028.0
1777100407.2546287,877120,877120.0
1777100424.8786554,877361,877361.0
1777100448.1066778,877689,877689.0
1777100470.4825654,878002,878002.0
1777100487.5386293,878242,878242.0
1777100517.9739575,878682,878682.0
1777100539.730045,878986,878986.0
1777100560.9057682,879282,879282.0
1777100590.1139963,879699,879699.0
1777100611.8416922,880009,880009.0
1777100640.8576913,880427,880427.0
1777100670.2175076,880844,880844.0
1777100702.9652846,881311,881311.0
1777100730.7929318,881708,881708.0
1777100762.8610473,882171,882171.0
1777100783.932663,882467,882467.0
1777100797.3247116,882657,882657.0
1777100830.016607,883120,883120.0
1777100857.4924908,883516,883516.0
1777100885.628403,883919,883919.0
1777100912.8357615,884308,884308.0
1777100943.0679035,884737,884737.0
1777100966.5436063,885068,885068.0
1777100977.4957123,885217,885217.0
1777100987.7198164,885353,885353.0
1777101005.6638083,885609,885609.0
1777101039.6716807,886094,886094.0
1777101063.0194833,886427,886427.0
1777101093.0309374,886852,886852.0
1777101102.1390197,886970,886970.0
1777101126.8629313,887329,887329.0
1777101136.3067315,887451,887451.0
1777101148.606635,887621,887621.0
1777101155.6706967,887713,887713.0
1777101188.0387304,888177,888177.0
1777101199.3907182,888326,888326.0
1777101221.4626832,888639,888639.0
1777101242.598543,888944,888944.0
1777101263.4583156,889238,889238.0
1777101292.8499863,889660,889660.0
1777101315.1422215,889976,889976.0
1777101325.6659458,890119,890119.0
1777101349.6056838,890455,890455.0
1777101367.7177637,890715,890715.0
1777101379.049782,890866,890866.0
1777101401.201602,891179,891179.0
1777101424.8575587,891518,891518.0
1777101452.765019,891913,891913.0
1777101485.2848716,892380,892380.0
1777101506.9408002,892685,892685.0
1777101530.000913,893011,893011.0
1777101558.8085916,893420,893420.0
1777101578.400571,893698,893698.0
1777101601.1767273,894019,894019.0
1777101613.9365551,894187,894187.0
1777101634.3926818,894482,894482.0
1777101652.0038893,894724,894724.0
1777101677.727749,895083,895083.0
1777101700.768722,895406,895406.0
1777101721.4602094,895697,895697.0
1777101748.8957357,896090,896090.0
1777101769.8038285,896386,896386.0
1777101791.0635345,896682,896682.0
1777101811.0033343,896963,896963.0
1777101833.5796337,897279,897279.0
1777101853.139305,897553,897553.0
1777101880.815002,897944,897944.0
1777101908.5871496,898346,898346.0
1777101921.6467495,898514,898514.0
1777101936.922844,898727,898727.0
1777101973.4067502,899247,899247.0
1777101997.514433,899590,899590.0
1777102019.7586489,899904,899904.0
1777102048.1498673,900309,900309.0
1777102074.7138534,900688,900688.0
1777102108.0577843,901169,901169.0
1777102133.073898,901527,901527.0
1777102144.009692,901680,901680.0
1777102156.401793,901846,901846.0
1777102181.2576199,902199,902199.0
1777102205.033588,902541,902541.0
1777102226.0575716,902838,902838.0
1777102234.8015916,902956,902956.0
1777102247.3488941,903125,903125.0
1777102285.8689523,903684,903684.0
1777102297.7928123,903851,903851.0
1777102310.124749,904017,904017.0
1777102328.4009368,904278,904278.0
1777102354.0767086,904643,904643.0
1777102384.012742,905068,905068.0
1777102397.2845879,905246,905246.0
1777102408.084551,905394,905394.0
1777102436.8041902,905804,905804.0
1777102459.2118442,906115,906115.0
1777102479.0721023,906398,906398.0
1777102515.0637753,906909,906909.0
1777102535.035773,907190,907190.0
1777102574.619725,907756,907756.0
1777102598.9396698,908103,908103.0
1777102619.7634063,908393,908393.0
1777102661.6988652,908998,908998.0
1777102688.0070448,909381,909381.0
1777102720.0908773,909838,909838.0
1777102733.0387707,910008,910008.0
1777102756.9907265,910349,910349.0
1777102772.0584922,910563,910563.0
1777102787.750778,910779,910779.0
1777102816.5225072,911183,911183.0
1777102842.4579597,911552,911552.0
1777102872.989932,911986,911986.0
1777102912.3816345,912560,912560.0
1777102927.109755,912762,912762.0
1777102946.165755,913024,913024.0
1777102966.8776727,913312,913312.0
1777103005.0415409,913855,913855.0
1777103018.7775772,914049,914049.0
1777103045.0449884,914421,914421.0
1777103071.1369889,914790,914790.0
1777103096.8767724,915157,915157.0
1777103103.7926486,915249,915249.0
1777103132.0607991,915653,915653.0
1777103161.820713,916081,916081.0
1777103182.412599,916370,916370.0
1777103201.1367078,916635,916635.0
1777103223.312303,916945,916945.0
1777103257.3958068,917436,917436.0
1777103271.8039126,917632,917632.0
1777103287.195676,917845,917845.0
1777103307.6397848,918125,918125.0
1777103326.247766,918385,918385.0
1777103356.187698,918815,918815.0
1777103397.6869786,919412,919412.0
1777103423.2790406,919770,919770.0
1777103442.4153795,920033,920033.0
1777103470.238774,920433,920433.0
1777103493.798795,920767,920767.0
1777103509.2228734,920980,920980.0
1777103544.6987224,921492,921492.0
1777103576.3827538,921949,921949.0
1777103583.3824625,922041,922041.0
1777103590.3064656,922133,922133.0
1777103599.3264205,922253,922253.0
1777103606.225977,922345,922345.0
1777103629.7343602,922680,922680.0
1777103662.3660498,923145,923145.0
1777103684.0417945,923450,923450.0
1777103710.033691,923824,923824.0
1777103737.3855937,924210,924210.0
1777103754.9775572,924452,924452.0
1777103763.8935947,924572,924572.0
1777103797.825247,925060,925060.0
1777103811.668955,925250,925250.0
1777103835.5770357,925585,925585.0
1777103868.0529408,926050,926050.0
1777103885.2610085,926293,926293.0
1777103914.060996,926707,926707.0
1777103936.589011,927021,927021.0
1777103962.6813796,927394,927394.0
1777103984.9050503,927705,927705.0
1777104011.2291017,928083,928083.0
1777104035.1207805,928424,928424.0
1777104060.3045654,928778,928778.0
1777104077.7327769,929022,929022.0
1777104103.5045588,929392,929392.0
1777104127.648846,929734,929734.0
1777104139.8568435,929900,929900.0
1777104153.4727178,930093,930093.0
1777104164.8643959,930243,930243.0
1777104180.2246177,930457,930457.0
1777104211.848076,930907,930907.0
1777104252.3840635,931497,931497.0
1777104272.592012,931775,931775.0
1777104292.8677633,932056,932056.0
1777104309.107824,932286,932286.0
1777104334.4838514,932648,932648.0
1777104361.9518483,933041,933041.0
1777104393.3599594,933490,933490.0
1777104419.1357174,933858,933858.0
1777104442.4875498,934185,934185.0
1777104451.2876363,934301,934301.0
1777104485.6194372,934798,934798.0
1777104527.4550467,935397,935397.0
1777104552.5269823,935757,935757.0
1777104572.4188976,936034,936034.0
1777104601.7950087,936455,936455.0
1777104633.030788,936906,936906.0
1777104649.4547894,937135,937135.0
1777104659.8067293,937273,937273.0
1777104675.854553,937494,937494.0
1777104696.3704972,937788,937788.0
1777104716.0145543,938065,938065.0
1777104726.774634,938215,938215.0
1777104748.1979756,938518,938518.0
1777104771.1382997,938840,938840.0
1777104806.0900116,939343,939343.0
1777104831.1980138,939699,939699.0
1777104846.441975,939913,939913.0
1777104866.6338289,940192,940192.0
1777104888.6259768,940504,940504.0
1777104910.149789,940814,940814.0
1777104945.209395,941317,941317.0
1777104966.8095634,941624,941624.0
1777105007.624819,942208,942208.0
1777105047.9769738,942793,942793.0
1777105067.4768643,943067,943067.0
1777105091.161105,943410,943410.0
1777105124.168844,943883,943883.0
1777105148.2922688,944223,944223.0
1777105170.3281665,944529,944529.0
1777105183.176663,944708,944708.0
1777105216.0960505,945178,945178.0
1777105262.46377,945850,945850.0
1777105297.8279872,946357,946357.0
1777105329.1196718,946808,946808.0
1777105343.979721,947008,947008.0
1777105368.1474931,947351,947351.0
1777105393.287514,947716,947716.0
1777105411.0076478,947962,947962.0
1777105443.4709046,948422,948422.0
1777105470.7628503,948811,948811.0
1777105499.6311417,949223,949223.0
1777105520.306912,949513,949513.0
1777105563.023176,950129,950129.0
1777105579.4508042,950352,950352.0
1777105596.5746791,950597,950597.0
1777105630.3186595,951085,951085.0
1777105654.8344824,951436,951436.0
1777105682.5264645,951832,951832.0
1777105711.149822,952241,952241.0
1777105734.6261756,952575,952575.0
1777105747.269643,952752,952752.0
1777105765.409942,952997,952997.0
1777105781.60176,953223,953223.0
1777105798.2935622,953449,953449.0
1777105830.1015627,953899,953899.0
1777105860.0855808,954330,954330.0
1777105892.4773586,954786,954786.0
1777105909.4128263,955015,955015.0
1777105937.8534338,955416,955416.0
1777105958.0449483,955704,955704.0
1777105974.528991,955932,955932.0
1777106006.612781,956390,956390.0
1777106030.7205763,956726,956726.0
1777106060.4208164,957149,957149.0
1777106088.3968046,957548,957548.0
1777106115.1248264,957937,957937.0
1777106135.3803601,958222,958222.0
1777106149.488397,958415,958415.0
1777106165.9800882,958648,958648.0
1777106191.9400506,959016,959016.0
1777106209.0836642,959253,959253.0
1777106235.0077612,959628,959628.0
1777106256.8997695,959935,959935.0
1777106277.7397237,960231,960231.0
1777106305.5236526,960626,960626.0
1777106338.3156166,961100,961100.0
1777106354.3075008,961327,961327.0
1777106383.4915605,961742,961742.0
1777106421.2348542,962278,962278.0
1777106444.6510172,962611,962611.0
1777106482.4788728,963152,963152.0
1777106505.762597,963487,963487.0
1777106522.3628423,963711,963711.0
1777106562.7625337,964295,964295.0
1777106595.4939148,964766,964766.0
1777106617.701857,965082,965082.0
1777106660.2220387,965696,965696.0
1777106696.2219634,966212,966212.0
1777106717.7057219,966513,966513.0
1777106738.1736314,966805,966805.0
1777106771.7737172,967290,967290.0
1777106797.5132313,967653,967653.0
1777106821.2049584,967985,967985.0
1777106842.4968643,968282,968282.0
1777106863.27338,968578,968578.0
1777106891.1088786,968974,968974.0
1777106913.4326882,969282,969282.0
1777106933.2566988,969558,969558.0
1777106963.0649874,969987,969987.0
1777106990.2486663,970375,970375.0
1777107006.3846087,970604,970604.0
1777107025.4241884,970869,970869.0
1777107051.9446573,971245,971245.0
1777107080.4164562,971654,971654.0
1777107100.743759,971947,971947.0
1777107131.2998953,972388,972388.0
1777107153.7836406,972701,972701.0
1777107182.1957626,973110,973110.0
1777107221.4116514,973675,973675.0
1777107243.851466,973990,973990.0
1777107262.5435984,974253,974253.0
1777107285.5352378,974585,974585.0
1777107309.8473108,974923,974923.0
1777107343.6307874,975410,975410.0
1777107379.2628005,975916,975916.0
1777107404.0545955,976275,976275.0
1777107420.3787951,976498,976498.0
1777107447.590696,976882,976882.0
1777107478.4742918,977325,977325.0
1777107506.065902,977720,977720.0
1777107539.9978664,978210,978210.0
1777107566.905931,978592,978592.0
1777107590.4981463,978924,978924.0
1777107603.041875,979093,979093.0
1777107614.4257996,979246,979246.0
1777107641.789675,979637,979637.0
1777107659.9177926,979890,979890.0
1777107676.033688,980120,980120.0
1777107697.4732454,980425,980425.0
1777107721.7091818,980769,980769.0
1777107753.0169737,981218,981218.0
1777107782.533019,981641,981641.0
1777107822.501015,982219,982219.0
1777107844.2286747,982521,982521.0
1777107874.1847556,982944,982944.0
1777107890.4601588,983171,983171.0
1777107923.9117942,983650,983650.0
1777107940.795947,983886,983886.0
1777107968.327721,984281,984281.0
1777107991.5516937,984608,984608.0
1777108018.5954936,984993,984993.0
1777108046.0949504,985383,985383.0
1777108092.36308,986057,986057.0
1777108111.2704926,986317,986317.0
1777108139.3944821,986716,986716.0
1777108173.3304946,987204,987204.0
1777108210.981811,987746,987746.0
1777108229.9539273,988007,988007.0
1777108260.1977487,988439,988439.0
1777108288.5297043,988841,988841.0
1777108305.2655697,989080,989080.0
1777108332.580944,989472,989472.0
1777108353.8409054,989766,989766.0
1777108390.3887305,990298,990298.0
1777108405.6166353,990508,990508.0
1777108418.0807586,990683,990683.0
1777108443.7407122,991046,991046.0
1777108472.5083163,991457,991457.0
1777108503.8326654,991904,991904.0
1777108543.6680129,992479,992479.0
1777108571.1158674,992872,992872.0
1777108589.7600484,993130,993130.0
1777108611.2514133,993427,993427.0
1777108644.8275163,993912,993912.0
1777108672.1431632,994302,994302.0
1777108691.5350714,994581,994581.0
1777108702.819041,994729,994729.0
1777108739.5186825,995253,995253.0
1777108770.3624833,995696,995696.0
1777108793.7945912,996027,996027.0
1777108807.778616,996224,996224.0
1777108826.2866359,996483,996483.0
1777108840.8786683,996687,996687.0
1777108869.7861273,997094,997094.0
1777108891.9939842,997405,997405.0
1777108929.2297752,997945,997945.0
1777108969.9296224,998527,998527.0
1777109016.45758,999199,999199.0
1777109052.81378,999722,999722.0
1777109081.4360316,1000077,1000077.0
1777109106.9050803,1000440,1000440.0
1777109136.8089118,1000865,1000865.0
1777109151.1006265,1001063,1001063.0
1777109161.3807104,1001201,1001201.0
1777109184.0564318,1001516,1001516.0
1777109205.3324351,1001823,1001823.0
1777109227.192441,1002131,1002131.0
1777109250.7002203,1002459,1002459.0
1777109269.7922997,1002734,1002734.0
1777109284.699854,1002938,1002938.0
1777109306.5998333,1003247,1003247.0
1777109319.483847,1003424,1003424.0
1777109348.5438447,1003835,1003835.0
1777109367.6357296,1004097,1004097.0
1777109403.1352398,1004601,1004601.0
1777109440.2349226,1005139,1005139.0
1777109462.6110008,1005448,1005448.0
1777109492.7351055,1005875,1005875.0
1777109524.5868022,1006332,1006332.0
1777109564.2387817,1006904,1006904.0
1777109596.5944204,1007368,1007368.0
1777109622.8139694,1007736,1007736.0
1777109655.721903,1008206,1008206.0
1777109678.514028,1008526,1008526.0
1777109703.2137778,1008872,1008872.0
1777109731.4536815,1009276,1009276.0
1777109759.4457662,1009670,1009670.0
1777109788.113794,1010077,1010077.0
1777109812.789471,1010428,1010428.0
1777109830.8648095,1010685,1010685.0
1777109863.389232,1011151,1011151.0
1777109888.0568993,1011495,1011495.0
1777109911.2646766,1011822,1011822.0
1777109942.0245893,1012266,1012266.0
1777109969.392509,1012655,1012655.0
1777109995.9165385,1013034,1013034.0
1777110008.260499,1013202,1013202.0
1777110038.8525257,1013641,1013641.0
1777110069.1680357,1014075,1014075.0
1777110091.6284614,1014394,1014394.0
1777110105.559934,1014590,1014590.0
1777110145.3278296,1015158,1015158.0
1777110192.2197952,1015843,1015843.0
1777110219.0117064,1016220,1016220.0
1777110235.136051,1016439,1016439.0
1777110272.5717213,1016979,1016979.0
1777110299.5277483,1017362,1017362.0
1777110315.2037404,1017583,1017583.0
1777110343.0476139,1017975,1017975.0
1777110376.415196,1018454,1018454.0
1777110413.9309447,1018989,1018989.0
1777110440.7396243,1019377,1019377.0
1777110461.2631648,1019661,1019661.0
1777110482.923123,1019964,1019964.0
1777110510.2148378,1020348,1020348.0
1777110538.9149597,1020761,1020761.0
1777110573.6507566,1021256,1021256.0
1777110601.9267015,1021656,1021656.0
1777110619.6187282,1021909,1021909.0
1777110647.142552,1022303,1022303.0
1777110678.9938428,1022762,1022762.0
1777110702.1658823,1023090,1023090.0
1777110727.8941185,1023460,1023460.0
1777110746.249941,1023716,1023716.0
1777110764.1260984,1023966,1023966.0
1777110808.909898,1024613,1024613.0
1777110834.0375876,1024965,1024965.0
1777110854.4933963,1025259,1025259.0
1777110878.5296748,1025594,1025594.0
1777110906.8215122,1025993,1025993.0
1777110941.6690307,1026494,1026494.0
1777110965.6969817,1026836,1026836.0
1777110993.9369462,1027233,1027233.0
1777111028.0049698,1027725,1027725.0
1777111058.6726933,1028165,1028165.0
1777111089.3965998,1028607,1028607.0
1777111101.5567265,1028773,1028773.0
1777111136.3479679,1029269,1029269.0
1777111161.363898,1029631,1029631.0
1777111196.4479814,1030128,1030128.0
1777111223.4557917,1030513,1030513.0
1777111250.46789,1030906,1030906.0
1777111277.6757836,1031289,1031289.0
1777111298.6675677,1031583,1031583.0
1777111323.2355852,1031932,1031932.0
1777111348.459429,1032291,1032291.0
1777111384.1271183,1032806,1032806.0
1777111398.3912594,1033007,1033007.0
1777111428.226936,1033430,1033430.0
1777111441.1751041,1033602,1033602.0
1777111457.1869857,1033830,1033830.0
1777111479.2947912,1034142,1034142.0
1777111507.126647,1034534,1034534.0
1777111546.5266204,1035105,1035105.0
1777111576.2866116,1035531,1035531.0
1777111616.8865795,1036113,1036113.0
1777111658.9861712,1036726,1036726.0
1777111694.4537554,1037232,1037232.0
1777111730.373519,1037748,1037748.0
1777111760.197808,1038177,1038177.0
1777111809.3734193,1038889,1038889.0
1777111841.9488158,1039353,1039353.0
1777111872.0649996,1039786,1039786.0
1777111896.2089849,1040129,1040129.0
1777111936.1086736,1040703,1040703.0
1777111969.3925242,1041183,1041183.0
1777111992.4485557,1041509,1041509.0
1777112011.540169,1041768,1041768.0
1777112037.2518618,1042131,1042131.0
1777112070.1998608,1042602,1042602.0
1777112087.8677602,1042852,1042852.0
1777112111.3517044,1043186,1043186.0
1777112138.0915697,1043565,1043565.0
1777112172.727744,1044059,1044059.0
1777112202.4875286,1044483,1044483.0
1777112218.6427588,1044709,1044709.0
1777112236.634868,1044966,1044966.0
1777112255.8790817,1045236,1045236.0
1777112273.9033704,1045494,1045494.0
1777112288.0546715,1045690,1045690.0
1777112320.3708014,1046157,1046157.0
1777112356.1026092,1046666,1046666.0
1777112390.29454,1047158,1047158.0
1777112427.7380738,1047693,1047693.0
1777112456.1819444,1048097,1048097.0
1777112474.4616907,1048358,1048358.0
1777112495.9297998,1048662,1048662.0
1777112517.5737185,1048968,1048968.0
1777112536.8814359,1049243,1049243.0
1777112563.0213654,1049608,1049608.0
1777112589.249501,1049984,1049984.0
1777112621.4169464,1050446,1050446.0
1777112637.4729125,1050669,1050669.0
1777112665.1568387,1051062,1051062.0
1777112686.2247696,1051359,1051359.0
1777112714.5844665,1051766,1051766.0
1777112738.368565,1052099,1052099.0
1777112766.7246475,1052501,1052501.0
1777112795.5999324,1052912,1052912.0
1777112822.2520213,1053290,1053290.0
1777112843.1281636,1053591,1053591.0
1777112871.483753,1053994,1053994.0
1777112895.4116445,1054327,1054327.0
1777112932.6756797,1054863,1054863.0
1777112954.3191986,1055164,1055164.0
1777112986.935145,1055633,1055633.0
1777113003.6430311,1055863,1055863.0
1777113022.2347858,1056123,1056123.0
1777113054.1108172,1056574,1056574.0
1777113075.070842,1056870,1056870.0
1777113105.586697,1057308,1057308.0
1777113148.5387173,1057922,1057922.0
1777113187.6218357,1058486,1058486.0
1777113217.7139804,1058911,1058911.0
1777113242.314299,1059256,1059256.0
1777113255.0458615,1059435,1059435.0
1777113281.8375778,1059812,1059812.0
1777113310.2575564,1060220,1060220.0
1777113336.1813395,1060588,1060588.0
1777113358.1734948,1060898,1060898.0
1777113379.7650375,1061210,1061210.0
1777113414.3650234,1061708,1061708.0
1777113455.2168274,1062289,1062289.0
1777113471.2407796,1062512,1062512.0
1777113502.9847057,1062968,1062968.0
1777113512.040445,1063088,1063088.0
1777113524.724739,1063267,1063267.0
1777113550.4445093,1063631,1063631.0
1777113588.3078449,1064174,1064174.0
1777113619.8200653,1064625,1064625.0
1777113638.9918036,1064894,1064894.0
1777113665.1839824,1065259,1065259.0
1777113688.7874718,1065592,1065592.0
1777113711.37965,1065913,1065913.0
1777113724.8438766,1066096,1066096.0
1777113746.3195798,1066398,1066398.0
1777113765.9634745,1066679,1066679.0
1777113776.9190588,1066824,1066824.0
1777113816.355519,1067392,1067392.0
1777113850.0307555,1067880,1067880.0
1777113868.0388503,1068130,1068130.0
1777113898.4387314,1068568,1068568.0
1777113929.1147377,1069005,1069005.0
1777113954.0307314,1069363,1069363.0
1777113978.5223894,1069708,1069708.0
1777113990.9984505,1069875,1069875.0
1777114021.306181,1070308,1070308.0
1777114045.8498611,1070664,1070664.0
1777114081.0818348,1071171,1071171.0
1777114113.141851,1071632,1071632.0
1777114145.741532,1072101,1072101.0
1777114176.0096335,1072534,1072534.0
1777114207.3653738,1072982,1072982.0
1777114224.8572462,1073229,1073229.0
1777114244.1490512,1073497,1073497.0
1777114260.3090084,1073717,1073717.0
1777114285.2327754,1074076,1074076.0
1777114313.376981,1074478,1074478.0
1777114337.660511,1074818,1074818.0
1777114365.6683996,1075216,1075216.0
1777114395.5765333,1075644,1075644.0
1777114432.7279007,1076178,1076178.0
1777114456.6197853,1076513,1076513.0
1777114483.7878447,1076901,1076901.0
1777114504.11154,1077184,1077184.0
1777114528.3877113,1077531,1077531.0
1777114559.871693,1077984,1077984.0
1777114582.8474755,1078312,1078312.0
1777114598.5635083,1078526,1078526.0
1777114607.6235566,1078646,1078646.0
1777114635.7632055,1079051,1079051.0
1777114662.8468268,1079431,1079431.0
1777114685.5707452,1079751,1079751.0
1777114708.7469163,1080076,1080076.0
1777114743.0467823,1080565,1080565.0
1777114781.422269,1081121,1081121.0
1777114808.0905313,1081502,1081502.0
1777114835.2343788,1081884,1081884.0
1777114852.7064478,1082129,1082129.0
1777114876.2977605,1082463,1082463.0
1777114917.5816388,1083060,1083060.0
1777114940.8937511,1083392,1083392.0
1777114972.7577367,1083849,1083849.0
1777115001.733551,1084258,1084258.0
1777115034.6533508,1084732,1084732.0
1777115075.3173532,1085316,1085316.0
1777115104.4774709,1085734,1085734.0
1777115127.89261,1086058,1086058.0
1777115155.4367306,1086458,1086458.0
1777115179.6885889,1086800,1086800.0
1777115199.420578,1087078,1087078.0
1777115232.3045907,1087548,1087548.0
1777115253.796196,1087843,1087843.0
1777115279.8637948,1088214,1088214.0
1777115294.8479035,1088426,1088426.0
1777115315.7879033,1088720,1088720.0
1777115331.8117616,1088944,1088944.0
1777115362.7878132,1089390,1089390.0
1777115392.0876842,1089806,1089806.0
1777115421.8476036,1090237,1090237.0
1777115459.5834239,1090777,1090777.0
1777115484.60673,1091137,1091137.0
1777115510.3471286,1091502,1091502.0
1777115540.9508183,1091940,1091940.0
1777115567.5588028,1092318,1092318.0
1777115584.1987166,1092548,1092548.0
1777115599.4427476,1092764,1092764.0
1777115628.8506458,1093186,1093186.0
1777115656.8342996,1093584,1093584.0
1777115677.1939268,1093866,1093866.0
1777115696.385816,1094142,1094142.0
1777115717.326035,1094438,1094438.0
1777115760.09381,1095047,1095047.0
1777115777.701816,1095296,1095296.0
1777115800.3937979,1095613,1095613.0
1777115827.569576,1096003,1096003.0
1777115869.885593,1096617,1096617.0
1777115901.8688247,1097072,1097072.0
1777115945.9690106,1097701,1097701.0
1777115975.144796,1098114,1098114.0
1777116011.9287379,1098648,1098648.0
1777116037.6287801,1099010,1099010.0
1777116075.4887094,1099553,1099553.0
1777116106.7719815,1099998,1099998.0
1777116129.8957267,1100320,1100320.0
1777116145.3560061,1100540,1100540.0
1777116169.700018,1100884,1100884.0
1777116199.2996635,1101305,1101305.0
1777116229.0075903,1101726,1101726.0
1777116255.9314392,1102110,1102110.0
1777116289.983474,1102603,1102603.0
1777116317.9748755,1102999,1102999.0
1777116353.8430166,1103516,1103516.0
1777116383.1749396,1103931,1103931.0
1777116415.234817,1104386,1104386.0
1777116435.9944015,1104676,1104676.0
1777116462.7586572,1105059,1105059.0
1777116483.8184059,1105356,1105356.0
1777116515.7939477,1105813,1105813.0
1777116531.9538553,1106040,1106040.0
1777116575.2698529,1106661,1106661.0
1777116602.7217472,1107055,1107055.0
1777116631.3937035,1107457,1107457.0
1777116658.0857167,1107840,1107840.0
1777116685.9535677,1108235,1108235.0
1777116720.3453443,1108722,1108722.0
1777116742.5051005,1109036,1109036.0
1777116771.6570044,1109449,1109449.0
1777116808.6207297,1109981,1109981.0
1777116837.5487685,1110391,1110391.0
1777116869.1326983,1110846,1110846.0
1777116891.9405923,1111162,1111162.0
1777116927.5083163,1111674,1111674.0
1777116950.5006204,1112001,1112001.0
1777116980.7079983,1112432,1112432.0
1777117011.1598036,1112869,1112869.0
1777117046.432223,1113378,1113378.0
1777117066.8597164,1113663,1113663.0
1777117096.7915056,1114089,1114089.0
1777117124.2674289,1114478,1114478.0
1777117156.0829377,1114938,1114938.0
1777117179.5592587,1115268,1115268.0
1777117205.0266984,1115627,1115627.0
1777117224.5590384,1115901,1115901.0
1777117253.0627837,1116306,1116306.0
1777117278.4864326,1116671,1116671.0
1777117295.6106884,1116904,1116904.0
1777117319.8703551,1117255,1117255.0
1777117351.6944675,1117701,1117701.0
1777117370.1023629,1117960,1117960.0
1777117394.3377588,1118306,1118306.0
1777117419.6297052,1118664,1118664.0
1777117450.1218147,1119096,1119096.0
1777117474.2056668,1119431,1119431.0
1777117493.8296173,1119709,1119709.0
1777117513.797771,1119987,1119987.0
1777117546.2814393,1120455,1120455.0
1777117575.4969366,1120874,1120874.0
1777117605.3887677,1121303,1121303.0
1777117636.9408548,1121752,1121752.0
1777117671.416763,1122249,1122249.0
1777117703.9167209,1122716,1122716.0
1777117737.548453,1123199,1123199.0
1777117768.923902,1123646,1123646.0
1777117811.624036,1124256,1124256.0
1777117843.1916595,1124708,1124708.0
1777117894.0755794,1125439,1125439.0
1777117913.367736,1125716,1125716.0
1777117942.9034958,1126136,1126136.0
1777117966.51099,1126463,1126463.0
1777118005.2108457,1127022,1127022.0
1777118036.7708986,1127473,1127473.0
1777118057.5787585,1127765,1127765.0
1777118094.4625845,1128291,1128291.0
1777118124.146765,1128714,1128714.0
1777118159.6064434,1129225,1129225.0
1777118190.037981,1129662,1129662.0
1777118215.5981762,1130026,1130026.0
1777118253.5218654,1130564,1130564.0
1777118268.4217849,1130770,1130770.0
1777118287.5498033,1131034,1131034.0
1777118323.3337007,1131547,1131547.0
1777118344.5256798,1131845,1131845.0
1777118375.617476,1132291,1132291.0
1777118411.0648177,1132799,1132799.0
1777118433.4087636,1133112,1133112.0
1777118461.4657907,1133516,1133516.0
1777118487.5328546,1133889,1133889.0
1777118515.0607798,1134283,1134283.0
1777118543.284551,1134682,1134682.0
1777118568.752488,1135044,1135044.0
1777118607.251898,1135600,1135600.0
1777118633.0278978,1135970,1135970.0
1777118661.4837053,1136376,1136376.0
1777118696.767739,1136885,1136885.0
1777118729.319732,1137354,1137354.0
1777118752.2955198,1137673,1137673.0
1777118783.019172,1138114,1138114.0
1777118799.4468439,1138335,1138335.0
1777118821.5548372,1138654,1138654.0
1777118852.7709997,1139096,1139096.0
1777118880.994525,1139507,1139507.0
1777118901.8228314,1139794,1139794.0
1777118930.8067262,1140209,1140209.0
1777118954.1979983,1140538,1140538.0
1777118992.4820004,1141092,1141092.0
1777119033.7983453,1141685,1141685.0
1777119066.2979481,1142152,1142152.0
1777119085.5339055,1142423,1142423.0
1777119110.7257519,1142781,1142781.0
1777119138.909577,1143185,1143185.0
1777119165.1335466,1143553,1143553.0
1777119196.6655207,1144003,1144003.0
1777119206.9010646,1144143,1144143.0
1777119230.3567653,1144467,1144467.0
1777119263.9247003,1144950,1144950.0
1777119310.1768172,1145616,1145616.0
1777119335.9927576,1145979,1145979.0
1777119355.0087495,1146250,1146250.0
1777119387.392516,1146715,1146715.0
1777119403.1680114,1146930,1146930.0
1777119435.3602614,1147392,1147392.0
1777119473.280062,1147940,1147940.0
1777119497.995658,1148289,1148289.0
1777119526.5197558,1148694,1148694.0
1777119547.4476724,1148987,1148987.0
1777119584.2312837,1149512,1149512.0
1777119620.731038,1150037,1150037.0
1777119642.4707856,1150340,1150340.0
1777119660.0469942,1150591,1150591.0
1777119686.906939,1150975,1150975.0
1777119717.7148964,1151419,1151419.0
1777119739.6386013,1151722,1151722.0
1777119765.5064657,1152091,1152091.0
1777119787.2505577,1152396,1152396.0
1777119808.4738686,1152701,1152701.0
1777119854.726314,1153366,1153366.0
1777119885.45797,1153802,1153802.0
1777119919.0016115,1154284,1154284.0
1777119942.8016753,1154616,1154616.0
1777119973.9255764,1155063,1155063.0
1777120006.9613595,1155531,1155531.0
1777120022.9416287,1155757,1155757.0
1777120050.261051,1156147,1156147.0
1777120080.7167764,1156579,1156579.0
1777120105.0367527,1156925,1156925.0
1777120133.8126585,1157336,1157336.0
1777120158.0845594,1157678,1157678.0
1777120185.8366957,1158077,1158077.0
1777120215.4279304,1158501,1158501.0
1777120248.7639916,1158983,1158983.0
1777120274.5361068,1159345,1159345.0
1777120294.6797163,1159623,1159623.0
1777120311.2556715,1159858,1159858.0
1777120338.9316926,1160246,1160246.0
1777120365.3397207,1160622,1160622.0
1777120396.1073475,1161065,1161065.0
1777120425.1789443,1161482,1161482.0
1777120462.6990561,1162018,1162018.0
1777120492.8307214,1162448,1162448.0
1777120532.582733,1163022,1163022.0
1777120570.9344392,1163568,1163568.0
1777120604.8058677,1164053,1164053.0
1777120634.6257858,1164482,1164482.0
1777120654.0025475,1164755,1164755.0
1777120683.610077,1165183,1165183.0
1777120713.5577388,1165611,1165611.0
1777120731.293602,1165855,1165855.0
1777120750.1937296,1166121,1166121.0
1777120786.1689727,1166639,1166639.0
1777120823.8009448,1167184,1167184.0
1777120865.2209833,1167781,1167781.0
1777120894.0693803,1168200,1168200.0
1777120930.196761,1168710,1168710.0
1777120946.9682913,1168950,1168950.0
1777120976.2045405,1169367,1169367.0
1777121005.0281544,1169783,1169783.0
1777121034.0560505,1170196,1170196.0
1777121052.1279805,1170447,1170447.0
1777121072.587892,1170740,1170740.0
1777121097.90376,1171102,1171102.0
1777121122.6957483,1171450,1171450.0
1777121157.515684,1171949,1171949.0
1777121186.8550181,1172368,1172368.0
1777121224.5913565,1172909,1172909.0
1777121261.5388424,1173440,1173440.0
1777121284.2307563,1173764,1173764.0
1777121321.9346502,1174298,1174298.0
1777121350.4583912,1174703,1174703.0
1777121377.6185095,1175088,1175088.0
1777121414.1181376,1175617,1175617.0
1777121430.4423683,1175850,1175850.0
1777121467.1577346,1176372,1176372.0
1777121492.533775,1176738,1176738.0
1777121521.3177605,1177148,1177148.0
1777121547.6774135,1177525,1177525.0
1777121573.8854728,1177897,1177897.0
1777121602.4209867,1178300,1178300.0
1777121631.0928848,1178710,1178710.0
1777121664.6126232,1179190,1179190.0
1777121688.0047963,1179522,1179522.0
1777121718.4807534,1179953,1179953.0
1777121749.9806175,1180408,1180408.0
1777121793.564538,1181039,1181039.0
1777121819.7722433,1181415,1181415.0
1777121849.7241206,1181845,1181845.0
1777121875.963598,1182217,1182217.0
1777121907.0154638,1182657,1182657.0
1777121929.5916145,1182970,1182970.0
1777121947.0316815,1183214,1183214.0
1777121971.591624,1183569,1183569.0
1777121987.7155979,1183793,1183793.0
1777122018.6909153,1184239,1184239.0
1777122046.9990983,1184640,1184640.0
1777122084.1507473,1185174,1185174.0
1777122096.842606,1185343,1185343.0
1777122126.374739,1185768,1185768.0
1777122154.5507772,1186178,1186178.0
1777122182.3585186,1186570,1186570.0
1777122214.0783324,1187027,1187027.0
1777122252.5618615,1187578,1187578.0
1777122282.086018,1188002,1188002.0
1777122311.2017567,1188417,1188417.0
1777122334.930002,1188758,1188758.0
1777122368.921727,1189235,1189235.0
1777122407.1216934,1189786,1189786.0
1777122433.58941,1190159,1190159.0
1777122448.005328,1190361,1190361.0
1777122472.1297674,1190704,1190704.0
1777122493.1969373,1190996,1190996.0
1777122522.7048562,1191418,1191418.0
1777122556.4893863,1191903,1191903.0
1777122578.5650601,1192214,1192214.0
1777122617.3646111,1192777,1192777.0
1777122640.7246892,1193108,1193108.0
1777122671.7928257,1193554,1193554.0
1777122693.9727416,1193871,1193871.0
1777122724.092657,1194296,1194296.0
1777122745.2686327,1194589,1194589.0
1777122777.3519993,1195042,1195042.0
1777122813.3440294,1195563,1195563.0
1777122853.427688,1196135,1196135.0
1777122873.051792,1196412,1196412.0
1777122910.651747,1196945,1196945.0
1777122936.427774,1197318,1197318.0
1777122965.4437392,1197732,1197732.0
1777122994.4191704,1198144,1198144.0
1777123019.8350034,1198505,1198505.0
1777123041.962882,1198815,1198815.0
1777123052.9274535,1198964,1198964.0
1777123079.4871922,1199342,1199342.0
1777123115.0227315,1199857,1199857.0
1777123135.130733,1200139,1200139.0
1777123172.862779,1200684,1200684.0
1777123197.6065447,1201036,1201036.0
1777123223.0740511,1201397,1201397.0
1777123246.6304822,1201729,1201729.0
1777123275.8744442,1202146,1202146.0
1777123299.6657457,1202482,1202482.0
1777123324.4659743,1202841,1202841.0
1777123353.1580174,1203250,1203250.0
1777123395.1578119,1203848,1203848.0
1777123422.793725,1204236,1204236.0
1777123455.3649259,1204702,1204702.0
1777123485.1689558,1205126,1205126.0
1777123501.0493648,1205352,1205352.0
1777123537.6009538,1205878,1205878.0
1777123562.3089318,1206224,1206224.0
1777123581.0370266,1206485,1206485.0
1777123621.8207042,1207073,1207073.0
1777123653.2367098,1207526,1207526.0
1777123675.276073,1207836,1207836.0
1777123691.967962,1208066,1208066.0
1777123711.4121346,1208345,1208345.0
1777123733.8363419,1208658,1208658.0
1777123767.3279011,1209140,1209140.0
1777123783.8039134,1209369,1209369.0
1777123821.9556682,1209920,1209920.0
1777123842.5877068,1210206,1210206.0
1777123870.0476482,1210597,1210597.0
1777123892.2554898,1210918,1210918.0
1777123918.2151754,1211287,1211287.0
1777123935.07085,1211516,1211516.0
1777123972.7227418,1212060,1212060.0
1777123997.282906,1212406,1212406.0
1777124034.6506937,1212944,1212944.0
1777124051.5227344,1213179,1213179.0
1777124080.8066998,1213597,1213597.0
1777124113.9505274,1214070,1214070.0
1777124136.2578154,1214392,1214392.0
1777124154.282354,1214642,1214642.0
1777124180.3584666,1215014,1215014.0
1777124214.757794,1215505,1215505.0
1777124250.3495238,1216018,1216018.0
1777124284.8337476,1216511,1216511.0
1777124299.4776554,1216711,1216711.0
1777124340.8609545,1217306,1217306.0
1777124380.96074,1217878,1217878.0
1777124407.9052157,1218266,1218266.0
1777124442.3884368,1218756,1218756.0
1777124489.25288,1219435,1219435.0
1777124526.936482,1219976,1219976.0
1777124559.972061,1220441,1220441.0
1777124584.3798747,1220790,1220790.0
1777124605.2721813,1221079,1221079.0
1777124633.847829,1221488,1221488.0
1777124667.0476508,1221959,1221959.0
1777124693.7557323,1222334,1222334.0
1777124723.9396775,1222767,1222767.0
1777124747.7836099,1223104,1223104.0
1777124788.598942,1223698,1223698.0
1777124831.342983,1224310,1224310.0
1777124862.4509344,1224748,1224748.0
1777124895.0347378,1225216,1225216.0
1777124916.8503723,1225529,1225529.0
1777124935.2425632,1225783,1225783.0
1777124980.8112476,1226444,1226444.0
1777125004.842046,1226783,1226783.0
1777125031.3537452,1227156,1227156.0
1777125052.2458537,1227447,1227447.0
1777125082.7856083,1227885,1227885.0
1777125118.8013148,1228400,1228400.0
1777125145.3535423,1228774,1228774.0
1777125177.476871,1229230,1229230.0
1777125195.9534037,1229485,1229485.0
1777125221.0811872,1229850,1229850.0
1777125254.6969624,1230330,1230330.0
1777125279.2564812,1230684,1230684.0
1777125312.620701,1231159,1231159.0
1777125349.0726728,1231685,1231685.0
1777125386.2960005,1232223,1232223.0
1777125418.515996,1232686,1232686.0
1777125448.0838642,1233108,1233108.0
1777125472.7239916,1233454,1233454.0
1777125500.3476982,1233848,1233848.0
1777125527.22377,1234230,1234230.0
1777125546.6677268,1234506,1234506.0
1777125589.8273163,1235124,1235124.0
1777125608.8075852,1235393,1235393.0
1777125643.4911346,1235889,1235889.0
1777125668.9669082,1236257,1236257.0
1777125693.4187777,1236603,1236603.0
1777125716.6267977,1236929,1236929.0
1777125751.5626256,1237434,1237434.0
1777125778.3024938,1237813,1237813.0
1777125802.1940362,1238150,1238150.0
1777125823.3704743,1238443,1238443.0
1777125850.2299793,1238831,1238831.0
1777125867.6698642,1239072,1239072.0
1777125907.505716,1239648,1239648.0
1777125951.3697376,1240279,1240279.0
1777125980.3374763,1240689,1240689.0
1777126001.3811786,1240989,1240989.0
1777126036.8970895,1241495,1241495.0
1777126059.9728642,1241823,1241823.0
1777126099.0567122,1242381,1242381.0
1777126122.1487453,1242711,1242711.0
1777126163.0167267,1243300,1243300.0
1777126205.0326798,1243907,1243907.0
1777126241.9484222,1244434,1244434.0
1777126284.2685814,1245040,1245040.0
1777126302.7438214,1245301,1245301.0
1777126351.1277573,1245999,1245999.0
1777126378.3998508,1246388,1246388.0
1777126415.0188425,1246918,1246918.0
1777126447.2871208,1247382,1247382.0
1777126480.334997,1247854,1247854.0
1777126514.342824,1248334,1248334.0
1777126541.262637,1248720,1248720.0
1777126571.9864583,1249155,1249155.0
1777126603.4542997,1249608,1249608.0
1777126633.0619974,1250027,1250027.0
1777126665.4301195,1250480,1250480.0
1777126684.4897466,1250749,1250749.0
1777126712.0817738,1251143,1251143.0
1777126744.1135008,1251602,1251602.0
1777126768.4889202,1251945,1251945.0
1777126801.9488955,1252426,1252426.0
1777126833.1807618,1252874,1252874.0
1777126857.188694,1253210,1253210.0
1777126885.9084163,1253622,1253622.0
1777126926.5562966,1254210,1254210.0
1777126947.5159304,1254505,1254505.0
1777126975.5239365,1254901,1254901.0
1777127001.51597,1255265,1255265.0
1777127038.567809,1255799,1255799.0
1777127073.9517334,1256307,1256307.0
1777127096.0753386,1256615,1256615.0
1777127134.759572,1257169,1257169.0
1777127157.8350399,1257493,1257493.0
1777127182.9106045,1257848,1257848.0
1777127210.026952,1258236,1258236.0
1777127253.3266518,1258857,1258857.0
1777127286.0546682,1259329,1259329.0
1777127315.4864867,1259747,1259747.0
1777127336.6624975,1260046,1260046.0
1777127366.1699798,1260464,1260464.0
1777127393.2856734,1260845,1260845.0
1777127411.3137803,1261103,1261103.0
1777127440.069674,1261514,1261514.0
1777127464.861672,1261865,1261865.0
1777127496.365265,1262313,1262313.0
1777127524.6210568,1262713,1262713.0
1777127570.2728329,1263373,1263373.0
1777127594.1889338,1263713,1263713.0
1777127622.2327788,1264114,1264114.0
1777127659.7167037,1264653,1264653.0
1777127680.5084217,1264949,1264949.0
1777127716.939798,1265460,1265460.0
1777127757.923996,1266048,1266048.0
1777127788.7676916,1266490,1266490.0
1777127824.9516485,1267013,1267013.0
1777127848.4757934,1267346,1267346.0
1777127886.743488,1267898,1267898.0
1777127919.8268023,1268371,1268371.0
1777127949.6190186,1268799,1268799.0
1777127977.419051,1269193,1269193.0
1777128025.2706912,1269882,1269882.0
1777128060.7864332,1270387,1270387.0
1777128089.1299293,1270791,1270791.0
1777128119.8458514,1271230,1271230.0
1777128157.0859098,1271767,1271767.0
1777128206.3977637,1272477,1272477.0
1777128254.1296122,1273167,1273167.0
1777128290.1135297,1273675,1273675.0
1777128307.373116,1273922,1273922.0
1777128345.6727777,1274471,1274471.0
1777128362.7329943,1274709,1274709.0
1777128388.8087938,1275086,1275086.0
1777128410.7327473,1275389,1275389.0
1777128454.732691,1276029,1276029.0
1777128479.2923758,1276377,1276377.0
1777128511.8919265,1276842,1276842.0
1777128549.4760623,1277391,1277391.0
1777128565.2841992,1277613,1277613.0
1777128606.5516124,1278211,1278211.0
1777128645.3834453,1278770,1278770.0
1777128673.7436564,1279176,1279176.0
1777128689.567079,1279391,1279391.0
1777128706.8951635,1279634,1279634.0
1777128733.9868782,1280023,1280023.0
1777128781.9028163,1280710,1280710.0
1777128804.5787234,1281024,1281024.0
1777128835.210689,1281464,1281464.0
1777128862.5383792,1281853,1281853.0
1777128883.146432,1282148,1282148.0
1777128909.1458101,1282513,1282513.0
1777128944.7058516,1283025,1283025.0
1777128982.1979697,1283565,1283565.0
1777129010.9218028,1283969,1283969.0
1777129059.3056185,1284677,1284677.0
1777129089.5814238,1285107,1285107.0
1777129111.9332223,1285423,1285423.0
1777129129.6409616,1285666,1285666.0
1777129161.5170567,1286118,1286118.0
1777129190.432742,1286531,1286531.0
1777129219.5566328,1286942,1286942.0
1777129258.5606852,1287505,1287505.0
1777129290.3520646,1287960,1287960.0
1777129315.636239,1288320,1288320.0
1777129341.7601144,1288691,1288691.0
1777129374.9918659,1289168,1289168.0
1777129402.2036264,1289553,1289553.0
1777129436.3035,1290043,1290043.0
1777129474.6437259,1290595,1290595.0
1777129507.163018,1291064,1291064.0
1777129546.2789416,1291630,1291630.0
1777129589.378824,1292249,1292249.0
1777129605.2866635,1292469,1292469.0
1777129620.6467855,1292675,1292675.0
1777129649.986824,1293097,1293097.0
1777129693.0900185,1293724,1293724.0
1777129726.2900958,1294196,1294196.0
1777129742.3139844,1294414,1294414.0
1777129767.6058552,1294777,1294777.0
1777129793.4896398,1295145,1295145.0
1777129819.5337815,1295523,1295523.0
1777129854.0335803,1296011,1296011.0
1777129879.4496574,1296372,1296372.0
1777129919.9170053,1296951,1296951.0
1777129945.5851283,1297316,1297316.0
1777129973.416775,1297713,1297713.0
1777130013.160508,1298286,1298286.0
1777130045.3446238,1298751,1298751.0
1777130071.0687191,1299113,1299113.0
1777130103.6001475,1299580,1299580.0
1777130143.2200868,1300157,1300157.0
1777130165.8759537,1300477,1300477.0
1777130182.8959525,1300714,1300714.0
1777130217.8281279,1301215,1301215.0
1777130255.6636631,1301765,1301765.0
1777130288.3109515,1302235,1302235.0
1777130312.355382,1302580,1302580.0
1777130340.778809,1302985,1302985.0
1777130365.0229301,1303330,1303330.0
1777130403.9067106,1303893,1303893.0
1777130431.6904671,1304289,1304289.0
1777130473.5227678,1304895,1304895.0
1777130502.198689,1305300,1305300.0
1777130531.8507907,1305722,1305722.0
1777130555.9067745,1306065,1306065.0
1777130576.282827,1306349,1306349.0
1777130596.6428258,1306636,1306636.0
1777130637.5427964,1307218,1307218.0
1777130684.1426582,1307895,1307895.0
1777130730.3506334,1308562,1308562.0
1777130763.342718,1309033,1309033.0
1777130803.0466511,1309603,1309603.0
1777130852.586541,1310312,1310312.0
1777130887.3944237,1310809,1310809.0
1777130922.1619885,1311312,1311312.0
1777130961.830312,1311876,1311876.0
1777131018.3579657,1312697,1312697.0
1777131038.8818038,1312983,1312983.0
1777131062.157845,1313310,1313310.0
1777131079.0138204,1313551,1313551.0
1777131097.441989,1313809,1313809.0
1777131127.934051,1314242,1314242.0
1777131171.2339716,1314865,1314865.0
1777131191.8256512,1315159,1315159.0
1777131227.393759,1315674,1315674.0
1777131262.6094167,1316169,1316169.0
1777131283.9014432,1316473,1316473.0
1777131317.5172758,1316957,1316957.0
1777131345.7290366,1317353,1317353.0
1777131379.6129084,1317843,1317843.0
1777131422.4966707,1318452,1318452.0
1777131466.2287521,1319082,1319082.0
1777131483.3727145,1319317,1319317.0
1777131518.8287373,1319821,1319821.0
1777131564.256138,1320474,1320474.0
1777131581.364137,1320718,1320718.0
1777131611.97234,1321158,1321158.0
1777131635.995703,1321501,1321501.0
1777131677.9637117,1322106,1322106.0
1777131699.371722,1322410,1322410.0
1777131724.1757011,1322757,1322757.0
1777131752.7316988,1323165,1323165.0
1777131784.799722,1323622,1323622.0
1777131820.3072407,1324129,1324129.0
1777131854.542905,1324622,1324622.0
1777131885.3753502,1325062,1325062.0
1777131919.8669462,1325559,1325559.0
1777131948.9869027,1325970,1325970.0
1777131965.4588788,1326200,1326200.0
1777132006.8786623,1326801,1326801.0
1777132044.6864848,1327345,1327345.0
1777132078.2305546,1327827,1327827.0
1777132110.254403,1328285,1328285.0
1777132130.362381,1328569,1328569.0
1777132158.770368,1328973,1328973.0
1777132187.7217696,1329385,1329385.0
1777132221.213731,1329867,1329867.0
1777132253.8137877,1330334,1330334.0
1777132275.6898394,1330640,1330640.0
1777132304.1494958,1331049,1331049.0
1777132344.2335958,1331623,1331623.0
1777132373.6808207,1332045,1332045.0
1777132408.7408776,1332537,1332537.0
1777132431.8568983,1332870,1332870.0
1777132485.0247552,1333637,1333637.0
1777132515.460788,1334075,1334075.0
1777132551.976777,1334600,1334600.0
1777132579.0002954,1334980,1334980.0
1777132615.299954,1335502,1335502.0
1777132640.1118057,1335855,1335855.0
1777132672.711765,1336319,1336319.0
1777132703.7678573,1336765,1336765.0
1777132733.3877609,1337188,1337188.0
1777132763.0277874,1337609,1337609.0
1777132793.7036715,1338046,1338046.0
1777132836.0634537,1338649,1338649.0
1777132878.063689,1339253,1339253.0
1777132906.7549305,1339659,1339659.0
1777132943.054764,1340181,1340181.0
1777132960.9306562,1340431,1340431.0
1777132990.554739,1340854,1340854.0
1777133021.3587587,1341290,1341290.0
1777133059.0223155,1341831,1341831.0
1777133081.350425,1342140,1342140.0
1777133110.1263862,1342549,1342549.0
1777133137.9180768,1342940,1342940.0
1777133158.6344407,1343235,1343235.0
1777133190.3178208,1343679,1343679.0
1777133218.1857083,1344081,1344081.0
1777133263.3938322,1344734,1344734.0
1777133303.177553,1345306,1345306.0
1777133333.0016086,1345731,1345731.0
1777133380.1210341,1346408,1346408.0
1777133407.3688908,1346798,1346798.0
1777133432.6449442,1347156,1347156.0
1777133466.9286926,1347645,1347645.0
1777133487.6527374,1347939,1347939.0
1777133514.3286803,1348320,1348320.0
1777133531.3884106,1348559,1348559.0
1777133556.8964236,1348921,1348921.0
1777133600.6318712,1349554,1349554.0
1777133639.048128,1350109,1350109.0
1777133670.3797705,1350552,1350552.0
1777133698.191845,1350954,1350954.0
1777133727.2395933,1351370,1351370.0
1777133762.0236983,1351866,1351866.0
1777133793.4514592,1352318,1352318.0
1777133827.2352872,1352797,1352797.0
1777133848.1435292,1353098,1353098.0
1777133871.2513103,1353425,1353425.0
1777133897.3106496,1353792,1353792.0
1777133933.9749608,1354318,1354318.0
1777133975.7583537,1354915,1354915.0
1777134015.5626929,1355488,1355488.0
1777134061.1103134,1356151,1356151.0
1777134097.0298622,1356664,1356664.0
1777134135.446153,1357221,1357221.0
1777134160.1697965,1357569,1357569.0
1777134196.1537907,1358091,1358091.0
1777134232.773419,1358620,1358620.0
1777134270.113461,1359162,1359162.0
1777134300.8652525,1359602,1359602.0
1777134334.1813824,1360083,1360083.0
1777134357.0569327,1360411,1360411.0
1777134395.3408027,1360960,1360960.0
1777134420.616865,1361320,1361320.0
1777134445.9727979,1361679,1361679.0
1777134475.9567523,1362106,1362106.0
1777134483.1567948,1362198,1362198.0
1777134515.4399037,1362654,1362654.0
1777134555.1078053,1363226,1363226.0
1777134575.1156743,1363501,1363501.0
1777134622.667007,1364192,1364192.0
1777134655.5266984,1364664,1364664.0
1777134691.27446,1365185,1365185.0
1777134731.9777968,1365769,1365769.0
1777134758.2776644,1366140,1366140.0
1777134777.1617043,1366410,1366410.0
1777134803.9773307,1366788,1366788.0
1777134842.6606379,1367348,1367348.0
1777134872.0846956,1367766,1367766.0
1777134893.3124173,1368062,1368062.0
1777134914.3197112,1368357,1368357.0
1777134942.7879577,1368760,1368760.0
1777134969.0956845,1369134,1369134.0
1777135000.2636476,1369581,1369581.0
1777135043.510954,1370207,1370207.0
1777135083.0467036,1370775,1370775.0
1777135100.8466527,1371021,1371021.0
1777135128.0625162,1371413,1371413.0
1777135160.486401,1371875,1371875.0
1777135203.4457922,1372501,1372501.0
1777135228.0538142,1372842,1372842.0
1777135251.1137176,1373165,1373165.0
1777135287.3128989,1373686,1373686.0
1777135325.7489693,1374239,1374239.0
1777135355.7568607,1374663,1374663.0
1777135382.9646883,1375053,1375053.0
1777135406.516294,1375389,1375389.0
1777135441.7405796,1375899,1375899.0
1777135485.9836779,1376533,1376533.0
1777135518.039742,1376993,1376993.0
1777135563.0076008,1377639,1377639.0
1777135600.7589505,1378178,1378178.0
1777135633.4108293,1378647,1378647.0
1777135669.7746887,1379168,1379168.0
1777135698.2347198,1379574,1379574.0
1777135720.4186945,1379882,1379882.0
1777135737.5704854,1380125,1380125.0
1777135762.1939135,1380475,1380475.0
1777135779.8860261,1380719,1380719.0
1777135802.477883,1381040,1381040.0
1777135839.6456728,1381571,1381571.0
1777135871.5936558,1382024,1382024.0
1777135897.7855704,1382405,1382405.0
1777135932.6891446,1382899,1382899.0
1777135959.1450703,1383277,1383277.0
1777135979.9886901,1383572,1383572.0
1777136002.6969445,1383885,1383885.0
1777136042.5487528,1384465,1384465.0
1777136071.904749,1384884,1384884.0
1777136103.9399312,1385342,1385342.0
1777136139.7880027,1385848,1385848.0
1777136151.1721272,1386001,1386001.0
1777136206.915834,1386809,1386809.0
1777136238.2675564,1387257,1387257.0
1777136256.959513,1387524,1387524.0
1777136272.859652,1387744,1387744.0
1777136299.9071913,1388126,1388126.0
1777136320.4830077,1388413,1388413.0
1777136364.7511227,1389052,1389052.0
1777136407.434865,1389665,1389665.0
1777136441.7346373,1390152,1390152.0
1777136481.4184623,1390724,1390724.0
1777136521.1179504,1391301,1391301.0
1777136555.6616976,1391795,1391795.0
1777136597.0777533,1392389,1392389.0
1777136630.393747,1392871,1392871.0
1777136664.7976093,1393363,1393363.0
1777136698.153497,1393846,1393846.0
1777136720.472946,1394160,1394160.0
1777136743.913314,1394487,1394487.0
1777136760.4968743,1394722,1394722.0
1777136798.528976,1395269,1395269.0
1777136847.504878,1395974,1395974.0
1777136884.4087894,1396503,1396503.0
1777136926.440734,1397105,1397105.0
1777136959.0644617,1397574,1397574.0
1777136985.4005115,1397949,1397949.0
1777137029.1677113,1398585,1398585.0
1777137055.5437825,1398958,1398958.0
1777137089.7597947,1399452,1399452.0
1777137115.735786,1399819,1399819.0
1777137157.4357908,1400420,1400420.0
1777137187.603489,1400855,1400855.0
1777137212.027529,1401199,1401199.0
1777137239.850943,1401588,1401588.0
1777137258.6274388,1401850,1401850.0
1777137284.6952403,1402216,1402216.0
1777137323.6026154,1402778,1402778.0
1777137356.4228847,1403246,1403246.0
1777137381.4467432,1403596,1403596.0
1777137431.1540363,1404311,1404311.0
1777137462.3141534,1404755,1404755.0
1777137501.6817534,1405326,1405326.0
1777137526.1579516,1405671,1405671.0
1777137559.3417253,1406145,1406145.0
1777137584.7817307,1406504,1406504.0
1777137614.7975762,1406935,1406935.0
1777137652.8168244,1407483,1407483.0
1777137687.692859,1407988,1407988.0
1777137727.308862,1408561,1408561.0
1777137754.292693,1408946,1408946.0
1777137782.9167612,1409354,1409354.0
1777137824.4364076,1409950,1409950.0
1777137868.4681454,1410586,1410586.0
1777137885.991778,1410833,1410833.0
1777137908.167825,1411150,1411150.0
1777137931.4958513,1411476,1411476.0
1777137974.3956206,1412093,1412093.0
1777138002.5635955,1412496,1412496.0
1777138018.3876078,1412722,1412722.0
1777138044.6469347,1413089,1413089.0
1777138066.9188569,1413405,1413405.0
1777138089.830685,1413735,1413735.0
1777138107.5229666,1413979,1413979.0
1777138137.738738,1414408,1414408.0
1777138180.4226723,1415023,1415023.0
1777138198.6626787,1415274,1415274.0
1777138226.5546253,1415672,1415672.0
1777138265.7378407,1416239,1416239.0
1777138293.1504056,1416630,1416630.0
1777138346.389586,1417396,1417396.0
1777138383.3097744,1417921,1417921.0
1777138412.4336104,1418338,1418338.0
1777138445.3329756,1418813,1418813.0
1777138475.8407905,1419248,1419248.0
1777138506.2248938,1419682,1419682.0
1777138535.4009423,1420096,1420096.0
1777138565.384773,1420525,1420525.0
1777138578.7087266,1420705,1420705.0
1777138612.368695,1421187,1421187.0
1777138656.6359298,1421825,1421825.0
1777138678.027814,1422122,1422122.0
1777138697.5201745,1422397,1422397.0
1777138727.7524824,1422825,1422825.0
1777138750.0636742,1423143,1423143.0
1777138771.235696,1423434,1423434.0
1777138796.7798092,1423795,1423795.0
1777138831.7314923,1424298,1424298.0
1777138854.8553686,1424624,1424624.0
1777138877.3308678,1424938,1424938.0
1777138905.2068284,1425338,1425338.0
1777138941.8708603,1425856,1425856.0
1777138972.2550473,1426293,1426293.0
1777138995.998822,1426634,1426634.0
1777139028.4986432,1427097,1427097.0
1777139068.2344542,1427673,1427673.0
1777139108.7498012,1428258,1428258.0
1777139140.0899704,1428705,1428705.0
1777139168.0340798,1429101,1429101.0
1777139207.3177793,1429663,1429663.0
1777139271.4329488,1430594,1430594.0
1777139294.7930202,1430931,1430931.0
1777139328.752889,1431416,1431416.0
1777139373.0126667,1432053,1432053.0
1777139399.7527328,1432436,1432436.0
1777139419.7764754,1432713,1432713.0
1777139452.4963129,1433179,1433179.0
1777139486.6517994,1433669,1433669.0
1777139509.6038556,1433996,1433996.0
1777139548.6279025,1434556,1434556.0
1777139584.4118333,1435065,1435065.0
1777139609.8556356,1435419,1435419.0
1777139633.4635255,1435755,1435755.0
1777139660.5794756,1436139,1436139.0
1777139694.6393867,1436624,1436624.0
1777139729.114798,1437116,1437116.0
1777139760.9226074,1437567,1437567.0
1777139782.3667092,1437873,1437873.0
1777139795.2826126,1438053,1438053.0
1777139822.134545,1438433,1438433.0
1777139840.7584424,1438692,1438692.0
1777139880.7265189,1439270,1439270.0
1777139910.58203,1439700,1439700.0
1777139936.9263303,1440068,1440068.0
1777139970.9096146,1440556,1440556.0
1777139998.1494396,1440940,1440940.0
1777140014.3939621,1441170,1441170.0
1777140056.5935674,1441778,1441778.0
1777140083.1614845,1442155,1442155.0
1777140113.4530983,1442589,1442589.0
1777140130.6930134,1442834,1442834.0
1777140154.137069,1443165,1443165.0
1777140173.8447366,1443443,1443443.0
1777140194.9685864,1443743,1443743.0
1777140244.028363,1444448,1444448.0
1777140261.8121984,1444695,1444695.0
1777140284.979916,1445024,1445024.0
1777140322.0403523,1445554,1445554.0
1777140361.123762,1446114,1446114.0
1777140383.8237672,1446432,1446432.0
1777140421.9996817,1446980,1446980.0
1777140453.19926,1447427,1447427.0
1777140481.9668407,1447836,1447836.0
1777140544.8666434,1448746,1448746.0
1777140573.2828429,1449151,1449151.0
1777140602.2748477,1449565,1449565.0
1777140636.758146,1450059,1450059.0
1777140683.8578477,1450739,1450739.0
1777140722.9938354,1451307,1451307.0
1777140747.3702288,1451652,1451652.0
1777140780.3179994,1452125,1452125.0
1777140802.109779,1452426,1452426.0
1777140845.6776342,1453058,1453058.0
1777140872.6777663,1453438,1453438.0
1777140911.145724,1453990,1453990.0
1777140944.1693738,1454466,1454466.0
1777140967.129524,1454786,1454786.0
1777141008.2448711,1455381,1455381.0
1777141044.9291403,1455903,1455903.0
1777141087.133313,1456514,1456514.0
1777141145.1405306,1457352,1457352.0
1777141172.5327165,1457743,1457743.0
1777141215.4405942,1458370,1458370.0
1777141252.0843778,1458897,1458897.0
1777141286.9761343,1459396,1459396.0
1777141318.883735,1459851,1459851.0
1777141352.3917215,1460329,1460329.0
1777141395.4677024,1460949,1460949.0
1777141430.027667,1461449,1461449.0
1777141461.394956,1461898,1461898.0
1777141495.418915,1462381,1462381.0
1777141522.5027335,1462769,1462769.0
1777141564.118739,1463367,1463367.0
1777141593.9627368,1463788,1463788.0
1777141628.5465682,1464285,1464285.0
1777141672.598456,1464923,1464923.0
1777141704.4978206,1465369,1465369.0
1777141744.3298383,1465947,1465947.0
1777141760.2219682,1466167,1466167.0
1777141790.7815523,1466600,1466600.0
1777141830.6498156,1467167,1467167.0
1777141865.7335744,1467668,1467668.0
1777141904.5009718,1468227,1468227.0
1777141926.192862,1468533,1468533.0
1777141968.6772645,1469145,1469145.0
1777142005.67712,1469673,1469673.0
1777142027.8846262,1469994,1469994.0
1777142051.7088497,1470332,1470332.0
1777142075.1844819,1470663,1470663.0
1777142098.3447742,1470988,1470988.0
1777142121.099889,1471311,1471311.0
1777142156.4957862,1471814,1471814.0
1777142195.6681402,1472381,1472381.0
1777142229.8357542,1472875,1472875.0
1777142260.7636082,1473317,1473317.0
1777142308.7876198,1474003,1474003.0
1777142347.4713633,1474564,1474564.0
1777142385.0470767,1475104,1475104.0
1777142438.1548018,1475867,1475867.0
1777142471.7548132,1476347,1476347.0
1777142511.306702,1476921,1476921.0
1777142547.5301895,1477433,1477433.0
1777142590.357973,1478053,1478053.0
1777142613.265868,1478379,1478379.0
1777142654.3660805,1478973,1478973.0
1777142682.3417046,1479368,1479368.0
1777142717.9936495,1479879,1479879.0
1777142763.9769282,1480536,1480536.0
1777142795.5450575,1480987,1480987.0
1777142829.0167747,1481466,1481466.0
1777142864.8367088,1481978,1481978.0
1777142898.6840594,1482466,1482466.0
1777142941.6041408,1483084,1483084.0
1777142970.596013,1483496,1483496.0
1777143024.8557196,1484285,1484285.0
1777143051.1114373,1484658,1484658.0
1777143094.8793862,1485284,1485284.0
1777143110.3708694,1485503,1485503.0
1777143155.2069328,1486150,1486150.0
1777143185.4066556,1486577,1486577.0
1777143227.1548936,1487177,1487177.0
1777143251.7663133,1487527,1487527.0
1777143279.2139387,1487920,1487920.0
1777143317.2898169,1488469,1488469.0
1777143351.2260532,1488952,1488952.0
1777143396.509847,1489606,1489606.0
1777143427.7935948,1490056,1490056.0
1777143456.785623,1490473,1490473.0
1777143491.2687871,1490966,1490966.0
1777143515.5408669,1491308,1491308.0
1777143540.0168188,1491655,1491655.0
1777143561.9010696,1491965,1491965.0
1777143603.6687438,1492565,1492565.0
1777143638.712268,1493069,1493069.0
1777143683.8201425,1493720,1493720.0
1777143716.9798079,1494193,1494193.0
1777143743.6799395,1494571,1494571.0
1777143768.9197567,1494934,1494934.0
1777143808.7197266,1495506,1495506.0
1777143837.163733,1495916,1495916.0
1777143865.8154259,1496329,1496329.0
1777143918.9308338,1497094,1497094.0
1777143971.1067529,1497850,1497850.0
1777143985.6987312,1498051,1498051.0
1777144006.3064322,1498335,1498335.0
1777144038.4504952,1498793,1498793.0
1777144076.9338908,1499347,1499347.0
1777144118.2660751,1499940,1499940.0
1777144160.0657141,1500546,1500546.0
1777144182.8097985,1500865,1500865.0
1777144221.2776744,1501420,1501420.0
1777144254.4416234,1501896,1501896.0
1777144283.8168166,1502315,1502315.0
1777144316.5010235,1502785,1502785.0
1777144347.808619,1503232,1503232.0
1777144374.1607254,1503609,1503609.0
1777144396.620754,1503920,1503920.0
1777144427.776902,1504364,1504364.0
1777144453.680438,1504733,1504733.0
1777144488.835851,1505236,1505236.0
1777144515.2880104,1505609,1505609.0
1777144557.3557863,1506216,1506216.0
1777144585.0957065,1506611,1506611.0
1777144611.839701,1506985,1506985.0
1777144661.3794246,1507692,1507692.0
1777144694.1470277,1508157,1508157.0
1777144710.5628023,1508377,1508377.0
1777144748.7469778,1508929,1508929.0
1777144779.8987038,1509375,1509375.0
1777144822.4146833,1509989,1509989.0
1777144855.726252,1510464,1510464.0
1777144888.7419593,1510939,1510939.0
1777144940.1499515,1511679,1511679.0
1777144962.4940503,1511994,1511994.0
1777145002.1618125,1512563,1512563.0
1777145025.353724,1512891,1512891.0
1777145060.8175194,1513396,1513396.0
1777145095.4615872,1513895,1513895.0
1777145128.560939,1514371,1514371.0
1777145149.3371596,1514663,1514663.0
1777145181.7528574,1515123,1515123.0
1777145210.8967013,1515540,1515540.0
1777145240.0726995,1515960,1515960.0
1777145267.5367498,1516347,1516347.0
1777145285.4126256,1516597,1516597.0
1777145329.2125013,1517229,1517229.0
1777145366.1319883,1517758,1517758.0
1777145415.7477946,1518475,1518475.0
1777145457.2997315,1519076,1519076.0
1777145492.5997603,1519573,1519573.0
1777145512.0396974,1519848,1519848.0
1777145541.1512394,1520265,1520265.0
1777145588.9432082,1520956,1520956.0
1777145620.7669957,1521413,1521413.0
1777145653.9029353,1521885,1521885.0
1777145695.3867211,1522489,1522489.0
1777145728.834174,1522967,1522967.0
1777145763.685912,1523462,1523462.0
1777145789.4098437,1523833,1523833.0
1777145819.6537447,1524268,1524268.0
1777145858.053822,1524811,1524811.0
1777145884.1937394,1525181,1525181.0
1777145908.221688,1525528,1525528.0
1777145942.6376207,1526019,1526019.0
1777145970.4053447,1526417,1526417.0
1777145992.0968,1526722,1526722.0
1777146020.1210835,1527117,1527117.0
1777146058.456875,1527673,1527673.0
1777146091.340743,1528143,1528143.0
1777146122.0806181,1528576,1528576.0
1777146162.1324134,1529149,1529149.0
1777146205.7998521,1529780,1529780.0
1777146248.3160264,1530391,1530391.0
1777146283.3837512,1530890,1530890.0
1777146318.3834498,1531392,1531392.0
1777146334.7756824,1531612,1531612.0
1777146362.1196318,1532011,1532011.0
1777146397.2353096,1532512,1532512.0
1777146432.118977,1533011,1533011.0
1777146453.5510156,1533314,1533314.0
1777146475.7349901,1533636,1533636.0
1777146506.9947147,1534080,1534080.0
1777146543.594766,1534603,1534603.0
1777146567.2184863,1534941,1534941.0
1777146622.0302436,1535731,1535731.0
1777146656.985669,1536235,1536235.0
1777146679.3701143,1536546,1536546.0
1777146709.2617462,1536973,1536973.0
1777146732.5057013,1537296,1537296.0
1777146758.6897016,1537664,1537664.0
1777146792.965526,1538156,1538156.0
1777146817.8888187,1538507,1538507.0
1777146847.1732285,1538926,1538926.0
1777146878.4809654,1539369,1539369.0
1777146898.3248754,1539650,1539650.0
1777146940.3167222,1540250,1540250.0
1777146972.340451,1540704,1540704.0
1777146992.6485662,1540996,1540996.0
1777147035.8684833,1541616,1541616.0
1777147063.368292,1542006,1542006.0
1777147112.799983,1542723,1542723.0
1777147151.58396,1543279,1543279.0
1777147186.5516958,1543782,1543782.0
1777147229.03555,1544401,1544401.0
1777147273.5873678,1545033,1545033.0
1777147300.7951431,1545416,1545416.0
1777147343.0466855,1546024,1546024.0
1777147374.6948495,1546478,1546478.0
1777147412.3307047,1547025,1547025.0
1777147453.1305795,1547603,1547603.0
1777147492.3820825,1548171,1548171.0
1777147525.65791,1548649,1548649.0
1777147547.3496637,1548954,1548954.0
1777147579.0659127,1549409,1549409.0
1777147618.5497785,1549976,1549976.0
1777147671.657659,1550738,1550738.0
1777147710.2090192,1551290,1551290.0
1777147738.1329095,1551691,1551691.0
1777147807.8686402,1552706,1552706.0
1777147828.100392,1552997,1552997.0
1777147866.54464,1553543,1553543.0
1777147873.7764723,1553635,1553635.0
1777147896.4526095,1553957,1553957.0
1777147939.8200126,1554581,1554581.0
1777147973.71997,1555064,1555064.0
1777148012.1277106,1555621,1555621.0
1777148048.463745,1556134,1556134.0
1777148084.8474064,1556660,1556660.0
1777148111.4795225,1557035,1557035.0
1777148157.7631776,1557706,1557706.0
1777148200.96295,1558322,1558322.0
1777148212.2148004,1558475,1558475.0
1777148254.3469045,1559085,1559085.0
1777148286.3507638,1559540,1559540.0
1777148319.014425,1560007,1560007.0
1777148345.1899233,1560379,1560379.0
1777148382.7099235,1560915,1560915.0
1777148449.185745,1561887,1561887.0
1777148490.885712,1562492,1562492.0
1777148521.7335825,1562930,1562930.0
1777148552.7249866,1563370,1563370.0
1777148594.5289724,1563968,1563968.0
1777148620.493256,1564339,1564339.0
1777148648.8048918,1564743,1564743.0
1777148687.3527293,1565300,1565300.0
1777148726.6884542,1565868,1565868.0
1777148767.1559474,1566444,1566444.0
1777148801.811793,1566945,1566945.0
1777148828.0799341,1567318,1567318.0
1777148850.1038604,1567629,1567629.0
1777148874.4634492,1567973,1567973.0
1777148900.1397486,1568333,1568333.0
1777148939.0716937,1568896,1568896.0
1777148963.7317202,1569238,1569238.0
1777149005.3912668,1569840,1569840.0
1777149033.2832994,1570236,1570236.0
1777149073.2505968,1570801,1570801.0
1777149108.682784,1571312,1571312.0
1777149151.3187468,1571928,1571928.0
1777149187.0184276,1572434,1572434.0
1777149214.9106529,1572838,1572838.0
1777149240.470028,1573204,1573204.0
1777149274.5180707,1573693,1573693.0
1777149321.9017646,1574368,1574368.0
1777149369.9937205,1575061,1575061.0
1777149389.8536186,1575344,1575344.0
1777149422.4614196,1575807,1575807.0
1777149466.5969012,1576444,1576444.0
1777149491.912842,1576799,1576799.0
1777149517.204703,1577158,1577158.0
1777149548.0807197,1577600,1577600.0
1777149578.764729,1578038,1578038.0
1777149607.8887386,1578458,1578458.0
1777149641.9086049,1578944,1578944.0
1777149655.6000094,1579138,1579138.0
1777149694.7158582,1579701,1579701.0
1777149741.5998309,1580379,1580379.0
1777149801.8756282,1581253,1581253.0
1777149834.3914795,1581715,1581715.0
1777149865.6837056,1582161,1582161.0
1777149914.2269552,1582852,1582852.0
1777149944.634663,1583288,1583288.0
1777149987.4866335,1583909,1583909.0
1777150011.0627863,1584244,1584244.0
1777150053.046637,1584854,1584854.0
1777150081.7304525,1585260,1585260.0
1777150111.73781,1585689,1585689.0
1777150151.0139558,1586254,1586254.0
1777150191.6220818,1586844,1586844.0
1777150209.337738,1587089,1587089.0
1777150257.9296894,1587793,1587793.0
1777150283.0496948,1588147,1588147.0
1777150316.30485,1588626,1588626.0
1777150347.0888813,1589068,1589068.0
1777150374.0171225,1589450,1589450.0
1777150412.0493696,1589994,1589994.0
1777150442.6004605,1590427,1590427.0
1777150476.908392,1590920,1590920.0
1777150504.3084118,1591308,1591308.0
1777150535.3839374,1591750,1591750.0
1777150572.6677957,1592280,1592280.0
1777150601.0601485,1592687,1592687.0
1777150639.9435797,1593248,1593248.0
1777150670.4597774,1593685,1593685.0
1777150700.3516347,1594110,1594110.0
1777150709.4435935,1594230,1594230.0
1777150728.9356184,1594497,1594497.0
1777150775.6349466,1595174,1595174.0
1777150797.427107,1595480,1595480.0
1777150829.5306485,1595940,1595940.0
1777150860.803353,1596387,1596387.0
1777150895.686703,1596888,1596888.0
1777150930.570041,1597384,1597384.0
1777150960.221864,1597805,1597805.0
1777150996.4978445,1598326,1598326.0
1777151029.4656155,1598795,1598795.0
1777151057.3892639,1599193,1599193.0
1777151092.540995,1599697,1599697.0
1777151113.0810242,1599982,1599982.0
1777151155.1487486,1600586,1600586.0
1777151175.740627,1600873,1600873.0
1777151205.984527,1601298,1601298.0
1777151242.3320742,1601824,1601824.0
1777151258.2076452,1602047,1602047.0
1777151279.4838047,1602346,1602346.0
1777151326.1917746,1603013,1603013.0
1777151353.3514643,1603396,1603396.0
1777151394.8349462,1603997,1603997.0
1777151417.0587735,1604307,1604307.0
1777151447.3670418,1604741,1604741.0
1777151482.6507738,1605248,1605248.0
1777151522.1344926,1605816,1605816.0
1777151554.1619983,1606276,1606276.0
1777151586.4777365,1606738,1606738.0
1777151623.1777089,1607259,1607259.0
1777151640.4377232,1607502,1607502.0
1777151676.7216163,1608024,1608024.0
1777151718.837142,1608631,1608631.0
1777151748.529148,1609054,1609054.0
1777151785.7491357,1609595,1609595.0
1777151812.456804,1609970,1609970.0
1777151857.0563416,1610616,1610616.0
1777151896.5078413,1611180,1611180.0
1777151940.0479329,1611808,1611808.0
1777151979.7759602,1612384,1612384.0
1777152015.8317194,1612893,1612893.0
1777152038.5675192,1613216,1613216.0
1777152064.266908,1613581,1613581.0
1777152097.3267875,1614052,1614052.0
1777152120.7189875,1614382,1614382.0
1777152159.9030135,1614944,1614944.0
1777152193.5589447,1615414,1615414.0
1777152218.2785563,1615772,1615772.0
1777152246.4263358,1616173,1616173.0
1777152283.0020032,1616688,1616688.0
1777152326.177677,1617316,1617316.0
1777152342.7619886,1617540,1617540.0
1777152375.7615414,1618014,1618014.0
1777152438.2892673,1618917,1618917.0
1777152456.6290288,1619175,1619175.0
1777152505.6447911,1619883,1619883.0
1777152532.448881,1620261,1620261.0
1777152554.572788,1620573,1620573.0
1777152585.9805815,1621020,1621020.0
1777152610.4485526,1621373,1621373.0
1777152658.3640132,1622056,1622056.0
1777152684.9558783,1622430,1622430.0
1777152708.2079146,1622758,1622758.0
1777152736.5996203,1623159,1623159.0
1777152770.4677448,1623648,1623648.0
1777152788.299547,1623899,1623899.0
1777152823.9437804,1624404,1624404.0
1777152848.2588744,1624754,1624754.0
1777152878.311309,1625181,1625181.0
1777152900.0195715,1625484,1625484.0
1777152908.9829555,1625604,1625604.0
1777152942.82671,1626078,1626078.0
1777152986.786716,1626716,1626716.0
1777153018.4343944,1627170,1627170.0
1777153054.9196405,1627692,1627692.0
1777153081.6465528,1628066,1628066.0
1777153100.3867066,1628327,1628327.0
1777153129.3465865,1628741,1628741.0
1777153161.046509,1629193,1629193.0
1777153189.0221477,1629589,1629589.0
1777153220.9540384,1630044,1630044.0
1777153264.5060403,1630672,1630672.0
1777153282.2824087,1630921,1630921.0
1777153313.2060454,1631358,1631358.0
1777153340.5735412,1631744,1631744.0
1777153374.897778,1632233,1632233.0
1777153408.617679,1632715,1632715.0
1777153446.949717,1633270,1633270.0
1777153484.7694037,1633811,1633811.0
1777153515.725011,1634250,1634250.0
1777153545.7930324,1634683,1634683.0
1777153571.1174383,1635050,1635050.0
1777153605.1369069,1635535,1635535.0
1777153641.7047732,1636061,1636061.0
1777153671.6286614,1636485,1636485.0
1777153709.9444408,1637034,1637034.0
1777153730.572343,1637324,1637324.0
1777153776.9204717,1638001,1638001.0
1777153814.303973,1638536,1638536.0
1777153855.5399992,1639130,1639130.0
1777153885.7877052,1639559,1639559.0
1777153916.0637846,1639985,1639985.0
1777153946.7632434,1640405,1640405.0
1777153959.7475805,1640588,1640588.0
1777153980.090998,1640869,1640869.0
1777154012.8068514,1641333,1641333.0
1777154024.2992811,1641484,1641484.0
1777154077.9354281,1642265,1642265.0
1777154111.96684,1642756,1642756.0
1777154146.5507417,1643249,1643249.0
1777154181.2422707,1643747,1643747.0
1777154207.4584165,1644119,1644119.0
1777154247.6264048,1644700,1644700.0
1777154279.5860176,1645158,1645158.0
1777154311.8019876,1645617,1645617.0
1777154352.985662,1646212,1646212.0
1777154400.669548,1646897,1646897.0
1777154438.689519,1647447,1647447.0
1777154468.78151,1647873,1647873.0
1777154488.6368704,1648149,1648149.0
1777154523.1048505,1648641,1648641.0
1777154547.7287493,1648989,1648989.0
1777154576.148684,1649394,1649394.0
1777154609.488619,1649867,1649867.0
1777154648.7726967,1650429,1650429.0
1777154676.7723293,1650827,1650827.0
1777154717.7759266,1651413,1651413.0
1777154743.0318089,1651780,1651780.0
1777154776.2837617,1652249,1652249.0
1777154819.0839455,1652862,1652862.0
1777154854.019732,1653364,1653364.0
1777154900.367723,1654028,1654028.0
1777154934.219176,1654515,1654515.0
1777154981.5710895,1655199,1655199.0
1777155010.3268595,1655610,1655610.0
1777155032.6549394,1655917,1655917.0
1777155051.3267295,1656173,1656173.0
1777155084.0627847,1656643,1656643.0
1777155115.446416,1657094,1657094.0
1777155146.254177,1657536,1657536.0
1777155165.9979467,1657809,1657809.0
1777155194.7902935,1658227,1658227.0
1777155217.3618722,1658549,1658549.0
1777155254.1817694,1659075,1659075.0
1777155291.5137289,1659601,1659601.0
1777155322.7336614,1660044,1660044.0
1777155354.289357,1660489,1660489.0
1777155398.08899,1661129,1661129.0
1777155417.8333037,1661400,1661400.0
1777155443.1848261,1661761,1661761.0
1777155480.29295,1662296,1662296.0
1777155514.1084714,1662778,1662778.0
1777155537.8687131,1663113,1663113.0
1777155580.4365005,1663726,1663726.0
1777155612.8004198,1664189,1664189.0
1777155654.1358275,1664774,1664774.0
1777155691.7197328,1665311,1665311.0
1777155724.2517266,1665780,1665780.0
1777155744.5957513,1666064,1666064.0
1777155761.6797328,1666303,1666303.0
1777155780.7353582,1666567,1666567.0
1777155808.4391835,1666963,1666963.0
1777155832.5474029,1667304,1667304.0
1777155879.9950116,1667989,1667989.0
1777155917.930764,1668527,1668527.0
1777155943.8706398,1668899,1668899.0
1777155971.6907778,1669299,1669299.0
1777156006.9825916,1669800,1669800.0
1777156033.782325,1670186,1670186.0
1777156068.597976,1670674,1670674.0
1777156111.4498975,1671293,1671293.0
1777156149.3021019,1671836,1671836.0
1777156193.033811,1672463,1672463.0
1777156220.5256765,1672848,1672848.0
1777156256.177548,1673360,1673360.0
1777156280.2849112,1673698,1673698.0
1777156297.8453512,1673949,1673949.0
1777156333.408935,1674465,1674465.0
1777156377.0127454,1675094,1675094.0
1777156413.9967842,1675626,1675626.0
1777156443.1366022,1676038,1676038.0
1777156452.3686545,1676160,1676160.0
1777156485.9208045,1676645,1676645.0
1777156510.279976,1676994,1676994.0
1777156546.1722336,1677508,1677508.0
1777156575.4961505,1677927,1677927.0
1777156592.5477965,1678158,1678158.0
1777156619.5796947,1678542,1678542.0
1777156636.6557026,1678777,1678777.0
1777156681.7554023,1679427,1679427.0
1777156717.7753453,1679948,1679948.0
1777156745.1671286,1680335,1680335.0
1777156775.622929,1680773,1680773.0
1777156818.0666332,1681379,1681379.0
1777156848.742644,1681814,1681814.0
1777156866.5827365,1682062,1682062.0
1777156901.9027607,1682568,1682568.0
1777156931.5580516,1682990,1682990.0
1777156962.4424174,1683431,1683431.0
1777156992.8858647,1683869,1683869.0
1777157015.0260117,1684173,1684173.0
1777157056.725713,1684776,1684776.0
1777157098.829477,1685383,1685383.0
1777157140.3289502,1685977,1685977.0
1777157191.5206833,1686717,1686717.0
1777157204.5127025,1686900,1686900.0
1777157244.611819,1687474,1687474.0
1777157285.3639376,1688065,1688065.0
1777157318.8035507,1688543,1688543.0
1777157337.7956288,1688802,1688802.0
1777157366.1957226,1689207,1689207.0
1777157400.2554548,1689692,1689692.0
1777157431.771518,1690149,1690149.0
1777157460.26254,1690554,1690554.0
1777157488.1987092,1690953,1690953.0
1777157530.6144333,1691564,1691564.0
1777157568.4347692,1692103,1692103.0
1777157611.4817982,1692719,1692719.0
1777157649.865606,1693275,1693275.0
1777157692.284996,1693877,1693877.0
1777157733.4331806,1694467,1694467.0
1777157762.46076,1694881,1694881.0
1777157815.184743,1695645,1695645.0
1777157849.4205773,1696132,1696132.0
1777157871.9120154,1696447,1696447.0
1777157907.3956156,1696953,1696953.0
1777157914.7276866,1697045,1697045.0
1777157945.6357834,1697488,1697488.0
1777157985.5874813,1698064,1698064.0
1777158027.7354605,1698669,1698669.0
1777158055.9028263,1699066,1699066.0
1777158077.7789485,1699375,1699375.0
1777158121.3164442,1700000,1700000.0
1777158148.1707304,1700379,1700379.0
1777158189.5386987,1700979,1700979.0
1777158234.3657727,1701624,1701624.0
1777158265.1579728,1702060,1702060.0
1777158303.7417552,1702619,1702619.0
1777158329.6338043,1702988,1702988.0
1777158368.9657638,1703553,1703553.0
1777158399.332867,1703982,1703982.0
1777158420.2412417,1704276,1704276.0
1777158461.5406408,1704873,1704873.0
1777158498.3247297,1705401,1705401.0
1777158534.0167265,1705904,1705904.0
1777158579.5605714,1706565,1706565.0
1777158600.0200272,1706850,1706850.0
1777158633.2600167,1707330,1707330.0
1777158670.2277625,1707862,1707862.0
1777158696.4197435,1708232,1708232.0
1777158731.9877727,1708744,1708744.0
1777158760.4033287,1709146,1709146.0
1777158791.278995,1709588,1709588.0
1777158828.8948827,1710128,1710128.0
1777158867.647038,1710681,1710681.0
1777158912.598666,1711334,1711334.0
1777158949.9626627,1711869,1711869.0
1777158974.538211,1712217,1712217.0
1777159008.9217362,1712708,1712708.0
1777159047.5216496,1713252,1713252.0
1777159066.1819236,1713515,1713515.0
1777159112.3177528,1714178,1714178.0
1777159130.0412762,1714432,1714432.0
1777159162.0728827,1714886,1714886.0
1777159201.9651568,1715461,1715461.0
1777159241.5687246,1716030,1716030.0
1777159275.7526634,1716521,1716521.0
1777159304.560079,1716932,1716932.0
1777159346.9678526,1717536,1717536.0
1777159373.127692,1717901,1717901.0
1777159409.2434375,1718417,1718417.0
1777159436.7035263,1718804,1718804.0
1777159478.5354424,1719411,1719411.0
1777159498.0635,1719683,1719683.0
1777159519.602966,1719995,1719995.0
1777159550.3708355,1720438,1720438.0
1777159582.962859,1720899,1720899.0
1777159617.2785141,1721393,1721393.0
1777159662.2462978,1722041,1722041.0
1777159710.990005,1722744,1722744.0
1777159736.629728,1723108,1723108.0
1777159765.1217575,1723515,1723515.0
1777159798.9576313,1724003,1724003.0
1777159828.2653432,1724418,1724418.0
1777159866.3335683,1724962,1724962.0
1777159908.9331005,1725580,1725580.0
1777159949.649139,1726162,1726162.0
1777159991.5327263,1726769,1726769.0
1777160013.192614,1727076,1727076.0
1777160036.4447484,1727404,1727404.0
1777160050.7240157,1727605,1727605.0
1777160093.3196878,1728219,1728219.0
1777160126.143696,1728689,1728689.0
1777160156.0837073,1729112,1729112.0
1777160189.103734,1729581,1729581.0
1777160233.2348933,1730218,1730218.0
1777160259.6192226,1730594,1730594.0
1777160297.7546968,1731145,1731145.0
1777160336.1628568,1731688,1731688.0
1777160369.5785072,1732166,1732166.0
1777160381.8545763,1732334,1732334.0
1777160408.4465272,1732712,1732712.0
1777160447.098456,1733270,1733270.0
1777160495.4137704,1733965,1733965.0
1777160528.5496893,1734441,1734441.0
1777160555.0897167,1734815,1734815.0
1777160594.857494,1735386,1735386.0
1777160628.440878,1735872,1735872.0
1777160657.3809392,1736283,1736283.0
1777160687.81669,1736720,1736720.0
1777160710.4405909,1737040,1737040.0
1777160746.8923173,1737567,1737567.0
1777160791.6758635,1738211,1738211.0
1777160826.0445466,1738700,1738700.0
1777160862.6199567,1739226,1739226.0
1777160893.3517895,1739657,1739657.0
1777160933.5677087,1740228,1740228.0
1777160985.8948576,1740989,1740989.0
1777161018.654816,1741453,1741453.0
1777161046.538966,1741852,1741852.0
1777161079.5107217,1742319,1742319.0
1777161110.76282,1742765,1742765.0
1777161144.0068862,1743234,1743234.0
1777161174.738577,1743664,1743664.0
1777161191.1827242,1743895,1743895.0
1777161226.5384057,1744401,1744401.0
1777161257.6746862,1744846,1744846.0
1777161294.6578724,1745373,1745373.0
1777161338.5744197,1746011,1746011.0
1777161378.6740265,1746585,1746585.0
1777161398.4495502,1746860,1746860.0
1777161421.5416963,1747180,1747180.0
1777161436.9497147,1747399,1747399.0
1777161481.4175699,1748029,1748029.0
1777161498.8097777,1748274,1748274.0
1777161546.745625,1748958,1748958.0
1777161575.5614717,1749366,1749366.0
1777161618.6774096,1749992,1749992.0
1777161655.645013,1750521,1750521.0
1777161675.0527987,1750794,1750794.0
1777161696.6286623,1751099,1751099.0
1777161739.5648227,1751721,1751721.0
1777161769.6366339,1752153,1752153.0
1777161807.9567342,1752697,1752697.0
1777161841.7244866,1753182,1753182.0
1777161855.2240665,1753373,1753373.0
1777161895.0400398,1753939,1753939.0
1777161925.8721378,1754381,1754381.0
1777161960.139806,1754868,1754868.0
1777161990.831718,1755307,1755307.0
1777162007.4396951,1755542,1755542.0
1777162044.7755604,1756077,1756077.0
1777162081.626935,1756606,1756606.0
1777162109.0997682,1756999,1756999.0
1777162146.2509506,1757534,1757534.0
1777162173.8746204,1757929,1757929.0
1777162216.2265863,1758541,1758541.0
1777162255.8107667,1759109,1759109.0
1777162271.1185555,1759320,1759320.0
1777162297.4785726,1759693,1759693.0
1777162329.546409,1760152,1760152.0
1777162354.7698045,1760505,1760505.0
1777162377.1945264,1760822,1760822.0
1777162401.0216563,1761162,1761162.0
1777162427.5377347,1761537,1761537.0
1777162467.7738056,1762109,1762109.0
1777162488.3976364,1762402,1762402.0
1777162509.5375555,1762700,1762700.0
1777162541.4293613,1763152,1763152.0
1777162575.2330713,1763634,1763634.0
1777162599.0047655,1763967,1763967.0
1777162620.972768,1764274,1764274.0
1777162654.0645237,1764751,1764751.0
1777162691.964605,1765291,1765291.0
1777162734.0164404,1765895,1765895.0
1777162776.567952,1766505,1766505.0
1777162801.8080118,1766863,1766863.0
1777162831.4757984,1767286,1767286.0
1777162873.4437578,1767889,1767889.0
1777162906.0036745,1768358,1768358.0
1777162939.167074,1768829,1768829.0
1777162971.08729,1769289,1769289.0
1777163001.9433875,1769732,1769732.0
1777163018.7710578,1769963,1769963.0
1777163057.702996,1770524,1770524.0
1777163088.9467127,1770967,1770967.0
1777163125.9468062,1771499,1771499.0
1777163160.814139,1771998,1771998.0
1777163191.9623997,1772440,1772440.0
1777163232.3977945,1773019,1773019.0
1777163255.937797,1773349,1773349.0
1777163294.0896327,1773893,1773893.0
1777163332.9815342,1774457,1774457.0
1777163376.8736064,1775087,1775087.0
1777163406.2410254,1775503,1775503.0
1777163442.9329307,1776030,1776030.0
1777163475.784724,1776497,1776497.0
1777163505.7926106,1776926,1776926.0
1777163538.292252,1777390,1777390.0
1777163559.635907,1777688,1777688.0
1777163603.0999897,1778314,1778314.0
1777163636.4439049,1778791,1778791.0
1777163664.375562,1779190,1779190.0
1777163687.9517016,1779521,1779521.0
1777163707.727484,1779795,1779795.0
1777163750.311386,1780410,1780410.0
1777163780.5472407,1780841,1780841.0
1777163811.0869808,1781276,1781276.0
1777163843.4387782,1781744,1781744.0
1777163876.1147165,1782215,1782215.0
1777163922.4898655,1782884,1782884.0
1777163946.0299277,1783217,1783217.0
1777163967.573775,1783528,1783528.0
1777164000.197931,1783988,1783988.0
1777164029.0501943,1784400,1784400.0
1777164060.8817368,1784853,1784853.0
1777164094.9255588,1785342,1785342.0
1777164127.1733801,1785806,1785806.0
1777164171.9413445,1786455,1786455.0
1777164197.0331419,1786809,1786809.0
1777164225.1168,1787207,1787207.0
1777164267.0687275,1787814,1787814.0
1777164300.5766268,1788289,1788289.0
1777164350.3000543,1789011,1789011.0
1777164373.776416,1789336,1789336.0
1777164417.359643,1789960,1789960.0
1777164441.1035898,1790297,1790297.0
1777164479.6119368,1790842,1790842.0
1777164508.135658,1791257,1791257.0
1777164539.8791304,1791705,1791705.0
1777164548.9036443,1791825,1791825.0
1777164585.1790173,1792348,1792348.0
1777164614.8306768,1792773,1792773.0
1777164651.66272,1793306,1793306.0
1777164672.7706532,1793600,1793600.0
1777164696.5826209,1793937,1793937.0
1777164734.6304348,1794486,1794486.0
1777164758.8059275,1794828,1794828.0
1777164788.874037,1795254,1795254.0
1777164812.4497702,1795583,1795583.0
1777164856.181375,1796217,1796217.0
1777164877.5097775,1796518,1796518.0
1777164919.525509,1797123,1797123.0
1777164935.484852,1797338,1797338.0
1777164950.817486,1797555,1797555.0
1777164973.4169056,1797871,1797871.0
1777165011.5409856,1798423,1798423.0
1777165055.2364125,1799050,1799050.0
1777165087.7446907,1799513,1799513.0
1777165138.1682334,1800244,1800244.0
1777165162.3764734,1800587,1800587.0
1777165197.743787,1801095,1801095.0
1777165231.3202047,1801576,1801576.0
1777165263.171804,1802029,1802029.0
1777165292.8635757,1802449,1802449.0
1777165330.4950843,1802990,1802990.0
1777165368.879344,1803540,1803540.0
1777165402.8989592,1804030,1804030.0
1777165429.8228762,1804409,1804409.0
1777165445.6629405,1804624,1804624.0
1777165494.1667361,1805334,1805334.0
1777165535.2826428,1805914,1805914.0
1777165569.0503817,1806399,1806399.0
1777165602.9978678,1806888,1806888.0
1777165633.0902,1807317,1807317.0
1777165662.4421518,1807738,1807738.0
1777165687.933805,1808099,1808099.0
1777165712.2497628,1808443,1808443.0
1777165736.2017634,1808787,1808787.0
1777165767.6696107,1809238,1809238.0
1777165802.569064,1809733,1809733.0
1777165823.8292968,1810034,1810034.0
1777165868.0129347,1810669,1810669.0
1777165896.23696,1811073,1811073.0
1777165933.8368373,1811611,1811611.0
1777165946.2963502,1811781,1811781.0
1777165978.4046896,1812242,1812242.0
1777166027.5122464,1812950,1812950.0
1777166052.8559575,1813309,1813309.0
1777166096.4398692,1813941,1813941.0
1777166128.3396738,1814398,1814398.0
1777166147.8997467,1814670,1814670.0
1777166182.171486,1815163,1815163.0
1777166207.5555751,1815524,1815524.0
1777166239.2992604,1815980,1815980.0
1777166267.5388074,1816381,1816381.0
1777166299.2592313,1816837,1816837.0
1777166335.97454,1817372,1817372.0
1777166372.5907805,1817888,1817888.0
1777166392.8186789,1818177,1818177.0
1777166421.7425506,1818583,1818583.0
1777166454.7262008,1819056,1819056.0
1777166478.7498858,1819395,1819395.0
1777166510.6939638,1819849,1819849.0
1777166538.9938715,1820250,1820250.0
1777166564.1697223,1820607,1820607.0
1777166598.33745,1821096,1821096.0
1777166632.3454776,1821584,1821584.0
1777166656.1135716,1821919,1821919.0
1777166698.8448486,1822535,1822535.0
1777166717.052792,1822786,1822786.0
1777166727.2048786,1822926,1822926.0
1777166767.5727224,1823504,1823504.0
1777166801.1407394,1823982,1823982.0
1777166840.2405183,1824547,1824547.0
1777166894.5399752,1825334,1825334.0
1777166933.391915,1825896,1825896.0
1777166968.7397714,1826405,1826405.0
1777167004.7756016,1826918,1826918.0
1777167033.931501,1827337,1827337.0
1777167056.7432237,1827665,1827665.0
1777167091.090945,1828155,1828155.0
1777167124.0909474,1828622,1828622.0
1777167152.8350046,1829029,1829029.0
1777167190.5667572,1829570,1829570.0
1777167227.1506908,1830091,1830091.0
1777167264.2025878,1830629,1830629.0
1777167292.64607,1831033,1831033.0
1777167326.694653,1831521,1831521.0
1777167349.1538646,1831831,1831831.0
1777167379.2458105,1832259,1832259.0
1777167391.1856945,1832427,1832427.0
1777167423.2057674,1832880,1832880.0
1777167454.713791,1833334,1833334.0
1777167510.4577348,1834146,1834146.0
1777167527.5976002,1834385,1834385.0
1777167569.413598,1834985,1834985.0
1777167598.7408853,1835406,1835406.0
1777167634.0489297,1835907,1835907.0
1777167672.3729568,1836455,1836455.0
1777167712.9766095,1837039,1837039.0
1777167749.492478,1837560,1837560.0
1777167770.416759,1837854,1837854.0
1777167795.376466,1838205,1838205.0
1777167841.1919508,1838869,1838869.0
1777167883.3920758,1839465,1839465.0
1777167921.9277356,1840016,1840016.0
1777167940.2681708,1840271,1840271.0
1777167973.371641,1840744,1840744.0
1777168010.519804,1841276,1841276.0
1777168053.8873963,1841907,1841907.0
1777168090.654961,1842428,1842428.0
1777168113.0469527,1842752,1842752.0
1777168148.5387952,1843253,1843253.0
1777168183.0227919,1843746,1843746.0
1777168218.8547251,1844259,1844259.0
1777168265.8907363,1844933,1844933.0
1777168293.222362,1845328,1845328.0
1777168343.3739085,1846048,1846048.0
1777168371.3659225,1846445,1846445.0
1777168387.9896598,1846675,1846675.0
1777168425.3097718,1847214,1847214.0
1777168474.4016824,1847930,1847930.0
1777168507.98555,1848411,1848411.0
1777168542.9089773,1848909,1848909.0
1777168600.7213967,1849747,1849747.0
1777168634.9688382,1850235,1850235.0
1777168670.796443,1850753,1850753.0
1777168703.528381,1851221,1851221.0
1777168735.2524855,1851671,1851671.0
1777168772.2877967,1852206,1852206.0
1777168817.7559896,1852858,1852858.0
1777168841.9399023,1853201,1853201.0
1777168871.2157156,1853616,1853616.0
1777168904.1156807,1854082,1854082.0
1777168938.1917374,1854572,1854572.0
1777168975.2234325,1855109,1855109.0
1777169003.9392836,1855518,1855518.0
1777169052.9070175,1856226,1856226.0
1777169095.758618,1856846,1856846.0
1777169133.9267316,1857390,1857390.0
1777169166.1586962,1857846,1857846.0
1777169195.3025692,1858271,1858271.0
1777169235.1341794,1858833,1858833.0
1777169272.718078,1859375,1859375.0
1777169300.4258375,1859765,1859765.0
1777169339.44549,1860326,1860326.0
1777169360.8216085,1860626,1860626.0
1777169387.9535098,1861012,1861012.0
1777169438.7289786,1861740,1861740.0
1777169449.645507,1861888,1861888.0
1777169479.452864,1862309,1862309.0
1777169519.0046172,1862884,1862884.0
1777169561.7564864,1863492,1863492.0
1777169590.5045578,1863902,1863902.0
1777169621.5959916,1864342,1864342.0
1777169662.3157015,1864931,1864931.0
1777169706.839631,1865573,1865573.0
1777169735.0997565,1865977,1865977.0
1777169771.0837379,1866489,1866489.0
1777169804.3909435,1866961,1866961.0
1777169827.2148476,1867284,1867284.0
1777169860.3830042,1867761,1867761.0
1777169899.666796,1868324,1868324.0
1777169923.858733,1868661,1868661.0
1777169968.7426634,1869311,1869311.0
1777169998.826489,1869738,1869738.0
1777170040.3258123,1870331,1870331.0
1777170069.0620742,1870738,1870738.0
1777170091.6458466,1871058,1871058.0
1777170128.3614066,1871576,1871576.0
1777170174.9697168,1872251,1872251.0
1777170187.4892697,1872420,1872420.0
1777170227.9529796,1873002,1873002.0
1777170254.8568416,1873384,1873384.0
1777170296.4889479,1873981,1873981.0
1777170338.9564,1874592,1874592.0
1777170371.8646674,1875065,1875065.0
1777170394.172514,1875381,1875381.0
1777170436.5559046,1875988,1875988.0
1777170499.4240313,1876897,1876897.0
1777170542.4757168,1877524,1877524.0
1777170570.9837263,1877932,1877932.0
1777170593.52774,1878246,1878246.0
1777170623.9276023,1878679,1878679.0
1777170661.2950928,1879219,1879219.0
1777170684.3870797,1879543,1879543.0
1777170717.7946808,1880021,1880021.0
1777170770.6026745,1880786,1880786.0
1777170806.4547222,1881301,1881301.0
1777170846.5859687,1881879,1881879.0
1777170864.4943514,1882125,1882125.0
1777170900.253855,1882644,1882644.0
1777170942.5898767,1883250,1883250.0
1777170983.9654758,1883847,1883847.0
1777171000.889357,1884082,1884082.0
1777171021.7057736,1884376,1884376.0
1777171057.905551,1884897,1884897.0
1777171099.5889938,1885493,1885493.0
1777171123.0892963,1885819,1885819.0
1777171162.248809,1886385,1886385.0
1777171200.2166562,1886934,1886934.0
1777171219.4406939,1887200,1887200.0
1777171249.360748,1887622,1887622.0
1777171276.2325315,1888003,1888003.0
1777171320.3679633,1888644,1888644.0
1777171352.3518395,1889103,1889103.0
1777171397.1673691,1889750,1889750.0
1777171439.458773,1890361,1890361.0
1777171481.9023216,1890965,1890965.0
1777171526.685874,1891612,1891612.0
1777171542.9098113,1891839,1891839.0
1777171592.2205904,1892555,1892555.0
1777171616.0925026,1892892,1892892.0
1777171651.7119606,1893403,1893403.0
1777171674.5200338,1893722,1893722.0
1777171708.0597699,1894202,1894202.0
1777171743.9792194,1894721,1894721.0
1777171770.0545952,1895088,1895088.0
1777171802.5706203,1895551,1895551.0
1777171828.6939335,1895922,1895922.0
1777171858.6776268,1896344,1896344.0
1777171892.8537707,1896837,1896837.0
1777171925.6210287,1897299,1897299.0
1777171953.496913,1897696,1897696.0
1777171995.756539,1898299,1898299.0
1777172029.02824,1898781,1898781.0
1777172069.8957195,1899370,1899370.0
1777172100.831932,1899806,1899806.0
1777172143.4474905,1900419,1900419.0
1777172170.0068529,1900797,1900797.0
1777172197.731147,1901189,1901189.0
1777172240.390752,1901796,1901796.0
1777172273.413841,1902269,1902269.0
1777172295.1899621,1902580,1902580.0
1777172329.7258034,1903071,1903071.0
1777172354.9255733,1903426,1903426.0
1777172401.0088964,1904095,1904095.0
1777172432.964795,1904547,1904547.0
1777172471.948452,1905102,1905102.0
1777172488.5607178,1905335,1905335.0
1777172519.200521,1905773,1905773.0
1777172565.0759447,1906435,1906435.0
1777172596.599711,1906883,1906883.0
1777172621.4757512,1907245,1907245.0
1777172656.8953326,1907746,1907746.0
1777172685.342782,1908152,1908152.0
1777172726.6628556,1908752,1908752.0
1777172750.4346163,1909089,1909089.0
1777172771.3624682,1909384,1909384.0
1777172802.038718,1909824,1909824.0
1777172845.0219088,1910444,1910444.0
1777172868.4538078,1910778,1910778.0
1777172903.0295303,1911274,1911274.0
1777172942.51395,1911841,1911841.0
1777172975.5294023,1912312,1912312.0
1777173007.7967575,1912774,1912774.0
1777173043.488441,1913278,1913278.0
1777173083.7885764,1913862,1913862.0
1777173113.539809,1914281,1914281.0
1777173140.3643837,1914659,1914659.0
1777173157.2559547,1914896,1914896.0
1777173194.275722,1915425,1915425.0
1777173235.475591,1916019,1916019.0
1777173270.942834,1916530,1916530.0
1777173299.315049,1916931,1916931.0
1777173328.4270747,1917347,1917347.0
1777173352.5587292,1917689,1917689.0
1777173386.9826496,1918177,1918177.0
1777173414.8659976,1918574,1918574.0
1777173433.1420617,1918826,1918826.0
1777173465.1499045,1919288,1919288.0
1777173499.253731,1919775,1919775.0
1777173551.301696,1920535,1920535.0
1777173584.529353,1920999,1920999.0
1777173624.2529337,1921568,1921568.0
1777173653.644678,1921987,1921987.0
1777173688.3205512,1922484,1922484.0
1777173727.044237,1923046,1923046.0
1777173754.8878086,1923434,1923434.0
1777173777.0557325,1923749,1923749.0
1777173805.6638093,1924153,1924153.0
1777173835.4395335,1924580,1924580.0
1777173901.0392287,1925529,1925529.0
1777173939.2746713,1926084,1926084.0
1777173986.7743118,1926767,1926767.0
1777174027.5222516,1927349,1927349.0
1777174072.2060182,1927994,1927994.0
1777174099.3417966,1928380,1928380.0
1777174133.3817327,1928869,1928869.0
1777174163.0494738,1929286,1929286.0
1777174197.4407783,1929779,1929779.0
1777174240.0088754,1930396,1930396.0
1777174279.792657,1930966,1930966.0
1777174302.8085785,1931294,1931294.0
1777174356.8766031,1932072,1932072.0
1777174382.4359736,1932435,1932435.0
1777174411.6676455,1932852,1932852.0
1777174445.187711,1933335,1933335.0
1777174463.8956623,1933595,1933595.0
1777174491.735333,1933989,1933989.0
1777174523.7467976,1934446,1934446.0
1777174560.0109901,1934971,1934971.0
1777174601.2467308,1935570,1935570.0
1777174624.8545194,1935900,1935900.0
1777174655.3226693,1936333,1936333.0
1777174679.0460498,1936665,1936665.0
1777174714.7818682,1937180,1937180.0
1777174757.6654694,1937792,1937792.0
1777174787.6495478,1938220,1938220.0
1777174836.5488217,1938930,1938930.0
1777174870.880709,1939419,1939419.0
1777174910.4647262,1939989,1939989.0
1777174940.6564116,1940416,1940416.0
1777174970.5243807,1940836,1940836.0
1777175002.315997,1941285,1941285.0
1777175032.467749,1941718,1941718.0
1777175077.5515912,1942370,1942370.0
1777175111.927472,1942862,1942862.0
1777175128.9671743,1943095,1943095.0
1777175149.5107515,1943378,1943378.0
1777175181.1427882,1943834,1943834.0
1777175215.7109141,1944329,1944329.0
1777175264.0263352,1945032,1945032.0
1777175296.9098337,1945498,1945498.0
1777175329.6860375,1945966,1945966.0
1777175352.6617515,1946293,1946293.0
1777175388.0137186,1946796,1946796.0
1777175424.9614718,1947324,1947324.0
1777175447.7051427,1947643,1947643.0
1777175500.7133956,1948409,1948409.0
1777175519.4057467,1948670,1948670.0
1777175562.2580554,1949290,1949290.0
1777175591.9187903,1949711,1949711.0
1777175627.794997,1950215,1950215.0
1777175656.52761,1950625,1950625.0
1777175700.9036443,1951267,1951267.0
1777175742.6559527,1951870,1951870.0
1777175780.420507,1952408,1952408.0
1777175826.4726715,1953071,1953071.0
1777175852.1810334,1953436,1953436.0
1777175881.9327867,1953862,1953862.0
1777175917.5577648,1954378,1954378.0
1777175954.2934105,1954906,1954906.0
1777175982.9416304,1955315,1955315.0
1777176015.2017283,1955773,1955773.0
1777176042.593798,1956160,1956160.0
1777176073.3095868,1956601,1956601.0
1777176105.0936763,1957052,1957052.0
1777176141.6778862,1957570,1957570.0
1777176167.022111,1957929,1957929.0
1777176200.1981094,1958402,1958402.0
1777176239.7299762,1958974,1958974.0
1777176274.9820578,1959475,1959475.0
1777176310.5980172,1959989,1959989.0
1777176359.6343338,1960697,1960697.0
1777176391.9818814,1961160,1961160.0
1777176443.202313,1961898,1961898.0
1777176470.8697858,1962290,1962290.0
1777176495.6938088,1962651,1962651.0
1777176524.9016597,1963069,1963069.0
1777176542.2104578,1963303,1963303.0
1777176573.1100657,1963747,1963747.0
1777176619.1136374,1964406,1964406.0
1777176668.2137003,1965118,1965118.0
1777176702.2977624,1965607,1965607.0
1777176742.797769,1966185,1966185.0
1777176791.2496767,1966888,1966888.0
1777176829.249707,1967428,1967428.0
1777176861.9655972,1967895,1967895.0
1777176893.6657043,1968351,1968351.0
1777176915.1569803,1968656,1968656.0
1777176961.2573588,1969321,1969321.0
1777177000.241501,1969874,1969874.0
1777177020.4688504,1970154,1970154.0
1777177044.9096384,1970494,1970494.0
1777177060.7167983,1970714,1970714.0
1777177103.0370016,1971321,1971321.0
1777177144.0369534,1971909,1971909.0
1777177187.252852,1972530,1972530.0
1777177213.5807006,1972906,1972906.0
1777177230.7883751,1973144,1973144.0
1777177259.6206715,1973556,1973556.0
1777177290.212013,1973988,1973988.0
1777177331.047911,1974575,1974575.0
1777177371.64803,1975153,1975153.0
1777177395.272012,1975488,1975488.0
1777177434.6639602,1976049,1976049.0
1777177463.5240173,1976460,1976460.0
1777177484.2159338,1976754,1976754.0
1777177519.6597214,1977250,1977250.0
1777177546.059686,1977627,1977627.0
1777177590.342888,1978265,1978265.0
1777177624.2906425,1978752,1978752.0
1777177659.9826922,1979263,1979263.0
1777177700.702699,1979841,1979841.0
1777177726.918331,1980222,1980222.0
1777177760.2943902,1980697,1980697.0
1777177786.8100486,1981081,1981081.0
1777177807.6177144,1981373,1981373.0
1777177853.0695136,1982027,1982027.0
1777177872.5614195,1982306,1982306.0
1777177905.2974956,1982775,1982775.0
1777177936.837049,1983226,1983226.0
1777177954.812788,1983470,1983470.0
1777177981.972862,1983856,1983856.0
1777178031.1640599,1984560,1984560.0
1777178066.2558243,1985067,1985067.0
1777178105.1398017,1985621,1985621.0
1777178129.5076518,1985964,1985964.0
1777178169.83975,1986547,1986547.0
1777178198.4473188,1986955,1986955.0
1777178231.083335,1987422,1987422.0
1777178266.474868,1987933,1987933.0
1777178306.443324,1988505,1988505.0
1777178341.1088076,1989000,1989000.0
1777178370.4586217,1989416,1989416.0
1777178397.2186759,1989799,1989799.0
1777178434.8865097,1990337,1990337.0
1777178466.6579092,1990789,1990789.0
1777178495.8423395,1991202,1991202.0
1777178518.517938,1991525,1991525.0
1777178560.0017962,1992126,1992126.0
1777178595.6016738,1992639,1992639.0
1777178636.9216337,1993232,1993232.0
1777178671.2134879,1993724,1993724.0
1777178699.0809703,1994120,1994120.0
1777178739.096873,1994701,1994701.0
1777178772.9047956,1995181,1995181.0
1777178811.2726629,1995724,1995724.0
1777178844.6244092,1996206,1996206.0
1777178874.7323499,1996638,1996638.0
1777178900.0002131,1997003,1997003.0
1777178931.97199,1997454,1997454.0
1777178967.2236943,1997956,1997956.0
1777178996.5836391,1998378,1998378.0
1777179028.0517676,1998821,1998821.0
1777179079.2436762,1999566,1999566.0
1777179111.8674698,2000026,2000026.0
1777179150.3349879,2000520,2000520.0
1777179195.1111686,2001168,2001168.0
1777179238.8188393,2001792,2001792.0
1777179270.7866774,2002251,2002251.0
1777179289.2787673,2002517,2002517.0
1777179320.4705374,2002965,2002965.0
1777179350.5225651,2003389,2003389.0
1777179376.3782299,2003751,2003751.0
1777179415.430012,2004305,2004305.0
1777179453.0456264,2004845,2004845.0
1777179493.6458442,2005428,2005428.0
1777179518.2737396,2005771,2005771.0
1777179555.5577471,2006301,2006301.0
1777179584.4493186,2006712,2006712.0
1777179620.580812,2007229,2007229.0
1777179652.9644418,2007695,2007695.0
1777179684.0927477,2008134,2008134.0
1777179709.676298,2008501,2008501.0
1777179745.8998377,2009017,2009017.0
1777179780.0997899,2009506,2009506.0
1777179794.459637,2009707,2009707.0
1777179827.691607,2010178,2010178.0
1777179853.582816,2010545,2010545.0
1777179880.9109302,2010931,2010931.0
1777179907.5508208,2011309,2011309.0
1777179936.4347098,2011714,2011714.0
1777179959.5947056,2012038,2012038.0
1777179992.094502,2012503,2012503.0
1777180021.6858208,2012927,2012927.0
1777180043.6618516,2013236,2013236.0
1777180067.3379822,2013572,2013572.0
1777180097.6698232,2014007,2014007.0
1777180124.3294914,2014381,2014381.0
1777180154.5450609,2014814,2014814.0
1777180181.0689273,2015195,2015195.0
1777180233.0808191,2015942,2015942.0
1777180281.49662,2016643,2016643.0
1777180321.7480998,2017211,2017211.0
1777180355.1480386,2017690,2017690.0
1777180390.8236382,2018203,2018203.0
1777180418.6558547,2018598,2018598.0
1777180441.4476278,2018914,2018914.0
1777180469.3557389,2019309,2019309.0
1777180510.4917245,2019904,2019904.0
1777180530.0829027,2020175,2020175.0
1777180572.6834128,2020791,2020791.0
1777180610.882549,2021336,2021336.0
1777180625.790748,2021534,2021534.0
1777180668.6587305,2022155,2022155.0
1777180695.5664809,2022535,2022535.0
1777180726.1698391,2022965,2022965.0
1777180772.833937,2023633,2023633.0
1777180801.9860373,2024047,2024047.0
1777180826.2297645,2024391,2024391.0
1777180854.5537443,2024790,2024790.0
1777180892.7056808,2025336,2025336.0
1777180922.320956,2025756,2025756.0
1777180966.6207824,2026401,2026401.0
1777180991.3649266,2026752,2026752.0
1777181012.1728156,2027043,2027043.0
1777181033.4727821,2027336,2027336.0
1777181068.113023,2027831,2027831.0
1777181089.6045399,2028141,2028141.0
1777181133.1885788,2028765,2028765.0
1777181167.424184,2029254,2029254.0
1777181199.531957,2029711,2029711.0
1777181237.9678066,2030261,2030261.0
1777181251.3918393,2030440,2030440.0
1777181280.3316908,2030855,2030855.0
1777181309.567041,2031266,2031266.0
1777181356.1350234,2031939,2031939.0
1777181389.5349963,2032412,2032412.0
1777181407.675048,2032661,2032661.0
1777181453.694648,2033330,2033330.0
1777181493.9267173,2033906,2033906.0
1777181531.1623862,2034437,2034437.0
1777181576.8458614,2035090,2035090.0
1777181606.6460335,2035516,2035516.0
1777181642.53778,2036031,2036031.0
1777181692.1294591,2036752,2036752.0
1777181708.2298107,2036970,2036970.0
1777181753.75681,2037630,2037630.0
1777181790.7411,2038158,2038158.0
1777181831.5726743,2038751,2038751.0
1777181884.8247795,2039521,2039521.0
1777181909.0727363,2039858,2039858.0
1777181941.5004928,2040318,2040318.0
1777181994.2402992,2041082,2041082.0
1777182028.1757107,2041566,2041566.0
1777182066.4999714,2042119,2042119.0
1777182093.3435342,2042501,2042501.0
1777182128.0915074,2042993,2042993.0
1777182153.6354203,2043352,2043352.0
1777182195.8429265,2043960,2043960.0
1777182238.0788276,2044559,2044559.0
1777182263.070616,2044921,2044921.0
1777182304.1184955,2045509,2045509.0
1777182340.3705306,2046029,2046029.0
1777182374.6138065,2046519,2046519.0
1777182428.769999,2047299,2047299.0
1777182457.2458408,2047701,2047701.0
1777182486.1458538,2048109,2048109.0
1777182506.0897157,2048390,2048390.0
1777182539.8055599,2048874,2048874.0
1777182564.5135267,2049229,2049229.0
1777182589.7894137,2049584,2049584.0
1777182611.4809148,2049884,2049884.0
1777182642.3167453,2050325,2050325.0
1777182680.4408832,2050876,2050876.0
1777182704.0406513,2051208,2051208.0
1777182734.1006505,2051635,2051635.0
1777182777.116328,2052248,2052248.0
1777182812.6680977,2052757,2052757.0
1777182852.1004195,2053327,2053327.0
1777182893.0357013,2053915,2053915.0
1777182924.6517296,2054361,2054361.0
1777182952.6593947,2054759,2054759.0
1777183008.3031294,2055560,2055560.0
1777183054.5394552,2056224,2056224.0
1777183081.7111065,2056607,2056607.0
1777183101.9707344,2056893,2056893.0
1777183139.3988204,2057425,2057425.0
1777183159.1467326,2057702,2057702.0
1777183184.970553,2058069,2058069.0
1777183231.930423,2058743,2058743.0
1777183255.489864,2059084,2059084.0
1777183279.0981064,2059419,2059419.0
1777183316.598737,2059949,2059949.0
1777183342.4416642,2060321,2060321.0
1777183381.7732797,2060880,2060880.0
1777183416.5736735,2061381,2061381.0
1777183460.1770482,2062010,2062010.0
1777183501.5246398,2062602,2062602.0
1777183530.8527973,2063024,2063024.0
1777183560.9847722,2063450,2063450.0
1777183594.084351,2063921,2063921.0
1777183636.2203605,2064525,2064525.0
1777183665.5118353,2064945,2064945.0
1777183706.2598095,2065536,2065536.0
1777183726.3355865,2065815,2065815.0
1777183752.095621,2066173,2066173.0
1777183783.327719,2066618,2066618.0
1777183811.9554632,2067025,2067025.0
1777183854.4393055,2067637,2067637.0
1777183880.2706609,2068007,2068007.0
1777183913.0147011,2068476,2068476.0
1777183949.1145918,2068987,2068987.0
1777183972.4544244,2069319,2069319.0
1777184015.5218184,2069939,2069939.0
1777184038.2420654,2070257,2070257.0
1777184072.6337278,2070750,2070750.0
1777184094.3416102,2071059,2071059.0
1777184112.633711,2071311,2071311.0
1777184155.7016912,2071933,2071933.0
1777184183.7328758,2072330,2072330.0
1777184217.5936263,2072812,2072812.0
1777184244.792963,2073197,2073197.0
1777184280.5246181,2073699,2073699.0
1777184320.7609315,2074280,2074280.0
1777184354.084435,2074754,2074754.0
1777184379.6918712,2075118,2075118.0
1777184410.3122647,2075552,2075552.0
1777184440.7195976,2075982,2075982.0
1777184484.9117858,2076626,2076626.0
1777184519.711563,2077115,2077115.0
1777184553.6713195,2077598,2077598.0
1777184597.6870794,2078235,2078235.0
1777184618.9467103,2078526,2078526.0
1777184643.94686,2078880,2078880.0
1777184665.9227207,2079190,2079190.0
1777184692.1148202,2079562,2079562.0
1777184728.0666687,2080079,2080079.0
1777184765.9659514,2080614,2080614.0
1777184794.489751,2081021,2081021.0
1777184837.0058742,2081633,2081633.0
1777184858.9974554,2081936,2081936.0
1777184888.10197,2082350,2082350.0
1777184932.7495575,2082993,2082993.0
1777184969.3335245,2083513,2083513.0
1777185001.3610525,2083971,2083971.0
1777185027.5527573,2084350,2084350.0
1777185054.9687562,2084737,2084737.0
1777185099.3527987,2085364,2085364.0
1777185147.6040535,2086065,2086065.0
1777185172.2878067,2086410,2086410.0
1777185203.2122586,2086850,2086850.0
1777185227.3200283,2087189,2087189.0
1777185252.9718797,2087555,2087555.0
1777185285.9477496,2088030,2088030.0
1777185320.6796796,2088524,2088524.0
1777185337.139239,2088747,2088747.0
1777185367.5156493,2089180,2089180.0
1777185399.7987897,2089641,2089641.0
1777185428.0709462,2090045,2090045.0
1777185454.3067815,2090414,2090414.0
1777185489.6147847,2090920,2090920.0
1777185517.8506699,2091317,2091317.0
1777185557.9665596,2091893,2091893.0
1777185603.6500628,2092549,2092549.0
1777185643.6338012,2093123,2093123.0
1777185682.517755,2093684,2093684.0
1777185750.0255558,2094657,2094657.0
1777185789.324803,2095219,2095219.0
1777185827.6931276,2095773,2095773.0
1777185857.568658,2096197,2096197.0
1777185894.752664,2096735,2096735.0
1777185928.0368128,2097210,2097210.0
1777185972.604582,2097848,2097848.0
1777186004.25591,2098303,2098303.0
1777186047.2041075,2098923,2098923.0
1777186078.4797943,2099370,2099370.0
1777186104.2156992,2099730,2099730.0
1777186146.5996628,2100336,2100336.0
1777186184.163337,2100880,2100880.0
1777186211.3387873,2101269,2101269.0
1777186245.758989,2101757,2101757.0
1777186287.6428478,2102362,2102362.0
1777186317.3148391,2102782,2102782.0
1777186335.006725,2103028,2103028.0
1777186374.0265925,2103592,2103592.0
1777186403.318436,2104003,2104003.0
1777186448.5578766,2104649,2104649.0
1777186469.0700104,2104938,2104938.0
1777186501.4776397,2105396,2105396.0
1777186538.561752,2105924,2105924.0
1777186560.9696763,2106235,2106235.0
1777186592.5696213,2106683,2106683.0
1777186627.0213192,2107177,2107177.0
1777186660.244867,2107650,2107650.0
1777186710.3215766,2108376,2108376.0
1777186746.1290064,2108879,2108879.0
1777186781.7127285,2109387,2109387.0
1777186823.8318799,2109997,2109997.0
1777186854.795846,2110439,2110439.0
1777186910.6398258,2111246,2111246.0
1777186939.2157109,2111649,2111649.0
1777186971.5073586,2112108,2112108.0
1777186996.3914733,2112460,2112460.0
1777187047.322877,2113195,2113195.0
1777187092.6272554,2113848,2113848.0
1777187129.0106783,2114369,2114369.0
1777187169.1267483,2114938,2114938.0
1777187197.7787426,2115346,2115346.0
1777187231.0864885,2115827,2115827.0
1777187250.7626014,2116105,2116105.0
1777187280.277865,2116526,2116526.0
1777187304.9019573,2116875,2116875.0
1777187319.4616864,2117070,2117070.0
1777187353.5377233,2117560,2117560.0
1777187381.7377207,2117955,2117955.0
1777187407.4613764,2118320,2118320.0
1777187445.445011,2118862,2118862.0
1777187460.7734044,2119079,2119079.0
1777187506.7370098,2119741,2119741.0
1777187552.9046736,2120405,2120405.0
1777187578.0646238,2120762,2120762.0
1777187593.0043566,2120961,2120961.0
1777187642.80017,2121679,2121679.0
1777187691.432021,2122387,2122387.0
1777187716.191679,2122740,2122740.0
1777187734.083846,2122990,2122990.0
1777187758.3394792,2123340,2123340.0
1777187768.015668,2123460,2123460.0
1777187806.4157317,2124016,2124016.0
1777187832.2077212,2124382,2124382.0
1777187855.210878,2124705,2124705.0
1777187897.8587537,2125318,2125318.0
1777187908.9109795,2125471,2125471.0
1777187961.4945023,2126228,2126228.0
1777187988.578648,2126612,2126612.0
1777188006.6867127,2126859,2126859.0
1777188032.446499,2127222,2127222.0
1777188055.8539243,2127560,2127560.0
1777188081.962072,2127928,2127928.0
1777188122.4778845,2128506,2128506.0
1777188145.0858412,2128830,2128830.0
1777188168.6897233,2129155,2129155.0
1777188189.161471,2129440,2129440.0
1777188239.7656448,2130173,2130173.0
1777188286.1649613,2130836,2130836.0
1777188307.0730186,2131129,2131129.0
1777188333.024965,2131501,2131501.0
1777188371.0887952,2132040,2132040.0
1777188405.416251,2132536,2132536.0
1777188429.732504,2132880,2132880.0
1777188465.1561682,2133391,2133391.0
1777188499.3919857,2133881,2133881.0
1777188526.8315663,2134267,2134267.0
1777188562.6835594,2134782,2134782.0
1777188603.3197718,2135368,2135368.0
1777188632.0189836,2135773,2135773.0
1777188654.2592185,2136084,2136084.0
1777188681.887052,2136474,2136474.0
1777188717.2707522,2136985,2136985.0
1777188749.594562,2137447,2137447.0
1777188771.702709,2137755,2137755.0
1777188798.1023836,2138131,2138131.0
1777188823.6619854,2138489,2138489.0
1777188858.5619838,2138993,2138993.0
1777188894.4140315,2139508,2139508.0
1777188926.221531,2139958,2139958.0
1777188950.1616998,2140297,2140297.0
1777188991.845227,2140897,2140897.0
1777189017.3494985,2141259,2141259.0
1777189061.3814306,2141888,2141888.0
1777189077.188836,2142106,2142106.0
1777189118.588839,2142697,2142697.0
1777189133.1890647,2142903,2142903.0
1777189166.6086285,2143383,2143383.0
1777189215.8765182,2144090,2144090.0
1777189254.3923464,2144647,2144647.0
1777189276.5162194,2144953,2144953.0
1777189312.551974,2145472,2145472.0
1777189348.5515704,2145988,2145988.0
1777189377.211441,2146391,2146391.0
1777189397.8513849,2146679,2146679.0
1777189428.0874476,2147107,2147107.0
1777189462.3028083,2147597,2147597.0
1777189497.510952,2148099,2148099.0
1777189525.0789864,2148492,2148492.0
1777189553.8027604,2148898,2148898.0
1777189586.10262,2149362,2149362.0
1777189602.3866975,2149584,2149584.0
1777189648.7978578,2150261,2150261.0
1777189695.4619002,2150929,2150929.0
1777189729.7456884,2151418,2151418.0
1777189763.23776,2151897,2151897.0
1777189782.2657218,2152159,2152159.0
1777189821.6817074,2152727,2152727.0
1777189854.6973863,2153196,2153196.0
1777189880.4889624,2153558,2153558.0
1777189923.9734013,2154185,2154185.0
1777189954.0089555,2154614,2154614.0
1777189974.1008594,2154897,2154897.0
1777190000.7251098,2155270,2155270.0
1777190025.5455198,2155620,2155620.0
1777190053.6371758,2156019,2156019.0
1777190071.1087618,2156261,2156261.0
1777190095.4689846,2156605,2156605.0
1777190132.8530064,2157140,2157140.0
1777190158.4289713,2157496,2157496.0
1777190213.8207116,2158292,2158292.0
1777190235.9647193,2158601,2158601.0
1777190276.9807754,2159192,2159192.0
1777190312.032608,2159694,2159694.0
1777190342.704465,2160130,2160130.0
1777190381.5558922,2160683,2160683.0
1777190411.7000222,2161115,2161115.0
1777190444.547867,2161588,2161588.0
1777190484.7317667,2162162,2162162.0
1777190522.13177,2162697,2162697.0
1777190549.123797,2163077,2163077.0
1777190563.7517128,2163276,2163276.0
1777190591.1437826,2163668,2163668.0
1777190610.9676392,2163948,2163948.0
1777190639.8193896,2164355,2164355.0
1777190670.7949476,2164799,2164799.0
1777190685.6050496,2165000,2165000.0
1777190714.1711192,2165408,2165408.0
1777190735.170861,2165703,2165703.0
1777190778.5106723,2166324,2166324.0
1777190795.8948655,2166569,2166569.0
1777190836.1707191,2167143,2167143.0
1777190871.1787279,2167642,2167642.0
1777190915.0785232,2168279,2168279.0
1777190952.381932,2168799,2168799.0
1777190981.1459165,2169208,2169208.0
1777191006.121797,2169568,2169568.0
1777191048.8576682,2170181,2170181.0
1777191080.257827,2170627,2170627.0
1777191137.209738,2171454,2171454.0
1777191165.0936737,2171847,2171847.0
1777191189.8493338,2172200,2172200.0
1777191220.8090553,2172644,2172644.0
1777191251.2087986,2173076,2173076.0
1777191283.3928347,2173532,2173532.0
1777191313.4689653,2173957,2173957.0
1777191360.684802,2174641,2174641.0
1777191399.7366214,2175199,2175199.0
1777191442.0364957,2175812,2175812.0
1777191477.936238,2176329,2176329.0
1777191509.104294,2176774,2176774.0
1777191535.6121583,2177144,2177144.0
1777191572.7797458,2177679,2177679.0
1777191597.9037192,2178032,2178032.0
1777191644.271668,2178696,2178696.0
1777191675.4714918,2179141,2179141.0
1777191702.8073764,2179532,2179532.0
1777191745.7669585,2180156,2180156.0
1777191771.8149524,2180525,2180525.0
1777191797.7587247,2180886,2180886.0
1777191820.142802,2181199,2181199.0
1777191842.6586256,2181521,2181521.0
1777191874.090461,2181968,2181968.0
1777191903.5500073,2182386,2182386.0
1777191924.3099077,2182669,2182669.0
1777191963.9417663,2183189,2183189.0
1777191986.2338912,2183494,2183494.0
1777192011.0416565,2183845,2183845.0
1777192052.9007983,2184453,2184453.0
1777192095.000805,2185054,2185054.0
1777192127.4767263,2185514,2185514.0
1777192152.119959,2185864,2185864.0
1777192185.567965,2186343,2186343.0
1777192208.7118073,2186676,2186676.0
1777192233.1036782,2187020,2187020.0
1777192277.6276975,2187652,2187652.0
1777192311.5029824,2188135,2188135.0
1777192351.7549381,2188718,2188718.0
1777192379.5066714,2189112,2189112.0
1777192397.530539,2189362,2189362.0
1777192435.322631,2189902,2189902.0
1777192467.3538408,2190359,2190359.0
1777192504.1743686,2190891,2190891.0
1777192541.1216912,2191417,2191417.0
1777192573.7051983,2191883,2191883.0
1777192609.881393,2192399,2192399.0
1777192628.688924,2192670,2192670.0
1777192669.925012,2193260,2193260.0
1777192697.3928165,2193648,2193648.0
1777192724.6686656,2194032,2194032.0
1777192761.352382,2194557,2194557.0
1777192799.724502,2195112,2195112.0
1777192823.5279002,2195452,2195452.0
1777192854.8199723,2195896,2195896.0
1777192900.6356983,2196556,2196556.0
1777192934.8357098,2197041,2197041.0
1777192957.6796014,2197368,2197368.0
1777192985.163483,2197757,2197757.0
1777193014.2712944,2198171,2198171.0
1777193041.9107056,2198560,2198560.0
1777193074.578777,2199028,2199028.0
1777193101.3549225,2199405,2199405.0
1777193132.3543918,2199848,2199848.0
1777193167.5539575,2200351,2200351.0
1777193202.8140092,2200848,2200848.0
1777193237.7657712,2201348,2201348.0
1777193256.6579282,2201613,2201613.0
1777193298.5217733,2202215,2202215.0
1777193344.989678,2202887,2202887.0
1777193368.4569304,2203217,2203217.0
1777193388.449066,2203493,2203493.0
1777193425.0729976,2204022,2204022.0
1777193457.3568492,2204481,2204481.0
1777193495.0088909,2205021,2205021.0
1777193539.1764517,2205653,2205653.0
1777193558.4164996,2205928,2205928.0
1777193590.1841102,2206383,2206383.0
1777193618.1440446,2206782,2206782.0
1777193632.684026,2206973,2206973.0
1777193682.3435192,2207683,2207683.0
1777193729.819672,2208368,2208368.0
1777193764.735389,2208872,2208872.0
1777193811.2028291,2209540,2209540.0
1777193863.4786222,2210289,2210289.0
1777193901.330517,2210831,2210831.0
1777193920.6704512,2211108,2211108.0
1777193947.1467037,2211480,2211480.0
1777193979.8983667,2211950,2211950.0
1777193998.0218818,2212197,2212197.0
1777194029.5303643,2212650,2212650.0
1777194057.9660976,2213058,2213058.0
1777194089.7418807,2213512,2213512.0
1777194116.8417275,2213895,2213895.0
1777194147.517695,2214330,2214330.0
1777194192.125044,2214971,2214971.0
1777194227.885018,2215484,2215484.0
1777194270.8852503,2216106,2216106.0
1777194300.4847062,2216528,2216528.0
1777194323.0287402,2216844,2216844.0
1777194344.1006372,2217136,2217136.0
1777194388.8039372,2217778,2217778.0
1777194410.9599886,2218089,2218089.0
1777194431.4358132,2218381,2218381.0
1777194460.271782,2218794,2218794.0
1777194508.487644,2219483,2219483.0
1777194530.0277846,2219782,2219782.0
1777194552.7398255,2220103,2220103.0
1777194577.2314804,2220455,2220455.0
1777194590.0397637,2220625,2220625.0
1777194612.555091,2220942,2220942.0
1777194650.5471013,2221482,2221482.0
1777194677.6547792,2221865,2221865.0
1777194717.222517,2222437,2222437.0
1777194749.5226388,2222893,2222893.0
1777194779.6304162,2223315,2223315.0
1777194800.789922,2223609,2223609.0
1777194827.5739958,2223989,2223989.0
1777194863.7341518,2224509,2224509.0
1777194887.917661,2224850,2224850.0
1777194908.3736324,2225142,2225142.0
1777194951.477699,2225760,2225760.0
1777194971.8695004,2226051,2226051.0
1777195000.9934475,2226466,2226466.0
1777195026.7768307,2226825,2226825.0
1777195081.4769535,2227616,2227616.0
1777195112.7605796,2228060,2228060.0
1777195146.6687608,2228550,2228550.0
1777195161.496722,2228751,2228751.0
1777195194.5124831,2229223,2229223.0
1777195234.6123908,2229802,2229802.0
1777195265.271822,2230244,2230244.0
1777195298.571791,2230713,2230713.0
1777195327.1477685,2231124,2231124.0
1777195370.8076954,2231748,2231748.0
1777195403.831472,2232220,2232220.0
1777195421.0554836,2232463,2232463.0
1777195438.5829601,2232700,2232700.0
1777195462.1233206,2233032,2233032.0
1777195498.1388445,2233545,2233545.0
1777195521.5308132,2233875,2233875.0
1777195551.4347732,2234297,2234297.0
1777195581.5907607,2234725,2234725.0
1777195608.3905587,2235107,2235107.0
1777195636.3658943,2235500,2235500.0
1777195666.8938615,2235930,2235930.0
1777195687.6179314,2236222,2236222.0
1777195719.533803,2236681,2236681.0
1777195751.4097767,2237141,2237141.0
1777195789.4456325,2237679,2237679.0
1777195820.6935852,2238122,2238122.0
1777195837.8374536,2238362,2238362.0
1777195869.91297,2238824,2238824.0
1777195891.7849846,2239131,2239131.0
1777195917.2686536,2239492,2239492.0
1777195961.7887886,2240129,2240129.0
1777195981.7808473,2240404,2240404.0
1777196011.7886014,2240834,2240834.0
1777196049.6042128,2241377,2241377.0
1777196084.5557456,2241870,2241870.0
1777196120.6877441,2242384,2242384.0
1777196156.5997286,2242897,2242897.0
1777196202.2914999,2243560,2243560.0
1777196238.3674877,2244073,2244073.0
1777196270.59891,2244537,2244537.0
1777196299.066808,2244939,2244939.0
1777196334.3267512,2245441,2245441.0
1777196374.842428,2246026,2246026.0
1777196401.6338649,2246408,2246408.0
1777196428.8859582,2246791,2246791.0
1777196466.3180008,2247332,2247332.0
1777196488.5097897,2247644,2247644.0
1777196528.2937176,2248216,2248216.0
1777196572.57725,2248851,2248851.0
1777196604.2777383,2249302,2249302.0
1777196646.9448915,2249920,2249920.0
1777196665.1967576,2250169,2250169.0
1777196709.0047185,2250805,2250805.0
1777196745.412501,2251321,2251321.0
1777196780.5119493,2251823,2251823.0
1777196814.8796682,2252307,2252307.0
1777196852.263765,2252849,2252849.0
1777196883.9397416,2253294,2253294.0
1777196926.1714282,2253903,2253903.0
1777196951.723306,2254270,2254270.0
1777196974.567314,2254590,2254590.0
1777197011.4509368,2255120,2255120.0
1777197051.4348683,2255688,2255688.0
1777197090.2425177,2256248,2256248.0
1777197126.758647,2256772,2256772.0
1777197174.018253,2257442,2257442.0
1777197200.3780785,2257815,2257815.0
1777197228.933828,2258222,2258222.0
1777197269.733747,2258813,2258813.0
1777197312.9534361,2259434,2259434.0
1777197342.3853452,2259855,2259855.0
1777197373.544941,2260296,2260296.0
1777197415.9527876,2260899,2260899.0
1777197446.8127813,2261340,2261340.0
1777197485.7967675,2261903,2261903.0
1777197514.7726476,2262316,2262316.0
1777197545.7042584,2262757,2262757.0
1777197565.211948,2263023,2263023.0
1777197611.648562,2263697,2263697.0
1777197633.3079627,2264001,2264001.0
1777197672.4077406,2264558,2264558.0
1777197705.0557945,2265022,2265022.0
1777197732.399488,2265414,2265414.0
1777197764.4989896,2265872,2265872.0
1777197802.7667558,2266416,2266416.0
1777197844.0989313,2267006,2267006.0
1777197887.5187302,2267630,2267630.0
1777197906.6585085,2267895,2267895.0
1777197938.8660004,2268357,2268357.0
1777197969.570005,2268793,2268793.0
1777198003.3699572,2269278,2269278.0
1777198041.8936338,2269826,2269826.0
1777198057.3180091,2270043,2270043.0
1777198086.3377976,2270453,2270453.0
1777198125.8217373,2271024,2271024.0
1777198173.1537526,2271706,2271706.0
1777198192.512933,2271976,2271976.0
1777198215.8048363,2272308,2272308.0
1777198248.7049787,2272781,2272781.0
1777198279.180788,2273215,2273215.0
1777198312.3126929,2273680,2273680.0
1777198340.388597,2274080,2274080.0
1777198371.7083735,2274517,2274517.0
1777198425.340022,2275296,2275296.0
1777198440.3158717,2275496,2275496.0
1777198465.2398114,2275843,2275843.0
1777198496.6599495,2276287,2276287.0
1777198528.9918075,2276753,2276753.0
1777198547.2757604,2277012,2277012.0
1777198577.1274552,2277436,2277436.0
1777198612.6268175,2277936,2277936.0
1777198636.5830402,2278277,2278277.0
1777198668.2430477,2278732,2278732.0
1777198690.0114098,2279038,2279038.0
1777198716.8347902,2279415,2279415.0
1777198744.1107416,2279797,2279797.0
1777198777.7106225,2280277,2280277.0
1777198793.254057,2280494,2280494.0
1777198834.0698707,2281082,2281082.0
1777198851.9298735,2281329,2281329.0
1777198889.4780028,2281867,2281867.0
1777198919.9217527,2282300,2282300.0
1777198951.345666,2282746,2282746.0
1777198993.145599,2283352,2283352.0
1777199028.0294738,2283854,2283854.0
1777199066.3809712,2284400,2284400.0
1777199088.2409308,2284712,2284712.0
1777199141.4326015,2285475,2285475.0
1777199174.324674,2285947,2285947.0
1777199208.276448,2286433,2286433.0
1777199224.4326553,2286653,2286653.0
1777199245.3080165,2286943,2286943.0
1777199275.1600628,2287369,2287369.0
1777199319.1756442,2288010,2288010.0
1777199370.0276036,2288742,2288742.0
1777199402.475537,2289203,2289203.0
1777199451.1949575,2289906,2289906.0
1777199485.5110688,2290394,2290394.0
1777199540.0388346,2291187,2291187.0
1777199590.502764,2291910,2291910.0
1777199625.538515,2292409,2292409.0
1777199642.0458462,2292632,2292632.0
1777199678.5700126,2293158,2293158.0
1777199708.8737566,2293594,2293594.0
1777199739.4298177,2294022,2294022.0
1777199764.7977624,2294379,2294379.0
1777199793.5734828,2294787,2294787.0
1777199812.1979337,2295052,2295052.0
1777199856.9172142,2295693,2295693.0
1777199892.7329946,2296206,2296206.0
1777199921.0728939,2296603,2296603.0
1777199969.948675,2297305,2297305.0
1777200004.8406744,2297805,2297805.0
1777200041.44394,2298336,2298336.0
1777200080.2077687,2298890,2298890.0
1777200130.703915,2299617,2299617.0
1777200146.8680143,2299832,2299832.0
1777200175.6039572,2300239,2300239.0
1777200213.3040712,2300781,2300781.0
1777200246.3276258,2301248,2301248.0
1777200272.5117166,2301619,2301619.0
1777200304.3037944,2302073,2302073.0
1777200337.2032635,2302536,2302536.0
1777200364.2474592,2302921,2302921.0
1777200397.2309842,2303389,2303389.0
1777200419.9548113,2303704,2303704.0
1777200463.4909542,2304330,2304330.0
1777200506.1753452,2304939,2304939.0
1777200534.958814,2305347,2305347.0
1777200560.082499,2305708,2305708.0
1777200597.4826257,2306236,2306236.0
1777200630.9184945,2306718,2306718.0
1777200661.3264189,2307153,2307153.0
1777200705.8498898,2307799,2307799.0
1777200753.117822,2308480,2308480.0
1777200794.077788,2309067,2309067.0
1777200839.1019258,2309711,2309711.0
1777200865.3137898,2310079,2310079.0
1777200901.597458,2310603,2310603.0
1777200939.5133357,2311149,2311149.0
1777200970.453178,2311587,2311587.0
1777201022.164783,2312333,2312333.0
1777201054.4727747,2312792,2312792.0
1777201087.7047217,2313270,2313270.0
1777201104.5965588,2313503,2313503.0
1777201125.108069,2313793,2313793.0
1777201153.2484727,2314190,2314190.0
1777201165.7558303,2314356,2314356.0
1777201187.9478064,2314674,2314674.0
1777201220.3319235,2315138,2315138.0
1777201262.4836962,2315736,2315736.0
1777201303.9996276,2316334,2316334.0
1777201345.335247,2316923,2316923.0
1777201379.591454,2317412,2317412.0
1777201420.7748988,2318008,2318008.0
1777201449.0272129,2318409,2318409.0
1777201470.2026114,2318707,2318707.0
1777201495.5629592,2319075,2319075.0
1777201536.310733,2319653,2319653.0
1777201574.7465248,2320202,2320202.0
1777201605.1306176,2320633,2320633.0
1777201634.2062418,2321044,2321044.0
1777201660.9140685,2321420,2321420.0
1777201697.5296085,2321947,2321947.0
1777201733.4135134,2322465,2322465.0
1777201772.6132493,2323015,2323015.0
1777201791.4576213,2323285,2323285.0
1777201836.6894052,2323932,2323932.0
1777201871.672758,2324434,2324434.0
1777201900.980949,2324847,2324847.0
1777201933.2327807,2325311,2325311.0
1777201970.8846898,2325852,2325852.0
1777201997.660429,2326226,2326226.0
1777202032.1759348,2326723,2326723.0
1777202062.8998582,2327161,2327161.0
1777202077.4077654,2327355,2327355.0
1777202107.1001215,2327772,2327772.0
1777202145.7357593,2328331,2328331.0
1777202173.4877603,2328722,2328722.0
1777202203.543502,2329153,2329153.0
1777202235.69602,2329609,2329609.0
1777202279.0112166,2330234,2330234.0
1777202306.3186705,2330619,2330619.0
1777202343.886717,2331156,2331156.0
1777202391.3222926,2331839,2331839.0
1777202424.9220014,2332317,2332317.0
1777202453.0821924,2332719,2332719.0
1777202474.6136045,2333024,2333024.0
1777202515.4296844,2333612,2333612.0
1777202539.3417296,2333948,2333948.0
1777202570.2651472,2334386,2334386.0
1777202603.3654613,2334858,2334858.0
1777202635.6250935,2335321,2335321.0
1777202664.8925934,2335739,2335739.0
1777202711.0924067,2336397,2336397.0
1777202748.9405231,2336937,2336937.0
1777202776.9159255,2337327,2337327.0
1777202811.6159859,2337826,2337826.0
1777202842.1682143,2338265,2338265.0
1777202888.2356615,2338926,2338926.0
1777202911.0957074,2339256,2339256.0
1777202943.0594702,2339709,2339709.0
1777202972.8872786,2340139,2340139.0
1777202985.1956577,2340308,2340308.0
1777203020.7029767,2340816,2340816.0
1777203071.0305777,2341545,2341545.0
1777203109.6307232,2342101,2342101.0
1777203138.5863488,2342516,2342516.0
1777203174.1379583,2343028,2343028.0
1777203205.1898534,2343474,2343474.0
1777203246.1896324,2344059,2344059.0
1777203287.273593,2344650,2344650.0
1777203316.033767,2345061,2345061.0
1777203343.505363,2345452,2345452.0
1777203365.2094982,2345751,2345751.0
1777203389.4167528,2346101,2346101.0
1777203413.5932024,2346441,2346441.0
1777203456.424883,2347053,2347053.0
1777203488.7088091,2347515,2347515.0
1777203514.684482,2347887,2347887.0
1777203550.2165768,2348383,2348383.0
1777203568.392505,2348642,2348642.0
1777203612.2280831,2349265,2349265.0
1777203662.743759,2350003,2350003.0
1777203689.0957472,2350375,2350375.0
1777203724.1715288,2350878,2350878.0
1777203763.7554517,2351435,2351435.0
1777203789.0950131,2351796,2351796.0
1777203837.8874059,2352505,2352505.0
1777203861.8146918,2352840,2352840.0
1777203908.9468703,2353518,2353518.0
1777203944.2625368,2354021,2354021.0
1777203988.3303246,2354657,2354657.0
1777204016.3658311,2355055,2355055.0
1777204065.2496743,2355757,2355757.0
1777204088.5657942,2356087,2356087.0
1777204117.173734,2356496,2356496.0
1777204152.9936,2357001,2357001.0
1777204175.017003,2357319,2357319.0
1777204207.257418,2357781,2357781.0
1777204238.5248044,2358231,2358231.0
1777204279.3088613,2358815,2358815.0
1777204304.2687583,2359169,2359169.0
1777204336.636501,2359632,2359632.0
1777204361.3446918,2359978,2359978.0
1777204388.7205312,2360371,2360371.0
1777204432.987928,2360996,2360996.0
1777204462.687821,2361420,2361420.0
1777204505.0359402,2362035,2362035.0
1777204535.5954397,2362472,2362472.0
1777204563.7118645,2362876,2362876.0
1777204614.2151234,2363594,2363594.0
1777204640.3995452,2363965,2363965.0
1777204672.9228709,2364431,2364431.0
1777204707.4550087,2364921,2364921.0
1777204754.0666168,2365588,2365588.0
1777204791.8226817,2366129,2366129.0
1777204826.4899924,2366624,2366624.0
1777204858.0339303,2367074,2367074.0
1777204890.4340527,2367533,2367533.0
1777204910.3420064,2367806,2367806.0
1777204935.665808,2368152,2368152.0
1777204954.6940374,2368422,2368422.0
1777204993.0776944,2368969,2368969.0
1777205034.9095054,2369575,2369575.0
1777205053.9373958,2369837,2369837.0
1777205077.8770468,2370178,2370178.0
1777205109.49289,2370625,2370625.0
1777205144.7845845,2371123,2371123.0
1777205167.8689384,2371452,2371452.0
1777205212.0047529,2372087,2372087.0
1777205240.144681,2372487,2372487.0
1777205267.4486835,2372867,2372867.0
1777205292.7199497,2373229,2373229.0
1777205335.8721523,2373854,2373854.0
1777205363.415845,2374244,2374244.0
1777205406.8637788,2374869,2374869.0
1777205425.7918165,2375132,2375132.0
1777205459.323542,2375614,2375614.0
1777205493.9913652,2376108,2376108.0
1777205524.8671196,2376544,2376544.0
1777205563.1989832,2377091,2377091.0
1777205602.7505295,2377654,2377654.0
1777205634.634766,2378111,2378111.0
1777205658.6585424,2378443,2378443.0
1777205680.6181405,2378760,2378760.0
1777205720.3863552,2379320,2379320.0
1777205755.08576,2379816,2379816.0
1777205801.4537296,2380487,2380487.0
1777205836.0697815,2380974,2380974.0
1777205860.6616478,2381327,2381327.0
1777205898.3773007,2381856,2381856.0
1777205943.5126865,2382509,2382509.0
1777205969.4369955,2382875,2382875.0
1777206003.588605,2383363,2383363.0
1777206026.6647065,2383686,2383686.0
1777206057.512795,2384122,2384122.0
1777206071.5122004,2384315,2384315.0
1777206104.3481498,2384783,2384783.0
1777206125.3407483,2385074,2385074.0
1777206149.9320767,2385419,2385419.0
1777206190.4636245,2385999,2385999.0
1777206219.1157746,2386402,2386402.0
1777206275.799401,2387219,2387219.0
1777206308.7675273,2387689,2387689.0
1777206345.2674727,2388213,2388213.0
1777206370.6108193,2388567,2388567.0
1777206391.2503595,2388854,2388854.0
1777206429.266215,2389404,2389404.0
1777206447.4101245,2389654,2389654.0
1777206471.850131,2389996,2389996.0
1777206510.2858546,2390544,2390544.0
1777206549.1697278,2391104,2391104.0
1777206594.9850917,2391761,2391761.0
1777206639.9367208,2392408,2392408.0
1777206685.0128164,2393053,2393053.0
1777206715.9209428,2393491,2393491.0
1777206754.0723543,2394044,2394044.0
1777206793.0564725,2394605,2394605.0
1777206823.6317594,2395045,2395045.0
1777206844.939642,2395343,2395343.0
1777206896.4637465,2396082,2396082.0
1777206924.8914914,2396486,2396486.0
1777206951.8748865,2396871,2396871.0
1777206982.4154172,2397302,2397302.0
1777207026.0307765,2397934,2397934.0
1777207054.7350109,2398340,2398340.0
1777207082.3907053,2398733,2398733.0
1777207117.6580977,2399238,2399238.0
1777207154.2098286,2399761,2399761.0
1777207176.3658493,2400068,2400068.0
1777207198.509727,2400379,2400379.0
1777207224.6018414,2400747,2400747.0
1777207260.4537504,2401263,2401263.0
1777207300.5855012,2401839,2401839.0
1777207327.4291615,2402223,2402223.0
1777207361.992799,2402716,2402716.0
1777207384.052754,2403029,2403029.0
1777207424.9364655,2403620,2403620.0
1777207459.33702,2404111,2404111.0
1777207492.8723958,2404595,2404595.0
1777207521.964372,2405007,2405007.0
1777207553.0038188,2405453,2405453.0
1777207581.6720333,2405863,2405863.0
1777207622.47182,2406451,2406451.0
1777207654.6157794,2406906,2406906.0
1777207689.107671,2407397,2407397.0
1777207720.6668353,2407849,2407849.0
1777207756.3588395,2408359,2408359.0
1777207776.5830436,2408638,2408638.0
1777207806.76674,2409072,2409072.0
1777207840.318545,2409549,2409549.0
1777207864.5905488,2409892,2409892.0
1777207895.4507422,2410331,2410331.0
1777207927.1665347,2410782,2410782.0
1777207950.9581826,2411111,2411111.0
1777207988.8096573,2411656,2411656.0
1777208034.8776038,2412315,2412315.0
1777208072.377813,2412858,2412858.0
1777208095.1610298,2413177,2413177.0
1777208146.1767685,2413916,2413916.0
1777208184.1289408,2414454,2414454.0
1777208207.7047887,2414796,2414796.0
1777208237.5646353,2415220,2415220.0
1777208273.1486874,2415719,2415719.0
1777208310.9327507,2416254,2416254.0
1777208334.856461,2416594,2416594.0
1777208357.2318985,2416913,2416913.0
1777208402.1404376,2417555,2417555.0
1777208431.5005858,2417968,2417968.0
1777208447.7560453,2418199,2418199.0
1777208477.7680843,2418626,2418626.0
1777208514.4679258,2419151,2419151.0
1777208556.2354505,2419755,2419755.0
1777208591.7837071,2420269,2420269.0
1777208614.1917288,2420581,2420581.0
1777208664.7277274,2421303,2421303.0
1777208682.13569,2421548,2421548.0
1777208730.095068,2422237,2422237.0
1777208747.742865,2422489,2422489.0
1777208782.6269748,2422987,2422987.0
1777208800.2188754,2423232,2423232.0
1777208840.7028172,2423817,2423817.0
1777208869.6225126,2424228,2424228.0
1777208899.7787464,2424657,2424657.0
1777208938.0626721,2425198,2425198.0
1777208967.8464925,2425620,2425620.0
1777208991.989996,2425969,2425969.0
1777209026.6419992,2426455,2426455.0
1777209044.1420057,2426702,2426702.0
1777209086.2735882,2427305,2427305.0
1777209114.1895885,2427704,2427704.0
1777209149.817778,2428208,2428208.0
1777209188.5176256,2428770,2428770.0
1777209211.1172724,2429085,2429085.0
1777209234.3934197,2429409,2429409.0
1777209258.1174467,2429748,2429748.0
1777209310.0367246,2430494,2430494.0
1777209338.468804,2430895,2430895.0
1777209373.2287757,2431395,2431395.0
1777209399.29647,2431764,2431764.0
1777209452.503926,2432533,2432533.0
1777209482.895878,2432966,2432966.0
1777209514.2204595,2433413,2433413.0
1777209550.8039236,2433934,2433934.0
1777209584.571783,2434412,2434412.0
1777209620.1717303,2434918,2434918.0
1777209649.9796085,2435344,2435344.0
1777209696.4833314,2436010,2436010.0
1777209724.9149768,2436414,2436414.0
1777209746.458984,2436722,2436722.0
1777209771.5667925,2437083,2437083.0
1777209815.714789,2437709,2437709.0
1777209851.0347123,2438219,2438219.0
1777209892.3665426,2438817,2438817.0
1777209926.2025526,2439299,2439299.0
1777209974.7701411,2439999,2439999.0
1777210003.2179415,2440403,2440403.0
1777210038.2777581,2440911,2440911.0
1777210078.429759,2441483,2441483.0
1777210101.037611,2441806,2441806.0
1777210127.5053651,2442177,2442177.0
1777210144.4609976,2442405,2442405.0
1777210197.928934,2443177,2443177.0
1777210243.9808238,2443838,2443838.0
1777210267.0127287,2444159,2444159.0
1777210307.448602,2444738,2444738.0
1777210346.47233,2445302,2445302.0
1777210385.23216,2445854,2445854.0
1777210409.6077964,2446200,2446200.0
1777210459.9914603,2446932,2446932.0
1777210487.3835666,2447317,2447317.0
1777210528.407032,2447898,2447898.0
1777210542.7228265,2448100,2448100.0
1777210592.950642,2448819,2448819.0
1777210615.5747406,2449141,2449141.0
1777210643.4027681,2449536,2449536.0
1777210681.3505135,2450077,2450077.0
1777210705.3939567,2450425,2450425.0
1777210731.5941436,2450790,2450790.0
1777210752.3696194,2451082,2451082.0
1777210799.9857395,2451767,2451767.0
1777210839.4534936,2452335,2452335.0
1777210873.9849615,2452833,2452833.0
1777210909.3768334,2453337,2453337.0
1777210936.3453863,2453720,2453720.0
1777210967.820823,2454168,2454168.0
1777210993.6128774,2454527,2454527.0
1777211028.448718,2455029,2455029.0
1777211053.7045496,2455384,2455384.0
1777211094.239743,2455973,2455973.0
1777211116.7722337,2456293,2456293.0
1777211144.4000492,2456687,2456687.0
1777211190.6477277,2457350,2457350.0
1777211238.307529,2458045,2458045.0
1777211266.5149302,2458445,2458445.0
1777211302.850878,2458968,2458968.0
1777211346.1508067,2459587,2459587.0
1777211374.818776,2459994,2459994.0
1777211400.394715,2460352,2460352.0
1777211421.2865708,2460649,2460649.0
1777211455.742667,2461139,2461139.0
1777211479.4699502,2461471,2461471.0
1777211515.3700407,2461986,2461986.0
1777211542.9858506,2462380,2462380.0
1777211572.2619295,2462794,2462794.0
1777211608.9778087,2463317,2463317.0
1777211627.6216438,2463578,2463578.0
1777211665.505383,2464127,2464127.0
1777211696.7970722,2464576,2464576.0
1777211747.9369981,2465311,2465311.0
1777211795.3885775,2465989,2465989.0
1777211835.1887748,2466561,2466561.0
1777211882.971863,2467254,2467254.0
1777211916.9240386,2467733,2467733.0
1777211954.524274,2468272,2468272.0
1777211989.1397316,2468762,2468762.0
1777212031.4595988,2469364,2469364.0
1777212075.1275148,2469996,2469996.0
1777212101.1430633,2470359,2470359.0
1777212131.1674728,2470791,2470791.0
1777212148.8953028,2471044,2471044.0
1777212177.9666862,2471459,2471459.0
1777212225.6947415,2472147,2472147.0
1777212251.702779,2472512,2472512.0
1777212280.5104465,2472920,2472920.0
1777212297.6544406,2473159,2473159.0
1777212332.4219267,2473645,2473645.0
1777212350.677992,2473907,2473907.0
1777212375.9217286,2474260,2474260.0
1777212412.9376233,2474790,2474790.0
1777212447.3296895,2475278,2475278.0
1777212478.5977094,2475727,2475727.0
1777212509.9050128,2476167,2476167.0
1777212535.3055387,2476533,2476533.0
1777212564.5130262,2476946,2476946.0
1777212591.0889661,2477320,2477320.0
1777212614.8884392,2477656,2477656.0
1777212642.0484421,2478038,2478038.0
1777212677.700564,2478554,2478554.0
1777212722.0680265,2479185,2479185.0
1777212747.691832,2479557,2479557.0
1777212776.4597046,2479965,2479965.0
1777212804.3675435,2480362,2480362.0
1777212852.3837311,2481050,2481050.0
1777212881.4199,2481465,2481465.0
1777212916.3434227,2481962,2481962.0
1777212942.7588298,2482336,2482336.0
1777212968.1031587,2482694,2482694.0
1777212988.9269764,2482991,2482991.0
1777213011.086561,2483298,2483298.0
1777213058.746814,2483979,2483979.0
1777213085.938696,2484361,2484361.0
1777213118.7465522,2484831,2484831.0
1777213155.178071,2485351,2485351.0
1777213195.6299615,2485935,2485935.0
1777213240.6297183,2486574,2486574.0
1777213271.0135765,2487010,2487010.0
1777213297.5054333,2487383,2487383.0
1777213325.3575413,2487778,2487778.0
1777213355.9170372,2488209,2488209.0
1777213380.7409732,2488557,2488557.0
1777213407.1568072,2488939,2488939.0
1777213450.8927941,2489568,2489568.0
1777213486.5086486,2490076,2490076.0
1777213520.6686954,2490564,2490564.0
1777213555.0522773,2491055,2491055.0
1777213580.8438559,2491421,2491421.0
1777213610.243927,2491841,2491841.0
1777213646.7282844,2492355,2492355.0
1777213686.3437016,2492920,2492920.0
1777213732.0433168,2493581,2493581.0
1777213772.6270337,2494156,2494156.0
1777213794.538798,2494472,2494472.0
1777213830.6390414,2494986,2494986.0
1777213865.7627256,2495486,2495486.0
1777213896.5147207,2495921,2495921.0
1777213924.8547385,2496325,2496325.0
1777213949.8744822,2496686,2496686.0
1777213982.565754,2497142,2497142.0
1777214019.1659427,2497662,2497662.0
1777214046.4899979,2498046,2498046.0
1777214080.841911,2498534,2498534.0
1777214121.3092985,2499120,2499120.0
1777214168.425483,2499789,2499789.0
1777214215.348991,2500470,2500470.0
1777214243.824792,2500874,2500874.0
1777214270.3527806,2501247,2501247.0
1777214299.6007195,2501662,2501662.0
1777214343.1286879,2502284,2502284.0
1777214368.927999,2502657,2502657.0
1777214414.7199802,2503310,2503310.0
1777214441.1800442,2503685,2503685.0
1777214487.2436655,2504356,2504356.0
1777214533.9788456,2505029,2505029.0
1777214554.9310822,2505322,2505322.0
1777214583.1707673,2505726,2505726.0
1777214621.1386971,2506265,2506265.0
1777214657.5627177,2506791,2506791.0
1777214693.1308546,2507300,2507300.0
1777214729.0465713,2507817,2507817.0
1777214745.4378731,2508038,2508038.0
1777214770.2817142,2508388,2508388.0
1777214807.0975935,2508919,2508919.0
1777214842.89789,2509427,2509427.0
1777214872.1256015,2509845,2509845.0
1777214919.6410651,2510523,2510523.0
1777214962.5487814,2511143,2511143.0
1777214988.5927217,2511512,2511512.0
1777215031.4925208,2512129,2512129.0
1777215061.0999522,2512549,2512549.0
1777215085.400546,2512891,2512891.0
1777215124.9356914,2513458,2513458.0
1777215158.5518494,2513940,2513940.0
1777215197.5797148,2514503,2514503.0
1777215230.9274478,2514979,2514979.0
1777215254.1035194,2515301,2515301.0
1777215271.3107507,2515541,2515541.0
1777215305.510791,2516023,2516023.0
1777215355.9465265,2516753,2516753.0
1777215379.2387342,2517080,2517080.0
1777215404.1143837,2517426,2517426.0
1777215435.414628,2517869,2517869.0
1777215467.597745,2518330,2518330.0
1777215494.6579728,2518715,2518715.0
1777215536.589725,2519323,2519323.0
1777215561.4977496,2519674,2519674.0
1777215583.0736394,2519976,2519976.0
1777215610.6095858,2520368,2520368.0
1777215641.7653046,2520815,2520815.0
1777215674.265324,2521274,2521274.0
1777215701.6250014,2521658,2521658.0
1777215725.348701,2522001,2522001.0
1777215783.5241838,2522843,2522843.0
1777215809.7684593,2523210,2523210.0
1777215871.6758745,2524107,2524107.0
1777215896.5437655,2524453,2524453.0
1777215922.8197079,2524823,2524823.0
1777215965.571747,2525443,2525443.0
1777215983.6796308,2525690,2525690.0
1777216013.4189377,2526110,2526110.0
1777216047.5554378,2526599,2526599.0
1777216082.2707953,2527096,2527096.0
1777216125.8868573,2527723,2527723.0
1777216153.6905935,2528119,2528119.0
1777216188.9304006,2528620,2528620.0
1777216241.9376884,2529387,2529387.0
1777216270.7419643,2529798,2529798.0
1777216312.133803,2530399,2530399.0
1777216359.4415512,2531084,2531084.0
1777216402.0737088,2531697,2531697.0
1777216461.948785,2532560,2532560.0
1777216483.860879,2532862,2532862.0
1777216512.0164723,2533268,2533268.0
1777216547.4846869,2533774,2533774.0
1777216578.5925462,2534213,2534213.0
1777216615.0925248,2534734,2534734.0
1777216654.6118958,2535300,2535300.0
1777216687.6116364,2535775,2535775.0
1777216731.1277878,2536393,2536393.0
1777216752.935758,2536697,2536697.0
1777216776.3796775,2537033,2537033.0
1777216813.9949489,2537561,2537561.0
1777216837.7875016,2537906,2537906.0
1777216874.370961,2538423,2538423.0
1777216900.2628822,2538794,2538794.0
1777216911.6546664,2538945,2538945.0
1777216933.5626304,2539254,2539254.0
1777216969.4467273,2539772,2539772.0
1777217001.122818,2540223,2540223.0
1777217036.442013,2540729,2540729.0
1777217070.5737739,2541216,2541216.0
1777217110.8258593,2541798,2541798.0
1777217142.2500112,2542234,2542234.0
1777217169.685754,2542631,2542631.0
1777217205.869471,2543137,2543137.0
1777217254.9690633,2543845,2543845.0
1777217284.308964,2544263,2544263.0
1777217311.576961,2544651,2544651.0
1777217383.9366798,2545696,2545696.0
1777217419.768418,2546209,2546209.0
1777217461.3523889,2546809,2546809.0
1777217478.2639852,2547039,2547039.0
1777217494.25624,2547267,2547267.0
1777217535.1036716,2547844,2547844.0
1777217569.8397362,2548340,2548340.0
1777217603.195743,2548817,2548817.0
1777217629.7074172,2549192,2549192.0
1777217658.8388174,2549607,2549607.0
1777217703.3549278,2550248,2550248.0
1777217738.2387345,2550752,2550752.0
1777217763.914716,2551112,2551112.0
1777217774.7426937,2551253,2551253.0
1777217796.914772,2551572,2551572.0
1777217839.7338672,2552177,2552177.0
1777217877.8499715,2552721,2552721.0
1777217905.7739136,2553116,2553116.0
1777217939.9776073,2553604,2553604.0
1777217973.3497448,2554080,2554080.0
1777218007.217556,2554562,2554562.0
1777218024.8931694,2554806,2554806.0
1777218043.2371907,2555051,2555051.0
1777218066.045051,2555379,2555379.0
1777218090.2367532,2555721,2555721.0
1777218119.9849136,2556143,2556143.0
1777218139.6967115,2556421,2556421.0
1777218169.0687292,2556838,2556838.0
1777218205.5204232,2557361,2557361.0
1777218237.8964598,2557822,2557822.0
1777218270.3480937,2558285,2558285.0
1777218308.9800062,2558834,2558834.0
1777218320.6316545,2558985,2558985.0
1777218342.532031,2559295,2559295.0
1777218383.7315054,2559885,2559885.0
1777218410.639529,2560263,2560263.0
1777218446.839005,2560783,2560783.0
1777218490.3750358,2561418,2561418.0
1777218523.6586912,2561884,2561884.0
1777218542.6227727,2562156,2562156.0
1777218567.2746909,2562503,2562503.0
1777218601.218769,2562985,2562985.0
1777218618.4188082,2563223,2563223.0
1777218641.0346437,2563546,2563546.0
1777218665.1504877,2563886,2563886.0
1777218701.2103658,2564399,2564399.0
1777218740.4778535,2564953,2564953.0
1777218756.9178953,2565183,2565183.0
1777218788.9179537,2565639,2565639.0
1777218826.7099426,2566175,2566175.0
1777218876.2059398,2566887,2566887.0
1777218905.0457194,2567293,2567293.0
1777218927.337669,2567608,2567608.0
1777218964.2731843,2568140,2568140.0
1777219006.8049095,2568750,2568750.0
1777219040.741056,2569234,2569234.0
1777219059.0329473,2569493,2569493.0
1777219100.6808667,2570083,2570083.0
1777219127.9649024,2570472,2570472.0
1777219165.9248095,2571016,2571016.0
1777219210.6086335,2571662,2571662.0
1777219249.724329,2572218,2572218.0
1777219273.5599623,2572560,2572560.0
1777219307.1840456,2573034,2573034.0
1777219333.2357502,2573413,2573413.0
1777219355.2438133,2573720,2573720.0
1777219389.4198053,2574207,2574207.0
1777219415.45153,2574571,2574571.0
1777219476.7796707,2575456,2575456.0
1777219510.0351033,2575932,2575932.0
1777219532.2951076,2576247,2576247.0
1777219560.6467793,2576645,2576645.0
1777219580.286727,2576915,2576915.0
1777219604.0145805,2577253,2577253.0
1777219652.8624887,2577960,2577960.0
1777219677.130221,2578301,2578301.0
1777219713.8379822,2578828,2578828.0
1777219751.6737063,2579372,2579372.0
1777219783.5579696,2579827,2579827.0
1777219815.1416814,2580274,2580274.0
1777219846.3817077,2580718,2580718.0
1777219876.11774,2581139,2581139.0
1777219913.056901,2581663,2581663.0
1777219946.377126,2582138,2582138.0
1777219980.5766966,2582629,2582629.0
1777220007.6528091,2583014,2583014.0
1777220038.177088,2583446,2583446.0
1777220068.1446633,2583876,2583876.0
1777220094.0685575,2584233,2584233.0
1777220130.8201249,2584766,2584766.0
1777220156.3764534,2585125,2585125.0
1777220178.7599702,2585438,2585438.0
1777220192.9440298,2585633,2585633.0
1777220210.0037973,2585868,2585868.0
1777220245.1558588,2586375,2586375.0
1777220290.2195637,2587025,2587025.0
1777220331.687453,2587611,2587611.0
1777220354.5471742,2587936,2587936.0
1777220388.5989337,2588416,2588416.0
1777220427.4828935,2588976,2588976.0
1777220463.5227156,2589495,2589495.0
1777220497.9746404,2589987,2589987.0
1777220516.4146008,2590240,2590240.0
1777220544.122045,2590630,2590630.0
1777220583.1257827,2591192,2591192.0
1777220610.0259156,2591572,2591572.0
1777220648.0337787,2592116,2592116.0
1777220681.501673,2592588,2592588.0
1777220709.5694532,2592991,2592991.0
1777220753.4009974,2593617,2593617.0
1777220791.5530894,2594167,2594167.0
1777220819.7289977,2594559,2594559.0
1777220851.9608338,2595022,2595022.0
1777220889.1848116,2595552,2595552.0
1777220945.4359367,2596363,2596363.0
1777220972.7958724,2596749,2596749.0
1777221020.4800634,2597432,2597432.0
1777221047.6877766,2597822,2597822.0
1777221075.4237137,2598216,2598216.0
1777221130.9073157,2599021,2599021.0
1777221170.1716206,2599580,2599580.0
1777221198.975031,2599993,2599993.0
1777221220.6469955,2600301,2600301.0
1777221240.3231213,2600575,2600575.0
1777221284.9427807,2601224,2601224.0
1777221318.6265597,2601694,2601694.0
1777221349.7666965,2602134,2602134.0
1777221377.018748,2602528,2602528.0
1777221407.010234,2602956,2602956.0
1777221465.7340615,2603801,2603801.0
1777221506.3177695,2604375,2604375.0
1777221545.1691258,2604934,2604934.0
1777221555.5853152,2605079,2605079.0
1777221574.0090206,2605336,2605336.0
1777221589.9368546,2605556,2605556.0
1777221612.0928679,2605869,2605869.0
1777221634.4529662,2606184,2606184.0
1777221676.5690227,2606791,2606791.0
1777221704.2527506,2607182,2607182.0
1777221744.0726082,2607744,2607744.0
1777221773.6965125,2608167,2608167.0
1777221818.9798667,2608818,2608818.0
1777221855.4322293,2609342,2609342.0
1777221884.5637653,2609760,2609760.0
1777221915.771758,2610205,2610205.0
1777221967.0157113,2610939,2610939.0
1777222000.8389792,2611421,2611421.0
1777222046.7668014,2612077,2612077.0
1777222083.474821,2612601,2612601.0
1777222118.3587327,2613105,2613105.0
1777222159.366757,2613684,2613684.0
1777222184.8665357,2614053,2614053.0
1777222218.002025,2614523,2614523.0
1777222243.3624089,2614884,2614884.0
1777222284.0856209,2615466,2615466.0
1777222326.3095317,2616070,2616070.0
1777222348.013722,2616370,2616370.0
1777222387.6214993,2616943,2616943.0
1777222411.804924,2617282,2617282.0
1777222450.937166,2617848,2617848.0
1777222479.0128932,2618242,2618242.0
1777222520.31273,2618834,2618834.0
1777222543.820421,2619169,2619169.0
1777222579.704753,2619677,2619677.0
1777222603.7645245,2620021,2620021.0
1777222632.8323677,2620434,2620434.0
1777222666.3921564,2620908,2620908.0
1777222688.7319212,2621222,2621222.0
1777222711.87599,2621540,2621540.0
1777222739.7077708,2621932,2621932.0
1777222775.1601033,2622444,2622444.0
1777222796.5680208,2622742,2622742.0
1777222842.8998444,2623410,2623410.0
1777222861.9437573,2623673,2623673.0
1777222897.343475,2624184,2624184.0
1777222926.8035505,2624598,2624598.0
1777222952.0794964,2624955,2624955.0
1777223004.1872053,2625704,2625704.0
1777223038.619435,2626194,2626194.0
1777223067.8306372,2626608,2626608.0
1777223106.5947316,2627162,2627162.0
1777223132.5544426,2627523,2627523.0
1777223156.6467094,2627862,2627862.0
1777223183.4827104,2628240,2628240.0
1777223214.6823294,2628683,2628683.0
1777223252.5385144,2629227,2629227.0
1777223286.0420103,2629707,2629707.0
1777223318.2145493,2630167,2630167.0
1777223357.61791,2630735,2630735.0
1777223397.5016837,2631305,2631305.0
1777223444.209521,2631983,2631983.0
1777223483.9413419,2632541,2632541.0
1777223529.9930487,2633204,2633204.0
1777223565.277129,2633708,2633708.0
1777223596.7368171,2634158,2634158.0
1777223623.8047318,2634542,2634542.0
1777223660.5127854,2635066,2635066.0
1777223694.9965692,2635565,2635565.0
1777223727.9961812,2636029,2636029.0
1777223781.180052,2636795,2636795.0
1777223812.7956948,2637243,2637243.0
1777223851.315707,2637793,2637793.0
1777223882.6075468,2638238,2638238.0
1777223933.6157556,2638973,2638973.0
1777223959.7394178,2639353,2639353.0
1777224004.3594816,2639990,2639990.0
1777224032.5230544,2640387,2640387.0
1777224054.582985,2640690,2640690.0
1777224076.2267451,2641004,2641004.0
1777224115.3267047,2641557,2641557.0
1777224145.6501195,2641990,2641990.0
1777224175.951001,2642419,2642419.0
1777224205.1177855,2642830,2642830.0
1777224228.5697646,2643166,2643166.0
1777224241.4100733,2643335,2643335.0
1777224266.0856817,2643677,2643677.0
1777224296.8176882,2644115,2644115.0
1777224342.2017062,2644775,2644775.0
1777224368.7777023,2645150,2645150.0
1777224404.2135594,2645659,2645659.0
1777224433.7968724,2646081,2646081.0
1777224480.1289449,2646743,2646743.0
1777224513.028933,2647213,2647213.0
1777224543.1207912,2647640,2647640.0
1777224578.7885559,2648156,2648156.0
1777224609.2486753,2648588,2648588.0
1777224653.3080678,2649212,2649212.0
1777224677.6637394,2649563,2649563.0
1777224701.2757962,2649892,2649892.0
1777224727.615715,2650265,2650265.0
1777224760.9513855,2650742,2650742.0
1777224796.3229122,2651247,2651247.0
1777224828.2427592,2651703,2651703.0
1777224846.798632,2651956,2651956.0
1777224877.3585954,2652394,2652394.0
1777224902.9264688,2652750,2652750.0
1777224929.166259,2653124,2653124.0
1777224963.2698398,2653614,2653614.0
1777224993.6937244,2654047,2654047.0
1777225033.9937427,2654629,2654629.0
1777225080.152951,2655292,2655292.0
1777225108.277037,2655688,2655688.0
1777225138.1688933,2656111,2656111.0
1777225158.060778,2656391,2656391.0
1777225183.4125698,2656747,2656747.0
1777225222.6118653,2657301,2657301.0
1777225253.7804325,2657742,2657742.0
1777225280.411912,2658129,2658129.0
1777225320.1116886,2658688,2658688.0
1777225359.0636916,2659251,2659251.0
1777225387.2471142,2659650,2659650.0
1777225419.291158,2660106,2660106.0
1777225451.3748093,2660558,2660558.0
1777225489.258682,2661104,2661104.0
1777225531.2065737,2661701,2661701.0
1777225558.8504298,2662093,2662093.0
1777225597.4818325,2662643,2662643.0
1777225633.365986,2663156,2663156.0
1777225655.3937597,2663464,2663464.0
1777225692.727485,2664000,2664000.0
1777225717.5496602,2664349,2664349.0
1777225744.3093958,2664724,2664724.0
1777225786.8769987,2665336,2665336.0
1777225816.6289961,2665758,2665758.0
1777225858.2607768,2666352,2666352.0
1777225898.9607902,2666933,2666933.0
1777225934.0121808,2667438,2667438.0
1777225965.7719793,2667886,2667886.0
1777225994.7558608,2668300,2668300.0
1777226015.9959834,2668598,2668598.0
1777226033.056072,2668830,2668830.0
1777226059.9957435,2669218,2669218.0
1777226084.3397977,2669562,2669562.0
1777226109.2635286,2669905,2669905.0
1777226139.6794772,2670338,2670338.0
1777226172.738853,2670807,2670807.0
1777226198.4228172,2671165,2671165.0
1777226223.5987914,2671522,2671522.0
1777226241.1588304,2671772,2671772.0
1777226279.6428695,2672319,2672319.0
1777226334.4744635,2673103,2673103.0
1777226365.858491,2673553,2673553.0
1777226391.1500232,2673915,2673915.0
1777226419.3337965,2674313,2674313.0
1777226446.8257174,2674703,2674703.0
1777226489.462002,2675309,2675309.0
1777226521.9457219,2675777,2675777.0
1777226553.9373543,2676241,2676241.0
1777226579.5528145,2676600,2676600.0
1777226603.9288635,2676947,2676947.0
1777226650.396783,2677615,2677615.0
1777226683.6447964,2678094,2678094.0
1777226717.3047101,2678569,2678569.0
1777226742.936262,2678931,2678931.0
1777226777.7279603,2679428,2679428.0
1777226804.7320175,2679809,2679809.0
1777226825.771986,2680095,2680095.0
1777226868.808084,2680715,2680715.0
1777226906.6239562,2681221,2681221.0
1777226934.1917691,2681615,2681615.0
1777226953.2395587,2681886,2681886.0
1777226977.3157225,2682223,2682223.0
1777227003.482981,2682595,2682595.0
1777227029.675073,2682960,2682960.0
1777227059.5587938,2683384,2683384.0
1777227074.3907661,2683589,2683589.0
1777227102.9507658,2683995,2683995.0
1777227134.5186138,2684441,2684441.0
1777227163.174657,2684847,2684847.0
1777227175.9019303,2685017,2685017.0
1777227215.6337655,2685587,2685587.0
1777227243.0017831,2685972,2685972.0
1777227271.2617073,2686376,2686376.0
1777227307.877754,2686900,2686900.0
1777227344.569516,2687428,2687428.0
1777227372.3055205,2687818,2687818.0
1777227396.4288151,2688160,2688160.0
1777227417.737101,2688455,2688455.0
1777227442.560777,2688809,2688809.0
1777227476.6447163,2689290,2689290.0
1777227495.7567136,2689557,2689557.0
1777227540.4405951,2690193,2690193.0
1777227571.5044076,2690638,2690638.0
1777227595.5959508,2690977,2690977.0
1777227640.4800076,2691626,2691626.0
1777227678.24808,2692163,2692163.0
1777227705.8240473,2692552,2692552.0
1777227725.1677768,2692820,2692820.0
1777227750.2597337,2693172,2693172.0
1777227776.7757583,2693551,2693551.0
1777227814.5751271,2694087,2694087.0
1777227841.13494,2694458,2694458.0
1777227864.3429713,2694792,2694792.0
1777227895.2110848,2695221,2695221.0
1777227928.358623,2695701,2695701.0
1777227957.8024876,2696118,2696118.0
1777227969.8183556,2696284,2696284.0
1777228002.0701816,2696744,2696744.0
1777228034.2459443,2697202,2697202.0
1777228069.9779525,2697714,2697714.0
1777228092.0018098,2698022,2698022.0
1777228113.4936168,2698321,2698321.0
1777228138.745707,2698679,2698679.0
1777228161.9054215,2699008,2699008.0
1777228191.696928,2699432,2699432.0
1777228227.4289637,2699933,2699933.0
1777228247.0891504,2700217,2700217.0
1777228286.0568724,2700771,2700771.0
1777228302.4965265,2701004,2701004.0
1777228327.0886574,2701356,2701356.0
1777228369.524562,2701967,2701967.0
1777228402.3087277,2702435,2702435.0
1777228429.0998292,2702815,2702815.0
1777228456.540044,2703199,2703199.0
1777228479.699931,2703523,2703523.0
1777228520.2517297,2704107,2704107.0
1777228556.6757247,2704621,2704621.0
1777228590.4355059,2705107,2705107.0
1777228627.9830062,2705640,2705640.0
1777228657.6108468,2706069,2706069.0
1777228693.310934,2706579,2706579.0
1777228727.8267694,2707074,2707074.0
1777228766.0944307,2707619,2707619.0
1777228787.3389783,2707921,2707921.0
1777228820.329859,2708391,2708391.0
1777228858.693957,2708937,2708937.0
1777228905.5377486,2709611,2709611.0
1777228925.2056932,2709883,2709883.0
1777228947.9377813,2710198,2710198.0
1777228987.6898615,2710772,2710772.0
1777229023.3289442,2711284,2711284.0
1777229061.2814465,2711826,2711826.0
1777229092.6169133,2712274,2712274.0
1777229113.488811,2712567,2712567.0
1777229141.4327526,2712961,2712961.0
1777229179.784661,2713514,2713514.0
1777229219.231939,2714070,2714070.0
1777229235.760205,2714306,2714306.0
1777229271.4239552,2714817,2714817.0
1777229304.8357449,2715299,2715299.0
1777229329.3919148,2715644,2715644.0
1777229356.5437896,2716032,2716032.0
1777229419.9354737,2716948,2716948.0
1777229449.8949738,2717374,2717374.0
1777229473.0630188,2717697,2717697.0
1777229515.4788074,2718309,2718309.0
1777229550.9868894,2718809,2718809.0
1777229578.0868077,2719190,2719190.0
1777229607.2381158,2719601,2719601.0
1777229629.1700644,2719918,2719918.0
1777229673.1060643,2720542,2720542.0
1777229705.3059802,2721002,2721002.0
1777229733.405958,2721398,2721398.0
1777229769.7657497,2721922,2721922.0
1777229798.4336977,2722328,2722328.0
1777229828.1736693,2722750,2722750.0
1777229872.70888,2723391,2723391.0
1777229884.717095,2723546,2723546.0
1777229934.3487706,2724268,2724268.0
1777229968.492452,2724750,2724750.0
1777230009.3166642,2725336,2725336.0
1777230036.7921786,2725721,2725721.0
1777230058.0523248,2726016,2726016.0
1777230080.267862,2726328,2726328.0
1777230112.2437394,2726785,2726785.0
1777230143.695684,2727234,2727234.0
1777230174.5357883,2727675,2727675.0
1777230216.1873565,2728263,2728263.0
1777230250.3875794,2728752,2728752.0
1777230287.0869813,2729282,2729282.0
1777230326.6709445,2729850,2729850.0
1777230363.8549402,2730375,2730375.0
1777230400.2147493,2730899,2730899.0
1777230440.1824841,2731467,2731467.0
1777230459.2898686,2731731,2731731.0
1777230481.7218688,2732043,2732043.0
1777230505.7661633,2732386,2732386.0
1777230540.0896997,2732865,2732865.0
1777230569.6057575,2733284,2733284.0
1777230600.4977605,2733725,2733725.0
1777230620.3417041,2734007,2734007.0
1777230655.9731565,2734515,2734515.0
1777230679.71687,2734846,2734846.0
1777230714.7329578,2735349,2735349.0
1777230743.640758,2735764,2735764.0
1777230784.5687237,2736340,2736340.0
1777230809.8087678,2736692,2736692.0
1777230852.5282996,2737303,2737303.0
1777230876.7202926,2737642,2737642.0
1777230905.6520479,2738053,2738053.0
1777230921.1879585,2738272,2738272.0
1777230950.387677,2738686,2738686.0
1777230985.2278225,2739181,2739181.0
1777231027.6476352,2739789,2739789.0
1777231074.2230647,2740466,2740466.0
1777231109.1309845,2740965,2740965.0
1777231140.8066194,2741407,2741407.0
1777231177.4627602,2741927,2741927.0
1777231195.954305,2742190,2742190.0
1777231229.5145807,2742673,2742673.0
1777231268.4818044,2743226,2743226.0
1777231306.9140184,2743777,2743777.0
1777231343.6818376,2744305,2744305.0
1777231363.3258412,2744579,2744579.0
1777231391.6496809,2744978,2744978.0
1777231424.001527,2745439,2745439.0
1777231471.8093143,2746122,2746122.0
1777231487.0247202,2746338,2746338.0
1777231521.8248725,2746829,2746829.0
1777231553.836912,2747289,2747289.0
1777231586.4005609,2747750,2747750.0
1777231611.9763706,2748112,2748112.0
1777231642.7958748,2748548,2748548.0
1777231676.436217,2749027,2749027.0
1777231699.020106,2749345,2749345.0
1777231725.280249,2749716,2749716.0
1777231767.0955553,2750314,2750314.0
1777231805.3636262,2750854,2750854.0
1777231824.6394463,2751130,2751130.0
1777231857.8148654,2751607,2751607.0
1777231881.5307984,2751942,2751942.0
1777231921.9631355,2752513,2752513.0
1777231946.7388985,2752872,2752872.0
1777231974.5665662,2753260,2753260.0
1777231987.306805,2753429,2753429.0
1777232024.4585552,2753964,2753964.0
1777232071.2898507,2754637,2754637.0
1777232088.582075,2754882,2754882.0
1777232128.96603,2755459,2755459.0
1777232177.5498793,2756154,2756154.0
1777232191.9413562,2756353,2756353.0
1777232223.6415372,2756800,2756800.0
1777232254.6690288,2757238,2757238.0
1777232269.593496,2757444,2757444.0
1777232297.8168519,2757843,2757843.0
1777232325.7209377,2758236,2758236.0
1777232375.7047148,2758951,2758951.0
1777232406.9205523,2759393,2759393.0
1777232438.4445512,2759841,2759841.0
1777232475.311868,2760374,2760374.0
1777232508.8964543,2760852,2760852.0
1777232553.4797192,2761489,2761489.0
1777232586.0316632,2761945,2761945.0
1777232610.7712083,2762305,2762305.0
1777232644.6309588,2762780,2762780.0
1777232685.1835105,2763364,2763364.0
1777232726.7469556,2763961,2763961.0
1777232767.9506032,2764539,2764539.0
1777232783.190725,2764749,2764749.0
1777232809.0143716,2765117,2765117.0
1777232829.9425592,2765403,2765403.0
1777232860.3739572,2765838,2765838.0
1777232897.7422838,2766375,2766375.0
1777232929.9018059,2766834,2766834.0
1777232954.6015341,2767185,2767185.0
1777232975.461588,2767475,2767475.0
1777232998.1177945,2767797,2767797.0
1777233035.3015058,2768316,2768316.0
1777233064.3092885,2768730,2768730.0
1777233104.8611584,2769317,2769317.0
1777233138.1615906,2769796,2769796.0
1777233163.2886937,2770142,2770142.0
1777233218.096705,2770935,2770935.0
1777233251.3045273,2771407,2771407.0
1777233287.303951,2771923,2771923.0
1777233326.1557562,2772484,2772484.0
1777233342.6156852,2772709,2772709.0
1777233378.5157924,2773223,2773223.0
1777233398.7078187,2773508,2773508.0
1777233443.5075521,2774156,2774156.0
1777233463.0834613,2774425,2774425.0
1777233496.4230244,2774896,2774896.0
1777233532.3074605,2775408,2775408.0
1777233563.1427677,2775841,2775841.0
1777233589.9507394,2776223,2776223.0
1777233617.8587406,2776612,2776612.0
1777233649.4267888,2777061,2777061.0
1777233689.7780383,2777641,2777641.0
1777233711.985911,2777948,2777948.0
1777233762.9939723,2778684,2778684.0
1777233803.3298388,2779264,2779264.0
1777233831.201717,2779657,2779657.0
1777233850.3456986,2779920,2779920.0
1777233888.1135795,2780466,2780466.0
1777233909.5689468,2780765,2780765.0
1777233938.3973267,2781174,2781174.0
1777233957.9526865,2781449,2781449.0
1777233965.9450092,2781541,2781541.0
1777233990.3728049,2781889,2781889.0
1777234026.2408032,2782395,2782395.0
1777234061.8805606,2782906,2782906.0
1777234091.7324216,2783330,2783330.0
1777234126.756348,2783832,2783832.0
1777234153.5719776,2784208,2784208.0
1777234187.9398556,2784702,2784702.0
1777234229.0237336,2785287,2785287.0
1777234251.4998336,2785601,2785601.0
1777234275.8437135,2785940,2785940.0
1777234324.3591723,2786645,2786645.0
1777234352.058836,2787043,2787043.0
1777234378.23461,2787412,2787412.0
1777234417.3867762,2787962,2787962.0
1777234431.926875,2788166,2788166.0
1777234469.170559,2788702,2788702.0
1777234489.6944897,2788987,2788987.0
1777234507.0179243,2789223,2789223.0
1777234532.117849,2789585,2789585.0
1777234553.8938649,2789884,2789884.0
1777234570.2297897,2790101,2790101.0
1777234592.813895,2790428,2790428.0
1777234652.1137557,2791285,2791285.0
1777234691.1973555,2791831,2791831.0
1777234721.7809033,2792264,2792264.0
1777234746.113199,2792605,2792605.0
1777234774.5409892,2793019,2793019.0
1777234801.6647692,2793399,2793399.0
1777234846.616988,2794047,2794047.0
1777234866.5325904,2794324,2794324.0
1777234888.4804416,2794639,2794639.0
1777234920.3478537,2795095,2795095.0
1777234964.9999142,2795727,2795727.0
1777234995.2675111,2796155,2796155.0
1777235029.5437376,2796644,2796644.0
1777235055.383721,2797013,2797013.0
1777235101.626818,2797683,2797683.0
1777235140.7747,2798239,2798239.0
1777235152.4267197,2798401,2798401.0
1777235185.7947102,2798880,2798880.0
1777235211.8502777,2799247,2799247.0
1777235253.4703262,2799848,2799848.0
1777235272.8779988,2800115,2800115.0
1777235309.5777655,2800636,2800636.0
1777235344.0616937,2801129,2801129.0
1777235395.1296697,2801858,2801858.0
1777235421.9053833,2802240,2802240.0
1777235454.5734239,2802703,2802703.0
1777235485.220783,2803139,2803139.0
1777235523.67298,2803693,2803693.0
1777235567.3248105,2804318,2804318.0
1777235613.4243941,2804985,2804985.0
1777235640.0482762,2805365,2805365.0
1777235667.747922,2805753,2805753.0
1777235698.792059,2806196,2806196.0
1777235721.6837213,2806513,2806513.0
1777235758.0157495,2807037,2807037.0
1777235786.0916576,2807433,2807433.0
1777235810.4274595,2807779,2807779.0
1777235839.3668885,2808193,2808193.0
1777235864.358987,2808540,2808540.0
1777235896.6267242,2809003,2809003.0
1777235947.4347274,2809731,2809731.0
1777235991.1346319,2810360,2810360.0
1777236019.046314,2810752,2810752.0
1777236047.0301764,2811150,2811150.0
1777236072.969793,2811518,2811518.0
1777236103.8298104,2811959,2811959.0
1777236140.077677,2812479,2812479.0
1777236162.0216532,2812790,2812790.0
1777236186.1816974,2813137,2813137.0
1777236225.012854,2813694,2813694.0
1777236272.8409462,2814381,2814381.0
1777236297.1648712,2814729,2814729.0
1777236321.4565928,2815071,2815071.0
1777236362.68857,2815665,2815665.0
1777236399.9409494,2816188,2816188.0
1777236423.8165195,2816532,2816532.0
1777236458.49991,2817011,2817011.0
1777236487.9758487,2817434,2817434.0
1777236531.3755472,2818061,2818061.0
1777236551.0997193,2818338,2818338.0
1777236579.6995292,2818739,2818739.0
1777236610.711359,2819180,2819180.0
1777236645.8268812,2819682,2819682.0
1777236677.358746,2820131,2820131.0
1777236705.3708398,2820532,2820532.0
1777236749.7867033,2821171,2821171.0
1777236769.2107167,2821439,2821439.0
1777236807.3464425,2821984,2821984.0
1777236824.785772,2822223,2822223.0
1777236860.2217965,2822730,2822730.0
1777236881.5978117,2823024,2823024.0
1777236938.5815713,2823849,2823849.0
1777236989.3897533,2824583,2824583.0
1777237020.6133258,2825031,2825031.0
1777237044.9329116,2825369,2825369.0
1777237080.841043,2825887,2825887.0
1777237129.065019,2826575,2826575.0
1777237179.9409077,2827305,2827305.0
1777237216.7848172,2827837,2827837.0
1777237244.2007163,2828226,2828226.0
1777237273.0084224,2828636,2828636.0
1777237307.6446362,2829127,2829127.0
1777237344.0517914,2829648,2829648.0
1777237366.835755,2829967,2829967.0
1777237387.0118005,2830257,2830257.0
1777237419.452002,2830716,2830716.0
1777237449.735816,2831151,2831151.0
1777237483.279349,2831626,2831626.0
1777237513.0633824,2832049,2832049.0
1777237550.0948532,2832587,2832587.0
1777237585.2229404,2833089,2833089.0
1777237606.9389398,2833394,2833394.0
1777237642.9467928,2833909,2833909.0
1777237665.570456,2834230,2834230.0
1777237702.9066274,2834765,2834765.0
1777237743.1386402,2835345,2835345.0
1777237780.0142424,2835863,2835863.0
1777237814.1064765,2836352,2836352.0
1777237825.3902652,2836506,2836506.0
1777237852.7259796,2836896,2836896.0
1777237892.393755,2837464,2837464.0
1777237915.9497938,2837795,2837795.0
1777237944.1257484,2838193,2838193.0
1777237982.0096927,2838736,2838736.0
1777237998.2173018,2838958,2838958.0
1777238039.0688443,2839547,2839547.0
1777238083.5529444,2840179,2840179.0
1777238122.5207932,2840738,2840738.0
1777238140.2967188,2840986,2840986.0
1777238163.2369368,2841314,2841314.0
1777238191.2803547,2841708,2841708.0
1777238211.8365002,2841988,2841988.0
1777238229.5639908,2842241,2842241.0
1777238252.0879033,2842556,2842556.0
1777238291.3121006,2843115,2843115.0
1777238313.980205,2843441,2843441.0
1777238343.615788,2843864,2843864.0
1777238372.287769,2844267,2844267.0
1777238393.4796684,2844563,2844563.0
1777238426.0994992,2845027,2845027.0
1777238438.475032,2845197,2845197.0
1777238472.883401,2845680,2845680.0
1777238518.4146304,2846341,2846341.0
1777238543.598973,2846695,2846695.0
1777238581.5987272,2847246,2847246.0
1777238613.110695,2847694,2847694.0
1777238649.0264556,2848211,2848211.0
1777238687.5261207,2848750,2848750.0
1777238724.0940382,2849274,2849274.0
1777238748.5178697,2849619,2849619.0
1777238803.1777244,2850400,2850400.0
1777238825.8857012,2850729,2850729.0
1777238862.6053736,2851246,2851246.0
1777238886.9454682,2851599,2851599.0
1777238925.2811682,2852142,2852142.0
1777238990.1205113,2853073,2853073.0
1777239004.7808123,2853277,2853277.0
1777239046.7967262,2853876,2853876.0
1777239068.4047115,2854185,2854185.0
1777239100.9647365,2854653,2854653.0
1777239117.308589,2854876,2854876.0
1777239154.3085575,2855409,2855409.0
1777239183.5484242,2855818,2855818.0
1777239204.5405798,2856107,2856107.0
1777239223.6001065,2856372,2856372.0
1777239267.5759225,2857004,2857004.0
1777239309.0598826,2857601,2857601.0
1777239347.4917266,2858147,2858147.0
1777239390.4957013,2858765,2858765.0
1777239414.7036622,2859110,2859110.0
1777239455.9354632,2859701,2859701.0
1777239477.2793713,2859995,2859995.0
1777239509.8031247,2860455,2860455.0
1777239537.3034844,2860842,2860842.0
1777239585.247135,2861529,2861529.0
1777239607.330801,2861849,2861849.0
1777239627.7706676,2862135,2862135.0
1777239658.77082,2862571,2862571.0
1777239686.0627317,2862957,2862957.0
1777239725.1986547,2863518,2863518.0
1777239758.8659968,2863996,2863996.0
1777239787.7223623,2864407,2864407.0
1777239808.3658714,2864689,2864689.0
1777239831.3260295,2865009,2865009.0
1777239861.5899472,2865438,2865438.0
1777239903.341746,2866040,2866040.0
1777239935.2416606,2866496,2866496.0
1777239963.3499384,2866898,2866898.0
1777239982.393479,2867154,2867154.0
1777240018.009013,2867666,2867666.0
1777240063.9609532,2868322,2868322.0
1777240101.5768394,2868868,2868868.0
1777240116.1448264,2869065,2869065.0
1777240150.3446188,2869556,2869556.0
1777240173.1527088,2869876,2869876.0
1777240214.020679,2870460,2870460.0
1777240256.7719295,2871072,2871072.0
1777240296.6559591,2871646,2871646.0
1777240336.615963,2872214,2872214.0
1777240375.255813,2872769,2872769.0
1777240410.7397015,2873278,2873278.0
1777240448.675714,2873825,2873825.0
1777240469.515532,2874118,2874118.0
1777240497.6749609,2874517,2874517.0
1777240524.8907847,2874899,2874899.0
1777240566.6907744,2875500,2875500.0
1777240609.4108756,2876110,2876110.0
1777240636.4345014,2876486,2876486.0
1777240650.6425178,2876686,2876686.0
1777240699.0426521,2877382,2877382.0
1777240728.4099505,2877798,2877798.0
1777240770.90986,2878406,2878406.0
1777240807.430135,2878928,2878928.0
1777240839.9217596,2879390,2879390.0
1777240883.5537932,2880013,2880013.0
1777240920.669717,2880542,2880542.0
1777240954.4888585,2881023,2881023.0
1777240986.845046,2881480,2881480.0
1777241008.7810426,2881789,2881789.0
1777241038.2890358,2882207,2882207.0
1777241072.4051406,2882699,2882699.0
1777241114.4728034,2883304,2883304.0
1777241147.0487337,2883761,2883761.0
1777241167.240796,2884048,2884048.0
1777241208.0085635,2884628,2884628.0
1777241238.6767306,2885059,2885059.0
1777241269.6324375,2885499,2885499.0
1777241301.2523162,2885949,2885949.0
1777241319.327809,2886208,2886208.0
1777241351.5004518,2886669,2886669.0
1777241380.0199842,2887072,2887072.0
1777241435.8957775,2887874,2887874.0
1777241465.6198301,2888293,2888293.0
1777241497.419803,2888741,2888741.0
1777241541.9716067,2889381,2889381.0
1777241588.1395996,2890044,2890044.0
1777241624.5229533,2890567,2890567.0
1777241682.4309912,2891407,2891407.0
1777241717.0830255,2891897,2891897.0
1777241775.014733,2892737,2892737.0
1777241821.242569,2893397,2893397.0
1777241856.1665413,2893896,2893896.0
1777241897.20242,2894488,2894488.0
1777241918.2263763,2894783,2894783.0
1777241955.1780095,2895314,2895314.0
1777241991.4098048,2895824,2895824.0
1777242018.369735,2896207,2896207.0
1777242050.9177692,2896664,2896664.0
1777242079.3459325,2897067,2897067.0
1777242124.3209612,2897716,2897716.0
1777242157.5291312,2898188,2898188.0
1777242183.7134438,2898556,2898556.0
1777242232.0649495,2899249,2899249.0
1777242268.6285706,2899775,2899775.0
1777242309.396724,2900365,2900365.0
1777242333.924696,2900709,2900709.0
1777242362.148451,2901103,2901103.0
1777242390.700503,2901510,2901510.0
1777242429.2998013,2902065,2902065.0
1777242451.1561203,2902376,2902376.0
1777242499.3158338,2903066,2903066.0
1777242525.415665,2903443,2903443.0
1777242553.0993772,2903832,2903832.0
1777242586.8195856,2904313,2904313.0
1777242625.2355864,2904857,2904857.0
1777242658.8270195,2905336,2905336.0
1777242669.90324,2905488,2905488.0
1777242704.7427251,2905982,2905982.0
1777242745.2947905,2906559,2906559.0
1777242785.4947217,2907138,2907138.0
1777242821.2627225,2907642,2907642.0
1777242855.3304164,2908133,2908133.0
1777242882.8385525,2908519,2908519.0
1777242928.405889,2909169,2909169.0
1777242958.1218674,2909591,2909591.0
1777243000.5057466,2910205,2910205.0
1777243037.2897305,2910734,2910734.0
1777243058.2658355,2911029,2911029.0
1777243080.60582,2911337,2911337.0
1777243133.0497854,2912095,2912095.0
1777243168.3408935,2912595,2912595.0
1777243194.3773475,2912960,2912960.0
1777243209.6771736,2913171,2913171.0
1777243251.076914,2913757,2913757.0
1777243288.3248591,2914290,2914290.0
1777243316.8606784,2914694,2914694.0
1777243339.7366774,2915013,2915013.0
1777243393.4519024,2915796,2915796.0
1777243415.6038249,2916098,2916098.0
1777243433.827866,2916351,2916351.0
1777243477.464127,2916976,2916976.0
1777243499.5198095,2917281,2917281.0
1777243523.2958696,2917614,2917614.0
1777243545.0876737,2917919,2917919.0
1777243586.2875946,2918509,2918509.0
1777243605.6635666,2918783,2918783.0
1777243631.187799,2919143,2919143.0
1777243660.8228757,2919564,2919564.0
1777243692.1991146,2920009,2920009.0
1777243731.067211,2920564,2920564.0
1777243777.4828706,2921234,2921234.0
1777243809.8827038,2921689,2921689.0
1777243844.8506002,2922185,2922185.0
1777243882.5345736,2922716,2922716.0
1777243911.5505216,2923130,2923130.0
1777243945.094026,2923605,2923605.0
1777243975.517871,2924034,2924034.0
1777244007.0859709,2924481,2924481.0
1777244035.42565,2924880,2924880.0
1777244061.017647,2925244,2925244.0
1777244096.8215702,2925750,2925750.0
1777244135.8692818,2926310,2926310.0
1777244202.2453105,2927274,2927274.0
1777244218.7529888,2927502,2927502.0
1777244244.7290049,2927871,2927871.0
1777244273.4647598,2928281,2928281.0
1777244305.1567256,2928730,2928730.0
1777244331.856754,2929102,2929102.0
1777244372.0242279,2929681,2929681.0
1777244405.9004674,2930165,2930165.0
1777244439.6999629,2930648,2930648.0
1777244463.2757187,2930979,2930979.0
1777244487.4837835,2931322,2931322.0
1777244540.4759374,2932086,2932086.0
1777244584.407465,2932722,2932722.0
1777244626.7917447,2933328,2933328.0
1777244646.71942,2933605,2933605.0
1777244687.1507795,2934181,2934181.0
1777244698.127095,2934322,2934322.0
1777244731.3107786,2934794,2934794.0
1777244759.3870206,2935191,2935191.0
1777244782.310809,2935514,2935514.0
1777244828.178663,2936175,2936175.0
1777244855.2782853,2936555,2936555.0
1777244881.5858958,2936928,2936928.0
1777244917.7538788,2937444,2937444.0
1777244948.3141003,2937874,2937874.0
1777244973.4739835,2938223,2938223.0
1777244988.3657608,2938429,2938429.0
1777245020.8504822,2938895,2938895.0
1777245061.681667,2939472,2939472.0
1777245090.9415274,2939886,2939886.0
1777245142.4335823,2940618,2940618.0
1777245177.4486969,2941120,2941120.0
1777245218.0004776,2941705,2941705.0
1777245251.7238815,2942185,2942185.0
1777245274.167843,2942502,2942502.0
1777245292.3087537,2942753,2942753.0
1777245301.4360285,2942873,2942873.0
1777245319.9078777,2943135,2943135.0
1777245349.3997805,2943554,2943554.0
1777245370.0592818,2943838,2943838.0
1777245419.210779,2944539,2944539.0
1777245438.7666917,2944816,2944816.0
1777245475.7110276,2945338,2945338.0
1777245526.9948933,2946079,2946079.0
1777245552.6025352,2946436,2946436.0
1777245593.7857544,2947017,2947017.0
1777245616.5936735,2947346,2947346.0
1777245655.0617223,2947890,2947890.0
1777245684.7616456,2948315,2948315.0
1777245713.0814064,2948717,2948717.0
1777245744.857462,2949172,2949172.0
1777245780.2649014,2949675,2949675.0
1777245815.048655,2950176,2950176.0
1777245847.8167405,2950639,2950639.0
1777245886.100215,2951187,2951187.0
1777245919.7563603,2951666,2951666.0
1777245954.4761715,2952159,2952159.0
1777245986.191788,2952610,2952610.0
1777246016.315572,2953035,2953035.0
1777246067.9756994,2953783,2953783.0
1777246117.3589873,2954490,2954490.0
1777246138.135554,2954777,2954777.0
1777246160.9950414,2955108,2955108.0
1777246201.7947636,2955682,2955682.0
1777246227.1027226,2956036,2956036.0
1777246262.9346468,2956549,2956549.0
1777246288.686471,2956909,2956909.0
1777246332.1220248,2957537,2957537.0
1777246360.4459622,2957935,2957935.0
1777246388.6057894,2958334,2958334.0
1777246430.3217344,2958935,2958935.0
1777246459.0375693,2959340,2959340.0
1777246490.0655594,2959783,2959783.0
1777246540.141026,2960497,2960497.0
1777246572.5490665,2960959,2960959.0
1777246592.7570322,2961238,2961238.0
1777246606.3486807,2961427,2961427.0
1777246630.5885837,2961764,2961764.0
1777246688.4645915,2962597,2962597.0
1777246728.367855,2963169,2963169.0
1777246756.5843215,2963570,2963570.0
1777246789.09182,2964031,2964031.0
1777246816.1281536,2964412,2964412.0
1777246862.7758248,2965076,2965076.0
1777246890.3834755,2965464,2965464.0
1777246918.351438,2965858,2965858.0
1777246950.9269466,2966321,2966321.0
1777246990.7109532,2966896,2966896.0
1777247020.4947245,2967314,2967314.0
1777247057.9187543,2967855,2967855.0
1777247094.086624,2968359,2968359.0
1777247121.6064625,2968754,2968754.0
1777247160.2778804,2969305,2969305.0
1777247183.4139585,2969640,2969640.0
1777247209.9539506,2970012,2970012.0
1777247231.9979784,2970319,2970319.0
1777247260.4737692,2970721,2970721.0
1777247281.4736567,2971013,2971013.0
1777247318.397752,2971538,2971538.0
1777247349.8978064,2971985,2971985.0
1777247365.9097505,2972201,2972201.0
1777247398.0574787,2972657,2972657.0
1777247431.7854607,2973139,2973139.0
1777247459.576915,2973531,2973531.0
1777247490.209701,2973966,2973966.0
1777247507.5528414,2974209,2974209.0
1777247528.3449907,2974497,2974497.0
1777247553.7168539,2974854,2974854.0
1777247582.3093307,2975258,2975258.0
1777247595.1847732,2975439,2975439.0
1777247620.3606272,2975788,2975788.0
1777247648.2452478,2976186,2976186.0
1777247687.6447864,2976752,2976752.0
1777247713.0883923,2977114,2977114.0
1777247745.5120049,2977573,2977573.0
1777247785.4117966,2978144,2978144.0
1777247821.4480429,2978659,2978659.0
1777247855.6480844,2979150,2979150.0
1777247888.9798896,2979623,2979623.0
1777247919.6398091,2980058,2980058.0
1777247935.2316809,2980268,2980268.0
1777247966.23968,2980709,2980709.0
1777248012.5836635,2981378,2981378.0
1777248051.7509465,2981940,2981940.0
1777248085.1911578,2982409,2982409.0
1777248123.3749442,2982962,2982962.0
1777248137.5506647,2983160,2983160.0
1777248153.6107628,2983378,2983378.0
1777248189.034659,2983891,2983891.0
1777248241.2624927,2984637,2984637.0
1777248283.3623464,2985241,2985241.0
1777248290.6782823,2985333,2985333.0
1777248344.6700015,2986112,2986112.0
1777248377.8377552,2986587,2986587.0
1777248417.2895143,2987143,2987143.0
1777248442.6816592,2987507,2987507.0
1777248469.553596,2987885,2987885.0
1777248499.8051627,2988317,2988317.0
1777248561.0651975,2989202,2989202.0
1777248581.605019,2989485,2989485.0
1777248601.3648088,2989756,2989756.0
1777248632.5487905,2990196,2990196.0
1777248680.8847203,2990899,2990899.0
1777248695.8007069,2991100,2991100.0
1777248711.3083627,2991321,2991321.0
1777248750.776171,2991874,2991874.0
1777248767.6158564,2992115,2992115.0
1777248812.7680368,2992758,2992758.0
1777248840.0604367,2993145,2993145.0
1777248866.8276293,2993521,2993521.0
1777248901.4436855,2994014,2994014.0
1777248924.6517558,2994345,2994345.0
1777248945.0954807,2994624,2994624.0
1777248980.9352105,2995134,2995134.0
1777249026.2949994,2995782,2995782.0
1777249054.239053,2996180,2996180.0
1777249087.5866756,2996652,2996652.0
1777249151.3147564,2997575,2997575.0
1777249173.690663,2997889,2997889.0
1777249201.946529,2998285,2998285.0
1777249239.9299967,2998829,2998829.0
1777249277.0818439,2999360,2999360.0
1777249317.2135344,2999934,2999934.0
1777249351.2968514,3000419,3000419.0
1777249406.7929525,3001169,3001169.0
1777249429.4485316,3001489,3001489.0
1777249445.8327029,3001709,3001709.0
1777249509.4318013,3002632,3002632.0
1777249555.3840704,3003299,3003299.0
1777249593.5198045,3003835,3003835.0
1777249632.0355456,3004389,3004389.0
1777249659.0949159,3004765,3004765.0
1777249691.0107908,3005224,3005224.0
1777249714.9506607,3005553,3005553.0
1777249747.4106119,3006019,3006019.0
1777249758.2707918,3006166,3006166.0
1777249772.410711,3006351,3006351.0
1777249798.8385508,3006724,3006724.0
1777249826.0303957,3007118,3007118.0
1777249863.113768,3007639,3007639.0
1777249920.8378074,3008464,3008464.0
1777249945.8133905,3008827,3008827.0
1777249999.373425,3009598,3009598.0
1777250020.697161,3009890,3009890.0
1777250039.120858,3010143,3010143.0
1777250068.0491133,3010552,3010552.0
1777250088.3050168,3010839,3010839.0
1777250118.2727578,3011264,3011264.0
1777250148.1166043,3011684,3011684.0
1777250181.5647614,3012154,3012154.0
1777250215.4241683,3012637,3012637.0
1777250243.1079128,3013028,3013028.0
1777250260.98407,3013276,3013276.0
1777250300.9676,3013850,3013850.0
1777250344.2196946,3014465,3014465.0
1777250380.4835753,3014985,3014985.0
1777250424.6668298,3015623,3015623.0
1777250459.5187745,3016117,3016117.0
1777250486.3107107,3016506,3016506.0
1777250506.8867016,3016784,3016784.0
1777250541.838681,3017281,3017281.0
1777250578.702289,3017800,3017800.0
1777250601.6300256,3018131,3018131.0
1777250645.6979563,3018758,3018758.0
1777250686.2297506,3019344,3019344.0
1777250714.3056083,3019735,3019735.0
1777250734.2817433,3020011,3020011.0
1777250766.965491,3020477,3020477.0
1777250803.6489913,3021003,3021003.0
1777250825.0568633,3021299,3021299.0
1777250839.6891668,3021500,3021500.0
1777250873.8570433,3021990,3021990.0
1777250921.5927176,3022674,3022674.0
1777250962.3924303,3023255,3023255.0
1777250981.384386,3023516,3023516.0
1777251006.9524138,3023879,3023879.0
1777251034.4085665,3024258,3024258.0
1777251068.960361,3024757,3024757.0
1777251096.7356403,3025144,3025144.0
1777251122.0437152,3025502,3025502.0
1777251152.727791,3025941,3025941.0
1777251172.4875019,3026223,3026223.0
1777251204.7589908,3026686,3026686.0
1777251247.0430467,3027290,3027290.0
1777251272.762982,3027653,3027653.0
1777251292.0868356,3027927,3027927.0
1777251324.2107522,3028384,3028384.0
1777251351.2467859,3028765,3028765.0
1777251379.80675,3029165,3029165.0
1777251404.0146325,3029510,3029510.0
1777251437.7826424,3029987,3029987.0
1777251460.6067572,3030305,3030305.0
1777251492.2907615,3030757,3030757.0
1777251536.4426174,3031392,3031392.0
1777251563.8667712,3031770,3031770.0
1777251588.726571,3032119,3032119.0
1777251606.7346296,3032364,3032364.0
1777251638.5825331,3032814,3032814.0
1777251678.7501051,3033395,3033395.0
1777251715.5703118,3033920,3033920.0
1777251735.026297,3034186,3034186.0
1777251777.0261686,3034789,3034789.0
1777251803.653769,3035166,3035166.0
1777251850.9857745,3035836,3035836.0
1777251888.837569,3036372,3036372.0
1777251920.0055437,3036819,3036819.0
1777251947.9816556,3037213,3037213.0
1777251975.1733809,3037600,3037600.0
1777252003.9377615,3038006,3038006.0
1777252024.1646962,3038286,3038286.0
1777252046.5728116,3038606,3038606.0
1777252078.3049905,3039054,3039054.0
1777252107.1969764,3039469,3039469.0
1777252144.3807895,3039994,3039994.0
1777252168.5247552,3040340,3040340.0
1777252198.8006122,3040768,3040768.0
1777252231.5004747,3041223,3041223.0
1777252258.9759161,3041623,3041623.0
1777252293.360116,3042099,3042099.0
1777252333.0080612,3042672,3042672.0
1777252365.043686,3043121,3043121.0
1777252388.3038528,3043441,3043441.0
1777252417.4957466,3043854,3043854.0
1777252463.38753,3044515,3044515.0
1777252504.5874717,3045100,3045100.0
1777252524.71102,3045385,3045385.0
1777252550.302888,3045738,3045738.0
1777252604.4471385,3046518,3046518.0
1777252637.8547177,3046996,3046996.0
1777252661.9467156,3047332,3047332.0
1777252703.2625763,3047924,3047924.0
1777252728.1986384,3048275,3048275.0
1777252757.1745117,3048688,3048688.0
1777252795.8739576,3049238,3049238.0
1777252828.325968,3049696,3049696.0
1777252867.925858,3050258,3050258.0
1777252913.2256567,3050912,3050912.0
1777252957.0253713,3051537,3051537.0
1777252982.201607,3051894,3051894.0
1777253025.2688713,3052511,3052511.0
1777253048.1607754,3052830,3052830.0
1777253083.628943,3053330,3053330.0
1777253129.0927722,3053990,3053990.0
1777253180.7206066,3054729,3054729.0
1777253217.0725794,3055249,3055249.0
1777253255.9200609,3055798,3055798.0
1777253284.56398,3056198,3056198.0
1777253336.839658,3056959,3056959.0
1777253363.5477388,3057337,3057337.0
1777253399.7635798,3057856,3057856.0
1777253443.362961,3058470,3058470.0
1777253484.3674128,3059058,3059058.0
1777253512.222672,3059454,3059454.0
1777253549.5066907,3059984,3059984.0
1777253576.6904473,3060369,3060369.0
1777253607.165947,3060801,3060801.0
1777253651.3020158,3061434,3061434.0
1777253693.3018143,3062040,3062040.0
1777253727.0337603,3062516,3062516.0
1777253761.8531394,3063010,3063010.0
1777253784.8447924,3063336,3063336.0
1777253812.0849917,3063720,3063720.0
1777253842.6367793,3064159,3064159.0
1777253868.392856,3064515,3064515.0
1777253895.936652,3064900,3064900.0
1777253935.152198,3065462,3065462.0
1777253967.3878846,3065921,3065921.0
1777254004.7558713,3066449,3066449.0
1777254048.688001,3067078,3067078.0
1777254070.9958591,3067389,3067389.0
1777254107.6633584,3067914,3067914.0
1777254130.755755,3068231,3068231.0
1777254165.991011,3068741,3068741.0
1777254201.8147411,3069246,3069246.0
1777254258.7748096,3070068,3070068.0
1777254289.9427865,3070510,3070510.0
1777254336.4584503,3071170,3071170.0
1777254369.0098069,3071640,3071640.0
1777254425.173792,3072445,3072445.0
1777254468.2015774,3073062,3073062.0
1777254494.7097116,3073437,3073437.0
1777254523.1013262,3073837,3073837.0
1777254554.300947,3074284,3074284.0
1777254595.1529655,3074871,3074871.0
1777254619.5290227,3075210,3075210.0
1777254652.144866,3075675,3075675.0
1777254675.92058,3076008,3076008.0
1777254720.104347,3076646,3076646.0
1777254755.1884577,3077138,3077138.0
1777254795.8198235,3077718,3077718.0
1777254831.7238011,3078234,3078234.0
1777254851.5959158,3078504,3078504.0
1777254884.9079971,3078982,3078982.0
1777254917.571643,3079448,3079448.0
1777254953.291563,3079958,3079958.0
1777254985.4468975,3080416,3080416.0
1777255012.090872,3080793,3080793.0
1777255032.9827435,3081086,3081086.0
1777255059.8669043,3081461,3081461.0
1777255090.8587952,3081902,3081902.0
1777255146.06661,3082697,3082697.0
1777255180.9185176,3083191,3083191.0
1777255217.1185515,3083712,3083712.0
1777255244.8104305,3084100,3084100.0
1777255277.2260532,3084559,3084559.0
1777255305.4696386,3084958,3084958.0
1777255338.501713,3085430,3085430.0
1777255379.0533962,3086012,3086012.0
1777255405.3132155,3086384,3086384.0
1777255434.83707,3086807,3086807.0
1777255459.7050655,3087153,3087153.0
1777255493.096616,3087630,3087630.0
1777255516.380747,3087954,3087954.0
1777255550.0567076,3088433,3088433.0
1777255579.372662,3088846,3088846.0
1777255599.3046312,3089123,3089123.0
1777255624.2408366,3089480,3089480.0
1777255646.7483704,3089794,3089794.0
1777255680.6238773,3090280,3090280.0
1777255703.9554908,3090611,3090611.0
1777255728.1317348,3090953,3090953.0
1777255753.7915888,3091313,3091313.0
1777255804.400015,3092049,3092049.0
1777255837.27498,3092508,3092508.0
1777255873.658695,3093026,3093026.0
1777255911.458784,3093562,3093562.0
1777255943.7187352,3094022,3094022.0
1777255978.7343204,3094522,3094522.0
1777256005.6704898,3094905,3094905.0
1777256051.3700874,3095555,3095555.0
1777256093.769665,3096161,3096161.0
1777256114.177654,3096435,3096435.0
1777256149.8776877,3096949,3096949.0
1777256190.7294538,3097531,3097531.0
1777256232.7808893,3098123,3098123.0
1777256257.3969426,3098466,3098466.0
1777256291.0208106,3098946,3098946.0
1777256316.9647055,3099309,3099309.0
1777256334.5568607,3099555,3099555.0
1777256355.8329344,3099848,3099848.0
1777256394.1327147,3100400,3100400.0
1777256420.4247503,3100770,3100770.0
1777256456.376009,3101283,3101283.0
1777256486.6680672,3101714,3101714.0
1777256523.3518267,3102242,3102242.0
1777256551.135978,3102637,3102637.0
1777256573.3277388,3102944,3102944.0
1777256617.9116807,3103585,3103585.0
1777256652.2594628,3104073,3104073.0
1777256676.986971,3104420,3104420.0
1777256718.2871547,3105010,3105010.0
1777256744.5949535,3105384,3105384.0
1777256792.8468142,3106085,3106085.0
1777256831.722356,3106637,3106637.0
1777256867.5143511,3107148,3107148.0
1777256907.861827,3107730,3107730.0
1777256926.7699106,3107987,3107987.0
1777256954.2137864,3108379,3108379.0
1777256999.9898114,3109035,3109035.0
1777257023.9497285,3109365,3109365.0
1777257061.7134442,3109905,3109905.0
1777257082.641453,3110200,3110200.0
1777257120.9888105,3110747,3110747.0
1777257168.2408416,3111424,3111424.0
1777257203.008821,3111921,3111921.0
1777257224.6007535,3112221,3112221.0
1777257243.6404848,3112488,3112488.0
1777257273.6520052,3112918,3112918.0
1777257312.6999485,3113467,3113467.0
1777257354.1201727,3114059,3114059.0
1777257382.2199326,3114453,3114453.0
1777257421.851679,3115020,3115020.0
1777257457.4795573,3115526,3115526.0
1777257504.335164,3116200,3116200.0
1777257535.662763,3116646,3116646.0
1777257562.402497,3117020,3117020.0
1777257593.3869112,3117465,3117465.0
1777257627.4058385,3117948,3117948.0
1777257661.2777123,3118434,3118434.0
1777257707.3737864,3119087,3119087.0
1777257740.1975796,3119557,3119557.0
1777257762.2571185,3119858,3119858.0
1777257802.8050373,3120445,3120445.0
1777257842.9404926,3121019,3121019.0
1777257867.5407658,3121366,3121366.0
1777257910.7243795,3121977,3121977.0
1777257940.6158745,3122406,3122406.0
1777257982.2162647,3123003,3123003.0
1777258010.9319131,3123411,3123411.0
1777258052.1676564,3124004,3124004.0
1777258092.5510082,3124565,3124565.0
1777258119.575419,3124945,3124945.0
1777258149.7592256,3125373,3125373.0
1777258169.6429825,3125654,3125654.0
1777258207.326818,3126192,3126192.0
1777258250.0945516,3126794,3126794.0
1777258287.7621868,3127332,3127332.0
1777258315.5101707,3127727,3127727.0
1777258360.393809,3128361,3128361.0
1777258388.3696537,3128763,3128763.0
1777258432.5376704,3129386,3129386.0
1777258476.1968193,3130017,3130017.0
1777258518.3131104,3130612,3130612.0
1777258557.748714,3131178,3131178.0
1777258592.488784,3131674,3131674.0
1777258650.232012,3132506,3132506.0
1777258688.3000193,3133048,3133048.0
1777258721.1000755,3133511,3133511.0
1777258745.7756593,3133858,3133858.0
1777258769.6997557,3134194,3134194.0
1777258786.7237353,3134423,3134423.0
1777258815.635376,3134834,3134834.0
1777258845.867487,3135264,3135264.0
1777258880.918988,3135758,3135758.0
1777258907.826992,3136142,3136142.0
1777258936.1666834,3136542,3136542.0
1777258963.7506607,3136927,3136927.0
1777258988.1946418,3137281,3137281.0
1777259020.4266293,3137728,3137728.0
1777259058.7858653,3138277,3138277.0
1777259078.7099369,3138561,3138561.0
1777259110.1134138,3139003,3139003.0
1777259163.6377647,3139781,3139781.0
1777259191.7815113,3140182,3140182.0
1777259215.3377454,3140506,3140506.0
1777259257.9048157,3141116,3141116.0
1777259282.0487444,3141453,3141453.0
1777259322.6967783,3142038,3142038.0
1777259336.9727829,3142238,3142238.0
1777259372.6887906,3142753,3142753.0
1777259410.7399766,3143288,3143288.0
1777259447.3559759,3143809,3143809.0
1777259477.447815,3144233,3144233.0
1777259521.9837694,3144873,3144873.0
1777259558.115588,3145385,3145385.0
1777259596.751033,3145929,3145929.0
1777259646.2347004,3146645,3146645.0
1777259692.3787062,3147303,3147303.0
1777259729.2619894,3147831,3147831.0
1777259767.1705,3148372,3148372.0
1777259792.5700216,3148730,3148730.0
1777259807.469737,3148928,3148928.0
1777259852.329886,3149579,3149579.0
1777259891.997591,3150140,3150140.0
1777259903.3293788,3150293,3150293.0
1777259931.8454278,3150695,3150695.0
1777259961.9731863,3151125,3151125.0
1777259991.344964,3151540,3151540.0
1777260026.3126924,3152041,3152041.0
1777260067.7963917,3152631,3152631.0
1777260095.7644153,3153031,3153031.0
1777260118.8884044,3153356,3153356.0
1777260147.9479573,3153767,3153767.0
1777260194.1917958,3154421,3154421.0
1777260229.1475322,3154921,3154921.0
1777260264.01485,3155416,3155416.0
1777260293.059084,3155831,3155831.0
1777260338.73477,3156492,3156492.0
1777260394.4185743,3157295,3157295.0
1777260440.7418559,3157955,3157955.0
1777260486.962522,3158619,3158619.0
1777260514.4861386,3159007,3159007.0
1777260548.9857953,3159497,3159497.0
1777260582.421594,3159968,3159968.0
1777260605.2455134,3160291,3160291.0
1777260639.4769027,3160780,3160780.0
1777260657.8888714,3161029,3161029.0
1777260723.2646277,3161976,3161976.0
1777260766.3963966,3162586,3162586.0
1777260795.2725384,3162990,3162990.0
1777260830.2720294,3163491,3163491.0
1777260858.5479913,3163887,3163887.0
1777260893.4158762,3164389,3164389.0
1777260925.999758,3164850,3164850.0
1777260963.8837311,3165394,3165394.0
1777260995.1072366,3165836,3165836.0
1777261022.442928,3166221,3166221.0
1777261047.7149968,3166579,3166579.0
1777261084.5507383,3167107,3167107.0
1777261113.5587394,3167516,3167516.0
1777261138.9662952,3167871,3167871.0
1777261165.302501,3168247,3168247.0
1777261206.4184608,3168835,3168835.0
1777261248.3539982,3169436,3169436.0
1777261273.8937836,3169802,3169802.0
1777261303.3017,3170218,3170218.0
1777261334.1216319,3170656,3170656.0
1777261378.2049975,3171282,3171282.0
1777261401.8451357,3171616,3171616.0
1777261451.9369786,3172335,3172335.0
1777261465.8728275,3172523,3172523.0
1777261490.936797,3172878,3172878.0
1777261534.8565986,3173510,3173510.0
1777261564.3484182,3173932,3173932.0
1777261591.6800883,3174316,3174316.0
1777261648.7636957,3175136,3175136.0
1777261674.4317598,3175498,3175498.0
1777261721.9835024,3176188,3176188.0
1777261750.339432,3176587,3176587.0
1777261776.5070817,3176954,3176954.0
1777261824.8588452,3177647,3177647.0
1777261846.558768,3177942,3177942.0
1777261877.9186964,3178394,3178394.0
1777261893.3507028,3178612,3178612.0
1777261934.266586,3179199,3179199.0
1777261977.8419948,3179812,3179812.0
1777262024.0459836,3180479,3180479.0
1777262051.017715,3180859,3180859.0
1777262102.2935045,3181597,3181597.0
1777262128.2370877,3181959,3181959.0
1777262163.2048275,3182460,3182460.0
1777262180.6970494,3182698,3182698.0
1777262225.012884,3183344,3183344.0
1777262282.020709,3184159,3184159.0
1777262308.1963828,3184524,3184524.0
1777262329.4882102,3184819,3184819.0
1777262353.03198,3185154,3185154.0
1777262392.463857,3185709,3185709.0
1777262422.015474,3186127,3186127.0
1777262465.083406,3186746,3186746.0
1777262499.2396786,3187231,3187231.0
1777262519.8669593,3187515,3187515.0
1777262551.6829748,3187970,3187970.0
1777262592.7987676,3188558,3188558.0
1777262632.818616,3189125,3189125.0
1777262659.6345675,3189506,3189506.0
1777262702.8583813,3190127,3190127.0
1777262748.6539638,3190788,3190788.0
1777262785.7858841,3191319,3191319.0
1777262821.8297095,3191836,3191836.0
1777262849.5295858,3192223,3192223.0
1777262886.3973331,3192752,3192752.0
1777262926.0609653,3193325,3193325.0
1777262982.8647804,3194142,3194142.0
1777263020.5967293,3194679,3194679.0
1777263075.7719429,3195481,3195481.0
1777263104.9960248,3195895,3195895.0
1777263132.0639834,3196277,3196277.0
1777263168.1997228,3196789,3196789.0
1777263205.1317968,3197318,3197318.0
1777263245.2755713,3197888,3197888.0
1777263284.7434556,3198454,3198454.0
1777263320.7066522,3198966,3198966.0
1777263362.342714,3199564,3199564.0
1777263392.7947404,3199998,3199998.0
1777263411.6866834,3200260,3200260.0
1777263440.3423676,3200666,3200666.0
1777263472.6944423,3201129,3201129.0
1777263508.9697978,3201646,3201646.0
1777263548.1178398,3202204,3202204.0
1777263587.854531,3202772,3202772.0
1777263600.7784016,3202945,3202945.0
1777263629.1867383,3203348,3203348.0
1777263657.7544804,3203755,3203755.0
1777263684.046815,3204123,3204123.0
1777263707.2749915,3204452,3204452.0
1777263735.7590656,3204856,3204856.0
1777263797.2514474,3205742,3205742.0
1777263830.2277744,3206199,3206199.0
1777263851.0834272,3206498,3206498.0
1777263881.8037653,3206928,3206928.0
1777263916.0116942,3207416,3207416.0
1777263953.1276433,3207941,3207941.0
1777264003.871915,3208674,3208674.0
1777264030.947703,3209051,3209051.0
1777264057.6038475,3209426,3209426.0
1777264076.7321048,3209689,3209689.0
1777264122.3880143,3210352,3210352.0
1777264158.4642024,3210866,3210866.0
1777264202.2758114,3211492,3211492.0
1777264235.0157158,3211958,3211958.0
1777264253.059817,3212205,3212205.0
1777264296.7599447,3212836,3212836.0
1777264321.3359919,3213177,3213177.0
1777264354.1839595,3213639,3213639.0
1777264387.5361335,3214120,3214120.0
1777264420.8761666,3214597,3214597.0
1777264457.2117696,3215118,3215118.0
1777264496.0436149,3215663,3215663.0
1777264536.8117588,3216246,3216246.0
1777264570.147776,3216717,3216717.0
1777264598.4397564,3217114,3217114.0
1777264635.007516,3217640,3217640.0
1777264668.4074962,3218119,3218119.0
1777264704.24779,3218629,3218629.0
1777264742.8474915,3219174,3219174.0
1777264768.5834122,3219539,3219539.0
1777264811.634996,3220160,3220160.0
1777264838.2271688,3220534,3220534.0
1777264874.4428473,3221056,3221056.0
1777264908.9189417,3221549,3221549.0
1777264945.7868283,3222061,3222061.0
1777264998.4265444,3222828,3222828.0
1777265036.5267897,3223362,3223362.0
1777265056.2867017,3223645,3223645.0
1777265087.0468318,3224075,3224075.0
1777265110.42266,3224401,3224401.0
1777265138.1706479,3224791,3224791.0
1777265155.898387,3225033,3225033.0
1777265190.5380807,3225527,3225527.0
1777265229.4898076,3226085,3226085.0
1777265266.7579734,3226617,3226617.0
1777265295.2058926,3227023,3227023.0
1777265332.513622,3227547,3227547.0
1777265347.741985,3227757,3227757.0
1777265375.9897478,3228157,3228157.0
1777265392.1897397,3228378,3228378.0
1777265410.5654368,3228638,3228638.0
1777265423.0417325,3228804,3228804.0
1777265468.3409836,3229456,3229456.0
1777265504.8614647,3229982,3229982.0
1777265543.7248785,3230529,3230529.0
1777265575.9609818,3230991,3230991.0
1777265608.5854216,3231458,3231458.0
1777265641.620784,3231926,3231926.0
1777265673.028366,3232364,3232364.0
1777265702.6966617,3232784,3232784.0
1777265749.4957771,3233460,3233460.0
1777265775.3356352,3233827,3233827.0
1777265803.3870173,3234220,3234220.0
1777265825.7789829,3234531,3234531.0
1777265843.3552182,3234771,3234771.0
1777265867.9149835,3235124,3235124.0
1777265917.9147081,3235844,3235844.0
1777265957.6139884,3236411,3236411.0
1777265990.0819879,3236872,3236872.0
1777266018.8897903,3237279,3237279.0
1777266056.4057026,3237814,3237814.0
1777266092.5254388,3238334,3238334.0
1777266137.98936,3238986,3238986.0
1777266166.0567918,3239380,3239380.0
1777266192.000664,3239744,3239744.0
1777266211.792606,3240020,3240020.0
1777266250.3087034,3240573,3240573.0
1777266286.4763474,3241088,3241088.0
1777266317.7838643,3241531,3241531.0
1777266352.1518931,3242015,3242015.0
1777266395.7197065,3242640,3242640.0
1777266433.7197306,3243183,3243183.0
1777266463.2433174,3243597,3243597.0
1777266501.9956262,3244149,3244149.0
1777266524.5555263,3244466,3244466.0
1777266558.9547822,3244960,3244960.0
1777266580.3791692,3245259,3245259.0
1777266615.7628071,3245763,3245763.0
1777266646.9386983,3246203,3246203.0
1777266694.0303643,3246880,3246880.0
1777266735.9299047,3247481,3247481.0
1777266761.9739625,3247847,3247847.0
1777266807.589743,3248491,3248491.0
1777266825.6337404,3248750,3248750.0
1777266859.2497637,3249229,3249229.0
1777266889.9895923,3249669,3249669.0
1777266931.2413723,3250249,3250249.0
1777266964.4255445,3250720,3250720.0
1777266991.8091686,3251105,3251105.0
1777267018.500945,3251479,3251479.0
1777267042.7088614,3251828,3251828.0
1777267073.6368809,3252265,3252265.0
1777267105.669001,3252725,3252725.0
1777267141.252643,3253226,3253226.0
1777267157.4442356,3253453,3253453.0
1777267192.4040477,3253954,3253954.0
1777267222.7519698,3254385,3254385.0
1777267262.3360045,3254937,3254937.0
1777267281.263757,3255204,3255204.0
1777267304.871717,3255535,3255535.0
1777267350.3236992,3256189,3256189.0
1777267383.7394614,3256660,3256660.0
1777267405.3308609,3256956,3256956.0
1777267441.599523,3257477,3257477.0
1777267476.6548119,3257978,3257978.0
1777267514.7391798,3258522,3258522.0
1777267540.198935,3258875,3258875.0
1777267584.4065914,3259504,3259504.0
1777267608.7985058,3259854,3259854.0
1777267633.5265443,3260198,3260198.0
1777267682.2502668,3260897,3260897.0
1777267721.8579516,3261460,3261460.0
1777267750.2417402,3261863,3261863.0
1777267772.1175447,3262164,3262164.0
1777267814.6376846,3262776,3262776.0
1777267846.4696877,3263230,3263230.0
1777267875.829238,3263650,3263650.0
1777267904.6610246,3264053,3264053.0
1777267941.589082,3264583,3264583.0
1777267963.696682,3264884,3264884.0
1777267997.4287403,3265368,3265368.0
1777268033.7646558,3265890,3265890.0
1777268069.7125118,3266402,3266402.0
1777268113.94821,3267037,3267037.0
1777268152.663707,3267595,3267595.0
1777268175.955785,3267920,3267920.0
1777268216.9077399,3268504,3268504.0
1777268243.467725,3268884,3268884.0
1777268276.0836544,3269338,3269338.0
1777268319.7351887,3269963,3269963.0
1777268365.4593792,3270616,3270616.0
1777268389.6428506,3270963,3270963.0
1777268421.6587071,3271420,3271420.0
1777268439.3347416,3271659,3271659.0
1777268465.2268026,3272027,3272027.0
1777268492.178752,3272409,3272409.0
1777268528.0704362,3272923,3272923.0
1777268549.7259505,3273227,3273227.0
1777268570.2180119,3273515,3273515.0
1777268589.9297657,3273784,3273784.0
1777268629.1136265,3274351,3274351.0
1777268661.0138006,3274804,3274804.0
1777268685.1697237,3275141,3275141.0
1777268740.2454097,3275936,3275936.0
1777268765.9728684,3276291,3276291.0
1777268803.2210038,3276829,3276829.0
1777268835.8407528,3277293,3277293.0
1777268866.4167144,3277725,3277725.0
1777268904.4647365,3278271,3278271.0
1777268952.464715,3278956,3278956.0
1777268985.3165023,3279427,3279427.0
1777269010.6080487,3279772,3279772.0
1777269040.5077555,3280196,3280196.0
1777269070.3002958,3280614,3280614.0
1777269096.0277572,3280971,3280971.0
1777269135.211582,3281531,3281531.0
1777269182.5676434,3282210,3282210.0
1777269216.6115139,3282690,3282690.0
1777269237.0509312,3282973,3282973.0
1777269253.5629632,3283203,3283203.0
1777269287.2467735,3283684,3283684.0
1777269307.3029897,3283963,3283963.0
1777269347.0869458,3284531,3284531.0
1777269368.494769,3284832,3284832.0
1777269396.606628,3285230,3285230.0
1777269436.6545262,3285810,3285810.0
1777269459.614614,3286128,3286128.0
1777269486.4820006,3286506,3286506.0
1777269518.7897997,3286965,3286965.0
1777269549.057838,3287387,3287387.0
1777269567.598001,3287646,3287646.0
1777269595.3417037,3288039,3288039.0
1777269638.157886,3288645,3288645.0
1777269663.0336897,3288992,3288992.0
1777269698.8016448,3289504,3289504.0
1777269741.9168375,3290122,3290122.0
1777269782.6849864,3290706,3290706.0
1777269815.8171253,3291175,3291175.0
1777269847.0446906,3291616,3291616.0
1777269879.6608002,3292078,3292078.0
1777269908.9447901,3292494,3292494.0
1777269943.620519,3292982,3292982.0
1777269988.7045748,3293624,3293624.0
1777270011.6040401,3293955,3293955.0
1777270048.048511,3294475,3294475.0
1777270088.2319217,3295047,3295047.0
1777270127.3476117,3295608,3295608.0
1777270153.4636166,3295977,3295977.0
1777270189.3077326,3296492,3296492.0
1777270218.0912917,3296899,3296899.0
1777270252.390896,3297389,3297389.0
1777270291.2989826,3297944,3297944.0
1777270329.050611,3298479,3298479.0
1777270361.5188203,3298943,3298943.0
1777270389.3109848,3299328,3299328.0
1777270414.5427327,3299686,3299686.0
1777270438.734417,3300030,3300030.0
1777270471.9101079,3300488,3300488.0
1777270493.0184104,3300786,3300786.0
1777270528.9018414,3301296,3301296.0
1777270554.745998,3301660,3301660.0
1777270593.3099477,3302203,3302203.0
1777270618.9297528,3302569,3302569.0
1777270664.9296944,3303220,3303220.0
1777270703.0455112,3303767,3303767.0
1777270732.2369769,3304183,3304183.0
1777270761.9372256,3304598,3304598.0
1777270792.7130086,3305029,3305029.0
1777270844.7247107,3305770,3305770.0
1777270872.980799,3306164,3306164.0
1777270915.2164912,3306772,3306772.0
1777270947.248696,3307224,3307224.0
1777270977.1564612,3307647,3307647.0
1777271003.3084705,3308013,3308013.0
1777271037.1001165,3308493,3308493.0
1777271068.915679,3308947,3308947.0
1777271106.5520022,3309474,3309474.0
1777271139.5278063,3309939,3309939.0
1777271169.4438274,3310359,3310359.0
1777271195.8358274,3310732,3310732.0
1777271241.2349818,3311389,3311389.0
1777271271.5193985,3311819,3311819.0
1777271296.5788352,3312173,3312173.0
1777271325.1109471,3312574,3312574.0
1777271364.5229619,3313135,3313135.0
1777271402.3388991,3313675,3313675.0
1777271436.4706144,3314156,3314156.0
1777271470.7739372,3314641,3314641.0
1777271491.4663033,3314932,3314932.0
1777271530.5661972,3315486,3315486.0
1777271560.2059422,3315911,3315911.0
1777271592.6417253,3316366,3316366.0
1777271631.4257913,3316916,3316916.0
1777271657.981505,3317290,3317290.0
1777271698.0013916,3317860,3317860.0
1777271740.069419,3318464,3318464.0
1777271761.8932114,3318776,3318776.0
1777271784.2526116,3319085,3319085.0
1777271826.484753,3319684,3319684.0
1777271874.3598928,3320377,3320377.0
1777271896.4199455,3320685,3320685.0
1777271929.3117235,3321156,3321156.0
1777271965.8437595,3321677,3321677.0
1777271995.2788534,3322092,3322092.0
1777272016.6027014,3322386,3322386.0
1777272038.578638,3322691,3322691.0
1777272076.6467447,3323238,3323238.0
1777272108.438312,3323688,3323688.0
1777272127.22987,3323947,3323947.0
1777272147.685938,3324239,3324239.0
1777272197.2975833,3324939,3324939.0
1777272230.0215685,3325399,3325399.0
1777272245.5138311,3325616,3325616.0
1777272277.3128593,3326065,3326065.0
1777272301.2055168,3326401,3326401.0
1777272333.4971123,3326861,3326861.0
1777272360.2647839,3327236,3327236.0
1777272396.064461,3327748,3327748.0
1777272427.6320813,3328196,3328196.0
1777272475.2237785,3328885,3328885.0
1777272518.6758282,3329503,3329503.0
1777272556.7238758,3330043,3330043.0
1777272582.1917164,3330404,3330404.0
1777272616.734976,3330893,3330893.0
1777272654.3667617,3331432,3331432.0
1777272698.434729,3332066,3332066.0
1777272731.8626485,3332533,3332533.0
1777272764.9185083,3333003,3333003.0
1777272787.526022,3333329,3333329.0
1777272818.0025527,3333760,3333760.0
1777272857.7697918,3334325,3334325.0
1777272905.077819,3335012,3335012.0
1777272933.189548,3335406,3335406.0
1777272960.5135627,3335788,3335788.0
1777272982.0212905,3336083,3336083.0
1777273020.2727664,3336631,3336631.0
1777273060.6727145,3337205,3337205.0
1777273087.3047752,3337585,3337585.0
1777273118.0967264,3338024,3338024.0
1777273136.988566,3338280,3338280.0
1777273164.6326728,3338671,3338671.0
1777273198.1997547,3339147,3339147.0
1777273220.3557954,3339452,3339452.0
1777273256.375957,3339968,3339968.0
1777273289.8437235,3340438,3340438.0
1777273318.7356038,3340849,3340849.0
1777273358.683425,3341417,3341417.0
1777273405.366993,3342082,3342082.0
1777273427.702999,3342393,3342393.0
1777273458.3946974,3342828,3342828.0
1777273496.110744,3343371,3343371.0
1777273547.786083,3344110,3344110.0
1777273569.2859359,3344413,3344413.0
1777273587.730169,3344661,3344661.0
1777273616.1782584,3345062,3345062.0
1777273664.3456068,3345755,3345755.0
1777273695.2295582,3346186,3346186.0
1777273734.7293606,3346756,3346756.0
1777273763.4214127,3347163,3347163.0
1777273793.2648633,3347589,3347589.0
1777273826.3329828,3348062,3348062.0
1777273853.3247967,3348442,3348442.0
1777273897.1006434,3349072,3349072.0
1777273935.2844963,3349609,3349609.0
1777273969.275939,3350094,3350094.0
1777273994.815969,3350458,3350458.0
1777274019.8002908,3350813,3350813.0
1777274046.8439336,3351198,3351198.0
1777274080.859836,3351683,3351683.0
1777274098.0997198,3351924,3351924.0
1777274120.8437326,3352241,3352241.0
1777274158.9749386,3352783,3352783.0
1777274195.5190108,3353302,3353302.0
1777274231.2190375,3353812,3353812.0
1777274238.9028933,3353904,3353904.0
1777274269.0712404,3354330,3354330.0
1777274307.2546544,3354876,3354876.0
1777274339.6104574,3355336,3355336.0
1777274373.5620112,3355822,3355822.0
1777274394.5699477,3356111,3356111.0
1777274433.4379685,3356673,3356673.0
1777274459.1617546,3357028,3357028.0
1777274495.1456242,3357543,3357543.0
1777274536.2133973,3358124,3358124.0
1777274558.2734425,3358437,3358437.0
1777274581.4133272,3358762,3358762.0
1777274605.3809462,3359095,3359095.0
1777274621.680871,3359322,3359322.0
1777274663.8010082,3359918,3359918.0
1777274681.2931578,3360169,3360169.0
1777274712.5248077,3360617,3360617.0
1777274749.8765779,3361143,3361143.0
1777274792.9598608,3361761,3361761.0
1777274827.9603953,3362259,3362259.0
1777274851.8197477,3362594,3362594.0
1777274881.2598162,3363009,3363009.0
1777274930.8678052,3363712,3363712.0
1777274980.4713893,3364430,3364430.0
1777275012.902993,3364884,3364884.0
1777275030.7110374,3365126,3365126.0
1777275058.5548556,3365521,3365521.0
1777275096.4866858,3366068,3366068.0
1777275124.4787185,3366467,3366467.0
1777275146.1547658,3366768,3366768.0
1777275172.790609,3367142,3367142.0
1777275207.497889,3367636,3367636.0
1777275243.0667996,3368150,3368150.0
1777275261.3577347,3368396,3368396.0
1777275288.2659721,3368778,3368778.0
1777275314.9977386,3369155,3369155.0
1777275351.4817483,3369673,3369673.0
1777275399.5173244,3370361,3370361.0
1777275439.3012514,3370932,3370932.0
1777275476.5331478,3371467,3371467.0
1777275510.860688,3371952,3371952.0
1777275539.8607388,3372365,3372365.0
1777275573.7847774,3372848,3372848.0
1777275599.5844028,3373213,3373213.0
1777275628.127925,3373618,3373618.0
1777275646.9519782,3373885,3373885.0
1777275704.5117679,3374713,3374713.0
1777275728.4036977,3375049,3375049.0
1777275762.471684,3375530,3375530.0
1777275791.163463,3375936,3375936.0
1777275813.6874251,3376247,3376247.0
1777275843.5547261,3376671,3376671.0
1777275870.8629608,3377054,3377054.0
1777275912.9306118,3377654,3377654.0
1777275943.7828357,3378094,3378094.0
1777275969.2388005,3378447,3378447.0
1777275988.2988143,3378710,3378710.0
1777276023.982325,3379222,3379222.0
1777276049.1586995,3379575,3379575.0
1777276085.0420208,3380088,3380088.0
1777276119.966197,3380593,3380593.0
1777276157.7016482,3381135,3381135.0
1777276183.6180644,3381501,3381501.0
1777276211.4940662,3381893,3381893.0
1777276245.5615983,3382375,3382375.0
1777276260.9336936,3382581,3382581.0
1777276291.377045,3383010,3383010.0
1777276320.001302,3383417,3383417.0
1777276374.3927743,3384191,3384191.0
1777276426.7367613,3384946,3384946.0
1777276445.1047492,3385197,3385197.0
1777276475.1366026,3385629,3385629.0
1777276521.2888722,3386287,3386287.0
1777276556.5038545,3386784,3386784.0
1777276582.0320187,3387148,3387148.0
1777276608.5478199,3387525,3387525.0
1777276654.6997323,3388185,3388185.0
1777276691.8995662,3388716,3388716.0
1777276709.7076461,3388961,3388961.0
1777276741.1473727,3389409,3389409.0
1777276761.3227906,3389693,3389693.0
1777276782.283047,3389987,3389987.0
1777276815.550998,3390464,3390464.0
1777276839.2428293,3390795,3390795.0
1777276867.8345861,3391198,3391198.0
1777276909.8667786,3391799,3391799.0
1777276946.9105053,3392323,3392323.0
1777276969.5099297,3392648,3392648.0
1777276998.5103803,3393065,3393065.0
1777277024.21823,3393424,3393424.0
1777277062.6537454,3393978,3393978.0
1777277095.9859004,3394452,3394452.0
1777277148.3695168,3395197,3395197.0
1777277184.2534482,3395710,3395710.0
1777277218.1887102,3396188,3396188.0
1777277243.9446688,3396557,3396557.0
1777277279.0806663,3397049,3397049.0
1777277328.2326982,3397764,3397764.0
1777277374.416435,3398416,3398416.0
1777277418.3559868,3399048,3399048.0
1777277447.2637625,3399458,3399458.0
1777277475.9396334,3399864,3399864.0
1777277506.3077028,3400290,3400290.0
1777277554.8356192,3400982,3400982.0
1777277565.851677,3401130,3401130.0
1777277594.7595015,3401540,3401540.0
1777277630.6587732,3402053,3402053.0
1777277651.0835984,3402333,3402333.0
1777277694.9506805,3402968,3402968.0
1777277730.434689,3403471,3403471.0
1777277766.9541345,3403986,3403986.0
1777277798.1099446,3404434,3404434.0
1777277827.8458452,3404850,3404850.0
1777277859.2382321,3405298,3405298.0
1777277892.0697656,3405764,3405764.0
1777277911.4617577,3406032,3406032.0
1777277962.229696,3406767,3406767.0
1777278003.3298283,3407352,3407352.0
1777278038.2653742,3407845,3407845.0
1777278072.465418,3408327,3408327.0
1777278093.5732267,3408620,3408620.0
1777278131.4569774,3409162,3409162.0
1777278155.3176806,3409493,3409493.0
1777278178.8096435,3409832,3409832.0
1777278214.8250127,3410339,3410339.0
1777278234.8687756,3410624,3410624.0
1777278270.1847806,3411121,3411121.0
1777278290.4086733,3411408,3411408.0
1777278327.7282486,3411941,3411941.0
1777278356.636273,3412347,3412347.0
1777278375.9283066,3412611,3412611.0
1777278432.4520056,3413421,3413421.0
1777278459.8281443,3413804,3413804.0
1777278499.895805,3414380,3414380.0
1777278523.235792,3414706,3414706.0
1777278545.2637894,3415006,3415006.0
1777278582.7797809,3415549,3415549.0
1777278601.0711825,3415794,3415794.0
1777278638.787148,3416337,3416337.0
1777278682.3708403,3416962,3416962.0
1777278720.6069944,3417502,3417502.0
1777278766.391052,3418162,3418162.0
1777278805.0906925,3418710,3418710.0
1777278830.450731,3419063,3419063.0
1777278894.934446,3419996,3419996.0
1777278931.0737324,3420500,3420500.0
1777278973.6259372,3421112,3421112.0
1777279005.2616053,3421559,3421559.0
1777279032.7537193,3421944,3421944.0
1777279055.3257086,3422257,3422257.0
1777279089.7293622,3422741,3422741.0
1777279132.3610234,3423351,3423351.0
1777279147.137475,3423552,3423552.0
1777279197.2532222,3424277,3424277.0
1777279236.404759,3424835,3424835.0
1777279265.62081,3425243,3425243.0
1777279306.688677,3425835,3425835.0
1777279344.2043977,3426367,3426367.0
1777279380.787819,3426897,3426897.0
1777279402.2317903,3427192,3427192.0
1777279435.823621,3427671,3427671.0
1777279476.639733,3428246,3428246.0
1777279497.8316908,3428550,3428550.0
1777279542.475603,3429182,3429182.0
1777279577.734863,3429683,3429683.0
1777279621.667912,3430313,3430313.0
1777279648.951034,3430698,3430698.0
1777279694.086715,3431344,3431344.0
1777279732.102222,3431889,3431889.0
1777279751.462616,3432157,3432157.0
1777279780.1946728,3432563,3432563.0
1777279825.3938334,3433220,3433220.0
1777279857.9380398,3433679,3433679.0
1777279889.6380262,3434128,3434128.0
1777279914.3137808,3434471,3434471.0
1777279956.0135047,3435069,3435069.0
1777280005.1972673,3435781,3435781.0
1777280035.5650408,3436212,3436212.0
1777280086.5967505,3436937,3436937.0
1777280133.4405332,3437609,3437609.0
1777280165.6244795,3438073,3438073.0
1777280206.1320477,3438655,3438655.0
1777280260.6599312,3439434,3439434.0
1777280300.3454244,3440000,3440000.0
1777280340.7073512,3440580,3440580.0
1777280357.5673277,3440811,3440811.0
1777280385.9268138,3441211,3441211.0
1777280411.5669506,3441574,3441574.0
1777280436.83495,3441930,3441930.0
1777280472.9868171,3442448,3442448.0
1777280516.87068,3443076,3443076.0
1777280553.2784748,3443596,3443596.0
1777280585.5777636,3444051,3444051.0
1777280612.654975,3444436,3444436.0
1777280645.0380068,3444877,3444877.0
1777280678.0897791,3445347,3445347.0
1777280713.321749,3445847,3445847.0
1777280745.865437,3446313,3446313.0
1777280788.780761,3446929,3446929.0
1777280830.9808173,3447531,3447531.0
1777280867.880876,3448060,3448060.0
1777280885.2566848,3448299,3448299.0
1777280910.1326702,3448655,3448655.0
1777280945.4162436,3449152,3449152.0
1777280975.3562312,3449571,3449571.0
1777281006.276074,3450014,3450014.0
1777281040.676058,3450506,3450506.0
1777281090.7196043,3451226,3451226.0
1777281113.8997622,3451548,3451548.0
1777281149.2196019,3452055,3452055.0
1777281180.3949528,3452489,3452489.0
1777281208.1270885,3452883,3452883.0
1777281237.50298,3453293,3453293.0
1777281265.6546874,3453689,3453689.0
1777281297.7628083,3454143,3454143.0
1777281321.1188006,3454469,3454469.0
1777281355.2704778,3454956,3454956.0
1777281386.2384217,3455395,3455395.0
1777281405.9299812,3455673,3455673.0
1777281439.7379932,3456153,3456153.0
1777281491.6817417,3456896,3456896.0
1777281515.7578125,3457245,3457245.0
1777281564.2057323,3457933,3457933.0
1777281582.4335215,3458182,3458182.0
1777281629.5093586,3458860,3458860.0
1777281672.1731577,3459461,3459461.0
1777281712.3246088,3460036,3460036.0
1777281770.8325472,3460881,3460881.0
1777281808.0239506,3461417,3461417.0
1777281846.2919095,3461966,3461966.0
1777281892.2358093,3462616,3462616.0
1777281925.1956732,3463091,3463091.0
1777281952.211742,3463463,3463463.0
1777281979.619679,3463846,3463846.0
1777282010.4955075,3464280,3464280.0
1777282033.7476954,3464603,3464603.0
1777282055.739369,3464921,3464921.0
1777282097.4237156,3465507,3465507.0
1777282127.1312962,3465928,3465928.0
1777282169.4149141,3466536,3466536.0
1777282192.8228464,3466866,3466866.0
1777282230.9070396,3467414,3467414.0
1777282259.4590497,3467820,3467820.0
1777282286.2509985,3468196,3468196.0
1777282306.6911926,3468477,3468477.0
1777282341.290669,3468969,3468969.0
1777282362.3348246,3469262,3469262.0
1777282379.774815,3469505,3469505.0
1777282394.426745,3469701,3469701.0
1777282428.2950606,3470179,3470179.0
1777282464.2106967,3470691,3470691.0
1777282495.1862419,3471133,3471133.0
1777282538.91037,3471752,3471752.0
1777282581.7779386,3472368,3472368.0
1777282626.1619945,3473002,3473002.0
1777282666.8621228,3473571,3473571.0
1777282700.5298193,3474051,3474051.0
1777282741.6818542,3474641,3474641.0
1777282774.189706,3475105,3475105.0
1777282805.2057905,3475536,3475536.0
1777282823.6653495,3475787,3475787.0
1777282860.7489562,3476319,3476319.0
1777282905.0328746,3476952,3476952.0
1777282931.524801,3477324,3477324.0
1777282972.624859,3477914,3477914.0
1777283001.3167593,3478312,3478312.0
1777283046.0767238,3478962,3478962.0
1777283070.6006896,3479306,3479306.0
1777283102.144611,3479752,3479752.0
1777283134.5280051,3480205,3480205.0
1777283163.3198726,3480611,3480611.0
1777283200.8957944,3481138,3481138.0
1777283230.3359458,3481554,3481554.0
1777283258.9638095,3481965,3481965.0
1777283285.9476626,3482341,3482341.0
1777283333.7957268,3483016,3483016.0
1777283367.8954685,3483506,3483506.0
1777283403.0890064,3484000,3484000.0
1777283433.1069386,3484425,3484425.0
1777283454.331006,3484713,3484713.0
1777283489.5988586,3485214,3485214.0
1777283522.038705,3485676,3485676.0
1777283553.6747904,3486126,3486126.0
1777283582.282727,3486530,3486530.0
1777283630.5904794,3487219,3487219.0
1777283660.0667005,3487638,3487638.0
1777283690.9662313,3488079,3488079.0
1777283717.526037,3488455,3488455.0
1777283749.4698143,3488906,3488906.0
1777283796.3098311,3489579,3489579.0
1777283811.8377497,3489785,3489785.0
1777283852.585668,3490372,3490372.0
1777283891.0453901,3490924,3490924.0
1777283939.0209656,3491609,3491609.0
1777283986.628789,3492291,3492291.0
1777284018.8366394,3492747,3492747.0
1777284060.8045611,3493352,3493352.0
1777284080.5479634,3493627,3493627.0
1777284123.463824,3494244,3494244.0
1777284153.123707,3494667,3494667.0
1777284185.6396222,3495127,3495127.0
1777284207.8987575,3495437,3495437.0
1777284234.3907084,3495811,3495811.0
1777284275.6384766,3496403,3496403.0
1777284316.1579363,3496973,3496973.0
1777284350.426279,3497463,3497463.0
1777284377.009799,3497838,3497838.0
1777284406.165696,3498252,3498252.0
1777284433.9413629,3498649,3498649.0
1777284452.885244,3498911,3498911.0
1777284473.5769875,3499195,3499195.0
1777284521.01704,3499882,3499882.0
1777284559.3445327,3500425,3500425.0
1777284600.0763848,3501003,3501003.0
1777284634.7120736,3501498,3501498.0
1777284672.3117788,3502036,3502036.0
1777284707.6277897,3502532,3502532.0
1777284758.2629783,3503268,3503268.0
1777284798.095017,3503825,3503825.0
1777284824.779077,3504205,3504205.0
1777284860.5546923,3504715,3504715.0
1777284898.3387105,3505263,3505263.0
1777284924.9142752,3505632,3505632.0
1777284957.6464553,3506097,3506097.0
1777284988.481784,3506529,3506529.0
1777285029.813637,3507126,3507126.0
1777285056.9217255,3507505,3507505.0
1777285082.6653848,3507866,3507866.0
1777285128.524936,3508517,3508517.0
1777285149.3489525,3508817,3508817.0
1777285164.6013818,3509020,3509020.0
1777285195.1328485,3509456,3509456.0
1777285218.208797,3509778,3509778.0
1777285280.131983,3510676,3510676.0
1777285336.3918505,3511480,3511480.0
1777285360.268129,3511819,3511819.0
1777285389.1757712,3512230,3512230.0
1777285430.3877256,3512815,3512815.0
1777285467.8794222,3513352,3513352.0
1777285493.895101,3513718,3513718.0
1777285523.1872504,3514132,3514132.0
1777285577.9794896,3514918,3514918.0
1777285619.862462,3515516,3515516.0
1777285652.3221936,3515977,3515977.0
1777285692.090173,3516543,3516543.0
1777285710.313849,3516790,3516790.0
1777285740.7462087,3517224,3517224.0
1777285768.6497204,3517613,3517613.0
1777285803.3057582,3518111,3518111.0
1777285829.0137649,3518465,3518465.0
1777285879.272876,3519185,3519185.0
1777285909.3088245,3519613,3519613.0
1777285948.6169713,3520175,3520175.0
1777285975.5687816,3520553,3520553.0
1777286012.9249423,3521087,3521087.0
1777286046.9764934,3521573,3521573.0
1777286081.9083958,3522072,3522072.0
1777286116.844297,3522560,3522560.0
1777286154.0365334,3523085,3523085.0
1777286187.0679688,3523559,3523559.0
1777286216.5797527,3523973,3523973.0
1777286247.4640777,3524415,3524415.0
1777286269.003702,3524717,3524717.0
1777286329.0637257,3525581,3525581.0
1777286361.971691,3526046,3526046.0
1777286390.539718,3526448,3526448.0
1777286425.455673,3526947,3526947.0
1777286459.163365,3527428,3527428.0
1777286483.5992424,3527763,3527763.0
1777286515.4916334,3528216,3528216.0
1777286546.3428578,3528651,3528651.0
1777286591.8426316,3529309,3529309.0
1777286660.2028153,3530289,3530289.0
1777286695.3867567,3530787,3530787.0
1777286735.8183155,3531371,3531371.0
1777286775.5345883,3531937,3531937.0
1777286808.985836,3532406,3532406.0
1777286838.6098397,3532828,3532828.0
1777286873.9460013,3533328,3533328.0
1777286913.0456426,3533892,3533892.0
1777286949.5457773,3534409,3534409.0
1777286977.805744,3534812,3534812.0
1777287014.0734816,3535327,3535327.0
1777287034.8975976,3535617,3535617.0
1777287077.8495617,3536235,3536235.0
1777287126.8649693,3536929,3536929.0
1777287160.832644,3537414,3537414.0
1777287200.3167164,3537973,3537973.0
1777287231.1685593,3538413,3538413.0
1777287282.768728,3539155,3539155.0
1777287316.135727,3539629,3539629.0
1777287355.3198934,3540190,3540190.0
1777287376.559937,3540491,3540491.0
1777287409.503743,3540958,3540958.0
1777287438.7357311,3541372,3541372.0
1777287462.1959312,3541697,3541697.0
1777287505.4794097,3542318,3542318.0
1777287540.8471334,3542826,3542826.0
1777287564.3027987,3543158,3543158.0
1777287593.611025,3543570,3543570.0
1777287614.4548457,3543867,3543867.0
1777287656.55486,3544464,3544464.0
1777287697.154712,3545049,3545049.0
1777287743.9465091,3545715,3545715.0
1777287785.3137794,3546310,3546310.0
1777287809.6217067,3546653,3546653.0
1777287832.0660288,3546969,3546969.0
1777287866.1337888,3547453,3547453.0
1777287907.9333818,3548056,3548056.0
1777287938.3251598,3548483,3548483.0
1777287964.341411,3548850,3548850.0
1777288008.1253679,3549482,3549482.0
1777288057.0770094,3550175,3550175.0
1777288093.0090759,3550688,3550688.0
1777288132.0444906,3551239,3551239.0
1777288173.3443491,3551837,3551837.0
1777288199.5359716,3552205,3552205.0
1777288255.6119208,3553013,3553013.0
1777288288.3635607,3553479,3553479.0
1777288337.031691,3554181,3554181.0
1777288363.6394994,3554558,3554558.0
1777288403.6989462,3555124,3555124.0
1777288428.7907763,3555485,3555485.0
1777288464.69078,3555988,3555988.0
1777288502.5227323,3556536,3556536.0
1777288534.0827446,3556977,3556977.0
1777288564.1585968,3557405,3557405.0
1777288590.6745112,3557773,3557773.0
1777288606.9419248,3558003,3558003.0
1777288636.7103555,3558428,3558428.0
1777288681.4942324,3559060,3559060.0
1777288722.9097226,3559654,3559654.0
1777288769.817785,3560326,3560326.0
1777288807.0254722,3560853,3560853.0
1777288852.0208006,3561497,3561497.0
1777288888.4930463,3562016,3562016.0
1777288924.3768313,3562529,3562529.0
1777288953.7608392,3562946,3562946.0
1777288980.3524153,3563318,3563318.0
1777289016.5206149,3563837,3563837.0
1777289060.4398882,3564461,3564461.0
1777289101.7562215,3565051,3565051.0
1777289130.031789,3565451,3565451.0
1777289171.3794258,3566042,3566042.0
1777289210.1314888,3566601,3566601.0
1777289230.255371,3566877,3566877.0
1777289266.2070298,3567391,3567391.0
1777289316.622947,3568107,3568107.0
1777289378.6906636,3568998,3568998.0
1777289419.97467,3569596,3569596.0
1777289449.1186178,3570007,3570007.0
1777289485.0024762,3570514,3570514.0
1777289513.6257684,3570913,3570913.0
1777289534.233756,3571209,3571209.0
1777289554.2455397,3571484,3571484.0
1777289571.0377965,3571722,3571722.0
1777289611.3017251,3572293,3572293.0
1777289623.929488,3572465,3572465.0
1777289643.2853668,3572729,3572729.0
1777289684.3888369,3573324,3573324.0
1777289718.0129123,3573798,3573798.0
1777289749.6130023,3574251,3574251.0
1777289792.4487665,3574860,3574860.0
1777289824.8127594,3575324,3575324.0
1777289854.2246308,3575734,3575734.0
1777289885.8079457,3576182,3576182.0
1777289935.1079118,3576888,3576888.0
1777289975.1757805,3577457,3577457.0
1777290011.1756709,3577971,3577971.0
1777290041.851459,3578413,3578413.0
1777290076.515613,3578909,3578909.0
1777290111.3833892,3579405,3579405.0
1777290140.4748604,3579817,3579817.0
1777290179.8430808,3580374,3580374.0
1777290211.579073,3580826,3580826.0
1777290246.3867743,3581323,3581323.0
1777290284.9865282,3581880,3581880.0
1777290307.7459967,3582190,3582190.0
1777290347.1460536,3582759,3582759.0
1777290385.8858063,3583305,3583305.0
1777290414.5135295,3583707,3583707.0
1777290466.045542,3584451,3584451.0
1777290505.545534,3585009,3585009.0
1777290542.5649312,3585540,3585540.0
1777290583.7330174,3586130,3586130.0
1777290615.6328144,3586587,3586587.0
1777290640.988727,3586939,3586939.0
1777290685.3087108,3587576,3587576.0
1777290719.0084455,3588053,3588053.0
1777290741.4005845,3588373,3588373.0
1777290777.567846,3588877,3588877.0
1777290808.7517412,3589323,3589323.0
1777290846.1757445,3589856,3589856.0
1777290869.2517548,3590177,3590177.0
1777290910.08379,3590759,3590759.0
1777290934.711552,3591101,3591101.0
1777290999.2114296,3592035,3592035.0
1777291022.1709573,3592359,3592359.0
1777291048.7949927,3592737,3592737.0
1777291095.4945645,3593413,3593413.0
1777291128.846764,3593893,3593893.0
1777291156.4226387,3594285,3594285.0
1777291172.314551,3594498,3594498.0
1777291235.2544918,3595413,3595413.0
1777291249.6818316,3595617,3595617.0
1777291277.1897213,3596010,3596010.0
1777291319.8737817,3596611,3596611.0
1777291363.849684,3597241,3597241.0
1777291397.7414505,3597727,3597727.0
1777291419.033423,3598021,3598021.0
1777291448.3492324,3598439,3598439.0
1777291502.3609598,3599212,3599212.0
1777291544.5607204,3599815,3599815.0
1777291589.5082493,3600460,3600460.0
1777291625.3278596,3600967,3600967.0
1777291660.651843,3601474,3601474.0
1777291712.1597853,3602211,3602211.0
1777291727.5881343,3602427,3602427.0
1777291761.9118385,3602911,3602911.0
1777291787.1951904,3603264,3603264.0
1777291819.687608,3603717,3603717.0
1777291843.478911,3604052,3604052.0
1777291895.3709974,3604791,3604791.0
1777291917.2148726,3605096,3605096.0
1777291955.3627176,3605633,3605633.0
1777291976.6066964,3605927,3605927.0
1777292012.590678,3606439,3606439.0
1777292043.7307796,3606879,3606879.0
1777292065.6218724,3607187,3607187.0
1777292100.1740944,3607672,3607672.0
1777292126.7979245,3608043,3608043.0
1777292135.841947,3608163,3608163.0
1777292181.3256607,3608816,3608816.0
1777292226.9256675,3609461,3609461.0
1777292255.8770182,3609873,3609873.0
1777292285.7686372,3610296,3610296.0
1777292302.3608549,3610533,3610533.0
1777292329.3847027,3610912,3610912.0
1777292350.5605154,3611204,3611204.0
1777292379.6438663,3611612,3611612.0
1777292402.9198143,3611934,3611934.0
1777292456.5796099,3612714,3612714.0
1777292503.6949263,3613383,3613383.0
1777292532.7870147,3613794,3613794.0
1777292557.2188256,3614136,3614136.0
1777292591.0467353,3614617,3614617.0
1777292614.1543207,3614937,3614937.0
1777292648.8859036,3615439,3615439.0
1777292674.169999,3615795,3615795.0
1777292713.7977085,3616360,3616360.0
1777292743.1134,3616774,3616774.0
1777292787.0647268,3617413,3617413.0
1777292806.8887558,3617685,3617685.0
1777292855.9728,3618389,3618389.0
1777292896.5401866,3618970,3618970.0
1777292928.0557892,3619417,3619417.0
1777292984.5159454,3620229,3620229.0
1777293027.715568,3620853,3620853.0
1777293048.3915753,3621140,3621140.0
1777293077.5509953,3621554,3621554.0
1777293119.267009,3622136,3622136.0
1777293161.0267868,3622735,3622735.0
1777293187.6507854,3623110,3623110.0
1777293227.2865045,3623678,3623678.0
1777293266.354456,3624243,3624243.0
1777293294.009995,3624631,3624631.0
1777293331.8457484,3625164,3625164.0
1777293360.4217484,3625560,3625560.0
1777293389.7855973,3625974,3625974.0
1777293433.420846,3626603,3626603.0
1777293462.6448042,3627022,3627022.0
1777293490.6806533,3627414,3627414.0
1777293540.4487207,3628127,3628127.0
1777293583.4966156,3628738,3628738.0
1777293614.6641598,3629179,3629179.0
1777293646.871892,3629635,3629635.0
1777293689.7638986,3630242,3630242.0
1777293714.7916222,3630605,3630605.0
1777293763.9233785,3631302,3631302.0
1777293797.2588048,3631775,3631775.0
1777293827.8508716,3632206,3632206.0
1777293875.2105472,3632887,3632887.0
1777293913.894708,3633443,3633443.0
1777293930.350762,3633666,3633666.0
1777293958.126428,3634064,3634064.0
1777293983.0179071,3634410,3634410.0
1777294022.6860316,3634971,3634971.0
1777294063.3178227,3635559,3635559.0
1777294090.3097532,3635932,3635932.0
1777294122.045593,3636381,3636381.0
1777294141.3055146,3636643,3636643.0
1777294198.560878,3637475,3637475.0
1777294225.4046597,3637850,3637850.0
1777294277.7646365,3638604,3638604.0
1777294303.8407547,3638973,3638973.0
1777294352.704609,3639669,3639669.0
1777294395.056546,3640281,3640281.0
1777294415.9324493,3640562,3640562.0
1777294436.6921396,3640858,3640858.0
1777294471.355943,3641341,3641341.0
1777294498.8077812,3641730,3641730.0
1777294534.583883,3642232,3642232.0
1777294569.451821,3642728,3642728.0
1777294597.8832262,3643131,3643131.0
1777294630.4595711,3643591,3643591.0
1777294680.9873624,3644311,3644311.0
1777294713.3947904,3644775,3644775.0
1777294745.9269335,3645228,3645228.0
1777294770.0188587,3645572,3645572.0
1777294797.8466914,3645968,3645968.0
1777294816.018464,3646210,3646210.0
1777294848.6226041,3646675,3646675.0
1777294871.3465817,3646993,3646993.0
1777294896.6384592,3647348,3647348.0
1777294919.7988527,3647677,3647677.0
1777294934.2543426,3647874,3647874.0
1777294973.4536357,3648437,3648437.0
1777295004.137847,3648867,3648867.0
1777295037.6657224,3649349,3649349.0
1777295051.1902003,3649526,3649526.0
1777295077.981564,3649901,3649901.0
1777295106.9489493,3650314,3650314.0
1777295142.6729958,3650820,3650820.0
1777295184.240996,3651418,3651418.0
1777295212.2929358,3651810,3651810.0
1777295260.592767,3652501,3652501.0
1777295315.716536,3653297,3653297.0
1777295354.1518571,3653844,3653844.0
1777295386.7916706,3654307,3654307.0
1777295408.2603154,3654602,3654602.0
1777295423.4116917,3654815,3654815.0
1777295453.2797246,3655240,3655240.0
1777295483.1196783,3655659,3655659.0
1777295501.2796137,3655908,3655908.0
1777295524.5551586,3656231,3656231.0
1777295547.6951776,3656560,3656560.0
1777295596.5029464,3657259,3657259.0
1777295615.9471776,3657525,3657525.0
1777295663.8307126,3658214,3658214.0
1777295684.6707747,3658501,3658501.0
1777295722.5224588,3659046,3659046.0
1777295737.8138928,3659254,3659254.0
1777295778.1298804,3659835,3659835.0
1777295816.749705,3660390,3660390.0
1777295847.3260765,3660816,3660816.0
1777295879.04174,3661267,3661267.0
1777295926.5095704,3661943,3661943.0
1777295967.4569137,3662531,3662531.0
1777296000.5769048,3662995,3662995.0
1777296028.752957,3663391,3663391.0
1777296064.1847458,3663882,3663882.0
1777296101.436559,3664418,3664418.0
1777296137.0284379,3664922,3664922.0
1777296165.675953,3665327,3665327.0
1777296196.3878505,3665759,3665759.0
1777296215.0364244,3666015,3666015.0
1777296243.179753,3666424,3666424.0
1777296272.1196816,3666828,3666828.0
1777296314.7554224,3667433,3667433.0
1777296355.9715846,3668032,3668032.0
1777296391.022953,3668525,3668525.0
1777296428.8552175,3669062,3669062.0
1777296476.490849,3669748,3669748.0
1777296501.9589472,3670107,3670107.0
1777296545.3229225,3670723,3670723.0
1777296577.4347663,3671177,3671177.0
1777296614.9667194,3671716,3671716.0
1777296657.402464,3672325,3672325.0
1777296707.8257685,3673047,3673047.0
1777296734.201769,3673415,3673415.0
1777296771.0696158,3673943,3673943.0
1777296811.4695911,3674525,3674525.0
1777296831.2617688,3674802,3674802.0
1777296860.5016742,3675214,3675214.0
1777296891.2534392,3675651,3675651.0
1777296918.4973757,3676030,3676030.0
1777296947.7608757,3676445,3676445.0
1777296980.204943,3676904,3676904.0
1777297001.1449127,3677192,3677192.0
1777297038.2487476,3677727,3677727.0
1777297055.3407187,3677960,3677960.0
1777297080.5968096,3678325,3678325.0
1777297132.708677,3679071,3679071.0
1777297163.415855,3679506,3679506.0
1777297202.8478196,3680073,3680073.0
1777297227.4558458,3680420,3680420.0
1777297263.0597463,3680927,3680927.0
1777297304.29161,3681509,3681509.0
1777297334.1433928,3681932,3681932.0
1777297367.7353268,3682409,3682409.0
1777297388.5750337,3682696,3682696.0
1777297416.3428967,3683092,3683092.0
1777297463.0590758,3683759,3683759.0
1777297489.0866666,3684124,3684124.0
1777297516.5187385,3684511,3684511.0
1777297541.210769,3684857,3684857.0
1777297562.87049,3685170,3685170.0
1777297601.8380945,3685714,3685714.0
1777297641.8060682,3686284,3686284.0
1777297663.4778268,3686584,3686584.0
1777297689.1535456,3686941,3686941.0
1777297705.09781,3687161,3687161.0
1777297756.5378067,3687904,3687904.0
1777297800.205377,3688533,3688533.0
1777297836.68894,3689045,3689045.0
1777297862.548898,3689418,3689418.0
1777297915.300805,3690170,3690170.0
1777297947.7008448,3690631,3690631.0
1777298015.1925442,3691607,3691607.0
1777298046.4239051,3692038,3692038.0
1777298069.399879,3692371,3692371.0
1777298111.1199765,3692962,3692962.0
1777298142.303712,3693406,3693406.0
1777298173.0597515,3693835,3693835.0
1777298204.2795913,3694279,3694279.0
1777298235.2109103,3694712,3694712.0
1777298278.6187165,3695342,3695342.0
1777298322.062703,3695959,3695959.0
1777298348.739078,3696334,3696334.0
1777298385.7227924,3696863,3696863.0
1777298415.1784558,3697282,3697282.0
1777298450.6465962,3697785,3697785.0
1777298475.1224387,3698129,3698129.0
1777298520.3218496,3698778,3698778.0
1777298539.3823893,3699039,3699039.0
1777298583.2823658,3699673,3699673.0
1777298614.3818574,3700117,3700117.0
1777298648.481459,3700590,3700590.0
1777298684.0857015,3701097,3701097.0
1777298711.809661,3701486,3701486.0
1777298737.5858192,3701853,3701853.0
1777298768.8535051,3702290,3702290.0
1777298793.377321,3702640,3702640.0
1777298824.9532592,3703083,3703083.0
1777298875.245034,3703805,3703805.0
1777298919.9609728,3704434,3704434.0
1777298948.8128173,3704844,3704844.0
1777298966.4607253,3705089,3705089.0
1777298995.5807135,3705505,3705505.0
1777299032.6280968,3706033,3706033.0
1777299078.411852,3706691,3706691.0
1777299118.4320865,3707263,3707263.0
1777299149.540037,3707708,3707708.0
1777299190.6637146,3708289,3708289.0
1777299229.1076427,3708836,3708836.0
1777299251.6475496,3709151,3709151.0
1777299284.8675394,3709624,3709624.0
1777299330.6988478,3710287,3710287.0
1777299374.735202,3710910,3710910.0
1777299416.3588352,3711508,3711508.0
1777299440.4666245,3711844,3711844.0
1777299471.042533,3712281,3712281.0
1777299504.3945546,3712750,3712750.0
1777299534.854487,3713181,3713181.0
1777299564.4701424,3713596,3713596.0
1777299605.4702842,3714183,3714183.0
1777299657.1697752,3714926,3714926.0
1777299703.7458484,3715589,3715589.0
1777299718.1457703,3715787,3715787.0
1777299760.9213965,3716384,3716384.0
1777299799.713156,3716938,3716938.0
1777299852.8728054,3717705,3717705.0
1777299891.7567832,3718258,3718258.0
1777299922.572348,3718698,3718698.0
1777299963.6563442,3719285,3719285.0
1777299996.10006,3719741,3719741.0
1777300005.6401224,3719862,3719862.0
1777300052.8238208,3720539,3720539.0
1777300091.5280917,3721077,3721077.0
1777300129.1436682,3721615,3721615.0
1777300164.9595084,3722125,3722125.0
1777300202.3355513,3722659,3722659.0
1777300250.96324,3723355,3723355.0
1777300281.470888,3723787,3723787.0
1777300316.1547112,3724281,3724281.0
1777300344.379055,3724675,3724675.0
1777300358.571064,3724876,3724876.0
1777300390.8866894,3725326,3725326.0
1777300410.0306263,3725601,3725601.0
1777300440.637953,3726039,3726039.0
1777300458.4459527,3726276,3726276.0
1777300467.2460706,3726396,3726396.0
1777300485.0817297,3726641,3726641.0
1777300514.6377132,3727060,3727060.0
1777300545.4497142,3727496,3727496.0
1777300570.449531,3727848,3727848.0
1777300624.9171882,3728638,3728638.0
1777300652.3650243,3729024,3729024.0
1777300684.492735,3729480,3729480.0
1777300712.2766435,3729872,3729872.0
1777300745.348506,3730340,3730340.0
1777300774.36784,3730752,3730752.0
1777300816.7681644,3731346,3731346.0
1777300851.8756247,3731843,3731843.0
1777300888.2597961,3732367,3732367.0
1777300903.6194537,3732573,3732573.0
1777300938.3870425,3733067,3733067.0
1777300986.7029757,3733762,3733762.0
1777301011.894983,3734113,3734113.0
1777301040.7269535,3734518,3734518.0
1777301059.6187716,3734774,3734774.0
1777301073.6184318,3734972,3734972.0
1777301098.4707837,3735317,3735317.0
1777301139.554027,3735904,3735904.0
1777301175.3618538,3736410,3736410.0
1777301207.9297984,3736872,3736872.0
1777301238.6817527,3737312,3737312.0
1777301278.665702,3737878,3737878.0
1777301305.9733028,3738262,3738262.0
1777301337.4492006,3738707,3738707.0
1777301370.7489836,3739182,3739182.0
1777301387.3729153,3739401,3739401.0
1777301450.0327966,3740308,3740308.0
1777301470.8083334,3740598,3740598.0
1777301524.7999275,3741377,3741377.0
1777301559.3598373,3741874,3741874.0
1777301595.4680963,3742384,3742384.0
1777301618.63603,3742716,3742716.0
1777301642.2838614,3743043,3743043.0
1777301670.7436721,3743441,3743441.0
1777301701.0674307,3743871,3743871.0
1777301762.3948264,3744754,3744754.0
1777301810.9391336,3745447,3745447.0
1777301834.194827,3745765,3745765.0
1777301868.9465618,3746258,3746258.0
1777301908.198583,3746818,3746818.0
1777301937.7064877,3747240,3747240.0
1777301976.8540375,3747800,3747800.0
1777301999.6138322,3748120,3748120.0
1777302035.6662724,3748633,3748633.0
1777302056.4737756,3748921,3748921.0
1777302119.08162,3749825,3749825.0
1777302157.8329482,3750377,3750377.0
1777302186.9090607,3750783,3750783.0
1777302220.4410877,3751263,3751263.0
1777302249.8769364,3751672,3751672.0
1777302287.5688415,3752205,3752205.0
1777302318.3006248,3752636,3752636.0
1777302354.8205583,3753156,3753156.0
1777302369.3522122,3753354,3753354.0
1777302403.6279073,3753832,3753832.0
1777302431.3199668,3754227,3754227.0
1777302459.4798727,3754625,3754625.0
1777302489.903682,3755060,3755060.0
1777302530.535476,3755633,3755633.0
1777302562.8552613,3756092,3756092.0
1777302604.7548187,3756697,3756697.0
1777302644.5988154,3757262,3757262.0
1777302667.1465192,3757587,3757587.0
1777302693.4065754,3757954,3757954.0
1777302730.806102,3758492,3758492.0
1777302762.2745323,3758940,3758940.0
1777302813.3738499,3759673,3759673.0
1777302834.1818516,3759954,3759954.0
1777302870.2177033,3760469,3760469.0
1777302898.6013877,3760867,3760867.0
1777302931.9408,3761342,3761342.0
1777302976.5768483,3761972,3761972.0
1777303023.5527496,3762647,3762647.0
1777303054.5447292,3763086,3763086.0
1777303083.1765506,3763491,3763491.0
1777303118.784324,3763999,3763999.0
1777303169.343938,3764718,3764718.0
1777303195.751928,3765090,3765090.0
1777303224.33534,3765488,3765488.0
1777303241.1956286,3765728,3765728.0
1777303274.2109327,3766193,3766193.0
1777303298.3633914,3766536,3766536.0
1777303321.8110623,3766862,3766862.0
1777303355.370831,3767340,3767340.0
1777303379.0468328,3767667,3767667.0
1777303403.4626029,3768010,3768010.0
1777303440.6546886,3768546,3768546.0
1777303463.0818846,3768856,3768856.0
1777303503.2223947,3769430,3769430.0
1777303531.0503554,3769819,3769819.0
1777303565.9815047,3770316,3770316.0
1777303609.0814297,3770924,3770924.0
1777303631.0893626,3771236,3771236.0
1777303696.565124,3772165,3772165.0
1777303715.1409469,3772426,3772426.0
1777303746.8409731,3772877,3772877.0
1777303795.1768835,3773565,3773565.0
1777303827.000716,3774008,3774008.0
1777303881.6766157,3774791,3774791.0
1777303902.65182,3775091,3775091.0
1777303946.4197993,3775716,3775716.0
1777303971.187623,3776062,3776062.0
1777304009.379658,3776606,3776606.0
1777304031.311526,3776907,3776907.0
1777304065.4191356,3777398,3777398.0
1777304108.7868907,3778023,3778023.0
1777304140.9709842,3778479,3778479.0
1777304172.406822,3778924,3778924.0
1777304233.198489,3779797,3779797.0
1777304265.1502955,3780243,3780243.0
1777304304.9897714,3780814,3780814.0
1777304336.8422766,3781267,3781267.0
1777304376.4097688,3781834,3781834.0
1777304416.0097075,3782388,3782388.0
1777304452.5496593,3782912,3782912.0
1777304499.7930193,3783592,3783592.0
1777304542.0768316,3784197,3784197.0
1777304576.5286841,3784686,3784686.0
1777304608.852352,3785144,3785144.0
1777304644.1519787,3785650,3785650.0
1777304685.0681863,3786229,3786229.0
1777304717.011702,3786686,3786686.0
1777304748.3280206,3787126,3787126.0
1777304785.7796156,3787664,3787664.0
1777304808.7554142,3787983,3787983.0
1777304831.2788985,3788304,3788304.0
1777304872.0952601,3788881,3788881.0
1777304913.2307942,3789470,3789470.0
1777304946.3627217,3789937,3789937.0
1777304975.25448,3790344,3790344.0
1777305005.789897,3790775,3790775.0
1777305025.4820335,3791044,3791044.0
1777305058.489965,3791517,3791517.0
1777305088.8577728,3791943,3791943.0
1777305119.149722,3792376,3792376.0
1777305154.4656467,3792878,3792878.0
1777305207.8408437,3793640,3793640.0
1777305224.8487425,3793880,3793880.0
1777305273.8166401,3794579,3794579.0
1777305303.208849,3795001,3795001.0
1777305328.9446347,3795362,3795362.0
1777305370.2439125,3795953,3795953.0
1777305391.6685228,3796247,3796247.0
1777305423.9958167,3796705,3796705.0
1777305463.91179,3797272,3797272.0
1777305505.2793748,3797861,3797861.0
1777305539.0637686,3798333,3798333.0
1777305585.2953205,3798996,3798996.0
1777305621.0950937,3799496,3799496.0
1777305658.8786628,3800035,3800035.0
1777305684.7306526,3800398,3800398.0
1777305712.1388502,3800782,3800782.0
1777305741.7826343,3801199,3801199.0
1777305774.565863,3801670,3801670.0
1777305807.0898538,3802127,3802127.0
1777305848.989742,3802736,3802736.0
1777305898.117699,3803427,3803427.0
1777305912.725388,3803632,3803632.0
1777305945.633381,3804101,3804101.0
1777305967.7093518,3804405,3804405.0
1777306004.1767905,3804923,3804923.0
1777306042.224828,3805464,3805464.0
1777306090.1086278,3806152,3806152.0
1777306112.9206975,3806468,3806468.0
1777306139.7842832,3806839,3806839.0
1777306167.727809,3807238,3807238.0
1777306200.6958637,3807700,3807700.0
1777306228.65176,3808092,3808092.0
1777306274.519634,3808747,3808747.0
1777306298.6197765,3809082,3809082.0
1777306331.0476522,3809542,3809542.0
1777306365.946888,3810038,3810038.0
1777306403.5309792,3810563,3810563.0
1777306436.322776,3811033,3811033.0
1777306471.1067955,3811527,3811527.0
1777306506.1385918,3812032,3812032.0
1777306544.6224663,3812574,3812574.0
1777306576.7820008,3813031,3813031.0
1777306616.6979704,3813601,3813601.0
1777306642.9338272,3813968,3813968.0
1777306677.7658634,3814464,3814464.0
1777306696.1497676,3814724,3814724.0
1777306718.7097023,3815035,3815035.0
1777306760.2614236,3815628,3815628.0
1777306799.6772597,3816188,3816188.0
1777306832.9769273,3816665,3816665.0
1777306849.4857893,3816898,3816898.0
1777306877.5129364,3817296,3817296.0
1777306909.6607797,3817747,3817747.0
1777306950.3447132,3818321,3818321.0
1777306980.6726801,3818751,3818751.0
1777307003.196415,3819064,3819064.0
1777307037.5798059,3819548,3819548.0
1777307046.4719465,3819668,3819668.0
1777307104.1559293,3820498,3820498.0
1777307139.7394361,3821006,3821006.0
1777307157.9477398,3821253,3821253.0
1777307200.983444,3821871,3821871.0
1777307219.2229476,3822118,3822118.0
1777307250.7913892,3822564,3822564.0
1777307288.03107,3823100,3823100.0
1777307319.4507554,3823543,3823543.0
1777307348.8428116,3823964,3823964.0
1777307373.526604,3824304,3824304.0
1777307403.7184832,3824732,3824732.0
1777307435.2343311,3825178,3825178.0
1777307454.894575,3825447,3825447.0
1777307474.7344704,3825729,3825729.0
1777307493.109779,3825973,3825973.0
1777307521.4538116,3826372,3826372.0
1777307554.1854167,3826841,3826841.0
1777307584.90961,3827269,3827269.0
1777307619.277435,3827759,3827759.0
1777307643.3849308,3828092,3828092.0
1777307674.8693624,3828538,3828538.0
1777307697.1972096,3828849,3828849.0
1777307729.6728485,3829311,3829311.0
1777307766.804704,3829841,3829841.0
1777307786.6967487,3830117,3830117.0
1777307826.5484474,3830682,3830682.0
1777307856.0479748,3831102,3831102.0
1777307913.6999822,3831932,3831932.0
1777307942.0997176,3832327,3832327.0
1777307970.4077122,3832727,3832727.0
1777307996.199524,3833090,3833090.0
1777308030.2995858,3833577,3833577.0
1777308057.322894,3833958,3833958.0
1777308094.9429312,3834497,3834497.0
1777308133.1110065,3835046,3835046.0
1777308161.1427274,3835438,3835438.0
1777308199.97889,3835999,3835999.0
1777308233.2025394,3836459,3836459.0
1777308272.4098186,3837014,3837014.0
1777308305.4379916,3837486,3837486.0
1777308329.529858,3837821,3837821.0
1777308354.7377717,3838176,3838176.0
1777308376.9614196,3838493,3838493.0
1777308414.6297095,3839019,3839019.0
1777308450.213453,3839530,3839530.0
1777308486.1297014,3840042,3840042.0
1777308524.0490525,3840587,3840587.0
1777308559.2886379,3841088,3841088.0
1777308584.356794,3841438,3841438.0
1777308625.088511,3842014,3842014.0
1777308661.015929,3842528,3842528.0
1777308708.9079819,3843224,3843224.0
1777308738.0999074,3843640,3843640.0
1777308774.059979,3844149,3844149.0
1777308804.6357293,3844576,3844576.0
1777308822.9157124,3844832,3844832.0
1777308862.183526,3845395,3845395.0
1777308910.1750247,3846076,3846076.0
1777308943.8868651,3846552,3846552.0
1777308991.8630452,3847238,3847238.0
1777309023.9707842,3847692,3847692.0
1777309047.7707126,3848024,3848024.0
1777309089.0783267,3848617,3848617.0
1777309108.7304413,3848886,3848886.0
1777309132.421866,3849220,3849220.0
1777309168.090179,3849719,3849719.0
1777309212.8219018,3850360,3850360.0
1777309242.9657342,3850783,3850783.0
1777309285.9656975,3851397,3851397.0
1777309336.4253826,3852122,3852122.0
1777309366.2169487,3852544,3852544.0
1777309402.4648788,3853062,3853062.0
1777309429.6409314,3853443,3853443.0
1777309462.84061,3853916,3853916.0
1777309479.5003119,3854144,3854144.0
1777309505.9086556,3854516,3854516.0
1777309541.5239635,3855024,3855024.0
1777309572.9999719,3855468,3855468.0
1777309590.1197152,3855697,3855697.0
1777309629.5121875,3856267,3856267.0
1777309673.511743,3856896,3856896.0
1777309703.2114894,3857318,3857318.0
1777309742.3269715,3857864,3857864.0
1777309766.4191089,3858200,3858200.0
1777309816.4869547,3858923,3858923.0
1777309841.5870087,3859272,3859272.0
1777309887.9544172,3859931,3859931.0
1777309930.73833,3860547,3860547.0
1777309961.422283,3860986,3860986.0
1777309986.2299497,3861330,3861330.0
1777310027.0976846,3861920,3861920.0
1777310060.5740242,3862395,3862395.0
1777310088.6577163,3862790,3862790.0
1777310119.5498056,3863225,3863225.0
1777310159.4329326,3863794,3863794.0
1777310194.0010703,3864286,3864286.0
1777310235.133049,3864879,3864879.0
1777310264.6009636,3865293,3865293.0
1777310304.836753,3865878,3865878.0
1777310363.2844439,3866722,3866722.0
1777310383.512316,3866991,3866991.0
1777310417.611994,3867479,3867479.0
1777310465.6956384,3868165,3868165.0
1777310505.6118162,3868738,3868738.0
1777310532.711639,3869121,3869121.0
1777310558.3553576,3869484,3869484.0
1777310600.686942,3870089,3870089.0
1777310653.8627727,3870852,3870852.0
1777310689.8147528,3871364,3871364.0
1777310730.6669974,3871934,3871934.0
1777310764.7065506,3872419,3872419.0
1777310806.0737965,3873012,3873012.0
1777310838.5578547,3873467,3873467.0
1777310870.873601,3873930,3873930.0
1777310909.693935,3874478,3874478.0
1777310927.92572,3874738,3874738.0
1777310956.6416192,3875148,3875148.0
1777311001.261504,3875778,3875778.0
1777311034.2447832,3876244,3876244.0
1777311065.1172903,3876675,3876675.0
1777311094.1687472,3877083,3877083.0
1777311140.3847194,3877753,3877753.0
1777311179.7525802,3878307,3878307.0
1777311202.0284295,3878628,3878628.0
1777311228.1203501,3878993,3878993.0
1777311249.7638087,3879296,3879296.0
1777311299.539892,3880002,3880002.0
1777311334.9314623,3880510,3880510.0
1777311359.4635992,3880854,3880854.0
1777311385.6073236,3881231,3881231.0
1777311415.67957,3881657,3881657.0
1777311446.0828705,3882088,3882088.0
1777311493.7308052,3882760,3882760.0
1777311540.4746966,3883424,3883424.0
1777311565.8826897,3883785,3883785.0
1777311590.8261878,3884131,3884131.0
1777311619.6739984,3884536,3884536.0
1777311686.4019685,3885496,3885496.0
1777311721.669563,3885990,3885990.0
1777311759.0778635,3886525,3886525.0
1777311786.0257282,3886903,3886903.0
1777311821.6855116,3887411,3887411.0
1777311858.5689254,3887944,3887944.0
1777311907.9449437,3888642,3888642.0
1777311931.2688425,3888969,3888969.0
1777311962.5447896,3889409,3889409.0
1777311995.3125467,3889878,3889878.0
1777312045.6718786,3890605,3890605.0
1777312088.2720768,3891208,3891208.0
1777312110.8318293,3891521,3891521.0
1777312139.8717763,3891936,3891936.0
1777312183.8238814,3892566,3892566.0
1777312228.214904,3893204,3893204.0
1777312280.4829154,3893946,3893946.0
1777312301.806905,3894241,3894241.0
1777312314.9988627,3894424,3894424.0
1777312351.9347556,3894942,3894942.0
1777312385.3424323,3895419,3895419.0
1777312418.0260296,3895877,3895877.0
1777312454.5101085,3896394,3896394.0
1777312482.0859528,3896773,3896773.0
1777312531.79365,3897486,3897486.0
1777312579.5937603,3898174,3898174.0
1777312618.0770574,3898726,3898726.0
1777312652.8289125,3899209,3899209.0
1777312687.880977,3899708,3899708.0
1777312721.2047741,3900185,3900185.0
1777312745.0286207,3900515,3900515.0
1777312791.9285295,3901186,3901186.0
1777312823.3323023,3901629,3901629.0
1777312863.0638597,3902195,3902195.0
1777312898.8641493,3902703,3902703.0
1777312938.7838302,3903279,3903279.0
1777312952.5838568,3903457,3903457.0
1777312983.5677621,3903897,3903897.0
1777313011.7156572,3904291,3904291.0
1777313048.1596847,3904818,3904818.0
1777313076.3149273,3905209,3905209.0
1777313115.6988738,3905774,3905774.0
1777313141.9829097,3906137,3906137.0
1777313165.426744,3906465,3906465.0
1777313185.1866343,3906749,3906749.0
1777313222.3865833,3907276,3907276.0
1777313259.1185381,3907800,3907800.0
1777313290.826442,3908249,3908249.0
1777313316.570414,3908613,3908613.0
1777313358.1697896,3909210,3909210.0
1777313390.7860045,3909671,3909671.0
1777313437.453766,3910332,3910332.0
1777313464.6056237,3910711,3910711.0
1777313494.5054724,3911135,3911135.0
1777313524.549432,3911565,3911565.0
1777313566.1646557,3912162,3912162.0
1777313595.5245247,3912572,3912572.0
1777313638.1727664,3913191,3913191.0
1777313661.2645192,3913507,3913507.0
1777313703.300367,3914108,3914108.0
1777313735.891871,3914568,3914568.0
1777313760.4241006,3914921,3914921.0
1777313799.3077145,3915462,3915462.0
1777313814.1157937,3915668,3915668.0
1777313849.6997588,3916181,3916181.0
1777313887.3030984,3916700,3916700.0
1777313905.135545,3916950,3916950.0
1777313928.2509549,3917270,3917270.0
1777313972.3193893,3917906,3917906.0
1777314017.3707852,3918545,3918545.0
1777314057.002695,3919112,3919112.0
1777314086.3627284,3919526,3919526.0
1777314105.7386332,3919794,3919794.0
1777314140.2063758,3920285,3920285.0
1777314165.5302482,3920642,3920642.0
1777314199.4978254,3921121,3921121.0
1777314216.0538049,3921347,3921347.0
1777314245.2056372,3921764,3921764.0
1777314271.5657763,3922141,3922141.0
1777314294.9057114,3922466,3922466.0
1777314342.02548,3923126,3923126.0
1777314367.249046,3923481,3923481.0
1777314394.9010448,3923870,3923870.0
1777314415.9570382,3924172,3924172.0
1777314458.309011,3924770,3924770.0
1777314484.6327658,3925147,3925147.0
1777314518.2327182,3925620,3925620.0
1777314546.068579,3926013,3926013.0
1777314587.1757593,3926596,3926596.0
1777314603.9000103,3926835,3926835.0
1777314647.835858,3927451,3927451.0
1777314676.403526,3927849,3927849.0
1777314706.4797597,3928275,3928275.0
1777314732.2515004,3928635,3928635.0
1777314755.5789428,3928973,3928973.0
1777314784.2469711,3929376,3929376.0
1777314823.0109036,3929922,3929922.0
1777314844.0709465,3930217,3930217.0
1777314864.0466034,3930490,3930490.0
1777314900.0306983,3931005,3931005.0
1777314942.1307192,3931600,3931600.0
1777314969.5384626,3931987,3931987.0
1777314995.282573,3932354,3932354.0
1777315048.258569,3933106,3933106.0
1777315075.6338952,3933493,3933493.0
1777315111.281726,3933998,3933998.0
1777315145.381552,3934482,3934482.0
1777315170.8256893,3934832,3934832.0
1777315203.1939976,3935294,3935294.0
1777315241.2416103,3935833,3935833.0
1777315266.3016956,3936197,3936197.0
1777315295.576898,3936609,3936609.0
1777315334.5768845,3937156,3937156.0
1777315389.2049131,3937941,3937941.0
1777315428.7527528,3938505,3938505.0
1777315467.0046768,3939054,3939054.0
1777315490.6966553,3939387,3939387.0
1777315546.5038645,3940182,3940182.0
1777315603.8399436,3941003,3941003.0
1777315637.8557422,3941486,3941486.0
1777315667.8397346,3941913,3941913.0
1777315699.999562,3942373,3942373.0
1777315718.1235785,3942620,3942620.0
1777315751.1749349,3943085,3943085.0
1777315783.5828686,3943542,3943542.0
1777315817.450959,3944028,3944028.0
1777315833.6428192,3944252,3944252.0
1777315862.818689,3944670,3944670.0
1777315890.36662,3945052,3945052.0
1777315912.7587018,3945363,3945363.0
1777315950.710687,3945905,3945905.0
1777315967.2783878,3946122,3946122.0
1777316006.39388,3946685,3946685.0
1777316040.5944574,3947170,3947170.0
1777316080.4298813,3947735,3947735.0
1777316109.5456414,3948126,3948126.0
1777316137.0057108,3948517,3948517.0
1777316175.8216097,3949063,3949063.0
1777316216.5375726,3949643,3949643.0
1777316253.1132326,3950168,3950168.0
1777316278.380949,3950520,3950520.0
1777316312.4407334,3951004,3951004.0
1777316358.664775,3951664,3951664.0
1777316391.0725977,3952128,3952128.0
1777316437.132457,3952794,3952794.0
1777316479.4677374,3953393,3953393.0
1777316497.3239603,3953647,3953647.0
1777316525.3837552,3954043,3954043.0
1777316552.6757648,3954429,3954429.0
1777316587.1597583,3954921,3954921.0
1777316614.1835015,3955297,3955297.0
1777316641.519459,3955681,3955681.0
1777316659.8948424,3955934,3955934.0
1777316680.5870938,3956221,3956221.0
1777316725.1030219,3956862,3956862.0
1777316755.5947282,3957293,3957293.0
1777316790.278771,3957784,3957784.0
1777316824.2782543,3958263,3958263.0
1777316846.386746,3958564,3958564.0
1777316882.3539712,3959077,3959077.0
1777316922.5898297,3959648,3959648.0
1777316944.0822878,3959950,3959950.0
1777316984.3817172,3960524,3960524.0
1777317015.7217183,3960964,3960964.0
1777317048.205632,3961427,3961427.0
1777317094.4888134,3962089,3962089.0
1777317140.5727985,3962745,3962745.0
1777317173.3928938,3963208,3963208.0
1777317212.5767531,3963763,3963763.0
1777317257.2765038,3964403,3964403.0
1777317288.976206,3964850,3964850.0
1777317328.2601316,3965412,3965412.0
1777317362.3518002,3965895,3965895.0
1777317417.3275309,3966681,3966681.0
1777317454.459501,3967216,3967216.0
1777317476.8870237,3967521,3967521.0
1777317509.3348393,3967982,3967982.0
1777317528.7790568,3968250,3968250.0
1777317553.487183,3968594,3968594.0
1777317587.002932,3969076,3969076.0
1777317613.4789822,3969446,3969446.0
1777317647.6545448,3969929,3969929.0
1777317675.2224681,3970318,3970318.0
1777317714.0905216,3970871,3970871.0
1777317753.9901502,3971444,3971444.0
1777317790.9419749,3971964,3971964.0
1777317811.5578392,3972255,3972255.0
1777317849.4577537,3972794,3972794.0
1777317870.4974616,3973084,3973084.0
1777317889.1094577,3973338,3973338.0
1777317918.9090102,3973760,3973760.0
1777317948.0008945,3974170,3974170.0
1777317989.5691082,3974770,3974770.0
1777318028.2166646,3975320,3975320.0
1777318082.6766386,3976103,3976103.0
1777318128.2438655,3976752,3976752.0
1777318171.7598403,3977377,3977377.0
1777318192.935952,3977670,3977670.0
1777318221.0877724,3978063,3978063.0
1777318249.4637246,3978466,3978466.0
1777318290.5276175,3979051,3979051.0
1777318333.0709305,3979651,3979651.0
1777318358.339128,3980012,3980012.0
1777318385.5228565,3980396,3980396.0
1777318420.2072887,3980892,3980892.0
1777318455.698752,3981399,3981399.0
1777318490.5666115,3981893,3981893.0
1777318542.9905512,3982640,3982640.0
1777318572.782609,3983062,3983062.0
1777318591.4417443,3983326,3983326.0
1777318625.6576498,3983816,3983816.0
1777318668.7577271,3984430,3984430.0
1777318701.3857272,3984895,3984895.0
1777318722.11769,3985184,3985184.0
1777318758.1693585,3985698,3985698.0
1777318791.8608131,3986175,3986175.0
1777318816.7531688,3986524,3986524.0
1777318845.6374037,3986935,3986935.0
1777318873.2924337,3987324,3987324.0
1777318922.6967325,3988039,3988039.0
1777318951.5124903,3988445,3988445.0
1777318980.987862,3988863,3988863.0
1777319005.2121499,3989198,3989198.0
1777319040.6635191,3989710,3989710.0
1777319065.8117085,3990057,3990057.0
1777319089.4716482,3990386,3990386.0
1777319111.5637832,3990698,3990698.0
1777319134.4074824,3991020,3991020.0
1777319166.1628158,3991473,3991473.0
1777319196.3467634,3991903,3991903.0
1777319238.2466888,3992496,3992496.0
1777319263.4220843,3992845,3992845.0
1777319299.12193,3993359,3993359.0
1777319346.257998,3994033,3994033.0
1777319364.2820735,3994283,3994283.0
1777319401.1657798,3994805,3994805.0
1777319432.3177307,3995250,3995250.0
1777319466.5772762,3995731,3995731.0
1777319495.325329,3996136,3996136.0
1777319526.4010053,3996576,3996576.0
1777319562.4686725,3997089,3997089.0
1777319602.0205786,3997645,3997645.0
1777319629.2285323,3998031,3998031.0
1777319649.7364836,3998319,3998319.0
1777319679.1519237,3998739,3998739.0
1777319721.7880712,3999342,3999342.0
1777319751.7438064,3999763,3999763.0
1777319800.903632,4000414,4000414.0
1777319820.7956195,4000688,4000688.0
1777319855.0315764,4001175,4001175.0
1777319882.1076684,4001557,4001557.0
1777319915.3629346,4002030,4002030.0
1777319945.646591,4002461,4002461.0
1777319989.3827457,4003073,4003073.0
1777320014.1067646,4003432,4003432.0
1777320043.6907115,4003854,4003854.0
1777320087.906012,4004477,4004477.0
1777320108.3344967,4004757,4004757.0
1777320127.741833,4005026,4005026.0
1777320156.3500698,4005431,4005431.0
1777320184.549751,4005824,4005824.0
1777320230.5015018,4006477,4006477.0
1777320256.1409645,4006842,4006842.0
1777320297.8769505,4007437,4007437.0
1777320339.208845,4008029,4008029.0
1777320367.2287445,4008419,4008419.0
1777320393.3687053,4008788,4008788.0
1777320429.736593,4009312,4009312.0
1777320458.7804677,4009714,4009714.0
1777320508.987941,4010432,4010432.0
1777320554.8043702,4011091,4011091.0
1777320583.5955126,4011491,4011491.0
1777320613.279753,4011914,4011914.0
1777320656.4795308,4012519,4012519.0
1777320689.0988734,4012986,4012986.0
1777320733.4313705,4013624,4013624.0
1777320760.4749045,4014008,4014008.0
1777320791.4425843,4014444,4014444.0
1777320825.1147146,4014922,4014922.0
1777320853.666553,4015329,4015329.0
1777320878.374342,4015674,4015674.0
1777320930.233806,4016417,4016417.0
1777320963.7777767,4016885,4016885.0
1777321001.4256327,4017425,4017425.0
1777321021.4697447,4017698,4017698.0
1777321065.2694883,4018327,4018327.0
1777321119.0768378,4019092,4019092.0
1777321148.585047,4019506,4019506.0
1777321174.1526377,4019863,4019863.0
1777321193.74501,4020135,4020135.0
1777321215.3887768,4020441,4020441.0
1777321244.0447273,4020851,4020851.0
1777321284.4284937,4021426,4021426.0
1777321307.340474,4021751,4021751.0
1777321332.4806027,4022106,4022106.0
1777321358.4158638,4022461,4022461.0
1777321403.9638164,4023108,4023108.0
1777321432.0317585,4023506,4023506.0
1777321461.8916743,4023935,4023935.0
1777321504.5595853,4024546,4024546.0
1777321545.7235706,4025136,4025136.0
1777321574.882803,4025552,4025552.0
1777321616.5428643,4026142,4026142.0
1777321652.2187867,4026654,4026654.0
1777321674.874658,4026967,4026967.0
1777321704.0786014,4027376,4027376.0
1777321733.9347963,4027801,4027801.0
1777321766.2340262,4028256,4028256.0
1777321796.770006,4028691,4028691.0
1777321815.1458886,4028950,4028950.0
1777321837.8617332,4029265,4029265.0
1777321866.0457203,4029659,4029659.0
1777321883.3374944,4029892,4029892.0
1777321915.1375337,4030347,4030347.0
1777321948.9134562,4030823,4030823.0
1777321976.7969215,4031219,4031219.0
1777321997.1807234,4031511,4031511.0
1777322021.2888076,4031847,4031847.0
1777322044.8212407,4032175,4032175.0
1777322085.5567703,4032759,4032759.0
1777322124.524612,4033314,4033314.0
1777322162.0159087,4033844,4033844.0
1777322181.791965,4034127,4034127.0
1777322210.3237982,4034524,4034524.0
1777322232.6159356,4034835,4034835.0
1777322287.707505,4035623,4035623.0
1777322329.6434605,4036231,4036231.0
1777322359.919459,4036657,4036657.0
1777322384.1268601,4036996,4036996.0
1777322405.5188446,4037290,4037290.0
1777322442.0870364,4037811,4037811.0
1777322478.8186495,4038336,4038336.0
1777322498.5787487,4038605,4038605.0
1777322533.4465237,4039097,4039097.0
1777322583.4619238,4039815,4039815.0
1777322616.062328,4040273,4040273.0
1777322647.254004,4040720,4040720.0
1777322680.569791,4041185,4041185.0
1777322699.8818622,4041448,4041448.0
1777322729.1656086,4041867,4041867.0
1777322779.4129367,4042592,4042592.0
1777322808.0412867,4042991,4042991.0
1777322852.1647687,4043618,4043618.0
1777322871.2487788,4043884,4043884.0
1777322906.0088296,4044376,4044376.0
1777322937.1166644,4044815,4044815.0
1777322968.8563387,4045268,4045268.0
1777323017.0323343,4045961,4045961.0
1777323033.3519928,4046179,4046179.0
1777323053.8759656,4046475,4046475.0
1777323083.4078295,4046888,4046888.0
1777323109.6838646,4047258,4047258.0
1777323145.4835486,4047772,4047772.0
1777323166.343502,4048064,4048064.0
1777323214.9793937,4048757,4048757.0
1777323245.4430099,4049188,4049188.0
1777323262.5867326,4049426,4049426.0
1777323288.2266827,4049788,4049788.0
1777323317.6627336,4050204,4050204.0
1777323348.554601,4050645,4050645.0
1777323376.314617,4051034,4051034.0
1777323405.4784915,4051448,4051448.0
1777323440.7820134,4051951,4051951.0
1777323466.4383454,4052307,4052307.0
1777323492.1458027,4052669,4052669.0
1777323515.9056642,4052996,4052996.0
1777323560.2495787,4053637,4053637.0
1777323590.1894803,4054061,4054061.0
1777323614.3654737,4054400,4054400.0
1777323637.4810927,4054722,4054722.0
1777323670.408662,4055187,4055187.0
1777323710.2248142,4055755,4055755.0
1777323741.4686375,4056197,4056197.0
1777323779.2845123,4056733,4056733.0
1777323794.8603814,4056945,4056945.0
1777323837.4438221,4057562,4057562.0
1777323861.5683424,4057895,4057895.0
1777323886.119976,4058238,4058238.0
1777323922.0957925,4058750,4058750.0
1777323969.3517084,4059424,4059424.0
1777324007.8035183,4059977,4059977.0
1777324064.6388495,4060792,4060792.0
1777324082.2308564,4061040,4061040.0
1777324110.6948042,4061444,4061444.0
1777324157.1147532,4062107,4062107.0
1777324197.2987542,4062679,4062679.0
1777324231.730475,4063167,4063167.0
1777324260.6904187,4063570,4063570.0
1777324301.0056965,4064136,4064136.0
1777324342.7257242,4064740,4064740.0
1777324375.325525,4065201,4065201.0
1777324400.281664,4065554,4065554.0
1777324422.4734106,4065860,4065860.0
1777324435.1488376,4066030,4066030.0
1777324447.7329247,4066199,4066199.0
1777324481.1010427,4066671,4066671.0
1777324517.7167659,4067194,4067194.0
1777324543.260816,4067553,4067553.0
1777324581.2606084,4068092,4068092.0
1777324606.4524682,4068448,4068448.0
1777324637.3039427,4068876,4068876.0
1777324665.6961262,4069274,4069274.0
1777324681.6197877,4069501,4069501.0
1777324711.4798696,4069923,4069923.0
1777324741.4118042,4070347,4070347.0
1777324786.4276884,4070987,4070987.0
1777324800.9716187,4071190,4071190.0
1777324833.447153,4071650,4071650.0
1777324863.1469622,4072072,4072072.0
1777324907.3627887,4072695,4072695.0
1777324930.8707771,4073022,4073022.0
1777324966.7068043,4073529,4073529.0
1777325002.9745762,4074050,4074050.0
1777325034.0306273,4074481,4074481.0
1777325057.4667454,4074811,4074811.0
1777325087.1905634,4075228,4075228.0
1777325115.7187793,4075628,4075628.0
1777325155.7828217,4076198,4076198.0
1777325182.9348257,4076579,4076579.0
1777325219.2507443,4077099,4077099.0
1777325247.7426739,4077495,4077495.0
1777325273.5347044,4077862,4077862.0
1777325297.3105683,4078191,4078191.0
1777325312.8705897,4078409,4078409.0
1777325351.1026745,4078944,4078944.0
1777325379.7306535,4079347,4079347.0
1777325414.8786767,4079843,4079843.0
1777325445.4305446,4080272,4080272.0
1777325466.9384773,4080574,4080574.0
1777325499.6904154,4081037,4081037.0
1777325519.4905689,4081317,4081317.0
1777325554.2064767,4081808,4081808.0
1777325598.590426,4082445,4082445.0
1777325614.2659776,4082658,4082658.0
1777325646.9824858,4083118,4083118.0
1777325671.3742874,4083463,4083463.0
1777325710.6583095,4084016,4084016.0
1777325722.9942777,4084185,4084185.0
1777325743.8499815,4084475,4084475.0
1777325778.069692,4084966,4084966.0
1777325811.6017308,4085442,4085442.0
1777325844.0937772,4085905,4085905.0
1777325876.1774251,4086361,4086361.0
1777325899.521826,4086688,4086688.0
1777325924.2137835,4087033,4087033.0
1777325966.1292825,4087632,4087632.0
1777325998.58105,4088088,4088088.0
1777326065.0407887,4089043,4089043.0
1777326087.364958,4089351,4089351.0
1777326115.7651155,4089754,4089754.0
1777326152.0808396,4090268,4090268.0
1777326174.1247013,4090574,4090574.0
1777326212.7084603,4091119,4091119.0
1777326227.6567285,4091319,4091319.0
1777326251.7083914,4091655,4091655.0
1777326277.4524953,4092014,4092014.0
1777326304.4442537,4092402,4092402.0
1777326335.5279326,4092835,4092835.0
1777326360.4837863,4093184,4093184.0
1777326391.0598123,4093616,4093616.0
1777326422.043665,4094057,4094057.0
1777326454.8959107,4094521,4094521.0
1777326488.3875964,4094988,4094988.0
1777326519.50369,4095429,4095429.0
1777326548.111365,4095838,4095838.0
1777326570.919371,4096162,4096162.0
1777326612.2389872,4096746,4096746.0
1777326636.6392589,4097098,4097098.0
1777326668.6232433,4097543,4097543.0
1777326710.6147895,4098142,4098142.0
1777326742.6826997,4098598,4098598.0
1777326779.6667328,4099120,4099120.0
1777326801.6427224,4099424,4099424.0
1777326822.6982071,4099718,4099718.0
1777326849.7664196,4100099,4100099.0
1777326896.0100048,4100769,4100769.0
1777326945.4177806,4101468,4101468.0
1777326980.0700145,4101957,4101957.0
1777327013.893698,4102441,4102441.0
1777327061.1175568,4103111,4103111.0
1777327109.4534597,4103809,4103809.0
1777327130.3614507,4104100,4104100.0
1777327153.405022,4104426,4104426.0
1777327186.6888676,4104899,4104899.0
1777327222.7448485,4105415,4105415.0
1777327269.1048846,4106076,4106076.0
1777327292.42885,4106405,4106405.0
1777327315.1889522,4106725,4106725.0
1777327336.532802,4107024,4107024.0
1777327364.6048899,4107416,4107416.0
1777327397.92432,4107886,4107886.0
1777327433.9078674,4108399,4108399.0
1777327474.8759906,4108989,4108989.0
1777327505.3160186,4109416,4109416.0
1777327550.9437342,4110066,4110066.0
1777327590.6277192,4110630,4110630.0
1777327631.8437326,4111198,4111198.0
1777327661.9835312,4111629,4111629.0
1777327703.9513533,4112222,4112222.0
1777327738.5029507,4112716,4112716.0
1777327767.9107885,4113124,4113124.0
1777327806.71075,4113683,4113683.0
1777327845.6947417,4114222,4114222.0
1777327875.6626925,4114648,4114648.0
1777327902.3221595,4115030,4115030.0
1777327927.3787837,4115383,4115383.0
1777327946.6385133,4115647,4115647.0
1777327983.1378734,4116170,4116170.0
1777328004.4661317,4116464,4116464.0
1777328042.2498975,4117001,4117001.0
1777328061.8736665,4117273,4117273.0
1777328088.7817905,4117650,4117650.0
1777328119.1497848,4118082,4118082.0
1777328151.6018167,4118540,4118540.0
1777328178.5735803,4118921,4118921.0
1777328210.7854106,4119370,4119370.0
1777328238.2689986,4119757,4119757.0
1777328265.3933175,4120143,4120143.0
1777328304.361083,4120697,4120697.0
1777328342.0767956,4121237,4121237.0
1777328366.468757,4121574,4121574.0
1777328388.392768,4121878,4121878.0
1777328431.4446814,4122490,4122490.0
1777328478.6205072,4123153,4123153.0
1777328522.919945,4123794,4123794.0
1777328550.5119455,4124182,4124182.0
1777328583.3318667,4124648,4124648.0
1777328602.724246,4124910,4124910.0
1777328638.8715017,4125420,4125420.0
1777328664.4317305,4125782,4125782.0
1777328704.1995358,4126343,4126343.0
1777328740.8909652,4126862,4126862.0
1777328779.839053,4127408,4127408.0
1777328804.9231398,4127765,4127765.0
1777328845.958819,4128340,4128340.0
1777328880.5989976,4128830,4128830.0
1777328926.242747,4129491,4129491.0
1777328965.1944911,4130038,4130038.0
1777328980.7587507,4130253,4130253.0
1777329014.578309,4130734,4130734.0
1777329047.026333,4131195,4131195.0
1777329070.869961,4131524,4131524.0
1777329098.293632,4131911,4131911.0
1777329145.6456642,4132582,4132582.0
1777329185.3289719,4133155,4133155.0
1777329211.4129958,4133513,4133513.0
1777329233.8726661,4133826,4133826.0
1777329245.9884963,4133992,4133992.0
1777329280.987724,4134481,4134481.0
1777329307.6795945,4134857,4134857.0
1777329339.3634768,4135302,4135302.0
1777329362.3549106,4135627,4135627.0
1777329405.0390913,4136241,4136241.0
1777329440.7307043,4136747,4136747.0
1777329460.630492,4137030,4137030.0
1777329490.0462132,4137448,4137448.0
1777329530.1820784,4138015,4138015.0
1777329574.149685,4138645,4138645.0
1777329607.2572305,4139114,4139114.0
1777329625.9968903,4139372,4139372.0
1777329665.132682,4139929,4139929.0
1777329709.6174078,4140575,4140575.0
1777329747.2679508,4141096,4141096.0
1777329784.1838837,4141624,4141624.0
1777329827.635887,4142246,4142246.0
1777329854.919605,4142628,4142628.0
1777329894.4673858,4143191,4143191.0
1777329941.8189437,4143870,4143870.0
1777329955.6953363,4144055,4144055.0
1777329980.7509525,4144410,4144410.0
1777330005.1947556,4144753,4144753.0
1777330034.710475,4145170,4145170.0
1777330051.7106664,4145397,4145397.0
1777330083.0625076,4145843,4145843.0
1777330108.8538513,4146205,4146205.0
1777330140.185966,4146645,4146645.0
1777330195.145769,4147433,4147433.0
1777330238.6214983,4148059,4148059.0
1777330275.3373966,4148584,4148584.0
1777330302.3209357,4148966,4148966.0
1777330332.7647998,4149391,4149391.0
1777330356.6567957,4149725,4149725.0
1777330382.5889695,4150086,4150086.0
1777330412.9805093,4150514,4150514.0
1777330447.783845,4151011,4151011.0
1777330477.3920388,4151432,4151432.0
1777330487.46784,4151572,4151572.0
1777330526.0998597,4152108,4152108.0
1777330563.715777,4152649,4152649.0
1777330602.5913775,4153205,4153205.0
1777330620.7989588,4153453,4153453.0
1777330646.682752,4153817,4153817.0
1777330697.9868352,4154561,4154561.0
1777330728.3867877,4154985,4154985.0
1777330762.062745,4155467,4155467.0
1777330784.6547835,4155777,4155777.0
1777330811.3699,4156154,4156154.0
1777330848.785793,4156684,4156684.0
1777330864.0859532,4156890,4156890.0
1777330899.2701094,4157394,4157394.0
1777330923.0977237,4157719,4157719.0
1777330955.629745,4158184,4158184.0
1777330988.645285,4158647,4158647.0
1777331010.5055842,4158951,4158951.0
1777331047.5809984,4159485,4159485.0
1777331079.2329633,4159940,4159940.0
1777331103.6247537,4160273,4160273.0
1777331128.7646418,4160627,4160627.0
1777331172.5926056,4161252,4161252.0
1777331198.8844502,4161627,4161627.0
1777331244.0161526,4162265,4162265.0
1777331275.931979,4162723,4162723.0
1777331304.4920309,4163122,4163122.0
1777331328.0517504,4163464,4163464.0
1777331374.4593918,4164124,4164124.0
1777331407.483611,4164592,4164592.0
1777331422.8590045,4164805,4164805.0
1777331453.2113097,4165223,4165223.0
1777331482.8709881,4165641,4165641.0
1777331512.1426468,4166052,4166052.0
1777331536.7108781,4166396,4166396.0
1777331587.610623,4167117,4167117.0
1777331620.394563,4167578,4167578.0
1777331657.4460435,4168104,4168104.0
1777331688.4897478,4168542,4168542.0
1777331709.4817996,4168832,4168832.0
1777331745.697762,4169351,4169351.0
1777331784.4134476,4169896,4169896.0
1777331821.4814377,4170417,4170417.0
1777331859.796882,4170967,4170967.0
1777331899.4650366,4171534,4171534.0
1777331921.2569559,4171832,4171832.0
1777331935.9927382,4172030,4172030.0
1777331971.7567816,4172536,4172536.0
1777331993.3483722,4172848,4172848.0
1777332029.3164754,4173353,4173353.0
1777332054.2078903,4173712,4173712.0
1777332078.2361236,4174049,4174049.0
1777332109.0359647,4174477,4174477.0
1777332139.2598512,4174909,4174909.0
1777332168.7757776,4175318,4175318.0
1777332200.0516903,4175764,4175764.0
1777332207.4115064,4175856,4175856.0
1777332230.3034813,4176174,4176174.0
1777332275.4190598,4176817,4176817.0
1777332304.1387844,4177216,4177216.0
1777332337.5949728,4177695,4177695.0
1777332358.4869254,4177981,4177981.0
1777332378.0789125,4178255,4178255.0
1777332412.5144086,4178749,4178749.0
1777332461.4619427,4179447,4179447.0
1777332511.706387,4180166,4180166.0
1777332568.3977845,4180980,4180980.0
1777332600.7257395,4181434,4181434.0
1777332622.5175831,4181744,4181744.0
1777332657.0016668,4182228,4182228.0
1777332680.7569132,4182563,4182563.0
1777332707.4171536,4182936,4182936.0
1777332745.6329393,4183477,4183477.0
1777332782.0166686,4183992,4183992.0
1777332802.0768027,4184269,4184269.0
1777332821.6846585,4184534,4184534.0
1777332833.8085208,4184702,4184702.0
1777332861.2362416,4185089,4185089.0
1777332892.7838523,4185531,4185531.0
1777332915.0958083,4185841,4185841.0
1777332945.036028,4186256,4186256.0
1777332986.1360157,4186850,4186850.0
1777333007.927854,4187141,4187141.0
1777333033.8956842,4187510,4187510.0
1777333077.4470272,4188125,4188125.0
1777333105.9867861,4188535,4188535.0
1777333142.855004,4189044,4189044.0
1777333165.5626962,4189372,4189372.0
1777333193.1709344,4189763,4189763.0
1777333222.6746957,4190176,4190176.0
1777333263.6907535,4190755,4190755.0
1777333297.522806,4191239,4191239.0
1777333325.1146245,4191621,4191621.0
1777333350.5903742,4191979,4191979.0
1777333380.4259136,4192403,4192403.0
1777333411.6661656,4192839,4192839.0
1777333451.5018628,4193413,4193413.0
1777333465.058259,4193598,4193598.0
1777333502.8940375,4194134,4194134.0
1777333534.517795,4194572,4194572.0
1777333561.3857958,4194951,4194951.0
1777333583.2617462,4195266,4195266.0
1777333609.0016341,4195620,4195620.0
1777333650.7054017,4196212,4196212.0
1777333675.1615815,4196562,4196562.0
1777333710.5608673,4197057,4197057.0
1777333747.0807052,4197578,4197578.0
1777333789.5969055,4198186,4198186.0
1777333823.1488671,4198664,4198664.0
1777333845.5047548,4198973,4198973.0
1777333878.3647377,4199438,4199438.0
1777333925.1922784,4200101,4200101.0
1777333934.4247859,4200221,4200221.0
1777333958.9004378,4200565,4200565.0
1777333987.0841944,4200958,4200958.0
1777334015.4238303,4201353,4201353.0
1777334029.2320597,4201549,4201549.0
1777334057.4241483,4201939,4201939.0
1777334075.2358806,4202184,4202184.0
1777334104.4677708,4202593,4202593.0
1777334138.7596383,4203078,4203078.0
1777334177.09573,4203627,4203627.0
1777334204.2677538,4204005,4204005.0
1777334253.542981,4204709,4204709.0
1777334286.6267095,4205178,4205178.0
1777334328.8786838,4205784,4205784.0
1777334390.038736,4206666,4206666.0
1777334418.4625876,4207069,4207069.0
1777334439.606474,4207366,4207366.0
1777334471.989975,4207820,4207820.0
1777334505.4820077,4208297,4208297.0
1777334538.266256,4208759,4208759.0
1777334570.8977935,4209227,4209227.0
1777334594.77382,4209555,4209555.0
1777334636.3257003,4210155,4210155.0
1777334654.1817024,4210390,4210390.0
1777334690.525465,4210909,4210909.0
1777334715.2773747,4211255,4211255.0
1777334733.3330605,4211503,4211503.0
1777334754.3928418,4211806,4211806.0
1777334767.4607124,4211973,4211973.0
1777334816.9848094,4212688,4212688.0
1777334844.2927074,4213065,4213065.0
1777334900.3843815,4213872,4213872.0
1777334927.996234,4214260,4214260.0
1777334965.0123346,4214788,4214788.0
1777334981.6358612,4215012,4215012.0
1777335005.52791,4215347,4215347.0
1777335019.0880284,4215538,4215538.0
1777335060.9037902,4216129,4216129.0
1777335085.5317054,4216482,4216482.0
1777335120.1636941,4216967,4216967.0
1777335148.3237803,4217371,4217371.0
1777335193.6914182,4218014,4218014.0
1777335228.2230487,4218508,4218508.0
1777335267.4231021,4219069,4219069.0
1777335301.5748124,4219545,4219545.0
1777335318.4910383,4219784,4219784.0
1777335359.7349446,4220370,4220370.0
1777335402.4829385,4220981,4220981.0
1777335443.750826,4221570,4221570.0
1777335465.710735,4221870,4221870.0
1777335486.8868191,4222158,4222158.0
1777335524.8547773,4222698,4222698.0
1777335548.4464974,4223029,4223029.0
1777335583.4307673,4223525,4223525.0
1777335616.2547266,4223994,4223994.0
1777335641.4466572,4224340,4224340.0
1777335691.8545413,4225063,4225063.0
1777335728.654644,4225584,4225584.0
1777335757.9459505,4226001,4226001.0
1777335791.5298579,4226472,4226472.0
1777335828.8662305,4227006,4227006.0
1777335875.5822964,4227668,4227668.0
1777335900.557828,4228014,4228014.0
1777335932.4420812,4228466,4228466.0
1777335977.2097814,4229113,4229113.0
1777336011.3939211,4229600,4229600.0
1777336038.9017484,4229988,4229988.0
1777336070.2536926,4230432,4230432.0
1777336110.8011591,4230998,4230998.0
1777336142.6694748,4231450,4231450.0
1777336156.552838,4231644,4231644.0
1777336185.3609905,4232049,4232049.0
1777336210.0814073,4232399,4232399.0
1777336226.5809577,4232633,4232633.0
1777336263.797108,4233156,4233156.0
1777336287.2726457,4233491,4233491.0
1777336321.972796,4233974,4233974.0
1777336351.3727612,4234385,4234385.0
1777336383.6805873,4234836,4234836.0
1777336401.0884783,4235079,4235079.0
1777336448.7925625,4235749,4235749.0
1777336484.8240783,4236266,4236266.0
1777336524.9918718,4236840,4236840.0
1777336574.9159207,4237543,4237543.0
1777336601.1276324,4237909,4237909.0
1777336639.6597354,4238461,4238461.0
1777336683.575714,4239088,4239088.0
1777336722.1274886,4239636,4239636.0
1777336744.451024,4239952,4239952.0
1777336779.9351022,4240451,4240451.0
1777336816.9027238,4240977,4240977.0
1777336853.3789878,4241496,4241496.0
1777336886.3468497,4241969,4241969.0
1777336909.8383877,4242292,4242292.0
1777336945.6704965,4242809,4242809.0
1777336963.6986973,4243053,4243053.0
1777337001.9306743,4243602,4243602.0
1777337046.7982903,4244239,4244239.0
1777337077.8740094,4244676,4244676.0
1777337104.7057536,4245056,4245056.0
1777337139.8898413,4245552,4245552.0
1777337157.8896801,4245810,4245810.0
1777337204.8857117,4246477,4246477.0
1777337229.4776218,4246823,4246823.0
1777337254.0337174,4247168,4247168.0
1777337286.2328308,4247622,4247622.0
1777337317.4610984,4248063,4248063.0
1777337334.4007087,4248304,4248304.0
1777337357.7767344,4248632,4248632.0
1777337381.3444471,4248957,4248957.0
1777337402.528523,4249263,4249263.0
1777337462.1518426,4250117,4250117.0
1777337500.7515798,4250660,4250660.0
1777337539.1031158,4251207,4251207.0
1777337556.9269407,4251458,4251458.0
1777337590.9946218,4251930,4251930.0
1777337613.3387241,4252251,4252251.0
1777337637.4624484,4252582,4252582.0
1777337667.0619745,4253002,4253002.0
1777337695.0900788,4253397,4253397.0
1777337730.3897772,4253899,4253899.0
1777337755.0657465,4254249,4254249.0
1777337777.505465,4254559,4254559.0
1777337817.940841,4255142,4255142.0
1777337848.9249475,4255574,4255574.0
1777337886.7167363,4256115,4256115.0
1777337911.7488077,4256461,4256461.0
1777337940.3405333,4256861,4256861.0
1777337974.3161519,4257340,4257340.0
1777338020.8400476,4257990,4257990.0
1777338043.6921227,4258308,4258308.0
1777338059.1916382,4258528,4258528.0
1777338085.0996838,4258893,4258893.0
1777338123.8993444,4259454,4259454.0
1777338149.0429883,4259807,4259807.0
1777338177.4589221,4260211,4260211.0
1777338219.6591692,4260822,4260822.0
1777338260.8267229,4261412,4261412.0
1777338287.2106402,4261788,4261788.0
1777338329.0385237,4262396,4262396.0
1777338352.9461522,4262729,4262729.0
1777338378.8778124,4263100,4263100.0
1777338408.3697827,4263524,4263524.0
1777338436.3216684,4263921,4263921.0
1777338472.6294646,4264448,4264448.0
1777338506.7815845,4264940,4264940.0
1777338527.4892025,4265231,4265231.0
1777338550.3489609,4265559,4265559.0
1777338569.3574088,4265827,4265827.0
1777338590.0132093,4266117,4266117.0
1777338625.832818,4266631,4266631.0
1777338657.8167489,4267091,4267091.0
1777338683.872622,4267464,4267464.0
1777338747.6005583,4268397,4268397.0
1777338785.0319405,4268942,4268942.0
1777338814.3239532,4269361,4269361.0
1777338845.4916558,4269806,4269806.0
1777338875.7195973,4270240,4270240.0
1777338921.0954795,4270895,4270895.0
1777338948.751282,4271288,4271288.0
1777338968.7590914,4271571,4271571.0
1777339003.4106746,4272073,4272073.0
1777339032.5188024,4272489,4272489.0
1777339069.902729,4273020,4273020.0
1777339095.6308362,4273394,4273394.0
1777339127.494533,4273849,4273849.0
1777339160.7863781,4274326,4274326.0
1777339193.9378674,4274798,4274798.0
1777339234.8218052,4275391,4275391.0
1777339280.1216955,4276046,4276046.0
1777339310.2217224,4276477,4276477.0
1777339336.233485,4276855,4276855.0
1777339391.3889575,4277658,4277658.0
1777339438.8249135,4278341,4278341.0
1777339457.1009345,4278599,4278599.0
1777339481.0406656,4278939,4278939.0
1777339517.6766813,4279470,4279470.0
1777339552.4085784,4279964,4279964.0
1777339590.6765606,4280516,4280516.0
1777339625.4357874,4281016,4281016.0
1777339650.6358666,4281376,4281376.0
1777339689.2436845,4281938,4281938.0
1777339728.2437208,4282497,4282497.0
1777339751.5636783,4282827,4282827.0
1777339779.755102,4283234,4283234.0
1777339803.2950108,4283563,4283563.0
1777339831.4869816,4283967,4283967.0
1777339874.0629706,4284583,4284583.0
1777339896.654786,4284904,4284904.0
1777339921.3987386,4285258,4285258.0
1777339956.4465759,4285764,4285764.0
1777339984.0740154,4286160,4286160.0
1777340006.6466248,4286479,4286479.0
1777340028.1581342,4286790,4286790.0
1777340056.357994,4287191,4287191.0
1777340068.5501544,4287356,4287356.0
1777340095.3895938,4287739,4287739.0
1777340125.8174124,4288178,4288178.0
1777340155.7177453,4288606,4288606.0
1777340180.9576309,4288972,4288972.0
1777340211.9851928,4289421,4289421.0
1777340239.4689322,4289815,4289815.0
1777340268.6409872,4290232,4290232.0
1777340287.4849927,4290493,4290493.0
1777340331.800811,4291133,4291133.0
1777340359.552868,4291525,4291525.0
1777340380.2606692,4291818,4291818.0
1777340410.9045687,4292255,4292255.0
1777340457.3958328,4292921,4292921.0
1777340509.028075,4293673,4293673.0
1777340526.0200512,4293905,4293905.0
1777340543.211709,4294151,4294151.0
1777340582.4115686,4294713,4294713.0
1777340621.2796192,4295274,4295274.0
1777340642.3237488,4295567,4295567.0
1777340668.9472814,4295947,4295947.0
1777340707.8830264,4296513,4296513.0
1777340742.2748067,4297010,4297010.0
1777340791.5505257,4297724,4297724.0
1777340826.198608,4298228,4298228.0
1777340844.306484,4298485,4298485.0
1777340900.1901267,4299294,4299294.0
1777340928.2939525,4299693,4299693.0
1777340957.2344968,4300107,4300107.0
1777340976.7417436,4300374,4300374.0
1777341007.2617903,4300808,4300808.0
1777341037.2697978,4301242,4301242.0
1777341070.753233,4301724,4301724.0
1777341112.5016007,4302326,4302326.0
1777341131.9935966,4302596,4302596.0
1777341153.7529006,4302901,4302901.0
1777341212.8968117,4303760,4303760.0
1777341239.77273,4304145,4304145.0
1777341294.4965765,4304945,4304945.0
1777341326.6560583,4305405,4305405.0
1777341365.4320843,4305958,4305958.0
1777341385.6638951,4306249,4306249.0
1777341409.055733,4306579,4306579.0
1777341451.9154737,4307195,4307195.0
1777341477.955911,4307573,4307573.0
1777341515.107406,4308105,4308105.0
1777341558.3430064,4308735,4308735.0
1777341595.290962,4309264,4309264.0
1777341628.6828227,4309747,4309747.0
1777341665.3188674,4310268,4310268.0
1777341696.5346344,4310715,4310715.0
1777341735.3859038,4311280,4311280.0
1777341768.793997,4311761,4311761.0
1777341781.5339863,4311925,4311925.0
1777341814.3700109,4312396,4312396.0
1777341846.7937791,4312859,4312859.0
1777341880.3297522,4313345,4313345.0
1777341912.7696428,4313809,4313809.0
1777341955.1693869,4314422,4314422.0
1777341976.612835,4314720,4314720.0
1777341998.8809562,4315030,4315030.0
1777342031.0888298,4315493,4315493.0
1777342055.0807292,4315837,4315837.0
1777342088.9327583,4316327,4316327.0
1777342120.5166442,4316775,4316775.0
1777342141.140636,4317062,4317062.0
1777342168.5319526,4317461,4317461.0
1777342200.164025,4317914,4317914.0
1777342231.6757412,4318361,4318361.0
1777342271.5239956,4318939,4318939.0
1777342301.543711,4319366,4319366.0
1777342332.9676101,4319817,4319817.0
1777342379.599052,4320491,4320491.0
1777342408.7830105,4320908,4320908.0
1777342435.9949872,4321299,4321299.0
1777342465.0430155,4321710,4321710.0
1777342489.6509426,4322061,4322061.0
1777342528.5347648,4322621,4322621.0
1777342568.686588,4323200,4323200.0
1777342586.2106726,4323447,4323447.0
1777342618.3381267,4323909,4323909.0
1777342660.82237,4324521,4324521.0
1777342691.9538267,4324967,4324967.0
1777342738.2897294,4325639,4325639.0
1777342763.197333,4325992,4325992.0
1777342799.7294402,4326519,4326519.0
1777342843.9968858,4327155,4327155.0
1777342881.4646997,4327697,4327697.0
1777342911.8810499,4328125,4328125.0
1777342944.7726145,4328598,4328598.0
1777342977.8247817,4329070,4329070.0
1777343007.416623,4329494,4329494.0
1777343040.868507,4329980,4329980.0
1777343077.3359947,4330499,4330499.0
1777343106.6077294,4330918,4330918.0
1777343134.2123427,4331317,4331317.0
1777343156.8361702,4331642,4331642.0
1777343201.9355774,4332296,4332296.0
1777343244.603713,4332918,4332918.0
1777343274.770865,4333347,4333347.0
1777343287.3549936,4333516,4333516.0
1777343324.3870268,4334053,4334053.0
1777343362.870997,4334611,4334611.0
1777343412.2228422,4335320,4335320.0
1777343444.9385252,4335788,4335788.0
1777343468.7984273,4336125,4336125.0
1777343505.397812,4336654,4336654.0
1777343544.36615,4337215,4337215.0
1777343579.1139512,4337717,4337717.0
1777343601.6414883,4338038,4338038.0
1777343633.665683,4338492,4338492.0
1777343662.6017365,4338906,4338906.0
1777343690.0090284,4339292,4339292.0
1777343706.7574148,4339524,4339524.0
1777343741.269148,4340017,4340017.0
1777343762.6930182,4340323,4340323.0
1777343789.485135,4340705,4340705.0
1777343827.8687675,4341254,4341254.0
1777343863.3687124,4341770,4341770.0
1777343897.7767515,4342260,4342260.0
1777343920.6606202,4342582,4342582.0
1777343951.2881896,4343022,4343022.0
1777343984.636368,4343500,4343500.0
1777344010.2440038,4343864,4343864.0
1777344047.1637285,4344399,4344399.0
1777344067.819779,4344686,4344686.0
1777344097.7795684,4345118,4345118.0
1777344137.4635408,4345689,4345689.0
1777344167.063615,4346111,4346111.0
1777344189.0389752,4346422,4346422.0
1777344222.2626708,4346898,4346898.0
1777344248.4147158,4347272,4347272.0
1777344274.5907774,4347648,4347648.0
1777344320.5747142,4348310,4348310.0
1777344365.5503218,4348965,4348965.0
1777344409.6661737,4349602,4349602.0
1777344432.3261318,4349926,4349926.0
1777344472.9098222,4350515,4350515.0
1777344500.5177839,4350911,4350911.0
1777344531.6702218,4351353,4351353.0
1777344560.9778554,4351774,4351774.0
1777344599.8616848,4352337,4352337.0
1777344634.6449413,4352838,4352838.0
1777344673.545076,4353395,4353395.0
1777344713.9607368,4353981,4353981.0
1777344736.4208653,4354297,4354297.0
1777344773.2369373,4354831,4354831.0
1777344811.5725155,4355379,4355379.0
1777344841.832503,4355811,4355811.0
1777344872.6322381,4356248,4356248.0
1777344888.4160097,4356465,4356465.0
1777344929.2477796,4357059,4357059.0
1777344954.6478379,4357419,4357419.0
1777344985.0076141,4357855,4357855.0
1777344999.6996672,4358052,4358052.0
1777345037.731552,4358599,4358599.0
1777345061.9074543,4358943,4358943.0
1777345093.6432757,4359397,4359397.0
1777345132.7669492,4359965,4359965.0
1777345164.6190538,4360422,4360422.0
1777345186.1266315,4360724,4360724.0
1777345210.0346124,4361065,4361065.0
1777345243.9343917,4361555,4361555.0
1777345269.7107582,4361918,4361918.0
1777345307.709988,4362466,4362466.0
1777345337.5781863,4362891,4362891.0
1777345383.6298358,4363563,4363563.0
1777345399.8218136,4363787,4363787.0
1777345434.2977552,4364282,4364282.0
1777345471.5815861,4364818,4364818.0
1777345495.7214835,4365157,4365157.0
1777345542.5646615,4365837,4365837.0
1777345586.296487,4366473,4366473.0
1777345614.6884673,4366874,4366874.0
1777345635.2967713,4367160,4367160.0
1777345661.6159773,4367530,4367530.0
1777345702.732477,4368131,4368131.0
1777345741.5157084,4368690,4368690.0
1777345766.323648,4369036,4369036.0
1777345795.3837385,4369446,4369446.0
1777345836.7994897,4370044,4370044.0
1777345864.6189077,4370443,4370443.0
1777345894.3113487,4370870,4370870.0
1777345944.9665596,4371601,4371601.0
1777345969.0946126,4371937,4371937.0
1777345995.5501525,4372313,4372313.0
1777346027.633819,4372778,4372778.0
1777346071.6861055,4373413,4373413.0
1777346119.5697885,4374099,4374099.0
1777346150.1376693,4374535,4374535.0
1777346191.7692995,4375135,4375135.0
1777346239.5890436,4375826,4375826.0
1777346269.557271,4376254,4376254.0
1777346309.4207952,4376832,4376832.0
1777346351.5247421,4377435,4377435.0
1777346379.7968643,4377840,4377840.0
1777346401.4400074,4378151,4378151.0
1777346450.100296,4378855,4378855.0
1777346479.0078385,4379273,4379273.0
1777346507.615776,4379681,4379681.0
1777346541.3159764,4380164,4380164.0
1777346562.1913664,4380458,4380458.0
1777346588.435474,4380836,4380836.0
1777346632.3750978,4381465,4381465.0
1777346653.7513075,4381763,4381763.0
1777346686.9866867,4382242,4382242.0
1777346731.3109393,4382885,4382885.0
1777346766.3103955,4383387,4383387.0
1777346803.461959,4383921,4383921.0
1777346837.0304332,4384402,4384402.0
1777346859.7018538,4384731,4384731.0
1777346895.0377808,4385238,4385238.0
1777346927.5137682,4385703,4385703.0
1777346971.9895325,4386342,4386342.0
1777346996.4815233,4386689,4386689.0
1777347022.204984,4387056,4387056.0
1777347054.2488773,4387519,4387519.0
1777347096.297018,4388131,4388131.0
1777347135.8808038,4388701,4388701.0
1777347152.7246654,4388936,4388936.0
1777347188.9086077,4389460,4389460.0
1777347223.5919015,4389955,4389955.0
1777347247.4000347,4390295,4390295.0
1777347276.2598317,4390703,4390703.0
1777347301.823611,4391061,4391061.0
1777347329.3155184,4391453,4391453.0
1777347356.3277133,4391839,4391839.0
1777347397.427539,4392430,4392430.0
1777347427.2594616,4392858,4392858.0
1777347452.2348678,4393214,4393214.0
1777347479.3792443,4393605,4393605.0
1777347512.0433326,4394079,4394079.0
1777347558.4626522,4394755,4394755.0
1777347601.5947907,4395379,4395379.0
1777347620.970544,4395647,4395647.0
1777347643.1785402,4395960,4395960.0
1777347673.1138847,4396394,4396394.0
1777347705.2466216,4396858,4396858.0
1777347735.637792,4397291,4397291.0
1777347780.3377912,4397939,4397939.0
1777347816.1218083,4398454,4398454.0
1777347859.2416368,4399073,4399073.0
1777347878.0575962,4399340,4399340.0
1777347901.5574014,4399674,4399674.0
1777347939.2409718,4400221,4400221.0
1777347964.5333858,4400581,4400581.0
1777347989.9009633,4400943,4400943.0
1777348026.476698,4401472,4401472.0
1777348055.5609124,4401891,4401891.0
1777348071.5687208,4402107,4402107.0
1777348096.1926267,4402452,4402452.0
1777348126.9448085,4402894,4402894.0
1777348155.3844764,4403300,4403300.0
1777348194.1358578,4403859,4403859.0
1777348209.667991,4404079,4404079.0
1777348229.3799787,4404356,4404356.0
1777348267.4277818,4404906,4404906.0
1777348303.679606,4405426,4405426.0
1777348333.9956286,4405861,4405861.0
1777348365.8395452,4406318,4406318.0
1777348388.915117,4406653,4406653.0
1777348424.5628145,4407165,4407165.0
1777348460.5992398,4407683,4407683.0
1777348503.130747,4408299,4408299.0
1777348525.1069093,4408608,4408608.0
1777348552.5507786,4409001,4409001.0
1777348587.6662529,4409508,4409508.0
1777348631.1501212,4410142,4410142.0
1777348654.4738684,4410469,4410469.0
1777348696.3497567,4411069,4411069.0
1777348708.88621,4411240,4411240.0
1777348747.7017627,4411804,4411804.0
1777348794.4017599,4412481,4412481.0
1777348837.537409,4413105,4413105.0
1777348864.237109,4413489,4413489.0
1777348903.1849782,4414049,4414049.0
1777348930.1966794,4414441,4414441.0
1777348969.5606182,4415006,4415006.0
1777349007.4447675,4415549,4415549.0
1777349035.1725674,4415946,4415946.0
1777349064.8881302,4416370,4416370.0
1777349095.8805163,4416817,4416817.0
1777349124.1638803,4417220,4417220.0
1777349161.307729,4417754,4417754.0
1777349201.7077715,4418341,4418341.0
1777349243.067537,4418931,4418931.0
1777349269.2074502,4419303,4419303.0
1777349299.4673564,4419733,4419733.0
1777349332.5908842,4420209,4420209.0
1777349350.0748062,4420455,4420455.0
1777349388.6267025,4421004,4421004.0
1777349424.4507825,4421525,4421525.0
1777349456.1866918,4421984,4421984.0
1777349490.77011,4422480,4422480.0
1777349519.6104898,4422896,4422896.0
1777349565.9100373,4423569,4423569.0
1777349591.710044,4423943,4423943.0
1777349624.1378107,4424399,4424399.0
1777349663.1856525,4424958,4424958.0
1777349690.289532,4425342,4425342.0
1777349721.096886,4425781,4425781.0
1777349758.828996,4426328,4426328.0
1777349783.7567747,4426680,4426680.0
1777349820.6733675,4427217,4427217.0
1777349850.6407127,4427644,4427644.0
1777349880.016746,4428064,4428064.0
1777349917.563819,4428608,4428608.0
1777349947.172007,4429033,4429033.0
1777349974.0242302,4429414,4429414.0
1777350011.54775,4429958,4429958.0
1777350034.4675827,4430277,4430277.0
1777350059.9757075,4430643,4430643.0
1777350095.0753295,4431148,4431148.0
1777350137.3751514,4431756,4431756.0
1777350168.5110474,4432205,4432205.0
1777350209.8867657,4432799,4432799.0
1777350244.5347273,4433301,4433301.0
1777350270.1947107,4433663,4433663.0
1777350300.026529,4434095,4434095.0
1777350334.2380006,4434586,4434586.0
1777350364.9701784,4435022,4435022.0
1777350399.6220767,4435521,4435521.0
1777350423.3457189,4435854,4435854.0
1777350451.321652,4436250,4436250.0
1777350483.2055793,4436708,4436708.0
1777350503.3814883,4436993,4436993.0
1777350534.9210873,4437447,4437447.0
1777350577.7888064,4438067,4438067.0
1777350609.0729704,4438514,4438514.0
1777350650.7406933,4439114,4439114.0
1777350684.456328,4439602,4439602.0
1777350718.2485204,4440090,4440090.0
1777350747.832379,4440514,4440514.0
1777350775.0517943,4440898,4440898.0
1777350806.6239934,4441346,4441346.0
1777350834.09995,4441739,4441739.0
1777350869.5197725,4442249,4442249.0
1777350907.3675406,4442791,4442791.0
1777350954.7034616,4443475,4443475.0
1777350975.8271403,4443778,4443778.0
1777350999.886964,4444121,4444121.0
1777351045.2466536,4444780,4444780.0
1777351080.0707195,4445282,4445282.0
1777351113.5387487,4445765,4445765.0
1777351149.4703147,4446289,4446289.0
1777351182.4459386,4446764,4446764.0
1777351229.9380126,4447453,4447453.0
1777351258.313659,4447857,4447857.0
1777351286.7817707,4448262,4448262.0
1777351330.4497962,4448896,4448896.0
1777351348.9572825,4449150,4449150.0
1777351390.9094472,4449761,4449761.0
1777351434.3566844,4450389,4450389.0
1777351473.2247477,4450949,4450949.0
1777351499.9487467,4451325,4451325.0
1777351527.2085373,4451712,4451712.0
1777351569.644672,4452330,4452330.0
1777351612.9678454,4452952,4452952.0
1777351651.920014,4453513,4453513.0
1777351680.275744,4453920,4453920.0
1777351714.5438902,4454415,4454415.0
1777351735.319877,4454708,4454708.0
1777351772.4557269,4455246,4455246.0
1777351817.187596,4455886,4455886.0
1777351847.8634334,4456326,4456326.0
1777351886.694838,4456888,4456888.0
1777351927.0149043,4457474,4457474.0
1777351967.0067863,4458053,4458053.0
1777351987.22284,4458340,4458340.0
1777352037.9145095,4459067,4459067.0
1777352070.0426745,4459527,4459527.0
1777352092.0664635,4459840,4459840.0
1777352116.142506,4460183,4460183.0
1777352153.302237,4460713,4460713.0
1777352183.8264449,4461150,4461150.0
1777352194.0579803,4461291,4461291.0
1777352226.425771,4461758,4461758.0
1777352248.769655,4462069,4462069.0
1777352272.5943394,4462406,4462406.0
1777352293.9015596,4462711,4462711.0
1777352329.1177905,4463213,4463213.0
1777352367.8856158,4463774,4463774.0
1777352386.6454,4464039,4464039.0
1777352415.4368653,4464450,4464450.0
1777352452.7289715,4464981,4464981.0
1777352491.1369421,4465533,4465533.0
1777352527.5889819,4466062,4466062.0
1777352548.1966636,4466351,4466351.0
1777352561.0806987,4466530,4466530.0
1777352584.7485704,4466863,4466863.0
1777352611.388418,4467241,4467241.0
1777352652.1397872,4467836,4467836.0
1777352695.3398538,4468457,4468457.0
1777352736.140064,4469046,4469046.0
1777352770.1077917,4469536,4469536.0
1777352796.0678031,4469907,4469907.0
1777352829.8673365,4470394,4470394.0
1777352848.7595758,4470659,4470659.0
1777352866.035308,4470905,4470905.0
1777352903.0194616,4471430,4471430.0
1777352933.2750533,4471866,4471866.0
1777352945.1429062,4472032,4472032.0
1777352986.6189718,4472630,4472630.0
1777353028.0707655,4473221,4473221.0
1777353069.6025393,4473827,4473827.0
1777353103.9942997,4474326,4474326.0
1777353140.4218736,4474848,4474848.0
1777353175.1980753,4475351,4475351.0
1777353220.4138315,4476006,4476006.0
1777353260.5737445,4476577,4476577.0
1777353290.2673297,4477000,4477000.0
1777353319.8209732,4477425,4477425.0
1777353340.5810454,4477723,4477723.0
1777353375.896803,4478228,4478228.0
1777353385.2169795,4478346,4478346.0
1777353401.057061,4478573,4478573.0
1777353434.940798,4479063,4479063.0
1777353470.548703,4479564,4479564.0
1777353496.3686502,4479936,4479936.0
1777353524.1245286,4480333,4480333.0
1777353545.9683733,4480636,4480636.0
1777353599.5598676,4481416,4481416.0
1777353627.8517842,4481816,4481816.0
1777353638.3118331,4481957,4481957.0
1777353671.8677027,4482441,4482441.0
1777353705.6038508,4482926,4482926.0
1777353742.1516044,4483451,4483451.0
1777353763.3789814,4483754,4483754.0
1777353802.9110281,4484321,4484321.0
1777353841.0629606,4484874,4484874.0
1777353880.4949374,4485442,4485442.0
1777353924.9144797,4486086,4486086.0
1777353949.7704797,4486440,4486440.0
1777353979.9898868,4486872,4486872.0
1777354007.6138134,4487274,4487274.0
1777354026.9581702,4487548,4487548.0
1777354054.365952,4487942,4487942.0
1777354076.6576524,4488253,4488253.0
1777354100.0417569,4488587,4488587.0
1777354135.9334896,4489104,4489104.0
1777354178.733427,4489729,4489729.0
1777354211.5489554,4490203,4490203.0
1777354263.776832,4490960,4490960.0
1777354289.0327606,4491318,4491318.0
1777354319.8928509,4491760,4491760.0
1777354349.3447082,4492178,4492178.0
1777354378.152662,4492592,4492592.0
1777354418.3518686,4493175,4493175.0
1777354441.727888,4493504,4493504.0
1777354461.8603535,4493787,4493787.0
1777354481.6439989,4494066,4494066.0
1777354532.571761,4494803,4494803.0
1777354563.4478014,4495247,4495247.0
1777354598.495733,4495749,4495749.0
1777354632.231585,4496234,4496234.0
1777354655.139061,4496555,4496555.0
1777354670.963218,4496774,4496774.0
1777354695.2911618,4497127,4497127.0
1777354724.331226,4497543,4497543.0
1777354760.3987515,4498057,4498057.0
1777354776.4228268,4498286,4498286.0
1777354796.3667603,4498566,4498566.0
1777354830.3505926,4499053,4499053.0
1777354875.79868,4499714,4499714.0
1777354899.4900901,4500048,4500048.0
1777354913.9337344,4500243,4500243.0
1777354943.1097922,4500662,4500662.0
1777354972.277936,4501078,4501078.0
1777354999.1857264,4501469,4501469.0
1777355035.7176864,4501991,4501991.0
1777355068.8252695,4502464,4502464.0
1777355106.5448968,4503011,4503011.0
1777355139.9287915,4503488,4503488.0
1777355171.6047962,4503941,4503941.0
1777355199.3685927,4504331,4504331.0
1777355223.88072,4504676,4504676.0
1777355255.2646444,4505127,4505127.0
1777355283.0366104,4505519,4505519.0
1777355317.0399258,4506010,4506010.0
1777355348.031757,4506456,4506456.0
1777355373.7560096,4506817,4506817.0
1777355400.5078895,4507201,4507201.0
1777355423.5797377,4507530,4507530.0
1777355458.3318217,4508034,4508034.0
1777355483.1074467,4508381,4508381.0
1777355513.2990422,4508812,4508812.0
1777355546.531,4509296,4509296.0
1777355582.6670039,4509814,4509814.0
1777355615.742862,4510291,4510291.0
1777355649.074824,4510771,4510771.0
1777355672.6349137,4511102,4511102.0
1777355713.8186946,4511702,4511702.0
1777355744.5185041,4512140,4512140.0
1777355785.286552,4512725,4512725.0
1777355816.162495,4513166,4513166.0
1777355836.8018606,4513461,4513461.0
1777355870.1862335,4513940,4513940.0
1777355908.8859584,4514491,4514491.0
1777355941.8059368,4514965,4514965.0
1777355976.6615863,4515470,4515470.0
1777356020.7658508,4516114,4516114.0
1777356063.4217482,4516732,4516732.0
1777356113.6896417,4517460,4517460.0
1777356143.4654205,4517885,4517885.0
1777356200.9089735,4518725,4518725.0
1777356224.8572228,4519063,4519063.0
1777356264.4329643,4519629,4519629.0
1777356279.4086719,4519840,4519840.0
1777356327.3366544,4520533,4520533.0
1777356367.4008212,4521111,4521111.0
1777356411.468824,4521751,4521751.0
1777356456.5366259,4522404,4522404.0
1777356502.2718184,4523066,4523066.0
1777356539.2879803,4523591,4523591.0
1777356574.240322,4524090,4524090.0
1777356603.8958204,4524515,4524515.0
1777356635.2475717,4524964,4524964.0
1777356655.8237529,4525250,4525250.0
1777356689.5997207,4525738,4525738.0
1777356739.7229068,4526467,4526467.0
1777356768.0668666,4526870,4526870.0
1777356797.1832926,4527288,4527288.0
1777356830.2911193,4527763,4527763.0
1777356866.074582,4528276,4528276.0
1777356900.8267906,4528773,4528773.0
1777356922.9185624,4529088,4529088.0
1777356957.366681,4529578,4529578.0
1777356987.9025292,4530014,4530014.0
1777357033.6259444,4530675,4530675.0
1777357082.069793,4531377,4531377.0
1777357115.4017706,4531856,4531856.0
1777357149.385796,4532347,4532347.0
1777357176.3293884,4532730,4532730.0
1777357230.5809422,4533517,4533517.0
1777357251.604953,4533818,4533818.0
1777357268.1810002,4534045,4534045.0
1777357299.1494167,4534490,4534490.0
1777357337.2406795,4535039,4535039.0
1777357354.9805453,4535280,4535280.0
1777357386.716742,4535732,4535732.0
1777357412.8887336,4536104,4536104.0
1777357448.7926219,4536622,4536622.0
1777357472.7485807,4536962,4536962.0
1777357512.7678742,4537544,4537544.0
1777357556.9084086,4538181,4538181.0
1777357590.3519738,4538660,4538660.0
1777357630.1837351,4539242,4539242.0
1777357655.5277667,4539599,4539599.0
1777357684.7434309,4540019,4540019.0
1777357718.587554,4540506,4540506.0
1777357753.471219,4541004,4541004.0
1777357789.1353998,4541520,4541520.0
1777357808.0791175,4541781,4541781.0
1777357835.5187774,4542173,4542173.0
1777357862.3028488,4542554,4542554.0
1777357881.386854,4542827,4542827.0
1777357909.4066508,4543227,4543227.0
1777357935.6626182,4543597,4543597.0
1777357978.3146486,4544209,4544209.0
1777358016.4818015,4544761,4544761.0
1777358049.797944,4545240,4545240.0
1777358096.9337099,4545921,4545921.0
1777358120.1897082,4546253,4546253.0
1777358162.1897082,4546859,4546859.0
1777358181.0176988,4547127,4547127.0
1777358205.393565,4547472,4547472.0
1777358232.0254986,4547855,4547855.0
1777358256.585023,4548199,4548199.0
1777358289.2529926,4548668,4548668.0
1777358321.4247332,4549135,4549135.0
1777358353.3446991,4549595,4549595.0
1777358369.0005717,4549812,4549812.0
1777358418.3206544,4550529,4550529.0
1777358450.8125446,4550994,4550994.0
1777358471.1358285,4551276,4551276.0
1777358491.688141,4551561,4551561.0
1777358523.611811,4552022,4552022.0
1777358556.2796319,4552493,4552493.0
1777358594.4477537,4553042,4553042.0
1777358630.2038097,4553554,4553554.0
1777358656.5236175,4553929,4553929.0
1777358694.471517,4554478,4554478.0
1777358711.8908932,4554718,4554718.0
1777358735.955392,4555060,4555060.0
1777358766.467289,4555495,4555495.0
1777358785.659064,4555768,4555768.0
1777358822.8226817,4556300,4556300.0
1777358850.7827606,4556693,4556693.0
1777358876.4347534,4557065,4557065.0
1777358909.8266644,4557538,4557538.0
1777358950.5419412,4558123,4558123.0
1777359001.9700189,4558870,4558870.0
1777359022.0420673,4559158,4559158.0
1777359052.301803,4559591,4559591.0
1777359084.737809,4560050,4560050.0
1777359122.4537125,4560589,4560589.0
1777359185.413308,4561512,4561512.0
1777359230.54479,4562171,4562171.0
1777359274.1371481,4562798,4562798.0
1777359314.564802,4563381,4563381.0
1777359349.0327559,4563878,4563878.0
1777359384.880097,4564398,4564398.0
1777359413.4404552,4564807,4564807.0
1777359445.3920343,4565266,4565266.0
1777359485.1242638,4565833,4565833.0
1777359510.2842586,4566188,4566188.0
1777359563.2317538,4566961,4566961.0
1777359612.391629,4567668,4567668.0
1777359633.8836107,4567970,4567970.0
1777359668.7354045,4568470,4568470.0
1777359696.659117,4568872,4568872.0
1777359728.1109793,4569325,4569325.0
1777359759.370767,4569770,4569770.0
1777359800.3867822,4570362,4570362.0
1777359827.0103776,4570745,4570745.0
1777359861.093883,4571238,4571238.0
1777359889.8299525,4571649,4571649.0
1777359914.9856725,4572010,4572010.0
1777359942.2976234,4572396,4572396.0
1777359977.8128502,4572908,4572908.0
1777360007.1367464,4573325,4573325.0
1777360061.2118938,4574114,4574114.0
1777360091.9122458,4574550,4574550.0
1777360144.1635375,4575305,4575305.0
1777360167.7228858,4575647,4575647.0
1777360197.7909572,4576078,4576078.0
1777360228.646422,4576521,4576521.0
1777360253.9467864,4576877,4576877.0
1777360286.274367,4577338,4577338.0
1777360329.342012,4577959,4577959.0
1777360350.4057996,4578258,4578258.0
1777360388.882018,4578817,4578817.0
1777360419.6172733,4579256,4579256.0
1777360438.6252763,4579523,4579523.0
1777360483.2570174,4580165,4580165.0
1777360508.7689276,4580523,4580523.0
1777360547.9166803,4581088,4581088.0
1777360578.3518162,4581523,4581523.0
1777360612.6918046,4582013,4582013.0
1777360648.659571,4582533,4582533.0
1777360675.3038383,4582914,4582914.0
1777360711.4194133,4583433,4583433.0
1777360745.9708974,4583929,4583929.0
1777360773.2268023,4584321,4584321.0
1777360798.7947226,4584687,4584687.0
1777360828.902523,4585113,4585113.0
1777360871.386337,4585724,4585724.0
1777360907.353853,4586244,4586244.0
1777360952.9537675,4586901,4586901.0
1777360974.9137306,4587219,4587219.0
1777360993.889508,4587481,4587481.0
1777361023.2216213,4587906,4587906.0
1777361059.196968,4588422,4588422.0
1777361102.8567963,4589056,4589056.0
1777361127.2325802,4589405,4589405.0
1777361162.9167304,4589911,4589911.0
1777361204.8484635,4590518,4590518.0
1777361232.2764182,4590909,4590909.0
1777361268.6242952,4591431,4591431.0
1777361292.6677637,4591774,4591774.0
1777361318.875691,4592144,4592144.0
1777361356.675292,4592693,4592693.0
1777361397.0429652,4593279,4593279.0
1777361418.2674892,4593573,4593573.0
1777361447.6672401,4593995,4593995.0
1777361479.810944,4594456,4594456.0
1777361515.3107026,4594969,4594969.0
1777361551.546771,4595481,4595481.0
1777361583.8701036,4595946,4595946.0
1777361604.662318,4596242,4596242.0
1777361635.9458447,4596690,4596690.0
1777361672.829906,4597222,4597222.0
1777361698.9897528,4597602,4597602.0
1777361729.4976645,4598039,4598039.0
1777361776.9729528,4598728,4598728.0
1777361813.0727885,4599249,4599249.0
1777361842.2650263,4599667,4599667.0
1777361865.6409523,4599993,4599993.0
1777361891.1168156,4600356,4600356.0
1777361918.5807867,4600750,4600750.0
1777361939.4927676,4601050,4601050.0
1777361974.356752,4601546,4601546.0
1777362020.0079775,4602208,4602208.0
1777362051.0518901,4602655,4602655.0
1777362091.2159464,4603227,4603227.0
1777362116.8356833,4603593,4603593.0
1777362156.9040244,4604170,4604170.0
1777362191.3757417,4604663,4604663.0
1777362215.2436903,4604998,4604998.0
1777362269.3791995,4605789,4605789.0
1777362295.9549835,4606171,4606171.0
1777362343.7948477,4606865,4606865.0
1777362369.486762,4607233,4607233.0
1777362393.9147546,4607575,4607575.0
1777362440.4907308,4608254,4608254.0
1777362463.3465333,4608573,4608573.0
1777362488.7218711,4608935,4608935.0
1777362516.321814,4609326,4609326.0
1777362538.3901396,4609645,4609645.0
1777362570.489789,4610104,4610104.0
1777362601.8738952,4610550,4610550.0
1777362633.9577718,4611007,4611007.0
1777362664.981093,4611450,4611450.0
1777362687.0573807,4611763,4611763.0
1777362705.1168256,4612012,4612012.0
1777362728.1249878,4612339,4612339.0
1777362743.1328435,4612552,4612552.0
1777362774.1768343,4612996,4612996.0
1777362802.7766585,4613404,4613404.0
1777362823.0166633,4613681,4613681.0
1777362863.9685898,4614278,4614278.0
1777362902.6284976,4614839,4614839.0
1777362944.6364303,4615444,4615444.0
1777362987.0037167,4616058,4616058.0
1777363009.6277518,4616375,4616375.0
1777363036.2878144,4616755,4616755.0
1777363073.9035895,4617302,4617302.0
1777363112.322966,4617860,4617860.0
1777363139.1948087,4618243,4618243.0
1777363180.0788589,4618823,4618823.0
1777363215.9827955,4619339,4619339.0
1777363243.1748726,4619729,4619729.0
1777363285.738629,4620349,4620349.0
1777363318.389872,4620818,4620818.0
1777363342.2338552,4621158,4621158.0
1777363377.3180676,4621661,4621661.0
1777363411.9817617,4622164,4622164.0
1777363446.1577523,4622649,4622649.0
1777363480.209638,4623135,4623135.0
1777363528.3611157,4623832,4623832.0
1777363565.169243,4624356,4624356.0
1777363609.5467494,4625000,4625000.0
1777363652.4205034,4625619,4625619.0
1777363694.3685145,4626219,4626219.0
1777363722.5800745,4626624,4626624.0
1777363756.6798398,4627117,4627117.0
1777363791.203782,4627616,4627616.0
1777363824.5396879,4628099,4628099.0
1777363853.36378,4628509,4628509.0
1777363889.4155586,4629027,4629027.0
1777363924.6314797,4629529,4629529.0
1777363955.3709326,4629969,4629969.0
1777363995.7753332,4630555,4630555.0
1777364036.7389586,4631146,4631146.0
1777364066.6746824,4631577,4631577.0
1777364095.9506211,4631996,4631996.0
1777364135.410564,4632566,4632566.0
1777364175.766402,4633147,4633147.0
1777364204.7865644,4633563,4633563.0
1777364241.3859212,4634088,4634088.0
1777364271.64266,4634518,4634518.0
1777364300.5623767,4634932,4634932.0
1777364324.0378218,4635266,4635266.0
1777364348.7619314,4635617,4635617.0
1777364387.7626026,4636179,4636179.0
1777364408.1697102,4636466,4636466.0
1777364432.1297045,4636813,4636813.0
1777364454.1215787,4637119,4637119.0
1777364487.5213695,4637597,4637597.0
1777364537.1728475,4638307,4638307.0
1777364564.2568486,4638694,4638694.0
1777364591.1969783,4639079,4639079.0
1777364634.0167465,4639694,4639694.0
1777364656.2567055,4640006,4640006.0
1777364680.2407222,4640349,4640349.0
1777364698.9720576,4640615,4640615.0
1777364740.723871,4641213,4641213.0
1777364773.708631,4641689,4641689.0
1777364810.7436202,4642222,4642222.0
1777364852.407928,4642830,4642830.0
1777364867.3997388,4643032,4643032.0
1777364889.0757256,4643340,4643340.0
1777364912.0356936,4643670,4643670.0
1777364947.7515893,4644180,4644180.0
1777364979.327332,4644629,4644629.0
1777365001.9707386,4644956,4644956.0
1777365031.618707,4645380,4645380.0
1777365056.646808,4645736,4645736.0
1777365096.2945893,4646306,4646306.0
1777365148.0945773,4647060,4647060.0
1777365176.1304755,4647461,4647461.0
1777365232.037883,4648272,4648272.0
1777365256.6659386,4648619,4648619.0
1777365273.758029,4648861,4648861.0
1777365304.0297935,4649291,4649291.0
1777365328.1737738,4649632,4649632.0
1777365372.7177281,4650275,4650275.0
1777365406.3569586,4650755,4650755.0
1777365452.0409827,4651418,4651418.0
1777365494.369227,4652020,4652020.0
1777365521.0248427,4652395,4652395.0
1777365548.7688606,4652793,4652793.0
1777365581.1007738,4653257,4653257.0
1777365630.1523583,4653971,4653971.0
1777365660.9042406,4654409,4654409.0
1777365693.9442122,4654885,4654885.0
1777365762.4797404,4655886,4655886.0
1777365784.6036968,4656204,4656204.0
1777365804.8477092,4656484,4656484.0
1777365820.6874182,4656703,4656703.0
1777365849.3473856,4657112,4657112.0
1777365904.1229386,4657912,4657912.0
1777365932.0989342,4658309,4658309.0
1777365956.2388477,4658651,4658651.0
1777365993.3547413,4659184,4659184.0
1777366032.3746748,4659746,4659746.0
1777366063.0425556,4660189,4660189.0
1777366090.3500648,4660580,4660580.0
1777366127.1661725,4661112,4661112.0
1777366156.9420722,4661537,4661537.0
1777366189.6937876,4662005,4662005.0
1777366235.6776667,4662674,4662674.0
1777366265.3418665,4663097,4663097.0
1777366301.7930412,4663613,4663613.0
1777366337.9170752,4664136,4664136.0
1777366362.360977,4664482,4664482.0
1777366407.452619,4665140,4665140.0
1777366444.4967966,4665676,4665676.0
1777366465.960802,4665975,4665975.0
1777366506.1126616,4666553,4666553.0
1777366526.688459,4666846,4666846.0
1777366560.2639143,4667330,4667330.0
1777366596.6643631,4667852,4667852.0
1777366615.6880217,4668121,4668121.0
1777366649.3077984,4668602,4668602.0
1777366675.2478604,4668967,4668967.0
1777366709.2997444,4669460,4669460.0
1777366752.48347,4670085,4670085.0
1777366780.0075667,4670478,4670478.0
1777366812.2593443,4670936,4670936.0
1777366833.6149547,4671241,4671241.0
1777366878.950568,4671896,4671896.0
1777366899.242707,4672182,4672182.0
1777366929.1426163,4672608,4672608.0
1777366950.4585633,4672910,4672910.0
1777366975.9426033,4673274,4673274.0
1777367007.7503605,4673732,4673732.0
1777367056.2939136,4674433,4674433.0
1777367102.578057,4675101,4675101.0
1777367150.1294134,4675782,4675782.0
1777367179.9136133,4676204,4676204.0
1777367208.788994,4676617,4676617.0
1777367225.913058,4676858,4676858.0
1777367252.3528347,4677237,4677237.0
1777367273.744971,4677535,4677535.0
1777367302.3127317,4677942,4677942.0
1777367350.7808053,4678646,4678646.0
1777367375.8886843,4679010,4679010.0
1777367398.1085591,4679317,4679317.0
1777367426.9800146,4679729,4679729.0
1777367463.0478318,4680250,4680250.0
1777367496.392284,4680732,4680732.0
1777367524.8597984,4681133,4681133.0
1777367545.7997653,4681427,4681427.0
1777367587.7356641,4682038,4682038.0
1777367615.6596336,4682437,4682437.0
1777367646.427612,4682879,4682879.0
1777367672.4670494,4683251,4683251.0
1777367709.9668884,4683796,4683796.0
1777367729.2270348,4684067,4684067.0
1777367753.5710235,4684409,4684409.0
1777367779.1187193,4684776,4684776.0
1777367799.5348217,4685069,4685069.0
1777367821.6025958,4685379,4685379.0
1777367855.946683,4685868,4685868.0
1777367877.9023414,4686173,4686173.0
1777367915.1540954,4686714,4686714.0
1777367956.689895,4687307,4687307.0
1777367990.2059221,4687786,4687786.0
1777368008.029765,4688038,4688038.0
1777368030.7577536,4688354,4688354.0
1777368055.7815716,4688710,4688710.0
1777368082.8894033,4689098,4689098.0
1777368110.9729345,4689493,4689493.0
1777368131.2496927,4689777,4689777.0
1777368169.7809477,4690330,4690330.0
1777368229.1247509,4691195,4691195.0
1777368251.5849054,4691512,4691512.0
1777368275.1087785,4691851,4691851.0
1777368302.4683678,4692244,4692244.0
1777368328.4838803,4692619,4692619.0
1777368368.5360668,4693202,4693202.0
1777368423.7837622,4694003,4694003.0
1777368457.6198888,4694491,4694491.0
1777368487.7114437,4694919,4694919.0
1777368504.479002,4695149,4695149.0
1777368534.070889,4695572,4695572.0
1777368558.4470828,4695918,4695918.0
1777368598.2106652,4696494,4696494.0
1777368653.122764,4697292,4697292.0
1777368680.3787332,4697678,4697678.0
1777368692.4904938,4697847,4697847.0
1777368723.2624965,4698282,4698282.0
1777368748.689853,4698639,4698639.0
1777368768.8820384,4698916,4698916.0
1777368791.3220031,4699235,4699235.0
1777368850.8658314,4700108,4700108.0
1777368877.7497811,4700486,4700486.0
1777368919.2330017,4701081,4701081.0
1777368966.365102,4701767,4701767.0
1777368990.224959,4702104,4702104.0
1777369016.776645,4702485,4702485.0
1777369052.9007194,4703006,4703006.0
1777369107.992405,4703803,4703803.0
1777369160.0199878,4704561,4704561.0
1777369179.3961608,4704836,4704836.0
1777369212.6040673,4705313,4705313.0
1777369244.887727,4705773,4705773.0
1777369278.703791,4706260,4706260.0
1777369300.1476986,4706569,4706569.0
1777369332.5395925,4707032,4707032.0
1777369356.5635092,4707379,4707379.0
1777369404.1710062,4708064,4708064.0
1777369436.4473183,4708522,4708522.0
1777369468.014575,4708980,4708980.0
1777369485.4746747,4709223,4709223.0
1777369513.266543,4709621,4709621.0
1777369539.0745993,4709994,4709994.0
1777369563.6424947,4710337,4710337.0
1777369597.7502666,4710831,4710831.0
1777369628.7177575,4711275,4711275.0
1777369679.5336852,4712011,4712011.0
1777369708.3017974,4712424,4712424.0
1777369742.4857666,4712918,4712918.0
1777369782.5415344,4713497,4713497.0
1777369820.0090187,4714041,4714041.0
1777369849.5609906,4714465,4714465.0
1777369894.176928,4715119,4715119.0
1777369926.1767397,4715575,4715575.0
1777369975.74463,4716292,4716292.0
1777370005.7720203,4716720,4716720.0
1777370030.9359746,4717077,4717077.0
1777370071.503853,4717666,4717666.0
1777370118.2398252,4718339,4718339.0
1777370148.8399353,4718777,4718777.0
1777370166.9237428,4719036,4719036.0
1777370202.2076836,4719548,4719548.0
1777370224.1999526,4719859,4719859.0
1777370255.5474637,4720309,4720309.0
1777370300.7988288,4720955,4720955.0
1777370340.9347827,4721536,4721536.0
1777370365.1067998,4721881,4721881.0
1777370414.8346312,4722597,4722597.0
1777370442.4947019,4722999,4722999.0
1777370482.0264745,4723561,4723561.0
1777370527.1940053,4724214,4724214.0
1777370564.6177275,4724749,4724749.0
1777370595.8936772,4725200,4725200.0
1777370626.5017881,4725639,4725639.0
1777370641.1779253,4725843,4725843.0
1777370676.0976436,4726343,4726343.0
1777370714.0896304,4726890,4726890.0
1777370738.189421,4727233,4727233.0
1777370757.780999,4727511,4727511.0
1777370785.5050964,4727908,4727908.0
1777370817.4887636,4728365,4728365.0
1777370856.980903,4728941,4728941.0
1777370872.456702,4729154,4729154.0
1777370907.808537,4729669,4729669.0
1777370947.2919106,4730237,4730237.0
1777370958.2642565,4730377,4730377.0
1777370995.0919034,4730911,4730911.0
1777371032.64008,4731453,4731453.0
1777371085.5677793,4732218,4732218.0
1777371102.3277657,4732455,4732455.0
1777371143.6438513,4733049,4733049.0
1777371202.2349927,4733902,4733902.0
1777371222.9428391,4734195,4734195.0
1777371242.3507988,4734469,4734469.0
1777371273.662984,4734918,4734918.0
1777371311.7466655,4735465,4735465.0
1777371336.1024625,4735812,4735812.0
1777371376.0385585,4736385,4736385.0
1777371407.5061755,4736834,4736834.0
1777371441.1977608,4737320,4737320.0
1777371468.029792,4737697,4737697.0
1777371496.2979608,4738103,4738103.0
1777371530.489769,4738592,4738592.0
1777371563.4054875,4739064,4739064.0
1777371594.7137594,4739506,4739506.0
1777371620.1329255,4739865,4739865.0
1777371657.008874,4740399,4740399.0
1777371690.441008,4740880,4740880.0
1777371718.4489524,4741278,4741278.0
1777371751.4007444,4741749,4741749.0
1777371786.8087761,4742262,4742262.0
1777371827.508722,4742845,4742845.0
1777371859.1918154,4743297,4743297.0
1777371920.8358119,4744193,4744193.0
1777371960.3038597,4744765,4744765.0
1777371987.8798494,4745159,4745159.0
1777372010.7115963,4745482,4745482.0
1777372056.9788766,4746159,4746159.0
1777372096.3108335,4746720,4746720.0
1777372120.1032703,4747063,4747063.0
1777372145.894875,4747428,4747428.0
1777372182.9787114,4747968,4747968.0
1777372221.6146898,4748518,4748518.0
1777372248.7827444,4748901,4748901.0
1777372288.4905913,4749473,4749473.0
1777372309.9299853,4749777,4749777.0
1777372361.5577307,4750530,4750530.0
1777372392.5177426,4750971,4750971.0
1777372418.7816648,4751345,4751345.0
1777372441.9257498,4751670,4751670.0
1777372463.6498466,4751971,4751971.0
1777372505.685671,4752582,4752582.0
1777372527.025594,4752875,4752875.0
1777372555.361611,4753278,4753278.0
1777372580.2529373,4753633,4753633.0
1777372605.7293148,4753996,4753996.0
1777372646.728956,4754587,4754587.0
1777372687.245023,4755175,4755175.0
1777372712.968722,4755538,4755538.0
1777372740.5367398,4755931,4755931.0
1777372778.8807704,4756482,4756482.0
1777372802.7280304,4756819,4756819.0
1777372842.4118228,4757390,4757390.0
1777372866.1243856,4757722,4757722.0
1777372907.97187,4758320,4758320.0
1777372935.1317492,4758710,4758710.0
1777372960.171861,4759068,4759068.0
1777372981.3317804,4759364,4759364.0
1777373018.6473246,4759903,4759903.0
1777373052.7513509,4760390,4760390.0
1777373083.7151446,4760835,4760835.0
1777373107.0751245,4761164,4761164.0
1777373148.9268806,4761766,4761766.0
1777373164.418677,4761981,4761981.0
1777373201.7106326,4762517,4762517.0
1777373222.8187194,4762813,4762813.0
1777373255.1027384,4763278,4763278.0
1777373286.7344642,4763731,4763731.0
1777373316.4784966,4764156,4764156.0
1777373334.1383102,4764398,4764398.0
1777373373.086318,4764959,4764959.0
1777373412.1538212,4765525,4765525.0
1777373439.1777077,4765908,4765908.0
1777373455.137603,4766129,4766129.0
1777373493.2057955,4766681,4766681.0
1777373530.4890552,4767216,4767216.0
1777373555.6291137,4767577,4767577.0
1777373582.6410563,4767959,4767959.0
1777373618.488638,4768475,4768475.0
1777373644.0167432,4768832,4768832.0
1777373679.9167416,4769346,4769346.0
1777373719.0648324,4769913,4769913.0
1777373749.84077,4770358,4770358.0
1777373788.0921397,4770902,4770902.0
1777373808.551967,4771190,4771190.0
1777373840.6598716,4771646,4771646.0
1777373861.8597753,4771952,4771952.0
1777373892.483566,4772388,4772388.0
1777373942.7275572,4773110,4773110.0
1777373968.1033914,4773470,4773470.0
1777374009.8710322,4774070,4774070.0
1777374055.6791947,4774734,4774734.0
1777374079.038978,4775071,4775071.0
1777374121.0708268,4775673,4775673.0
1777374147.1784828,4776045,4776045.0
1777374179.230665,4776506,4776506.0
1777374209.470537,4776941,4776941.0
1777374243.7065444,4777431,4777431.0
1777374292.2738652,4778136,4778136.0
1777374321.4582894,4778553,4778553.0
1777374347.898379,4778936,4778936.0
1777374397.0179296,4779643,4779643.0
1777374440.073779,4780268,4780268.0
1777374468.5177093,4780673,4780673.0
1777374491.1576648,4780992,4780992.0
1777374512.669468,4781296,4781296.0
1777374561.7607996,4782004,4782004.0
1777374586.7528033,4782360,4782360.0
1777374616.1769915,4782777,4782777.0
1777374642.6768217,4783151,4783151.0
1777374682.360717,4783721,4783721.0
1777374729.228519,4784407,4784407.0
1777374757.152368,4784802,4784802.0
1777374790.30397,4785279,4785279.0
1777374819.1639624,4785694,4785694.0
1777374838.9198282,4785966,4785966.0
1777374865.2558005,4786343,4786343.0
1777374884.5956917,4786615,4786615.0
1777374920.771997,4787131,4787131.0
1777374962.8237486,4787737,4787737.0
1777374983.2473643,4788020,4788020.0
1777375007.9680276,4788379,4788379.0
1777375024.8833098,4788608,4788608.0
1777375067.8751035,4789233,4789233.0
1777375104.1513124,4789752,4789752.0
1777375137.8187714,4790238,4790238.0
1777375163.4107168,4790607,4790607.0
1777375195.8587954,4791071,4791071.0
1777375239.4107566,4791697,4791697.0
1777375265.7867498,4792070,4792070.0
1777375294.7187288,4792481,4792481.0
1777375326.8104503,4792943,4792943.0
1777375362.530032,4793453,4793453.0
1777375405.6938043,4794069,4794069.0
1777375440.7777154,4794573,4794573.0
1777375466.4698324,4794938,4794938.0
1777375493.35344,4795323,4795323.0
1777375517.829556,4795674,4795674.0
1777375543.5889273,4796043,4796043.0
1777375577.0210302,4796520,4796520.0
1777375592.820863,4796737,4796737.0
1777375631.4250135,4797295,4797295.0
1777375661.0730243,4797715,4797715.0
1777375689.5006874,4798123,4798123.0
1777375711.484748,4798434,4798434.0
1777375756.8165283,4799090,4799090.0
1777375796.08383,4799656,4799656.0
1777375818.0243185,4799969,4799969.0
1777375850.952195,4800448,4800448.0
1777375884.320301,4800923,4800923.0
1777375915.775928,4801371,4801371.0
1777375942.5598762,4801761,4801761.0
1777375966.2877002,4802094,4802094.0
1777376000.0712824,4802579,4802579.0
1777376032.078941,4803038,4803038.0
1777376061.4116,4803458,4803458.0
1777376090.4186625,4803875,4803875.0
1777376127.7868133,4804407,4804407.0
1777376158.446926,4804844,4804844.0
1777376179.7149324,4805148,4805148.0
1777376201.8548195,4805456,4805456.0
1777376232.1307437,4805890,4805890.0
1777376259.7903621,4806285,4806285.0
1777376286.1740856,4806660,4806660.0
1777376317.2982535,4807104,4807104.0
1777376346.0659482,4807512,4807512.0
1777376372.3577907,4807887,4807887.0
1777376417.2577095,4808539,4808539.0
1777376456.5573132,4809100,4809100.0
1777376491.9573076,4809606,4809606.0
1777376530.492823,4810162,4810162.0
1777376569.2089608,4810726,4810726.0
1777376603.0687592,4811210,4811210.0
1777376619.8927627,4811440,4811440.0
1777376659.9605558,4812019,4812019.0
1777376697.7764423,4812559,4812559.0
1777376758.9197524,4813449,4813449.0
1777376790.788006,4813910,4813910.0
1777376849.4315782,4814758,4814758.0
1777376876.4876635,4815140,4815140.0
1777376902.4957051,4815518,4815518.0
1777376936.9152358,4816006,4816006.0
1777376993.0549514,4816825,4816825.0
1777377026.3467753,4817295,4817295.0
1777377051.430714,4817653,4817653.0
1777377076.290809,4818007,4818007.0
1777377093.6986349,4818250,4818250.0
1777377108.4665735,4818457,4818457.0
1777377121.9585066,4818640,4818640.0
1777377158.0100634,4819159,4819159.0
1777377194.6580124,4819685,4819685.0
1777377239.3576474,4820327,4820327.0
1777377276.825742,4820868,4820868.0
1777377301.1017444,4821212,4821212.0
1777377335.5692801,4821702,4821702.0
1777377351.2176123,4821923,4821923.0
1777377400.3129666,4822633,4822633.0
1777377438.1447284,4823179,4823179.0
1777377466.0208676,4823571,4823571.0
1777377516.244742,4824298,4824298.0
1777377540.1726956,4824635,4824635.0
1777377581.4039726,4825233,4825233.0
1777377614.8965437,4825708,4825708.0
1777377647.0482268,4826170,4826170.0
1777377683.299966,4826697,4826697.0
1777377697.3998134,4826891,4826891.0
1777377725.0838013,4827286,4827286.0
1777377755.8237686,4827725,4827725.0
1777377775.7476099,4828009,4828009.0
1777377804.3150706,4828416,4828416.0
1777377841.3989325,4828947,4828947.0
1777377869.3272855,4829349,4829349.0
1777377917.5589566,4830051,4830051.0
1777377951.0430465,4830529,4830529.0
1777377985.3586502,4831019,4831019.0
1777378013.518666,4831425,4831425.0
1777378043.7864892,4831860,4831860.0
1777378069.6781476,4832227,4832227.0
1777378100.9178953,4832672,4832672.0
1777378131.970041,4833115,4833115.0
1777378158.1779878,4833487,4833487.0
1777378180.0858812,4833799,4833799.0
1777378202.5137753,4834112,4834112.0
1777378232.6135924,4834540,4834540.0
1777378273.6294563,4835134,4835134.0
1777378296.404915,4835455,4835455.0
1777378316.712825,4835746,4835746.0
1777378341.2888823,4836096,4836096.0
1777378356.0332844,4836293,4836293.0
1777378395.7971365,4836871,4836871.0
1777378425.5087254,4837292,4837292.0
1777378464.70855,4837862,4837862.0
1777378495.8086107,4838310,4838310.0
1777378530.340002,4838800,4838800.0
1777378550.1524682,4839085,4839085.0
1777378568.508338,4839345,4839345.0
1777378608.0002902,4839918,4839918.0
1777378636.3675117,4840324,4840324.0
1777378660.5436502,4840662,4840662.0
1777378700.8436263,4841244,4841244.0
1777378736.3276143,4841757,4841757.0
1777378764.8190618,4842167,4842167.0
1777378781.4277077,4842396,4842396.0
1777378823.6627514,4843010,4843010.0
1777378856.8469164,4843484,4843484.0
1777378898.3306506,4844075,4844075.0
1777378935.814668,4844615,4844615.0
1777378967.9906998,4845081,4845081.0
1777379002.122589,4845571,4845571.0
1777379039.0220478,4846092,4846092.0
1777379067.3976753,4846501,4846501.0
1777379098.534236,4846943,4846943.0
1777379132.9496515,4847442,4847442.0
1777379156.3257413,4847778,4847778.0
1777379185.417614,4848190,4848190.0
1777379200.173447,4848394,4848394.0
1777379220.4330323,4848682,4848682.0
1777379250.8410683,4849116,4849116.0
1777379286.561217,4849633,4849633.0
1777379311.916967,4849991,4849991.0
1777379331.244929,4850265,4850265.0
1777379358.4605496,4850656,4850656.0
1777379404.8765585,4851329,4851329.0
1777379441.844194,4851858,4851858.0
1777379469.0039077,4852246,4852246.0
1777379511.9040263,4852871,4852871.0
1777379549.3797734,4853410,4853410.0
1777379587.7397218,4853966,4853966.0
1777379646.3315134,4854814,4854814.0
1777379685.5314424,4855378,4855378.0
1777379713.7908518,4855779,4855779.0
1777379747.5748866,4856267,4856267.0
1777379777.9146812,4856697,4856697.0
1777379798.9907858,4856992,4856992.0
1777379838.0426025,4857552,4857552.0
1777379857.8827245,4857831,4857831.0
1777379914.4581525,4858652,4858652.0
1777379953.994376,4859222,4859222.0
1777379990.9939637,4859750,4859750.0
1777380027.5780325,4860279,4860279.0
1777380058.6336987,4860726,4860726.0
1777380090.5856092,4861179,4861179.0
1777380127.3697526,4861711,4861711.0
1777380181.6527746,4862494,4862494.0
1777380207.1127813,4862861,4862861.0
1777380228.496842,4863160,4863160.0
1777380262.1047196,4863646,4863646.0
1777380296.8207638,4864151,4864151.0
1777380322.9485016,4864524,4864524.0
1777380350.6117456,4864920,4864920.0
1777380380.1039999,4865340,4865340.0
1777380408.4955173,4865746,4865746.0
1777380444.2469425,4866264,4866264.0
1777380488.322759,4866896,4866896.0
1777380526.4665,4867449,4867449.0
1777380541.4300814,4867655,4867655.0
1777380573.1417935,4868112,4868112.0
1777380599.1814363,4868486,4868486.0
1777380636.4809396,4869018,4869018.0
1777380668.388987,4869475,4869475.0
1777380704.040698,4869988,4869988.0
1777380740.1565316,4870513,4870513.0
1777380774.7078469,4871010,4871010.0
1777380803.1518388,4871419,4871419.0
1777380842.5157297,4871981,4871981.0
1777380887.4511952,4872637,4872637.0
1777380926.2187378,4873200,4873200.0
1777380956.534784,4873635,4873635.0
1777380979.342744,4873951,4873951.0
1777381021.079177,4874552,4874552.0
1777381063.9940069,4875169,4875169.0
1777381112.3097613,4875865,4875865.0
1777381153.1771395,4876461,4876461.0
1777381178.5855727,4876821,4876821.0
1777381194.76098,4877049,4877049.0
1777381220.6608322,4877414,4877414.0
1777381246.573037,4877783,4877783.0
1777381276.6967769,4878215,4878215.0
1777381301.9645607,4878575,4878575.0
1777381328.340052,4878948,4878948.0
1777381351.1126103,4879272,4879272.0
1777381373.9397678,4879596,4879596.0
1777381410.855755,4880131,4880131.0
1777381437.6636171,4880514,4880514.0
1777381472.0837328,4881010,4881010.0
1777381496.8389308,4881367,4881367.0
1777381516.8313904,4881646,4881646.0
1777381545.214789,4882050,4882050.0
1777381585.4989352,4882636,4882636.0
1777381619.1066751,4883115,4883115.0
1777381642.4506924,4883442,4883442.0
1777381673.5661714,4883890,4883890.0
1777381700.473953,4884272,4884272.0
1777381730.625668,4884703,4884703.0
1777381754.9018385,4885046,4885046.0
1777381797.0537274,4885655,4885655.0
1777381835.2855585,4886202,4886202.0
1777381871.7213235,4886726,4886726.0
1777381896.4447563,4887075,4887075.0
1777381927.7766144,4887526,4887526.0
1777381945.044759,4887767,4887767.0
1777381981.4964921,4888295,4888295.0
1777382006.9526513,4888658,4888658.0
1777382026.4439726,4888927,4888927.0
1777382052.9122145,4889305,4889305.0
1777382087.2401795,4889798,4889798.0
1777382117.5036972,4890232,4890232.0
1777382144.6316824,4890618,4890618.0
1777382190.7395651,4891293,4891293.0
1777382227.9228265,4891822,4891822.0
1777382242.4753525,4892028,4892028.0
1777382294.6147447,4892784,4892784.0
1777382340.466545,4893448,4893448.0
1777382350.482742,4893583,4893583.0
1777382384.0499618,4894069,4894069.0
1777382409.689833,4894428,4894428.0
1777382438.9739804,4894850,4894850.0
1777382485.7255929,4895532,4895532.0
1777382531.9413204,4896195,4896195.0
1777382578.6535058,4896874,4896874.0
1777382593.8368025,4897080,4897080.0
1777382627.7210176,4897569,4897569.0
1777382654.3608613,4897946,4897946.0
1777382683.344824,4898358,4898358.0
1777382725.5805655,4898972,4898972.0
1777382739.452568,4899154,4899154.0
1777382770.8283234,4899606,4899606.0
1777382819.1560638,4900313,4900313.0
1777382838.5481079,4900584,4900584.0
1777382856.6798475,4900832,4900832.0
1777382890.0636091,4901307,4901307.0
1777382915.707677,4901672,4901672.0
1777382950.9069839,4902179,4902179.0
1777382976.5830734,4902544,4902544.0
1777383010.6469948,4903033,4903033.0
1777383042.2149842,4903485,4903485.0
1777383056.2829103,4903684,4903684.0
1777383082.59878,4904052,4904052.0
1777383108.9744678,4904426,4904426.0
1777383162.5505164,4905203,4905203.0
1777383195.3101597,4905669,4905669.0
1777383222.4776666,4906058,4906058.0
1777383238.7779422,4906288,4906288.0
1777383286.4533775,4906977,4906977.0
1777383324.8689044,4907533,4907533.0
1777383359.177216,4908024,4908024.0
1777383387.2769382,4908428,4908428.0
1777383438.4768188,4909170,4909170.0
1777383474.1965284,4909681,4909681.0
1777383508.6644404,4910181,4910181.0
1777383534.3558147,4910545,4910545.0
1777383563.0637984,4910957,4910957.0
1777383600.3796923,4911498,4911498.0
1777383617.1037328,4911733,4911733.0
1777383673.4636168,4912546,4912546.0
1777383706.6236193,4913022,4913022.0
1777383741.3908274,4913523,4913523.0
1777383781.0388088,4914100,4914100.0
1777383799.450991,4914356,4914356.0
1777383839.4146526,4914938,4914938.0
1777383861.7585444,4915250,4915250.0
1777383896.6900125,4915753,4915753.0
1777383919.382011,4916072,4916072.0
1777383960.9860847,4916675,4916675.0
1777384012.141832,4917416,4917416.0
1777384034.6697283,4917732,4917732.0
1777384060.8929918,4918105,4918105.0
1777384112.2770293,4918853,4918853.0
1777384140.244975,4919252,4919252.0
1777384167.0048397,4919634,4919634.0
1777384189.5287979,4919952,4919952.0
1777384223.9966636,4920449,4920449.0
1777384272.188329,4921141,4921141.0
1777384292.955746,4921437,4921437.0
1777384338.111975,4922089,4922089.0
1777384377.631753,4922664,4922664.0
1777384416.6717048,4923232,4923232.0
1777384448.763631,4923689,4923689.0
1777384489.2397926,4924272,4924272.0
1777384527.4081192,4924820,4924820.0
1777384561.1598947,4925308,4925308.0
1777384602.976497,4925909,4925909.0
1777384636.584784,4926395,4926395.0
1777384667.5525687,4926836,4926836.0
1777384699.460601,4927295,4927295.0
1777384720.1366723,4927582,4927582.0
1777384746.7527897,4927969,4927969.0
1777384783.6887362,4928496,4928496.0
1777384814.4127421,4928933,4928933.0
1777384844.8125243,4929369,4929369.0
1777384881.8243804,4929902,4929902.0
1777384910.6887167,4930317,4930317.0
1777384943.2927713,4930784,4930784.0
1777384982.8487532,4931355,4931355.0
1777385007.816774,4931708,4931708.0
1777385052.100602,4932346,4932346.0
1777385083.6527157,4932803,4932803.0
1777385126.0366702,4933418,4933418.0
1777385155.9442732,4933846,4933846.0
1777385178.5366085,4934160,4934160.0
1777385201.3281054,4934480,4934480.0
1777385227.3439653,4934858,4934858.0
1777385275.6121216,4935558,4935558.0
1777385339.972212,4936502,4936502.0
1777385358.2320764,4936755,4936755.0
1777385384.0156784,4937118,4937118.0
1777385448.6076472,4938061,4938061.0
1777385466.9078045,4938324,4938324.0
1777385479.983704,4938498,4938498.0
1777385512.9477568,4938973,4938973.0
1777385542.5396821,4939391,4939391.0
1777385602.78352,4940267,4940267.0
1777385633.4350011,4940707,4940707.0
1777385655.059046,4941008,4941008.0
1777385702.0950894,4941689,4941689.0
1777385724.5872126,4942004,4942004.0
1777385754.3505704,4942431,4942431.0
1777385798.7347655,4943078,4943078.0
1777385823.9267344,4943433,4943433.0
1777385851.1866488,4943816,4943816.0
1777385876.0387669,4944171,4944171.0
1777385928.7544844,4944937,4944937.0
1777385956.454543,4945335,4945335.0
1777385979.8621802,4945674,4945674.0
1777386000.1536212,4945958,4945958.0
1777386017.34578,4946194,4946194.0
1777386046.1300046,4946606,4946606.0
1777386081.321785,4947110,4947110.0
1777386104.9137568,4947440,4947440.0
1777386135.4737291,4947880,4947880.0
1777386167.8576787,4948348,4948348.0
1777386218.8009663,4949095,4949095.0
1777386250.1089253,4949540,4949540.0
1777386285.825001,4950051,4950051.0
1777386327.8089657,4950657,4950657.0
1777386362.4607015,4951153,4951153.0
1777386398.7009058,4951678,4951678.0
1777386429.2046168,4952112,4952112.0
1777386466.0044248,4952636,4952636.0
1777386498.3039377,4953096,4953096.0
1777386524.428137,4953468,4953468.0
1777386567.3478236,4954090,4954090.0
1777386601.0876558,4954576,4954576.0
1777386631.4557848,4955013,4955013.0
1777386657.7957098,4955384,4955384.0
1777386683.087742,4955741,4955741.0
1777386734.9153457,4956499,4956499.0
1777386776.0667453,4957087,4957087.0
1777386806.8150916,4957529,4957529.0
1777386833.374993,4957905,4957905.0
1777386860.982687,4958299,4958299.0
1777386882.4587379,4958609,4958609.0
1777386909.7426796,4958995,4958995.0
1777386926.3025513,4959227,4959227.0
1777386968.96672,4959846,4959846.0
1777386982.0584795,4960024,4960024.0
1777387016.1499336,4960515,4960515.0
1777387036.1098135,4960802,4960802.0
1777387064.3342953,4961208,4961208.0
1777387099.0860572,4961699,4961699.0
1777387141.0536604,4962310,4962310.0
1777387173.2056758,4962775,4962775.0
1777387213.7693443,4963366,4963366.0
1777387232.7977178,4963630,4963630.0
1777387282.1568644,4964342,4964342.0
1777387316.04942,4964833,4964833.0
1777387351.949021,4965352,4965352.0
1777387390.5726552,4965912,4965912.0
1777387430.6087239,4966485,4966485.0
1777387463.4566507,4966951,4966951.0
1777387499.0081697,4967464,4967464.0
1777387542.2244616,4968093,4968093.0
1777387564.832525,4968411,4968411.0
1777387600.5679567,4968924,4968924.0
1777387644.9678721,4969563,4969563.0
1777387674.8036728,4969992,4969992.0
1777387699.859436,4970353,4970353.0
1777387733.8197324,4970832,4970832.0
1777387766.3033495,4971299,4971299.0
1777387789.095068,4971630,4971630.0
1777387815.319026,4971999,4971999.0
1777387874.4109573,4972859,4972859.0
1777387907.6950123,4973335,4973335.0
1777387935.5387046,4973732,4973732.0
1777387968.7706535,4974206,4974206.0
1777388006.6385865,4974747,4974747.0
1777388037.2823873,4975187,4975187.0
1777388075.5821438,4975738,4975738.0
1777388110.349875,4976234,4976234.0
1777388146.3177261,4976754,4976754.0
1777388173.009658,4977129,4977129.0
1777388204.8259015,4977587,4977587.0
1777388232.417865,4977976,4977976.0
1777388262.5334203,4978406,4978406.0
1777388295.6934001,4978880,4978880.0
1777388322.4536283,4979255,4979255.0
1777388351.5368233,4979672,4979672.0
1777388400.3848715,4980380,4980380.0
1777388427.784981,4980766,4980766.0
1777388470.7689075,4981388,4981388.0
1777388498.712747,4981789,4981789.0
1777388533.3958595,4982292,4982292.0
1777388561.2037165,4982686,4982686.0
1777388608.5953474,4983362,4983362.0
1777388626.2628937,4983609,4983609.0
1777388654.5306306,4984014,4984014.0
1777388693.0978363,4984574,4984574.0
1777388723.0697732,4985001,4985001.0
1777388763.7735343,4985577,4985577.0
1777388792.3573012,4985987,4985987.0
1777388823.448807,4986432,4986432.0
1777388855.8485668,4986897,4986897.0
1777388881.1397607,4987254,4987254.0
1777388917.1397212,4987771,4987771.0
1777388949.4636295,4988235,4988235.0
1777388972.6149096,4988561,4988561.0
1777389006.374991,4989047,4989047.0
1777389041.9907975,4989561,4989561.0
1777389072.0227323,4989991,4989991.0
1777389103.150312,4990437,4990437.0
1777389136.765779,4990918,4990918.0
1777389163.9416475,4991305,4991305.0
1777389199.509616,4991818,4991818.0
1777389244.07732,4992465,4992465.0
1777389275.2926779,4992908,4992908.0
1777389282.3423324,4993000,4993000.0
1777389314.6086357,4993468,4993468.0
1777389352.1165426,4994008,4994008.0
1777389406.3759365,4994791,4994791.0
1777389449.0037148,4995403,4995403.0
1777389467.2037373,4995665,4995665.0
1777389508.3715081,4996263,4996263.0
1777389535.5790422,4996650,4996650.0
1777389574.0786924,4997201,4997201.0
1777389591.5027804,4997448,4997448.0
1777389614.8628047,4997779,4997779.0
1777389643.630437,4998188,4998188.0
1777389671.7220347,4998590,4998590.0
1777389699.9057853,4998988,4998988.0
1777389732.4139156,4999451,4999451.0
1777389754.2897387,4999760,4999760.0
1777389801.0497744,5000443,5000443.0
1777389840.7973862,5000958,5000958.0
1777389864.924815,5001304,5001304.0
1777389897.8966696,5001772,5001772.0
1777389912.0727358,5001969,5001969.0
1777389942.3248034,5002405,5002405.0
1777389977.9164279,5002915,5002915.0
1777390025.6599512,5003601,5003601.0
1777390048.5522401,5003931,5003931.0
1777390086.1677785,5004470,5004470.0
1777390119.55955,5004951,5004951.0
1777390136.419617,5005188,5005188.0
1777390180.4509215,5005814,5005814.0
1777390220.886858,5006396,5006396.0
1777390256.3507855,5006903,5006903.0
1777390279.6946476,5007235,5007235.0
1777390314.3624926,5007732,5007732.0
1777390356.6304662,5008336,5008336.0
1777390377.6698108,5008634,5008634.0
1777390399.1937692,5008932,5008932.0
1777390440.1298127,5009520,5009520.0
1777390463.905723,5009865,5009865.0
1777390496.6056845,5010339,5010339.0
1777390522.2455752,5010700,5010700.0
1777390536.021384,5010891,5010891.0
1777390583.221267,5011578,5011578.0
1777390616.2727907,5012055,5012055.0
1777390641.0808337,5012404,5012404.0
1777390666.9888368,5012775,5012775.0
1777390698.524627,5013228,5013228.0
1777390751.5486932,5013996,5013996.0
1777390808.0077615,5014810,5014810.0
1777390847.751718,5015381,5015381.0
1777390882.4997392,5015881,5015881.0
1777390913.8677669,5016333,5016333.0
1777390964.4515944,5017066,5017066.0
1777390986.2791033,5017373,5017373.0
1777391033.3430474,5018061,5018061.0
1777391062.6467726,5018474,5018474.0
1777391094.6547081,5018937,5018937.0
1777391136.9945607,5019547,5019547.0
1777391168.7544684,5020002,5020002.0
1777391198.2384868,5020420,5020420.0
1777391244.453987,5021091,5021091.0
1777391267.6815631,5021418,5021418.0
1777391309.0497577,5022021,5022021.0
1777391338.2052035,5022440,5022440.0
1777391384.13316,5023104,5023104.0
1777391425.5009742,5023705,5023705.0
1777391450.5573592,5024060,5024060.0
1777391495.7247953,5024715,5024715.0
1777391538.2404466,5025328,5025328.0
1777391577.2241907,5025891,5025891.0
1777391620.9998653,5026521,5026521.0
1777391659.7599232,5027076,5027076.0
1777391696.695424,5027610,5027610.0
1777391721.9677093,5027965,5027965.0
1777391748.3356748,5028341,5028341.0
1777391780.627284,5028799,5028799.0
1777391818.9631584,5029354,5029354.0
1777391853.9108045,5029857,5029857.0
1777391890.4787686,5030377,5030377.0
1777391916.106792,5030741,5030741.0
1777391982.129948,5031701,5031701.0
1777392000.9898279,5031973,5031973.0
1777392032.2578573,5032422,5032422.0
1777392056.2136068,5032760,5032760.0
1777392087.981699,5033213,5033213.0
1777392108.1255078,5033491,5033491.0
1777392130.949652,5033815,5033815.0
1777392163.9412565,5034290,5034290.0
1777392203.9249563,5034869,5034869.0
1777392230.4247794,5035245,5035245.0
1777392251.5689054,5035540,5035540.0
1777392279.3607395,5035935,5035935.0
1777392312.2926028,5036407,5036407.0
1777392341.4521139,5036822,5036822.0
1777392366.2438464,5037172,5037172.0
1777392402.7117248,5037700,5037700.0
1777392432.1118462,5038118,5038118.0
1777392465.9677289,5038605,5038605.0
1777392496.7038023,5039045,5039045.0
1777392528.3795388,5039497,5039497.0
1777392549.7274504,5039798,5039798.0
1777392576.7389424,5040183,5040183.0
1777392597.2107127,5040478,5040478.0
1777392621.6547136,5040822,5040822.0
1777392673.9698226,5041584,5041584.0
1777392708.2218566,5042076,5042076.0
1777392730.9813175,5042398,5042398.0
1777392769.813204,5042958,5042958.0
1777392805.864678,5043476,5043476.0
1777392847.8117821,5044077,5044077.0
1777392879.2797632,5044522,5044522.0
1777392908.6234164,5044947,5044947.0
1777392927.8993316,5045223,5045223.0
1777392960.8630412,5045693,5045693.0
1777392982.6745615,5045997,5045997.0
1777393014.1147418,5046447,5046447.0
1777393052.7137809,5047009,5047009.0
1777393080.9817522,5047416,5047416.0
1777393123.9175375,5048037,5048037.0
1777393161.2007556,5048573,5048573.0
1777393194.0927796,5049048,5049048.0
1777393220.5565867,5049425,5049425.0
1777393252.9159296,5049890,5049890.0
1777393285.800026,5050359,5050359.0
1777393324.9995947,5050925,5050925.0
1777393368.3354974,5051545,5051545.0
1777393393.2591393,5051900,5051900.0
1777393432.8746393,5052473,5052473.0
1777393470.0106678,5053010,5053010.0
1777393507.742404,5053553,5053553.0
1777393520.662268,5053729,5053729.0
1777393545.5619695,5054078,5054078.0
1777393598.077583,5054840,5054840.0
1777393642.313271,5055478,5055478.0
1777393674.1134672,5055934,5055934.0
1777393715.1447449,5056527,5056527.0
1777393744.8728178,5056954,5056954.0
1777393769.9043934,5057311,5057311.0
1777393810.9878435,5057898,5057898.0
1777393855.3559833,5058540,5058540.0
1777393888.8877447,5059020,5059020.0
1777393912.0313663,5059341,5059341.0
1777393957.8748093,5060002,5060002.0
1777393986.7548368,5060418,5060418.0
1777394018.8064914,5060865,5060865.0
1777394046.066641,5061258,5061258.0
1777394075.2987137,5061673,5061673.0
1777394094.3423932,5061941,5061941.0
1777394120.0337195,5062303,5062303.0
1777394142.6578321,5062622,5062622.0
1777394182.3575473,5063198,5063198.0
1777394212.577666,5063629,5063629.0
1777394246.4854965,5064121,5064121.0
1777394293.8610282,5064800,5064800.0
1777394328.0366435,5065285,5065285.0
1777394353.02069,5065639,5065639.0
1777394387.9763196,5066141,5066141.0
1777394429.911971,5066751,5066751.0
1777394453.0520062,5067080,5067080.0
1777394483.252117,5067506,5067506.0
1777394508.427802,5067865,5067865.0
1777394525.9357646,5068112,5068112.0
1777394563.7549698,5068655,5068655.0
1777394613.4389,5069377,5069377.0
1777394650.7227247,5069907,5069907.0
1777394674.8627212,5070250,5070250.0
1777394686.3067658,5070401,5070401.0
1777394724.2549152,5070950,5070950.0
1777394755.4302936,5071391,5071391.0
1777394802.1586819,5072063,5072063.0
1777394828.7505403,5072447,5072447.0
1777394863.1822877,5072934,5072934.0
1777394894.5817897,5073388,5073388.0
1777394930.7579596,5073906,5073906.0
1777394964.1939626,5074391,5074391.0
1777395003.5258327,5074963,5074963.0
1777395020.0534616,5075188,5075188.0
1777395048.6097324,5075598,5075598.0
1777395076.6537688,5075999,5075999.0
1777395102.3935192,5076363,5076363.0
1777395145.1690035,5076979,5076979.0
1777395174.2128532,5077392,5077392.0
1777395218.444814,5078032,5078032.0
1777395243.8525176,5078392,5078392.0
1777395285.1127117,5078983,5078983.0
1777395327.4966805,5079596,5079596.0
1777395349.7565067,5079906,5079906.0
1777395404.0998309,5080695,5080695.0
1777395444.7998111,5081279,5081279.0
1777395501.5837386,5082100,5082100.0
1777395532.2674117,5082539,5082539.0
1777395563.0433593,5082981,5082981.0
1777395574.034844,5083134,5083134.0
1777395632.6429641,5083982,5083982.0
1777395680.6948183,5084673,5084673.0
1777395748.050459,5085652,5085652.0
1777395778.5858867,5086089,5086089.0
1777395812.0863297,5086573,5086573.0
1777395845.8620625,5087059,5087059.0
1777395894.7376354,5087767,5087767.0
1777395918.0452244,5088103,5088103.0
1777395944.6894963,5088481,5088481.0
1777395978.472963,5088966,5088966.0
1777396027.7572744,5089682,5089682.0
1777396076.6806715,5090387,5090387.0
1777396122.98058,5091054,5091054.0
1777396144.7884467,5091369,5091369.0
1777396180.324267,5091884,5091884.0
1777396205.5324216,5092241,5092241.0
1777396236.367835,5092686,5092686.0
1777396294.215802,5093530,5093530.0
1777396336.883371,5094139,5094139.0
1777396380.575091,5094773,5094773.0
1777396409.5829456,5095186,5095186.0
1777396450.2667344,5095778,5095778.0
1777396489.870595,5096342,5096342.0
1777396517.5865116,5096737,5096737.0
1777396552.8101633,5097247,5097247.0
1777396592.9937742,5097827,5097827.0
1777396640.5537457,5098511,5098511.0
1777396675.5453906,5099013,5099013.0
1777396709.1457467,5099498,5099498.0
1777396746.0140855,5100029,5100029.0
1777396776.8744843,5100470,5100470.0
1777396807.1224036,5100907,5100907.0
1777396846.5916827,5101475,5101475.0
1777396863.8187509,5101720,5101720.0
1777396892.6594174,5102133,5102133.0
1777396942.0756972,5102846,5102846.0
1777396972.560019,5103282,5103282.0
1777397006.3117235,5103761,5103761.0
1777397033.9365473,5104155,5104155.0
1777397066.7561026,5104629,5104629.0
1777397117.8566043,5105366,5105366.0
1777397136.7167058,5105634,5105634.0
1777397173.9327357,5106167,5106167.0
1777397199.792911,5106538,5106538.0
1777397235.5767674,5107046,5107046.0
1777397270.008801,5107540,5107540.0
1777397295.7328463,5107903,5107903.0
1777397346.1367664,5108638,5108638.0
1777397372.520624,5109014,5109014.0
1777397402.460932,5109446,5109446.0
1777397453.4889627,5110183,5110183.0
1777397482.5448394,5110593,5110593.0
1777397519.9807434,5111136,5111136.0
1777397577.988643,5111980,5111980.0
1777397613.5245047,5112495,5112495.0
1777397650.6169536,5113031,5113031.0
1777397679.4646115,5113443,5113443.0
1777397709.892559,5113876,5113876.0
1777397745.5566897,5114382,5114382.0
1777397769.08475,5114723,5114723.0
1777397840.9006414,5115760,5115760.0
1777397874.2084608,5116238,5116238.0
1777397905.1764274,5116687,5116687.0
1777397927.4844315,5116998,5116998.0
1777397959.5365722,5117462,5117462.0
1777397999.0519993,5118026,5118026.0
1777398029.3961,5118462,5118462.0
1777398062.0481493,5118935,5118935.0
1777398090.9559963,5119344,5119344.0
1777398146.8958294,5120158,5120158.0
1777398179.8317022,5120632,5120632.0
1777398210.4719005,5121074,5121074.0
1777398241.7396636,5121521,5121521.0
1777398287.4235213,5122179,5122179.0
1777398329.3755069,5122786,5122786.0
1777398368.3593366,5123345,5123345.0
1777398400.135463,5123800,5123800.0
1777398425.5031164,5124159,5124159.0
1777398451.3587148,5124528,5124528.0
1777398489.042653,5125074,5125074.0
1777398516.7028477,5125471,5125471.0
1777398557.2547832,5126054,5126054.0
1777398590.686534,5126535,5126535.0
1777398626.7226255,5127057,5127057.0
1777398657.1781173,5127491,5127491.0
1777398684.1384628,5127874,5127874.0
1777398716.269963,5128332,5128332.0
1777398755.4539218,5128900,5128900.0
1777398779.1979494,5129236,5129236.0
1777398798.1577446,5129501,5129501.0
1777398841.8408313,5130140,5130140.0
1777398864.0050318,5130447,5130447.0
1777398893.9807222,5130874,5130874.0
1777398915.9083834,5131183,5131183.0
1777398937.0007193,5131487,5131487.0
1777398979.6840138,5132097,5132097.0
1777399022.1839645,5132708,5132708.0
1777399052.915629,5133151,5133151.0
1777399077.2596407,5133494,5133494.0
1777399107.335341,5133926,5133926.0
1777399132.9669294,5134293,5134293.0
1777399175.0669143,5134900,5134900.0
1777399205.2746522,5135330,5135330.0
1777399226.5187683,5135626,5135626.0
1777399259.8704498,5136105,5136105.0
1777399293.8019636,5136593,5136593.0
1777399318.8459866,5136945,5136945.0
1777399346.9381819,5137347,5137347.0
1777399380.3014212,5137826,5137826.0
1777399411.293505,5138272,5138272.0
1777399458.4208446,5138955,5138955.0
1777399480.9288719,5139276,5139276.0
1777399527.212932,5139941,5139941.0
1777399573.6649125,5140617,5140617.0
1777399608.8480036,5141122,5141122.0
1777399638.4479086,5141543,5141543.0
1777399656.7721589,5141806,5141806.0
1777399694.7159207,5142354,5142354.0
1777399713.356101,5142615,5142615.0
1777399750.2077496,5143146,5143146.0
1777399779.4917233,5143560,5143560.0
1777399803.9155192,5143905,5143905.0
1777399835.9749956,5144368,5144368.0
1777399869.9748335,5144854,5144854.0
1777399898.6586761,5145263,5145263.0
1777399936.1825361,5145809,5145809.0
1777399962.9668028,5146187,5146187.0
1777399995.9106936,5146657,5146657.0
1777400014.6345172,5146920,5146920.0
1777400050.7344546,5147442,5147442.0
1777400070.0259893,5147709,5147709.0
1777400114.6460872,5148356,5148356.0
1777400130.2220263,5148571,5148571.0
1777400144.7940063,5148777,5148777.0
1777400182.7977912,5149320,5149320.0
1777400206.2215269,5149656,5149656.0
1777400257.989366,5150400,5150400.0
1777400286.2053156,5150801,5150801.0
1777400316.0971029,5151228,5151228.0
1777400351.8651066,5151746,5151746.0
1777400379.1045148,5152130,5152130.0
1777400412.7247567,5152612,5152612.0
1777400433.0644453,5152895,5152895.0
1777400461.4243264,5153298,5153298.0
1777400498.8558264,5153837,5153837.0
1777400523.5683815,5154183,5154183.0
1777400568.4767404,5154834,5154834.0
1777400597.2997112,5155244,5155244.0
1777400628.867982,5155694,5155694.0
1777400667.5592532,5156256,5156256.0
1777400698.4434488,5156696,5156696.0
1777400722.4873297,5157037,5157037.0
1777400761.850724,5157606,5157606.0
1777400789.2345407,5157996,5157996.0
1777400827.7108183,5158551,5158551.0
1777400858.2303808,5158991,5158991.0
1777400887.3862948,5159405,5159405.0
1777400912.4217126,5159764,5159764.0
1777400937.5975177,5160122,5160122.0
1777400982.1135242,5160768,5160768.0
1777401006.4729626,5161107,5161107.0
1777401044.156958,5161654,5161654.0
1777401072.7967682,5162061,5162061.0
1777401103.696843,5162506,5162506.0
1777401146.7799468,5163126,5163126.0
1777401177.8321266,5163567,5163567.0
1777401199.99215,5163874,5163874.0
1777401243.5758154,5164502,5164502.0
1777401269.3158166,5164869,5164869.0
1777401301.1153023,5165326,5165326.0
1777401338.982817,5165869,5165869.0
1777401371.342791,5166338,5166338.0
1777401414.4266737,5166954,5166954.0
1777401461.6508975,5167644,5167644.0
1777401498.169874,5168172,5168172.0
1777401534.6261497,5168693,5168693.0
1777401561.9459577,5169081,5169081.0
1777401591.217706,5169495,5169495.0
1777401616.945713,5169868,5169868.0
1777401639.5617394,5170188,5170188.0
1777401687.6449144,5170883,5170883.0
1777401722.7610214,5171386,5171386.0
1777401759.3888805,5171916,5171916.0
1777401781.9367511,5172230,5172230.0
1777401806.0808125,5172573,5172573.0
1777401842.7483847,5173103,5173103.0
1777401884.9804232,5173717,5173717.0
1777401910.9559772,5174088,5174088.0
1777401931.5637984,5174374,5174374.0
1777401970.2317114,5174936,5174936.0
1777401999.6753483,5175356,5175356.0
1777402032.7397008,5175829,5175829.0
1777402079.0073457,5176493,5176493.0
1777402104.415015,5176855,5176855.0
1777402145.1990452,5177449,5177449.0
1777402197.7427635,5178211,5178211.0
1777402234.4585357,5178739,5178739.0
1777402271.2420588,5179269,5179269.0
1777402298.1343904,5179653,5179653.0
1777402321.9619474,5179990,5179990.0
1777402348.909644,5180371,5180371.0
1777402384.3777578,5180881,5180881.0
1777402410.4215958,5181253,5181253.0
1777402433.1618133,5181574,5181574.0
1777402462.45349,5181991,5181991.0
1777402504.4535367,5182603,5182603.0
1777402534.6208005,5183034,5183034.0
1777402562.8806775,5183439,5183439.0
1777402580.1407654,5183685,5183685.0
1777402603.4487345,5184016,5184016.0
1777402642.588659,5184578,5184578.0
1777402680.2159462,5185119,5185119.0
1777402711.2838943,5185562,5185562.0
1777402742.507805,5186009,5186009.0
1777402785.8078268,5186638,5186638.0
1777402810.351742,5186984,5186984.0
1777402850.1836674,5187564,5187564.0
1777402884.634963,5188055,5188055.0
1777402910.4592476,5188429,5188429.0
1777402961.934811,5189171,5189171.0
1777403002.8867447,5189754,5189754.0
1777403048.6347384,5190416,5190416.0
1777403091.2698283,5191032,5191032.0
1777403121.5020735,5191461,5191461.0
1777403157.129676,5191968,5191968.0
1777403175.0057826,5192220,5192220.0
1777403210.2216456,5192731,5192731.0
1777403252.621841,5193338,5193338.0
1777403290.8891633,5193893,5193893.0
1777403315.8134854,5194251,5194251.0
1777403331.42079,5194469,5194469.0
1777403368.2568338,5194990,5194990.0
1777403401.4404116,5195462,5195462.0
1777403425.3805146,5195804,5195804.0
1777403458.516449,5196281,5196281.0
1777403473.4325306,5196492,5196492.0
1777403527.2601693,5197271,5197271.0
1777403556.7997015,5197692,5197692.0
1777403575.9597926,5197960,5197960.0
1777403609.5597432,5198445,5198445.0
1777403631.335664,5198757,5198757.0
1777403682.9670825,5199495,5199495.0
1777403707.1869617,5199837,5199837.0
1777403740.9430761,5200321,5200321.0
1777403773.2427177,5200789,5200789.0
1777403797.5187368,5201131,5201131.0
1777403852.2100518,5201919,5201919.0
1777403884.3025649,5202379,5202379.0
1777403913.9697611,5202805,5202805.0
1777403934.8458889,5203102,5203102.0
1777403961.0697136,5203482,5203482.0
1777403983.0297189,5203790,5203790.0
1777404012.5976992,5204213,5204213.0
1777404040.621765,5204610,5204610.0
1777404079.1891725,5205169,5205169.0
1777404099.1489675,5205446,5205446.0
1777404137.5968604,5205997,5205997.0
1777404155.9089923,5206253,5206253.0
1777404182.6008015,5206630,5206630.0
1777404206.8247142,5206978,5206978.0
1777404231.524673,5207335,5207335.0
1777404277.5398853,5207997,5207997.0
1777404304.8158004,5208382,5208382.0
1777404320.4918885,5208600,5208600.0
1777404354.8599958,5209092,5209092.0
1777404390.6198332,5209608,5209608.0
1777404420.3515868,5210034,5210034.0
1777404454.335354,5210520,5210520.0
1777404495.8029492,5211120,5211120.0
1777404533.6112857,5211668,5211668.0
1777404566.5709457,5212135,5212135.0
1777404597.8105452,5212584,5212584.0
1777404639.6144989,5213189,5213189.0
1777404664.970439,5213542,5213542.0
1777404685.914442,5213837,5213837.0
1777404720.2621608,5214333,5214333.0
1777404749.2224214,5214745,5214745.0
1777404775.8660157,5215121,5215121.0
1777404801.96591,5215495,5215495.0
1777404831.8218331,5215923,5215923.0
1777404869.60555,5216462,5216462.0
1777404890.5334065,5216757,5216757.0
1777404920.0333734,5217178,5217178.0
1777404954.3255012,5217670,5217670.0
1777404987.0937626,5218137,5218137.0
1777405008.2335236,5218436,5218436.0
1777405037.8093781,5218858,5218858.0
1777405072.7256193,5219359,5219359.0
1777405099.0017684,5219736,5219736.0
1777405131.3537266,5220202,5220202.0
1777405182.397508,5220937,5220937.0
1777405204.3696232,5221247,5221247.0
1777405226.2456107,5221556,5221556.0
1777405256.5375228,5221992,5221992.0
1777405283.973614,5222390,5222390.0
1777405323.3409452,5222951,5222951.0
1777405357.0971408,5223433,5223433.0
1777405388.9174836,5223891,5223891.0
1777405424.3491175,5224401,5224401.0
1777405460.5408485,5224926,5224926.0
1777405497.041007,5225448,5225448.0
1777405523.1006505,5225823,5225823.0
1777405553.0170133,5226251,5226251.0
1777405587.0684488,5226733,5226733.0
1777405604.736552,5226985,5226985.0
1777405650.2127655,5227641,5227641.0
1777405692.4447255,5228255,5228255.0
1777405713.8888412,5228555,5228555.0
1777405743.8366132,5228981,5228981.0
1777405762.2887964,5229245,5229245.0
1777405789.9878678,5229641,5229641.0
1777405816.1482496,5230010,5230010.0
1777405848.5202067,5230473,5230473.0
1777405877.9719243,5230894,5230894.0
1777405909.2475195,5231346,5231346.0
1777405933.8800578,5231691,5231691.0
1777405953.4916866,5231966,5231966.0
1777405982.54758,5232381,5232381.0
1777406012.531738,5232806,5232806.0
1777406048.1393936,5233320,5233320.0
1777406075.0753944,5233703,5233703.0
1777406097.3356078,5234013,5234013.0
1777406135.8667805,5234563,5234563.0
1777406166.0108142,5234993,5234993.0
1777406199.4425817,5235476,5235476.0
1777406230.586419,5235919,5235919.0
1777406272.3024735,5236526,5236526.0
1777406299.4187055,5236914,5236914.0
1777406339.3705266,5237490,5237490.0
1777406363.2305481,5237836,5237836.0
1777406413.1458395,5238560,5238560.0
1777406455.405995,5239176,5239176.0
1777406480.7460973,5239529,5239529.0
1777406506.4059703,5239895,5239895.0
1777406537.8893163,5240348,5240348.0
1777406578.6055925,5240932,5240932.0
1777406603.6329813,5241290,5241290.0
1777406623.1568377,5241560,5241560.0
1777406653.9649842,5241999,5241999.0
1777406688.9169643,5242505,5242505.0
1777406739.8571088,5243240,5243240.0
1777406766.2007241,5243617,5243617.0
1777406791.024676,5243965,5243965.0
1777406810.816755,5244250,5244250.0
1777406844.0165792,5244729,5244729.0
1777406875.0759857,5245175,5245175.0
1777406901.1358666,5245544,5245544.0
1777406937.0521226,5246062,5246062.0
1777406969.319773,5246521,5246521.0
1777406986.979263,5246773,5246773.0
1777407025.4430163,5247331,5247331.0
1777407054.50276,5247745,5247745.0
1777407089.8184364,5248248,5248248.0
1777407116.9624908,5248639,5248639.0
1777407166.321715,5249355,5249355.0
1777407211.436913,5249997,5249997.0
1777407250.2369833,5250550,5250550.0
1777407281.7287836,5250998,5250998.0
1777407312.8966584,5251444,5251444.0
1777407349.4479866,5251975,5251975.0
1777407399.7636726,5252703,5252703.0
1777407441.579449,5253306,5253306.0
1777407476.7989914,5253811,5253811.0
1777407499.907362,5254136,5254136.0
1777407528.4828236,5254544,5254544.0
1777407568.0308459,5255114,5255114.0
1777407598.6823237,5255554,5255554.0
1777407623.8899806,5255912,5255912.0
1777407661.1419513,5256446,5256446.0
1777407698.3739717,5256985,5256985.0
1777407723.9096212,5257346,5257346.0
1777407757.9010751,5257839,5257839.0
1777407776.824853,5258103,5258103.0
1777407802.500975,5258466,5258466.0
1777407857.9607916,5259270,5259270.0
1777407891.3527358,5259750,5259750.0
1777407934.943848,5260378,5260378.0
1777407958.487796,5260716,5260716.0
1777407989.8277798,5261158,5261158.0
1777408011.7357254,5261474,5261474.0
1777408040.0197752,5261871,5261871.0
1777408084.1553192,5262502,5262502.0
1777408105.6793861,5262806,5262806.0
1777408124.4873776,5263069,5263069.0
1777408151.914943,5263461,5263461.0
1777408198.054751,5264128,5264128.0
1777408220.4625654,5264442,5264442.0
1777408258.7143373,5264994,5264994.0
1777408285.0580952,5265362,5265362.0
1777408328.3900647,5265981,5265981.0
1777408355.6737664,5266365,5266365.0
1777408374.1577122,5266627,5266627.0
1777408399.3416693,5266977,5266977.0
1777408426.9648724,5267374,5267374.0
1777408458.7093077,5267830,5267830.0
1777408513.5007396,5268630,5268630.0
1777408544.368734,5269073,5269073.0
1777408565.9247038,5269375,5269375.0
1777408585.6007724,5269653,5269653.0
1777408626.3998969,5270235,5270235.0
1777408651.0759706,5270579,5270579.0
1777408675.1199882,5270921,5270921.0
1777408706.487983,5271372,5271372.0
1777408725.9957466,5271646,5271646.0
1777408754.3716044,5272053,5272053.0
1777408783.2950976,5272465,5272465.0
1777408818.3269575,5272969,5272969.0
1777408847.1111536,5273377,5273377.0
1777408874.4387348,5273766,5273766.0
1777408930.146704,5274579,5274579.0
1777408966.762474,5275108,5275108.0
1777409020.8459754,5275894,5275894.0
1777409072.422243,5276637,5276637.0
1777409104.373983,5277092,5277092.0
1777409138.0499883,5277579,5277579.0
1777409170.3819714,5278043,5278043.0
1777409204.2939034,5278530,5278530.0
1777409218.833916,5278734,5278734.0
1777409250.4178329,5279181,5279181.0
1777409290.5857093,5279758,5279758.0
1777409338.1698017,5280446,5280446.0
1777409369.6937358,5280891,5280891.0
1777409401.685735,5281346,5281346.0
1777409450.7137156,5282059,5282059.0
1777409487.7973819,5282598,5282598.0
1777409520.081403,5283064,5283064.0
1777409555.9809616,5283570,5283570.0
1777409573.8049982,5283824,5283824.0
1777409602.9129684,5284238,5284238.0
1777409640.381075,5284781,5284781.0
1777409684.8328238,5285423,5285423.0
1777409719.2487545,5285921,5285921.0
1777409760.1685944,5286518,5286518.0
1777409795.2523808,5287015,5287015.0
1777409839.8004491,5287663,5287663.0
1777409880.1518729,5288248,5288248.0
1777409901.5920043,5288544,5288544.0
1777409941.3444123,5289114,5289114.0
1777409964.1040218,5289435,5289435.0
1777410007.8037736,5290065,5290065.0
1777410043.1875875,5290572,5290572.0
1777410075.4794903,5291038,5291038.0
1777410105.5470107,5291468,5291468.0
1777410129.4232209,5291805,5291805.0
1777410153.0947258,5292141,5292141.0
1777410208.2068193,5292946,5292946.0
1777410239.3628232,5293390,5293390.0
1777410269.2142396,5293817,5293817.0
1777410295.7067277,5294192,5294192.0
1777410336.7223344,5294782,5294782.0
1777410361.481841,5295137,5295137.0
1777410386.9504142,5295501,5295501.0
1777410406.341704,5295766,5295766.0
1777410430.9495852,5296114,5296114.0
1777410455.585915,5296463,5296463.0
1777410490.2255147,5296959,5296959.0
1777410523.141633,5297435,5297435.0
1777410561.517411,5297992,5297992.0
1777410580.660842,5298260,5298260.0
1777410622.8769572,5298873,5298873.0
1777410652.276637,5299292,5299292.0
1777410686.360648,5299779,5299779.0
1777410715.4207287,5300196,5300196.0
1777410730.812628,5300402,5300402.0
1777410768.6442919,5300951,5300951.0
1777410798.1360104,5301365,5301365.0
1777410820.8285415,5301683,5301683.0
1777410854.9800208,5302170,5302170.0
1777410900.2318008,5302830,5302830.0
1777410930.3317559,5303260,5303260.0
1777410976.031743,5303913,5303913.0
1777411003.7234545,5304306,5304306.0
1777411044.0908227,5304891,5304891.0
1777411090.5429657,5305560,5305560.0
1777411115.826789,5305919,5305919.0
1777411141.3507438,5306286,5306286.0
1777411178.8184845,5306819,5306819.0
1777411206.0739703,5307208,5307208.0
1777411236.4417992,5307645,5307645.0
1777411277.9938076,5308248,5308248.0
1777411301.7538784,5308583,5308583.0
1777411335.1175876,5309063,5309063.0
1777411383.3370082,5309765,5309765.0
1777411409.1932383,5310133,5310133.0
1777411434.7530837,5310501,5310501.0
1777411496.7726815,5311403,5311403.0
1777411516.3967245,5311675,5311675.0
1777411543.7727802,5312067,5312067.0
1777411564.4486306,5312360,5312360.0
1777411602.811774,5312908,5312908.0
1777411638.3478134,5313419,5313419.0
1777411657.4557762,5313683,5313683.0
1777411684.5478032,5314074,5314074.0
1777411721.5635123,5314598,5314598.0
1777411754.9076135,5315079,5315079.0
1777411792.191394,5315615,5315615.0
1777411823.158782,5316053,5316053.0
1777411872.9067712,5316771,5316771.0
1777411894.750706,5317083,5317083.0
1777411920.2586653,5317444,5317444.0
1777411954.274375,5317935,5317935.0
1777412000.8019943,5318599,5318599.0
1777412034.741902,5319089,5319089.0
1777412061.6858578,5319468,5319468.0
1777412092.1377773,5319906,5319906.0
1777412111.8296359,5320173,5320173.0
1777412134.8217063,5320506,5320506.0
1777412155.4297347,5320793,5320793.0
1777412175.953774,5321075,5321075.0
1777412205.1208878,5321492,5321492.0
1777412241.528857,5322014,5322014.0
1777412267.5125816,5322384,5322384.0
1777412314.5487332,5323064,5323064.0
1777412340.0565972,5323423,5323423.0
1777412365.148274,5323781,5323781.0
1777412400.2966208,5324284,5324284.0
1777412435.263946,5324786,5324786.0
1777412463.9717817,5325193,5325193.0
1777412495.3918009,5325639,5325639.0
1777412518.0318034,5325957,5325957.0
1777412552.5834677,5326448,5326448.0
1777412580.1595018,5326837,5326837.0
1777412618.8075986,5327390,5327390.0
1777412649.8270311,5327833,5327833.0
1777412685.0827665,5328343,5328343.0
1777412709.0867488,5328685,5328685.0
1777412745.6107366,5329212,5329212.0
1777412768.942601,5329539,5329539.0
1777412801.2346547,5329997,5329997.0
1777412833.201812,5330457,5330457.0
1777412878.369929,5331115,5331115.0
1777412908.1617472,5331543,5331543.0
1777412940.861916,5332015,5332015.0
1777412963.1376555,5332326,5332326.0
1777412999.489241,5332852,5332852.0
1777413032.6652496,5333327,5333327.0
1777413070.764701,5333875,5333875.0
1777413094.3570547,5334218,5334218.0
1777413119.8728514,5334575,5334575.0
1777413147.2327747,5334965,5334965.0
1777413185.7007823,5335521,5335521.0
1777413248.0164297,5336421,5336421.0
1777413268.2004666,5336710,5336710.0
1777413305.7844627,5337249,5337249.0
1777413326.4240088,5337538,5337538.0
1777413358.5439737,5337996,5337996.0
1777413387.735642,5338409,5338409.0
1777413408.7917757,5338706,5338706.0
1777413433.8960066,5339063,5339063.0
1777413487.0273478,5339839,5339839.0
1777413538.7794495,5340590,5340590.0
1777413571.9950132,5341063,5341063.0
1777413630.8707907,5341919,5341919.0
1777413657.246661,5342288,5342288.0
1777413671.3229747,5342481,5342481.0
1777413700.0987988,5342891,5342891.0
1777413735.6627514,5343402,5343402.0
1777413751.3747416,5343624,5343624.0
1777413785.422126,5344116,5344116.0
1777413825.0218039,5344686,5344686.0
1777413850.6979282,5345046,5345046.0
1777413874.4419563,5345387,5345387.0
1777413906.289645,5345842,5345842.0
1777413922.3256896,5346058,5346058.0
1777413963.2256799,5346653,5346653.0
1777413988.7095375,5347014,5347014.0
1777414021.0689013,5347480,5347480.0
1777414058.98488,5348020,5348020.0
1777414102.836969,5348656,5348656.0
1777414142.7846975,5349238,5349238.0
1777414182.6367266,5349813,5349813.0
1777414205.812581,5350142,5350142.0
1777414245.3122056,5350710,5350710.0
1777414268.3445117,5351044,5351044.0
1777414304.947761,5351565,5351565.0
1777414335.255907,5351995,5351995.0
1777414354.247672,5352267,5352267.0
1777414377.4037328,5352598,5352598.0
1777414408.715272,5353041,5353041.0
1777414448.4635074,5353619,5353619.0
1777414474.1315064,5353982,5353982.0
1777414503.1390994,5354393,5354393.0
1777414546.4908557,5355014,5355014.0
1777414585.3426542,5355572,5355572.0
1777414629.9750483,5356210,5356210.0
1777414650.9986231,5356510,5356510.0
1777414677.9819636,5356891,5356891.0
1777414704.9939559,5357270,5357270.0
1777414732.4100087,5357664,5357664.0
1777414776.1416652,5358302,5358302.0
1777414810.6856809,5358790,5358790.0
1777414834.87729,5359136,5359136.0
1777414884.921507,5359855,5359855.0
1777414908.3454003,5360184,5360184.0
1777414947.2287636,5360749,5360749.0
1777414975.7209485,5361157,5361157.0
1777415004.5890265,5361572,5361572.0
1777415031.8446133,5361961,5361961.0
1777415058.248627,5362335,5362335.0
1777415096.572644,5362889,5362889.0
1777415134.9878786,5363443,5363443.0
1777415164.1558576,5363860,5363860.0
1777415201.656501,5364395,5364395.0
1777415228.2482977,5364777,5364777.0
1777415256.2079422,5365177,5365177.0
1777415296.476558,5365747,5365747.0
1777415337.8757546,5366350,5366350.0
1777415379.591687,5366957,5366957.0
1777415412.7597039,5367424,5367424.0
1777415442.2955847,5367850,5367850.0
1777415503.3357425,5368739,5368739.0
1777415530.063663,5369125,5369125.0
1777415566.0638742,5369633,5369633.0
1777415591.0873485,5369993,5369993.0
1777415627.039614,5370507,5370507.0
1777415669.8870428,5371122,5371122.0
1777415726.8147779,5371951,5371951.0
1777415749.5227876,5372268,5372268.0
1777415782.446693,5372739,5372739.0
1777415806.1908455,5373075,5373075.0
1777415836.8591928,5373510,5373510.0
1777415862.7832096,5373876,5373876.0
1777415887.418733,5374226,5374226.0
1777415908.4747007,5374517,5374517.0
1777415931.8823125,5374846,5374846.0
1777415967.1939483,5375354,5375354.0
1777416007.6097927,5375936,5375936.0
1777416036.6779506,5376347,5376347.0
1777416061.953792,5376710,5376710.0
1777416086.662111,5377059,5377059.0
1777416112.561842,5377425,5377425.0
1777416144.0536628,5377874,5377874.0
1777416181.185771,5378411,5378411.0
1777416212.221492,5378851,5378851.0
1777416242.9450316,5379291,5379291.0
1777416278.2293735,5379795,5379795.0
1777416308.605036,5380232,5380232.0
1777416333.7571225,5380583,5380583.0
1777416353.5969365,5380858,5380858.0
1777416393.5328119,5381439,5381439.0
1777416422.4887602,5381849,5381849.0
1777416461.8084617,5382415,5382415.0
1777416502.3924112,5382991,5382991.0
1777416533.8003297,5383433,5383433.0
1777416566.3678977,5383904,5383904.0
1777416608.6157935,5384515,5384515.0
1777416638.8837507,5384952,5384952.0
1777416690.1197186,5385692,5385692.0
1777416715.343744,5386047,5386047.0
1777416750.2275038,5386552,5386552.0
1777416794.3630605,5387180,5387180.0
1777416838.8548014,5387823,5387823.0
1777416871.9109514,5388296,5388296.0
1777416893.9227085,5388607,5388607.0
1777416928.8547657,5389110,5389110.0
1777416943.8308406,5389323,5389323.0
1777416986.8826852,5389947,5389947.0
1777417020.74638,5390433,5390433.0
1777417051.2379665,5390869,5390869.0
1777417087.9577937,5391403,5391403.0
1777417119.6337836,5391860,5391860.0
1777417171.225812,5392605,5392605.0
1777417195.3816693,5392948,5392948.0
1777417215.9857187,5393237,5393237.0
1777417254.6576505,5393801,5393801.0
1777417290.0256143,5394309,5394309.0
1777417311.6010559,5394612,5394612.0
1777417346.4849157,5395112,5395112.0
1777417375.1933465,5395516,5395516.0
1777417407.0288765,5395972,5395972.0
1777417434.7690327,5396366,5396366.0
1777417464.168981,5396783,5396783.0
1777417490.8969402,5397162,5397162.0
1777417510.8529289,5397441,5397441.0
1777417558.0367231,5398122,5398122.0
1777417602.056725,5398761,5398761.0
1777417654.3647032,5399518,5399518.0
1777417685.608484,5399965,5399965.0
1777417714.5239854,5400378,5400378.0
1777417746.0998313,5400833,5400833.0
1777417773.883898,5401223,5401223.0
1777417805.2605836,5401672,5401672.0
1777417835.7440174,5402103,5402103.0
1777417864.9838037,5402516,5402516.0
1777417888.2598486,5402847,5402847.0
1777417938.3356457,5403568,5403568.0
1777417969.7671752,5404016,5404016.0
1777418005.7116199,5404528,5404528.0
1777418015.7357051,5404667,5404667.0
1777418046.2274344,5405103,5405103.0
1777418069.4869606,5405429,5405429.0
1777418100.818926,5405880,5405880.0
1777418132.2950544,5406328,5406328.0
1777418168.8948238,5406854,5406854.0
1777418216.754723,5407546,5407546.0
1777418254.2826793,5408086,5408086.0
1777418287.0663893,5408551,5408551.0
1777418330.041854,5409167,5409167.0
1777418351.821843,5409478,5409478.0
1777418392.6340413,5410063,5410063.0
1777418432.2899325,5410629,5410629.0
1777418475.4098315,5411254,5411254.0
1777418525.6177745,5411977,5411977.0
1777418550.593631,5412335,5412335.0
1777418586.2615328,5412852,5412852.0
1777418620.192973,5413336,5413336.0
1777418671.176858,5414072,5414072.0
1777418712.6130202,5414672,5414672.0
1777418748.428759,5415184,5415184.0
1777418804.0205925,5415996,5415996.0
1777418827.4485626,5416323,5416323.0
1777418864.8805919,5416865,5416865.0
1777418907.3639746,5417475,5417475.0
1777418920.4638045,5417660,5417660.0
1777418943.4998896,5417986,5417986.0
1777418970.739682,5418373,5418373.0
1777418996.8317933,5418742,5418742.0
1777419036.8997815,5419317,5419317.0
1777419079.215635,5419921,5419921.0
1777419101.2435677,5420239,5420239.0
1777419128.3075466,5420625,5420625.0
1777419162.7989786,5421116,5421116.0
1777419213.8751607,5421852,5421852.0
1777419229.08708,5422058,5422058.0
1777419254.8428078,5422432,5422432.0
1777419278.6707053,5422765,5422765.0
1777419319.8348074,5423350,5423350.0
1777419366.9386563,5424033,5424033.0
1777419408.0867956,5424624,5424624.0
1777419444.9698083,5425156,5425156.0
1777419486.8059838,5425765,5425765.0
1777419524.453769,5426311,5426311.0
1777419562.1057844,5426849,5426849.0
1777419599.4417443,5427387,5427387.0
1777419622.3137968,5427711,5427711.0
1777419665.6173253,5428337,5428337.0
1777419702.5330658,5428867,5428867.0
1777419732.3412755,5429290,5429290.0
1777419759.6088603,5429679,5429679.0
1777419781.4168835,5429985,5429985.0
1777419810.324497,5430398,5430398.0
1777419829.6007907,5430671,5430671.0
1777419841.760753,5430841,5430841.0
1777419865.252742,5431172,5431172.0
1777419896.584678,5431621,5431621.0
1777419922.9286273,5431990,5431990.0
1777419950.44437,5432380,5432380.0
1777419986.667766,5432905,5432905.0
1777420009.979957,5433229,5433229.0
1777420043.7639923,5433718,5433718.0
1777420077.8797584,5434205,5434205.0
1777420113.755823,5434724,5434724.0
1777420156.387721,5435341,5435341.0
1777420185.6073365,5435761,5435761.0
1777420227.591191,5436366,5436366.0
1777420264.2388134,5436894,5436894.0
1777420316.8910432,5437657,5437657.0
1777420345.6587,5438064,5438064.0
1777420354.342767,5438182,5438182.0
1777420392.6583104,5438736,5438736.0
1777420416.0667412,5439062,5439062.0
1777420434.6744764,5439323,5439323.0
1777420453.9024167,5439598,5439598.0
1777420482.80186,5440006,5440006.0
1777420519.3258533,5440529,5440529.0
1777420555.2780726,5441044,5441044.0
1777420584.509723,5441462,5441462.0
1777420604.1177104,5441739,5441739.0
1777420635.1456482,5442184,5442184.0
1777420664.245771,5442599,5442599.0
1777420691.1375103,5442980,5442980.0
1777420716.1975627,5443335,5443335.0
1777420735.4889972,5443601,5443601.0
1777420757.9973638,5443923,5443923.0
1777420794.6810083,5444449,5444449.0
1777420820.636998,5444819,5444819.0
1777420853.0888906,5445282,5445282.0
1777420895.3727663,5445895,5445895.0
1777420934.1883593,5446454,5446454.0
1777420968.140573,5446942,5446942.0
1777420998.3004708,5447374,5447374.0
1777421033.984026,5447882,5447882.0
1777421063.2842445,5448296,5448296.0
1777421092.7240553,5448714,5448714.0
1777421130.2436786,5449255,5449255.0
1777421150.3837454,5449532,5449532.0
1777421178.175702,5449932,5449932.0
1777421226.1436167,5450622,5450622.0
1777421272.0713456,5451278,5451278.0
1777421305.7270055,5451763,5451763.0
1777421342.9790714,5452299,5452299.0
1777421379.2309403,5452819,5452819.0
1777421421.8947864,5453433,5453433.0
1777421448.7547834,5453824,5453824.0
1777421477.8224266,5454241,5454241.0
1777421507.4626215,5454660,5454660.0
1777421543.4819047,5455174,5455174.0
1777421575.9818847,5455642,5455642.0
1777421594.5899029,5455908,5455908.0
1777421628.1979623,5456392,5456392.0
1777421652.57371,5456738,5456738.0
1777421675.825785,5457065,5457065.0
1777421713.9817607,5457615,5457615.0
1777421741.4857702,5458002,5458002.0
1777421769.5933714,5458404,5458404.0
1777421792.5015624,5458708,5458708.0
1777421830.8328512,5459265,5459265.0
1777421861.917567,5459707,5459707.0
1777421903.452828,5460307,5460307.0
1777421925.7767324,5460629,5460629.0
1777421953.5207458,5461027,5461027.0
1777421980.7367818,5461414,5461414.0
1777422005.3127518,5461762,5461762.0
1777422038.73652,5462240,5462240.0
1777422078.9727237,5462824,5462824.0
1777422109.8405201,5463267,5463267.0
1777422146.724034,5463790,5463790.0
1777422197.7876654,5464529,5464529.0
1777422222.9237516,5464885,5464885.0
1777422272.1237862,5465598,5465598.0
1777422303.8237307,5466054,5466054.0
1777422347.2753024,5466681,5466681.0
1777422377.9669504,5467116,5467116.0
1777422396.3269854,5467372,5467372.0
1777422435.058857,5467934,5467934.0
1777422462.602829,5468321,5468321.0
1777422505.2947109,5468935,5468935.0
1777422542.0187922,5469462,5469462.0
1777422568.9184806,5469845,5469845.0
1777422601.6619651,5470316,5470316.0
1777422633.629975,5470778,5470778.0
1777422677.994063,5471421,5471421.0
1777422700.837825,5471735,5471735.0
1777422730.9537816,5472168,5472168.0
1777422767.4618094,5472695,5472695.0
1777422804.2897155,5473217,5473217.0
1777422836.9295344,5473685,5473685.0
1777422846.0496259,5473805,5473805.0
1777422884.981652,5474368,5474368.0
1777422931.924859,5475049,5475049.0
1777422964.3810618,5475516,5475516.0
1777423001.00087,5476039,5476039.0
1777423034.6486733,5476523,5476523.0
1777423052.89245,5476776,5476776.0
1777423088.2165923,5477289,5477289.0
1777423118.5846138,5477724,5477724.0
1777423166.5765197,5478418,5478418.0
1777423204.3839393,5478963,5478963.0
1777423246.6199372,5479567,5479567.0
1777423291.4196565,5480216,5480216.0
1777423323.735722,5480678,5480678.0
1777423356.6390262,5481151,5481151.0
1777423380.4786227,5481482,5481482.0
1777423411.0859616,5481922,5481922.0
1777423441.9690962,5482365,5482365.0
1777423460.4288168,5482628,5482628.0
1777423503.9280303,5483254,5483254.0
1777423538.4437292,5483755,5483755.0
1777423571.5710297,5484233,5484233.0
1777423600.6704993,5484650,5484650.0
1777423629.1305509,5485055,5485055.0
1777423662.3938699,5485536,5485536.0
1777423682.8377242,5485823,5485823.0
1777423711.8611662,5486235,5486235.0
1777423761.8727417,5486967,5486967.0
1777423805.372329,5487594,5487594.0
1777423838.5118272,5488066,5488066.0
1777423882.7033532,5488702,5488702.0
1777423894.41522,5488855,5488855.0
1777423924.9068875,5489294,5489294.0
1777423971.4067957,5489968,5489968.0
1777424002.898306,5490420,5490420.0
1777424027.5657701,5490768,5490768.0
1777424072.0975056,5491406,5491406.0
1777424118.8328106,5492088,5492088.0
1777424154.908708,5492602,5492602.0
1777424183.6567428,5493013,5493013.0
1777424210.472023,5493399,5493399.0
1777424245.5757906,5493897,5493897.0
1777424264.855965,5494174,5494174.0
1777424301.9234962,5494705,5494705.0
1777424328.0075095,5495076,5495076.0
1777424353.5351884,5495437,5495437.0
1777424387.0064979,5495919,5495919.0
1777424429.718533,5496536,5496536.0
1777424466.3418348,5497064,5497064.0
1777424494.7940528,5497468,5497468.0
1777424533.5098176,5498029,5498029.0
1777424555.185435,5498334,5498334.0
1777424606.6448333,5499084,5499084.0
1777424654.0288086,5499771,5499771.0
1777424695.6124616,5500370,5500370.0
1777424734.6283371,5500936,5500936.0
1777424764.5040746,5501364,5501364.0
1777424816.627788,5502121,5502121.0
1777424849.6477094,5502593,5502593.0
1777424879.2710385,5503014,5503014.0
1777424895.7950182,5503242,5503242.0
1777424927.0069642,5503686,5503686.0
1777424949.4147966,5504003,5504003.0
1777424974.3307693,5504355,5504355.0
1777425013.7225723,5504925,5504925.0
1777425067.5818286,5505707,5505707.0
1777425093.6579683,5506070,5506070.0
1777425133.5737529,5506650,5506650.0
1777425174.2094646,5507237,5507237.0
1777425200.7414618,5507612,5507612.0
1777425227.4493768,5507993,5507993.0
1777425252.4410002,5508347,5508347.0
1777425289.9927342,5508889,5508889.0
1777425328.5445166,5509439,5509439.0
1777425366.207878,5509981,5509981.0
1777425396.2999148,5510412,5510412.0
1777425421.1681046,5510760,5510760.0
1777425441.7598565,5511057,5511057.0
1777425491.3961923,5511768,5511768.0
1777425519.3040295,5512164,5512164.0
1777425540.6278086,5512466,5512466.0
1777425568.8283093,5512863,5512863.0
1777425607.7480195,5513428,5513428.0
1777425629.4239843,5513732,5513732.0
1777425657.4960177,5514130,5514130.0
1777425683.8799975,5514506,5514506.0
1777425712.955946,5514917,5514917.0
1777425748.3557303,5515422,5515422.0
1777425785.7598581,5515964,5515964.0
1777425815.3318346,5516382,5516382.0
1777425838.7596238,5516711,5516711.0
1777425868.9277437,5517140,5517140.0
1777425901.243475,5517605,5517605.0
1777425921.0116885,5517884,5517884.0
1777425956.3436966,5518392,5518392.0
1777425968.919382,5518560,5518560.0
1777425998.7267673,5518984,5518984.0
1777426040.7629554,5519594,5519594.0
1777426070.3268394,5520013,5520013.0
1777426122.9108193,5520771,5520771.0
1777426159.5145724,5521295,5521295.0
1777426188.9626024,5521712,5521712.0
1777426219.5707636,5522149,5522149.0
1777426253.7540433,5522640,5522640.0
1777426292.1379485,5523189,5523189.0
1777426331.3055494,5523754,5523754.0
1777426354.2497609,5524080,5524080.0
1777426379.1417434,5524435,5524435.0
1777426423.157644,5525069,5525069.0
1777426461.2569091,5525622,5525622.0
1777426507.2568026,5526287,5526287.0
1777426528.9169846,5526592,5526592.0
1777426564.5847125,5527107,5527107.0
1777426602.584673,5527652,5527652.0
1777426648.62052,5528320,5528320.0
1777426680.904281,5528776,5528776.0
1777426715.8517897,5529276,5529276.0
1777426752.9800746,5529814,5529814.0
1777426784.4118636,5530268,5530268.0
1777426810.5717847,5530640,5530640.0
1777426821.663731,5530790,5530790.0
1777426846.5557039,5531137,5531137.0
1777426872.0475843,5531498,5531498.0
1777426900.4634662,5531899,5531899.0
1777426936.1070023,5532415,5532415.0
1777426982.130635,5533077,5533077.0
1777427005.93875,5533420,5533420.0
1777427025.0307267,5533689,5533689.0
1777427059.8667536,5534186,5534186.0
1777427088.0584867,5534582,5534582.0
1777427133.1263556,5535224,5535224.0
1777427167.8580618,5535724,5535724.0
1777427190.3178818,5536039,5536039.0
1777427231.9177365,5536644,5536644.0
1777427268.5175166,5537166,5537166.0
1777427295.5608613,5537551,5537551.0
1777427312.9608538,5537786,5537786.0
1777427344.0529253,5538233,5538233.0
1777427371.4287019,5538621,5538621.0
1777427404.0607214,5539087,5539087.0
1777427434.9205663,5539531,5539531.0
1777427458.1119802,5539865,5539865.0
1777427489.3599694,5540316,5540316.0
1777427525.0797017,5540824,5540824.0
1777427557.5550096,5541294,5541294.0
1777427602.8703847,5541948,5541948.0
1777427640.6858332,5542488,5542488.0
1777427688.1294813,5543178,5543178.0
1777427726.588912,5543727,5543727.0
1777427759.9887142,5544209,5544209.0
1777427785.8967054,5544579,5544579.0
1777427814.864574,5544989,5544989.0
1777427854.7119305,5545558,5545558.0
1777427888.30359,5546040,5546040.0
1777427921.3076725,5546507,5546507.0
1777427957.0710452,5547023,5547023.0
1777427982.998747,5547383,5547383.0
1777428003.3148904,5547670,5547670.0
1777428036.722775,5548151,5548151.0
1777428067.8824909,5548594,5548594.0
1777428098.9146087,5549043,5549043.0
1777428122.7659464,5549375,5549375.0
1777428165.289814,5549993,5549993.0
1777428204.6253765,5550564,5550564.0
1777428240.2773335,5551076,5551076.0
1777428273.6926868,5551548,5551548.0
1777428308.2606175,5552043,5552043.0
1777428349.215869,5552639,5552639.0
1777428373.1281462,5552972,5552972.0
1777428404.1757228,5553415,5553415.0
1777428419.98375,5553641,5553641.0
1777428438.6757054,5553898,5553898.0
1777428476.9112709,5554454,5554454.0
1777428496.951168,5554732,5554732.0
1777428512.7510438,5554948,5554948.0
1777428546.3867457,5555433,5555433.0
1777428575.4785497,5555840,5555840.0
1777428605.510575,5556272,5556272.0
1777428641.4465556,5556791,5556791.0
1777428660.8062718,5557066,5557066.0
1777428706.6897457,5557722,5557722.0
1777428735.2536688,5558126,5558126.0
1777428756.9651968,5558432,5558432.0
1777428782.0377107,5558795,5558795.0
1777428821.7408845,5559365,5559365.0
1777428845.6325989,5559706,5559706.0
1777428863.7407262,5559961,5559961.0
1777428889.9326003,5560334,5560334.0
1777428937.9922051,5561023,5561023.0
1777428967.5161266,5561443,5561443.0
1777429003.4317813,5561956,5561956.0
1777429034.775725,5562404,5562404.0
1777429080.8908162,5563075,5563075.0
1777429113.1070216,5563522,5563522.0
1777429146.7427642,5564006,5564006.0
1777429176.6508265,5564426,5564426.0
1777429201.9426105,5564794,5564794.0
1777429233.90996,5565249,5565249.0
1777429274.3259978,5565831,5565831.0
1777429300.685686,5566202,5566202.0
1777429314.5095718,5566392,5566392.0
1777429360.1935122,5567046,5567046.0
1777429412.6369474,5567813,5567813.0
1777429441.9128833,5568230,5568230.0
1777429480.3610752,5568778,5568778.0
1777429505.3968425,5569133,5569133.0
1777429530.289594,5569490,5569490.0
1777429551.0498426,5569783,5569783.0
1777429575.4418063,5570129,5570129.0
1777429612.9258156,5570670,5570670.0
1777429651.0263853,5571221,5571221.0
1777429677.918703,5571603,5571603.0
1777429713.250764,5572107,5572107.0
1777429742.8108048,5572536,5572536.0
1777429762.470929,5572811,5572811.0
1777429797.3350496,5573310,5573310.0
1777429812.327513,5573512,5573512.0
1777429844.002944,5573965,5573965.0
1777429880.223611,5574489,5574489.0
1777429902.2156687,5574794,5574794.0
1777429923.8716824,5575099,5575099.0
1777429943.8636508,5575379,5575379.0
1777429982.8838046,5575945,5575945.0
1777430019.2997582,5576466,5576466.0
1777430067.351696,5577160,5577160.0
1777430098.4999623,5577606,5577606.0
1777430126.0438697,5577994,5577994.0
1777430155.4439993,5578415,5578415.0
1777430192.7676468,5578955,5578955.0
1777430212.22778,5579223,5579223.0
1777430232.4197595,5579507,5579507.0
1777430255.535788,5579830,5579830.0
1777430303.5557754,5580531,5580531.0
1777430330.1796582,5580911,5580911.0
1777430354.3037405,5581249,5581249.0
1777430384.4877288,5581681,5581681.0
1777430411.1157389,5582054,5582054.0
1777430447.0995662,5582573,5582573.0
1777430468.5912817,5582877,5582877.0
1777430499.3637047,5583313,5583313.0
1777430532.3149943,5583783,5583783.0
1777430561.799389,5584201,5584201.0
1777430600.1228657,5584758,5584758.0
1777430628.8268447,5585164,5585164.0
1777430649.7830951,5585454,5585454.0
1777430695.1668396,5586110,5586110.0
1777430728.7189493,5586586,5586586.0
1777430778.470868,5587306,5587306.0
1777430803.3347006,5587652,5587652.0
1777430832.410173,5588065,5588065.0
1777430861.970488,5588485,5588485.0
1777430891.4378545,5588907,5588907.0
1777430922.8457131,5589358,5589358.0
1777430964.845951,5589965,5589965.0
1777430997.9377618,5590438,5590438.0
1777431029.1817133,5590886,5590886.0
1777431043.5457602,5591079,5591079.0
1777431063.5375102,5591367,5591367.0
1777431095.5576413,5591813,5591813.0
1777431128.1894088,5592282,5592282.0
1777431160.1248684,5592737,5592737.0
1777431193.4811602,5593215,5593215.0
1777431219.208832,5593579,5593579.0
1777431247.284812,5593982,5593982.0
1777431276.4007592,5594395,5594395.0
1777431300.1607637,5594736,5594736.0
1777431321.3326466,5595034,5595034.0
1777431356.5167353,5595540,5595540.0
1777431399.268565,5596148,5596148.0
1777431422.8119957,5596487,5596487.0
1777431448.151947,5596844,5596844.0
1777431478.3200479,5597269,5597269.0
1777431500.9436798,5597588,5597588.0
1777431522.5516355,5597888,5597888.0
1777431555.155501,5598350,5598350.0
1777431593.2876105,5598897,5598897.0
1777431635.33897,5599509,5599509.0
1777431678.722746,5600134,5600134.0
1777431702.3309984,5600466,5600466.0
1777431737.162705,5600965,5600965.0
1777431754.1467304,5601208,5601208.0
1777431794.582471,5601789,5601789.0
1777431829.56587,5602292,5602292.0
1777431861.8340487,5602751,5602751.0
1777431883.6417682,5603052,5603052.0
1777431919.8898177,5603574,5603574.0
1777431943.3337815,5603900,5603900.0
1777431984.2494082,5604494,5604494.0
1777432007.9574997,5604823,5604823.0
1777432035.3011444,5605214,5605214.0
1777432064.500955,5605632,5605632.0
1777432080.1089392,5605850,5605850.0
1777432122.0607018,5606454,5606454.0
1777432169.6767614,5607145,5607145.0
1777432198.9841359,5607562,5607562.0
1777432240.427874,5608158,5608158.0
1777432258.8598287,5608423,5608423.0
1777432291.295961,5608892,5608892.0
1777432340.7637105,5609605,5609605.0
1777432380.0119605,5610167,5610167.0
1777432397.395738,5610402,5610402.0
1777432425.13952,5610794,5610794.0
1777432454.0629013,5611208,5611208.0
1777432491.91517,5611753,5611753.0
1777432529.3468938,5612291,5612291.0
1777432566.9507513,5612835,5612835.0
1777432601.8827238,5613329,5613329.0
1777432626.2065926,5613682,5613682.0
1777432650.2664316,5614021,5614021.0
1777432679.1739757,5614433,5614433.0
1777432707.6943262,5614835,5614835.0
1777432733.4858973,5615199,5615199.0
1777432754.3260913,5615494,5615494.0
1777432787.441688,5615965,5615965.0
1777432821.2697697,5616449,5616449.0
1777432847.653747,5616819,5616819.0
1777432867.4454854,5617103,5617103.0
1777432892.0375023,5617452,5617452.0
1777432921.4129827,5617868,5617868.0
1777432971.504718,5618587,5618587.0
1777432994.9287195,5618918,5618918.0
1777433019.3208058,5619266,5619266.0
1777433059.9563353,5619853,5619853.0
1777433083.6880922,5620182,5620182.0
1777433119.4481769,5620695,5620695.0
1777433134.9404216,5620911,5620911.0
1777433153.51595,5621169,5621169.0
1777433185.1238463,5621624,5621624.0
1777433216.0398173,5622067,5622067.0
1777433248.2835884,5622523,5622523.0
1777433270.1917236,5622834,5622834.0
1777433303.359635,5623315,5623315.0
1777433319.1155145,5623530,5623530.0
1777433336.7436764,5623776,5623776.0
1777433373.4909785,5624303,5624303.0
1777433421.3426585,5624989,5624989.0
1777433449.2827897,5625382,5625382.0
1777433487.3507392,5625934,5625934.0
1777433514.7587073,5626322,5626322.0
1777433544.594413,5626748,5626748.0
1777433574.6342678,5627175,5627175.0
1777433593.1464126,5627433,5627433.0
1777433623.5099542,5627869,5627869.0
1777433660.8297179,5628407,5628407.0
1777433697.7453954,5628933,5628933.0
1777433726.7376764,5629347,5629347.0
1777433745.045438,5629600,5629600.0
1777433764.0054653,5629872,5629872.0
1777433808.8566594,5630514,5630514.0
1777433828.113025,5630791,5630791.0
1777433858.1888146,5631223,5631223.0
1777433877.5805473,5631492,5631492.0
1777433914.8327293,5632030,5632030.0
1777433962.4079318,5632714,5632714.0
1777433994.1838205,5633166,5633166.0
1777434032.1999285,5633717,5633717.0
1777434059.6240084,5634104,5634104.0
1777434095.4757893,5634627,5634627.0
1777434144.7836196,5635335,5635335.0
1777434174.2595105,5635754,5635754.0
1777434197.2348495,5636076,5636076.0
1777434224.4189248,5636463,5636463.0
1777434250.5789778,5636841,5636841.0
1777434277.9868386,5637228,5637228.0
1777434320.75474,5637841,5637841.0
1777434353.4186556,5638307,5638307.0
1777434393.4220016,5638887,5638887.0
1777434430.4380744,5639422,5639422.0
1777434471.3382735,5640011,5640011.0
1777434505.9300187,5640509,5640509.0
1777434528.8975976,5640833,5640833.0
1777434540.0137496,5640982,5640982.0
1777434568.165569,5641382,5641382.0
1777434598.8734534,5641819,5641819.0
1777434627.2128086,5642224,5642224.0
1777434659.5492482,5642685,5642685.0
1777434681.942962,5643000,5643000.0
1777434715.5410035,5643485,5643485.0
1777434747.7650142,5643947,5643947.0
1777434783.3684316,5644463,5644463.0
1777434826.8524098,5645083,5645083.0
1777434861.5163052,5645584,5645584.0
1777434928.8598409,5646569,5646569.0
1777434966.0117784,5647101,5647101.0
1777435004.3955362,5647647,5647647.0
1777435053.1029425,5648355,5648355.0
1777435081.5468638,5648755,5648755.0
1777435117.878923,5649281,5649281.0
1777435147.0708125,5649699,5649699.0
1777435170.6307187,5650025,5650025.0
1777435219.9386516,5650728,5650728.0
1777435249.1625578,5651138,5651138.0
1777435277.6982253,5651545,5651545.0
1777435307.0577557,5651965,5651965.0
1777435339.705971,5652434,5652434.0
1777435385.173661,5653091,5653091.0
1777435402.649957,5653328,5653328.0
1777435422.9103029,5653620,5653620.0
1777435468.0933313,5654271,5654271.0
1777435494.932814,5654654,5654654.0
1777435533.1009822,5655205,5655205.0
1777435565.4527693,5655666,5655666.0
1777435596.7247658,5656114,5656114.0
1777435628.7287724,5656571,5656571.0
1777435664.6925895,5657086,5657086.0
1777435689.1524997,5657435,5657435.0
1777435727.267925,5657976,5657976.0
1777435772.9199116,5658638,5658638.0
1777435815.0877786,5659248,5659248.0
1777435842.2277637,5659632,5659632.0
1777435876.4477556,5660112,5660112.0
1777435896.6715484,5660398,5660398.0
1777435931.1555858,5660895,5660895.0
1777435968.1234536,5661421,5661421.0
1777435999.8990166,5661875,5661875.0
1777436028.1990297,5662275,5662275.0
1777436037.1833453,5662391,5662391.0
1777436070.198862,5662864,5662864.0
1777436106.950809,5663396,5663396.0
1777436139.4585104,5663859,5663859.0
1777436190.6345146,5664599,5664599.0
1777436217.9101546,5664984,5664984.0
1777436237.1182828,5665255,5665255.0
1777436264.0099375,5665641,5665641.0
1777436299.0617995,5666135,5666135.0
1777436327.7618,5666542,5666542.0
1777436361.8779454,5667031,5667031.0
1777436394.1857195,5667494,5667494.0
1777436438.55313,5668137,5668137.0
1777436480.1686468,5668730,5668730.0
1777436512.5889907,5669197,5669197.0
1777436540.7647078,5669596,5669596.0
1777436576.2128596,5670109,5670109.0
1777436601.7887824,5670466,5670466.0
1777436642.3400922,5671051,5671051.0
1777436694.1318064,5671795,5671795.0
1777436710.6482952,5672028,5672028.0
1777436730.7558978,5672309,5672309.0
1777436753.239831,5672620,5672620.0
1777436773.6478076,5672909,5672909.0
1777436811.1076326,5673441,5673441.0
1777436840.5757318,5673861,5673861.0
1777436878.3433447,5674406,5674406.0
1777436912.6834092,5674895,5674895.0
1777436944.6829967,5675350,5675350.0
1777436977.3668542,5675822,5675822.0
1777437010.6947334,5676303,5676303.0
1777437043.7787542,5676782,5676782.0
1777437079.0944848,5677284,5677284.0
1777437103.7703667,5677638,5677638.0
1777437137.4381816,5678109,5678109.0
1777437170.169753,5678576,5678576.0
1777437205.5137951,5679088,5679088.0
1777437242.9297526,5679624,5679624.0
1777437261.87358,5679884,5679884.0
1777437276.0214021,5680083,5680083.0
1777437309.6895895,5680571,5680571.0
1777437347.8734088,5681121,5681121.0
1777437366.3970025,5681385,5681385.0
1777437397.9249685,5681830,5681830.0
1777437455.848658,5682672,5682672.0
1777437506.1242888,5683398,5683398.0
1777437543.4403648,5683937,5683937.0
1777437581.6520205,5684488,5684488.0
1777437616.5683217,5684990,5684990.0
1777437658.8356812,5685594,5685594.0
1777437691.6518104,5686067,5686067.0
1777437709.1958005,5686311,5686311.0
1777437746.0958662,5686842,5686842.0
1777437789.7796896,5687472,5687472.0
1777437815.9712076,5687837,5687837.0
1777437848.354931,5688298,5688298.0
1777437885.1110337,5688829,5688829.0
1777437931.5069778,5689492,5689492.0
1777437972.1714191,5690077,5690077.0
1777438011.722845,5690639,5690639.0
1777438036.3309767,5690991,5690991.0
1777438071.7826855,5691497,5691497.0
1777438107.1585112,5692006,5692006.0
1777438132.4586446,5692358,5692358.0
1777438177.3586593,5693008,5693008.0
1777438198.1660202,5693303,5693303.0
1777438228.9018266,5693742,5693742.0
1777438258.1779323,5694155,5694155.0
1777438282.985819,5694505,5694505.0
1777438319.4857574,5695029,5695029.0
1777438339.1617057,5695307,5695307.0
1777438364.0536332,5695668,5695668.0
1777438391.6935616,5696057,5696057.0
1777438407.9376187,5696278,5696278.0
1777438446.7209895,5696838,5696838.0
1777438476.6529038,5697263,5697263.0
1777438505.0129254,5697667,5697667.0
1777438545.7808986,5698253,5698253.0
1777438583.680741,5698787,5698787.0
1777438614.8324833,5699230,5699230.0
1777438668.8958988,5700012,5700012.0
1777438704.3646078,5700525,5700525.0
1777438726.3399076,5700841,5700841.0
1777438764.9920306,5701392,5701392.0
1777438823.1677115,5702238,5702238.0
1777438850.8437023,5702627,5702627.0
1777438888.6275594,5703172,5703172.0
1777438908.4508736,5703450,5703450.0
1777438935.8108387,5703838,5703838.0
1777438976.7190225,5704422,5704422.0
1777439011.0587223,5704912,5704912.0
1777439038.3186994,5705299,5705299.0
1777439077.0186572,5705859,5705859.0
1777439113.0025756,5706376,5706376.0
1777439151.6544917,5706927,5706927.0
1777439187.306038,5707433,5707433.0
1777439232.505943,5708092,5708092.0
1777439255.0458214,5708410,5708410.0
1777439283.7459126,5708819,5708819.0
1777439302.8457928,5709086,5709086.0
1777439346.95759,5709721,5709721.0
1777439386.2413726,5710289,5710289.0
1777439426.5888708,5710865,5710865.0
1777439445.9810164,5711142,5711142.0
1777439482.5010102,5711663,5711663.0
1777439520.4930375,5712211,5712211.0
1777439565.1687438,5712861,5712861.0
1777439602.992066,5713402,5713402.0
1777439639.1918662,5713918,5713918.0
1777439669.2760642,5714349,5714349.0
1777439695.8359761,5714722,5714722.0
1777439734.9196532,5715289,5715289.0
1777439774.0195532,5715849,5715849.0
1777439809.9189954,5716363,5716363.0
1777439840.1272342,5716790,5716790.0
1777439874.3307047,5717277,5717277.0
1777439918.4306042,5717915,5717915.0
1777439947.7066865,5718329,5718329.0
1777439993.0296042,5718984,5718984.0
1777440012.3377066,5719260,5719260.0
1777440038.9975533,5719635,5719635.0
1777440063.305404,5719980,5719980.0
1777440077.6128676,5720182,5720182.0
1777440106.6729848,5720596,5720596.0
1777440139.9888504,5721075,5721075.0
1777440171.5165408,5721526,5721526.0
1777440193.124614,5721831,5721831.0
1777440233.4918604,5722409,5722409.0
1777440256.1763685,5722728,5722728.0
1777440309.0995495,5723488,5723488.0
1777440353.1235812,5724127,5724127.0
1777440372.6157568,5724400,5724400.0
1777440403.6350744,5724848,5724848.0
1777440427.6267617,5725181,5725181.0
1777440452.4187806,5725534,5725534.0
1777440477.551034,5725890,5725890.0
1777440525.6186814,5726590,5726590.0
1777440566.8184843,5727176,5727176.0
1777440593.7782085,5727565,5727565.0
1777440621.0620368,5727948,5727948.0
1777440656.0017524,5728448,5728448.0
1777440698.3696876,5729058,5729058.0
1777440719.7373884,5729361,5729361.0
1777440756.5614896,5729891,5729891.0
1777440777.705431,5730190,5730190.0
1777440797.8646667,5730470,5730470.0
1777440842.620776,5731115,5731115.0
1777440866.1487973,5731456,5731456.0
1777440903.296469,5731977,5731977.0
1777440941.979929,5732537,5732537.0
1777440971.85584,5732962,5732962.0
1777440991.3159413,5733236,5733236.0
1777441025.8677354,5733728,5733728.0
1777441058.9238,5734200,5734200.0
1777441093.7756495,5734701,5734701.0
1777441131.5073774,5735249,5735249.0
1777441178.043041,5735921,5735921.0
1777441218.0266607,5736490,5736490.0
1777441242.4186993,5736833,5736833.0
1777441259.8427274,5737082,5737082.0
1777441289.0106392,5737493,5737493.0
1777441322.7178352,5737970,5737970.0
1777441359.4539363,5738497,5738497.0
1777441387.5457797,5738900,5738900.0
1777441422.7776835,5739407,5739407.0
1777441445.4378207,5739728,5739728.0
1777441485.8377838,5740313,5740313.0
1777441529.413424,5740945,5740945.0
1777441561.4896307,5741407,5741407.0
1777441582.9810014,5741706,5741706.0
1777441611.2809384,5742108,5742108.0
1777441651.5488174,5742692,5742692.0
1777441686.4644554,5743188,5743188.0
1777441718.8724298,5743655,5743655.0
1777441749.7479732,5744092,5744092.0
1777441780.6841042,5744538,5744538.0
1777441817.183673,5745065,5745065.0
1777441855.9000504,5745623,5745623.0
1777441886.475753,5746055,5746055.0
1777441909.4678817,5746379,5746379.0
1777441943.8836977,5746871,5746871.0
1777441970.3114266,5747248,5747248.0
1777442006.4956594,5747764,5747764.0
1777442042.742952,5748287,5748287.0
1777442088.5953038,5748943,5748943.0
1777442131.3949156,5749563,5749563.0
1777442154.3551419,5749888,5749888.0
1777442184.5707536,5750320,5750320.0
1777442227.470536,5750934,5750934.0
1777442268.6228049,5751525,5751525.0
1777442317.658591,5752234,5752234.0
1777442354.8225007,5752773,5752773.0
1777442375.1819756,5753062,5753062.0
1777442394.0900507,5753322,5753322.0
1777442422.6583695,5753726,5753726.0
1777442437.5578015,5753928,5753928.0
1777442486.8856816,5754648,5754648.0
1777442528.901706,5755251,5755251.0
1777442577.569489,5755962,5755962.0
1777442629.1092737,5756707,5756707.0
1777442665.3287988,5757227,5757227.0
1777442699.8206782,5757725,5757725.0
1777442733.7686677,5758206,5758206.0
1777442771.7723668,5758748,5758748.0
1777442797.011932,5759108,5759108.0
1777442826.3282857,5759520,5759520.0
1777442857.1878967,5759964,5759964.0
1777442877.4802558,5760245,5760245.0
1777442909.1317942,5760701,5760701.0
1777442935.1557634,5761067,5761067.0
1777442973.2714121,5761614,5761614.0
1777442996.2475438,5761940,5761940.0
1777443028.599071,5762406,5762406.0
1777443052.8228467,5762747,5762747.0
1777443078.9508362,5763114,5763114.0
1777443123.0349905,5763751,5763751.0
1777443140.206787,5763987,5763987.0
1777443174.3906713,5764479,5764479.0
1777443214.826807,5765067,5765067.0
1777443253.9942794,5765621,5765621.0
1777443292.7940035,5766179,5766179.0
1777443321.3179266,5766583,5766583.0
1777443353.117786,5767042,5767042.0
1777443380.2459862,5767426,5767426.0
1777443411.8135936,5767881,5767881.0
1777443443.4698641,5768326,5768326.0
1777443489.6389265,5769000,5769000.0
1777443526.0891354,5769521,5769521.0
1777443565.3889642,5770087,5770087.0
1777443616.5647967,5770823,5770823.0
1777443639.3726723,5771148,5771148.0
1777443667.080192,5771544,5771544.0
1777443686.1727302,5771808,5771808.0
1777443714.100484,5772200,5772200.0
1777443743.6163461,5772621,5772621.0
1777443768.4079506,5772967,5772967.0
1777443802.3756835,5773457,5773457.0
1777443834.6996562,5773917,5773917.0
1777443862.3510547,5774308,5774308.0
1777443885.3754165,5774631,5774631.0
1777443917.351003,5775080,5775080.0
1777443949.9826477,5775553,5775553.0
1777443987.486911,5776091,5776091.0
1777444017.9267511,5776529,5776529.0
1777444057.062074,5777091,5777091.0
1777444092.90988,5777599,5777599.0
1777444136.278034,5778229,5778229.0
1777444166.9299707,5778667,5778667.0
1777444201.0977433,5779154,5779154.0
1777444239.3377354,5779701,5779701.0
1777444250.2137213,5779841,5779841.0
1777444283.6649413,5780323,5780323.0
1777444307.6208282,5780659,5780659.0
1777444346.8407857,5781230,5781230.0
1777444371.6487188,5781578,5781578.0
1777444407.7325065,5782101,5782101.0
1777444431.2885566,5782433,5782433.0
1777444464.0078607,5782900,5782900.0
1777444505.0558531,5783494,5783494.0
1777444531.0479057,5783857,5783857.0
1777444557.0599787,5784226,5784226.0
1777444581.9597416,5784581,5784581.0
1777444615.3517265,5785059,5785059.0
1777444636.8915713,5785359,5785359.0
1777444665.2994497,5785762,5785762.0
1777444687.3831596,5786078,5786078.0
1777444729.8870363,5786690,5786690.0
1777444762.1108627,5787147,5787147.0
1777444793.5626295,5787591,5787591.0
1777444828.0344534,5788084,5788084.0
1777444866.6862698,5788642,5788642.0
1777444904.185883,5789181,5789181.0
1777444942.6220272,5789734,5789734.0
1777444979.3218153,5790263,5790263.0
1777445006.1617377,5790640,5790640.0
1777445035.9295,5791057,5791057.0
1777445074.7808611,5791620,5791620.0
1777445132.7734518,5792461,5792461.0
1777445166.0326307,5792933,5792933.0
1777445210.8647223,5793572,5793572.0
1777445233.632416,5793903,5793903.0
1777445269.4405046,5794414,5794414.0
1777445315.0004568,5795076,5795076.0
1777445362.8357995,5795760,5795760.0
1777445411.8195562,5796473,5796473.0
1777445428.7756925,5796705,5796705.0
1777445453.7195637,5797061,5797061.0
1777445476.7189362,5797381,5797381.0
1777445514.578814,5797928,5797928.0
1777445549.1629481,5798424,5798424.0
1777445570.4787035,5798720,5798720.0
1777445599.8866992,5799139,5799139.0
1777445617.6105413,5799389,5799389.0
1777445648.002626,5799829,5799829.0
1777445674.9944222,5800211,5800211.0
1777445682.022584,5800303,5800303.0
1777445720.0700688,5800847,5800847.0
1777445755.605942,5801356,5801356.0
1777445791.4817657,5801872,5801872.0
1777445818.9297512,5802260,5802260.0
1777445853.8575733,5802760,5802760.0
1777445893.5897412,5803334,5803334.0
1777445924.6578016,5803776,5803776.0
1777445946.5017874,5804079,5804079.0
1777445977.8419247,5804524,5804524.0
1777446021.4777477,5805155,5805155.0
1777446048.6940415,5805545,5805545.0
1777446082.0699396,5806023,5806023.0
1777446139.245965,5806852,5806852.0
1777446168.7939463,5807274,5807274.0
1777446214.7139628,5807935,5807935.0
1777446233.7897463,5808203,5808203.0
1777446262.8619676,5808612,5808612.0
1777446297.2979531,5809108,5809108.0
1777446315.9580855,5809373,5809373.0
1777446340.713977,5809719,5809719.0
1777446376.9497204,5810244,5810244.0
1777446402.8577487,5810610,5810610.0
1777446421.833698,5810872,5810872.0
1777446457.849536,5811393,5811393.0
1777446481.35774,5811726,5811726.0
1777446527.8096337,5812403,5812403.0
1777446550.5097787,5812724,5812724.0
1777446577.169649,5813105,5813105.0
1777446629.0695305,5813856,5813856.0
1777446665.7848642,5814385,5814385.0
1777446696.421587,5814824,5814824.0
1777446728.7608454,5815285,5815285.0
1777446749.6688285,5815579,5815579.0
1777446783.5729618,5816067,5816067.0
1777446814.888873,5816514,5816514.0
1777446846.6967726,5816968,5816968.0
1777446880.3966224,5817453,5817453.0
1777446913.2803934,5817923,5817923.0
1777446929.3967366,5818143,5818143.0
1777446957.9807925,5818548,5818548.0
1777446999.7004237,5819150,5819150.0
1777447017.5403585,5819397,5819397.0
1777447063.4402256,5820063,5820063.0
1777447094.915855,5820510,5820510.0
1777447116.6362486,5820810,5820810.0
1777447141.5438817,5821165,5821165.0
1777447180.2276616,5821720,5821720.0
1777447221.6435704,5822311,5822311.0
1777447250.5113485,5822720,5822720.0
1777447276.2435033,5823087,5823087.0
1777447307.3958423,5823533,5823533.0
1777447338.8948421,5823982,5823982.0
1777447361.6190186,5824296,5824296.0
1777447393.5789423,5824752,5824752.0
1777447431.8469899,5825301,5825301.0
1777447479.2626736,5825992,5825992.0
1777447508.3825786,5826411,5826411.0
1777447542.466719,5826901,5826901.0
1777447588.9504893,5827568,5827568.0
1777447624.34991,5828080,5828080.0
1777447674.6577864,5828806,5828806.0
1777447699.189954,5829161,5829161.0
1777447740.7577183,5829753,5829753.0
1777447779.2777264,5830302,5830302.0
1777447806.8256161,5830694,5830694.0
1777447837.3535547,5831130,5831130.0
1777447875.2692952,5831679,5831679.0
1777447888.7289402,5831858,5831858.0
1777447921.2128692,5832319,5832319.0
1777447946.8852777,5832685,5832685.0
1777447967.5766716,5832982,5832982.0
1777448012.4809499,5833629,5833629.0
1777448048.9448233,5834155,5834155.0
1777448076.9048033,5834548,5834548.0
1777448084.1046448,5834640,5834640.0
1777448119.288369,5835147,5835147.0
1777448175.9158487,5835967,5835967.0
1777448208.0998044,5836429,5836429.0
1777448249.6320105,5837020,5837020.0
1777448286.675742,5837559,5837559.0
1777448319.0915515,5838022,5838022.0
1777448347.651689,5838432,5838432.0
1777448368.7437186,5838721,5838721.0
1777448392.9433162,5839065,5839065.0
1777448407.2274163,5839262,5839262.0
1777448447.8273892,5839851,5839851.0
1777448491.8186476,5840480,5840480.0
1777448530.9111705,5841046,5841046.0
1777448562.1785827,5841492,5841492.0
1777448592.7465425,5841929,5841929.0
1777448618.5185843,5842296,5842296.0
1777448645.0625565,5842670,5842670.0
1777448681.3624487,5843193,5843193.0
1777448709.437941,5843589,5843589.0
1777448728.613997,5843856,5843856.0
1777448772.6978478,5844499,5844499.0
1777448793.7978306,5844794,5844794.0
1777448823.3577178,5845212,5845212.0
1777448860.8896067,5845750,5845750.0
1777448895.733868,5846256,5846256.0
1777448946.1568632,5846985,5846985.0
1777448992.7253482,5847658,5847658.0
1777449028.0767968,5848162,5848162.0
1777449073.560735,5848821,5848821.0
1777449107.3246794,5849308,5849308.0
1777449153.1605587,5849969,5849969.0
1777449189.343858,5850489,5850489.0
1777449237.3958905,5851177,5851177.0
1777449273.7284458,5851703,5851703.0
1777449303.2959657,5852119,5852119.0
1777449339.2715852,5852639,5852639.0
1777449373.1557581,5853121,5853121.0
1777449423.9795625,5853854,5853854.0
1777449460.0714295,5854375,5854375.0
1777449499.3710024,5854938,5854938.0
1777449539.774792,5855520,5855520.0
1777449564.80702,5855872,5855872.0
1777449594.6307657,5856302,5856302.0
1777449640.1347153,5856966,5856966.0
1777449670.5185783,5857403,5857403.0
1777449705.7659392,5857909,5857909.0
1777449748.8019683,5858527,5858527.0
1777449795.2860124,5859205,5859205.0
1777449838.6018274,5859822,5859822.0
1777449863.8256571,5860184,5860184.0
1777449896.061575,5860643,5860643.0
1777449935.61361,5861213,5861213.0
1777449974.3610334,5861766,5861766.0
1777450018.4124281,5862401,5862401.0
1777450059.5959125,5862997,5862997.0
1777450120.0707965,5863877,5863877.0
1777450160.5227764,5864461,5864461.0
1777450196.0704331,5864963,5864963.0
1777450219.9778585,5865305,5865305.0
1777450244.569726,5865647,5865647.0
1777450280.0213406,5866160,5866160.0
1777450299.564838,5866427,5866427.0
1777450339.8807864,5867012,5867012.0
1777450383.2645462,5867633,5867633.0
1777450438.439903,5868433,5868433.0
1777450495.463495,5869261,5869261.0
1777450523.9750392,5869674,5869674.0
1777450563.5591154,5870236,5870236.0
1777450600.9067264,5870777,5870777.0
1777450637.9419012,5871307,5871307.0
1777450677.0102072,5871865,5871865.0
1777450693.673814,5872100,5872100.0
1777450725.1577346,5872552,5872552.0
1777450752.4655972,5872942,5872942.0
1777450787.1693292,5873439,5873439.0
1777450834.0851436,5874118,5874118.0
1777450854.16054,5874402,5874402.0
1777450873.6847432,5874676,5874676.0
1777450899.8844576,5875042,5875042.0
1777450931.2919858,5875490,5875490.0
1777450961.6761634,5875922,5875922.0
1777450994.8878655,5876395,5876395.0
1777451029.0353863,5876879,5876879.0
1777451066.9190037,5877415,5877415.0
1777451096.0268033,5877827,5877827.0
1777451119.8186517,5878171,5878171.0
1777451161.5226023,5878761,5878761.0
1777451186.8227365,5879122,5879122.0
1777451229.270015,5879732,5879732.0
1777451242.2224615,5879914,5879914.0
1777451254.6140175,5880082,5880082.0
1777451289.4816928,5880584,5880584.0
1777451355.557395,5881539,5881539.0
1777451404.9488661,5882255,5882255.0
1777451438.0089526,5882725,5882725.0
1777451470.7407634,5883195,5883195.0
1777451498.1847768,5883583,5883583.0
1777451526.5087204,5883991,5883991.0
1777451568.1844492,5884595,5884595.0
1777451613.7681925,5885247,5885247.0
1777451656.7837205,5885873,5885873.0
1777451682.6276603,5886238,5886238.0
1777451714.4278257,5886693,5886693.0
1777451745.719253,5887137,5887137.0
1777451763.4589682,5887381,5887381.0
1777451794.4269764,5887827,5887827.0
1777451827.7866561,5888303,5888303.0
1777451884.9787955,5889130,5889130.0
1777451929.7939386,5889777,5889777.0
1777451957.3781798,5890170,5890170.0
1777451991.8219306,5890666,5890666.0
1777452036.9977963,5891311,5891311.0
1777452066.805636,5891734,5891734.0
1777452094.5217757,5892125,5892125.0
1777452136.5737343,5892732,5892732.0
1777452180.025751,5893358,5893358.0
1777452237.484913,5894188,5894188.0
1777452268.2929904,5894626,5894626.0
1777452290.9846632,5894951,5894951.0
1777452318.1328163,5895336,5895336.0
1777452352.4607346,5895829,5895829.0
1777452395.3767095,5896428,5896428.0
1777452425.2921731,5896857,5896857.0
1777452471.0119739,5897515,5897515.0
1777452486.2881265,5897717,5897717.0
1777452525.8359408,5898288,5898288.0
1777452547.295826,5898588,5898588.0
1777452575.355684,5898987,5898987.0
1777452617.671778,5899600,5899600.0
1777452641.803425,5899940,5899940.0
1777452669.1470885,5900330,5900330.0
1777452707.798843,5900892,5900892.0
1777452745.8829737,5901438,5901438.0
1777452782.39873,5901959,5901959.0
1777452806.5386972,5902303,5902303.0
1777452833.8306773,5902692,5902692.0
1777452879.834348,5903355,5903355.0
1777452917.0981684,5903894,5903894.0
1777452959.4940162,5904501,5904501.0
1777452982.2576916,5904831,5904831.0
1777453004.465906,5905141,5905141.0
1777453027.849393,5905476,5905476.0
1777453084.2535539,5906298,5906298.0
1777453103.6769023,5906574,5906574.0
1777453130.9291048,5906957,5906957.0
1777453166.336928,5907470,5907470.0
1777453191.7688155,5907830,5907830.0
1777453224.7126937,5908300,5908300.0
1777453257.744496,5908771,5908771.0
1777453291.728782,5909248,5909248.0
1777453310.9882967,5909524,5909524.0
1777453339.4279692,5909927,5909927.0
1777453377.4318016,5910476,5910476.0
1777453404.155787,5910861,5910861.0
1777453428.231476,5911200,5911200.0
1777453471.2396874,5911819,5911819.0
1777453521.5389094,5912555,5912555.0
1777453543.8472745,5912866,5912866.0
1777453589.58282,5913523,5913523.0
1777453612.5667815,5913853,5913853.0
1777453643.9067364,5914305,5914305.0
1777453672.0347762,5914706,5914706.0
1777453713.8745856,5915305,5915305.0
1777453759.1098838,5915963,5915963.0
1777453790.049934,5916400,5916400.0
1777453839.3097188,5917110,5917110.0
1777453866.6015437,5917491,5917491.0
1777453899.4537418,5917966,5917966.0
1777453925.5936356,5918331,5918331.0
1777453968.5289612,5918956,5918956.0
1777454000.3968244,5919412,5919412.0
1777454052.164697,5920154,5920154.0
1777454066.104704,5920351,5920351.0
1777454096.1126308,5920775,5920775.0
1777454131.7403557,5921290,5921290.0
1777454164.1164947,5921757,5921757.0
1777454197.872017,5922234,5922234.0
1777454224.6920135,5922617,5922617.0
1777454276.4919655,5923365,5923365.0
1777454304.8077343,5923769,5923769.0
1777454325.9158342,5924065,5924065.0
1777454365.615749,5924637,5924637.0
1777454401.1680117,5925146,5925146.0
1777454443.73559,5925763,5925763.0
1777454484.135456,5926350,5926350.0
1777454515.7949607,5926805,5926805.0
1777454547.9950018,5927263,5927263.0
1777454578.8190513,5927699,5927699.0
1777454608.6387794,5928122,5928122.0
1777454644.471072,5928626,5928626.0
1777454688.9226182,5929273,5929273.0
1777454719.6467686,5929709,5929709.0
1777454752.946156,5930184,5930184.0
1777454787.966011,5930686,5930686.0
1777454818.6739566,5931125,5931125.0
1777454849.9059546,5931573,5931573.0
1777454879.5138257,5931992,5931992.0
1777454927.7895975,5932685,5932685.0
1777454954.849042,5933073,5933073.0
1777454982.192942,5933459,5933459.0
1777455024.3407803,5934071,5934071.0
1777455057.8619487,5934547,5934547.0
1777455081.8530955,5934884,5934884.0
1777455116.2687755,5935376,5935376.0
1777455158.7004738,5935979,5935979.0
1777455188.6844075,5936408,5936408.0
1777455221.4966903,5936874,5936874.0
1777455240.436049,5937144,5937144.0
1777455281.2519455,5937726,5937726.0
1777455304.0437868,5938042,5938042.0
1777455343.9479353,5938621,5938621.0
1777455385.6957407,5939220,5939220.0
1777455422.131128,5939742,5939742.0
1777455451.5708709,5940161,5940161.0
1777455478.1547236,5940538,5940538.0
1777455510.9468188,5941013,5941013.0
1777455529.822807,5941269,5941269.0
1777455571.8387883,5941876,5941876.0
1777455605.2346878,5942345,5942345.0
1777455635.6582334,5942773,5942773.0
1777455684.0099835,5943478,5943478.0
1777455731.8658645,5944162,5944162.0
1777455762.5097485,5944596,5944596.0
1777455786.01769,5944930,5944930.0
1777455813.3778741,5945322,5945322.0
1777455862.769579,5946035,5946035.0
1777455894.5770564,5946486,5946486.0
1777455927.2449381,5946951,5946951.0
1777455957.252639,5947382,5947382.0
1777455990.220763,5947853,5947853.0
1777456017.844584,5948248,5948248.0
1777456057.7285721,5948821,5948821.0
1777456092.6482148,5949321,5949321.0
1777456114.9723349,5949636,5949636.0
1777456150.5241654,5950147,5950147.0
1777456179.295857,5950561,5950561.0
1777456209.2480135,5950993,5950993.0
1777456228.8079607,5951274,5951274.0
1777456270.455663,5951873,5951873.0
1777456292.5159907,5952186,5952186.0
1777456315.0597556,5952504,5952504.0
1777456358.8157012,5953131,5953131.0
1777456391.6755214,5953600,5953600.0
1777456419.7772522,5954000,5954000.0
1777456465.39487,5954667,5954667.0
1777456489.534857,5955008,5955008.0
1777456517.7949104,5955414,5955414.0
1777456549.626936,5955867,5955867.0
1777456596.894975,5956550,5956550.0
1777456639.010726,5957161,5957161.0
1777456680.062451,5957756,5957756.0
1777456704.2864711,5958102,5958102.0
1777456741.270242,5958635,5958635.0
1777456762.7463665,5958937,5958937.0
1777456800.4660742,5959481,5959481.0
1777456833.8655288,5959958,5959958.0
1777456857.7897491,5960296,5960296.0
1777456879.7334664,5960603,5960603.0
1777456907.825753,5961001,5961001.0
1777456935.5095153,5961397,5961397.0
1777456972.9096453,5961937,5961937.0
1777457000.785361,5962334,5962334.0
1777457042.4491804,5962935,5962935.0
1777457083.7847562,5963525,5963525.0
1777457111.4767485,5963923,5963923.0
1777457153.484704,5964531,5964531.0
1777457183.276437,5964959,5964959.0
1777457207.619931,5965298,5965298.0
1777457248.6360967,5965889,5965889.0
1777457277.6719956,5966299,5966299.0
1777457323.4197783,5966958,5966958.0
1777457351.8637996,5967360,5967360.0
1777457389.0796733,5967894,5967894.0
1777457416.679743,5968285,5968285.0
1777457441.8555293,5968643,5968643.0
1777457475.6632962,5969129,5969129.0
1777457509.6827288,5969614,5969614.0
1777457538.2150016,5970015,5970015.0
1777457579.3985581,5970611,5970611.0
1777457603.222795,5970948,5970948.0
1777457639.5906472,5971475,5971475.0
1777457679.8104985,5972041,5972041.0
1777457703.9822247,5972391,5972391.0
1777457736.3104482,5972851,5972851.0
1777457766.778006,5973286,5973286.0
1777457810.0935833,5973912,5973912.0
1777457841.5776985,5974365,5974365.0
1777457875.3016393,5974849,5974849.0
1777457909.269398,5975341,5975341.0
1777457932.6769073,5975671,5975671.0
1777457957.00497,5976016,5976016.0
1777457979.8046803,5976334,5976334.0
1777458012.960832,5976811,5976811.0
1777458043.7886417,5977246,5977246.0
1777458077.5046337,5977725,5977725.0
1777458117.120397,5978299,5978299.0
1777458170.6964047,5979075,5979075.0
1777458221.5400105,5979801,5979801.0
1777458248.5998173,5980183,5980183.0
1777458279.1001866,5980617,5980617.0
1777458309.2919369,5981049,5981049.0
1777458342.6679397,5981530,5981530.0
1777458374.6357694,5981988,5981988.0
1777458416.5517616,5982593,5982593.0
1777458464.3198073,5983278,5983278.0
1777458493.0036645,5983689,5983689.0
1777458530.6876135,5984225,5984225.0
1777458562.7632046,5984685,5984685.0
1777458610.7388108,5985378,5985378.0
1777458642.5628977,5985831,5985831.0
1777458676.0470252,5986311,5986311.0
1777458707.3386726,5986759,5986759.0
1777458744.1709664,5987292,5987292.0
1777458773.522716,5987709,5987709.0
1777458795.1307726,5988009,5988009.0
1777458826.3906417,5988458,5988458.0
1777458863.1745183,5988985,5988985.0
1777458898.0582151,5989488,5989488.0
1777458929.866337,5989938,5989938.0
1777458966.8660278,5990471,5990471.0
1777458997.666322,5990913,5990913.0
1777459033.141686,5991418,5991418.0
1777459072.9097207,5991987,5991987.0
1777459093.0015619,5992265,5992265.0
1777459107.209544,5992462,5992462.0
1777459133.969513,5992842,5992842.0
1777459177.152948,5993469,5993469.0
1777459195.8449235,5993726,5993726.0
1777459222.8447876,5994106,5994106.0
1777459266.4127,5994735,5994735.0
1777459292.7047632,5995108,5995108.0
1777459321.3367438,5995512,5995512.0
1777459334.6967607,5995691,5995691.0
1777459380.5485275,5996356,5996356.0
1777459426.7959702,5997020,5997020.0
1777459461.4004028,5997519,5997519.0
1777459499.2078571,5998062,5998062.0
1777459532.5560763,5998537,5998537.0
1777459553.3318162,5998825,5998825.0
1777459574.8757,5999126,5999126.0
1777459629.4513195,5999924,5999924.0
1777459662.0594037,6000325,6000325.0
1777459702.3268752,6000907,6000907.0
1777459734.195377,6001359,6001359.0
1777459774.5948048,6001942,6001942.0
1777459795.7350252,6002240,6002240.0
1777459835.454751,6002812,6002812.0
1777459868.5867343,6003286,6003286.0
1777459891.6467443,6003608,6003608.0
1777459935.2143288,6004224,6004224.0
1777459984.529856,6004939,6004939.0
1777460024.4060354,6005505,6005505.0
1777460049.8458238,6005867,6005867.0
1777460080.6898503,6006307,6006307.0
1777460110.4056425,6006732,6006732.0
1777460151.4255304,6007322,6007322.0
1777460187.63343,6007837,6007837.0
1777460223.0489688,6008343,6008343.0
1777460239.8726766,6008568,6008568.0
1777460272.8087623,6009040,6009040.0
1777460314.4240997,6009643,6009643.0
1777460358.24374,6010267,6010267.0
1777460411.1915798,6011036,6011036.0
1777460454.08322,6011647,6011647.0
1777460488.6949337,6012141,6012141.0
1777460518.2427227,6012565,6012565.0
1777460547.402509,6012985,6012985.0
1777460584.218088,6013513,6013513.0
1777460603.7256978,6013787,6013787.0
1777460648.5777798,6014433,6014433.0
1777460705.9053056,6015265,6015265.0
1777460733.0450354,6015652,6015652.0
1777460761.828726,6016062,6016062.0
1777460808.812732,6016735,6016735.0
1777460842.5485163,6017215,6017215.0
1777460876.0718656,6017699,6017699.0
1777460908.7880378,6018165,6018165.0
1777460941.3237932,6018629,6018629.0
1777460969.299641,6019019,6019019.0
1777461007.8834732,6019573,6019573.0
1777461041.8469517,6020058,6020058.0
1777461076.6668513,6020554,6020554.0
1777461106.774667,6020986,6020986.0
1777461141.3427505,6021481,6021481.0
1777461170.2986484,6021891,6021891.0
1777461198.0344312,6022285,6022285.0
1777461253.4499154,6023091,6023091.0
1777461299.4496932,6023752,6023752.0
1777461332.53372,6024227,6024227.0
1777461364.6375992,6024688,6024688.0
1777461398.5289843,6025178,6025178.0
1777461433.9131196,6025683,6025683.0
1777461484.1124916,6026407,6026407.0
1777461513.3287482,6026824,6026824.0
1777461554.5448499,6027416,6027416.0
1777461575.8201606,6027722,6027722.0
1777461628.595927,6028479,6028479.0
1777461659.8397872,6028925,6028925.0
1777461686.787498,6029305,6029305.0
1777461709.7798111,6029626,6029626.0
1777461756.9835262,6030313,6030313.0
1777461783.5067837,6030690,6030690.0
1777461817.490953,6031177,6031177.0
1777461857.0227888,6031747,6031747.0
1777461881.3348389,6032096,6032096.0
1777461921.4187303,6032672,6032672.0
1777461968.5660095,6033357,6033357.0
1777462010.1658642,6033950,6033950.0
1777462047.069734,6034477,6034477.0
1777462077.3176394,6034905,6034905.0
1777462111.1457727,6035392,6035392.0
1777462141.6096263,6035832,6035832.0
1777462181.1769927,6036403,6036403.0
1777462210.2209034,6036815,6036815.0
1777462250.4807765,6037396,6037396.0
1777462274.4207792,6037743,6037743.0
1777462309.4450173,6038231,6038231.0
1777462339.128748,6038653,6038653.0
1777462368.3562486,6039064,6039064.0
1777462397.687889,6039479,6039479.0
1777462430.7083678,6039953,6039953.0
1777462444.608061,6040149,6040149.0
1777462472.391679,6040543,6040543.0
1777462505.6481905,6041018,6041018.0
1777462557.32372,6041765,6041765.0
1777462597.5759318,6042347,6042347.0
1777462644.9595659,6043024,6043024.0
1777462673.0828657,6043416,6043416.0
1777462700.2510064,6043803,6043803.0
1777462716.73471,6044037,6044037.0
1777462748.9027874,6044494,6044494.0
1777462785.1187623,6045015,6045015.0
1777462805.6627963,6045300,6045300.0
1777462836.4866688,6045742,6045742.0
1777462872.1024232,6046254,6046254.0
1777462907.5539322,6046760,6046760.0
1777462947.8059642,6047340,6047340.0
1777462980.6777484,6047809,6047809.0
1777463008.1816914,6048198,6048198.0
1777463042.7296047,6048693,6048693.0
1777463071.488982,6049103,6049103.0
1777463113.456835,6049663,6049663.0
1777463145.173119,6050111,6050111.0
1777463177.3648121,6050573,6050573.0
1777463201.7887826,6050918,6050918.0
1777463241.5166864,6051487,6051487.0
1777463287.3840654,6052151,6052151.0
1777463343.5319672,6052958,6052958.0
1777463353.9078608,6053101,6053101.0
1777463376.3838043,6053414,6053414.0
1777463405.675766,6053831,6053831.0
1777463465.1034544,6054691,6054691.0
1777463493.3510337,6055090,6055090.0
1777463523.878925,6055529,6055529.0
1777463553.4633076,6055948,6055948.0
1777463573.1190338,6056224,6056224.0
1777463598.954687,6056586,6056586.0
1777463624.6188116,6056954,6056954.0
1777463667.6867664,6057575,6057575.0
1777463703.7384489,6058093,6058093.0
1777463727.6461773,6058430,6058430.0
1777463784.5539553,6059258,6059258.0
1777463813.8058283,6059673,6059673.0
1777463837.8657582,6060021,6060021.0
1777463858.4737535,6060309,6060309.0
1777463895.5056584,6060844,6060844.0
1777463925.1334207,6061264,6061264.0
1777463958.3169427,6061738,6061738.0
1777463976.3730369,6061986,6061986.0
1777463998.4850569,6062297,6062297.0
1777464022.4086094,6062637,6062637.0
1777464058.0406806,6063147,6063147.0
1777464089.7527635,6063601,6063601.0
1777464121.5004349,6064050,6064050.0
1777464166.9840367,6064709,6064709.0
1777464230.8280492,6065630,6065630.0
1777464266.0437381,6066132,6066132.0
1777464293.6197891,6066523,6066523.0
1777464324.4192855,6066956,6066956.0
1777464358.4036434,6067440,6067440.0
1777464390.6320024,6067902,6067902.0
1777464410.0149794,6068170,6068170.0
1777464443.4875093,6068652,6068652.0
1777464479.0551414,6069160,6069160.0
1777464512.9988413,6069645,6069645.0
1777464557.8829477,6070300,6070300.0
1777464583.1508772,6070654,6070654.0
1777464618.0909653,6071157,6071157.0
1777464636.5346968,6071411,6071411.0
1777464659.5747936,6071733,6071733.0
1777464708.2347357,6072444,6072444.0
1777464749.1024144,6073029,6073029.0
1777464780.4423697,6073476,6073476.0
1777464824.517944,6074114,6074114.0
1777464862.3259099,6074651,6074651.0
1777464900.461971,6075205,6075205.0
1777464935.7777183,6075715,6075715.0
1777464966.861623,6076157,6076157.0
1777465001.1696508,6076649,6076649.0
1777465020.1454751,6076912,6076912.0
1777465047.996876,6077307,6077307.0
1777465087.864763,6077885,6077885.0
1777465126.8208067,6078443,6078443.0
1777465155.5569036,6078850,6078850.0
1777465179.0329542,6079179,6079179.0
1777465210.264665,6079626,6079626.0
1777465253.3000069,6080242,6080242.0
1777465283.7244473,6080679,6080679.0
1777465303.4838133,6080961,6080961.0
1777465312.8081667,6081082,6081082.0
1777465357.7078679,6081737,6081737.0
1777465384.6683402,6082115,6082115.0
1777465449.5115263,6083056,6083056.0
1777465481.7435448,6083517,6083517.0
1777465516.4954758,6084014,6084014.0
1777465550.2711387,6084500,6084500.0
1777465578.434994,6084895,6084895.0
1777465615.5547085,6085425,6085425.0
1777465637.410782,6085733,6085733.0
1777465665.338554,6086125,6086125.0
1777465719.3304746,6086907,6086907.0
1777465743.9704976,6087253,6087253.0
1777465777.7739794,6087733,6087733.0
1777465803.4817863,6088097,6088097.0
1777465822.0739367,6088360,6088360.0
1777465859.4057522,6088897,6088897.0
1777465878.9337924,6089174,6089174.0
1777465921.397806,6089782,6089782.0
1777465955.2733727,6090273,6090273.0
1777465980.3415756,6090626,6090626.0
1777465997.500877,6090871,6090871.0
1777466020.6928468,6091196,6091196.0
1777466060.0931396,6091760,6091760.0
1777466089.716801,6092183,6092183.0
1777466117.9246657,6092580,6092580.0
1777466144.2287483,6092954,6092954.0
1777466207.9684088,6093883,6093883.0
1777466227.9598744,6094158,6094158.0
1777466265.1960602,6094696,6094696.0
1777466291.9717765,6095076,6095076.0
1777466349.7116783,6095915,6095915.0
1777466384.4115157,6096409,6096409.0
1777466416.855491,6096873,6096873.0
1777466450.854983,6097358,6097358.0
1777466498.107125,6098034,6098034.0
1777466541.054793,6098658,6098658.0
1777466581.5229049,6099234,6099234.0
1777466618.3744853,6099761,6099761.0
1777466666.218297,6100447,6100447.0
1777466693.2256756,6100826,6100826.0
1777466724.6658945,6101280,6101280.0
1777466769.3577375,6101927,6101927.0
1777466815.977596,6102600,6102600.0
1777466842.5616045,6102974,6102974.0
1777466884.6450653,6103585,6103585.0
1777466918.3371148,6104070,6104070.0
1777466952.4367363,6104558,6104558.0
1777466994.268746,6105157,6105157.0
1777467027.160711,6105626,6105626.0
1777467063.9280927,6106158,6106158.0
1777467083.7962763,6106436,6106436.0
1777467120.08851,6106960,6106960.0
1777467162.2398117,6107565,6107565.0
1777467192.3237574,6107996,6107996.0
1777467208.0077145,6108214,6108214.0
1777467253.5475507,6108874,6108874.0
1777467289.0749595,6109382,6109382.0
1777467321.0749571,6109842,6109842.0
1777467342.1987245,6110134,6110134.0
1777467390.3667853,6110827,6110827.0
1777467424.9985564,6111322,6111322.0
1777467467.0664265,6111928,6111928.0
1777467503.385903,6112439,6112439.0
1777467520.2423573,6112674,6112674.0
1777467546.749971,6113051,6113051.0
1777467570.6257272,6113389,6113389.0
1777467617.885755,6114070,6114070.0
1777467647.7457807,6114491,6114491.0
1777467685.9775639,6115032,6115032.0
1777467717.0694456,6115480,6115480.0
1777467745.8536792,6115893,6115893.0
1777467764.4128356,6116160,6116160.0
1777467827.1207721,6117064,6117064.0
1777467857.5487087,6117499,6117499.0
1777467890.8966584,6117978,6117978.0
1777467907.188624,6118201,6118201.0
1777467932.8964305,6118564,6118564.0
1777467975.6159387,6119177,6119177.0
1777467993.8402715,6119425,6119425.0
1777468054.0476947,6120298,6120298.0
1777468093.8515549,6120871,6120871.0
1777468118.8077192,6121228,6121228.0
1777468151.9594383,6121696,6121696.0
1777468166.2831097,6121891,6121891.0
1777468203.2509577,6122420,6122420.0
1777468235.1746593,6122879,6122879.0
1777468272.694836,6123421,6123421.0
1777468308.5426495,6123936,6123936.0
1777468353.1465352,6124575,6124575.0
1777468380.4543777,6124964,6124964.0
1777468426.8304915,6125636,6125636.0
1777468457.6061351,6126075,6126075.0
1777468483.6621075,6126440,6126440.0
1777468518.9978454,6126951,6126951.0
1777468558.6136339,6127520,6127520.0
1777468592.9296577,6128012,6128012.0
1777468633.8818011,6128599,6128599.0
1777468660.8259695,6128980,6128980.0
1777468689.2252576,6129383,6129383.0
1777468727.6651697,6129934,6129934.0
1777468761.116796,6130417,6130417.0
1777468805.7487986,6131063,6131063.0
1777468848.2327251,6131679,6131679.0
1777468887.7167547,6132242,6132242.0
1777468904.4447668,6132477,6132477.0
1777468949.0924125,6133119,6133119.0
1777468971.2206082,6133434,6133434.0
1777469008.303882,6133952,6133952.0
1777469038.6360621,6134387,6134387.0
1777469070.2800126,6134835,6134835.0
1777469106.9117072,6135364,6135364.0
1777469157.139948,6136087,6136087.0
1777469208.3075547,6136829,6136829.0
1777469240.1234367,6137285,6137285.0
1777469272.7469366,6137748,6137748.0
1777469317.9750087,6138399,6138399.0
1777469348.4306653,6138833,6138833.0
1777469382.851019,6139321,6139321.0
1777469413.9907312,6139765,6139765.0
1777469440.3747275,6140135,6140135.0
1777469472.618451,6140598,6140598.0
1777469516.234645,6141221,6141221.0
1777469563.3781443,6141905,6141905.0
1777469607.1458325,6142528,6142528.0
1777469636.0539815,6142942,6142942.0
1777469675.3536463,6143509,6143509.0
1777469704.2856019,6143919,6143919.0
1777469739.5617418,6144424,6144424.0
1777469772.9129367,6144905,6144905.0
1777469790.9528542,6145152,6145152.0
1777469816.6813173,6145520,6145520.0
1777469882.0208113,6146469,6146469.0
1777469927.748659,6147130,6147130.0
1777469961.6721423,6147615,6147615.0
1777469998.8561006,6148144,6148144.0
1777470039.1238158,6148729,6148729.0
1777470070.3758113,6149172,6149172.0
1777470113.74382,6149794,6149794.0
1777470145.9996717,6150255,6150255.0
1777470166.967721,6150547,6150547.0
1777470213.4677975,6151215,6151215.0
1777470246.6956396,6151686,6151686.0
1777470272.542905,6152048,6152048.0
1777470294.0510275,6152354,6152354.0
1777470320.9426708,6152733,6152733.0
1777470351.9268084,6153179,6153179.0
1777470392.5466936,6153759,6153759.0
1777470421.686709,6154178,6154178.0
1777470442.6465397,6154480,6154480.0
1777470482.997865,6155054,6155054.0
1777470525.561791,6155670,6155670.0
1777470552.4296634,6156053,6156053.0
1777470594.5131981,6156659,6156659.0
1777470632.196961,6157188,6157188.0
1777470669.656534,6157724,6157724.0
1777470701.2246428,6158177,6158177.0
1777470733.3403883,6158631,6158631.0
1777470771.9157684,6159189,6159189.0
1777470813.9997828,6159788,6159788.0
1777470849.2155826,6160292,6160292.0
1777470875.9989698,6160675,6160675.0
1777470913.5074332,6161217,6161217.0
1777470958.2351594,6161861,6161861.0
1777470982.827078,6162212,6162212.0
1777471011.566863,6162620,6162620.0
1777471036.2344878,6162969,6162969.0
1777471070.394384,6163460,6163460.0
1777471091.6538634,6163757,6163757.0
1777471142.677865,6164492,6164492.0
1777471185.3617444,6165105,6165105.0
1777471217.0377557,6165562,6165562.0
1777471255.604824,6166118,6166118.0
1777471276.1810534,6166405,6166405.0
1777471319.3569894,6167023,6167023.0
1777471364.5567982,6167675,6167675.0
1777471414.7886477,6168402,6168402.0
1777471449.7398093,6168900,6168900.0
1777471488.3239646,6169456,6169456.0
1777471522.7237656,6169947,6169947.0
1777471560.8234499,6170488,6170488.0
1777471604.1909266,6171115,6171115.0
1777471630.066969,6171477,6171477.0
1777471670.2669125,6172058,6172058.0
1777471701.6266437,6172504,6172504.0
1777471717.566822,6172719,6172719.0
1777471751.0027936,6173200,6173200.0
1777471775.1947348,6173539,6173539.0
1777471799.2704153,6173878,6173878.0
1777471834.8860044,6174384,6174384.0
1777471864.6019263,6174812,6174812.0
1777471908.3859503,6175446,6175446.0
1777471942.8296826,6175934,6175934.0
1777471995.8055074,6176698,6176698.0
1777472013.68088,6176947,6176947.0
1777472041.1374857,6177333,6177333.0
1777472074.8209352,6177818,6177818.0
1777472107.440833,6178285,6178285.0
1777472140.812763,6178761,6178761.0
1777472156.3887684,6178980,6178980.0
1777472184.916485,6179387,6179387.0
1777472225.0083373,6179961,6179961.0
1777472267.432046,6180571,6180571.0
1777472290.0557323,6180890,6180890.0
1777472312.7240403,6181204,6181204.0
1777472341.4838095,6181610,6181610.0
1777472375.451611,6182098,6182098.0
1777472399.2758787,6182433,6182433.0
1777472427.7509139,6182844,6182844.0
1777472474.675006,6183517,6183517.0
1777472514.0667834,6184080,6184080.0
1777472546.2187603,6184542,6184542.0
1777472568.310807,6184849,6184849.0
1777472604.5105429,6185372,6185372.0
1777472625.7860925,6185667,6185667.0
1777472656.7702665,6186108,6186108.0
1777472693.413826,6186636,6186636.0
1777472726.4456685,6187105,6187105.0
1777472750.7696788,6187450,6187450.0
1777472761.729573,6187592,6187592.0
1777472795.1895695,6188070,6188070.0
1777472841.7808926,6188748,6188748.0
1777472886.748786,6189382,6189382.0
1777472916.4646418,6189803,6189803.0
1777472956.8405695,6190386,6190386.0
1777472988.5918448,6190837,6190837.0
1777473033.1317768,6191471,6191471.0
1777473057.0317714,6191814,6191814.0
1777473102.6078134,6192465,6192465.0
1777473131.9515424,6192883,6192883.0
1777473160.0590065,6193276,6193276.0
1777473195.0113585,6193782,6193782.0
1777473223.059057,6194181,6194181.0
1777473248.3028655,6194536,6194536.0
1777473289.3867755,6195129,6195129.0
1777473325.8704748,6195656,6195656.0
1777473374.0019066,6196348,6196348.0
1777473413.3379877,6196913,6196913.0
1777473445.8856246,6197378,6197378.0
1777473486.0538695,6197949,6197949.0
1777473504.0696971,6198206,6198206.0
1777473543.9890182,6198776,6198776.0
1777473593.2809408,6199495,6199495.0
1777473618.1048548,6199842,6199842.0
1777473643.5125127,6200196,6200196.0
1777473681.0647662,6200733,6200733.0
1777473703.5408182,6201051,6201051.0
1777473730.5564034,6201430,6201430.0
1777473748.0924208,6201679,6201679.0
1777473773.9078043,6202040,6202040.0
1777473804.2000148,6202471,6202471.0
1777473835.1522508,6202918,6202918.0
1777473867.4237144,6203379,6203379.0
1777473904.1276443,6203911,6203911.0
1777473958.8674695,6204698,6204698.0
1777473983.3109233,6205043,6205043.0
1777474015.2270026,6205498,6205498.0
1777474037.3867385,6205806,6205806.0
1777474073.25465,6206320,6206320.0
1777474109.9627337,6206844,6206844.0
1777474137.329987,6207231,6207231.0
1777474165.4379728,6207631,6207631.0
1777474195.5381222,6208062,6208062.0
1777474225.5616271,6208486,6208486.0
1777474256.381681,6208926,6208926.0
1777474278.005746,6209224,6209224.0
1777474317.2730532,6209796,6209796.0
1777474358.4728808,6210380,6210380.0
1777474386.7968104,6210789,6210789.0
1777474414.8050587,6211194,6211194.0
1777474435.6167166,6211482,6211482.0
1777474458.500459,6211805,6211805.0
1777474492.172666,6212291,6212291.0
1777474548.5006642,6213105,6213105.0
1777474578.2603161,6213530,6213530.0
1777474599.76005,6213827,6213827.0
1777474645.0599587,6214488,6214488.0
1777474670.8999467,6214849,6214849.0
1777474723.3120258,6215605,6215605.0
1777474746.7518487,6215936,6215936.0
1777474789.819719,6216552,6216552.0
1777474836.9478238,6217233,6217233.0
1777474885.1796083,6217928,6217928.0
1777474923.9634838,6218489,6218489.0
1777474955.8233979,6218945,6218945.0
1777474998.3070123,6219552,6219552.0
1777475026.80686,6219960,6219960.0
1777475051.3470933,6220306,6220306.0
1777475089.9826703,6220864,6220864.0
1777475133.014782,6221480,6221480.0
1777475156.0424612,6221803,6221803.0
1777475193.4266465,6222341,6222341.0
1777475225.666545,6222807,6222807.0
1777475239.2259374,6222989,6222989.0
1777475264.4940016,6223346,6223346.0
1777475284.3578317,6223630,6223630.0
1777475313.4938343,6224047,6224047.0
1777475336.5018356,6224371,6224371.0
1777475364.2937655,6224768,6224768.0
1777475386.7017875,6225077,6225077.0
1777475414.937799,6225472,6225472.0
1777475464.0051746,6226187,6226187.0
1777475505.105317,6226778,6226778.0
1777475568.1646576,6227689,6227689.0
1777475598.9487991,6228124,6228124.0
1777475628.8726883,6228549,6228549.0
1777475652.188241,6228878,6228878.0
1777475689.448473,6229416,6229416.0
1777475748.0398846,6230267,6230267.0
1777475780.0398712,6230720,6230720.0
1777475816.5759032,6231249,6231249.0
1777475848.3517525,6231704,6231704.0
1777475903.9596689,6232511,6232511.0
1777475945.6434524,6233109,6233109.0
1777475977.995668,6233572,6233572.0
1777476011.2189891,6234049,6234049.0
1777476052.1507611,6234640,6234640.0
1777476088.6025453,6235163,6235163.0
1777476114.3106937,6235526,6235526.0
1777476153.678108,6236093,6236093.0
1777476180.5303314,6236468,6236468.0
1777476224.8456547,6237107,6237107.0
1777476259.2619684,6237603,6237603.0
1777476290.1056905,6238049,6238049.0
1777476337.5056965,6238735,6238735.0
1777476365.5209935,6239138,6239138.0
1777476399.9252336,6239632,6239632.0
1777476440.688948,6240207,6240207.0
1777476477.3168936,6240736,6240736.0
1777476522.340707,6241377,6241377.0
1777476538.0244596,6241595,6241595.0
1777476572.8926044,6242096,6242096.0
1777476603.2084465,6242533,6242533.0
1777476631.9003048,6242940,6242940.0
1777476648.575836,6243162,6243162.0
1777476682.3000388,6243647,6243647.0
1777476722.8356528,6244232,6244232.0
1777476752.7037213,6244653,6244653.0
1777476791.7196505,6245210,6245210.0
1777476819.663459,6245614,6245614.0
1777476853.2948482,6246085,6246085.0
1777476870.1547897,6246326,6246326.0
1777476901.0468261,6246765,6246765.0
1777476928.8467767,6247156,6247156.0
1777476949.5868053,6247447,6247447.0
1777476968.5987396,6247712,6247712.0
1777476992.706825,6248054,6248054.0
1777477034.4904854,6248654,6248654.0
1777477065.330519,6249099,6249099.0
1777477090.629869,6249464,6249464.0
1777477110.8060005,6249739,6249739.0
1777477155.5256855,6250387,6250387.0
1777477191.3897493,6250896,6250896.0
1777477248.9415758,6251729,6251729.0
1777477278.7253468,6252147,6252147.0
1777477300.1693082,6252455,6252455.0
1777477341.0689723,6253040,6253040.0
1777477367.592618,6253412,6253412.0
1777477381.0166833,6253602,6253602.0
1777477415.6687636,6254097,6254097.0
1777477451.6125968,6254606,6254606.0
1777477488.860476,6255144,6255144.0
1777477513.8122067,6255496,6255496.0
1777477549.4281538,6256008,6256008.0
1777477573.3277721,6256344,6256344.0
1777477601.0277302,6256746,6256746.0
1777477630.0397203,6257160,6257160.0
1777477667.7716794,6257693,6257693.0
1777477697.5229392,6258113,6258113.0
1777477750.9387474,6258895,6258895.0
1777477778.4909399,6259285,6259285.0
1777477809.6310797,6259733,6259733.0
1777477837.714729,6260134,6260134.0
1777477880.2986023,6260744,6260744.0
1777477896.9142668,6260979,6260979.0
1777477922.682052,6261343,6261343.0
1777477957.557788,6261843,6261843.0
1777477988.8100564,6262286,6262286.0
1777478011.2496943,6262601,6262601.0
1777478036.4098065,6262954,6262954.0
1777478051.8017106,6263174,6263174.0
1777478081.1336222,6263593,6263593.0
1777478108.2095182,6263973,6263973.0
1777478140.4169347,6264428,6264428.0
1777478163.15356,6264742,6264742.0
1777478225.0286498,6265640,6265640.0
1777478258.8886535,6266127,6266127.0
1777478302.9807994,6266761,6266761.0
1777478347.6808844,6267407,6267407.0
1777478384.8958952,6267936,6267936.0
1777478407.3044748,6268256,6268256.0
1777478435.3158023,6268657,6268657.0
1777478466.7477543,6269103,6269103.0
1777478514.5637078,6269789,6269789.0
1777478532.4917343,6270044,6270044.0
1777478563.931081,6270495,6270495.0
1777478591.7830918,6270892,6270892.0
1777478621.5748658,6271310,6271310.0
1777478649.390757,6271703,6271703.0
1777478675.0347838,6272066,6272066.0
1777478700.1426604,6272417,6272417.0
1777478735.274723,6272920,6272920.0
1777478769.3267307,6273406,6273406.0
1777478801.9865508,6273872,6273872.0
1777478832.4179707,6274305,6274305.0
1777478863.3939562,6274743,6274743.0
1777478928.621836,6275683,6275683.0
1777478964.153769,6276192,6276192.0
1777478987.8616772,6276536,6276536.0
1777479005.4375722,6276777,6276777.0
1777479025.397419,6277054,6277054.0
1777479060.3448062,6277559,6277559.0
1777479104.9489875,6278202,6278202.0
1777479135.7326915,6278643,6278643.0
1777479169.504677,6279129,6279129.0
1777479197.1887126,6279518,6279518.0
1777479236.456402,6280078,6280078.0
1777479280.1918602,6280702,6280702.0
1777479318.1600103,6281245,6281245.0
1777479351.7677567,6281718,6281718.0
1777479394.4999292,6282338,6282338.0
1777479447.3750248,6283102,6283102.0
1777479490.8268597,6283729,6283729.0
1777479517.0109506,6284100,6284100.0
1777479544.0189753,6284478,6284478.0
1777479569.4948912,6284839,6284839.0
1777479589.718689,6285129,6285129.0
1777479620.5027852,6285567,6285567.0
1777479661.7024703,6286155,6286155.0
1777479697.9780366,6286674,6286674.0
1777479720.329939,6286988,6286988.0
1777479755.138153,6287489,6287489.0
1777479790.9398634,6288000,6288000.0
1777479830.4737408,6288569,6288569.0
1777479849.1656291,6288828,6288828.0
1777479879.057548,6289251,6289251.0
1777479910.9730182,6289711,6289711.0
1777479944.824814,6290194,6290194.0
1777479979.6007273,6290695,6290695.0
1777480017.18475,6291226,6291226.0
1777480055.9007497,6291783,6291783.0
1777480091.1525779,6292291,6292291.0
1777480116.8085926,6292651,6292651.0
1777480142.1686058,6293015,6293015.0
1777480173.8998072,6293469,6293469.0
1777480208.9677503,6293972,6293972.0
1777480244.2357311,6294479,6294479.0
1777480282.9597473,6295033,6295033.0
1777480321.5876675,6295579,6295579.0
1777480349.4952383,6295977,6295977.0
1777480382.062908,6296443,6296443.0
1777480422.9548776,6297034,6297034.0
1777480447.954867,6297384,6297384.0
1777480504.3907223,6298203,6298203.0
1777480544.4227188,6298779,6298779.0
1777480562.0825324,6299026,6299026.0
1777480605.4145246,6299652,6299652.0
1777480638.0340283,6300117,6300117.0
1777480672.2336738,6300605,6300605.0
1777480712.1176853,6301170,6301170.0
1777480745.2935245,6301647,6301647.0
1777480779.9928422,6302144,6302144.0
1777480805.5328822,6302499,6302499.0
1777480840.9528532,6303005,6303005.0
1777480871.8168879,6303443,6303443.0
1777480907.5608013,6303951,6303951.0
1777480940.7279096,6304429,6304429.0
1777480971.3680756,6304862,6304862.0
1777480993.1958961,6305163,6305163.0
1777481028.4117606,6305668,6305668.0
1777481060.6797535,6306129,6306129.0
1777481091.0715506,6306564,6306564.0
1777481112.8792102,6306867,6306867.0
1777481148.878796,6307383,6307383.0
1777481165.1708384,6307604,6307604.0
1777481186.2948375,6307905,6307905.0
1777481240.454905,6308687,6308687.0
1777481279.3746536,6309251,6309251.0
1777481331.522229,6310003,6310003.0
1777481374.0418353,6310608,6310608.0
1777481397.4821365,6310942,6310942.0
1777481440.225763,6311554,6311554.0
1777481482.0576892,6312159,6312159.0
1777481526.7568035,6312796,6312796.0
1777481557.2489522,6313234,6313234.0
1777481592.6528184,6313740,6313740.0
1777481625.136819,6314208,6314208.0
1777481654.160613,6314619,6314619.0
1777481686.428665,6315081,6315081.0
1777481737.0957403,6315815,6315815.0
1777481759.404042,6316129,6316129.0
1777481781.2606502,6316436,6316436.0
1777481821.927746,6317022,6317022.0
1777481854.1797078,6317472,6317472.0
1777481893.3795195,6318030,6318030.0
1777481918.931406,6318390,6318390.0
1777481947.986881,6318807,6318807.0
1777481961.0553234,6318983,6318983.0
1777482000.2227576,6319547,6319547.0
1777482025.3625498,6319903,6319903.0
1777482054.1665733,6320312,6320312.0
1777482092.1505346,6320859,6320859.0
1777482137.6146922,6321512,6321512.0
1777482179.2817638,6322112,6322112.0
1777482208.681881,6322529,6322529.0
1777482232.226036,6322857,6322857.0
1777482263.8498743,6323310,6323310.0
1777482295.5177064,6323760,6323760.0
1777482314.6254272,6324023,6324023.0
1777482341.452992,6324402,6324402.0
1777482361.8767655,6324694,6324694.0
1777482409.67673,6325383,6325383.0
1777482438.9287694,6325796,6325796.0
1777482481.844717,6326413,6326413.0
1777482524.0963845,6327016,6327016.0
1777482550.944382,6327394,6327394.0
1777482581.3198025,6327830,6327830.0
1777482624.0719438,6328450,6328450.0
1777482641.879784,6328700,6328700.0
1777482675.6797187,6329181,6329181.0
1777482711.8554587,6329700,6329700.0
1777482741.1915731,6330118,6330118.0
1777482768.8833287,6330507,6330507.0
1777482801.7310143,6330977,6330977.0
1777482839.9827797,6331524,6331524.0
1777482873.675045,6332011,6332011.0
1777482904.2909842,6332449,6332449.0
1777482941.9587154,6332978,6332978.0
1777482974.6827118,6333446,6333446.0
1777482998.1506832,6333780,6333780.0
1777483020.3786697,6334092,6334092.0
1777483056.2024622,6334605,6334605.0
1777483086.718631,6335039,6335039.0
1777483120.7702858,6335523,6335523.0
1777483139.8619623,6335791,6335791.0
1777483184.9461865,6336436,6336436.0
1777483222.0977857,6336967,6336967.0
1777483247.569962,6337325,6337325.0
1777483264.2297356,6337559,6337559.0
1777483298.4215996,6338042,6338042.0
1777483319.9296849,6338350,6338350.0
1777483349.0655947,6338765,6338765.0
1777483393.1810675,6339394,6339394.0
1777483435.348908,6340003,6340003.0
1777483457.9728277,6340319,6340319.0
1777483486.7249796,6340723,6340723.0
1777483502.3926632,6340946,6340946.0
1777483538.2008336,6341451,6341451.0
1777483573.6768212,6341960,6341960.0
1777483606.6604793,6342432,6342432.0
1777483671.6844022,6343376,6343376.0
1777483700.5766497,6343791,6343791.0
1777483737.159698,6344318,6344318.0
1777483765.4357176,6344718,6344718.0
1777483808.311768,6345327,6345327.0
1777483826.3437061,6345578,6345578.0
1777483864.779607,6346134,6346134.0
1777483912.1870124,6346809,6346809.0
1777483944.9468396,6347278,6347278.0
1777483991.8911076,6347952,6347952.0
1777484004.2389755,6348120,6348120.0
1777484037.4747334,6348601,6348601.0
1777484075.2745056,6349147,6349147.0
1777484105.7823772,6349579,6349579.0
1777484139.166046,6350047,6350047.0
1777484165.674141,6350430,6350430.0
1777484190.4819882,6350779,6350779.0
1777484230.8496432,6351357,6351357.0
1777484268.6097164,6351897,6351897.0
1777484313.8097732,6352552,6352552.0
1777484346.2693944,6353011,6353011.0
1777484380.785253,6353503,6353503.0
1777484403.0933955,6353824,6353824.0
1777484450.8448107,6354509,6354509.0
1777484481.8967648,6354948,6354948.0
1777484516.4806483,6355442,6355442.0
1777484549.1524935,6355910,6355910.0
1777484595.4881504,6356571,6356571.0
1777484637.1958566,6357178,6357178.0
1777484667.1396904,6357603,6357603.0
1777484695.9799767,6358010,6358010.0
1777484726.0797584,6358441,6358441.0
1777484760.83182,6358937,6358937.0
1777484785.6236906,6359286,6359286.0
1777484818.8309748,6359762,6359762.0
1777484844.298623,6360123,6360123.0
1777484877.658754,6360602,6360602.0
1777484911.642566,6361086,6361086.0
1777484944.2259595,6361546,6361546.0
1777484975.2658265,6361987,6361987.0
1777485017.2655866,6362578,6362578.0
1777485074.2246947,6363400,6363400.0
1777485115.7765145,6364001,6364001.0
1777485153.3604958,6364539,6364539.0
1777485184.411831,6364977,6364977.0
1777485211.9197166,6365370,6365370.0
1777485239.6277795,6365762,6365762.0
1777485267.8797686,6366162,6366162.0
1777485307.46336,6366734,6366734.0
1777485340.7951033,6367198,6367198.0
1777485365.4267013,6367553,6367553.0
1777485391.3627172,6367920,6367920.0
1777485420.2227132,6368330,6368330.0
1777485454.2226048,6368814,6368814.0
1777485480.1783772,6369181,6369181.0
1777485497.437885,6369420,6369420.0
1777485535.990182,6369977,6369977.0
1777485587.8378618,6370721,6370721.0
1777485616.8897355,6371133,6371133.0
1777485645.413455,6371536,6371536.0
1777485673.6491914,6371939,6371939.0
1777485705.1407452,6372389,6372389.0
1777485743.0927317,6372939,6372939.0
1777485774.924717,6373390,6373390.0
1777485801.2166984,6373762,6373762.0
1777485832.368414,6374203,6374203.0
1777485873.816063,6374805,6374805.0
1777485900.0759096,6375177,6375177.0
1777485927.6997552,6375567,6375567.0
1777485956.7357366,6375978,6375978.0
1777485971.5037005,6376179,6376179.0
1777486010.3874402,6376742,6376742.0
1777486039.9708414,6377162,6377162.0
1777486078.1869895,6377709,6377709.0
1777486124.0707412,6378366,6378366.0
1777486153.2947142,6378780,6378780.0
1777486177.5145774,6379130,6379130.0
1777486201.386597,6379468,6379468.0
1777486227.5622063,6379838,6379838.0
1777486276.161744,6380535,6380535.0
1777486296.929764,6380830,6380830.0
1777486316.721761,6381106,6381106.0
1777486347.9297976,6381552,6381552.0
1777486386.597609,6382109,6382109.0
1777486411.2410555,6382455,6382455.0
1777486445.989076,6382950,6382950.0
1777486486.8929029,6383534,6383534.0
1777486527.27668,6384113,6384113.0
1777486538.4765987,6384266,6384266.0
1777486571.9604208,6384730,6384730.0
1777486604.1919312,6385192,6385192.0
1777486639.5159595,6385702,6385702.0
1777486671.5836475,6386165,6386165.0
1777486732.1117752,6387038,6387038.0
1777486749.6355386,6387281,6387281.0
1777486775.0437515,6387638,6387638.0
1777486802.6269863,6388032,6388032.0
1777486827.8355925,6388383,6388383.0
1777486852.0471134,6388722,6388722.0
1777486873.9548743,6389030,6389030.0
1777486892.3949745,6389294,6389294.0
1777486939.2308357,6389969,6389969.0
1777486971.614661,6390431,6390431.0
1777486993.6545577,6390741,6390741.0
1777487018.1824677,6391095,6391095.0
1777487045.4142914,6391481,6391481.0
1777487085.8658838,6392061,6392061.0
1777487115.022014,6392474,6392474.0
1777487156.605767,6393072,6393072.0
1777487196.1256151,6393640,6393640.0
1777487227.6258385,6394088,6394088.0
1777487256.933642,6394509,6394509.0
1777487296.6173441,6395073,6395073.0
1777487323.276873,6395447,6395447.0
1777487357.5608633,6395936,6395936.0
1777487376.8687043,6396212,6396212.0
1777487412.084786,6396711,6396711.0
1777487433.0447216,6397012,6397012.0
1777487468.3684661,6397512,6397512.0
1777487502.6283317,6397997,6397997.0
1777487541.8522494,6398556,6398556.0
1777487560.5797405,6398825,6398825.0
1777487617.8194919,6399653,6399653.0
1777487640.4318678,6399969,6399969.0
1777487665.5037012,6400326,6400326.0
1777487703.5557203,6400870,6400870.0
1777487734.154877,6401306,6401306.0
1777487761.346882,6401694,6401694.0
1777487809.4827476,6402381,6402381.0
1777487838.8825393,6402796,6402796.0
1777487873.5746741,6403292,6403292.0
1777487922.250467,6403994,6403994.0
1777487953.6181207,6404435,6404435.0
1777487985.0420508,6404879,6404879.0
1777488005.7179642,6405170,6405170.0
1777488058.5097609,6405930,6405930.0
1777488116.6937747,6406775,6406775.0
1777488145.3095605,6407177,6407177.0
1777488205.1213284,6408037,6408037.0
1777488239.9688036,6408539,6408539.0
1777488280.672849,6409122,6409122.0
1777488310.1807356,6409543,6409543.0
1777488345.712027,6410046,6410046.0
1777488374.5040221,6410459,6410459.0
1777488401.9248002,6410852,6410852.0
1777488445.8559048,6411477,6411477.0
1777488481.1797287,6411984,6411984.0
1777488518.0477026,6412513,6412513.0
1777488538.7556336,6412801,6412801.0
1777488570.1749284,6413252,6413252.0
1777488589.2149715,6413512,6413512.0
1777488621.3907316,6413975,6413975.0
1777488665.95068,6414620,6414620.0
1777488697.2105901,6415062,6415062.0
1777488739.0867095,6415657,6415657.0
1777488755.1664395,6415884,6415884.0
1777488770.5783963,6416096,6416096.0
1777488809.262274,6416657,6416657.0
1777488837.2178676,6417053,6417053.0
1777488870.2538526,6417525,6417525.0
1777488886.5376532,6417749,6417749.0
1777488908.4215534,6418062,6418062.0
1777488937.6938045,6418477,6418477.0
1777488978.777126,6419059,6419059.0
1777489000.1894112,6419363,6419363.0
1777489020.5293102,6419641,6419641.0
1777489045.02124,6419985,6419985.0
1777489070.1729348,6420343,6420343.0
1777489100.4648507,6420778,6420778.0
1777489150.9727943,6421514,6421514.0
1777489175.8804646,6421863,6421863.0
1777489207.6240358,6422319,6422319.0
1777489238.671987,6422756,6422756.0
1777489271.6565616,6423227,6423227.0
1777489294.8677554,6423549,6423549.0
1777489330.07564,6424056,6424056.0
1777489361.059688,6424501,6424501.0
1777489398.4757087,6425027,6425027.0
1777489425.9674573,6425419,6425419.0
1777489447.6272779,6425731,6425731.0
1777489470.6835325,6426049,6426049.0
1777489504.1669028,6426529,6426529.0
1777489540.2869003,6427051,6427051.0
1777489557.8268359,6427295,6427295.0
1777489594.318743,6427817,6427817.0
1777489621.1867888,6428197,6428197.0
1777489658.5542674,6428734,6428734.0
1777489707.586462,6429441,6429441.0
1777489736.8298855,6429855,6429855.0
1777489766.0458412,6430263,6430263.0
1777489784.754153,6430527,6430527.0
1777489820.8057601,6431046,6431046.0
1777489849.2654366,6431444,6431444.0
1777489870.0215244,6431738,6431738.0
1777489887.297804,6431973,6431973.0
1777489933.5970647,6432645,6432645.0
1777489963.917825,6433077,6433077.0
1777489988.240883,6433422,6433422.0
1777490027.592536,6433981,6433981.0
1777490050.4325984,6434307,6434307.0
1777490081.4845662,6434746,6434746.0
1777490116.984028,6435249,6435249.0
1777490153.7596939,6435773,6435773.0
1777490180.8997934,6436152,6436152.0
1777490208.6197891,6436547,6436547.0
1777490226.8761299,6436804,6436804.0
1777490262.351699,6437314,6437314.0
1777490300.5275424,6437854,6437854.0
1777490338.870827,6438402,6438402.0
1777490366.3391135,6438783,6438783.0
1777490392.7313418,6439155,6439155.0
1777490422.0868008,6439574,6439574.0
1777490450.8065152,6439986,6439986.0
1777490488.79057,6440528,6440528.0
1777490519.913984,6440976,6440976.0
1777490542.5538416,6441295,6441295.0
1777490588.898145,6441965,6441965.0
1777490621.2899373,6442422,6442422.0
1777490661.5416408,6442996,6442996.0
1777490687.8814535,6443366,6443366.0
1777490700.025637,6443534,6443534.0
1777490738.9254556,6444100,6444100.0
1777490766.2494762,6444481,6444481.0
1777490812.292736,6445144,6445144.0
1777490855.6447875,6445771,6445771.0
1777490897.0083096,6446363,6446363.0
1777490929.1840203,6446827,6446827.0
1777490969.7198565,6447409,6447409.0
1777490983.8960717,6447604,6447604.0
1777491033.4518495,6448312,6448312.0
1777491055.5437248,6448620,6448620.0
1777491088.8716695,6449094,6449094.0
1777491129.0395308,6449672,6449672.0
1777491154.0035007,6450025,6450025.0
1777491183.5474389,6450441,6450441.0
1777491199.9549341,6450662,6450662.0
1777491236.7388115,6451193,6451193.0
1777491285.554933,6451904,6451904.0
1777491312.4304054,6452284,6452284.0
1777491351.1147223,6452834,6452834.0
1777491377.3821645,6453208,6453208.0
1777491418.8178296,6453808,6453808.0
1777491451.589755,6454272,6454272.0
1777491486.393638,6454763,6454763.0
1777491505.9657087,6455032,6455032.0
1777491531.2096958,6455390,6455390.0
1777491570.3616192,6455956,6455956.0
1777491616.161455,6456614,6456614.0
1777491648.8693585,6457077,6457077.0
1777491678.4687529,6457495,6457495.0
1777491717.5687644,6458059,6458059.0
1777491768.8607645,6458802,6458802.0
1777491810.296387,6459404,6459404.0
1777491859.796417,6460118,6460118.0
1777491878.2039387,6460377,6460377.0
1777491916.4401221,6460922,6460922.0
1777491972.3477302,6461731,6461731.0
1777492008.583564,6462242,6462242.0
1777492041.0910132,6462708,6462708.0
1777492060.9993582,6462993,6462993.0
1777492098.5669904,6463528,6463528.0
1777492130.9989564,6463990,6463990.0
1777492154.9268405,6464337,6464337.0
1777492192.6746678,6464869,6464869.0
1777492216.9343686,6465216,6465216.0
1777492254.886008,6465753,6465753.0
1777492289.5701926,6466253,6466253.0
1777492328.869925,6466818,6466818.0
1777492361.745879,6467290,6467290.0
1777492392.7295218,6467729,6467729.0
1777492421.653557,6468142,6468142.0
1777492440.9854758,6468413,6468413.0
1777492478.412886,6468946,6468946.0
1777492513.061397,6469442,6469442.0
1777492564.6648476,6470185,6470185.0
1777492588.0484214,6470513,6470513.0
1777492613.8405285,6470878,6470878.0
1777492652.2565398,6471431,6471431.0
1777492682.995937,6471864,6471864.0
1777492726.7164776,6472496,6472496.0
1777492753.4157593,6472873,6472873.0
1777492770.3840847,6473110,6473110.0
1777492810.3480153,6473683,6473683.0
1777492832.3598077,6473991,6473991.0
1777492862.3756654,6474419,6474419.0
1777492889.0354216,6474795,6474795.0
1777492940.875136,6475545,6475545.0
1777492975.094909,6476031,6476031.0
1777493008.2669399,6476501,6476501.0
1777493043.2187574,6477002,6477002.0
1777493069.2947931,6477368,6477368.0
1777493097.1790316,6477764,6477764.0
1777493129.2187548,6478219,6478219.0
1777493164.2546778,6478723,6478723.0
1777493203.2547185,6479278,6479278.0
1777493238.1547012,6479778,6479778.0
1777493266.662642,6480184,6480184.0
1777493321.5065956,6480979,6480979.0
1777493344.8506505,6481309,6481309.0
1777493369.657911,6481659,6481659.0
1777493399.882508,6482092,6482092.0
1777493438.0739875,6482641,6482641.0
1777493477.7337453,6483210,6483210.0
1777493510.6867454,6483672,6483672.0
1777493533.2260087,6483995,6483995.0
1777493565.6257763,6484458,6484458.0
1777493611.1097503,6485110,6485110.0
1777493678.5374627,6486085,6486085.0
1777493723.9129589,6486730,6486730.0
1777493750.289381,6487113,6487113.0
1777493776.0810328,6487473,6487473.0
1777493798.672936,6487791,6487791.0
1777493834.8886576,6488304,6488304.0
1777493876.2887697,6488893,6488893.0
1777493907.3726065,6489333,6489333.0
1777493928.2645936,6489629,6489629.0
1777493958.924411,6490063,6490063.0
1777493987.2399373,6490465,6490465.0
1777494025.6646113,6491010,6491010.0
1777494054.631802,6491417,6491417.0
1777494071.8762138,6491662,6491662.0
1777494099.9320514,6492062,6492062.0
1777494124.359803,6492406,6492406.0
1777494159.7434692,6492911,6492911.0
1777494192.2278025,6493375,6493375.0
1777494226.535482,6493864,6493864.0
1777494259.4189515,6494336,6494336.0
1777494297.9869702,6494874,6494874.0
1777494316.8429995,6495142,6495142.0
1777494357.994745,6495731,6495731.0
1777494380.3389988,6496050,6496050.0
1777494400.4467227,6496331,6496331.0
1777494426.1865127,6496693,6496693.0
1777494463.2224278,6497225,6497225.0
1777494488.0384057,6497573,6497573.0
1777494523.913902,6498089,6498089.0
1777494563.1461267,6498650,6498650.0
1777494593.1378946,6499075,6499075.0
1777494639.365792,6499738,6499738.0
1777494666.4897444,6500122,6500122.0
1777494704.5096412,6500667,6500667.0
1777494740.6255596,6501189,6501189.0
1777494775.7854233,6501678,6501678.0
1777494794.1414044,6501938,6501938.0
1777494825.0770118,6502377,6502377.0
1777494859.2448635,6502863,6502863.0
1777494887.116786,6503260,6503260.0
1777494913.5285616,6503634,6503634.0
1777494945.944424,6504096,6504096.0
1777494970.9045572,6504446,6504446.0
1777495004.035822,6504921,6504921.0
1777495045.987998,6505524,6505524.0
1777495078.9117608,6505986,6505986.0
1777495101.9797509,6506320,6506320.0
1777495141.811643,6506880,6506880.0
1777495165.2713082,6507214,6507214.0
1777495208.2074187,6507836,6507836.0
1777495226.4310741,6508088,6508088.0
1777495264.4829292,6508633,6508633.0
1777495292.574699,6509028,6509028.0
1777495319.3310034,6509407,6509407.0
1777495353.514459,6509897,6509897.0
1777495377.9579656,6510241,6510241.0
1777495402.1500268,6510589,6510589.0
1777495435.7980282,6511063,6511063.0
1777495467.049727,6511512,6511512.0
1777495502.1856341,6512015,6512015.0
1777495524.3498025,6512331,6512331.0
1777495550.26952,6512696,6512696.0
1777495607.393655,6513522,6513522.0
1777495640.7184496,6514000,6514000.0
1777495673.5367296,6514468,6514468.0
1777495705.960525,6514928,6514928.0
1777495732.460733,6515310,6515310.0
1777495770.2605042,6515847,6515847.0
1777495788.988764,6516113,6516113.0
1777495827.2799525,6516655,6516655.0
1777495845.5558465,6516912,6516912.0
1777495884.119903,6517465,6517465.0
1777495902.211821,6517714,6517714.0
1777495948.9077334,6518384,6518384.0
1777495985.9795358,6518919,6518919.0
1777496018.4149432,6519382,6519382.0
1777496038.0748887,6519653,6519653.0
1777496077.7070584,6520225,6520225.0
1777496110.6148047,6520700,6520700.0
1777496140.2988048,6521122,6521122.0
1777496174.234744,6521604,6521604.0
1777496208.310604,6522085,6522085.0
1777496235.9745579,6522475,6522475.0
1777496270.0863833,6522961,6522961.0
1777496301.0499353,6523402,6523402.0
1777496332.5938103,6523851,6523851.0
1777496362.4937546,6524273,6524273.0
1777496389.8175652,6524658,6524658.0
1777496418.3371887,6525065,6525065.0
1777496437.8294933,6525336,6525336.0
1777496464.7215695,6525714,6525714.0
1777496490.4288592,6526076,6526076.0
1777496516.3693078,6526447,6526447.0
1777496556.7290285,6527026,6527026.0
1777496591.9567885,6527531,6527531.0
1777496628.9569874,6528060,6528060.0
1777496670.0563989,6528642,6528642.0
1777496696.1964247,6529023,6529023.0
1777496719.0798004,6529340,6529340.0
1777496757.00844,6529884,6529884.0
1777496784.1398735,6530269,6530269.0
1777496816.891599,6530730,6530730.0
1777496847.4315267,6531166,6531166.0
1777496876.4078526,6531580,6531580.0
1777496896.4514146,6531861,6531861.0
1777496929.718876,6532338,6532338.0
1777496955.6908324,6532701,6532701.0
1777497001.2108948,6533349,6533349.0
1777497011.7868874,6533490,6533490.0
1777497031.8107526,6533770,6533770.0
1777497071.242806,6534338,6534338.0
1777497118.094755,6535006,6535006.0
1777497137.7699413,6535288,6535288.0
1777497168.7539654,6535727,6535727.0
1777497209.0057824,6536298,6536298.0
1777497241.8297403,6536766,6536766.0
1777497257.605645,6536984,6536984.0
1777497271.8972867,6537174,6537174.0
1777497304.444876,6537643,6537643.0
1777497344.4732406,6538222,6538222.0
1777497400.3808224,6539034,6539034.0
1777497427.1405323,6539411,6539411.0
1777497451.072573,6539747,6539747.0
1777497469.6645324,6540010,6540010.0
1777497505.1401567,6540522,6540522.0
1777497555.6840208,6541249,6541249.0
1777497590.815772,6541750,6541750.0
1777497610.707753,6542029,6542029.0
1777497628.7760148,6542280,6542280.0
1777497658.6074326,6542705,6542705.0
1777497680.0670948,6543012,6543012.0
1777497712.9030123,6543480,6543480.0
1777497742.458667,6543904,6543904.0
1777497768.6508095,6544273,6544273.0
1777497793.1707191,6544618,6544618.0
1777497817.294794,6544952,6544952.0
1777497859.5783508,6545560,6545560.0
1777497888.9862976,6545975,6545975.0
1777497911.245861,6546285,6546285.0
1777497933.2018518,6546593,6546593.0
1777497958.086717,6546955,6546955.0
1777497995.3377192,6547484,6547484.0
1777498029.7817652,6547974,6547974.0
1777498052.9895892,6548297,6548297.0
1777498096.6490111,6548931,6548931.0
1777498124.4208863,6549323,6549323.0
1777498175.7487202,6550065,6550065.0
1777498208.8887613,6550537,6550537.0
1777498240.2086594,6550981,6550981.0
1777498287.4399445,6551669,6551669.0
1777498321.8240123,6552151,6552151.0
1777498350.8317966,6552562,6552562.0
1777498378.899896,6552962,6552962.0
1777498393.151934,6553159,6553159.0
1777498426.9679296,6553646,6553646.0
1777498458.6756365,6554099,6554099.0
1777498494.1752512,6554610,6554610.0
1777498532.058834,6555142,6555142.0
1777498555.3351433,6555478,6555478.0
1777498586.6026917,6555926,6555926.0
1777498610.194896,6556257,6556257.0
1777498643.2107198,6556728,6556728.0
1777498676.4546785,6557207,6557207.0
1777498707.3064744,6557644,6557644.0
1777498744.6062264,6558177,6558177.0
1777498774.5300345,6558603,6558603.0
1777498801.7056592,6558991,6558991.0
1777498829.073875,6559386,6559386.0
1777498865.0057251,6559894,6559894.0
1777498898.0490952,6560366,6560366.0
1777498933.7334948,6560873,6560873.0
1777498976.9492974,6561494,6561494.0
1777499003.492792,6561869,6561869.0
1777499018.2850294,6562064,6562064.0
1777499057.4167244,6562630,6562630.0
1777499091.2527869,6563108,6563108.0
1777499120.4607263,6563522,6563522.0
1777499154.392823,6564005,6564005.0
1777499192.412255,6564548,6564548.0
1777499226.027949,6565027,6565027.0
1777499243.0604703,6565269,6565269.0
1777499299.6723268,6566086,6566086.0
1777499330.036279,6566521,6566521.0
1777499361.0638125,6566957,6566957.0
1777499409.571786,6567654,6567654.0
1777499440.279716,6568090,6568090.0
1777499469.1715474,6568498,6568498.0
1777499506.8715308,6569033,6569033.0
1777499538.207134,6569478,6569478.0
1777499576.2396274,6570024,6570024.0
1777499602.7152457,6570396,6570396.0
1777499617.3069553,6570594,6570594.0
1777499638.8667765,6570902,6570902.0
1777499667.1748917,6571302,6571302.0
1777499695.9268167,6571709,6571709.0
1777499748.9587207,6572471,6572471.0
1777499775.5266414,6572847,6572847.0
1777499787.558549,6573016,6573016.0
1777499810.6342309,6573334,6573334.0
1777499841.5019605,6573774,6573774.0
1777499865.7262206,6574110,6574110.0
1777499903.8102934,6574653,6574653.0
1777499938.7776358,6575155,6575155.0
1777499971.3056939,6575616,6575616.0
1777499995.1777768,6575956,6575956.0
1777500026.345692,6576399,6576399.0
1777500066.3655858,6576969,6576969.0
1777500087.8733668,6577271,6577271.0
1777500109.2654603,6577566,6577566.0
1777500139.056963,6577993,6577993.0
1777500170.740969,6578449,6578449.0
1777500210.5725935,6579023,6579023.0
1777500242.9407618,6579474,6579474.0
1777500276.984742,6579956,6579956.0
1777500315.016536,6580506,6580506.0
1777500343.784346,6580914,6580914.0
1777500378.2443306,6581409,6581409.0
1777500401.399891,6581735,6581735.0
1777500442.767732,6582328,6582328.0
1777500476.3358126,6582808,6582808.0
1777500517.667694,6583399,6583399.0
1777500554.687403,6583930,6583930.0
1777500588.80296,6584419,6584419.0
1777500606.394865,6584659,6584659.0
1777500643.5711484,6585194,6585194.0
1777500682.3029974,6585749,6585749.0
1777500714.4066517,6586211,6586211.0
1777500739.1468863,6586555,6586555.0
1777500767.062647,6586948,6586948.0
1777500807.5306597,6587531,6587531.0
1777500847.1218698,6588094,6588094.0
1777500884.6420832,6588635,6588635.0
1777500930.3180277,6589294,6589294.0
1777500958.025746,6589684,6589684.0
1777501004.025789,6590345,6590345.0
1777501031.4097047,6590738,6590738.0
1777501058.9335973,6591129,6591129.0
1777501096.8174474,6591668,6591668.0
1777501130.009215,6592139,6592139.0
1777501152.4607728,6592456,6592456.0
1777501182.3367686,6592884,6592884.0
1777501209.7447393,6593268,6593268.0
1777501225.6367393,6593493,6593493.0
1777501252.388458,6593870,6593870.0
1777501300.0525773,6594553,6594553.0
1777501330.371869,6594989,6594989.0
1777501348.2877817,6595241,6595241.0
1777501367.3277328,6595507,6595507.0
1777501409.5118015,6596114,6596114.0
1777501436.6960173,6596502,6596502.0
1777501473.171433,6597023,6597023.0
1777501511.639751,6597573,6597573.0
1777501550.7553487,6598131,6598131.0
1777501584.4908075,6598614,6598614.0
1777501617.0751977,6599080,6599080.0
1777501660.8430352,6599711,6599711.0
1777501703.3586545,6600321,6600321.0
1777501730.2662272,6600698,6600698.0
1777501753.294606,6601024,6601024.0
1777501785.1943717,6601481,6601481.0
1777501811.249836,6601843,6601843.0
1777501852.701788,6602448,6602448.0
1777501886.2856627,6602926,6602926.0
1777501916.009778,6603350,6603350.0
1777501953.8936229,6603894,6603894.0
1777501993.0614913,6604446,6604446.0
1777502031.3971918,6604992,6604992.0
1777502079.136928,6605676,6605676.0
1777502111.2487476,6606132,6606132.0
1777502153.064664,6606736,6606736.0
1777502178.1043935,6607084,6607084.0
1777502211.0724807,6607556,6607556.0
1777502242.065924,6608000,6608000.0
1777502267.9839115,6608363,6608363.0
1777502304.5559318,6608893,6608893.0
1777502346.6157045,6609494,6609494.0
1777502364.767711,6609751,6609751.0
1777502414.227762,6610462,6610462.0
1777502444.759716,6610894,6610894.0
1777502487.4754605,6611512,6611512.0
1777502529.4793754,6612110,6612110.0
1777502564.7347784,6612617,6612617.0
1777502592.0190415,6612998,6612998.0
1777502621.226687,6613411,6613411.0
1777502656.1307507,6613911,6613911.0
1777502684.6385596,6614315,6614315.0
1777502734.861955,6615038,6615038.0
1777502753.6060765,6615299,6615299.0
1777502782.8458529,6615712,6615712.0
1777502815.845697,6616185,6616185.0
1777502862.4138093,6616854,6616854.0
1777502901.7496815,6617423,6617423.0
1777502921.517585,6617689,6617689.0
1777502957.6734095,6618212,6618212.0
1777502982.8648088,6618569,6618569.0
1777503015.6329114,6619041,6619041.0
1777503043.8250027,6619444,6619444.0
1777503069.8248515,6619807,6619807.0
1777503103.7846143,6620292,6620292.0
1777503139.0685349,6620797,6620797.0
1777503172.928294,6621278,6621278.0
1777503207.791978,6621779,6621779.0
1777503246.3124232,6622330,6622330.0
1777503276.0361457,6622758,6622758.0
1777503302.2195303,6623130,6623130.0
1777503355.5867414,6623902,6623902.0
1777503392.9867897,6624440,6624440.0
1777503432.7467284,6625002,6625002.0
1777503459.3861754,6625381,6625381.0
1777503488.2784758,6625794,6625794.0
1777503519.761862,6626240,6626240.0
1777503544.705707,6626598,6626598.0
1777503569.197712,6626945,6626945.0
1777503597.4375732,6627343,6627343.0
1777503631.789333,6627838,6627838.0
1777503671.4248571,6628405,6628405.0
1777503700.524736,6628822,6628822.0
1777503736.5645752,6629336,6629336.0
1777503763.3006487,6629712,6629712.0
1777503798.5763533,6630218,6630218.0
1777503825.5601082,6630598,6630598.0
1777503852.2517931,6630973,6630973.0
1777503875.8597674,6631309,6631309.0
1777503920.9754817,6631954,6631954.0
1777503946.8273194,6632325,6632325.0
1777503982.9754875,6632844,6632844.0
1777504012.219001,6633261,6633261.0
1777504028.327226,6633482,6633482.0
1777504060.2105293,6633933,6633933.0
1777504090.754543,6634370,6634370.0
1777504126.4862568,6634881,6634881.0
1777504147.1463175,6635175,6635175.0
1777504192.3937662,6635821,6635821.0
1777504226.6700993,6636311,6636311.0
1777504258.1377702,6636759,6636759.0
1777504300.0895662,6637358,6637358.0
1777504331.4574387,6637801,6637801.0
1777504369.4409273,6638347,6638347.0
1777504385.4890096,6638576,6638576.0
1777504409.196796,6638909,6638909.0
1777504444.8646789,6639420,6639420.0
1777504473.1641743,6639819,6639819.0
1777504507.2398858,6640307,6640307.0
1777504532.8243647,6640667,6640667.0
1777504563.0841897,6641100,6641100.0
1777504594.683831,6641552,6641552.0
1777504629.2356806,6642041,6642041.0
1777504659.7275155,6642471,6642471.0
1777504688.711503,6642882,6642882.0
1777504734.9117908,6643547,6643547.0
1777504774.6588895,6644118,6644118.0
1777504816.8268516,6644717,6644717.0
1777504843.9546742,6645095,6645095.0
1777504872.262662,6645496,6645496.0
1777504908.4625976,6646018,6646018.0
1777504934.570059,6646388,6646388.0
1777504977.2138598,6647003,6647003.0
1777504996.3057914,6647264,6647264.0
1777505022.013616,6647623,6647623.0
1777505046.3378212,6647973,6647973.0
1777505085.4054303,6648525,6648525.0
1777505120.4569695,6649027,6649027.0
1777505141.9330308,6649330,6649330.0
1777505171.5890427,6649750,6649750.0
1777505209.825062,6650302,6650302.0
1777505244.840552,6650795,6650795.0
1777505278.0646758,6651271,6651271.0
1777505327.6079855,6651984,6651984.0
1777505342.8517547,6652196,6652196.0
1777505400.499872,6653030,6653030.0
1777505435.9677532,6653536,6653536.0
1777505474.6194296,6654083,6654083.0
1777505491.943368,6654329,6654329.0
1777505517.7508795,6654693,6654693.0
1777505569.6786773,6655443,6655443.0
1777505604.4626594,6655944,6655944.0
1777505632.8706484,6656344,6656344.0
1777505657.3627582,6656690,6656690.0
1777505693.278691,6657201,6657201.0
1777505722.0383134,6657609,6657609.0
1777505756.2699249,6658095,6658095.0
1777505777.4459696,6658393,6658393.0
1777505803.154021,6658760,6658760.0
1777505820.7138636,6659010,6659010.0
1777505853.8655155,6659486,6659486.0
1777505899.6655972,6660135,6660135.0
1777505934.6969786,6660642,6660642.0
1777505965.3887424,6661082,6661082.0
1777506001.8406825,6661605,6661605.0
1777506028.9927227,6661990,6661990.0
1777506073.1086864,6662616,6662616.0
1777506116.2604847,6663236,6663236.0
1777506130.8004093,6663433,6663433.0
1777506168.8758602,6663976,6663976.0
1777506202.011691,6664452,6664452.0
1777506230.62761,6664855,6664855.0
1777506272.7117522,6665463,6665463.0
1777506304.6357458,6665918,6665918.0
1777506325.9114182,6666216,6666216.0
1777506352.6954544,6666594,6666594.0
1777506382.31879,6667013,6667013.0
1777506408.946798,6667390,6667390.0
1777506429.8549798,6667683,6667683.0
1777506466.1546276,6668198,6668198.0
1777506507.1386049,6668788,6668788.0
1777506533.9144232,6669164,6669164.0
1777506565.5464864,6669615,6669615.0
1777506602.181973,6670145,6670145.0
1777506636.4337895,6670634,6670634.0
1777506652.713591,6670857,6670857.0
1777506666.657604,6671055,6671055.0
1777506681.7177486,6671254,6671254.0
1777506704.5255432,6671572,6671572.0
1777506727.0654957,6671893,6671893.0
1777506762.733484,6672395,6672395.0
1777506786.7255065,6672740,6672740.0
1777506824.3927305,6673270,6673270.0
1777506854.0087464,6673690,6673690.0
1777506872.808829,6673958,6673958.0
1777506899.044705,6674327,6674327.0
1777506932.1844876,6674801,6674801.0
1777506974.8358226,6675407,6675407.0
1777507006.3521318,6675861,6675861.0
1777507035.1956303,6676272,6676272.0
1777507064.479776,6676688,6676688.0
1777507105.6957707,6677277,6677277.0
1777507142.8955643,6677809,6677809.0
1777507176.1388698,6678284,6678284.0
1777507215.3390644,6678838,6678838.0
1777507263.7826982,6679543,6679543.0
1777507310.1308048,6680204,6680204.0
1777507345.150746,6680705,6680705.0
1777507367.042732,6681012,6681012.0
1777507400.0989401,6681486,6681486.0
1777507428.3987126,6681887,6681887.0
1777507457.002759,6682295,6682295.0
1777507497.3589475,6682876,6682876.0
1777507528.942978,6683328,6683328.0
1777507551.5027108,6683644,6683644.0
1777507578.862664,6684033,6684033.0
1777507608.7469893,6684458,6684458.0
1777507673.1709354,6685387,6685387.0
1777507692.146636,6685660,6685660.0
1777507718.7868469,6686036,6686036.0
1777507744.763165,6686402,6686402.0
1777507790.174747,6687055,6687055.0
1777507820.0827312,6687476,6687476.0
1777507860.2507355,6688056,6688056.0
1777507893.9144905,6688532,6688532.0
1777507928.274719,6689027,6689027.0
1777507949.066179,6689315,6689315.0
1777507998.0938613,6690019,6690019.0
1777508017.318452,6690288,6690288.0
1777508032.3944752,6690488,6690488.0
1777508065.1018052,6690955,6690955.0
1777508113.8616767,6691660,6691660.0
1777508145.9177132,6692120,6692120.0
1777508179.553651,6692597,6692597.0
1777508222.2377148,6693213,6693213.0
1777508262.5377762,6693797,6693797.0
1777508304.8375487,6694400,6694400.0
1777508334.39751,6694821,6694821.0
1777508366.2492232,6695272,6695272.0
1777508391.72122,6695633,6695633.0
1777508416.9053001,6695988,6695988.0
1777508439.649595,6696317,6696317.0
1777508463.1726775,6696649,6696649.0
1777508495.2490559,6697104,6697104.0
1777508532.848755,6697643,6697643.0
1777508572.08421,6698202,6698202.0
1777508606.0007606,6698688,6698688.0
1777508649.1684735,6699311,6699311.0
1777508679.6083844,6699738,6699738.0
1777508713.1598706,6700215,6700215.0
1777508739.3038712,6700584,6700584.0
1777508776.495762,6701113,6701113.0
1777508809.4037514,6701581,6701581.0
1777508833.295749,6701928,6701928.0
1777508863.527547,6702361,6702361.0
1777508906.711534,6702980,6702980.0
1777508941.3873985,6703470,6703470.0
1777508978.7391155,6704009,6704009.0
1777509012.0389462,6704480,6704480.0
1777509030.6993055,6704734,6704734.0
1777509063.1387827,6705202,6705202.0
1777509081.5829568,6705449,6705449.0
1777509115.0987716,6705928,6705928.0
1777509138.9427109,6706263,6706263.0
1777509179.3262286,6706848,6706848.0
1777509218.8420298,6707417,6707417.0
1777509248.7579303,6707844,6707844.0
1777509295.0098348,6708506,6708506.0
1777509325.750029,6708944,6708944.0
1777509358.7177122,6709415,6709415.0
1777509412.7450538,6710197,6710197.0
1777509455.8929808,6710818,6710818.0
1777509479.1688077,6711145,6711145.0
1777509519.3199205,6711726,6711726.0
1777509537.012018,6711964,6711964.0
1777509582.6117868,6712629,6712629.0
1777509617.4638727,6713116,6713116.0
1777509634.8709154,6713363,6713363.0
1777509668.4791749,6713845,6713845.0
1777509693.2148178,6714195,6714195.0
1777509719.770616,6714575,6714575.0
1777509759.07054,6715140,6715140.0
1777509799.3061392,6715709,6715709.0
1777509840.3736079,6716296,6716296.0
1777509870.0297713,6716711,6716711.0
1777509895.2816606,6717069,6717069.0
1777509924.6254628,6717486,6717486.0
1777509943.8968427,6717756,6717756.0
1777509974.4728327,6718194,6718194.0
1777510008.200763,6718664,6718664.0
1777510035.2488086,6719057,6719057.0
1777510067.7487905,6719516,6719516.0
1777510094.124615,6719896,6719896.0
1777510131.575996,6720423,6720423.0
1777510168.0918756,6720947,6720947.0
1777510187.719756,6721221,6721221.0
1777510204.191936,6721447,6721447.0
1777510223.7517767,6721714,6721714.0
1777510252.1516786,6722116,6722116.0
1777510270.7673457,6722378,6722378.0
1777510314.0190852,6722999,6722999.0
1777510339.955141,6723366,6723366.0
1777510357.4026494,6723614,6723614.0
1777510388.2187738,6724051,6724051.0
1777510424.970394,6724580,6724580.0
1777510463.6222832,6725126,6725126.0
1777510496.2780993,6725593,6725593.0
1777510529.929858,6726050,6726050.0
1777510544.3741047,6726254,6726254.0
1777510580.9056518,6726765,6726765.0
1777510619.297811,6727317,6727317.0
1777510661.2495944,6727920,6727920.0
1777510682.405739,6728216,6728216.0
1777510704.4411535,6728527,6728527.0
1777510733.3490145,6728930,6728930.0
1777510774.2325547,6729523,6729523.0
1777510817.3847585,6730146,6730146.0
1777510844.3407035,6730523,6730523.0
1777510878.1246018,6731006,6731006.0
1777510923.6278496,6731653,6731653.0
1777510954.8279874,6732102,6732102.0
1777510980.7839627,6732469,6732469.0
1777511009.8675835,6732877,6732877.0
1777511059.9714344,6733601,6733601.0
1777511087.395614,6733996,6733996.0
1777511122.5788646,6734488,6734488.0
1777511142.2709534,6734770,6734770.0
1777511192.7625337,6735494,6735494.0
1777511229.930742,6736028,6736028.0
1777511247.2628348,6736262,6736262.0
1777511281.130522,6736749,6736749.0
1777511297.9745414,6736985,6736985.0
1777511329.0979846,6737433,6737433.0
1777511352.8498645,6737768,6737768.0
1777511395.1338165,6738370,6738370.0
1777511437.5337374,6738982,6738982.0
1777511458.125576,6739270,6739270.0
1777511510.3495123,6740022,6740022.0
1777511538.9572902,6740436,6740436.0
1777511573.2690253,6740919,6740919.0
1777511595.4526644,6741236,6741236.0
1777511629.4606142,6741722,6741722.0
1777511664.7286518,6742214,6742214.0
1777511694.9285178,6742645,6742645.0
1777511716.3200839,6742948,6742948.0
1777511754.635803,6743495,6743495.0
1777511788.3278341,6743975,6743975.0
1777511831.1437094,6744594,6744594.0
1777511863.263563,6745046,6745046.0
1777511884.7716012,6745344,6745344.0
1777511943.9949243,6746200,6746200.0
1777511993.0150583,6746907,6746907.0
1777512037.7468095,6747553,6747553.0
1777512068.8147,6747996,6747996.0
1777512093.4225893,6748342,6748342.0
1777512122.1225874,6748750,6748750.0
1777512161.205899,6749311,6749311.0
1777512188.2978997,6749691,6749691.0
1777512212.8898067,6750039,6750039.0
1777512230.3339434,6750288,6750288.0
1777512267.1497498,6750807,6750807.0
1777512298.8095694,6751261,6751261.0
1777512329.993603,6751704,6751704.0
1777512366.892778,6752238,6752238.0
1777512392.7528934,6752602,6752602.0
1777512416.1850026,6752935,6752935.0
1777512450.0604122,6753416,6753416.0
1777512485.844839,6753932,6753932.0
1777512494.712744,6754052,6754052.0
1777512531.7129397,6754576,6754576.0
1777512567.0284107,6755083,6755083.0
1777512603.4200232,6755605,6755605.0
1777512643.187761,6756175,6756175.0
1777512678.323707,6756678,6756678.0
1777512712.2237186,6757155,6757155.0
1777512754.1913817,6757764,6757764.0
1777512798.4909358,6758402,6758402.0
1777512822.515025,6758744,6758744.0
1777512847.4229524,6759097,6759097.0
1777512862.1228237,6759295,6759295.0
1777512911.6747425,6760016,6760016.0
1777512942.6505446,6760456,6760456.0
1777512987.434378,6761095,6761095.0
1777513013.2858443,6761460,6761460.0
1777513029.0343468,6761679,6761679.0
1777513053.3698995,6762023,6762023.0
1777513079.9779582,6762405,6762405.0
1777513133.9013934,6763181,6763181.0
1777513170.222123,6763695,6763695.0
1777513209.6610553,6764262,6764262.0
1777513235.1607409,6764623,6764623.0
1777513271.3529365,6765145,6765145.0
1777513281.5614574,6765283,6765283.0
1777513299.5530179,6765527,6765527.0
1777513323.0448074,6765855,6765855.0
1777513354.1887364,6766299,6766299.0
1777513391.8882735,6766842,6766842.0
1777513429.2241018,6767375,6767375.0
1777513471.6558306,6767976,6767976.0
1777513506.4920418,6768470,6768470.0
1777513532.0637927,6768832,6768832.0
1777513560.2481284,6769231,6769231.0
1777513590.3394842,6769661,6769661.0
1777513602.4157348,6769830,6769830.0
1777513633.0234249,6770269,6770269.0
1777513676.5913994,6770893,6770893.0
1777513707.8910315,6771339,6771339.0
1777513743.7272596,6771854,6771854.0
1777513779.0355065,6772358,6772358.0
1777513819.670975,6772945,6772945.0
1777513857.8949704,6773487,6773487.0
1777513891.6386957,6773963,6773963.0
1777513935.022353,6774593,6774593.0
1777513948.0786831,6774763,6774763.0
1777513980.3064585,6775220,6775220.0
1777514022.614545,6775831,6775831.0
1777514061.5220823,6776391,6776391.0
1777514099.7817974,6776934,6776934.0
1777514120.8298578,6777233,6777233.0
1777514136.4416835,6777446,6777446.0
1777514162.3737555,6777810,6777810.0
1777514187.049675,6778155,6778155.0
1777514221.2334347,6778643,6778643.0
1777514266.7176785,6779301,6779301.0
1777514292.7568636,6779664,6779664.0
1777514325.8330467,6780140,6780140.0
1777514336.8610103,6780285,6780285.0
1777514369.9088738,6780756,6780756.0
1777514414.3446727,6781399,6781399.0
1777514448.5925486,6781890,6781890.0
1777514477.1206627,6782297,6782297.0
1777514513.7883127,6782822,6782822.0
1777514554.651992,6783404,6783404.0
1777514601.071616,6784080,6784080.0
1777514619.9797354,6784335,6784335.0
1777514651.3639164,6784785,6784785.0
1777514692.2797735,6785374,6785374.0
1777514731.1315372,6785922,6785922.0
1777514758.4068718,6786303,6786303.0
1777514770.4231749,6786465,6786465.0
1777514792.60736,6786778,6786778.0
1777514823.5990276,6787212,6787212.0
1777514865.566929,6787820,6787820.0
1777514898.8824627,6788297,6788297.0
1777514918.4266775,6788568,6788568.0
1777514955.310515,6789096,6789096.0
1777514995.4259944,6789668,6789668.0
1777515041.742009,6790337,6790337.0
1777515064.7017686,6790659,6790659.0
1777515081.7098296,6790901,6790901.0
1777515106.0856023,6791246,6791246.0
1777515143.2013304,6791779,6791779.0
1777515170.661542,6792167,6792167.0
1777515196.4136353,6792525,6792525.0
1777515224.805445,6792925,6792925.0
1777515254.260844,6793349,6793349.0
1777515278.0967968,6793681,6793681.0
1777515316.0207644,6794231,6794231.0
1777515345.4887636,6794644,6794644.0
1777515372.9967017,6795032,6795032.0
1777515411.5965135,6795590,6795590.0
1777515444.496533,6796061,6796061.0
1777515483.431993,6796614,6796614.0
1777515521.6836295,6797162,6797162.0
1777515545.2396905,6797496,6797496.0
1777515593.923663,6798206,6798206.0
1777515618.067536,6798543,6798543.0
1777515654.635689,6799073,6799073.0
1777515690.3832254,6799582,6799582.0
1777515743.7590063,6800362,6800362.0
1777515779.7349215,6800873,6800873.0
1777515810.902806,6801312,6801312.0
1777515841.6027148,6801749,6801749.0
1777515891.1384032,6802467,6802467.0
1777515917.5460296,6802839,6802839.0
1777515947.4459069,6803265,6803265.0
1777515979.2376971,6803722,6803722.0
1777516002.5136385,6804044,6804044.0
1777516038.2457936,6804555,6804555.0
1777516076.8458507,6805110,6805110.0
1777516103.2576346,6805488,6805488.0
1777516131.641261,6805884,6805884.0
1777516177.0888023,6806532,6806532.0
1777516204.580835,6806921,6806921.0
1777516233.7008903,6807337,6807337.0
1777516286.6006668,6808106,6808106.0
1777516321.7846467,6808598,6808598.0
1777516351.3685734,6809012,6809012.0
1777516379.659962,6809416,6809416.0
1777516406.8159728,6809809,6809809.0
1777516449.7520323,6810420,6810420.0
1777516482.0197508,6810879,6810879.0
1777516501.2597833,6811143,6811143.0
1777516546.859253,6811800,6811800.0
1777516573.0436993,6812165,6812165.0
1777516611.75487,6812721,6812721.0
1777516653.5951045,6813316,6813316.0
1777516692.4230244,6813874,6813874.0
1777516712.1468062,6814150,6814150.0
1777516744.6308706,6814609,6814609.0
1777516770.098342,6814972,6814972.0
1777516806.6745346,6815493,6815493.0
1777516831.8584473,6815844,6815844.0
1777516871.6500137,6816418,6816418.0
1777516903.2818553,6816869,6816869.0
1777516945.5337973,6817481,6817481.0
1777516979.2340488,6817955,6817955.0
1777517013.2416947,6818439,6818439.0
1777517045.0775375,6818890,6818890.0
1777517069.801307,6819233,6819233.0
1777517106.285014,6819760,6819760.0
1777517143.5008643,6820289,6820289.0
1777517179.4284108,6820803,6820803.0
1777517230.3046868,6821535,6821535.0
1777517251.776809,6821834,6821834.0
1777517275.5685093,6822179,6822179.0
1777517325.3118339,6822894,6822894.0
1777517341.5884008,6823114,6823114.0
1777517377.7276676,6823634,6823634.0
1777517397.7199507,6823916,6823916.0
1777517442.4877932,6824558,6824558.0
1777517487.2470639,6825205,6825205.0
1777517513.871105,6825579,6825579.0
1777517539.1989546,6825934,6825934.0
1777517578.766975,6826503,6826503.0
1777517616.0506535,6827037,6827037.0
1777517648.834548,6827501,6827501.0
1777517676.4261773,6827898,6827898.0
1777517706.1104345,6828318,6828318.0
1777517748.8579965,6828933,6828933.0
1777517797.1100032,6829625,6829625.0
1777517836.241448,6830186,6830186.0
1777517873.024844,6830710,6830710.0
1777517899.6690052,6831083,6831083.0
1777517913.6769922,6831268,6831268.0
1777517950.9127467,6831805,6831805.0
1777517992.6605287,6832408,6832408.0
1777518017.5206134,6832762,6832762.0
1777518051.4879887,6833248,6833248.0
1777518073.6798816,6833561,6833561.0
1777518096.9559424,6833892,6833892.0
1777518150.9717424,6834673,6834673.0
1777518186.07164,6835171,6835171.0
1777518205.5477417,6835451,6835451.0
1777518236.6471848,6835890,6835890.0
1777518266.6713574,6836317,6836317.0
1777518298.7230504,6836777,6836777.0
1777518335.3911483,6837297,6837297.0
1777518363.6667047,6837702,6837702.0
1777518398.714392,6838198,6838198.0
1777518433.8259363,6838703,6838703.0
1777518477.717863,6839337,6839337.0
1777518504.3939612,6839718,6839718.0
1777518546.2258356,6840314,6840314.0
1777518585.277478,6840872,6840872.0
1777518634.161434,6841578,6841578.0
1777518682.3687406,6842277,6842277.0
1777518730.8052564,6842969,6842969.0
1777518745.513466,6843175,6843175.0
1777518772.5208223,6843556,6843556.0
1777518820.164566,6844241,6844241.0
1777518859.9284196,6844816,6844816.0
1777518896.2878072,6845337,6845337.0
1777518927.5398984,6845780,6845780.0
1777518946.2643776,6846042,6846042.0
1777518977.487824,6846491,6846491.0
1777519002.871614,6846847,6846847.0
1777519026.1317382,6847171,6847171.0
1777519047.375471,6847475,6847475.0
1777519074.5669599,6847859,6847859.0
1777519095.522945,6848150,6848150.0
1777519151.567102,6848961,6848961.0
1777519183.0908237,6849410,6849410.0
1777519211.5586069,6849816,6849816.0
1777519261.9025412,6850536,6850536.0
1777519277.7504797,6850761,6850761.0
1777519313.634502,6851270,6851270.0
1777519334.5623255,6851561,6851561.0
1777519371.0617087,6852082,6852082.0
1777519403.3020265,6852543,6852543.0
1777519434.7695384,6852991,6852991.0
1777519480.069444,6853639,6853639.0
1777519499.4608824,6853912,6853912.0
1777519543.4128964,6854541,6854541.0
1777519571.3966448,6854934,6854934.0
1777519594.8047976,6855264,6855264.0
1777519627.3047173,6855724,6855724.0
1777519656.0125227,6856127,6856127.0
1777519689.7326488,6856608,6856608.0
1777519725.3246593,6857119,6857119.0
1777519763.2564526,6857668,6857668.0
1777519804.6920722,6858261,6858261.0
1777519833.5760453,6858667,6858667.0
1777519867.0160322,6859145,6859145.0
1777519887.9439678,6859442,6859442.0
1777519919.7442517,6859898,6859898.0
1777519951.0837588,6860347,6860347.0
1777519984.2037327,6860815,6860815.0
1777520011.327713,6861203,6861203.0
1777520044.643324,6861669,6861669.0
1777520078.5109274,6862155,6862155.0
1777520115.8630917,6862690,6862690.0
1777520131.263176,6862907,6862907.0
1777520167.7307236,6863420,6863420.0
1777520198.8627222,6863868,6863868.0
1777520236.2306688,6864404,6864404.0
1777520262.5226912,6864773,6864773.0
1777520294.3619914,6865223,6865223.0
1777520335.246003,6865811,6865811.0
1777520364.4497175,6866220,6866220.0
1777520402.4137697,6866767,6866767.0
1777520420.6419408,6867016,6867016.0
1777520471.3260212,6867745,6867745.0
1777520496.0497427,6868090,6868090.0
1777520523.64953,6868483,6868483.0
1777520546.9776578,6868816,6868816.0
1777520585.1248336,6869355,6869355.0
1777520621.4453912,6869870,6869870.0
1777520640.2928011,6870138,6870138.0
1777520683.4690294,6870753,6870753.0
1777520726.268555,6871374,6871374.0
1777520749.3443496,6871690,6871690.0
1777520795.028037,6872346,6872346.0
1777520833.0639045,6872886,6872886.0
1777520861.5359724,6873287,6873287.0
1777520895.9398391,6873779,6873779.0
1777520929.6396763,6874258,6874258.0
1777520951.563824,6874567,6874567.0
1777520967.2556267,6874790,6874790.0
1777521000.8798213,6875275,6875275.0
1777521045.7389498,6875914,6875914.0
1777521078.9149916,6876391,6876391.0
1777521116.4990423,6876936,6876936.0
1777521159.0828047,6877542,6877542.0
1777521191.3346815,6878005,6878005.0
1777521219.574579,6878403,6878403.0
1777521248.4265656,6878813,6878813.0
1777521283.5182,6879315,6879315.0
1777521320.350433,6879847,6879847.0
1777521346.1418288,6880211,6880211.0
1777521379.5617096,6880692,6880692.0
1777521420.709688,6881285,6881285.0
1777521462.5137582,6881879,6881879.0
1777521494.1132188,6882329,6882329.0
1777521521.3890204,6882710,6882710.0
1777521538.712892,6882954,6882954.0
1777521576.8450322,6883498,6883498.0
1777521611.6967273,6883996,6883996.0
1777521635.6047754,6884327,6884327.0
1777521663.4966292,6884729,6884729.0
1777521713.0557756,6885440,6885440.0
1777521733.899768,6885728,6885728.0
1777521766.055782,6886187,6886187.0
1777521790.1993334,6886530,6886530.0
1777521818.647535,6886928,6886928.0
1777521846.2228882,6887322,6887322.0
1777521887.7590652,6887920,6887920.0
1777521920.9909396,6888394,6888394.0
1777521950.9346886,6888811,6888811.0
1777521971.3824592,6889096,6889096.0
1777521993.1819484,6889411,6889411.0
1777522028.658084,6889910,6889910.0
1777522065.3018048,6890435,6890435.0
1777522096.7534606,6890884,6890884.0
1777522122.2935467,6891244,6891244.0
1777522149.717412,6891632,6891632.0
1777522177.1288009,6892023,6892023.0
1777522205.128999,6892421,6892421.0
1777522247.8609293,6893039,6893039.0
1777522280.9807684,6893508,6893508.0
1777522315.836465,6894012,6894012.0
1777522359.2877948,6894626,6894626.0
1777522386.2038546,6895010,6895010.0
1777522412.9117672,6895389,6895389.0
1777522441.615743,6895795,6895795.0
1777522466.8714316,6896153,6896153.0
1777522490.8993833,6896490,6896490.0
1777522530.8468442,6897060,6897060.0
1777522557.1910727,6897432,6897432.0
1777522576.0467372,6897694,6897694.0
1777522630.1588473,6898472,6898472.0
1777522655.7146795,6898835,6898835.0
1777522679.806488,6899180,6899180.0
1777522692.5183072,6899345,6899345.0
1777522712.6263177,6899630,6899630.0
1777522747.673854,6900125,6900125.0
1777522793.0938113,6900775,6900775.0
1777522825.3017254,6901230,6901230.0
1777522857.1334944,6901681,6901681.0
1777522881.409719,6902019,6902019.0
1777522918.4288464,6902552,6902552.0
1777522966.7287836,6903242,6903242.0
1777523014.5527935,6903934,6903934.0
1777523042.4808588,6904330,6904330.0
1777523066.1526163,6904659,6904659.0
1777523085.2803717,6904926,6904926.0
1777523127.464015,6905528,6905528.0
1777523150.8800032,6905852,6905852.0
1777523177.7238338,6906235,6906235.0
1777523210.923926,6906703,6906703.0
1777523258.4396517,6907385,6907385.0
1777523292.223388,6907867,6907867.0
1777523333.5590332,6908459,6908459.0
1777523376.090872,6909075,6909075.0
1777523398.6830664,6909390,6909390.0
1777523443.6187813,6910034,6910034.0
1777523483.1823335,6910603,6910603.0
1777523525.4499862,6911218,6911218.0
1777523556.5699906,6911658,6911658.0
1777523602.5017707,6912311,6912311.0
1777523649.1177073,6912983,6912983.0
1777523704.7451866,6913796,6913796.0
1777523729.485077,6914144,6914144.0
1777523761.8049083,6914605,6914605.0
1777523769.637441,6914697,6914697.0
1777523816.3892956,6915372,6915372.0
1777523843.1209488,6915750,6915750.0
1777523868.165121,6916103,6916103.0
1777523902.5806556,6916598,6916598.0
1777523959.7726572,6917421,6917421.0
1777523992.3327596,6917886,6917886.0
1777524040.7760243,6918581,6918581.0
1777524065.2678845,6918931,6918931.0
1777524094.7757854,6919352,6919352.0
1777524112.6999958,6919598,6919598.0
1777524135.7596958,6919922,6919922.0
1777524176.9077938,6920514,6920514.0
1777524199.3677945,6920830,6920830.0
1777524227.783387,6921231,6921231.0
1777524270.6515758,6921848,6921848.0
1777524296.4595082,6922215,6922215.0
1777524348.2032425,6922961,6922961.0
1777524392.418854,6923599,6923599.0
1777524424.7107875,6924056,6924056.0
1777524444.2388387,6924319,6924319.0
1777524495.2145572,6925052,6925052.0
1777524540.046315,6925702,6925702.0
1777524559.93834,6925978,6925978.0
1777524578.5983303,6926239,6926239.0
1777524587.8060308,6926357,6926357.0
1777524636.0420306,6927061,6927061.0
1777524687.7417047,6927807,6927807.0
1777524709.3576121,6928107,6928107.0
1777524745.4656236,6928621,6928621.0
1777524775.685684,6929048,6929048.0
1777524811.900806,6929570,6929570.0
1777524839.5251763,6929958,6929958.0
1777524866.2326298,6930337,6930337.0
1777524893.7167122,6930725,6930725.0
1777524920.0448468,6931094,6931094.0
1777524972.0204902,6931842,6931842.0
1777525007.1965208,6932343,6932343.0
1777525048.1439347,6932933,6932933.0
1777525091.9559224,6933558,6933558.0
1777525129.0277324,6934087,6934087.0
1777525175.6237197,6934765,6934765.0
1777525201.6315992,6935132,6935132.0
1777525237.7788796,6935652,6935652.0
1777525262.9389913,6936012,6936012.0
1777525294.2471035,6936451,6936451.0
1777525322.1989148,6936848,6936848.0
1777525360.9827073,6937398,6937398.0
1777525393.6907756,6937866,6937866.0
1777525422.6265774,6938278,6938278.0
1777525457.42636,6938776,6938776.0
1777525499.0260513,6939375,6939375.0
1777525545.109723,6940032,6940032.0
1777525583.5414727,6940581,6940581.0
1777525630.5458555,6941255,6941255.0
1777525639.517549,6941374,6941374.0
1777525672.8614461,6941854,6941854.0
1777525706.7608333,6942335,6942335.0
1777525751.837037,6942982,6942982.0
1777525782.0288932,6943409,6943409.0
1777525807.1529377,6943768,6943768.0
1777525834.0967557,6944147,6944147.0
1777525860.588842,6944515,6944515.0
1777525877.428718,6944739,6944739.0
1777525922.4127295,6945386,6945386.0
1777525947.896999,6945739,6945739.0
1777526008.1405358,6946617,6946617.0
1777526048.3404298,6947193,6947193.0
1777526069.3479695,6947488,6947488.0
1777526125.6444967,6948298,6948298.0
1777526157.8843408,6948759,6948759.0
1777526180.3441913,6949075,6949075.0
1777526222.9916658,6949690,6949690.0
1777526271.2677646,6950383,6950383.0
1777526311.551759,6950962,6950962.0
1777526356.0557182,6951590,6951590.0
1777526371.2635243,6951806,6951806.0
1777526398.871582,6952197,6952197.0
1777526434.7034001,6952707,6952707.0
1777526475.8552446,6953293,6953293.0
1777526506.3149018,6953721,6953721.0
1777526541.7467027,6954227,6954227.0
1777526571.6987329,6954654,6954654.0
1777526594.906715,6954976,6954976.0
1777526632.0226219,6955508,6955508.0
1777526652.814598,6955794,6955794.0
1777526682.089927,6956210,6956210.0
1777526705.6179652,6956549,6956549.0
1777526725.7103848,6956830,6956830.0
1777526755.0102077,6957240,6957240.0
1777526779.4499927,6957581,6957581.0
1777526823.6015265,6958217,6958217.0
1777526851.1097949,6958606,6958606.0
1777526866.7856667,6958819,6958819.0
1777526892.9256666,6959188,6959188.0
1777526924.1097164,6959629,6959629.0
1777526969.877419,6960292,6960292.0
1777527005.8609617,6960806,6960806.0
1777527038.897004,6961279,6961279.0
1777527073.936777,6961775,6961775.0
1777527109.3047612,6962279,6962279.0
1777527146.420771,6962813,6962813.0
1777527192.8039527,6963482,6963482.0
1777527233.1719575,6964059,6964059.0
1777527282.316089,6964759,6964759.0
1777527320.2680688,6965301,6965301.0
1777527353.3078847,6965772,6965772.0
1777527370.7834835,6966021,6966021.0
1777527393.7917614,6966340,6966340.0
1777527432.2834914,6966879,6966879.0
1777527457.0989342,6967238,6967238.0
1777527501.9590147,6967880,6967880.0
1777527529.2670496,6968263,6968263.0
1777527556.2789493,6968637,6968637.0
1777527570.1866517,6968832,6968832.0
1777527594.7108023,6969176,6969176.0
1777527623.562746,6969585,6969585.0
1777527655.2386613,6970039,6970039.0
1777527688.3027186,6970507,6970507.0
1777527733.3218167,6971150,6971150.0
1777527765.02185,6971593,6971593.0
1777527807.3737786,6972201,6972201.0
1777527834.045783,6972580,6972580.0
1777527857.773713,6972914,6972914.0
1777527887.6055424,6973340,6973340.0
1777527908.4130728,6973641,6973641.0
1777527955.048828,6974307,6974307.0
1777527988.033121,6974775,6974775.0
1777528049.1570177,6975659,6975659.0
1777528084.9167624,6976166,6976166.0
1777528112.232366,6976553,6976553.0
1777528132.7607036,6976835,6976835.0
1777528172.443834,6977407,6977407.0
1777528197.1203103,6977752,6977752.0
1777528228.1279516,6978196,6978196.0
1777528250.776007,6978515,6978515.0
1777528298.479748,6979204,6979204.0
1777528346.4637542,6979890,6979890.0
1777528366.9037867,6980177,6980177.0
1777528389.8273792,6980504,6980504.0
1777528414.479537,6980845,6980845.0
1777528441.1229956,6981224,6981224.0
1777528469.8149505,6981630,6981630.0
1777528512.6788318,6982247,6982247.0
1777528545.8387258,6982719,6982719.0
1777528572.4747233,6983106,6983106.0
1777528628.0825021,6983909,6983909.0
1777528656.0821424,6984308,6984308.0
1777528686.590069,6984741,6984741.0
1777528730.9339912,6985371,6985371.0
1777528753.5175812,6985691,6985691.0
1777528801.0096946,6986376,6986376.0
1777528832.9496493,6986829,6986829.0
1777528874.6089582,6987421,6987421.0
1777528911.3368983,6987944,6987944.0
1777528946.020922,6988434,6988434.0
1777528979.6049757,6988918,6988918.0
1777529044.3968651,6989857,6989857.0
1777529068.3207285,6990192,6990192.0
1777529098.428417,6990624,6990624.0
1777529124.5801804,6990993,6990993.0
1777529162.2121074,6991540,6991540.0
1777529190.0037909,6991931,6991931.0
1777529226.9879687,6992462,6992462.0
1777529258.3477285,6992908,6992908.0
1777529281.8077214,6993240,6993240.0
1777529314.4391983,6993709,6993709.0
1777529342.499417,6994106,6994106.0
1777529379.0148022,6994630,6994630.0
1777529410.5830736,6995079,6995079.0
1777529436.0910528,6995440,6995440.0
1777529464.166816,6995839,6995839.0
1777529492.1826565,6996236,6996236.0
1777529536.0027642,6996860,6996860.0
1777529567.3865535,6997303,6997303.0
1777529613.2019567,6997963,6997963.0
1777529649.1020703,6998477,6998477.0
1777529675.8099961,6998855,6998855.0
1777529729.1698093,6999621,6999621.0
1777529752.1976855,6999947,6999947.0
1777529792.9905126,7000479,7000479.0
1777529811.9896557,7000742,7000742.0
1777529847.8288457,7001258,7001258.0
1777529882.4809368,7001749,7001749.0
1777529909.5049818,7002133,7002133.0
1777529941.2886012,7002582,7002582.0
1777529990.2559872,7003285,7003285.0
1777530012.5399272,7003607,7003607.0
1777530027.1918461,7003806,7003806.0
1777530043.263996,7004035,7004035.0
1777530063.0757155,7004303,7004303.0
1777530099.991616,7004837,7004837.0
1777530136.2909396,7005350,7005350.0
1777530163.4667914,7005740,7005740.0
1777530194.134769,7006174,7006174.0
1777530226.327077,7006627,7006627.0
1777530251.882647,7006995,7006995.0
1777530281.066703,7007406,7007406.0
1777530312.993972,7007861,7007861.0
1777530354.1341302,7008453,7008453.0
1777530387.9780085,7008935,7008935.0
1777530436.7215428,7009639,7009639.0
1777530454.4013426,7009885,7009885.0
1777530477.504842,7010204,7010204.0
1777530512.528876,7010705,7010705.0
1777530552.5607812,7011284,7011284.0
1777530595.5646958,7011899,7011899.0
1777530622.028565,7012276,7012276.0
1777530658.7959719,7012800,7012800.0
1777530688.0399773,7013217,7013217.0
1777530724.3399417,7013732,7013732.0
1777530759.3796668,7014234,7014234.0
1777530809.0239708,7014944,7014944.0
1777530830.43151,7015242,7015242.0
1777530870.1155794,7015813,7015813.0
1777530897.3588495,7016197,7016197.0
1777530922.7270896,7016557,7016557.0
1777530942.6347919,7016841,7016841.0
1777530986.4346948,7017459,7017459.0
1777531032.5025334,7018127,7018127.0
1777531069.0178742,7018639,7018639.0
1777531094.0417573,7019002,7019002.0
1777531118.5697136,7019342,7019342.0
1777531153.7379823,7019848,7019848.0
1777531191.6375582,7020381,7020381.0
1777531223.2696135,7020832,7020832.0
1777531263.5775926,7021412,7021412.0
1777531298.4288452,7021908,7021908.0
1777531334.2129998,7022420,7022420.0
1777531361.4049351,7022808,7022808.0
1777531404.112751,7023415,7023415.0
1777531424.5327995,7023709,7023709.0
1777531451.7644062,7024091,7024091.0
1777531491.663836,7024657,7024657.0
1777531534.6840467,7025272,7025272.0
1777531564.6919997,7025698,7025698.0
1777531589.95963,7026055,7026055.0
1777531612.751644,7026369,7026369.0
1777531656.8996534,7027007,7027007.0
1777531696.6831267,7027575,7027575.0
1777531726.010887,7027995,7027995.0
1777531774.6871016,7028690,7028690.0
1777531799.5786858,7029042,7029042.0
1777531818.2349086,7029299,7029299.0
1777531842.8424554,7029647,7029647.0
1777531867.2026737,7029991,7029991.0
1777531891.6783628,7030337,7030337.0
1777531946.169643,7031123,7031123.0
1777531961.5134666,7031337,7031337.0
1777532000.4128265,7031894,7031894.0
1777532053.2119582,7032661,7032661.0
1777532090.795829,7033196,7033196.0
1777532131.3955061,7033778,7033778.0
1777532170.462949,7034336,7034336.0
1777532202.1945329,7034790,7034790.0
1777532220.270614,7035037,7035037.0
1777532252.1978002,7035492,7035492.0
1777532269.0220697,7035719,7035719.0
1777532309.0533712,7036290,7036290.0
1777532336.5815592,7036681,7036681.0
1777532357.6734092,7036982,7036982.0
1777532399.1126416,7037572,7037572.0
1777532423.1046536,7037909,7037909.0
1777532460.072535,7038444,7038444.0
1777532491.5002892,7038892,7038892.0
1777532521.0996892,7039308,7039308.0
1777532562.9317336,7039914,7039914.0
1777532610.6831117,7040599,7040599.0
1777532649.8508325,7041157,7041157.0
1777532704.7106297,7041947,7041947.0
1777532732.2504141,7042338,7042338.0
1777532757.7583094,7042700,7042700.0
1777532793.5258772,7043210,7043210.0
1777532824.9776607,7043662,7043662.0
1777532860.4334836,7044170,7044170.0
1777532900.784957,7044741,7044741.0
1777532935.5006099,7045237,7045237.0
1777532980.5205731,7045888,7045888.0
1777532991.960746,7046038,7046038.0
1777533035.7439384,7046667,7046667.0
1777533051.5039504,7046882,7046882.0
1777533090.2560494,7047442,7047442.0
1777533123.7957902,7047920,7047920.0
1777533151.7632334,7048314,7048314.0
1777533195.5308738,7048947,7048947.0
1777533228.4070835,7049421,7049421.0
1777533251.3069978,7049738,7049738.0
1777533271.0469015,7050009,7050009.0
1777533309.714318,7050556,7050556.0
1777533342.3219638,7051020,7051020.0
1777533371.1900265,7051431,7051431.0
1777533397.9136896,7051811,7051811.0
1777533426.6059654,7052214,7052214.0
1777533460.1897519,7052692,7052692.0
1777533485.381445,7053051,7053051.0
1777533524.4489856,7053610,7053610.0
1777533552.3249667,7054006,7054006.0
1777533576.4926472,7054348,7054348.0
1777533610.5165884,7054836,7054836.0
1777533639.5846028,7055247,7055247.0
1777533656.5086162,7055476,7055476.0
1777533692.3838665,7055989,7055989.0
1777533730.8039243,7056541,7056541.0
1777533766.9679253,7057058,7057058.0
1777533805.2356737,7057600,7057600.0
1777533840.7715116,7058110,7058110.0
1777533882.8708475,7058720,7058720.0
1777533919.0230327,7059240,7059240.0
1777533958.1707554,7059789,7059789.0
1777533978.3986902,7060078,7060078.0
1777534021.0981748,7060686,7060686.0
1777534056.1060393,7061192,7061192.0
1777534100.5818655,7061835,7061835.0
1777534141.8337016,7062418,7062418.0
1777534190.417533,7063124,7063124.0
1777534219.5569859,7063533,7063533.0
1777534275.4169269,7064341,7064341.0
1777534308.4687533,7064809,7064809.0
1777534350.1845849,7065405,7065405.0
1777534378.0683262,7065795,7065795.0
1777534398.4006145,7066088,7066088.0
1777534440.8998382,7066692,7066692.0
1777534478.735717,7067239,7067239.0
1777534497.2357674,7067486,7067486.0
1777534516.6037388,7067760,7067760.0
1777534546.8033588,7068192,7068192.0
1777534575.1269135,7068591,7068591.0
1777534608.4790015,7069066,7069066.0
1777534642.9706783,7069549,7069549.0
1777534692.978828,7070273,7070273.0
1777534727.2460034,7070762,7070762.0
1777534751.153916,7071100,7071100.0
1777534786.6140578,7071609,7071609.0
1777534817.2819872,7072042,7072042.0
1777534846.4377697,7072458,7072458.0
1777534870.873509,7072804,7072804.0
1777534897.033709,7073171,7073171.0
1777534921.640858,7073517,7073517.0
1777534947.1568184,7073877,7073877.0
1777534979.2170053,7074330,7074330.0
1777535030.8248415,7075078,7075078.0
1777535074.7922359,7075710,7075710.0
1777535111.5439706,7076237,7076237.0
1777535149.0677118,7076776,7076776.0
1777535180.567748,7077225,7077225.0
1777535218.4516318,7077761,7077761.0
1777535254.035603,7078275,7078275.0
1777535284.659301,7078705,7078705.0
1777535324.026742,7079270,7079270.0
1777535347.034695,7079591,7079591.0
1777535380.0026584,7080059,7080059.0
1777535414.1786425,7080549,7080549.0
1777535460.605965,7081213,7081213.0
1777535484.2138188,7081550,7081550.0
1777535508.4378114,7081886,7081886.0
1777535537.5537946,7082297,7082297.0
1777535563.9656994,7082673,7082673.0
1777535589.205652,7083033,7083033.0
1777535636.8408086,7083709,7083709.0
1777535666.0412235,7084126,7084126.0
1777535694.3807926,7084529,7084529.0
1777535739.6726716,7085175,7085175.0
1777535762.1325362,7085485,7085485.0
1777535794.8166094,7085954,7085954.0
1777535825.3402371,7086389,7086389.0
1777535856.4517186,7086827,7086827.0
1777535892.2676485,7087341,7087341.0
1777535922.6357536,7087778,7087778.0
1777535962.5676873,7088345,7088345.0
1777536015.035926,7089099,7089099.0
1777536042.4363966,7089485,7089485.0
1777536061.152806,7089745,7089745.0
1777536093.3208218,7090201,7090201.0
1777536118.7214043,7090557,7090557.0
1777536150.6817238,7091010,7091010.0
1777536187.6182876,7091538,7091538.0
1777536214.8586564,7091925,7091925.0
1777536249.2947469,7092414,7092414.0
1777536269.5190473,7092693,7092693.0
1777536297.7709632,7093089,7093089.0
1777536344.6796463,7093768,7093768.0
1777536373.8636982,7094185,7094185.0
1777536394.371881,7094463,7094463.0
1777536421.031855,7094840,7094840.0
1777536455.1963272,7095326,7095326.0
1777536491.6639385,7095848,7095848.0
1777536508.3719366,7096080,7096080.0
1777536553.392677,7096724,7096724.0
1777536580.268736,7097104,7097104.0
1777536597.7605739,7097341,7097341.0
1777536630.0766494,7097803,7097803.0
1777536664.7170057,7098298,7098298.0
1777536701.4527955,7098823,7098823.0
1777536725.3933768,7099151,7099151.0
1777536759.2129893,7099634,7099634.0
1777536797.2970743,7100178,7100178.0
1777536832.1653163,7100681,7100681.0
1777536867.4967816,7101174,7101174.0
1777536922.5328252,7101968,7101968.0
1777536959.317374,7102487,7102487.0
1777536978.52509,7102760,7102760.0
1777537017.792957,7103320,7103320.0
1777537047.6173785,7103745,7103745.0
1777537074.0170562,7104121,7104121.0
1777537100.2408512,7104493,7104493.0
1777537147.9088254,7105176,7105176.0
1777537178.5290723,7105610,7105610.0
1777537216.2449625,7106152,7106152.0
1777537259.4608681,7106766,7106766.0
1777537279.837029,7107060,7107060.0
1777537315.8128543,7107575,7107575.0
1777537345.2127984,7107995,7107995.0
1777537381.581005,7108508,7108508.0
1777537414.8729625,7108981,7108981.0
1777537431.4966834,7109215,7109215.0
1777537461.1807559,7109635,7109635.0
1777537482.4407961,7109932,7109932.0
1777537516.5167696,7110423,7110423.0
1777537551.6327226,7110925,7110925.0
1777537573.7086604,7111234,7111234.0
1777537606.24084,7111701,7111701.0
1777537636.816664,7112138,7112138.0
1777537672.4006066,7112644,7112644.0
1777537702.320634,7113070,7113070.0
1777537747.8198752,7113716,7113716.0
1777537783.687832,7114227,7114227.0
1777537814.6960385,7114671,7114671.0
1777537841.572477,7115051,7115051.0
1777537869.5721796,7115443,7115443.0
1777537911.0200198,7116037,7116037.0
1777537931.1119893,7116312,7116312.0
1777537964.2878203,7116791,7116791.0
1777537996.4717965,7117243,7117243.0
1777538031.691778,7117744,7117744.0
1777538066.5069618,7118237,7118237.0
1777538085.7228117,7118505,7118505.0
1777538119.7225275,7118988,7118988.0
1777538158.9224703,7119553,7119553.0
1777538188.4062488,7119968,7119968.0
1777538219.982293,7120419,7120419.0
1777538248.3817344,7120820,7120820.0
1777538282.7934513,7121309,7121309.0
1777538312.0933201,7121721,7121721.0
1777538339.384911,7122111,7122111.0
1777538362.0609407,7122428,7122428.0
1777538393.292671,7122871,7122871.0
1777538431.576217,7123415,7123415.0
1777538446.075848,7123617,7123617.0
1777538483.791746,7124160,7124160.0
1777538530.9874623,7124838,7124838.0
1777538555.2118587,7125177,7125177.0
1777538585.4714012,7125605,7125605.0
1777538625.1868289,7126174,7126174.0
1777538662.3187172,7126707,7126707.0
1777538684.2949386,7127015,7127015.0
1777538701.4146674,7127248,7127248.0
1777538731.7306519,7127683,7127683.0
1777538762.946819,7128130,7128130.0
1777538803.0139513,7128702,7128702.0
1777538840.3459973,7129236,7129236.0
1777538871.438167,7129682,7129682.0
1777538913.6977704,7130283,7130283.0
1777538942.0058155,7130683,7130683.0
1777538978.4893472,7131195,7131195.0
1777539011.8650749,7131669,7131669.0
1777539043.2168155,7132113,7132113.0
1777539077.0087647,7132598,7132598.0
1777539104.6609416,7132981,7132981.0
1777539140.809033,7133496,7133496.0
1777539171.6167836,7133934,7133934.0
1777539196.9608252,7134299,7134299.0
1777539230.344223,7134776,7134776.0
1777539261.8602347,7135220,7135220.0
1777539300.6441305,7135772,7135772.0
1777539329.7360349,7136186,7136186.0
1777539345.244076,7136395,7136395.0
1777539379.919939,7136890,7136890.0
1777539429.711391,7137601,7137601.0
1777539463.231525,7138076,7138076.0
1777539496.0554307,7138541,7138541.0
1777539535.2549388,7139106,7139106.0
1777539566.8913019,7139556,7139556.0
1777539590.246869,7139880,7139880.0
1777539641.2906852,7140608,7140608.0
1777539675.014714,7141089,7141089.0
1777539691.2066855,7141311,7141311.0
1777539718.050512,7141692,7141692.0
1777539755.4340584,7142218,7142218.0
1777539789.7662306,7142711,7142711.0
1777539823.1937337,7143186,7143186.0
1777539850.8780377,7143574,7143574.0
1777539891.1620522,7144153,7144153.0
1777539915.0017717,7144491,7144491.0
1777539936.6296866,7144791,7144791.0
1777539977.1137254,7145375,7145375.0
1777540022.3894293,7146026,7146026.0
1777540050.4451866,7146434,7146434.0
1777540064.2449691,7146619,7146619.0
1777540107.3808396,7147241,7147241.0
1777540148.6727743,7147828,7147828.0
1777540197.403861,7148531,7148531.0
1777540254.7157853,7149363,7149363.0
1777540291.4237747,7149883,7149883.0
1777540306.099466,7150084,7150084.0
1777540351.431035,7150738,7150738.0
1777540366.491114,7150944,7150944.0
1777540392.1589522,7151309,7151309.0
1777540425.7344294,7151783,7151783.0
1777540451.7425618,7152149,7152149.0
1777540484.642293,7152615,7152615.0
1777540515.6939802,7153055,7153055.0
1777540550.5181937,7153553,7153553.0
1777540598.9937856,7154251,7154251.0
1777540622.7696228,7154590,7154590.0
1777540653.9771335,7155033,7155033.0
1777540667.7370574,7155217,7155217.0
1777540688.4690356,7155503,7155503.0
1777540717.2131774,7155916,7155916.0
1777540763.3127613,7156579,7156579.0
1777540795.5047553,7157043,7157043.0
1777540811.0287502,7157246,7157246.0
1777540837.9044719,7157626,7157626.0
1777540882.7961304,7158274,7158274.0
1777540911.8562107,7158685,7158685.0
1777540950.687617,7159242,7159242.0
1777540970.7477455,7159520,7159520.0
1777540989.8393047,7159785,7159785.0
1777541018.6636426,7160189,7160189.0
1777541047.0157735,7160594,7160594.0
1777541088.631379,7161193,7161193.0
1777541110.9749932,7161503,7161503.0
1777541142.3227541,7161949,7161949.0
1777541170.0827968,7162341,7162341.0
1777541212.4346743,7162952,7162952.0
1777541247.282338,7163454,7163454.0
1777541275.7107313,7163853,7163853.0
1777541324.817861,7164561,7164561.0
1777541360.2417953,7165063,7165063.0
1777541393.3618078,7165537,7165537.0
1777541434.6776044,7166134,7166134.0
1777541466.977582,7166593,7166593.0
1777541495.1534946,7166996,7166996.0
1777541531.7211475,7167507,7167507.0
1777541576.1727345,7168151,7168151.0
1777541619.7375376,7168774,7168774.0
1777541645.5806284,7169138,7169138.0
1777541686.8806543,7169724,7169724.0
1777541720.6484485,7170203,7170203.0
1777541757.8478558,7170736,7170736.0
1777541806.2920504,7171426,7171426.0
1777541846.9677913,7172013,7172013.0
1777541883.299662,7172535,7172535.0
1777541928.8154209,7173181,7173181.0
1777541955.8834462,7173567,7173567.0
1777541996.7829747,7174150,7174150.0
1777542032.3192532,7174660,7174660.0
1777542079.6025095,7175336,7175336.0
1777542112.494602,7175802,7175802.0
1777542161.802113,7176512,7176512.0
1777542203.4378426,7177102,7177102.0
1777542231.6696398,7177503,7177503.0
1777542266.6775897,7178006,7178006.0
1777542298.7294328,7178466,7178466.0
1777542323.388797,7178810,7178810.0
1777542356.1568096,7179276,7179276.0
1777542387.1966195,7179717,7179717.0
1777542413.0564463,7180085,7180085.0
1777542460.9321184,7180780,7180780.0
1777542501.5477674,7181355,7181355.0
1777542516.1796608,7181556,7181556.0
1777542536.6554272,7181842,7181842.0
1777542575.222983,7182397,7182397.0
1777542620.8831077,7183048,7183048.0
1777542654.942963,7183534,7183534.0
1777542683.4908555,7183938,7183938.0
1777542720.4425046,7184466,7184466.0
1777542763.6739984,7185093,7185093.0
1777542805.993782,7185693,7185693.0
1777542834.749742,7186104,7186104.0
1777542875.9018197,7186696,7186696.0
1777542920.517433,7187329,7187329.0
1777542956.8370228,7187851,7187851.0
1777542990.2047665,7188328,7188328.0
1777543021.928814,7188777,7188777.0
1777543056.0607147,7189257,7189257.0
1777543089.944697,7189740,7189740.0
1777543126.7799299,7190267,7190267.0
1777543159.880065,7190730,7190730.0
1777543193.8557825,7191217,7191217.0
1777543228.655554,7191714,7191714.0
1777543256.131511,7192099,7192099.0
1777543286.1469345,7192529,7192529.0
1777543321.4228485,7193027,7193027.0
1777543358.3589225,7193554,7193554.0
1777543388.391115,7193974,7193974.0
1777543423.3347182,7194476,7194476.0
1777543463.4423003,7195051,7195051.0
1777543491.001924,7195445,7195445.0
1777543527.4745123,7195967,7195967.0
1777543566.577768,7196532,7196532.0
1777543608.2937446,7197135,7197135.0
1777543652.9014845,7197775,7197775.0
1777543676.9095075,7198113,7198113.0
1777543706.8368244,7198536,7198536.0
1777543737.7687538,7198976,7198976.0
1777543770.3766239,7199445,7199445.0
1777543804.7607582,7199934,7199934.0
1777543832.5967422,7200329,7200329.0
1777543841.7966714,7200450,7200450.0
1777543874.0959842,7200906,7200906.0
1777543900.0719738,7201275,7201275.0
1777543934.2318077,7201765,7201765.0
1777543975.971871,7202361,7202361.0
1777544016.8397198,7202946,7202946.0
1777544033.8717985,7203181,7203181.0
1777544068.3914363,7203669,7203669.0
1777544097.2233667,7204079,7204079.0
1777544152.2436543,7204872,7204872.0
1777544192.5069811,7205440,7205440.0
1777544226.726816,7205928,7205928.0
1777544245.2669861,7206184,7206184.0
1777544275.174822,7206609,7206609.0
1777544298.93445,7206954,7206954.0
1777544324.9347181,7207317,7207317.0
1777544366.834732,7207913,7207913.0
1777544395.6865041,7208320,7208320.0
1777544438.7785716,7208943,7208943.0
1777544473.8625717,7209444,7209444.0
1777544513.8700602,7210014,7210014.0
1777544543.6622226,7210434,7210434.0
1777544571.322214,7210829,7210829.0
1777544610.87368,7211388,7211388.0
1777544644.7057648,7211870,7211870.0
1777544671.1136706,7212243,7212243.0
1777544709.8811905,7212796,7212796.0
1777544751.9814599,7213400,7213400.0
1777544787.5333169,7213901,7213901.0
1777544823.5771115,7214417,7214417.0
1777544851.2089782,7214800,7214800.0
1777544866.9690375,7215019,7215019.0
1777544899.0607727,7215477,7215477.0
1777544945.4765525,7216136,7216136.0
1777544974.592772,7216547,7216547.0
1777545015.512492,7217138,7217138.0
1777545032.9885616,7217373,7217373.0
1777545046.7360811,7217562,7217562.0
1777545086.3880115,7218130,7218130.0
1777545128.5358148,7218739,7218739.0
1777545154.4561036,7219098,7219098.0
1777545193.5718153,7219661,7219661.0
1777545224.263694,7220097,7220097.0
1777545261.6154675,7220635,7220635.0
1777545298.4472623,7221156,7221156.0
1777545332.583478,7221640,7221640.0
1777545356.4750605,7221978,7221978.0
1777545379.5150707,7222303,7222303.0
1777545419.6150138,7222876,7222876.0
1777545451.6907136,7223334,7223334.0
1777545480.7106721,7223749,7223749.0
1777545515.6745424,7224249,7224249.0
1777545557.710101,7224847,7224847.0
1777545592.0340781,7225338,7225338.0
1777545633.085613,7225918,7225918.0
1777545663.6179438,7226351,7226351.0
1777545700.8696792,7226883,7226883.0
1777545725.629704,7227233,7227233.0
1777545737.8536878,7227404,7227404.0
1777545761.4972806,7227732,7227732.0
1777545795.8370223,7228222,7228222.0
1777545818.020814,7228533,7228533.0
1777545840.04501,7228839,7228839.0
1777545868.936785,7229253,7229253.0
1777545912.6726928,7229878,7229878.0
1777545954.0047886,7230477,7230477.0
1777545981.9727209,7230874,7230874.0
1777546008.2803075,7231242,7231242.0
1777546045.8158226,7231783,7231783.0
1777546082.1679604,7232296,7232296.0
1777546121.8676677,7232865,7232865.0
1777546155.2758522,7233342,7233342.0
1777546184.0435886,7233752,7233752.0
1777546226.227363,7234360,7234360.0
1777546283.1512604,7235186,7235186.0
1777546330.5031257,7235861,7235861.0
1777546370.68674,7236438,7236438.0
1777546394.3467414,7236771,7236771.0
1777546430.409937,7237289,7237289.0
1777546477.2138145,7237960,7237960.0
1777546512.0618696,7238457,7238457.0
1777546547.8818388,7238973,7238973.0
1777546588.5975523,7239555,7239555.0
1777546619.4735048,7239998,7239998.0
1777546653.4048758,7240468,7240468.0
1777546689.4048307,7240985,7240985.0
1777546718.5328524,7241392,7241392.0
1777546747.180817,7241796,7241796.0
1777546778.608624,7242241,7242241.0
1777546818.0243368,7242806,7242806.0
1777546844.567951,7243181,7243181.0
1777546867.359915,7243495,7243495.0
1777546900.4240034,7243965,7243965.0
1777546941.3760815,7244559,7244559.0
1777546976.0756795,7245051,7245051.0
1777547009.4670255,7245526,7245526.0
1777547042.2510955,7245979,7245979.0
1777547081.9509542,7246550,7246550.0
1777547111.794895,7246977,7246977.0
1777547158.738597,7247654,7247654.0
1777547189.2627404,7248093,7248093.0
1777547226.3144128,7248610,7248610.0
1777547263.8139925,7249145,7249145.0
1777547315.7379003,7249894,7249894.0
1777547339.8977787,7250244,7250244.0
1777547374.0657399,7250723,7250723.0
1777547396.1216905,7251042,7251042.0
1777547442.8734818,7251708,7251708.0
1777547488.7410579,7252374,7252374.0
1777547539.5847201,7253107,7253107.0
1777547572.5406318,7253572,7253572.0
1777547593.4683003,7253863,7253863.0
1777547616.1325684,7254177,7254177.0
1777547655.1765287,7254742,7254742.0
1777547688.891893,7255223,7255223.0
1777547725.127904,7255743,7255743.0
1777547754.5680113,7256159,7256159.0
1777547766.227745,7256312,7256312.0
1777547801.1277044,7256813,7256813.0
1777547836.987698,7257321,7257321.0
1777547868.4714496,7257773,7257773.0
1777547898.4629402,7258197,7258197.0
1777547920.639325,7258503,7258503.0
1777547935.7108345,7258716,7258716.0
1777547955.9030247,7258990,7258990.0
1777547984.438805,7259392,7259392.0
1777548001.854866,7259640,7259640.0
1777548058.562487,7260450,7260450.0
1777548087.4304235,7260858,7260858.0
1777548112.3904235,7261209,7261209.0
1777548141.3142858,7261616,7261616.0
1777548165.9341059,7261957,7261957.0
1777548197.4258049,7262401,7262401.0
1777548234.9578223,7262940,7262940.0
1777548267.5737972,7263405,7263405.0
1777548309.42559,7263996,7263996.0
1777548341.8169003,7264453,7264453.0
1777548366.2609158,7264794,7264794.0
1777548401.0613058,7265295,7265295.0
1777548440.5450299,7265855,7265855.0
1777548463.384779,7266171,7266171.0
1777548497.8047128,7266661,7266661.0
1777548527.860701,7267091,7267091.0
1777548550.1606846,7267402,7267402.0
1777548567.660442,7267648,7267648.0
1777548598.9118302,7268095,7268095.0
1777548629.7718754,7268529,7268529.0
1777548659.0564423,7268946,7268946.0
1777548690.447997,7269391,7269391.0
1777548730.807546,7269959,7269959.0
1777548760.1477942,7270371,7270371.0
1777548789.7395442,7270796,7270796.0
1777548824.539014,7271290,7271290.0
1777548874.150877,7272010,7272010.0
1777548904.042838,7272437,7272437.0
1777548936.3267677,7272889,7272889.0
1777548980.5903444,7273522,7273522.0
1777549009.8027143,7273933,7273933.0
1777549052.5499322,7274555,7274555.0
1777549085.9862359,7275024,7275024.0
1777549112.9422164,7275416,7275416.0
1777549137.9097989,7275761,7275761.0
1777549163.0857627,7276111,7276111.0
1777549202.7698028,7276682,7276682.0
1777549242.7055376,7277251,7277251.0
1777549286.7692494,7277885,7277885.0
1777549316.4967752,7278304,7278304.0
1777549351.3650458,7278798,7278798.0
1777549392.7967756,7279394,7279394.0
1777549429.5808208,7279918,7279918.0
1777549463.6801922,7280404,7280404.0
1777549494.708564,7280847,7280847.0
1777549512.8486583,7281096,7281096.0
1777549536.9163074,7281435,7281435.0
1777549573.0400248,7281957,7281957.0
1777549613.0397944,7282529,7282529.0
1777549641.531809,7282927,7282927.0
1777549664.2516983,7283247,7283247.0
1777549692.1916552,7283646,7283646.0
1777549725.943459,7284126,7284126.0
1777549768.2955604,7284737,7284737.0
1777549798.9507868,7285173,7285173.0
1777549825.8028612,7285552,7285552.0
1777549851.7627575,7285918,7285918.0
1777549887.6466746,7286433,7286433.0
1777549916.4707093,7286841,7286841.0
1777549942.630502,7287213,7287213.0
1777549960.922576,7287458,7287458.0
1777550003.5059059,7288072,7288072.0
1777550034.089953,7288503,7288503.0
1777550071.1897957,7289039,7289039.0
1777550095.129689,7289372,7289372.0
1777550109.337963,7289561,7289561.0
1777550139.1217315,7289982,7289982.0
1777550167.2214587,7290380,7290380.0
1777550208.1488693,7290966,7290966.0
1777550238.5892398,7291398,7291398.0
1777550284.2927735,7292056,7292056.0
1777550305.8847997,7292358,7292358.0
1777550338.2845993,7292819,7292819.0
1777550359.1088347,7293103,7293103.0
1777550400.6448255,7293694,7293694.0
1777550435.0607562,7294188,7294188.0
1777550470.5122342,7294688,7294688.0
1777550483.3447647,7294869,7294869.0
1777550515.3763366,7295324,7295324.0
1777550542.704618,7295708,7295708.0
1777550580.9364908,7296252,7296252.0
1777550609.963899,7296666,7296666.0
1777550638.380309,7297060,7297060.0
1777550677.0798466,7297619,7297619.0
1777550707.504134,7298051,7298051.0
1777550722.795807,7298257,7298257.0
1777550769.8321419,7298935,7298935.0
1777550818.3556616,7299636,7299636.0
1777550867.8237243,7300339,7300339.0
1777550882.7837498,7300551,7300551.0
1777550912.8437397,7300976,7300976.0
1777550935.8836005,7301299,7301299.0
1777550969.2675414,7301771,7301771.0
1777551000.1194499,7302210,7302210.0
1777551028.4434664,7302612,7302612.0
1777551045.0868866,7302837,7302837.0
1777551076.6950123,7303291,7303291.0
1777551123.5869625,7303970,7303970.0
1777551153.926804,7304402,7304402.0
1777551175.070729,7304695,7304695.0
1777551209.2867959,7305186,7305186.0
1777551247.5707285,7305734,7305734.0
1777551274.27847,7306109,7306109.0
1777551292.4064353,7306355,7306355.0
1777551329.306459,7306880,7306880.0
1777551345.0140438,7307094,7307094.0
1777551381.3580518,7307615,7307615.0
1777551409.673929,7308013,7308013.0
1777551436.4494526,7308388,7308388.0
1777551472.297709,7308900,7308900.0
1777551496.62571,7309239,7309239.0
1777551538.1094007,7309841,7309841.0
1777551553.485321,7310051,7310051.0
1777551588.3169248,7310543,7310543.0
1777551633.3327746,7311190,7311190.0
1777551674.436759,7311774,7311774.0
1777551693.9285102,7312052,7312052.0
1777551724.9207485,7312490,7312490.0
1777551750.304709,7312844,7312844.0
1777551783.2444081,7313308,7313308.0
1777551811.411898,7313708,7313708.0
1777551837.65176,7314078,7314078.0
1777551881.4558344,7314705,7314705.0
1777551913.4037943,7315159,7315159.0
1777551948.1638143,7315660,7315660.0
1777551977.4316578,7316074,7316074.0
1777552016.7796435,7316645,7316645.0
1777552052.9472976,7317156,7317156.0
1777552081.9389431,7317565,7317565.0
1777552113.8073173,7318015,7318015.0
1777552139.367318,7318374,7318374.0
1777552168.6069472,7318791,7318791.0
1777552207.9907572,7319360,7319360.0
1777552243.4107513,7319857,7319857.0
1777552274.658719,7320300,7320300.0
1777552305.5021703,7320734,7320734.0
1777552334.6506839,7321151,7321151.0
1777552368.7946823,7321632,7321632.0
1777552399.561878,7322075,7322075.0
1777552440.829696,7322661,7322661.0
1777552477.8454807,7323191,7323191.0
1777552515.6369267,7323730,7323730.0
1777552534.213018,7323994,7323994.0
1777552559.8608289,7324353,7324353.0
1777552597.7127075,7324898,7324898.0
1777552631.236587,7325373,7325373.0
1777552656.3483827,7325730,7325730.0
1777552674.1878495,7325973,7325973.0
1777552701.6880338,7326360,7326360.0
1777552730.4478185,7326771,7326771.0
1777552761.0996814,7327203,7327203.0
1777552797.1234381,7327719,7327719.0
1777552840.4987514,7328349,7328349.0
1777552883.6669097,7328962,7328962.0
1777552907.2431068,7329293,7329293.0
1777552942.7267318,7329799,7329799.0
1777552977.4985588,7330295,7330295.0
1777553000.7663221,7330624,7330624.0
1777553042.585984,7331223,7331223.0
1777553057.3337889,7331420,7331420.0
1777553095.4021375,7331959,7331959.0
1777553120.3616936,7332313,7332313.0
1777553168.053365,7332997,7332997.0
1777553191.0613215,7333321,7333321.0
1777553241.6448295,7334042,7334042.0
1777553281.3127708,7334614,7334614.0
1777553320.0287356,7335169,7335169.0
1777553349.2965193,7335579,7335579.0
1777553398.080516,7336276,7336276.0
1777553428.880032,7336714,7336714.0
1777553462.2400146,7337191,7337191.0
1777553482.779774,7337479,7337479.0
1777553529.5396614,7338151,7338151.0
1777553562.315781,7338618,7338618.0
1777553603.1675122,7339197,7339197.0
1777553650.5914366,7339883,7339883.0
1777553682.0987585,7340329,7340329.0
1777553725.6827962,7340949,7340949.0
1777553758.1666918,7341415,7341415.0
1777553769.266507,7341566,7341566.0
1777553804.6019304,7342070,7342070.0
1777553835.7500598,7342513,7342513.0
1777553878.0540268,7343112,7343112.0
1777553918.817627,7343703,7343703.0
1777553953.2697175,7344187,7344187.0
1777553986.4295712,7344660,7344660.0
1777554011.7048707,7345017,7345017.0
1777554033.0448332,7345312,7345312.0
1777554066.3808756,7345785,7345785.0
1777554086.1371772,7346047,7346047.0
1777554125.3890145,7346615,7346615.0
1777554161.4886754,7347131,7347131.0
1777554204.904498,7347752,7347752.0
1777554236.572647,7348201,7348201.0
1777554257.148269,7348495,7348495.0
1777554286.2240767,7348901,7348901.0
1777554307.8005571,7349203,7349203.0
1777554340.1156726,7349665,7349665.0
1777554371.259756,7350103,7350103.0
1777554406.8755774,7350612,7350612.0
1777554442.8593564,7351117,7351117.0
1777554478.734867,7351631,7351631.0
1777554515.583248,7352159,7352159.0
1777554546.8515637,7352598,7352598.0
1777554582.770969,7353112,7353112.0
1777554618.8785713,7353630,7353630.0
1777554660.294786,7354221,7354221.0
1777554687.794697,7354607,7354607.0
1777554711.3866484,7354941,7354941.0
1777554744.1060803,7355403,7355403.0
1777554764.7459064,7355699,7355699.0
1777554809.530169,7356337,7356337.0
1777554837.4539328,7356734,7356734.0
1777554865.4223373,7357127,7357127.0
1777554900.7657444,7357634,7357634.0
1777554944.0659156,7358259,7358259.0
1777554990.7257605,7358930,7358930.0
1777555052.2853763,7359819,7359819.0
1777555087.784967,7360325,7360325.0
1777555121.940992,7360817,7360817.0
1777555151.0247703,7361227,7361227.0
1777555183.1365633,7361686,7361686.0
1777555213.1685164,7362114,7362114.0
1777555245.9285061,7362580,7362580.0
1777555279.9603758,7363062,7363062.0
1777555310.4800649,7363496,7363496.0
1777555334.7357345,7363842,7363842.0
1777555361.411651,7364220,7364220.0
1777555393.9477777,7364683,7364683.0
1777555423.7557678,7365105,7365105.0
1777555460.3558054,7365626,7365626.0
1777555495.2077472,7366119,7366119.0
1777555519.831591,7366474,7366474.0
1777555557.3831658,7367001,7367001.0
1777555583.9909546,7367372,7367372.0
1777555618.22287,7367853,7367853.0
1777555666.3747897,7368550,7368550.0
1777555694.4067163,7368949,7368949.0
1777555727.482587,7369416,7369416.0
1777555761.9819896,7369899,7369899.0
1777555799.5498579,7370434,7370434.0
1777555831.8779523,7370898,7370898.0
1777555878.8697019,7371578,7371578.0
1777555898.9097106,7371856,7371856.0
1777555933.617477,7372348,7372348.0
1777555970.7374938,7372878,7372878.0
1777556010.2691293,7373441,7373441.0
1777556037.604912,7373823,7373823.0
1777556060.4290416,7374148,7374148.0
1777556084.6366282,7374492,7374492.0
1777556125.4367719,7375069,7375069.0
1777556155.0406458,7375495,7375495.0
1777556184.6805816,7375915,7375915.0
1777556200.2565358,7376133,7376133.0
1777556247.5083125,7376805,7376805.0
1777556276.2397933,7377214,7377214.0
1777556311.9158483,7377729,7377729.0
1777556355.0997024,7378352,7378352.0
1777556393.5997193,7378898,7378898.0
1777556420.4756484,7379284,7379284.0
1777556454.2597122,7379753,7379753.0
1777556480.0989447,7380127,7380127.0
1777556506.034856,7380495,7380495.0
1777556540.4947572,7380986,7380986.0
1777556575.3862362,7381478,7381478.0
1777556611.442353,7381992,7381992.0
1777556646.2098906,7382493,7382493.0
1777556662.70979,7382726,7382726.0
1777556701.1297574,7383270,7383270.0
1777556727.1293652,7383637,7383637.0
1777556757.784901,7384074,7384074.0
1777556797.5892496,7384646,7384646.0
1777556823.0970583,7385002,7385002.0
1777556864.528755,7385592,7385592.0
1777556890.1287677,7385954,7385954.0
1777556906.748656,7386181,7386181.0
1777556922.9399598,7386406,7386406.0
1777556958.6877916,7386922,7386922.0
1777556977.7479606,7387184,7387184.0
1777556996.087925,7387436,7387436.0
1777557033.339613,7387969,7387969.0
1777557073.0236979,7388539,7388539.0
1777557101.8314495,7388954,7388954.0
1777557126.4833698,7389296,7389296.0
1777557157.0230231,7389734,7389734.0
1777557187.3346686,7390159,7390159.0
1777557222.5667856,7390667,7390667.0
1777557259.4507146,7391189,7391189.0
1777557285.274402,7391553,7391553.0
1777557312.7103064,7391936,7391936.0
1777557338.2180054,7392291,7392291.0
1777557385.717809,7392966,7392966.0
1777557408.2257917,7393292,7393292.0
1777557433.9295168,7393657,7393657.0
1777557482.7610846,7394352,7394352.0
1777557508.252783,7394709,7394709.0
1777557535.5530102,7395093,7395093.0
1777557568.9605966,7395573,7395573.0
1777557600.6806304,7396018,7396018.0
1777557636.9125533,7396537,7396537.0
1777557676.020288,7397095,7397095.0
1777557718.5640066,7397703,7397703.0
1777557753.0717235,7398192,7398192.0
1777557783.5239978,7398623,7398623.0
1777557817.1156738,7399104,7399104.0
1777557838.483528,7399399,7399399.0
1777557869.407454,7399842,7399842.0
1777557903.8593533,7400334,7400334.0
1777557938.0350058,7400820,7400820.0
1777557956.1069596,7401070,7401070.0
1777557991.6108518,7401571,7401571.0
1777558013.2024612,7401883,7401883.0
1777558043.7345836,7402317,7402317.0
1777558077.9859247,7402798,7402798.0
1777558124.1018863,7403467,7403467.0
1777558157.0460854,7403939,7403939.0
1777558192.3937626,7404443,7404443.0
1777558228.9137733,7404959,7404959.0
1777558253.205729,7405303,7405303.0
1777558291.9373858,7405848,7405848.0
1777558338.405076,7406519,7406519.0
1777558377.0648167,7407066,7407066.0
1777558418.440714,7407662,7407662.0
1777558460.0885353,7408258,7408258.0
1777558507.879833,7408931,7408931.0
1777558533.8243039,7409300,7409300.0
1777558558.5920038,7409647,7409647.0
1777558591.0318935,7410108,7410108.0
1777558648.2079358,7410931,7410931.0
1777558674.651858,7411314,7411314.0
1777558700.559836,7411678,7411678.0
1777558726.2999704,7412041,7412041.0
1777558765.551779,7412603,7412603.0
1777558802.2797928,7413124,7413124.0
1777558826.3437834,7413465,7413465.0
1777558855.8277779,7413884,7413884.0
1777558888.3638546,7414339,7414339.0
1777558930.0036783,7414940,7414940.0
1777558964.8237681,7415437,7415437.0
1777559015.5469785,7416169,7416169.0
1777559044.4070635,7416581,7416581.0
1777559089.2749946,7417231,7417231.0
1777559128.475224,7417789,7417789.0
1777559161.7586143,7418258,7418258.0
1777559201.1908112,7418828,7418828.0
1777559227.9347367,7419199,7419199.0
1777559265.302528,7419734,7419734.0
1777559290.6744912,7420088,7420088.0
1777559322.2259421,7420534,7420534.0
1777559335.577888,7420721,7420721.0
1777559362.9422688,7421103,7421103.0
1777559394.753821,7421560,7421560.0
1777559417.9696493,7421880,7421880.0
1777559438.7618206,7422173,7422173.0
1777559482.0137541,7422791,7422791.0
1777559511.5536768,7423213,7423213.0
1777559551.529236,7423776,7423776.0
1777559583.9379148,7424238,7424238.0
1777559616.1129394,7424692,7424692.0
1777559653.7647202,7425231,7425231.0
1777559702.2887332,7425930,7425930.0
1777559746.6567369,7426570,7426570.0
1777559784.592617,7427117,7427117.0
1777559811.4323256,7427491,7427491.0
1777559847.9319665,7428013,7428013.0
1777559862.9763343,7428219,7428219.0
1777559897.2679644,7428704,7428704.0
1777559924.6999254,7429091,7429091.0
1777559948.9597952,7429425,7429425.0
1777559991.3117542,7430037,7430037.0
1777560020.8356586,7430448,7430448.0
1777560049.6674442,7430859,7430859.0
1777560063.203638,7431036,7431036.0
1777560099.4028316,7431556,7431556.0
1777560122.127061,7431867,7431867.0
1777560151.0468285,7432274,7432274.0
1777560190.1308298,7432838,7432838.0
1777560220.5546725,7433264,7433264.0
1777560270.9626608,7433983,7433983.0
1777560302.8225079,7434430,7434430.0
1777560339.590053,7434954,7434954.0
1777560368.8057175,7435371,7435371.0
1777560403.0660446,7435856,7435856.0
1777560434.2137465,7436300,7436300.0
1777560481.717724,7436976,7436976.0
1777560496.6577313,7437182,7437182.0
1777560526.517588,7437606,7437606.0
1777560559.9172363,7438076,7438076.0
1777560611.840677,7438815,7438815.0
1777560633.6166265,7439116,7439116.0
1777560678.9837449,7439772,7439772.0
1777560726.367438,7440450,7440450.0
1777560768.2506592,7441050,7441050.0
1777560805.2024527,7441577,7441577.0
1777560840.202341,7442070,7442070.0
1777560869.362136,7442486,7442486.0
1777560894.877732,7442849,7442849.0
1777560927.853426,7443317,7443317.0
1777560957.785139,7443737,7443737.0
1777560984.4289086,7444111,7444111.0
1777561021.6766918,7444634,7444634.0
1777561063.7279599,7445243,7445243.0
1777561101.7118814,7445789,7445789.0
1777561155.8277297,7446567,7446567.0
1777561189.7472353,7447050,7447050.0
1777561210.602787,7447340,7447340.0
1777561246.622991,7447861,7447861.0
1777561293.2546108,7448520,7448520.0
1777561338.45408,7449173,7449173.0
1777561380.1381836,7449768,7449768.0
1777561394.9816704,7449967,7449967.0
1777561421.3818355,7450341,7450341.0
1777561437.6656008,7450572,7450572.0
1777561459.3576334,7450873,7450873.0
1777561503.2494783,7451495,7451495.0
1777561544.9166641,7452091,7452091.0
1777561584.484749,7452664,7452664.0
1777561631.3524423,7453330,7453330.0
1777561679.4517715,7454025,7454025.0
1777561703.1440759,7454357,7454357.0
1777561738.1438308,7454857,7454857.0
1777561780.5275526,7455462,7455462.0
1777561812.6792085,7455918,7455918.0
1777561843.4713411,7456355,7456355.0
1777561875.418746,7456808,7456808.0
1777561912.202713,7457337,7457337.0
1777561958.002551,7457987,7457987.0
1777561982.6060152,7458328,7458328.0
1777562025.861982,7458944,7458944.0
1777562048.8820992,7459267,7459267.0
1777562077.705832,7459675,7459675.0
1777562123.821522,7460342,7460342.0
1777562144.6134188,7460633,7460633.0
1777562162.48902,7460877,7460877.0
1777562183.8489249,7461179,7461179.0
1777562228.748782,7461817,7461817.0
1777562257.400691,7462224,7462224.0
1777562307.5004303,7462955,7462955.0
1777562325.976644,7463211,7463211.0
1777562360.5758786,7463708,7463708.0
1777562392.7442825,7464163,7464163.0
1777562414.0359902,7464459,7464459.0
1777562452.527741,7465010,7465010.0
1777562485.0434759,7465475,7465475.0
1777562529.2269104,7466103,7466103.0
1777562558.3268642,7466518,7466518.0
1777562585.0347655,7466893,7466893.0
1777562639.2948043,7467682,7467682.0
1777562671.1549227,7468136,7468136.0
1777562695.0944605,7468472,7468472.0
1777562744.1380582,7469175,7469175.0
1777562795.9537947,7469919,7469919.0
1777562828.5378182,7470386,7470386.0
1777562847.9978857,7470661,7470661.0
1777562879.1656876,7471108,7471108.0
1777562927.8130097,7471801,7471801.0
1777562958.2893283,7472236,7472236.0
1777562986.8249416,7472638,7472638.0
1777563014.0487766,7473019,7473019.0
1777563050.1006293,7473535,7473535.0
1777563069.8405368,7473809,7473809.0
1777563104.659848,7474306,7474306.0
1777563132.0838172,7474695,7474695.0
1777563171.5836751,7475262,7475262.0
1777563200.4077692,7475671,7475671.0
1777563235.443778,7476169,7476169.0
1777563280.2590544,7476810,7476810.0
1777563316.843424,7477331,7477331.0
1777563344.7947881,7477725,7477725.0
1777563382.2547874,7478260,7478260.0
1777563414.0026789,7478716,7478716.0
1777563452.570171,7479271,7479271.0
1777563499.585761,7479939,7479939.0
1777563536.6219027,7480472,7480472.0
1777563568.1380162,7480921,7480921.0
1777563604.545942,7481433,7481433.0
1777563635.2294905,7481867,7481867.0
1777563665.4733958,7482294,7482294.0
1777563700.0890286,7482790,7482790.0
1777563725.8327758,7483154,7483154.0
1777563746.424958,7483447,7483447.0
1777563793.7008994,7484119,7484119.0
1777563822.7407718,7484534,7484534.0
1777563845.7159886,7484850,7484850.0
1777563877.9998362,7485310,7485310.0
1777563901.6439996,7485650,7485650.0
1777563926.615968,7486003,7486003.0
1777563953.3677945,7486384,7486384.0
1777563998.919883,7487030,7487030.0
1777564042.8032532,7487659,7487659.0
1777564087.65082,7488294,7488294.0
1777564137.7266777,7489023,7489023.0
1777564167.7867107,7489448,7489448.0
1777564199.0222142,7489893,7489893.0
1777564240.7538717,7490484,7490484.0
1777564276.769804,7490999,7490999.0
1777564312.597817,7491516,7491516.0
1777564335.7977898,7491838,7491838.0
1777564370.2056968,7492327,7492327.0
1777564406.0736027,7492842,7492842.0
1777564428.897091,7493154,7493154.0
1777564454.7414372,7493520,7493520.0
1777564499.8328192,7494167,7494167.0
1777564532.5726562,7494636,7494636.0
1777564559.3926964,7495019,7495019.0
1777564587.5325172,7495412,7495412.0
1777564619.0678544,7495859,7495859.0
1777564652.0760064,7496332,7496332.0
1777564680.9279747,7496737,7496737.0
1777564713.3997796,7497200,7497200.0
1777564759.1198618,7497848,7497848.0
1777564791.7207282,7498317,7498317.0
1777564821.452537,7498732,7498732.0
1777564854.0641572,7499195,7499195.0
1777564887.9805572,7499674,7499674.0
1777564924.9486227,7500205,7500205.0
1777564958.6399279,7500680,7500680.0
1777564992.1243858,7501157,7501157.0
1777565009.8318741,7501407,7501407.0
1777565046.0159032,7501921,7501921.0
1777565060.699802,7502123,7502123.0
1777565095.0318108,7502611,7502611.0
1777565130.2158513,7503113,7503113.0
1777565174.9998684,7503750,7503750.0
1777565207.7997737,7504213,7504213.0
1777565231.6919665,7504547,7504547.0
1777565270.1598127,7505102,7505102.0
1777565308.0599675,7505648,7505648.0
1777565333.371842,7505999,7505999.0
1777565357.7437327,7506335,7506335.0
1777565385.6355689,7506728,7506728.0
1777565427.0556958,7507323,7507323.0
1777565469.7955716,7507929,7507929.0
1777565504.5636017,7508421,7508421.0
1777565537.7390254,7508896,7508896.0
1777565572.3551416,7509392,7509392.0
1777565611.6908095,7509956,7509956.0
1777565636.0509787,7510295,7510295.0
1777565676.1349823,7510870,7510870.0
1777565719.1507936,7511480,7511480.0
1777565745.2107456,7511841,7511841.0
1777565771.4587882,7512207,7512207.0
1777565801.002579,7512624,7512624.0
1777565844.5017948,7513253,7513253.0
1777565876.433872,7513706,7513706.0
1777565904.0779538,7514094,7514094.0
1777565946.5778522,7514710,7514710.0
1777565977.9624302,7515158,7515158.0
1777566011.7297063,7515634,7515634.0
1777566052.1377032,7516217,7516217.0
1777566075.9894266,7516547,7516547.0
1777566098.2293801,7516866,7516866.0
1777566147.280988,7517568,7517568.0
1777566162.4887397,7517771,7517771.0
1777566194.9728944,7518232,7518232.0
1777566221.2647486,7518601,7518601.0
1777566269.9323196,7519305,7519305.0
1777566302.516716,7519770,7519770.0
1777566322.756664,7520047,7520047.0
1777566361.6238766,7520600,7520600.0
1777566373.4322705,7520751,7520751.0
1777566410.459774,7521279,7521279.0
1777566432.9920619,7521594,7521594.0
1777566459.8836238,7521979,7521979.0
1777566482.3598585,7522297,7522297.0
1777566515.8198166,7522780,7522780.0
1777566548.0517955,7523239,7523239.0
1777566586.0033703,7523773,7523773.0
1777566612.7951078,7524148,7524148.0
1777566650.5948586,7524692,7524692.0
1777566664.7191157,7524885,7524885.0
1777566696.278807,7525334,7525334.0
1777566752.786928,7526139,7526139.0
1777566776.1304295,7526464,7526464.0
1777566805.9461465,7526880,7526880.0
1777566824.8900094,7527136,7527136.0
1777566852.7660952,7527531,7527531.0
1777566883.0217898,7527954,7527954.0
1777566922.1737685,7528513,7528513.0
1777566972.732945,7529235,7529235.0
1777567000.257556,7529624,7529624.0
1777567035.7247474,7530135,7530135.0
1777567057.0647388,7530441,7530441.0
1777567096.6846404,7530994,7530994.0
1777567143.0686326,7531665,7531665.0
1777567168.2358375,7532015,7532015.0
1777567208.475743,7532595,7532595.0
1777567251.835832,7533217,7533217.0
1777567295.1516042,7533837,7533837.0
1777567317.1117282,7534143,7534143.0
1777567344.7034638,7534526,7534526.0
1777567383.2868423,7535084,7535084.0
1777567424.4866843,7535667,7535667.0
1777567467.1225595,7536277,7536277.0
1777567506.4385116,7536839,7536839.0
1777567518.2145348,7536988,7536988.0
1777567551.270512,7537459,7537459.0
1777567576.5378692,7537811,7537811.0
1777567619.989744,7538436,7538436.0
1777567666.9896789,7539099,7539099.0
1777567691.5895517,7539442,7539442.0
1777567713.7255294,7539760,7539760.0
1777567743.157359,7540176,7540176.0
1777567785.3568351,7540772,7540772.0
1777567817.4248607,7541222,7541222.0
1777567844.3332152,7541600,7541600.0
1777567883.3687003,7542160,7542160.0
1777567915.524614,7542621,7542621.0
1777567944.508614,7543027,7543027.0
1777567983.3918993,7543585,7543585.0
1777568002.8680072,7543848,7543848.0
1777568033.51171,7544284,7544284.0
1777568066.2959685,7544749,7544749.0
1777568103.8275034,7545290,7545290.0
1777568153.9476838,7546007,7546007.0
1777568181.6629663,7546399,7546399.0
1777568209.386935,7546790,7546790.0
1777568243.9070454,7547284,7547284.0
1777568287.0708447,7547907,7547907.0
1777568311.7305744,7548252,7548252.0
1777568345.466779,7548736,7548736.0
1777568376.6225739,7549181,7549181.0
1777568401.597958,7549528,7549528.0
1777568455.5904047,7550300,7550300.0
1777568477.8499818,7550611,7550611.0
1777568522.6341221,7551255,7551255.0
1777568558.7857633,7551776,7551776.0
1777568578.957454,7552056,7552056.0
1777568613.0414703,7552544,7552544.0
1777568646.025439,7553009,7553009.0
1777568667.5174563,7553307,7553307.0
1777568695.5773168,7553709,7553709.0
1777568739.0130424,7554331,7554331.0
1777568776.0767767,7554856,7554856.0
1777568819.628593,7555483,7555483.0
1777568834.7527122,7555689,7555689.0
1777568873.736573,7556247,7556247.0
1777568918.9041855,7556893,7556893.0
1777568946.9118705,7557288,7557288.0
1777568978.2479627,7557732,7557732.0
1777569019.4798148,7558317,7558317.0
1777569051.783772,7558777,7558777.0
1777569080.007795,7559175,7559175.0
1777569118.7237875,7559728,7559728.0
1777569148.8835454,7560154,7560154.0
1777569173.3835254,7560495,7560495.0
1777569210.5428572,7561031,7561031.0
1777569239.6428816,7561437,7561437.0
1777569273.1268363,7561919,7561919.0
1777569293.8185828,7562209,7562209.0
1777569311.2870345,7562454,7562454.0
1777569343.8108742,7562914,7562914.0
1777569375.6547265,7563359,7563359.0
1777569401.5267644,7563732,7563732.0
1777569450.546301,7564433,7564433.0
1777569466.0384257,7564639,7564639.0
1777569507.9858596,7565241,7565241.0
1777569540.753806,7565710,7565710.0
1777569578.2056682,7566243,7566243.0
1777569611.0977488,7566718,7566718.0
1777569638.5296423,7567096,7567096.0
1777569671.505656,7567569,7567569.0
1777569706.5731041,7568060,7568060.0
1777569738.3572774,7568513,7568513.0
1777569783.5728257,7569158,7569158.0
1777569828.9410992,7569804,7569804.0
1777569882.900396,7570592,7570592.0
1777569925.1005726,7571192,7571192.0
1777569950.1079373,7571542,7571542.0
1777569978.2678528,7571938,7571938.0
1777570027.476158,7572646,7572646.0
1777570062.3956742,7573149,7573149.0
1777570109.5437164,7573816,7573816.0
1777570139.2557945,7574241,7574241.0
1777570180.570963,7574831,7574831.0
1777570244.706823,7575748,7575748.0
1777570285.1387413,7576331,7576331.0
1777570335.3226328,7577046,7577046.0
1777570368.8589315,7577523,7577523.0
1777570394.1985114,7577881,7577881.0
1777570441.1505308,7578550,7578550.0
1777570481.5337634,7579136,7579136.0
1777570536.3256166,7579917,7579917.0
1777570568.5777547,7580374,7580374.0
1777570598.9337754,7580808,7580808.0
1777570637.3850834,7581346,7581346.0
1777570685.053008,7582040,7582040.0
1777570729.8209949,7582674,7582674.0
1777570765.7528064,7583181,7583181.0
1777570807.4047034,7583782,7583782.0
1777570852.911881,7584425,7584425.0
1777570885.271781,7584887,7584887.0
1777570939.695563,7585662,7585662.0
1777570971.8709536,7586118,7586118.0
1777571012.2548249,7586699,7586699.0
1777571045.0228252,7587167,7587167.0
1777571070.9467678,7587535,7587535.0
1777571100.0824287,7587944,7587944.0
1777571119.5218716,7588214,7588214.0
1777571185.2656968,7589162,7589162.0
1777571220.581727,7589662,7589662.0
1777571247.241041,7590040,7590040.0
1777571285.3728049,7590584,7590584.0
1777571326.8769743,7591181,7591181.0
1777571373.5246785,7591847,7591847.0
1777571394.9165158,7592145,7592145.0
1777571431.167789,7592660,7592660.0
1777571471.7843883,7593249,7593249.0
1777571484.9119089,7593423,7593423.0
1777571517.4195774,7593885,7593885.0
1777571542.087638,7594228,7594228.0
1777571576.2796984,7594714,7594714.0
1777571627.1348014,7595444,7595444.0
1777571670.5188391,7596068,7596068.0
1777571693.4626155,7596382,7596382.0
1777571721.1025949,7596774,7596774.0
1777571756.5864384,7597282,7597282.0
1777571805.7140646,7597989,7597989.0
1777571845.1817029,7598550,7598550.0
1777571876.0897973,7598993,7598993.0
1777571904.5897806,7599394,7599394.0
1777571947.7413847,7600016,7600016.0
1777572002.7089863,7600803,7600803.0
1777572031.2248197,7601207,7601207.0
1777572060.200651,7601618,7601618.0
1777572084.8766692,7601956,7601956.0
1777572129.100152,7602596,7602596.0
1777572179.6999264,7603316,7603316.0
1777572206.7836814,7603696,7603696.0
1777572224.599853,7603947,7603947.0
1777572251.267435,7604321,7604321.0
1777572294.167685,7604929,7604929.0
1777572331.819021,7605467,7605467.0
1777572361.5635083,7605885,7605885.0
1777572397.226674,7606393,7606393.0
1777572436.1786554,7606942,7606942.0
1777572471.1787357,7607444,7607444.0
1777572511.7144852,7608027,7608027.0
1777572546.0540066,7608515,7608515.0
1777572574.2900674,7608912,7608912.0
1777572607.1657753,7609379,7609379.0
1777572628.1576335,7609675,7609675.0
1777572665.3215535,7610208,7610208.0
1777572691.9657016,7610584,7610584.0
1777572710.8412585,7610843,7610843.0
1777572761.1490266,7611570,7611570.0
1777572799.649028,7612114,7612114.0
1777572827.456791,7612515,7612515.0
1777572863.940727,7613023,7613023.0
1777572901.060715,7613549,7613549.0
1777572950.4763265,7614252,7614252.0
1777572994.3922813,7614889,7614889.0
1777573047.8359728,7615662,7615662.0
1777573074.1277442,7616030,7616030.0
1777573101.5638735,7616422,7616422.0
1777573129.1360466,7616814,7616814.0
1777573153.379741,7617161,7617161.0
1777573188.6714866,7617663,7617663.0
1777573207.7235498,7617928,7617928.0
1777573230.2951353,7618240,7618240.0
1777573268.878986,7618794,7618794.0
1777573317.7147884,7619493,7619493.0
1777573360.5989816,7620104,7620104.0
1777573375.6227612,7620306,7620306.0
1777573422.5342095,7620985,7620985.0
1777573452.4744868,7621411,7621411.0
1777573503.6826973,7622141,7622141.0
1777573533.4940972,7622559,7622559.0
1777573580.3778434,7623229,7623229.0
1777573611.6417003,7623676,7623676.0
1777573626.1697316,7623879,7623879.0
1777573670.1013517,7624508,7624508.0
1777573695.5452726,7624876,7624876.0
1777573725.1212838,7625293,7625293.0
1777573746.304904,7625589,7625589.0
1777573792.1367404,7626237,7626237.0
1777573833.7367852,7626835,7626835.0
1777573870.6047375,7627358,7627358.0
1777573917.9565184,7628033,7628033.0
1777573952.7240171,7628521,7628521.0
1777573985.2803948,7628984,7628984.0
1777574024.1159792,7629543,7629543.0
1777574065.1996427,7630122,7630122.0
1777574106.9677236,7630729,7630729.0
1777574134.9158044,7631121,7631121.0
1777574171.6348493,7631648,7631648.0
1777574209.2755477,7632186,7632186.0
1777574253.1030443,7632810,7632810.0
1777574295.5670195,7633423,7633423.0
1777574321.1266546,7633774,7633774.0
1777574365.5103848,7634408,7634408.0
1777574390.6339316,7634761,7634761.0
1777574417.0858207,7635141,7635141.0
1777574456.001946,7635692,7635692.0
1777574496.2217574,7636269,7636269.0
1777574508.553726,7636438,7636438.0
1777574531.7457376,7636763,7636763.0
1777574571.4451425,7637327,7637327.0
1777574602.8970687,7637773,7637773.0
1777574658.5210748,7638579,7638579.0
1777574680.2326343,7638877,7638877.0
1777574719.148727,7639436,7639436.0
1777574763.1004984,7640060,7640060.0
1777574799.4161344,7640575,7640575.0
1777574838.3242357,7641135,7641135.0
1777574857.8998046,7641401,7641401.0
1777574909.0239704,7642134,7642134.0
1777574949.1756313,7642710,7642710.0
1777574969.5996895,7642990,7642990.0
1777575014.518942,7643636,7643636.0
1777575054.2108831,7644201,7644201.0
1777575075.0270462,7644498,7644498.0
1777575103.8626401,7644903,7644903.0
1777575131.8346896,7645294,7645294.0
1777575187.3627818,7646090,7646090.0
1777575214.2545192,7646471,7646471.0
1777575245.2545938,7646908,7646908.0
1777575268.4141202,7647231,7647231.0
1777575319.6466272,7647970,7647970.0
1777575361.1456172,7648564,7648564.0
1777575390.9296575,7648983,7648983.0
1777575407.2577353,7649216,7649216.0
1777575434.3977354,7649594,7649594.0
1777575460.557794,7649958,7649958.0
1777575487.8094687,7650342,7650342.0
1777575510.0168476,7650648,7650648.0
1777575553.448889,7651276,7651276.0
1777575601.0167708,7651955,7651955.0
1777575625.1247694,7652294,7652294.0
1777575661.8767042,7652816,7652816.0
1777575699.6285567,7653360,7653360.0
1777575725.152301,7653719,7653719.0
1777575761.267811,7654236,7654236.0
1777575789.5597708,7654636,7654636.0
1777575833.219856,7655267,7655267.0
1777575855.5116816,7655571,7655571.0
1777575871.2877367,7655786,7655786.0
1777575898.5276291,7656164,7656164.0
1777575943.2468574,7656809,7656809.0
1777575981.8470032,7657362,7657362.0
1777576019.94694,7657899,7657899.0
1777576052.062598,7658356,7658356.0
1777576098.666759,7659026,7659026.0
1777576129.1905046,7659464,7659464.0
1777576167.7503667,7660003,7660003.0
1777576178.666456,7660149,7660149.0
1777576220.39797,7660753,7660753.0
1777576245.2101586,7661094,7661094.0
1777576268.202044,7661414,7661414.0
1777576305.9337366,7661949,7661949.0
1777576334.0335364,7662348,7662348.0
1777576367.460926,7662826,7662826.0
1777576417.568762,7663546,7663546.0
1777576455.3927777,7664091,7664091.0
1777576492.9287302,7664628,7664628.0
1777576531.0766306,7665167,7665167.0
1777576566.460028,7665672,7665672.0
1777576600.6639402,7666164,7666164.0
1777576632.288211,7666608,7666608.0
1777576645.4484675,7666790,7666790.0
1777576676.2880752,7667225,7667225.0
1777576717.4556704,7667817,7667817.0
1777576754.671147,7668347,7668347.0
1777576798.1233096,7668967,7668967.0
1777576833.1230335,7669466,7669466.0
1777576859.7670696,7669846,7669846.0
1777576898.2987003,7670399,7670399.0
1777576920.882754,7670712,7670712.0
1777576939.9827762,7670982,7670982.0
1777576978.16661,7671519,7671519.0
1777577002.2425508,7671863,7671863.0
1777577036.9581451,7672352,7672352.0
1777577073.6098468,7672876,7672876.0
1777577108.0097868,7673364,7673364.0
1777577125.3256812,7673607,7673607.0
1777577164.1777647,7674157,7674157.0
1777577192.7454617,7674564,7674564.0
1777577226.4848704,7675040,7675040.0
1777577269.9969862,7675669,7675669.0
1777577320.5969398,7676395,7676395.0
1777577366.2286303,7677049,7677049.0
1777577420.7724879,7677834,7677834.0
1777577454.1718683,7678313,7678313.0
1777577482.1957781,7678701,7678701.0
1777577520.9154594,7679251,7679251.0
1777577544.2076926,7679586,7679586.0
1777577576.4915898,7680045,7680045.0
1777577617.3914485,7680618,7680618.0
1777577662.743413,7681274,7681274.0
1777577696.590749,7681752,7681752.0
1777577722.0347853,7682109,7682109.0
1777577769.2347312,7682785,7682785.0
1777577806.1506104,7683315,7683315.0
1777577853.1099367,7683979,7683979.0
1777577893.2859771,7684552,7684552.0
1777577916.5538158,7684875,7684875.0
1777577955.1777215,7685431,7685431.0
1777577981.8619223,7685806,7685806.0
1777578005.637576,7686143,7686143.0
1777578026.197475,7686433,7686433.0
1777578069.3129246,7687044,7687044.0
1777578110.196942,7687631,7687631.0
1777578144.528819,7688121,7688121.0
1777578178.464682,7688601,7688601.0
1777578225.6804562,7689275,7689275.0
1777578260.5159948,7689772,7689772.0
1777578320.8082392,7690643,7690643.0
1777578347.2837982,7691014,7691014.0
1777578379.1397781,7691469,7691469.0
1777578421.4356337,7692066,7692066.0
1777578445.0595005,7692404,7692404.0
1777578474.0508687,7692812,7692812.0
1777578507.0510335,7693283,7693283.0
1777578540.8746128,7693761,7693761.0
1777578587.0345275,7694426,7694426.0
1777578613.378697,7694797,7694797.0
1777578649.8786259,7695322,7695322.0
1777578678.101937,7695719,7695719.0
1777578714.4699643,7696243,7696243.0
1777578762.037775,7696917,7696917.0
1777578791.953688,7697338,7697338.0
1777578836.23782,7697977,7697977.0
1777578871.8734205,7698479,7698479.0
1777578911.6049504,7699043,7699043.0
1777578946.2966957,7699536,7699536.0
1777578975.0327203,7699938,7699938.0
1777579016.580709,7700538,7700538.0
1777579043.42474,7700921,7700921.0
1777579069.9566305,7701293,7701293.0
1777579092.9006565,7701615,7701615.0
1777579121.7243855,7702026,7702026.0
1777579157.7765718,7702541,7702541.0
1777579182.500555,7702885,7702885.0
1777579211.419771,7703288,7703288.0
1777579251.4520864,7703861,7703861.0
1777579268.9116786,7704094,7704094.0
1777579308.1037524,7704659,7704659.0
1777579358.2635238,7705381,7705381.0
1777579392.8115706,7705879,7705879.0
1777579419.2714467,7706248,7706248.0
1777579448.0474913,7706656,7706656.0
1777579500.970961,7707414,7707414.0
1777579545.6708498,7708057,7708057.0
1777579555.8627822,7708198,7708198.0
1777579603.9150763,7708874,7708874.0
1777579644.5504718,7709456,7709456.0
1777579673.3585372,7709863,7709863.0
1777579705.6903913,7710320,7710320.0
1777579727.781881,7710626,7710626.0
1777579792.673764,7711568,7711568.0
1777579819.909569,7711956,7711956.0
1777579860.9620917,7712536,7712536.0
1777579900.609713,7713106,7713106.0
1777579940.361471,7713670,7713670.0
1777579977.137564,7714201,7714201.0
1777580008.5853288,7714650,7714650.0
1777580043.7050457,7715145,7715145.0
1777580074.9807913,7715586,7715586.0
1777580111.7128017,7716107,7716107.0
1777580130.7047775,7716371,7716371.0
1777580162.5883765,7716828,7716828.0
1777580203.988529,7717422,7717422.0
1777580256.824178,7718185,7718185.0
1777580288.5926123,7718637,7718637.0
1777580320.7837398,7719087,7719087.0
1777580346.0675702,7719442,7719442.0
1777580394.4676461,7720142,7720142.0
1777580420.5755074,7720507,7720507.0
1777580469.5508492,7721203,7721203.0
1777580526.6588578,7722022,7722022.0
1777580537.9109135,7722179,7722179.0
1777580565.7187243,7722572,7722572.0
1777580608.178633,7723183,7723183.0
1777580646.794504,7723727,7723727.0
1777580672.5862973,7724090,7724090.0
1777580704.3704853,7724539,7724539.0
1777580747.5779223,7725161,7725161.0
1777580781.2776117,7725637,7725637.0
1777580819.1617367,7726179,7726179.0
1777580865.7135432,7726838,7726838.0
1777580911.840981,7727494,7727494.0
1777580935.8334708,7727839,7727839.0
1777580962.2411363,7728205,7728205.0
1777581002.3328862,7728773,7728773.0
1777581016.5327277,7728971,7728971.0
1777581023.4327486,7729063,7729063.0
1777581063.7086356,7729632,7729632.0
1777581082.1765153,7729895,7729895.0
1777581136.2519433,7730674,7730674.0
1777581185.1837943,7731370,7731370.0
1777581219.1996386,7731859,7731859.0
1777581261.2028883,7732462,7732462.0
1777581288.3752463,7732847,7732847.0
1777581334.5269766,7733502,7733502.0
1777581365.2947345,7733932,7733932.0
1777581385.2186189,7734218,7734218.0
1777581433.8179836,7734912,7734912.0
1777581455.653953,7735209,7735209.0
1777581492.5459135,7735737,7735737.0
1777581521.4975762,7736147,7736147.0
1777581546.0698364,7736492,7736492.0
1777581571.9137225,7736859,7736859.0
1777581594.1054342,7737172,7737172.0
1777581629.904847,7737677,7737677.0
1777581680.048854,7738393,7738393.0
1777581692.681086,7738554,7738554.0
1777581727.4967113,7739056,7739056.0
1777581769.816452,7739658,7739658.0
1777581802.8846028,7740128,7740128.0
1777581867.0400817,7741051,7741051.0
1777581898.667961,7741500,7741500.0
1777581939.3076377,7742075,7742075.0
1777581968.8514812,7742486,7742486.0
1777581986.4750972,7742733,7742733.0
1777582034.659412,7743418,7743418.0
1777582063.894685,7743830,7743830.0
1777582103.1187232,7744391,7744391.0
1777582160.562564,7745221,7745221.0
1777582207.3863373,7745891,7745891.0
1777582245.6779294,7746438,7746438.0
1777582279.5617914,7746921,7746921.0
1777582323.8296626,7747552,7747552.0
1777582352.7295272,7747961,7747961.0
1777582393.8968198,7748552,7748552.0
1777582422.0409913,7748942,7748942.0
1777582460.8409874,7749497,7749497.0
1777582485.780942,7749841,7749841.0
1777582528.1165292,7750450,7750450.0
1777582571.8765242,7751067,7751067.0
1777582603.9999228,7751520,7751520.0
1777582650.4520173,7752191,7752191.0
1777582689.88426,7752748,7752748.0
1777582727.3997786,7753286,7753286.0
1777582765.6357539,7753825,7753825.0
1777582780.195699,7754022,7754022.0
1777582815.4795442,7754526,7754526.0
1777582843.0189898,7754917,7754917.0
1777582880.0347996,7755443,7755443.0
1777582903.0470743,7755762,7755762.0
1777582937.5104618,7756255,7756255.0
1777582968.1865997,7756686,7756686.0
1777583014.6064446,7757346,7757346.0
1777583048.3905404,7757827,7757827.0
1777583084.673961,7758346,7758346.0
1777583124.9736583,7758923,7758923.0
1777583146.098224,7759209,7759209.0
1777583181.665875,7759719,7759719.0
1777583232.018038,7760438,7760438.0
1777583266.001742,7760921,7760921.0
1777583302.7177055,7761449,7761449.0
1777583345.8336582,7762053,7762053.0
1777583393.5013094,7762743,7762743.0
1777583419.0777223,7763101,7763101.0
1777583452.6935995,7763583,7763583.0
1777583494.813176,7764173,7764173.0
1777583525.1447585,7764610,7764610.0
1777583563.344943,7765154,7765154.0
1777583590.1049922,7765535,7765535.0
1777583626.6371295,7766055,7766055.0
1777583644.1487145,7766297,7766297.0
1777583669.0887516,7766649,7766649.0
1777583715.3725111,7767313,7767313.0
1777583771.4165323,7768120,7768120.0
1777583797.3562655,7768478,7768478.0
1777583825.8398018,7768875,7768875.0
1777583850.6157408,7769234,7769234.0
1777583885.632736,7769732,7769732.0
1777583924.6239665,7770283,7770283.0
1777583975.7360258,7771026,7771026.0
1777584032.5275018,7771846,7771846.0
1777584067.1792183,7772326,7772326.0
1777584098.5027366,7772773,7772773.0
1777584152.8629806,7773562,7773562.0
1777584205.9788232,7774320,7774320.0
1777584238.0307891,7774776,7774776.0
1777584267.3068168,7775191,7775191.0
1777584291.206594,7775527,7775527.0
1777584310.3465657,7775792,7775792.0
1777584339.7540326,7776202,7776202.0
1777584382.7059772,7776824,7776824.0
1777584421.0899768,7777376,7777376.0
1777584447.681824,7777752,7777752.0
1777584489.8499968,7778356,7778356.0
1777584519.0816216,7778771,7778771.0
1777584544.1733816,7779129,7779129.0
1777584576.0773644,7779581,7779581.0
1777584618.9614022,7780183,7780183.0
1777584670.337127,7780910,7780910.0
1777584699.744642,7781330,7781330.0
1777584737.5448606,7781867,7781867.0
1777584753.8126562,7782097,7782097.0
1777584788.376295,7782588,7782588.0
1777584838.6202922,7783311,7783311.0
1777584864.543954,7783673,7783673.0
1777584904.2119715,7784249,7784249.0
1777584928.9036827,7784587,7784587.0
1777584970.5037577,7785186,7785186.0
1777585002.9396954,7785643,7785643.0
1777585036.899336,7786130,7786130.0
1777585070.4828832,7786603,7786603.0
1777585101.1674063,7787035,7787035.0
1777585147.982923,7787710,7787710.0
1777585182.9507356,7788199,7788199.0
1777585216.4741812,7788681,7788681.0
1777585241.0738804,7789029,7789029.0
1777585282.809862,7789632,7789632.0
1777585326.557762,7790262,7790262.0
1777585360.5334525,7790744,7790744.0
1777585385.3695564,7791096,7791096.0
1777585440.0371284,7791876,7791876.0
1777585472.6847816,7792344,7792344.0
1777585513.5846086,7792921,7792921.0
1777585557.0881288,7793546,7793546.0
1777585603.9119067,7794208,7794208.0
1777585640.0277562,7794724,7794724.0
1777585671.4195764,7795170,7795170.0
1777585700.7795157,7795584,7795584.0
1777585735.6474462,7796083,7796083.0
1777585777.714674,7796688,7796688.0
1777585809.0987847,7797135,7797135.0
1777585859.1827183,7797854,7797854.0
1777585891.4305482,7798313,7798313.0
1777585919.0738428,7798705,7798705.0
1777585942.5341332,7799032,7799032.0
1777585974.5338755,7799484,7799484.0
1777586021.981621,7800168,7800168.0
1777586052.1016848,7800593,7800593.0
1777586080.057565,7800993,7800993.0
1777586129.0768209,7801688,7801688.0
1777586153.4250257,7802025,7802025.0
1777586185.6011608,7802486,7802486.0
1777586214.3207898,7802894,7802894.0
1777586245.0767078,7803331,7803331.0
1777586275.712603,7803765,7803765.0
1777586324.1284583,7804457,7804457.0
1777586345.5885644,7804764,7804764.0
1777586385.0718002,7805322,7805322.0
1777586407.8635707,7805650,7805650.0
1777586436.8117461,7806062,7806062.0
1777586469.903764,7806532,7806532.0
1777586515.1232753,7807175,7807175.0
1777586568.0149689,7807938,7807938.0
1777586612.014961,7808573,7808573.0
1777586655.842873,7809194,7809194.0
1777586691.3824673,7809697,7809697.0
1777586710.7063267,7809969,7809969.0
1777586744.6902506,7810443,7810443.0
1777586773.1341038,7810849,7810849.0
1777586827.2097516,7811634,7811634.0
1777586855.1338007,7812024,7812024.0
1777586897.9096038,7812632,7812632.0
1777586948.0612652,7813363,7813363.0
1777586994.576826,7814026,7814026.0
1777587022.044769,7814416,7814416.0
1777587065.2967231,7815041,7815041.0
1777587090.9886103,7815400,7815400.0
1777587128.120417,7815935,7815935.0
1777587152.2120352,7816268,7816268.0
1777587191.04805,7816822,7816822.0
1777587215.4878004,7817166,7817166.0
1777587223.1162002,7817258,7817258.0
1777587243.5156817,7817551,7817551.0
1777587289.8078814,7818209,7818209.0
1777587327.0555203,7818747,7818747.0
1777587358.7837048,7819192,7819192.0
1777587377.5915031,7819455,7819455.0
1777587409.9593868,7819915,7819915.0
1777587433.735346,7820248,7820248.0
1777587481.6350243,7820938,7820938.0
1777587510.8353724,7821350,7821350.0
1777587534.4949713,7821678,7821678.0
1777587572.210787,7822220,7822220.0
1777587611.7627707,7822784,7822784.0
1777587635.8026636,7823124,7823124.0
1777587670.1185555,7823611,7823611.0
1777587703.394453,7824084,7824084.0
1777587731.0304506,7824482,7824482.0
1777587782.0297618,7825206,7825206.0
1777587812.461834,7825634,7825634.0
1777587860.9657042,7826327,7826327.0
1777587905.9975936,7826975,7826975.0
1777587930.473709,7827314,7827314.0
1777587986.7168622,7828123,7828123.0
1777588016.5009377,7828541,7828541.0
1777588042.6249282,7828906,7828906.0
1777588066.857045,7829247,7829247.0
1777588125.392797,7830093,7830093.0
1777588155.39271,7830520,7830520.0
1777588191.6085503,7831038,7831038.0
1777588224.8519442,7831510,7831510.0
1777588268.43589,7832132,7832132.0
1777588312.7203405,7832765,7832765.0
1777588346.6038065,7833247,7833247.0
1777588371.0636709,7833590,7833590.0
1777588408.2955325,7834123,7834123.0
1777588440.7638628,7834583,7834583.0
1777588483.162828,7835191,7835191.0
1777588518.8872259,7835696,7835696.0
1777588553.8547719,7836193,7836193.0
1777588595.0227456,7836785,7836785.0
1777588610.1666868,7836990,7836990.0
1777588650.350409,7837571,7837571.0
1777588679.9418452,7837989,7837989.0
1777588724.9499762,7838629,7838629.0
1777588771.9176645,7839305,7839305.0
1777588792.9257522,7839593,7839593.0
1777588823.0015137,7840022,7840022.0
1777588840.2096572,7840263,7840263.0
1777588873.2614677,7840735,7840735.0
1777588897.6014643,7841071,7841071.0
1777588944.2531228,7841731,7841731.0
1777588969.4011412,7842089,7842089.0
1777589000.7129257,7842526,7842526.0
1777589030.6768863,7842950,7842950.0
1777589066.9127414,7843469,7843469.0
1777589096.4885676,7843885,7843885.0
1777589131.3560138,7844383,7844383.0
1777589171.3719356,7844962,7844962.0
1777589199.8479986,7845360,7845360.0
1777589227.3558254,7845747,7845747.0
1777589269.4639058,7846342,7846342.0
1777589301.5912197,7846801,7846801.0
1777589342.8750591,7847389,7847389.0
1777589373.675362,7847827,7847827.0
1777589393.9153624,7848102,7848102.0
1777589432.5506837,7848662,7848662.0
1777589485.298748,7849421,7849421.0
1777589530.0022233,7850061,7850061.0
1777589551.8339107,7850364,7850364.0
1777589601.7699363,7851076,7851076.0
1777589617.025991,7851291,7851291.0
1777589657.3617153,7851864,7851864.0
1777589676.3857653,7852134,7852134.0
1777589701.293824,7852482,7852482.0
1777589737.0456142,7852991,7852991.0
1777589775.0450194,7853537,7853537.0
1777589808.6892571,7854009,7854009.0
1777589849.9730713,7854594,7854594.0
1777589878.4224775,7855000,7855000.0
1777589910.5126717,7855452,7855452.0
1777589920.8404288,7855593,7855593.0
1777589982.7324758,7856487,7856487.0
1777590013.4881604,7856919,7856919.0
1777590045.1920762,7857368,7857368.0
1777590066.9638083,7857671,7857671.0
1777590100.4677286,7858141,7858141.0
1777590122.9395542,7858456,7858456.0
1777590154.8515055,7858906,7858906.0
1777590203.7070665,7859597,7859597.0
1777590237.118855,7860071,7860071.0
1777590255.959415,7860338,7860338.0
1777590297.926549,7860930,7860930.0
1777590322.2948174,7861274,7861274.0
1777590342.4502954,7861563,7861563.0
1777590381.8703978,7862118,7862118.0
1777590397.954635,7862341,7862341.0
1777590412.29439,7862536,7862536.0
1777590442.9460323,7862967,7862967.0
1777590477.7379708,7863463,7863463.0
1777590529.913805,7864204,7864204.0
1777590553.253734,7864537,7864537.0
1777590602.053576,7865234,7865234.0
1777590639.6894581,7865773,7865773.0
1777590672.005378,7866229,7866229.0
1777590701.281433,7866640,7866640.0
1777590723.6889215,7866950,7866950.0
1777590778.9007747,7867744,7867744.0
1777590806.6327856,7868135,7868135.0
1777590845.8085086,7868689,7868689.0
1777590883.107904,7869224,7869224.0
1777590914.459901,7869666,7869666.0
1777590956.291978,7870261,7870261.0
1777590992.7759597,7870781,7870781.0
1777591020.6036348,7871168,7871168.0
1777591047.175706,7871547,7871547.0
1777591079.527374,7872011,7872011.0
1777591137.4190218,7872844,7872844.0
1777591169.8267033,7873307,7873307.0
1777591207.3627856,7873844,7873844.0
1777591247.6466296,7874419,7874419.0
1777591275.0461686,7874808,7874808.0
1777591303.1905634,7875204,7875204.0
1777591331.6985035,7875608,7875608.0
1777591359.2985315,7875997,7875997.0
1777591383.5746853,7876337,7876337.0
1777591423.442746,7876905,7876905.0
1777591442.966491,7877175,7877175.0
1777591484.1979215,7877768,7877768.0
1777591528.1658697,7878395,7878395.0
1777591571.5178168,7879019,7879019.0
1777591582.2103412,7879160,7879160.0
1777591618.1940699,7879672,7879672.0
1777591667.3936644,7880386,7880386.0
1777591717.3538063,7881097,7881097.0
1777591757.3617024,7881663,7881663.0
1777591781.677791,7882008,7882008.0
1777591809.5894713,7882404,7882404.0
1777591836.6456647,7882782,7882782.0
1777591863.4454896,7883157,7883157.0
1777591887.4889324,7883486,7883486.0
1777591960.2054803,7884538,7884538.0
1777591985.2328138,7884893,7884893.0
1777592024.064828,7885451,7885451.0
1777592057.172808,7885921,7885921.0
1777592110.9686542,7886689,7886689.0
1777592138.97675,7887080,7887080.0
1777592184.3363235,7887733,7887733.0
1777592203.4445357,7888005,7888005.0
1777592248.491775,7888642,7888642.0
1777592287.8441186,7889198,7889198.0
1777592311.6039398,7889525,7889525.0
1777592341.579787,7889945,7889945.0
1777592387.019927,7890601,7890601.0
1777592411.8797753,7890949,7890949.0
1777592441.7876391,7891371,7891371.0
1777592501.2149434,7892225,7892225.0
1777592535.1473944,7892707,7892707.0
1777592569.1831496,7893195,7893195.0
1777592598.2747333,7893601,7893601.0
1777592613.0825827,7893796,7893796.0
1777592638.5907185,7894153,7894153.0
1777592666.4987774,7894549,7894549.0
1777592704.0502238,7895081,7895081.0
1777592760.3743176,7895888,7895888.0
1777592788.7823951,7896274,7896274.0
1777592818.2022643,7896689,7896689.0
1777592847.070196,7897102,7897102.0
1777592896.7017221,7897815,7897815.0
1777592942.9015317,7898465,7898465.0
1777592979.1014762,7898984,7898984.0
1777593023.6454246,7899617,7899617.0
1777593060.9692953,7900153,7900153.0
1777593093.197037,7900611,7900611.0
1777593133.9049077,7901190,7901190.0
1777593163.94864,7901613,7901613.0
1777593192.5404434,7902011,7902011.0
1777593262.9403372,7903025,7903025.0
1777593297.8922665,7903528,7903528.0
1777593355.9917347,7904362,7904362.0
1777593375.5156815,7904641,7904641.0
1777593423.7595246,7905328,7905328.0
1777593478.9509833,7906122,7906122.0
1777593513.3268437,7906615,7906615.0
1777593540.194213,7906992,7906992.0
1777593561.5665693,7907297,7907297.0
1777593588.925942,7907683,7907683.0
1777593638.777671,7908399,7908399.0
1777593669.3093536,7908830,7908830.0
1777593717.0291834,7909509,7909509.0
1777593736.2370934,7909778,7909778.0
1777593754.0929747,7910019,7910019.0
1777593789.8446383,7910533,7910533.0
1777593834.42031,7911174,7911174.0
1777593874.1641607,7911741,7911741.0
1777593911.9640648,7912279,7912279.0
1777593943.7957852,7912729,7912729.0
1777593984.5634353,7913316,7913316.0
1777594002.631269,7913566,7913566.0
1777594032.8468106,7913993,7913993.0
1777594052.9068766,7914271,7914271.0
1777594084.7828727,7914716,7914716.0
1777594113.530734,7915122,7915122.0
1777594157.0985904,7915746,7915746.0
1777594193.4818447,7916264,7916264.0
1777594209.0259736,7916474,7916474.0
1777594232.6500444,7916803,7916803.0
1777594265.1904116,7917265,7917265.0
1777594293.273844,7917662,7917662.0
1777594330.9417915,7918197,7918197.0
1777594357.2177427,7918567,7918567.0
1777594387.4929523,7918989,7918989.0
1777594419.776768,7919452,7919452.0
1777594468.8287618,7920149,7920149.0
1777594519.8687682,7920885,7920885.0
1777594552.351933,7921350,7921350.0
1777594577.6280248,7921705,7921705.0
1777594608.1719623,7922141,7922141.0
1777594634.2200232,7922506,7922506.0
1777594656.9117684,7922819,7922819.0
1777594688.1716208,7923269,7923269.0
1777594741.4153535,7924035,7924035.0
1777594775.9468374,7924528,7924528.0
1777594824.9150095,7925240,7925240.0
1777594865.5987444,7925814,7925814.0
1777594902.2145958,7926336,7926336.0
1777594919.790829,7926580,7926580.0
1777594931.0227609,7926728,7926728.0
1777594964.4900064,7927205,7927205.0
1777595013.458119,7927913,7927913.0
1777595064.4340477,7928646,7928646.0
1777595098.7854228,7929134,7929134.0
1777595119.1616218,7929414,7929414.0
1777595153.4170842,7929900,7929900.0
1777595170.5447843,7930131,7930131.0
1777595204.344998,7930611,7930611.0
1777595241.4930506,7931140,7931140.0
1777595268.9052157,7931529,7931529.0
1777595292.9766195,7931866,7931866.0
1777595323.880456,7932300,7932300.0
1777595346.2524436,7932624,7932624.0
1777595377.6444848,7933068,7933068.0
1777595415.3638434,7933601,7933601.0
1777595443.4127116,7933991,7933991.0
1777595480.4723938,7934520,7934520.0
1777595515.0724685,7935014,7935014.0
1777595535.3163855,7935291,7935291.0
1777595577.2478619,7935897,7935897.0
1777595605.0479512,7936290,7936290.0
1777595626.3920412,7936587,7936587.0
1777595659.016003,7937049,7937049.0
1777595693.451884,7937543,7937543.0
1777595729.319993,7938054,7938054.0
1777595781.5038698,7938800,7938800.0
1777595815.8517628,7939291,7939291.0
1777595861.271776,7939943,7939943.0
1777595889.0717378,7940342,7940342.0
1777595933.9196107,7940976,7940976.0
1777595975.0555382,7941566,7941566.0
1777595999.7629666,7941907,7941907.0
1777596033.299486,7942384,7942384.0
1777596055.0553796,7942691,7942691.0
1777596091.074988,7943204,7943204.0
1777596124.1829205,7943669,7943669.0
1777596150.5828166,7944040,7944040.0
1777596180.6589398,7944466,7944466.0
1777596211.8591113,7944903,7944903.0
1777596234.7187462,7945220,7945220.0
1777596263.8586893,7945634,7945634.0
1777596285.666984,7945937,7945937.0
1777596319.3864892,7946412,7946412.0
1777596356.949822,7946945,7946945.0
1777596370.886351,7947142,7947142.0
1777596405.909834,7947637,7947637.0
1777596433.4379652,7948025,7948025.0
1777596451.169997,7948271,7948271.0
1777596493.0538952,7948871,7948871.0
1777596535.729508,7949480,7949480.0
1777596567.0536232,7949920,7949920.0
1777596608.8375022,7950521,7950521.0
1777596633.61324,7950866,7950866.0
1777596671.0814283,7951405,7951405.0
1777596733.0889137,7952297,7952297.0
1777596774.1566997,7952878,7952878.0
1777596804.656783,7953308,7953308.0
1777596830.9766636,7953676,7953676.0
1777596860.5003448,7954094,7954094.0
1777596927.0078905,7955054,7955054.0
1777596962.84414,7955564,7955564.0
1777596993.2515454,7955993,7955993.0
1777597016.2117758,7956307,7956307.0
1777597051.4757504,7956812,7956812.0
1777597105.7035153,7957589,7957589.0
1777597138.7631834,7958060,7958060.0
1777597184.1714778,7958711,7958711.0
1777597214.931456,7959148,7959148.0
1777597250.1626682,7959637,7959637.0
1777597283.014718,7960103,7960103.0
1777597314.754618,7960552,7960552.0
1777597357.5059705,7961160,7961160.0
1777597385.106423,7961551,7961551.0
1777597419.513942,7962040,7962040.0
1777597451.4978163,7962498,7962498.0
1777597494.417777,7963105,7963105.0
1777597535.7337143,7963692,7963692.0
1777597566.9854424,7964137,7964137.0
1777597594.6573741,7964528,7964528.0
1777597632.3769526,7965066,7965066.0
1777597658.8848932,7965447,7965447.0
1777597681.5248332,7965753,7965753.0
1777597719.6767282,7966302,7966302.0
1777597762.4607198,7966910,7966910.0
1777597792.876738,7967344,7967344.0
1777597823.8209155,7967776,7967776.0
1777597851.888526,7968174,7968174.0
1777597871.6118538,7968451,7968451.0
1777597898.5559647,7968831,7968831.0
1777597914.4120977,7969049,7969049.0
1777597936.940035,7969363,7969363.0
1777597964.847974,7969770,7969770.0
1777598013.1558297,7970456,7970456.0
1777598038.4317486,7970812,7970812.0
1777598059.7393374,7971108,7971108.0
1777598084.6633549,7971464,7971464.0
1777598121.4473028,7971982,7971982.0
1777598154.630966,7972450,7972450.0
1777598191.6906903,7972982,7972982.0
1777598232.1067867,7973567,7973567.0
1777598273.1268225,7974143,7974143.0
1777598294.0026295,7974442,7974442.0
1777598323.9863915,7974866,7974866.0
1777598361.302783,7975398,7975398.0
1777598391.8259077,7975831,7975831.0
1777598433.510026,7976431,7976431.0
1777598481.1016738,7977113,7977113.0
1777598512.2054865,7977559,7977559.0
1777598555.3135056,7978178,7978178.0
1777598576.4136093,7978474,7978474.0
1777598614.7728615,7979020,7979020.0
1777598649.5376482,7979510,7979510.0
1777598674.4289052,7979856,7979856.0
1777598714.996833,7980434,7980434.0
1777598754.8487344,7980999,7980999.0
1777598774.9087398,7981286,7981286.0
1777598801.6406133,7981655,7981655.0
1777598826.6999066,7982005,7982005.0
1777598856.1244886,7982416,7982416.0
1777598893.1244118,7982949,7982949.0
1777598927.7916818,7983433,7983433.0
1777598959.0918374,7983876,7983876.0
1777598989.7997026,7984309,7984309.0
1777599027.451403,7984845,7984845.0
1777599071.6188552,7985480,7985480.0
1777599105.0349953,7985950,7985950.0
1777599127.2951107,7986259,7986259.0
1777599150.754661,7986583,7986583.0
1777599191.202837,7987164,7987164.0
1777599237.6546168,7987825,7987825.0
1777599289.5303845,7988567,7988567.0
1777599326.206137,7989087,7989087.0
1777599370.3141384,7989719,7989719.0
1777599406.973905,7990242,7990242.0
1777599436.9738014,7990667,7990667.0
1777599470.6737201,7991135,7991135.0
1777599515.2096817,7991769,7991769.0
1777599540.9013474,7992129,7992129.0
1777599576.1485531,7992629,7992629.0
1777599610.8326004,7993125,7993125.0
1777599655.368054,7993750,7993750.0
1777599688.3076954,7994218,7994218.0
1777599722.307755,7994699,7994699.0
1777599754.3110096,7995157,7995157.0
1777599803.411134,7995855,7995855.0
1777599836.6267755,7996324,7996324.0
1777599866.234552,7996743,7996743.0
1777599886.0625162,7997023,7997023.0
1777599925.5463738,7997576,7997576.0
1777599976.9216232,7998319,7998319.0
1777600017.2536,7998892,7998892.0
1777600040.7613628,7999214,7999214.0
1777600064.8368192,7999559,7999559.0
1777600089.7972612,7999904,7999904.0
1777600132.9968135,8000524,8000524.0
1777600176.4127674,8001088,8001088.0
1777600208.9967613,8001554,8001554.0
1777600244.2481225,8002055,8002055.0
1777600258.340053,8002245,8002245.0
1777600295.0318944,8002768,8002768.0
1777600325.6637728,8003202,8003202.0
1777600356.139613,8003635,8003635.0
1777600391.1076374,8004132,8004132.0
1777600416.4668167,8004484,8004484.0
1777600437.6429672,8004779,8004779.0
1777600463.9908726,8005148,8005148.0
1777600510.2590888,8005811,8005811.0
1777600555.2266839,8006450,8006450.0
1777600581.9778974,8006830,8006830.0
1777600610.962595,8007243,8007243.0
1777600638.293793,8007633,8007633.0
1777600667.4939125,8008040,8008040.0
1777600718.5296967,8008767,8008767.0
1777600748.8451555,8009199,8009199.0
1777600809.1531959,8010070,8010070.0
1777600833.3809996,8010406,8010406.0
1777600866.2808838,8010877,8010877.0
1777600908.6126945,8011480,8011480.0
1777600935.3046923,8011858,8011858.0
1777600966.9040453,8012306,8012306.0
1777600993.5638015,8012678,8012678.0
1777601027.8320217,8013161,8013161.0
1777601045.1155999,8013396,8013396.0
1777601073.5476558,8013802,8013802.0
1777601087.7559144,8013998,8013998.0
1777601125.9833915,8014540,8014540.0
1777601168.7749395,8015155,8015155.0
1777601202.4830031,8015639,8015639.0
1777601231.083079,8016039,8016039.0
1777601258.9427872,8016432,8016432.0
1777601290.7746797,8016876,8016876.0
1777601326.7666056,8017390,8017390.0
1777601351.7025564,8017737,8017737.0
1777601375.6419687,8018073,8018073.0
1777601402.633878,8018457,8018457.0
1777601438.9018424,8018969,8018969.0
1777601468.1856022,8019383,8019383.0
1777601496.061439,8019772,8019772.0
1777601516.285538,8020049,8020049.0
1777601565.1050403,8020755,8020755.0
1777601590.8454638,8021120,8021120.0
1777601623.5131304,8021587,8021587.0
1777601672.5489678,8022287,8022287.0
1777601713.233164,8022875,8022875.0
1777601746.064798,8023342,8023342.0
1777601792.8326607,8024007,8024007.0
1777601821.0645077,8024404,8024404.0
1777601839.139923,8024662,8024662.0
1777601869.5999746,8025088,8025088.0
1777601909.100315,8025649,8025649.0
1777601936.3077812,8026033,8026033.0
1777601967.5277805,8026477,8026477.0
1777602003.7277164,8026989,8026989.0
1777602036.3516495,8027456,8027456.0
1777602067.9355593,8027904,8027904.0
1777602117.2029321,8028609,8028609.0
1777602143.903025,8028986,8028986.0
1777602192.5867708,8029689,8029689.0
1777602213.5467515,8029978,8029978.0
1777602266.7546897,8030747,8030747.0
1777602287.8625472,8031044,8031044.0
1777602318.4383955,8031477,8031477.0
1777602357.1219447,8032021,8032021.0
1777602383.421937,8032392,8032392.0
1777602418.241863,8032885,8032885.0
1777602445.565581,8033273,8033273.0
1777602494.017551,8033970,8033970.0
1777602513.573551,8034236,8034236.0
1777602547.6733794,8034719,8034719.0
1777602580.7489083,8035192,8035192.0
1777602612.1331363,8035633,8035633.0
1777602647.1847024,8036138,8036138.0
1777602669.9607177,8036446,8036446.0
1777602700.5683527,8036879,8036879.0
1777602737.8360162,8037412,8037412.0
1777602762.943985,8037763,8037763.0
1777602791.4599757,8038161,8038161.0
1777602827.5357523,8038677,8038677.0
1777602857.203988,8039096,8039096.0
1777602891.8197792,8039591,8039591.0
1777602935.1557028,8040202,8040202.0
1777602963.010828,8040593,8040593.0
1777602994.4790409,8041034,8041034.0
1777603015.9549038,8041333,8041333.0
1777603053.2230523,8041866,8041866.0
1777603089.7151957,8042387,8042387.0
1777603127.214321,8042925,8042925.0
1777603167.8663483,8043501,8043501.0
1777603186.242037,8043760,8043760.0
1777603221.8740597,8044273,8044273.0
1777603244.2979238,8044583,8044583.0
1777603281.0020921,8045104,8045104.0
1777603338.2777014,8045922,8045922.0
1777603371.7853084,8046396,8046396.0
1777603408.693472,8046922,8046922.0
1777603447.7694333,8047474,8047474.0
1777603487.7847278,8048044,8048044.0
1777603528.652726,8048621,8048621.0
1777603565.6366742,8049152,8049152.0
1777603609.0205112,8049781,8049781.0
1777603662.528291,8050544,8050544.0
1777603702.8803427,8051120,8051120.0
1777603737.739879,8051606,8051606.0
1777603766.4717896,8052012,8052012.0
1777603799.7720835,8052488,8052488.0
1777603838.0999424,8053033,8053033.0
1777603881.507822,8053657,8053657.0
1777603899.691807,8053902,8053902.0
1777603936.8916934,8054437,8054437.0
1777603966.2436564,8054852,8054852.0
1777603995.2836838,8055265,8055265.0
1777604031.051578,8055777,8055777.0
1777604065.7029302,8056266,8056266.0
1777604079.3033729,8056451,8056451.0
1777604125.026867,8057100,8057100.0
1777604148.9869752,8057442,8057442.0
1777604217.654735,8058421,8058421.0
1777604240.7867548,8058751,8058751.0
1777604268.4546254,8059143,8059143.0
1777604290.1787987,8059450,8059450.0
1777604325.3226473,8059955,8059955.0
1777604353.90642,8060363,8060363.0
1777604393.5222805,8060932,8060932.0
1777604417.830396,8061277,8061277.0
1777604450.2499814,8061741,8061741.0
1777604477.9578183,8062132,8062132.0
1777604513.8417528,8062643,8062643.0
1777604544.2496223,8063079,8063079.0
1777604581.4496903,8063587,8063587.0
1777604623.9016423,8064191,8064191.0
1777604662.3690012,8064746,8064746.0
1777604694.3168988,8065194,8065194.0
1777604713.6450422,8065457,8065457.0
1777604758.6129704,8066093,8066093.0
1777604807.676731,8066800,8066800.0
1777604845.112753,8067335,8067335.0
1777604882.42858,8067856,8067856.0
1777604915.1958632,8068321,8068321.0
1777604954.047875,8068878,8068878.0
1777604978.4040504,8069218,8069218.0
1777605002.047648,8069546,8069546.0
1777605030.5796816,8069945,8069945.0
1777605063.7717338,8070420,8070420.0
1777605106.9755788,8071033,8071033.0
1777605162.8514674,8071836,8071836.0
1777605209.8588228,8072502,8072502.0
1777605240.4507372,8072933,8072933.0
1777605266.142696,8073300,8073300.0
1777605289.8186548,8073631,8073631.0
1777605337.610386,8074309,8074309.0
1777605373.018692,8074819,8074819.0
1777605398.0860472,8075165,8075165.0
1777605420.7098475,8075483,8075483.0
1777605449.9380841,8075898,8075898.0
1777605476.178096,8076273,8076273.0
1777605528.6697161,8077017,8077017.0
1777605560.769472,8077472,8077472.0
1777605600.7735653,8078027,8078027.0
1777605640.4053948,8078598,8078598.0
1777605675.2128284,8079094,8079094.0
1777605704.4126375,8079510,8079510.0
1777605731.3246894,8079884,8079884.0
1777605758.9966438,8080270,8080270.0
1777605792.147784,8080743,8080743.0
1777605822.771761,8081178,8081178.0
1777605856.3076417,8081659,8081659.0
1777605883.6997569,8082044,8082044.0
1777605895.9915695,8082213,8082213.0
1777605933.6232023,8082744,8082744.0
1777605969.3270705,8083257,8083257.0
1777605998.0508034,8083657,8083657.0
1777606057.44264,8084508,8084508.0
1777606101.8939748,8085151,8085151.0
1777606134.3781893,8085605,8085605.0
1777606173.2616842,8086158,8086158.0
1777606205.837702,8086617,8086617.0
1777606240.6213756,8087111,8087111.0
1777606277.037422,8087630,8087630.0
1777606318.0889833,8088221,8088221.0
1777606338.5289907,8088500,8088500.0
1777606367.4887655,8088905,8088905.0
1777606403.9203796,8089421,8089421.0
1777606413.6645467,8089541,8089541.0
1777606461.7960536,8090234,8090234.0
1777606500.9482634,8090792,8090792.0
1777606533.2636428,8091241,8091241.0
1777606557.623774,8091593,8091593.0
1777606591.5556521,8092060,8092060.0
1777606612.631779,8092362,8092362.0
1777606651.5509984,8092915,8092915.0
1777606690.8067806,8093474,8093474.0
1777606728.8909757,8094020,8094020.0
1777606758.3586946,8094435,8094435.0
1777606777.5347457,8094698,8094698.0
1777606841.126118,8095618,8095618.0
1777606875.7104084,8096103,8096103.0
1777606909.8621018,8096583,8096583.0
1777606939.353822,8097001,8097001.0
1777606979.0697985,8097573,8097573.0
1777607018.5373254,8098128,8098128.0
1777607050.461681,8098581,8098581.0
1777607081.361239,8099021,8099021.0
1777607113.620805,8099477,8099477.0
1777607149.0887313,8099982,8099982.0
1777607184.956714,8100495,8100495.0
1777607211.5127487,8100873,8100873.0
1777607254.88044,8101485,8101485.0
1777607289.8000507,8101984,8101984.0
1777607314.8081815,8102336,8102336.0
1777607341.4397662,8102712,8102712.0
1777607368.3158028,8103096,8103096.0
1777607410.3837545,8103689,8103689.0
1777607446.1837063,8104195,8104195.0
1777607505.1589563,8105043,8105043.0
1777607527.734854,8105356,8105356.0
1777607566.3667283,8105911,8105911.0
1777607595.8428423,8106326,8106326.0
1777607626.84274,8106766,8106766.0
1777607651.7546976,8107109,8107109.0
1777607693.5385349,8107713,8107713.0
1777607714.8305454,8108008,8108008.0
1777607732.6861203,8108251,8108251.0
1777607775.4459555,8108861,8108861.0
1777607813.6697123,8109408,8109408.0
1777607849.6378133,8109922,8109922.0
1777607888.5052595,8110467,8110467.0
1777607922.1976058,8110941,8110941.0
1777607941.5054724,8111209,8111209.0
1777607973.6251302,8111659,8111659.0
1777608012.6408975,8112219,8112219.0
1777608056.8246455,8112855,8112855.0
1777608095.6247077,8113408,8113408.0
1777608134.108622,8113952,8113952.0
1777608149.1766756,8114166,8114166.0
1777608197.799839,8114861,8114861.0
1777608221.7440212,8115200,8115200.0
1777608252.4440026,8115629,8115629.0
1777608298.4596992,8116292,8116292.0
1777608331.9878259,8116763,8116763.0
1777608362.3714037,8117195,8117195.0
1777608389.2633843,8117576,8117576.0
1777608423.9950233,8118058,8118058.0
1777608449.8187914,8118426,8118426.0
1777608478.2547486,8118828,8118828.0
1777608523.0387795,8119464,8119464.0
1777608568.470794,8120118,8120118.0
1777608595.8305662,8120505,8120505.0
1777608651.606407,8121310,8121310.0
1777608693.905852,8121904,8121904.0
1777608735.6900427,8122508,8122508.0
1777608772.473674,8123029,8123029.0
1777608814.9932694,8123633,8123633.0
1777608853.7769582,8124186,8124186.0
1777608883.040842,8124603,8124603.0
1777608928.7448084,8125263,8125263.0
1777608964.59272,8125759,8125759.0
1777608988.2207532,8126097,8126097.0
1777609020.676706,8126556,8126556.0
1777609048.5286298,8126945,8126945.0
1777609067.9880114,8127214,8127214.0
1777609109.051836,8127799,8127799.0
1777609150.0356603,8128385,8128385.0
1777609194.1041253,8129012,8129012.0
1777609218.511698,8129353,8129353.0
1777609265.607191,8130025,8130025.0
1777609324.715147,8130877,8130877.0
1777609356.2910357,8131327,8131327.0
1777609417.3305688,8132203,8132203.0
1777609431.7067292,8132400,8132400.0
1777609479.758553,8133086,8133086.0
1777609512.1099908,8133542,8133542.0
1777609534.7818527,8133856,8133856.0
1777609568.3499668,8134327,8134327.0
1777609595.1577382,8134707,8134707.0
1777609638.1618538,8135322,8135322.0
1777609665.0337605,8135702,8135702.0
1777609686.5474226,8136000,8136000.0
1777609714.745145,8136397,8136397.0
1777609749.6450064,8136884,8136884.0
1777609802.3770914,8137651,8137651.0
1777609832.5445526,8138079,8138079.0
1777609863.5210247,8138513,8138513.0
1777609883.312764,8138792,8138792.0
1777609915.2647808,8139245,8139245.0
1777609973.3402472,8140078,8140078.0
1777610019.4404974,8140735,8140735.0
1777610062.9078307,8141359,8141359.0
1777610100.5237045,8141891,8141891.0
1777610125.2676883,8142235,8142235.0
1777610148.9237456,8142565,8142565.0
1777610178.7755132,8142987,8142987.0
1777610234.8751445,8143787,8143787.0
1777610252.4666944,8144040,8144040.0
1777610280.8190312,8144436,8144436.0
1777610317.166814,8144950,8144950.0
1777610345.2426596,8145346,8145346.0
1777610395.8425255,8146070,8146070.0
1777610434.9100072,8146619,8146619.0
1777610459.129802,8146968,8146968.0
1777610496.3219469,8147490,8147490.0
1777610510.0299551,8147682,8147682.0
1777610556.1457245,8148342,8148342.0
1777610600.0897884,8148978,8148978.0
1777610618.6055872,8149224,8149224.0
1777610649.073026,8149661,8149661.0
1777610673.5976443,8150016,8150016.0
1777610704.6970942,8150440,8150440.0
1777610753.8171127,8151148,8151148.0
1777610781.9807322,8151549,8151549.0
1777610819.8247843,8152091,8152091.0
1777610835.6329577,8152303,8152303.0
1777610870.2159946,8152793,8152793.0
1777610906.7319813,8153313,8153313.0
1777610932.0599682,8153670,8153670.0
1777610962.3839808,8154100,8154100.0
1777610985.0840364,8154418,8154418.0
1777611022.8277984,8154951,8154951.0
1777611062.2754662,8155520,8155520.0
1777611120.5189817,8156357,8156357.0
1777611163.1189885,8156961,8156961.0
1777611194.7868283,8157409,8157409.0
1777611223.0467086,8157803,8157803.0
1777611249.5947568,8158179,8158179.0
1777611283.8147788,8158662,8158662.0
1777611326.9064794,8159284,8159284.0
1777611381.566171,8160068,8160068.0
1777611410.7500055,8160474,8160474.0
1777611452.2136467,8161070,8161070.0
1777611500.8174913,8161759,8161759.0
1777611541.8169348,8162346,8162346.0
1777611580.917565,8162905,8162905.0
1777611606.8329365,8163271,8163271.0
1777611645.9768293,8163828,8163828.0
1777611671.0687094,8164173,8164173.0
1777611693.1847355,8164493,8164493.0
1777611739.820685,8165158,8165158.0
1777611781.4204538,8165756,8165756.0
1777611827.203826,8166408,8166408.0
1777611857.971944,8166839,8166839.0
1777611882.0797718,8167177,8167177.0
1777611924.479798,8167782,8167782.0
1777611955.7797585,8168226,8168226.0
1777611998.4475965,8168831,8168831.0
1777612025.1874342,8169214,8169214.0
1777612063.255111,8169742,8169742.0
1777612093.539055,8170167,8170167.0
1777612125.2830188,8170614,8170614.0
1777612166.8308187,8171212,8171212.0
1777612180.806687,8171397,8171397.0
1777612210.3508584,8171813,8171813.0
1777612241.7504482,8172258,8172258.0
1777612275.5662785,8172735,8172735.0
1777612318.009968,8173342,8173342.0
1777612343.257909,8173693,8173693.0
1777612372.8020093,8174113,8174113.0
1777612406.5857768,8174592,8174592.0
1777612423.125716,8174819,8174819.0
1777612447.8377233,8175164,8175164.0
1777612478.6096547,8175598,8175598.0
1777612533.869425,8176399,8176399.0
1777612554.6972497,8176685,8176685.0
1777612583.1290946,8177086,8177086.0
1777612617.905,8177585,8177585.0
1777612646.0047305,8177981,8177981.0
1777612694.1047719,8178667,8178667.0
1777612726.6884532,8179130,8179130.0
1777612743.4407446,8179370,8179370.0
1777612770.9565234,8179757,8179757.0
1777612798.8158581,8180150,8180150.0
1777612824.1559942,8180511,8180511.0
1777612849.0397534,8180857,8180857.0
1777612872.415895,8181181,8181181.0
1777612904.431743,8181636,8181636.0
1777612940.1237328,8182141,8182141.0
1777612979.5276637,8182706,8182706.0
1777613021.7273562,8183308,8183308.0
1777613060.5749583,8183855,8183855.0
1777613069.7191067,8183976,8183976.0
1777613097.7587564,8184372,8184372.0
1777613118.6189804,8184659,8184659.0
1777613175.6107123,8185485,8185485.0
1777613206.9626422,8185923,8185923.0
1777613246.2383752,8186483,8186483.0
1777613265.2224572,8186743,8186743.0
1777613304.9139907,8187318,8187318.0
1777613323.6060472,8187565,8187565.0
1777613360.353911,8188093,8188093.0
1777613404.1736846,8188720,8188720.0
1777613432.181746,8189115,8189115.0
1777613467.9133322,8189629,8189629.0
1777613490.0888371,8189935,8189935.0
1777613519.225004,8190346,8190346.0
1777613542.2332754,8190669,8190669.0
1777613576.300681,8191158,8191158.0
1777613607.008681,8191597,8191597.0
1777613649.4246318,8192197,8192197.0
1777613681.860716,8192658,8192658.0
1777613716.4761827,8193150,8193150.0
1777613760.7924178,8193784,8193784.0
1777613793.4517841,8194253,8194253.0
1777613838.6437528,8194892,8194892.0
1777613875.8037546,8195423,8195423.0
1777613893.8713872,8195672,8195672.0
1777613925.8628175,8196125,8196125.0
1777613964.1310284,8196673,8196673.0
1777614014.2707684,8197388,8197388.0
1777614052.4983668,8197938,8197938.0
1777614096.9459972,8198574,8198574.0
1777614124.9659975,8198971,8198971.0
1777614164.0657022,8199518,8199518.0
1777614178.449502,8199721,8199721.0
1777614212.1974084,8200202,8200202.0
1777614249.5650434,8200740,8200740.0
1777614278.9888818,8201157,8201157.0
1777614328.916689,8201865,8201865.0
1777614354.2927322,8202220,8202220.0
1777614371.4006095,8202457,8202457.0
1777614390.9401917,8202726,8202726.0
1777614433.7441633,8203339,8203339.0
1777614465.3600135,8203787,8203787.0
1777614499.6838849,8204273,8204273.0
1777614527.9838245,8204670,8204670.0
1777614560.811722,8205129,8205129.0
1777614584.7030594,8205463,8205463.0
1777614625.918992,8206054,8206054.0
1777614655.0031013,8206460,8206460.0
1777614695.6709015,8207051,8207051.0
1777614731.2707298,8207553,8207553.0
1777614761.6947348,8207980,8207980.0
1777614791.2146752,8208394,8208394.0
1777614818.0378294,8208781,8208781.0
1777614857.2544892,8209331,8209331.0
1777614901.6738188,8209974,8209974.0
1777614938.7897696,8210507,8210507.0
1777614977.2415123,8211049,8211049.0
1777615012.5091443,8211551,8211551.0
1777615052.673032,8212128,8212128.0
1777615087.7009907,8212627,8212627.0
1777615123.6166034,8213132,8213132.0
1777615152.0685554,8213539,8213539.0
1777615185.2762997,8214009,8214009.0
1777615231.7080493,8214678,8214678.0
1777615273.512,8215271,8215271.0
1777615300.4597526,8215660,8215660.0
1777615337.827603,8216186,8216186.0
1777615383.1636856,8216838,8216838.0
1777615420.879869,8217379,8217379.0
1777615452.1711817,8217815,8217815.0
1777615488.0711036,8218327,8218327.0
1777615527.6866217,8218894,8218894.0
1777615566.2904718,8219440,8219440.0
1777615603.1064985,8219961,8219961.0
1777615660.613848,8220790,8220790.0
1777615697.6899617,8221312,8221312.0
1777615745.1177695,8221999,8221999.0
1777615770.609654,8222353,8222353.0
1777615794.1655993,8222685,8222685.0
1777615824.701371,8223115,8223115.0
1777615862.6851175,8223656,8223656.0
1777615898.941345,8224171,8224171.0
1777615931.2766986,8224632,8224632.0
1777615958.000931,8225012,8225012.0
1777615972.8289907,8225205,8225205.0
1777616026.5528646,8225969,8225969.0
1777616079.668733,8226741,8226741.0
1777616123.6804638,8227358,8227358.0
1777616149.304422,8227716,8227716.0
1777616189.5400896,8228289,8228289.0
1777616205.3720171,8228506,8228506.0
1777616229.6562886,8228851,8228851.0
1777616251.5159795,8229152,8229152.0
1777616300.115754,8229846,8229846.0
1777616339.9317029,8230419,8230419.0
1777616375.1834924,8230921,8230921.0
1777616428.3592303,8231682,8231682.0
1777616465.115392,8232208,8232208.0
1777616504.6749892,8232769,8232769.0
1777616517.8110235,8232946,8232946.0
1777616562.8106687,8233591,8233591.0
1777616587.0347366,8233933,8233933.0
1777616606.5263295,8234209,8234209.0
1777616648.0786626,8234798,8234798.0
1777616678.8263862,8235236,8235236.0
1777616693.8858726,8235429,8235429.0
1777616727.5018709,8235910,8235910.0
1777616757.3619473,8236331,8236331.0
1777616781.6219723,8236668,8236668.0
1777616805.561788,8236999,8236999.0
1777616847.0457602,8237589,8237589.0
1777616880.365579,8238067,8238067.0
1777616931.2975175,8238795,8238795.0
1777616963.2811332,8239246,8239246.0
1777617010.2968774,8239923,8239923.0
1777617045.665039,8240418,8240418.0
1777617082.8846843,8240951,8240951.0
1777617123.316496,8241526,8241526.0
1777617149.7246003,8241890,8241890.0
1777617184.6438515,8242392,8242392.0
1777617220.3597355,8242895,8242895.0
1777617265.1436365,8243534,8243534.0
1777617282.519747,8243776,8243776.0
1777617314.5277007,8244229,8244229.0
1777617358.0115213,8244840,8244840.0
1777617402.1549788,8245482,8245482.0
1777617445.6391869,8246098,8246098.0
1777617496.014805,8246817,8246817.0
1777617527.2067242,8247258,8247258.0
1777617569.6067498,8247860,8247860.0
1777617604.0743973,8248348,8248348.0
1777617634.7145364,8248782,8248782.0
1777617678.797936,8249403,8249403.0
1777617700.405769,8249710,8249710.0
1777617743.0057952,8250314,8250314.0
1777617782.4573967,8250879,8250879.0
1777617821.5416715,8251441,8251441.0
1777617853.825657,8251905,8251905.0
1777617884.2328966,8252333,8252333.0
1777617915.7008536,8252780,8252780.0
1777617947.3847346,8253224,8253224.0
1777617981.4284081,8253713,8253713.0
1777618004.6998682,8254050,8254050.0
1777618022.9282572,8254291,8254291.0
1777618053.4760623,8254721,8254721.0
1777618086.811753,8255184,8255184.0
1777618113.3353467,8255559,8255559.0
1777618130.7435043,8255802,8255802.0
1777618152.7708533,8256116,8256116.0
1777618181.7470016,8256527,8256527.0
1777618216.3466933,8257019,8257019.0
1777618248.9307263,8257479,8257479.0
1777618278.9464972,8257898,8257898.0
1777618321.789866,8258514,8258514.0
1777618353.5379515,8258961,8258961.0
1777618395.173504,8259563,8259563.0
1777618438.405747,8260174,8260174.0
1777618464.8973956,8260546,8260546.0
1777618490.6407926,8260902,8260902.0
1777618526.3089685,8261409,8261409.0
1777618564.8088384,8261953,8261953.0
1777618597.2247357,8262413,8262413.0
1777618623.000509,8262768,8262768.0
1777618652.5078511,8263188,8263188.0
1777618691.8918083,8263752,8263752.0
1777618719.8437634,8264150,8264150.0
1777618750.1516774,8264577,8264577.0
1777618809.3109293,8265421,8265421.0
1777618852.7951107,8266040,8266040.0
1777618889.5627847,8266560,8266560.0
1777618922.3788228,8267028,8267028.0
1777618973.022462,8267753,8267753.0
1777619005.261908,8268208,8268208.0
1777619024.053829,8268472,8268472.0
1777619064.93776,8269045,8269045.0
1777619084.097981,8269315,8269315.0
1777619118.2895124,8269806,8269806.0
1777619160.7976556,8270404,8270404.0
1777619182.2729595,8270698,8270698.0
1777619207.197571,8271058,8271058.0
1777619228.5727987,8271353,8271353.0
1777619279.540912,8272081,8272081.0
1777619321.8408103,8272690,8272690.0
1777619360.1766002,8273234,8273234.0
1777619375.415991,8273447,8273447.0
1777619396.508352,8273737,8273737.0
1777619445.0159583,8274440,8274440.0
1777619480.15172,8274937,8274937.0
1777619513.14376,8275397,8275397.0
1777619538.5036824,8275763,8275763.0
1777619581.750968,8276372,8276372.0
1777619620.670858,8276932,8276932.0
1777619645.162838,8277274,8277274.0
1777619678.3467572,8277748,8277748.0
1777619708.3467782,8278168,8278168.0
1777619749.494696,8278758,8278758.0
1777619789.4299798,8279323,8279323.0
1777619824.3898177,8279822,8279822.0
1777619856.405767,8280273,8280273.0
1777619889.789866,8280747,8280747.0
1777619931.5415874,8281341,8281341.0
1777619950.7336051,8281614,8281614.0
1777619970.272974,8281876,8281876.0
1777620005.0974195,8282370,8282370.0
1777620045.2809093,8282939,8282939.0
1777620078.648823,8283417,8283417.0
1777620118.0008013,8283972,8283972.0
1777620157.6168528,8284546,8284546.0
1777620193.0367234,8285048,8285048.0
1777620210.8528075,8285295,8285295.0
1777620245.0207734,8285779,8285779.0
1777620286.8687494,8286388,8286388.0
1777620331.0365024,8287012,8287012.0
1777620351.6287234,8287309,8287309.0
1777620405.3199642,8288076,8288076.0
1777620435.3403826,8288501,8288501.0
1777620488.924046,8289272,8289272.0
1777620516.7556596,8289660,8289660.0
1777620552.6319084,8290175,8290175.0
1777620589.1155088,8290695,8290695.0
1777620622.7150114,8291180,8291180.0
1777620648.038954,8291533,8291533.0
1777620679.5591958,8291984,8291984.0
1777620709.051084,8292396,8292396.0
1777620740.566803,8292842,8292842.0
1777620764.3267257,8293171,8293171.0
1777620794.4668095,8293601,8293601.0
1777620824.1187267,8294016,8294016.0
1777620867.6185277,8294634,8294634.0
1777620903.8864691,8295149,8295149.0
1777620929.4618096,8295507,8295507.0
1777620949.7540038,8295799,8295799.0
1777620977.6619122,8296186,8296186.0
1777620997.6860645,8296462,8296462.0
1777621012.9936087,8296679,8296679.0
1777621058.7774918,8297329,8297329.0
1777621081.0534549,8297641,8297641.0
1777621104.9897509,8297977,8297977.0
1777621159.157235,8298764,8298764.0
1777621180.264996,8299057,8299057.0
1777621207.449051,8299436,8299436.0
1777621245.4805562,8299988,8299988.0
1777621274.6087227,8300405,8300405.0
1777621292.432773,8300645,8300645.0
1777621318.266349,8301000,8301000.0
1777621352.8405035,8301493,8301493.0
1777621416.2320175,8302409,8302409.0
1777621444.4239736,8302804,8302804.0
1777621486.575844,8303409,8303409.0
1777621536.067692,8304122,8304122.0
1777621581.5869575,8304778,8304778.0
1777621615.2347867,8305245,8305245.0
1777621646.078953,8305684,8305684.0
1777621685.2629762,8306238,8306238.0
1777621732.7866335,8306926,8306926.0
1777621764.2146914,8307370,8307370.0
1777621791.36244,8307754,8307754.0
1777621826.0539129,8308237,8308237.0
1777621869.0376887,8308858,8308858.0
1777621898.1578162,8309268,8309268.0
1777621923.9658124,8309631,8309631.0
1777621961.4817119,8310170,8310170.0
1777621992.9896712,8310618,8310618.0
1777622017.8409894,8310959,8310959.0
1777622038.6016023,8311244,8311244.0
1777622055.1930022,8311478,8311478.0
1777622099.2248163,8312102,8312102.0
1777622126.901022,8312492,8312492.0
1777622170.9333715,8313123,8313123.0
1777622190.4769857,8313391,8313391.0
1777622220.628887,8313810,8313810.0
1777622256.5526972,8314327,8314327.0
1777622286.9849255,8314753,8314753.0
1777622321.0527341,8315241,8315241.0
1777622370.5886536,8315947,8315947.0
1777622387.0445936,8316180,8316180.0
1777622413.4723446,8316546,8316546.0
1777622456.9884474,8317169,8317169.0
1777622508.2958667,8317907,8317907.0
1777622532.4080498,8318241,8318241.0
1777622555.7800188,8318566,8318566.0
1777622584.6477983,8318974,8318974.0
1777622629.4319108,8319613,8319613.0
1777622683.759639,8320388,8320388.0
1777622704.7516613,8320682,8320682.0
1777622733.3275347,8321080,8321080.0
1777622762.743254,8321495,8321495.0
1777622781.6428566,8321761,8321761.0
1777622845.110802,8322675,8322675.0
1777622875.9192927,8323107,8323107.0
1777622900.478595,8323459,8323459.0
1777622930.6788094,8323882,8323882.0
1777622968.4306695,8324414,8324414.0
1777623018.4943898,8325134,8325134.0
1777623051.213889,8325602,8325602.0
1777623091.7459638,8326176,8326176.0
1777623153.4738417,8327067,8327067.0
1777623195.7577705,8327676,8327676.0
1777623220.3136082,8328021,8328021.0
1777623279.8414857,8328873,8328873.0
1777623289.000896,8328994,8328994.0
1777623324.8248484,8329504,8329504.0
1777623369.192735,8330131,8330131.0
1777623415.8167639,8330797,8330797.0
1777623457.3526952,8331380,8331380.0
1777623501.0365784,8332015,8332015.0
1777623531.227873,8332444,8332444.0
1777623566.1117785,8332942,8332942.0
1777623603.7799308,8333466,8333466.0
1777623633.1436296,8333883,8333883.0
1777623665.9360843,8334344,8334344.0
1777623685.1957812,8334621,8334621.0
1777623707.9396026,8334942,8334942.0
1777623760.5153651,8335687,8335687.0
1777623791.9867911,8336124,8336124.0
1777623816.1709714,8336469,8336469.0
1777623850.2468984,8336951,8336951.0
1777623897.7066636,8337623,8337623.0
1777623925.950678,8338028,8338028.0
1777623949.7586005,8338357,8338357.0
1777623989.8984458,8338920,8338920.0
1777624028.6743264,8339476,8339476.0
1777624064.6585264,8339985,8339985.0
1777624076.558195,8340151,8340151.0
1777624114.5417566,8340682,8340682.0
1777624137.3775783,8341008,8341008.0
1777624186.1096864,8341709,8341709.0
1777624218.9015815,8342175,8342175.0
1777624241.3013358,8342489,8342489.0
1777624253.7857547,8342659,8342659.0
1777624265.045097,8342800,8342800.0
1777624308.1768932,8343421,8343421.0
1777624342.228888,8343902,8343902.0
1777624377.2207794,8344402,8344402.0
1777624423.148741,8345057,8345057.0
1777624456.0406568,8345522,8345522.0
1777624479.2644093,8345846,8345846.0
1777624515.6159947,8346362,8346362.0
1777624548.3798892,8346827,8346827.0
1777624564.6917527,8347051,8347051.0
1777624608.8082132,8347678,8347678.0
1777624648.8758733,8348243,8348243.0
1777624683.9833858,8348742,8348742.0
1777624719.815062,8349249,8349249.0
1777624751.1994147,8349697,8349697.0
1777624801.2671952,8350410,8350410.0
1777624825.843115,8350766,8350766.0
1777624866.0950317,8351330,8351330.0
1777624907.6267304,8351923,8351923.0
1777624940.3786302,8352391,8352391.0
1777624983.4225438,8352996,8352996.0
1777625018.461912,8353500,8353500.0
1777625060.645849,8354107,8354107.0
1777625088.937782,8354505,8354505.0
1777625118.7217567,8354924,8354924.0
1777625159.0898085,8355498,8355498.0
1777625203.7575984,8356140,8356140.0
1777625262.54884,8356980,8356980.0
1777625312.1487782,8357684,8357684.0
1777625349.1327777,8358216,8358216.0
1777625387.18523,8358751,8358751.0
1777625419.95269,8359219,8359219.0
1777625444.376561,8359558,8359558.0
1777625480.0923424,8360072,8360072.0
1777625508.9678447,8360471,8360471.0
1777625535.4684443,8360845,8360845.0
1777625593.4360054,8361675,8361675.0
1777625619.3716185,8362036,8362036.0
1777625646.9437468,8362423,8362423.0
1777625687.963573,8363015,8363015.0
1777625716.7714698,8363422,8363422.0
1777625764.9148636,8364105,8364105.0
1777625794.7872474,8364533,8364533.0
1777625843.862764,8365240,8365240.0
1777625893.790681,8365949,8365949.0
1777625920.250401,8366327,8366327.0
1777625953.2065494,8366796,8366796.0
1777625984.225878,8367236,8367236.0
1777626015.6179109,8367684,8367684.0
1777626053.1179225,8368215,8368215.0
1777626086.9497914,8368691,8368691.0
1777626127.9697056,8369274,8369274.0
1777626176.6856308,8369975,8369975.0
1777626211.1369283,8370463,8370463.0
1777626252.500826,8371039,8371039.0
1777626270.6927805,8371297,8371297.0
1777626293.3851852,8371610,8371610.0
1777626341.4689007,8372292,8372292.0
1777626377.5729365,8372809,8372809.0
1777626419.3566644,8373409,8373409.0
1777626459.7405953,8373979,8373979.0
1777626486.348303,8374353,8374353.0
1777626519.5319514,8374825,8374825.0
1777626559.099776,8375388,8375388.0
1777626589.4638045,8375821,8375821.0
1777626623.9237986,8376303,8376303.0
1777626657.9920678,8376793,8376793.0
1777626714.7834697,8377607,8377607.0
1777626759.2830932,8378230,8378230.0
1777626807.0830042,8378919,8378919.0
1777626852.4267826,8379563,8379563.0
1777626890.5028803,8380105,8380105.0
1777626943.646521,8380859,8380859.0
1777626968.1303213,8381198,8381198.0
1777626994.121995,8381569,8381569.0
1777627044.985774,8382301,8382301.0
1777627078.4900143,8382776,8382776.0
1777627109.9818907,8383223,8383223.0
1777627143.966021,8383700,8383700.0
1777627172.8573709,8384109,8384109.0
1777627206.9135358,8384579,8384579.0
1777627249.2053878,8385191,8385191.0
1777627285.9092877,8385710,8385710.0
1777627314.4649794,8386116,8386116.0
1777627350.7649822,8386627,8386627.0
1777627373.857318,8386949,8386949.0
1777627410.7246723,8387470,8387470.0
1777627440.476713,8387893,8387893.0
1777627466.784564,8388256,8388256.0
1777627493.4283926,8388633,8388633.0
1777627517.751827,8388969,8388969.0
1777627558.8201423,8389558,8389558.0
1777627589.7680073,8389994,8389994.0
1777627639.6036758,8390707,8390707.0
1777627685.227766,8391364,8391364.0
1777627701.9194882,8391587,8391587.0
1777627737.6111228,8392094,8392094.0
1777627771.7949839,8392576,8392576.0
1777627800.4069605,8392977,8392977.0
1777627831.654803,8393423,8393423.0
1777627864.8388958,8393892,8393892.0
1777627916.4909337,8394633,8394633.0
1777627962.8906245,8395292,8395292.0
1777628002.6260903,8395855,8395855.0
1777628042.5098188,8396427,8396427.0
1777628070.8418097,8396822,8396822.0
1777628115.9257662,8397457,8397457.0
1777628146.6617703,8397894,8397894.0
1777628206.2098024,8398746,8398746.0
1777628228.47704,8399063,8399063.0
1777628256.3849812,8399454,8399454.0
1777628300.3847826,8400083,8400083.0
1777628334.9529107,8400567,8400567.0
1777628384.3806653,8401269,8401269.0
1777628416.5038712,8401726,8401726.0
1777628440.9478137,8402073,8402073.0
1777628488.931807,8402760,8402760.0
1777628536.4716864,8403439,8403439.0
1777628567.547695,8403879,8403879.0
1777628601.5835247,8404348,8404348.0
1777628632.1833134,8404779,8404779.0
1777628645.7832978,8404965,8404965.0
1777628688.3227944,8405572,8405572.0
1777628707.4426317,8405839,8405839.0
1777628734.8587067,8406227,8406227.0
1777628755.6347618,8406514,8406514.0
1777628794.0505579,8407063,8407063.0
1777628818.3584964,8407399,8407399.0
1777628855.4264286,8407925,8407925.0
1777628889.086058,8408408,8408408.0
1777628906.7936885,8408643,8408643.0
1777628939.9256594,8409116,8409116.0
1777628985.661799,8409767,8409767.0
1777629014.1373734,8410169,8410169.0
1777629063.8773007,8410875,8410875.0
1777629096.405024,8411329,8411329.0
1777629128.5728087,8411789,8411789.0
1777629160.6886983,8412240,8412240.0
1777629206.4046361,8412888,8412888.0
1777629236.8646843,8413313,8413313.0
1777629261.5965998,8413667,8413667.0
1777629280.288172,8413926,8413926.0
1777629322.9399734,8414532,8414532.0
1777629370.907909,8415222,8415222.0
1777629400.6314929,8415640,8415640.0
1777629436.967791,8416157,8416157.0
1777629473.215609,8416680,8416680.0
1777629521.2517397,8417362,8417362.0
1777629566.7588577,8418005,8418005.0
1777629585.9870791,8418281,8418281.0
1777629613.4428575,8418662,8418662.0
1777629646.5786147,8419134,8419134.0
1777629672.3547342,8419497,8419497.0
1777629704.0787804,8419938,8419938.0
1777629747.370296,8420549,8420549.0
1777629784.293929,8421076,8421076.0
1777629815.5618074,8421520,8421520.0
1777629850.898059,8422021,8422021.0
1777629879.5538583,8422421,8422421.0
1777629905.7895865,8422789,8422789.0
1777629946.213673,8423364,8423364.0
1777629989.325411,8423981,8423981.0
1777630033.788851,8424608,8424608.0
1777630059.8329344,8424975,8424975.0
1777630091.96465,8425434,8425434.0
1777630111.8247855,8425703,8425703.0
1777630158.340696,8426372,8426372.0
1777630181.452652,8426692,8426692.0
1777630222.9844022,8427285,8427285.0
1777630242.7923102,8427553,8427553.0
1777630278.5437424,8428057,8428057.0
1777630315.995655,8428597,8428597.0
1777630340.6876233,8428939,8428939.0
1777630377.3351724,8429462,8429462.0
1777630419.7189753,8430056,8430056.0
1777630454.2188823,8430544,8430544.0
1777630499.6545243,8431187,8431187.0
1777630534.9544702,8431686,8431686.0
1777630564.7621117,8432108,8432108.0
1777630595.7977805,8432540,8432540.0
1777630634.989789,8433098,8433098.0
1777630669.2896087,8433585,8433585.0
1777630704.2896066,8434088,8434088.0
1777630751.557006,8434752,8434752.0
1777630791.8250408,8435328,8435328.0
1777630824.1088624,8435782,8435782.0
1777630866.1247332,8436370,8436370.0
1777630907.4080498,8436965,8436965.0
1777630948.1438744,8437546,8437546.0
1777630982.107775,8438020,8438020.0
1777631007.0682168,8438379,8438379.0
1777631036.1757972,8438793,8438793.0
1777631090.3875978,8439571,8439571.0
1777631123.5717094,8440042,8440042.0
1777631148.462924,8440390,8440390.0
1777631170.418831,8440697,8440697.0
1777631201.9027948,8441142,8441142.0
1777631244.5866847,8441756,8441756.0
1777631268.8625984,8442098,8442098.0
1777631300.706546,8442552,8442552.0
1777631338.9898908,8443092,8443092.0
1777631369.0384588,8443519,8443519.0
1777631398.4979959,8443931,8443931.0
1777631429.097996,8444365,8444365.0
1777631470.4336689,8444941,8444941.0
1777631491.0897894,8445225,8445225.0
1777631540.6889436,8445940,8445940.0
1777631589.1652389,8446629,8446629.0
1777631625.9250245,8447156,8447156.0
1777631654.2407293,8447547,8447547.0
1777631684.9687476,8447980,8447980.0
1777631709.568641,8448324,8448324.0
1777631753.4526646,8448956,8448956.0
1777631776.6760397,8449273,8449273.0
1777631790.1682603,8449460,8449460.0
1777631826.5120137,8449970,8449970.0
1777631875.3877444,8450674,8450674.0
1777631911.3037217,8451177,8451177.0
1777631964.7554257,8451951,8451951.0
1777631987.8469305,8452264,8452264.0
1777632026.9629378,8452824,8452824.0
1777632051.7068894,8453167,8453167.0
1777632079.2227802,8453550,8453550.0
1777632114.8228261,8454052,8454052.0
1777632155.7586796,8454626,8454626.0
1777632189.2060862,8455096,8455096.0
1777632207.605845,8455360,8455360.0
1777632243.989971,8455870,8455870.0
1777632267.6979842,8456208,8456208.0
1777632290.3096082,8456523,8456523.0
1777632325.3100648,8457017,8457017.0
1777632369.2097385,8457639,8457639.0
1777632419.7693915,8458371,8458371.0
1777632456.3088589,8458881,8458881.0
1777632479.460808,8459211,8459211.0
1777632512.2369788,8459668,8459668.0
1777632551.6527128,8460235,8460235.0
1777632586.8687623,8460731,8460731.0
1777632634.0884447,8461403,8461403.0
1777632670.7561302,8461929,8461929.0
1777632701.5719519,8462362,8462362.0
1777632741.355693,8462936,8462936.0
1777632767.996093,8463300,8463300.0
1777632830.6393132,8464193,8464193.0
1777632860.4154837,8464615,8464615.0
1777632892.998826,8465074,8465074.0
1777632929.2671518,8465594,8465594.0
1777632948.9752831,8465862,8465862.0
1777632967.3828957,8466108,8466108.0
1777633014.118718,8466779,8466779.0
1777633043.7346857,8467195,8467195.0
1777633082.8744202,8467761,8467761.0
1777633120.7180672,8468288,8468288.0
1777633162.7421215,8468893,8468893.0
1777633201.9778037,8469456,8469456.0
1777633242.3774862,8470025,8470025.0
1777633276.7297082,8470519,8470519.0
1777633292.1215897,8470733,8470733.0
1777633350.013375,8471557,8471557.0
1777633389.3448005,8472109,8472109.0
1777633425.2728043,8472619,8472619.0
1777633479.012758,8473386,8473386.0
1777633517.964653,8473940,8473940.0
1777633538.4887342,8474217,8474217.0
1777633567.4803488,8474624,8474624.0
1777633616.4923153,8475322,8475322.0
1777633654.2237766,8475866,8475866.0
1777633682.1520243,8476255,8476255.0
1777633716.6155653,8476741,8476741.0
1777633749.651335,8477207,8477207.0
1777633777.7268753,8477601,8477601.0
1777633802.5349452,8477958,8477958.0
1777633823.6268394,8478250,8478250.0
1777633853.0026395,8478668,8478668.0
1777633893.1706877,8479240,8479240.0
1777633924.7026396,8479691,8479691.0
1777633961.4868207,8480204,8480204.0
1777633997.821923,8480720,8480720.0
1777634025.7777772,8481111,8481111.0
1777634041.2700188,8481328,8481328.0
1777634072.1617095,8481758,8481758.0
1777634117.9535666,8482411,8482411.0
1777634157.3897295,8482968,8482968.0
1777634204.321359,8483636,8483636.0
1777634236.2648008,8484086,8484086.0
1777634257.0334373,8484380,8484380.0
1777634316.780811,8485239,8485239.0
1777634353.6326892,8485755,8485755.0
1777634376.0769975,8486075,8486075.0
1777634414.660458,8486615,8486615.0
1777634459.3441463,8487258,8487258.0
1777634506.0515778,8487920,8487920.0
1777634535.8764017,8488333,8488333.0
1777634565.4756484,8488746,8488746.0
1777634617.7268934,8489488,8489488.0
1777634648.510957,8489925,8489925.0
1777634680.1108115,8490372,8490372.0
1777634713.0029132,8490838,8490838.0
1777634750.8707144,8491373,8491373.0
1777634774.0466661,8491694,8491694.0
1777634810.6143312,8492212,8492212.0
1777634842.5698168,8492670,8492670.0
1777634881.573959,8493225,8493225.0
1777634908.1895058,8493599,8493599.0
1777634932.5657494,8493939,8493939.0
1777634967.8817246,8494440,8494440.0
1777635000.8735514,8494905,8494905.0
1777635034.508974,8495389,8495389.0
1777635072.6730647,8495921,8495921.0
1777635098.785213,8496296,8496296.0
1777635137.248668,8496836,8496836.0
1777635172.6164846,8497342,8497342.0
1777635210.284621,8497876,8497876.0
1777635232.7759676,8498184,8498184.0
1777635267.5198956,8498675,8498675.0
1777635305.1683075,8499216,8499216.0
1777635326.3759031,8499506,8499506.0
1777635369.6596391,8500125,8500125.0
1777635408.479372,8500678,8500678.0
1777635447.2633328,8501236,8501236.0
1777635484.3793383,8501761,8501761.0
1777635516.7953591,8502224,8502224.0
1777635542.5068462,8502577,8502577.0
1777635608.2147043,8503516,8503516.0
1777635635.2308605,8503895,8503895.0
1777635673.7145915,8504431,8504431.0
1777635705.789773,8504891,8504891.0
1777635748.9577868,8505506,8505506.0
1777635796.501834,8506181,8506181.0
1777635842.5336199,8506842,8506842.0
1777635882.885042,8507410,8507410.0
1777635915.40956,8507875,8507875.0
1777635969.0007825,8508651,8508651.0
1777635998.0927026,8509055,8509055.0
1777636032.8127432,8509541,8509541.0
1777636060.7620544,8509940,8509940.0
1777636098.9119377,8510478,8510478.0
1777636140.295928,8511071,8511071.0
1777636197.1277697,8511883,8511883.0
1777636240.5317335,8512505,8512505.0
1777636274.1315699,8512969,8512969.0
1777636297.5233142,8513307,8513307.0
1777636339.771143,8513901,8513901.0
1777636381.4906785,8514494,8514494.0
1777636415.6907203,8514983,8514983.0
1777636440.0827594,8515321,8515321.0
1777636464.8665805,8515666,8515666.0
1777636493.0418901,8516062,8516062.0
1777636531.7580502,8516608,8516608.0
1777636559.7496724,8516998,8516998.0
1777636598.749675,8517556,8517556.0
1777636636.801587,8518094,8518094.0
1777636667.3173494,8518532,8518532.0
1777636698.0090322,8518962,8518962.0
1777636729.929041,8519414,8519414.0
1777636751.6848063,8519727,8519727.0
1777636801.752574,8520439,8520439.0
1777636848.6797774,8521097,8521097.0
1777636880.0723507,8521543,8521543.0
1777636917.6558204,8522079,8522079.0
1777636955.1398628,8522608,8522608.0
1777636996.5556488,8523188,8523188.0
1777637032.186981,8523692,8523692.0
1777637072.8708563,8524276,8524276.0
1777637108.9987495,8524785,8524785.0
1777637137.730766,8525190,8525190.0
1777637177.3307135,8525748,8525748.0
1777637206.9584746,8526162,8526162.0
1777637246.125912,8526716,8526716.0
1777637281.741995,8527229,8527229.0
1777637307.9337778,8527592,8527592.0
1777637352.2858655,8528234,8528234.0
1777637388.4776714,8528742,8528742.0
1777637426.4012692,8529283,8529283.0
1777637465.9167473,8529851,8529851.0
1777637485.2446935,8530114,8530114.0
1777637531.760869,8530786,8530786.0
1777637559.0128026,8531168,8531168.0
1777637615.0806181,8531974,8531974.0
1777637650.828406,8532484,8532484.0
1777637679.2277832,8532885,8532885.0
1777637725.8320024,8533543,8533543.0
1777637770.7318277,8534186,8534186.0
1777637813.6635804,8534791,8534791.0
1777637847.446945,8535272,8535272.0
1777637886.1829839,8535820,8535820.0
1777637924.6668022,8536365,8536365.0
1777637944.5427878,8536642,8536642.0
1777637967.5148976,8536962,8536962.0
1777638002.2341752,8537456,8537456.0
1777638024.2099903,8537757,8537757.0
1777638055.3821127,8538199,8538199.0
1777638089.101851,8538671,8538671.0
1777638136.3697274,8539347,8539347.0
1777638157.4777389,8539646,8539646.0
1777638190.3936417,8540114,8540114.0
1777638219.3372176,8540519,8540519.0
1777638249.5009916,8540947,8540947.0
1777638284.4129663,8541424,8541424.0
1777638310.2769876,8541798,8541798.0
1777638347.3806474,8542315,8542315.0
1777638386.6126564,8542877,8542877.0
1777638415.656804,8543283,8543283.0
1777638456.0722308,8543864,8543864.0
1777638482.3966641,8544226,8544226.0
1777638505.3884573,8544543,8544543.0
1777638529.1565387,8544877,8544877.0
1777638555.8486583,8545249,8545249.0
1777638590.1164446,8545730,8545730.0
1777638626.0563774,8546241,8546241.0
1777638661.4758542,8546746,8546746.0
1777638717.183869,8547546,8547546.0
1777638747.4918618,8547971,8547971.0
1777638781.5119736,8548452,8548452.0
1777638813.043778,8548897,8548897.0
1777638844.2677243,8549339,8549339.0
1777638876.771828,8549794,8549794.0
1777638908.379745,8550241,8550241.0
1777638934.563642,8550599,8550599.0
1777638974.363564,8551172,8551172.0
1777639003.4551957,8551579,8551579.0
1777639033.9475312,8552013,8552013.0
1777639077.3389883,8552622,8552622.0
1777639098.3308382,8552910,8552910.0
1777639129.446951,8553350,8553350.0
1777639157.158855,8553738,8553738.0
1777639188.5586612,8554183,8554183.0
1777639226.66673,8554724,8554724.0
1777639275.590577,8555428,8555428.0
1777639313.233949,8555964,8555964.0
1777639338.2858608,8556311,8556311.0
1777639396.826035,8557158,8557158.0
1777639433.5337706,8557676,8557676.0
1777639459.1857908,8558037,8558037.0
1777639498.2097375,8558592,8558592.0
1777639533.0296903,8559084,8559084.0
1777639570.7975445,8559626,8559626.0
1777639601.7814481,8560065,8560065.0
1777639630.688965,8560474,8560474.0
1777639672.5889444,8561059,8561059.0
1777639703.7050443,8561501,8561501.0
1777639731.5808058,8561895,8561895.0
1777639753.5246344,8562213,8562213.0
1777639772.4968874,8562472,8562472.0
1777639810.8001506,8563021,8563021.0
1777639847.3004308,8563543,8563543.0
1777639863.0999124,8563756,8563756.0
1777639904.6238728,8564353,8564353.0
1777639958.3599896,8565123,8565123.0
1777639985.7278059,8565501,8565501.0
1777640013.7197545,8565897,8565897.0
1777640026.4117203,8566075,8566075.0
1777640058.7836983,8566532,8566532.0
1777640087.2674823,8566934,8566934.0
1777640137.603536,8567646,8567646.0
1777640158.3628314,8567929,8567929.0
1777640190.146647,8568379,8568379.0
1777640221.0547953,8568819,8568819.0
1777640258.9227822,8569350,8569350.0
1777640289.822638,8569788,8569788.0
1777640311.3146186,8570081,8570081.0
1777640366.7149036,8570875,8570875.0
1777640405.2657456,8571421,8571421.0
1777640452.473842,8572104,8572104.0
1777640491.0497327,8572646,8572646.0
1777640521.9974601,8573079,8573079.0
1777640561.5169926,8573649,8573649.0
1777640592.8488228,8574086,8574086.0
1777640616.008806,8574407,8574407.0
1777640648.0327194,8574849,8574849.0
1777640680.2839084,8575310,8575310.0
1777640727.567967,8575978,8575978.0
1777640769.251697,8576577,8576577.0
1777640803.2517536,8577058,8577058.0
1777640837.519657,8577542,8577542.0
1777640856.1269135,8577798,8577798.0
1777640895.1186786,8578359,8578359.0
1777640935.3787098,8578920,8578920.0
1777640967.238744,8579369,8579369.0
1777641009.27033,8579967,8579967.0
1777641057.2619584,8580649,8580649.0
1777641083.2221553,8581026,8581026.0
1777641113.1623256,8581442,8581442.0
1777641159.2057452,8582099,8582099.0
1777641182.2493649,8582409,8582409.0
1777641247.0892036,8583335,8583335.0
1777641280.0169277,8583805,8583805.0
1777641315.7008708,8584308,8584308.0
1777641352.016744,8584825,8584825.0
1777641378.6565843,8585194,8585194.0
1777641400.684305,8585500,8585500.0
1777641434.252501,8585979,8585979.0
1777641463.0004675,8586385,8586385.0
1777641489.327759,8586755,8586755.0
1777641525.4117553,8587267,8587267.0
1777641552.919618,8587650,8587650.0
1777641592.8355038,8588218,8588218.0
1777641646.5955875,8588992,8588992.0
1777641692.695006,8589647,8589647.0
1777641730.7468257,8590187,8590187.0
1777641754.0707839,8590510,8590510.0
1777641794.906495,8591096,8591096.0
1777641819.8143008,8591449,8591449.0
1777641863.561858,8592080,8592080.0
1777641899.4658437,8592578,8592578.0
1777641924.9656975,8592941,8592941.0
1777641963.3213835,8593485,8593485.0
1777642004.3577445,8594076,8594076.0
1777642042.6729257,8594616,8594616.0
1777642088.465408,8595261,8595261.0
1777642132.36874,8595896,8595896.0
1777642186.2527778,8596660,8596660.0
1777642230.636459,8597296,8597296.0
1777642269.2682114,8597843,8597843.0
1777642301.468222,8598295,8598295.0
1777642328.1598434,8598668,8598668.0
1777642371.4794424,8599289,8599289.0
1777642432.571408,8600166,8600166.0
1777642462.2036254,8600583,8600583.0
1777642481.2468185,8600834,8600834.0
1777642510.722732,8601249,8601249.0
1777642542.0549488,8601691,8601691.0
1777642582.1068501,8602269,8602269.0
1777642613.9147375,8602716,8602716.0
1777642662.0066242,8603403,8603403.0
1777642694.382686,8603857,8603857.0
1777642742.8417792,8604556,8604556.0
1777642783.4102726,8605127,8605127.0
1777642813.8018093,8605553,8605553.0
1777642856.5858521,8606166,8606166.0
1777642892.3697577,8606671,8606671.0
1777642916.7416978,8607014,8607014.0
1777642939.7175834,8607327,8607327.0
1777642987.0608811,8608001,8608001.0
1777643021.2770753,8608477,8608477.0
1777643046.2049038,8608828,8608828.0
1777643078.7886195,8609288,8609288.0
1777643108.7286124,8609710,8609710.0
1777643151.0444593,8610317,8610317.0
1777643187.295904,8610835,8610835.0
1777643202.7118912,8611033,8611033.0
1777643245.939958,8611657,8611657.0
1777643277.4316146,8612098,8612098.0
1777643309.0157783,8612544,8612544.0
1777643340.323549,8612983,8612983.0
1777643372.3074305,8613434,8613434.0
1777643401.1473796,8613839,8613839.0
1777643448.7227123,8614514,8614514.0
1777643483.9508843,8615014,8615014.0
1777643510.4506407,8615386,8615386.0
1777643554.782711,8616020,8616020.0
1777643592.9187942,8616553,8616553.0
1777643624.1266687,8616997,8616997.0
1777643659.7779555,8617500,8617500.0
1777643685.034373,8617856,8617856.0
1777643726.0537136,8618440,8618440.0
1777643769.1537962,8619064,8619064.0
1777643809.153515,8619619,8619619.0
1777643838.3896375,8620034,8620034.0
1777643870.8449066,8620494,8620494.0
1777643907.72911,8621019,8621019.0
1777643957.1207757,8621724,8621724.0
1777644001.556748,8622356,8622356.0
1777644037.7568169,8622869,8622869.0
1777644056.132738,8623115,8623115.0
1777644085.3246722,8623525,8623525.0
1777644108.2484796,8623843,8623843.0
1777644146.467888,8624392,8624392.0
1777644171.0078518,8624728,8624728.0
1777644215.1514578,8625361,8625361.0
1777644260.5212586,8626000,8626000.0
1777644303.7674296,8626621,8626621.0
1777644349.6028616,8627268,8627268.0
1777644394.5710468,8627911,8627911.0
1777644422.2548065,8628295,8628295.0
1777644449.810768,8628682,8628682.0
1777644493.3227413,8629299,8629299.0
1777644533.6620212,8629877,8629877.0
1777644562.0783165,8630268,8630268.0
1777644593.3225715,8630716,8630716.0
1777644632.9902022,8631280,8631280.0
1777644666.8384895,8631764,8631764.0
1777644700.4987333,8632235,8632235.0
1777644743.190378,8632847,8632847.0
1777644769.0505939,8633201,8633201.0
1777644802.6824121,8633684,8633684.0
1777644847.486559,8634326,8634326.0
1777644881.358088,8634805,8634805.0
1777644937.3859305,8635607,8635607.0
1777644969.6380472,8636062,8636062.0
1777645000.294093,8636493,8636493.0
1777645049.8858414,8637208,8637208.0
1777645074.3976953,8637544,8637544.0
1777645109.7301152,8638044,8638044.0
1777645145.4740007,8638554,8638554.0
1777645172.290058,8638926,8638926.0
1777645199.1820135,8639304,8639304.0
1777645235.9977963,8639825,8639825.0
1777645263.4418244,8640209,8640209.0
1777645290.3417811,8640577,8640577.0
1777645337.9937978,8641262,8641262.0
1777645381.5936024,8641887,8641887.0
1777645435.2333553,8642650,8642650.0
1777645468.6249933,8643124,8643124.0
1777645495.677191,8643504,8643504.0
1777645527.1208074,8643949,8643949.0
1777645550.14465,8644264,8644264.0
1777645572.7606397,8644590,8644590.0
1777645606.0207431,8645055,8645055.0
1777645636.220486,8645482,8645482.0
1777645661.0965776,8645822,8645822.0
1777645696.4647386,8646326,8646326.0
1777645724.0203757,8646711,8646711.0
1777645756.4883842,8647165,8647165.0
1777645796.6083608,8647722,8647722.0
1777645826.3158927,8648139,8648139.0
1777645867.5842104,8648730,8648730.0
1777645912.5320003,8649362,8649362.0
1777645934.2921083,8649670,8649670.0
1777645974.8597622,8650237,8650237.0
1777646000.9277332,8650599,8650599.0
1777646037.111767,8651113,8651113.0
1777646082.7595704,8651767,8651767.0
1777646104.1191874,8652064,8652064.0
1777646140.4030488,8652578,8652578.0
1777646158.7113087,8652824,8652824.0
1777646208.2797482,8653539,8653539.0
1777646245.0626912,8654055,8654055.0
1777646299.8226407,8654833,8654833.0
1777646335.4467149,8655336,8655336.0
1777646365.246284,8655760,8655760.0
1777646410.0465531,8656404,8656404.0
1777646441.3139107,8656845,8656845.0
1777646469.322158,8657232,8657232.0
1777646505.2260222,8657744,8657744.0
1777646518.8739717,8657927,8657927.0
1777646552.4739938,8658402,8658402.0
1777646582.665742,8658833,8658833.0
1777646612.2657232,8659244,8659244.0
1777646639.009642,8659620,8659620.0
1777646683.2253041,8660252,8660252.0
1777646734.9535718,8660989,8660989.0
1777646759.3090212,8661332,8661332.0
1777646812.368785,8662086,8662086.0
1777646834.4126196,8662404,8662404.0
1777646861.8527262,8662783,8662783.0
1777646910.828818,8663485,8663485.0
1777646944.2885342,8663951,8663951.0
1777646975.5882585,8664395,8664395.0
1777647010.6401997,8664891,8664891.0
1777647035.3798203,8665231,8665231.0
1777647062.9078693,8665618,8665618.0
1777647092.7401905,8666037,8666037.0
1777647115.9639416,8666356,8666356.0
1777647156.0836825,8666931,8666931.0
1777647204.7313528,8667621,8667621.0
1777647236.635479,8668076,8668076.0
1777647278.3834493,8668668,8668668.0
1777647319.6029599,8669259,8669259.0
1777647345.1947289,8669622,8669622.0
1777647374.7267697,8670031,8670031.0
1777647435.6869402,8670914,8670914.0
1777647476.1708534,8671485,8671485.0
1777647506.230822,8671909,8671909.0
1777647544.178545,8672443,8672443.0
1777647579.161986,8672938,8672938.0
1777647615.5299428,8673461,8673461.0
1777647652.8737895,8673981,8673981.0
1777647699.6656382,8674648,8674648.0
1777647749.0977707,8675360,8675360.0
1777647774.2417386,8675708,8675708.0
1777647841.1254392,8676677,8676677.0
1777647866.1171343,8677022,8677022.0
1777647911.0690536,8677662,8677662.0
1777647958.833337,8678338,8678338.0
1777647994.2847395,8678843,8678843.0
1777648041.2128744,8679518,8679518.0
1777648076.636717,8680015,8680015.0
1777648099.412815,8680338,8680338.0
1777648125.7964165,8680704,8680704.0
1777648169.0118213,8681314,8681314.0
1777648202.6478868,8681796,8681796.0
1777648230.4399576,8682182,8682182.0
1777648256.2799108,8682547,8682547.0
1777648300.995785,8683184,8683184.0
1777648339.1155865,8683729,8683729.0
1777648382.183678,8684339,8684339.0
1777648422.282972,8684911,8684911.0
1777648461.267392,8685471,8685471.0
1777648487.3987098,8685836,8685836.0
1777648507.4588232,8686107,8686107.0
1777648541.5994463,8686594,8686594.0
1777648569.5189285,8686981,8686981.0
1777648619.186798,8687682,8687682.0
1777648654.1183784,8688176,8688176.0
1777648694.8855565,8688753,8688753.0
1777648726.4446511,8689201,8689201.0
1777648754.9599688,8689602,8689602.0
1777648789.0276139,8690083,8690083.0
1777648848.8747313,8690939,8690939.0
1777648877.2265923,8691337,8691337.0
1777648916.961492,8691904,8691904.0
1777648955.1247816,8692446,8692446.0
1777648978.9367692,8692777,8692777.0
1777649006.8205118,8693163,8693163.0
1777649037.3283808,8693595,8693595.0
1777649072.3277519,8694089,8694089.0
1777649118.5428438,8694751,8694751.0
1777649152.1506388,8695220,8695220.0
1777649187.733874,8695715,8695715.0
1777649224.801838,8696241,8696241.0
1777649261.521425,8696767,8696767.0
1777649298.004669,8697285,8697285.0
1777649354.8361998,8698095,8698095.0
1777649377.3518116,8698408,8698408.0
1777649404.663746,8698788,8698788.0
1777649434.1717234,8699205,8699205.0
1777649455.4797297,8699507,8699507.0
1777649492.9950957,8700025,8700025.0
1777649528.7306411,8700535,8700535.0
1777649563.54643,8701030,8701030.0
1777649589.5699277,8701399,8701399.0
1777649660.721713,8702434,8702434.0
1777649718.2574453,8703254,8703254.0
1777649759.9409568,8703832,8703832.0
1777649809.0325794,8704533,8704533.0
1777649859.8161042,8705259,8705259.0
1777649885.8680396,8705625,8705625.0
1777649930.699743,8706268,8706268.0
1777649977.5832546,8706937,8706937.0
1777650026.591434,8707640,8707640.0
1777650056.6188552,8708065,8708065.0
1777650083.2427936,8708430,8708430.0
1777650122.2106512,8708978,8708978.0
1777650158.641831,8709497,8709497.0
1777650200.5938473,8710095,8710095.0
1777650256.637433,8710898,8710898.0
1777650303.944995,8711573,8711573.0
1777650347.5449865,8712199,8712199.0
1777650391.444766,8712816,8712816.0
1777650414.588724,8713149,8713149.0
1777650460.355887,8713802,8713802.0
1777650497.2556431,8714328,8714328.0
1777650530.1717865,8714791,8714791.0
1777650591.6637352,8715677,8715677.0
1777650625.4913628,8716158,8716158.0
1777650662.875037,8716679,8716679.0
1777650696.4907625,8717153,8717153.0
1777650727.7590232,8717593,8717593.0
1777650769.4347584,8718191,8718191.0
1777650807.3028493,8718731,8718731.0
1777650857.2595499,8719437,8719437.0
1777650879.5030248,8719750,8719750.0
1777650918.4189517,8720300,8720300.0
1777650957.0875347,8720853,8720853.0
1777650988.7311735,8721300,8721300.0
1777651024.4309692,8721801,8721801.0
1777651072.4310372,8722495,8722495.0
1777651114.814816,8723085,8723085.0
1777651133.490796,8723351,8723351.0
1777651163.0228992,8723769,8723769.0
1777651200.3591032,8724302,8724302.0
1777651236.6511486,8724807,8724807.0
1777651276.1829715,8725367,8725367.0
1777651303.403005,8725750,8725750.0
1777651347.9347632,8726392,8726392.0
1777651379.310746,8726833,8726833.0
1777651411.3786364,8727290,8727290.0
1777651447.6467087,8727795,8727795.0
1777651478.0022523,8728228,8728228.0
1777651513.254493,8728724,8728724.0
1777651548.754262,8729232,8729232.0
1777651595.1457431,8729886,8729886.0
1777651614.5980241,8730158,8730158.0
1777651656.2297392,8730737,8730737.0
1777651694.3136039,8731280,8731280.0
1777651730.233783,8731794,8731794.0
1777651757.6057012,8732177,8732177.0
1777651785.7097485,8732564,8732564.0
1777651818.5174456,8733032,8733032.0
1777651867.6407177,8733729,8733729.0
1777651926.25286,8734567,8734567.0
1777651966.6687179,8735142,8735142.0
1777652001.5447774,8735638,8735638.0
1777652041.7284126,8736211,8736211.0
1777652081.3445287,8736775,8736775.0
1777652119.3438416,8737317,8737317.0
1777652156.328001,8737843,8737843.0
1777652180.1881688,8738171,8738171.0
1777652224.4036458,8738797,8738797.0
1777652260.58771,8739311,8739311.0
1777652285.9475539,8739671,8739671.0
1777652317.7996247,8740117,8740117.0
1777652357.7474318,8740688,8740688.0
1777652379.9909503,8740993,8740993.0
1777652418.6749885,8741550,8741550.0
1777652454.3227558,8742057,8742057.0
1777652497.3267045,8742663,8742663.0
1777652530.21871,8743132,8743132.0
1777652564.202361,8743611,8743611.0
1777652591.594387,8743995,8743995.0
1777652628.525704,8744525,8744525.0
1777652662.8939629,8745016,8745016.0
1777652701.162147,8745561,8745561.0
1777652724.6017668,8745889,8745889.0
1777652751.5456471,8746264,8746264.0
1777652781.9448233,8746694,8746694.0
1777652811.4850361,8747108,8747108.0
1777652845.7887995,8747596,8747596.0
1777652865.9602897,8747875,8747875.0
1777652912.7440617,8748542,8748542.0
1777652949.9480736,8749065,8749065.0
1777653014.28766,8749995,8749995.0
1777653043.7393715,8750402,8750402.0
1777653065.446836,8750707,8750707.0
1777653091.9907088,8751084,8751084.0
1777653120.9548974,8751491,8751491.0
1777653163.8746254,8752091,8752091.0
1777653192.9502876,8752502,8752502.0
1777653218.005831,8752851,8752851.0
1777653241.6900134,8753184,8753184.0
1777653288.1578965,8753849,8753849.0
1777653314.381803,8754214,8754214.0
1777653349.4335217,8754713,8754713.0
1777653372.8089163,8755033,8755033.0
1777653410.3247547,8755568,8755568.0
1777653443.824753,8756039,8756039.0
1777653475.868738,8756497,8756497.0
1777653520.2204385,8757122,8757122.0
1777653550.4039147,8757546,8757546.0
1777653575.811942,8757903,8757903.0
1777653612.8796313,8758426,8758426.0
1777653641.3875427,8758819,8758819.0
1777653669.8556833,8759222,8759222.0
1777653694.17961,8759567,8759567.0
1777653729.7948856,8760067,8760067.0
1777653770.8149881,8760651,8760651.0
1777653811.8627212,8761239,8761239.0
1777653838.7547295,8761613,8761613.0
1777653872.6223617,8762093,8762093.0
1777653905.4659846,8762559,8762559.0
1777653946.9818668,8763150,8763150.0
1777653971.781891,8763491,8763491.0
1777653990.6056974,8763756,8763756.0
1777654020.365771,8764170,8764170.0
1777654056.8494546,8764692,8764692.0
1777654083.5255115,8765065,8765065.0
1777654119.657061,8765578,8765578.0
1777654150.169112,8766009,8766009.0
1777654193.4606907,8766632,8766632.0
1777654217.400738,8766970,8766970.0
1777654267.7366989,8767703,8767703.0
1777654292.027936,8768045,8768045.0
1777654310.7199025,8768298,8768298.0
1777654326.2124119,8768517,8768517.0
1777654362.8119516,8769031,8769031.0
1777654408.1796842,8769689,8769689.0
1777654441.7277157,8770167,8770167.0
1777654493.6109107,8770910,8770910.0
1777654515.1391988,8771204,8771204.0
1777654554.3555872,8771766,8771766.0
1777654588.4547236,8772252,8772252.0
1777654614.5306756,8772618,8772618.0
1777654666.458502,8773360,8773360.0
1777654694.0063665,8773750,8773750.0
1777654716.6740017,8774070,8774070.0
1777654750.0900295,8774540,8774540.0
1777654788.1419113,8775079,8775079.0
1777654831.693761,8775699,8775699.0
1777654846.665667,8775903,8775903.0
1777654880.3777058,8776382,8776382.0
1777654920.5775692,8776956,8776956.0
1777654947.5093381,8777337,8777337.0
1777654979.1008089,8777784,8777784.0
1777655003.9208593,8778131,8778131.0
1777655037.3289604,8778603,8778603.0
1777655085.5048823,8779293,8779293.0
1777655114.8449383,8779706,8779706.0
1777655141.096785,8780077,8780077.0
1777655189.4965043,8780770,8780770.0
1777655220.5724976,8781211,8781211.0
1777655249.104015,8781611,8781611.0
1777655299.5244887,8782322,8782322.0
1777655329.8556721,8782751,8782751.0
1777655365.71582,8783264,8783264.0
1777655399.0996888,8783739,8783739.0
1777655434.1834457,8784237,8784237.0
1777655482.1674235,8784923,8784923.0
1777655525.8350503,8785544,8785544.0
1777655569.142848,8786148,8786148.0
1777655594.566735,8786506,8786506.0
1777655629.634725,8787003,8787003.0
1777655683.31845,8787773,8787773.0
1777655714.553989,8788208,8788208.0
1777655770.7021608,8789008,8789008.0
1777655792.005914,8789311,8789311.0
1777655823.2617333,8789749,8789749.0
1777655852.4815986,8790164,8790164.0
1777655886.273441,8790640,8790640.0
1777655912.197745,8791006,8791006.0
1777655944.764957,8791470,8791470.0
1777655978.564985,8791948,8791948.0
1777656005.0887666,8792320,8792320.0
1777656042.408904,8792843,8792843.0
1777656070.0169685,8793242,8793242.0
1777656102.3161798,8793695,8793695.0
1777656147.1679728,8794341,8794341.0
1777656164.3759706,8794574,8794574.0
1777656191.344065,8794948,8794948.0
1777656228.800056,8795472,8795472.0
1777656257.5837502,8795881,8795881.0
1777656299.9676166,8796485,8796485.0
1777656323.4753215,8796814,8796814.0
1777656361.2430344,8797345,8797345.0
1777656393.8870444,8797811,8797811.0
1777656441.2270498,8798477,8798477.0
1777656472.1709006,8798918,8798918.0
1777656514.4546783,8799527,8799527.0
1777656554.20656,8800086,8800086.0
1777656615.313982,8800962,8800962.0
1777656654.5821457,8801526,8801526.0
1777656680.6578963,8801889,8801889.0
1777656705.9416685,8802245,8802245.0
1777656764.5815518,8803085,8803085.0
1777656793.4497275,8803493,8803493.0
1777656827.2408924,8803964,8803964.0
1777656879.408905,8804718,8804718.0
1777656913.0929537,8805189,8805189.0
1777656947.144899,8805670,8805670.0
1777656961.3088453,8805869,8805869.0
1777656995.6450849,8806361,8806361.0
1777657030.212703,8806848,8806848.0
1777657060.036655,8807271,8807271.0
1777657096.0526676,8807769,8807769.0
1777657142.4526372,8808432,8808432.0
1777657173.572603,8808871,8808871.0
1777657206.4284177,8809335,8809335.0
1777657258.6244287,8810085,8810085.0
1777657300.6240046,8810681,8810681.0
1777657317.0640082,8810900,8810900.0
1777657353.2636821,8811413,8811413.0
1777657401.2837243,8812093,8812093.0
1777657455.6756434,8812870,8812870.0
1777657486.6676116,8813306,8813306.0
1777657524.799197,8813849,8813849.0
1777657557.3190904,8814304,8814304.0
1777657593.8867931,8814822,8814822.0
1777657628.4790623,8815313,8815313.0
1777657665.6627219,8815827,8815827.0
1777657702.426511,8816352,8816352.0
1777657727.846597,8816703,8816703.0
1777657763.6546834,8817214,8817214.0
1777657803.2061877,8817772,8817772.0
1777657861.513739,8818601,8818601.0
1777657886.205991,8818947,8818947.0
1777657917.2058568,8819384,8819384.0
1777657969.273809,8820126,8820126.0
1777657997.9255202,8820525,8820525.0
1777658028.9817317,8820962,8820962.0
1777658054.841458,8821319,8821319.0
1777658090.524869,8821821,8821821.0
1777658107.4493961,8822063,8822063.0
1777658133.2568264,8822421,8822421.0
1777658185.7328105,8823169,8823169.0
1777658219.408819,8823649,8823649.0
1777658238.3846009,8823905,8823905.0
1777658290.5125074,8824659,8824659.0
1777658341.6204283,8825394,8825394.0
1777658375.2961547,8825867,8825867.0
1777658399.7357278,8826210,8826210.0
1777658432.0877285,8826667,8826667.0
1777658480.2717438,8827348,8827348.0
1777658520.1036496,8827916,8827916.0
1777658564.231783,8828549,8828549.0
1777658596.0709448,8828991,8828991.0
1777658629.4229107,8829465,8829465.0
1777658663.8306355,8829956,8829956.0
1777658698.1667743,8830445,8830445.0
1777658729.9987805,8830892,8830892.0
1777658776.382549,8831547,8831547.0
1777658795.8420908,8831825,8831825.0
1777658845.4098825,8832531,8832531.0
1777658884.1579578,8833087,8833087.0
1777658945.1697943,8833956,8833956.0
1777658979.5858717,8834449,8834449.0
1777659009.5374439,8834870,8834870.0
1777659038.8608286,8835283,8835283.0
1777659076.797075,8835816,8835816.0
1777659113.4449997,8836334,8836334.0
1777659149.7367494,8836860,8836860.0
1777659169.720595,8837134,8837134.0
1777659191.6963904,8837449,8837449.0
1777659231.9480257,8838016,8838016.0
1777659248.5642254,8838248,8838248.0
1777659291.9479878,8838852,8838852.0
1777659327.4397757,8839360,8839360.0
1777659361.599644,8839841,8839841.0
1777659406.675399,8840480,8840480.0
1777659459.590805,8841242,8841242.0
1777659485.350802,8841594,8841594.0
1777659530.4587393,8842239,8842239.0
1777659564.734606,8842725,8842725.0
1777659612.7345364,8843416,8843416.0
1777659639.0178363,8843787,8843787.0
1777659665.1619678,8844152,8844152.0
1777659695.9538863,8844582,8844582.0
1777659743.3453345,8845259,8845259.0
1777659799.6695075,8846064,8846064.0
1777659829.8774738,8846488,8846488.0
1777659864.6448789,8846987,8846987.0
1777659882.6048532,8847244,8847244.0
1777659915.2650073,8847707,8847707.0
1777659965.7205033,8848430,8848430.0
1777660006.1044238,8849011,8849011.0
1777660042.0246248,8849521,8849521.0
1777660070.8642457,8849922,8849922.0
1777660114.631981,8850554,8850554.0
1777660137.7477665,8850873,8850873.0
1777660168.2080185,8851307,8851307.0
1777660194.3837068,8851671,8851671.0
1777660222.5071306,8852069,8852069.0
1777660257.527041,8852568,8852568.0
1777660297.5113285,8853144,8853144.0
1777660343.7346778,8853792,8853792.0
1777660366.9787753,8854120,8854120.0
1777660407.5787556,8854695,8854695.0
1777660433.0346706,8855056,8855056.0
1777660473.886586,8855631,8855631.0
1777660524.7381566,8856352,8856352.0
1777660548.7217991,8856693,8856693.0
1777660581.3299267,8857153,8857153.0
1777660603.2057424,8857456,8857456.0
1777660625.4977612,8857762,8857762.0
1777660650.8297565,8858115,8858115.0
1777660673.4897816,8858432,8858432.0
1777660720.2049482,8859102,8859102.0
1777660766.424968,8859759,8859759.0
1777660802.7407784,8860278,8860278.0
1777660830.2409458,8860671,8860671.0
1777660873.8247418,8861302,8861302.0
1777660916.3083246,8861900,8861900.0
1777660963.0243294,8862579,8862579.0
1777660990.8519094,8862969,8862969.0
1777661019.0676708,8863371,8863371.0
1777661043.1437242,8863709,8863709.0
1777661068.4676855,8864063,8864063.0
1777661113.1514523,8864706,8864706.0
1777661153.918805,8865277,8865277.0
1777661199.1788936,8865924,8865924.0
1777661231.2708046,8866378,8866378.0
1777661260.7228703,8866792,8866792.0
1777661295.3467507,8867287,8867287.0
1777661323.998405,8867692,8867692.0
1777661345.8905444,8867993,8867993.0
1777661370.446029,8868342,8868342.0
1777661410.4456744,8868913,8868913.0
1777661458.5898087,8869597,8869597.0
1777661505.589555,8870272,8870272.0
1777661540.0249443,8870754,8870754.0
1777661593.9087844,8871514,8871514.0
1777661620.593107,8871887,8871887.0
1777661656.2008393,8872393,8872393.0
1777661687.716894,8872838,8872838.0
1777661725.7364082,8873366,8873366.0
1777661747.727858,8873676,8873676.0
1777661789.0758038,8874255,8874255.0
1777661820.2837727,8874699,8874699.0
1777661867.8437078,8875383,8875383.0
1777661885.1355748,8875615,8875615.0
1777661904.779605,8875886,8875886.0
1777661938.8548715,8876362,8876362.0
1777661965.3549013,8876738,8876738.0
1777661999.5949786,8877217,8877217.0
1777662039.914807,8877796,8877796.0
1777662089.9228013,8878505,8878505.0
1777662106.5822682,8878742,8878742.0
1777662137.106721,8879168,8879168.0
1777662168.8060107,8879621,8879621.0
1777662202.5977569,8880096,8880096.0
1777662235.197796,8880557,8880557.0
1777662262.541882,8880928,8880928.0
1777662296.7576914,8881419,8881419.0
1777662324.5658524,8881806,8881806.0
1777662357.5850427,8882271,8882271.0
1777662384.6248305,8882646,8882646.0
1777662407.4688845,8882962,8882962.0
1777662455.492912,8883642,8883642.0
1777662490.9285307,8884144,8884144.0
1777662506.7447808,8884360,8884360.0
1777662532.9286838,8884725,8884725.0
1777662574.360321,8885311,8885311.0
1777662622.3800094,8886005,8886005.0
1777662642.8519487,8886281,8886281.0
1777662677.2357252,8886767,8886767.0
1777662718.887772,8887360,8887360.0
1777662747.6117468,8887764,8887764.0
1777662774.9156406,8888145,8888145.0
1777662813.9316387,8888695,8888695.0
1777662840.3551316,8889072,8889072.0
1777662891.1391222,8889797,8889797.0
1777662902.1667736,8889948,8889948.0
1777662942.2309594,8890508,8890508.0
1777662972.582736,8890929,8890929.0
1777663002.0065506,8891347,8891347.0
1777663041.3259258,8891904,8891904.0
1777663077.809864,8892424,8892424.0
1777663118.4577522,8892995,8892995.0
1777663147.3175664,8893399,8893399.0
1777663176.885681,8893809,8893809.0
1777663194.3335319,8894058,8894058.0
1777663233.436923,8894616,8894616.0
1777663282.2448018,8895312,8895312.0
1777663323.0608616,8895889,8895889.0
1777663357.0887244,8896366,8896366.0
1777663385.604554,8896765,8896765.0
1777663407.0804272,8897071,8897071.0
1777663441.827838,8897565,8897565.0
1777663474.3718762,8898027,8898027.0
1777663530.547695,8898824,8898824.0
1777663576.1476915,8899467,8899467.0
1777663608.4157841,8899924,8899924.0
1777663641.3912528,8900385,8900385.0
1777663664.2069666,8900701,8900701.0
1777663692.1666944,8901087,8901087.0
1777663741.7665918,8901801,8901801.0
1777663784.4506528,8902397,8902397.0
1777663826.6945896,8903002,8903002.0
1777663856.7505722,8903426,8903426.0
1777663883.0938642,8903794,8903794.0
1777663908.041695,8904138,8904138.0
1777663924.1858351,8904362,8904362.0
1777663982.117712,8905192,8905192.0
1777664007.7094746,8905552,8905552.0
1777664054.204827,8906211,8906211.0
1777664077.4136457,8906534,8906534.0
1777664122.0966094,8907172,8907172.0
1777664148.836473,8907548,8907548.0
1777664181.9566908,8908014,8908014.0
1777664226.0886333,8908645,8908645.0
1777664256.2563908,8909076,8909076.0
1777664278.7478464,8909387,8909387.0
1777664314.4637842,8909897,8909897.0
1777664335.739862,8910192,8910192.0
1777664375.1558387,8910755,8910755.0
1777664419.8917284,8911382,8911382.0
1777664444.1511803,8911718,8911718.0
1777664471.6915014,8912108,8912108.0
1777664494.1907332,8912426,8912426.0
1777664545.4746451,8913159,8913159.0
1777664562.8187826,8913394,8913394.0
1777664604.4347558,8913989,8913989.0
1777664661.361922,8914804,8914804.0
1777664687.9181755,8915172,8915172.0
1777664712.985945,8915521,8915521.0
1777664758.3217494,8916171,8916171.0
1777664781.0138025,8916484,8916484.0
1777664822.7297943,8917083,8917083.0
1777664880.405405,8917904,8917904.0
1777664926.704842,8918562,8918562.0
1777664945.7649713,8918829,8918829.0
1777664975.7889318,8919256,8919256.0
1777665008.3890398,8919714,8919714.0
1777665063.7004774,8920507,8920507.0
1777665079.2079363,8920709,8920709.0
1777665096.639831,8920954,8920954.0
1777665140.4236236,8921565,8921565.0
1777665165.1079645,8921911,8921911.0
1777665209.275658,8922542,8922542.0
1777665256.343094,8923208,8923208.0
1777665295.9267426,8923771,8923771.0
1777665327.294932,8924216,8924216.0
1777665365.0424192,8924752,8924752.0
1777665401.4025252,8925263,8925263.0
1777665434.6779242,8925723,8925723.0
1777665486.6096098,8926466,8926466.0
1777665523.9862983,8926998,8926998.0
1777665560.5536885,8927508,8927508.0
1777665593.7375298,8927977,8927977.0
1777665621.9613447,8928365,8928365.0
1777665643.6367593,8928672,8928672.0
1777665674.1047704,8929096,8929096.0
1777665723.5725813,8929806,8929806.0
1777665758.8404853,8930300,8930300.0
1777665791.408092,8930762,8930762.0
1777665829.0725842,8931282,8931282.0
1777665841.7916863,8931455,8931455.0
1777665875.0557096,8931919,8931919.0
1777665911.7917905,8932440,8932440.0
1777665949.6994011,8932970,8932970.0
1777665978.5510838,8933378,8933378.0
1777665996.4590282,8933627,8933627.0
1777666032.3587735,8934142,8934142.0
1777666077.4267771,8934780,8934780.0
1777666109.802705,8935236,8935236.0
1777666148.5344338,8935782,8935782.0
1777666180.7861488,8936240,8936240.0
1777666216.2862425,8936737,8936737.0
1777666265.837774,8937442,8937442.0
1777666300.4538164,8937937,8937937.0
1777666329.4294617,8938340,8938340.0
1777666358.961209,8938759,8938759.0
1777666424.904762,8939711,8939711.0
1777666455.42875,8940138,8940138.0
1777666510.4047399,8940923,8940923.0
1777666549.6086006,8941469,8941469.0
1777666562.5802603,8941642,8941642.0
1777666622.8077445,8942501,8942501.0
1777666662.8078053,8943065,8943065.0
1777666682.6998374,8943340,8943340.0
1777666722.1152027,8943893,8943893.0
1777666754.2753978,8944347,8944347.0
1777666783.5430164,8944758,8944758.0
1777666818.6032522,8945255,8945255.0
1777666847.5507858,8945665,8945665.0
1777666894.4507337,8946336,8946336.0
1777666919.6427488,8946677,8946677.0
1777666954.762711,8947181,8947181.0
1777666994.4458842,8947749,8947749.0
1777667016.8699749,8948062,8948062.0
1777667061.838107,8948690,8948690.0
1777667100.569799,8949243,8949243.0
1777667148.4456656,8949935,8949935.0
1777667168.13778,8950203,8950203.0
1777667187.3817244,8950463,8950463.0
1777667225.2580893,8951007,8951007.0
1777667255.241789,8951425,8951425.0
1777667292.6578085,8951964,8951964.0
1777667328.2097363,8952463,8952463.0
1777667360.79368,8952913,8952913.0
1777667387.7096982,8953296,8953296.0
1777667416.393833,8953696,8953696.0
1777667470.7538655,8954470,8954470.0
1777667503.9857438,8954933,8954933.0
1777667531.2935102,8955318,8955318.0
1777667564.285817,8955783,8955783.0
1777667584.9617257,8956065,8956065.0
1777667635.0535038,8956786,8956786.0
1777667667.4736016,8957239,8957239.0
1777667715.0569334,8957923,8957923.0
1777667761.840762,8958591,8958591.0
1777667794.0887687,8959041,8959041.0
1777667821.60086,8959432,8959432.0
1777667863.9011328,8960038,8960038.0
1777667908.3007731,8960659,8960659.0
1777667957.1607473,8961366,8961366.0
1777667987.836472,8961800,8961800.0
1777668040.7124739,8962550,8962550.0
1777668085.7764297,8963192,8963192.0
1777668121.627784,8963697,8963697.0
1777668146.0719008,8964040,8964040.0
1777668175.4276707,8964449,8964449.0
1777668209.4474087,8964934,8964934.0
1777668246.4317415,8965455,8965455.0
1777668277.0554745,8965889,8965889.0
1777668314.4554248,8966416,8966416.0
1777668337.1476314,8966728,8966728.0
1777668378.8307924,8967322,8967322.0
1777668402.3829436,8967649,8967649.0
1777668423.0387816,8967935,8967935.0
1777668457.1987517,8968412,8968412.0
1777668496.1349924,8968963,8968963.0
1777668542.3106039,8969621,8969621.0
1777668568.7344842,8969983,8969983.0
1777668602.4861245,8970463,8970463.0
1777668637.2577696,8970954,8970954.0
1777668656.8106027,8971220,8971220.0
1777668707.8100605,8971956,8971956.0
1777668728.6179576,8972244,8972244.0
1777668776.6537235,8972919,8972919.0
1777668819.621516,8973535,8973535.0
1777668840.3613303,8973814,8973814.0
1777668882.99713,8974432,8974432.0
1777668914.2651925,8974865,8974865.0
1777668943.272716,8975274,8975274.0
1777668981.8887339,8975824,8975824.0
1777669018.6727414,8976339,8976339.0
1777669068.3487217,8977054,8977054.0
1777669103.0564535,8977543,8977543.0
1777669139.291702,8978049,8978049.0
1777669183.5597425,8978677,8978677.0
1777669226.9236176,8979282,8979282.0
1777669270.4677896,8979911,8979911.0
1777669313.1350586,8980518,8980518.0
1777669341.1269052,8980914,8980914.0
1777669388.179014,8981578,8981578.0
1777669428.6111882,8982154,8982154.0
1777669469.1867297,8982729,8982729.0
1777669516.3225758,8983402,8983402.0
1777669549.914566,8983874,8983874.0
1777669591.454499,8984457,8984457.0
1777669622.8300319,8984899,8984899.0
1777669642.6383073,8985182,8985182.0
1777669676.590024,8985658,8985658.0
1777669711.4977162,8986144,8986144.0
1777669739.465682,8986542,8986542.0
1777669755.5817068,8986760,8986760.0
1777669790.2815456,8987257,8987257.0
1777669806.8411498,8987477,8987477.0
1777669856.9848742,8988194,8988194.0
1777669891.9409783,8988682,8988682.0
1777669921.1085773,8989096,8989096.0
1777669957.08479,8989609,8989609.0
1777669991.5007555,8990098,8990098.0
1777670017.7765787,8990463,8990463.0
1777670077.9518673,8991330,8991330.0
1777670109.4358273,8991778,8991778.0
1777670131.6119485,8992089,8992089.0
1777670163.5962641,8992542,8992542.0
1777670194.9197607,8992984,8992984.0
1777670211.1957793,8993214,8993214.0
1777670241.67976,8993650,8993650.0
1777670280.5875957,8994192,8994192.0
1777670331.8468595,8994929,8994929.0
1777670370.0309944,8995468,8995468.0
1777670418.2148514,8996158,8996158.0
1777670450.1667936,8996609,8996609.0
1777670479.8067675,8997024,8997024.0
1777670520.3425663,8997600,8997600.0
1777670548.426565,8997986,8997986.0
1777670581.8498628,8998458,8998458.0
1777670616.1345205,8998936,8998936.0
1777670655.14969,8999499,8999499.0
1777670691.2858346,9000012,9000012.0
1777670745.3376868,9000721,9000721.0
1777670787.0216641,9001320,9001320.0
1777670809.7692657,9001632,9001632.0
1777670836.1773913,9002002,9002002.0
1777670875.4127002,9002564,9002564.0
1777670947.1367545,9003590,9003590.0
1777670986.9406152,9004163,9004163.0
1777671027.9247463,9004747,9004747.0
1777671070.7079442,9005350,9005350.0
1777671108.8079448,9005897,9005897.0
1777671143.0918052,9006375,9006375.0
1777671171.8675728,9006778,9006778.0
1777671201.1994205,9007190,9007190.0
1777671240.0986888,9007739,9007739.0
1777671277.4977863,9008267,9008267.0
1777671296.373792,9008534,9008534.0
1777671321.6817117,9008884,9008884.0
1777671343.857485,9009183,9009183.0
1777671367.8328576,9009520,9009520.0
1777671396.1486473,9009910,9009910.0
1777671427.5603695,9010354,9010354.0
1777671464.5244675,9010882,9010882.0
1777671485.11552,9011165,9011165.0
1777671522.6514647,9011699,9011699.0
1777671556.9189155,9012186,9012186.0
1777671586.8949022,9012605,9012605.0
1777671625.4424624,9013155,9013155.0
1777671667.6419687,9013740,9013740.0
1777671716.0097759,9014436,9014436.0
1777671757.4091365,9015022,9015022.0
1777671800.9688923,9015650,9015650.0
1777671825.376793,9015992,9015992.0
1777671868.4965272,9016610,9016610.0
1777671892.9358733,9016953,9016953.0
1777671919.2958035,9017319,9017319.0
1777671966.8197458,9017995,9017995.0
1777671994.4474983,9018378,9018378.0
1777672023.194872,9018786,9018786.0
1777672073.562772,9019513,9019513.0
1777672099.3905427,9019870,9019870.0
1777672142.6544683,9020479,9020479.0
1777672170.5381272,9020868,9020868.0
1777672208.4415581,9021404,9021404.0
1777672263.3737516,9022188,9022188.0
1777672292.04134,9022592,9022592.0
1777672310.3169336,9022842,9022842.0
1777672335.1568213,9023189,9023189.0
1777672375.7088284,9023764,9023764.0
1777672414.8403661,9024314,9024314.0
1777672442.8603287,9024705,9024705.0
1777672487.2838733,9025341,9025341.0
1777672513.2199855,9025699,9025699.0
1777672544.6757915,9026147,9026147.0
1777672593.1675327,9026836,9026836.0
1777672639.5349858,9027500,9027500.0
1777672659.3110044,9027766,9027766.0
1777672691.8108275,9028221,9028221.0
1777672719.9868011,9028618,9028618.0
1777672759.622391,9029184,9029184.0
1777672815.4778209,9029988,9029988.0
1777672857.4138088,9030584,9030584.0
1777672891.253648,9031059,9031059.0
1777672935.565528,9031683,9031683.0
1777672967.4047916,9032128,9032128.0
1777673005.6410077,9032676,9032676.0
1777673049.8647547,9033291,9033291.0
1777673075.6086674,9033653,9033653.0
1777673103.2322748,9034049,9034049.0
1777673144.748034,9034638,9034638.0
1777673184.1000996,9035203,9035203.0
1777673209.5077338,9035555,9035555.0
1777673237.3277206,9035947,9035947.0
1777673264.3836582,9036329,9036329.0
1777673295.5749729,9036768,9036768.0
1777673344.7029538,9037466,9037466.0
1777673380.8865921,9037978,9037978.0
1777673412.0426908,9038416,9038416.0
1777673447.5942845,9038920,9038920.0
1777673489.6622238,9039525,9039525.0
1777673517.4379768,9039918,9039918.0
1777673549.1377978,9040359,9040359.0
1777673597.705955,9041048,9041048.0
1777673608.829618,9041201,9041201.0
1777673641.74512,9041672,9041672.0
1777673667.6049423,9042030,9042030.0
1777673709.5729113,9042625,9042625.0
1777673750.9407518,9043210,9043210.0
1777673786.340427,9043718,9043718.0
1777673828.7718718,9044318,9044318.0
1777673864.8081586,9044828,9044828.0
1777673926.7315388,9045720,9045720.0
1777673972.7834337,9046386,9046386.0
1777673998.0589962,9046740,9046740.0
1777674040.2509544,9047341,9047341.0
1777674082.3267343,9047943,9047943.0
1777674125.7267773,9048537,9048537.0
1777674140.1348078,9048734,9048734.0
1777674160.7426357,9049020,9049020.0
1777674214.9698563,9049797,9049797.0
1777674239.229932,9050145,9050145.0
1777674257.3218384,9050385,9050385.0
1777674278.2617383,9050677,9050677.0
1777674312.2296956,9051160,9051160.0
1777674352.6815567,9051739,9051739.0
1777674392.8288333,9052312,9052312.0
1777674431.9287975,9052868,9052868.0
1777674468.8407412,9053388,9053388.0
1777674503.7408133,9053887,9053887.0
1777674533.8398836,9054310,9054310.0
1777674560.5646067,9054688,9054688.0
1777674595.331715,9055178,9055178.0
1777674628.9078004,9055655,9055655.0
1777674662.1397173,9056122,9056122.0
1777674696.6916125,9056616,9056616.0
1777674732.5430539,9057114,9057114.0
1777674768.7986073,9057635,9057635.0
1777674781.8589308,9057811,9057811.0
1777674807.8187976,9058177,9058177.0
1777674843.4026973,9058681,9058681.0
1777674878.9704711,9059176,9059176.0
1777674914.918131,9059683,9059683.0
1777674945.4617991,9060113,9060113.0
1777674981.4095469,9060627,9060627.0
1777675019.245651,9061170,9061170.0
1777675045.2694116,9061533,9061533.0
1777675086.504879,9062126,9062126.0
1777675099.760968,9062292,9062292.0
1777675144.2807317,9062935,9062935.0
1777675169.3887696,9063283,9063283.0
1777675201.7566803,9063741,9063741.0
1777675250.1879537,9064427,9064427.0
1777675279.3083315,9064836,9064836.0
1777675311.9325883,9065296,9065296.0
1777675336.0406585,9065634,9065634.0
1777675348.4165392,9065804,9065804.0
1777675364.656802,9066017,9066017.0
1777675412.7088583,9066712,9066712.0
1777675447.7096567,9067203,9067203.0
1777675482.3297355,9067685,9067685.0
1777675518.3375547,9068194,9068194.0
1777675563.3696597,9068842,9068842.0
1777675589.7381566,9069213,9069213.0
1777675619.5139928,9069632,9069632.0
1777675668.5223427,9070329,9070329.0
1777675713.5058858,9070972,9070972.0
1777675758.4064014,9071605,9071605.0
1777675787.9106135,9072024,9072024.0
1777675816.8181736,9072429,9072429.0
1777675854.4023633,9072969,9072969.0
1777675885.0104923,9073394,9073394.0
1777675927.6267185,9074007,9074007.0
1777675966.2705054,9074543,9074543.0
1777676007.7304444,9075142,9075142.0
1777676064.8223732,9075957,9075957.0
1777676097.0539246,9076411,9076411.0
1777676137.938011,9076996,9076996.0
1777676152.613879,9077179,9077179.0
1777676179.937947,9077566,9077566.0
1777676221.774052,9078164,9078164.0
1777676254.2258353,9078627,9078627.0
1777676272.9982345,9078878,9078878.0
1777676309.6097257,9079396,9079396.0
1777676348.1577501,9079945,9079945.0
1777676374.7577376,9080321,9080321.0
1777676406.485724,9080767,9080767.0
1777676450.2536619,9081384,9081384.0
1777676496.4090915,9082044,9082044.0
1777676519.821464,9082368,9082368.0
1777676544.0454943,9082701,9082701.0
1777676566.1695461,9083005,9083005.0
1777676614.6688693,9083703,9083703.0
1777676636.3608015,9083999,9083999.0
1777676678.3729932,9084598,9084598.0
1777676704.2486227,9084963,9084963.0
1777676755.1807652,9085681,9085681.0
1777676783.848838,9086080,9086080.0
1777676825.6490002,9086677,9086677.0
1777676842.0084147,9086899,9086899.0
1777676888.6405332,9087567,9087567.0
1777676935.90791,9088235,9088235.0
1777676985.6001751,9088955,9088955.0
1777677026.0357862,9089519,9089519.0
1777677065.1038182,9090073,9090073.0
1777677098.2117481,9090546,9090546.0
1777677136.1276658,9091080,9091080.0
1777677167.2275345,9091528,9091528.0
1777677199.7714365,9091987,9091987.0
1777677237.7034895,9092520,9092520.0
1777677272.4549768,9093013,9093013.0
1777677300.194651,9093400,9093400.0
1777677320.1068568,9093677,9093677.0
1777677363.8907013,9094293,9094293.0
1777677397.6738353,9094766,9094766.0
1777677424.6978374,9095148,9095148.0
1777677459.8654122,9095646,9095646.0
1777677494.832876,9096144,9096144.0
1777677527.9809632,9096611,9096611.0
1777677564.6725502,9097128,9097128.0
1777677608.564321,9097759,9097759.0
1777677646.4239678,9098299,9098299.0
1777677685.4519706,9098839,9098839.0
1777677726.143528,9099417,9099417.0
1777677765.7071764,9099983,9099983.0
1777677826.0193622,9100850,9100850.0
1777677871.7584093,9101497,9101497.0
1777677899.950522,9101893,9101893.0
1777677937.7699463,9102432,9102432.0
1777677978.7018225,9103014,9103014.0
1777678031.9855835,9103777,9103777.0
1777678064.4695296,9104234,9104234.0
1777678104.3688304,9104810,9104810.0
1777678137.389176,9105264,9105264.0
1777678177.6566231,9105839,9105839.0
1777678214.0127487,9106357,9106357.0
1777678245.84044,9106803,9106803.0
1777678271.5880458,9107163,9107163.0
1777678315.4560387,9107796,9107796.0
1777678342.0237944,9108169,9108169.0
1777678383.8557775,9108760,9108760.0
1777678414.9316244,9109200,9109200.0
1777678439.0834491,9109531,9109531.0
1777678480.7353208,9110125,9110125.0
1777678501.5273929,9110411,9110411.0
1777678534.9506834,9110882,9110882.0
1777678571.6827343,9111407,9111407.0
1777678622.3426366,9112121,9112121.0
1777678655.6180308,9112587,9112587.0
1777678692.7178807,9113120,9113120.0
1777678739.017969,9113773,9113773.0
1777678778.1697326,9114332,9114332.0
1777678819.7055128,9114923,9114923.0
1777678860.4375043,9115490,9115490.0
1777678882.2131083,9115805,9115805.0
1777678912.7810087,9116237,9116237.0
1777678948.3127577,9116737,9116737.0
1777678976.105283,9117141,9117141.0
1777679013.7887652,9117669,9117669.0
1777679052.90854,9118225,9118225.0
1777679083.999973,9118668,9118668.0
1777679114.9999723,9119104,9119104.0
1777679159.5478866,9119746,9119746.0
1777679215.3917918,9120543,9120543.0
1777679255.0077586,9121097,9121097.0
1777679284.8437357,9121519,9121519.0
1777679313.334982,9121915,9121915.0
1777679340.075143,9122298,9122298.0
1777679379.1428561,9122847,9122847.0
1777679406.1866157,9123225,9123225.0
1777679441.8700051,9123731,9123731.0
1777679482.6856866,9124319,9124319.0
1777679533.713485,9125042,9125042.0
1777679562.8211033,9125448,9125448.0
1777679591.2131193,9125839,9125839.0
1777679615.9448051,9126187,9126187.0
1777679658.3799474,9126792,9126792.0
1777679696.7801707,9127331,9127331.0
1777679748.0797977,9128069,9128069.0
1777679760.7235115,9128242,9128242.0
1777679803.055691,9128835,9128835.0
1777679858.3307812,9129620,9129620.0
1777679894.806714,9130137,9130137.0
1777679914.02995,9130401,9130401.0
1777679934.9740975,9130698,9130698.0
1777679979.4817986,9131325,9131325.0
1777680016.6976306,9131857,9131857.0
1777680054.257022,9132392,9132392.0
1777680105.2171984,9133116,9133116.0
1777680148.6009145,9133741,9133741.0
1777680182.2005236,9134217,9134217.0
1777680222.9999518,9134784,9134784.0
1777680267.135978,9135422,9135422.0
1777680285.6759646,9135671,9135671.0
1777680298.2118087,9135841,9135841.0
1777680339.1682768,9136421,9136421.0
1777680378.059525,9136975,9136975.0
1777680418.6788287,9137553,9137553.0
1777680431.4350224,9137720,9137720.0
1777680459.2467716,9138113,9138113.0
1777680497.162776,9138651,9138651.0
1777680533.9466188,9139176,9139176.0
1777680551.4863303,9139406,9139406.0
1777680576.3225265,9139755,9139755.0
1777680610.161969,9140231,9140231.0
1777680660.1296632,9140953,9140953.0
1777680700.0816622,9141512,9141512.0
1777680721.289018,9141817,9141817.0
1777680763.6728418,9142414,9142414.0
1777680785.4090977,9142727,9142727.0
1777680812.6807587,9143106,9143106.0
1777680824.4651334,9143255,9143255.0
1777680857.8644202,9143734,9143734.0
1777680889.6163247,9144182,9144182.0
1777680920.008207,9144611,9144611.0
1777680969.283894,9145315,9145315.0
1777681008.2200053,9145869,9145869.0
1777681055.4834478,9146548,9146548.0
1777681094.1673355,9147092,9147092.0
1777681135.186916,9147682,9147682.0
1777681177.1186655,9148287,9148287.0
1777681204.0787666,9148669,9148669.0
1777681226.8702807,9148989,9148989.0
1777681254.938132,9149388,9149388.0
1777681292.653955,9149924,9149924.0
1777681320.7138336,9150321,9150321.0
1777681370.1137342,9151012,9151012.0
1777681414.9735885,9151653,9151653.0
1777681445.7975116,9152090,9152090.0
1777681469.8409646,9152416,9152416.0
1777681500.8569853,9152855,9152855.0
1777681541.5411673,9153430,9153430.0
1777681569.4166534,9153825,9153825.0
1777681605.2166107,9154315,9154315.0
1777681644.016393,9154870,9154870.0
1777681677.183728,9155340,9155340.0
1777681712.3758,9155838,9155838.0
1777681738.359763,9156199,9156199.0
1777681763.5834987,9156554,9156554.0
1777681815.9594696,9157291,9157291.0
1777681836.775021,9157591,9157591.0
1777681870.8953626,9158065,9158065.0
1777681896.2029479,9158416,9158416.0
1777681924.402764,9158809,9158809.0
1777681963.6384218,9159366,9159366.0
1777681982.3786907,9159627,9159627.0
1777682007.922466,9159981,9159981.0
1777682037.3138747,9160398,9160398.0
1777682071.1300836,9160870,9160870.0
1777682092.2220163,9161158,9161158.0
1777682130.15337,9161698,9161698.0
1777682153.765748,9162025,9162025.0
1777682185.6133702,9162464,9162464.0
1777682213.241013,9162850,9162850.0
1777682236.897081,9163178,9163178.0
1777682268.216921,9163619,9163619.0
1777682292.1889813,9163962,9163962.0
1777682333.7927148,9164540,9164540.0
1777682361.884632,9164935,9164935.0
1777682392.9841614,9165371,9165371.0
1777682421.4320583,9165775,9165775.0
1777682450.3079484,9166175,9166175.0
1777682482.7159934,9166634,9166634.0
1777682510.4200013,9167021,9167021.0
1777682549.7355351,9167580,9167580.0
1777682567.7954075,9167827,9167827.0
1777682606.2350383,9168370,9168370.0
1777682633.3510985,9168749,9168749.0
1777682677.4867837,9169378,9169378.0
1777682720.3865836,9169977,9169977.0
1777682749.00209,9170382,9170382.0
1777682785.0780628,9170894,9170894.0
1777682814.5299408,9171308,9171308.0
1777682847.6137707,9171770,9171770.0
1777682877.3896117,9172191,9172191.0
1777682907.6657174,9172614,9172614.0
1777682949.4494393,9173217,9173217.0
1777682984.4648726,9173714,9173714.0
1777683010.1410198,9174074,9174074.0
1777683054.480516,9174700,9174700.0
1777683092.156702,9175239,9175239.0
1777683121.592228,9175646,9175646.0
1777683151.4163446,9176067,9176067.0
1777683166.991883,9176284,9176284.0
1777683195.092012,9176680,9176680.0
1777683240.6596785,9177324,9177324.0
1777683266.3677776,9177684,9177684.0
1777683298.6514382,9178142,9178142.0
1777683360.1789558,9179020,9179020.0
1777683386.7190292,9179388,9179388.0
1777683406.8629034,9179678,9179678.0
1777683434.6188245,9180074,9180074.0
1777683452.194741,9180300,9180300.0
1777683472.5306551,9180578,9180578.0
1777683511.9703736,9181141,9181141.0
1777683541.0385869,9181556,9181556.0
1777683589.7067175,9182246,9182246.0
1777683621.1550865,9182686,9182686.0
1777683650.7665188,9183102,9183102.0
1777683678.906884,9183503,9183503.0
1777683712.7150025,9183978,9183978.0
1777683753.9589517,9184573,9184573.0
1777683775.4348302,9184863,9184863.0
1777683810.1190672,9185359,9185359.0
1777683851.6031802,9185954,9185954.0
1777683884.2027755,9186420,9186420.0
1777683922.026834,9186948,9186948.0
1777683953.0469828,9187380,9187380.0
1777683972.002807,9187644,9187644.0
1777684012.954977,9188222,9188222.0
1777684050.2549946,9188750,9188750.0
1777684086.2069495,9189265,9189265.0
1777684110.7308228,9189602,9189602.0
1777684163.5147572,9190353,9190353.0
1777684200.1311345,9190872,9190872.0
1777684238.814885,9191423,9191423.0
1777684271.6187408,9191885,9191885.0
1777684293.7907002,9192183,9192183.0
1777684332.1587846,9192733,9192733.0
1777684391.802655,9193592,9193592.0
1777684436.7021015,9194228,9194228.0
1777684472.0703485,9194731,9194731.0
1777684510.2858388,9195275,9195275.0
1777684571.9779658,9196155,9196155.0
1777684592.2541983,9196431,9196431.0
1777684643.4896889,9197160,9197160.0
1777684669.4297216,9197529,9197529.0
1777684702.0977902,9197986,9197986.0
1777684737.013727,9198478,9198478.0
1777684773.1493108,9198987,9198987.0
1777684805.8254404,9199452,9199452.0
1777684832.4810236,9199824,9199824.0
1777684857.001162,9200166,9200166.0
1777684894.3008265,9200698,9200698.0
1777684940.4528735,9201351,9201351.0
1777684980.2007911,9201919,9201919.0
1777685032.5207808,9202665,9202665.0
1777685066.3363926,9203142,9203142.0
1777685096.704715,9203567,9203567.0
1777685125.159982,9203968,9203968.0
1777685164.2645404,9204525,9204525.0
1777685204.8956802,9205102,9205102.0
1777685237.8636878,9205571,9205571.0
1777685267.8237488,9205995,9205995.0
1777685293.179739,9206342,9206342.0
1777685328.9796906,9206855,9206855.0
1777685369.147582,9207419,9207419.0
1777685405.9470763,9207937,9207937.0
1777685450.5990703,9208569,9208569.0
1777685472.306651,9208876,9208876.0
1777685521.8667784,9209582,9209582.0
1777685566.7827094,9210226,9210226.0
1777685593.1745086,9210596,9210596.0
1777685619.9659111,9210975,9210975.0
1777685643.4019294,9211301,9211301.0
1777685683.2537246,9211867,9211867.0
1777685712.976998,9212292,9212292.0
1777685745.3609486,9212742,9212742.0
1777685780.6367085,9213233,9213233.0
1777685803.0605905,9213547,9213547.0
1777685821.0365977,9213793,9213793.0
1777685863.0677629,9214387,9214387.0
1777685896.7876327,9214870,9214870.0
1777685932.155574,9215355,9215355.0
1777685946.0195076,9215548,9215548.0
1777685985.6191945,9216120,9216120.0
1777686011.2029054,9216476,9216476.0
1777686045.8305929,9216965,9216965.0
1777686089.106765,9217572,9217572.0
1777686133.4220855,9218214,9218214.0
1777686164.22991,9218651,9218651.0
1777686196.2658024,9219100,9219100.0
1777686239.0657823,9219700,9219700.0
1777686266.332846,9220075,9220075.0
1777686298.6409392,9220532,9220532.0
1777686343.6568248,9221175,9221175.0
1777686375.124837,9221623,9221623.0
1777686397.2005637,9221923,9221923.0
1777686432.2159097,9222422,9222422.0
1777686469.4759836,9222946,9222946.0
1777686505.6077774,9223452,9223452.0
1777686551.991725,9224115,9224115.0
1777686603.9672036,9224850,9224850.0
1777686642.8348699,9225404,9225404.0
1777686674.7552235,9225852,9225852.0
1777686723.1187906,9226542,9226542.0
1777686759.086463,9227056,9227056.0
1777686787.7779794,9227459,9227459.0
1777686819.5458567,9227910,9227910.0
1777686855.2301862,9228414,9228414.0
1777686894.8377244,9228973,9228973.0
1777686933.5576572,9229520,9229520.0
1777686959.6733391,9229884,9229884.0
1777686998.0976026,9230423,9230423.0
1777687048.940806,9231141,9231141.0
1777687072.580646,9231473,9231473.0
1777687111.8327854,9232022,9232022.0
1777687155.9165616,9232652,9232652.0
1777687192.3318036,9233168,9233168.0
1777687216.9439716,9233510,9233510.0
1777687264.0198534,9234175,9234175.0
1777687302.303387,9234720,9234720.0
1777687318.8276165,9234936,9234936.0
1777687350.1874053,9235375,9235375.0
1777687368.8110042,9235634,9235634.0
1777687411.5627668,9236239,9236239.0
1777687445.0949686,9236706,9236706.0
1777687473.58682,9237108,9237108.0
1777687489.1305034,9237329,9237329.0
1777687518.802678,9237745,9237745.0
1777687556.6863368,9238279,9238279.0
1777687602.1698413,9238933,9238933.0
1777687635.5058506,9239405,9239405.0
1777687681.673715,9240060,9240060.0
1777687711.1896043,9240471,9240471.0
1777687744.9337103,9240953,9240953.0
1777687775.116914,9241374,9241374.0
1777687821.232816,9242035,9242035.0
1777687864.4850867,9242635,9242635.0
1777687902.6491408,9243178,9243178.0
1777687933.01684,9243608,9243608.0
1777687967.060581,9244084,9244084.0
1777687999.0078676,9244539,9244539.0
1777688032.4278688,9245010,9245010.0
1777688065.7038293,9245481,9245481.0
1777688099.7678,9245954,9245954.0
1777688121.7599783,9246270,9246270.0
1777688174.4715319,9247016,9247016.0
1777688198.71093,9247352,9247352.0
1777688225.9709454,9247731,9247731.0
1777688278.7469773,9248487,9248487.0
1777688316.1988142,9249017,9249017.0
1777688341.4227443,9249367,9249367.0
1777688374.7387114,9249832,9249832.0
1777688415.70631,9250422,9250422.0
1777688450.9659786,9250925,9250925.0
1777688508.025741,9251740,9251740.0
1777688545.373842,9252269,9252269.0
1777688566.117419,9252554,9252554.0
1777688579.8577328,9252742,9252742.0
1777688602.9175577,9253068,9253068.0
1777688646.7851405,9253689,9253689.0
1777688669.4090023,9254014,9254014.0
1777688702.060931,9254463,9254463.0
1777688744.2447715,9255056,9255056.0
1777688771.920662,9255451,9255451.0
1777688814.484058,9256055,9256055.0
1777688871.2278464,9256867,9256867.0
1777688895.251938,9257199,9257199.0
1777688933.6558144,9257745,9257745.0
1777688979.5717545,9258400,9258400.0
1777689022.4793928,9259009,9259009.0
1777689063.048031,9259590,9259590.0
1777689097.71478,9260069,9260069.0
1777689120.782788,9260398,9260398.0
1777689162.430617,9260985,9260985.0
1777689215.934556,9261747,9261747.0
1777689253.1424372,9262272,9262272.0
1777689275.2664187,9262580,9262580.0
1777689312.1661694,9263104,9263104.0
1777689336.7021117,9263442,9263442.0
1777689385.4776654,9264141,9264141.0
1777689422.6254828,9264668,9264668.0
1777689475.253399,9265415,9265415.0
1777689498.9768927,9265744,9265744.0
1777689531.2129726,9266198,9266198.0
1777689581.260871,9266904,9266904.0
1777689611.7127075,9267326,9267326.0
1777689627.2965724,9267544,9267544.0
1777689665.5720427,9268080,9268080.0
1777689688.5724685,9268413,9268413.0
1777689705.4647083,9268635,9268635.0
1777689738.5486848,9269096,9269096.0
1777689767.1565135,9269503,9269503.0
1777689794.6567576,9269882,9269882.0
1777689814.6167881,9270169,9270169.0
1777689852.464718,9270690,9270690.0
1777689882.4927404,9271120,9271120.0
1777689912.860703,9271544,9271544.0
1777689943.5527046,9271980,9271980.0
1777689976.0007594,9272441,9272441.0
1777690011.0287898,9272943,9272943.0
1777690050.1447353,9273496,9273496.0
1777690074.944532,9273844,9273844.0
1777690108.0367131,9274310,9274310.0
1777690141.38855,9274786,9274786.0
1777690179.5725045,9275315,9275315.0
1777690240.2484407,9276186,9276186.0
1777690281.8967235,9276768,9276768.0
1777690328.747871,9277440,9277440.0
1777690343.539888,9277639,9277639.0
1777690383.3920846,9278209,9278209.0
1777690418.5317101,9278712,9278712.0
1777690465.2919621,9279369,9279369.0
1777690504.543775,9279928,9279928.0
1777690546.7437177,9280527,9280527.0
1777690572.2836552,9280885,9280885.0
1777690623.243537,9281611,9281611.0
1777690661.794956,9282157,9282157.0
1777690697.9628232,9282657,9282657.0
1777690731.8867033,9283141,9283141.0
1777690772.938976,9283721,9283721.0
1777690800.7947316,9284116,9284116.0
1777690817.3547764,9284342,9284342.0
1777690842.16284,9284689,9284689.0
1777690874.030805,9285141,9285141.0
1777690904.4067078,9285560,9285560.0
1777690933.9222417,9285975,9285975.0
1777690953.6825113,9286239,9286239.0
1777690966.7423255,9286410,9286410.0
1777691003.6501696,9286940,9286940.0
1777691037.9337366,9287424,9287424.0
1777691073.617984,9287933,9287933.0
1777691104.0577178,9288355,9288355.0
1777691127.4777617,9288685,9288685.0
1777691162.2857046,9289177,9289177.0
1777691204.2532017,9289784,9289784.0
1777691235.45337,9290225,9290225.0
1777691297.5128155,9291104,9291104.0
1777691333.0768578,9291613,9291613.0
1777691370.1126819,9292137,9292137.0
1777691406.5207982,9292655,9292655.0
1777691448.8963954,9293247,9293247.0
1777691484.8560221,9293746,9293746.0
1777691509.8639932,9294094,9294094.0
1777691526.6878796,9294334,9294334.0
1777691563.4879417,9294857,9294857.0
1777691593.923747,9295287,9295287.0
1777691625.5837824,9295734,9295734.0
1777691669.0997128,9296349,9296349.0
1777691697.7152104,9296746,9296746.0
1777691709.8151271,9296915,9296915.0
1777691734.0750039,9297254,9297254.0
1777691777.3666463,9297876,9297876.0
1777691824.6022844,9298541,9298541.0
1777691847.6735418,9298863,9298863.0
1777691891.6093278,9299491,9299491.0
1777691919.741478,9299887,9299887.0
1777691966.3087845,9300539,9300539.0
1777691998.6445653,9300999,9300999.0
1777692055.443772,9301813,9301813.0
1777692087.7957892,9302264,9302264.0
1777692123.879308,9302783,9302783.0
1777692145.218865,9303072,9303072.0
1777692168.7110043,9303411,9303411.0
1777692199.9269207,9303858,9303858.0
1777692230.7787635,9304291,9304291.0
1777692257.4941442,9304667,9304667.0
1777692295.093657,9305186,9305186.0
1777692350.7216773,9305987,9305987.0
1777692391.9889076,9306571,9306571.0
1777692434.0210125,9307171,9307171.0
1777692476.1405873,9307755,9307755.0
1777692496.9326127,9308054,9308054.0
1777692530.9964452,9308539,9308539.0
1777692574.4319627,9309153,9309153.0
1777692615.315659,9309733,9309733.0
1777692638.6553266,9310060,9310060.0
1777692675.423528,9310583,9310583.0
1777692704.082849,9310988,9310988.0
1777692746.72678,9311587,9311587.0
1777692787.574553,9312174,9312174.0
1777692842.2585669,9312951,9312951.0
1777692867.958331,9313306,9313306.0
1777692925.4537094,9314129,9314129.0
1777692968.4778001,9314750,9314750.0
1777693010.8529959,9315358,9315358.0
1777693049.6447787,9315900,9315900.0
1777693095.5209754,9316559,9316559.0
1777693124.4447582,9316963,9316963.0
1777693174.7883914,9317680,9317680.0
1777693197.028664,9317978,9317978.0
1777693218.75581,9318288,9318288.0
1777693249.5797975,9318719,9318719.0
1777693274.9478405,9319072,9319072.0
1777693331.1314578,9319874,9319874.0
1777693363.2314105,9320333,9320333.0
1777693399.9150147,9320850,9320850.0
1777693429.7588089,9321274,9321274.0
1777693457.9225628,9321667,9321667.0
1777693494.050715,9322181,9322181.0
1777693522.4344916,9322573,9322573.0
1777693569.7345126,9323235,9323235.0
1777693600.785959,9323677,9323677.0
1777693638.3857434,9324208,9324208.0
1777693656.4177225,9324454,9324454.0
1777693673.9617083,9324703,9324703.0
1777693720.369037,9325354,9325354.0
1777693755.4769418,9325850,9325850.0
1777693790.4609537,9326339,9326339.0
1777693831.7690454,9326921,9326921.0
1777693848.6688178,9327150,9327150.0
1777693880.9526691,9327607,9327607.0
1777693925.3206837,9328229,9328229.0
1777693951.0568078,9328589,9328589.0
1777693987.280667,9329103,9329103.0
1777694023.2324054,9329618,9329618.0
1777694047.3244815,9329947,9329947.0
1777694069.2799501,9330253,9330253.0
1777694126.9760928,9331084,9331084.0
1777694160.399953,9331551,9331551.0
1777694183.1238487,9331878,9331878.0
1777694228.0677073,9332514,9332514.0
1777694251.5755374,9332842,9332842.0
1777694279.5990624,9333247,9333247.0
1777694315.0033782,9333735,9333735.0
1777694360.202834,9334381,9334381.0
1777694382.7791376,9334697,9334697.0
1777694407.142772,9335032,9335032.0
1777694447.347128,9335606,9335606.0
1777694482.4026892,9336101,9336101.0
1777694518.954623,9336626,9336626.0
1777694550.2865224,9337067,9337067.0
1777694594.9698567,9337701,9337701.0
1777694623.913944,9338103,9338103.0
1777694661.6297712,9338646,9338646.0
1777694687.9216356,9339006,9339006.0
1777694742.4653194,9339779,9339779.0
1777694784.281607,9340379,9340379.0
1777694807.0248442,9340693,9340693.0
1777694841.072801,9341173,9341173.0
1777694874.624959,9341649,9341649.0
1777694911.0327632,9342163,9342163.0
1777694947.0603085,9342658,9342658.0
1777694976.7364423,9343076,9343076.0
1777695014.3683867,9343609,9343609.0
1777695056.2841094,9344211,9344211.0
1777695085.0959642,9344611,9344611.0
1777695124.9276552,9345173,9345173.0
1777695159.863516,9345668,9345668.0
1777695195.1949158,9346174,9346174.0
1777695231.9031029,9346693,9346693.0
1777695270.9028354,9347252,9347252.0
1777695298.0866568,9347632,9347632.0
1777695333.7226105,9348133,9348133.0
1777695382.6225903,9348837,9348837.0
1777695425.9738986,9349450,9349450.0
1777695454.8580515,9349856,9349856.0
1777695497.2502584,9350454,9350454.0
1777695528.0815158,9350891,9350891.0
1777695552.6417809,9351231,9351231.0
1777695594.1095011,9351823,9351823.0
1777695620.2774694,9352191,9352191.0
1777695641.5493305,9352485,9352485.0
1777695669.0933583,9352863,9352863.0
1777695704.7088957,9353373,9353373.0
1777695738.6527176,9353853,9353853.0
1777695758.0926516,9354116,9354116.0
1777695792.0125031,9354591,9354591.0
1777695825.876322,9355068,9355068.0
1777695852.9043312,9355451,9355451.0
1777695896.6044102,9356070,9356070.0
1777695937.0038774,9356629,9356629.0
1777695978.6880066,9357228,9357228.0
1777696001.6117594,9357544,9357544.0
1777696032.2481954,9357979,9357979.0
1777696068.9636755,9358496,9358496.0
1777696107.5995593,9359045,9359045.0
1777696141.5240102,9359522,9359522.0
1777696181.87555,9360091,9360091.0
1777696207.0759482,9360441,9360441.0
1777696261.927686,9361233,9361233.0
1777696289.927578,9361625,9361625.0
1777696337.875116,9362300,9362300.0
1777696359.3189702,9362596,9362596.0
1777696406.0028245,9363269,9363269.0
1777696443.819482,9363811,9363811.0
1777696477.2027454,9364278,9364278.0
1777696509.5952504,9364735,9364735.0
1777696543.2147653,9365216,9365216.0
1777696576.8146355,9365685,9365685.0
1777696609.6899161,9366154,9366154.0
1777696646.6900387,9366683,9366683.0
1777696676.1058476,9367098,9367098.0
1777696722.289722,9367749,9367749.0
1777696751.0979092,9368158,9368158.0
1777696778.5337152,9368546,9368546.0
1777696817.581655,9369105,9369105.0
1777696845.573632,9369494,9369494.0
1777696886.724951,9370083,9370083.0
1777696928.760976,9370676,9370676.0
1777696965.1610258,9371192,9371192.0
1777696997.4447045,9371648,9371648.0
1777697037.828661,9372223,9372223.0
1777697046.977009,9372344,9372344.0
1777697082.4285817,9372836,9372836.0
1777697115.452677,9373304,9373304.0
1777697138.9880621,9373631,9373631.0
1777697188.020068,9374334,9374334.0
1777697223.0401149,9374826,9374826.0
1777697267.3877225,9375456,9375456.0
1777697300.03951,9375913,9375913.0
1777697326.04753,9376275,9376275.0
1777697366.7154288,9376854,9376854.0
1777697393.3074584,9377226,9377226.0
1777697428.6231341,9377728,9377728.0
1777697456.6990137,9378126,9378126.0
1777697493.2667108,9378651,9378651.0
1777697534.0504143,9379225,9379225.0
1777697583.994234,9379951,9379951.0
1777697634.477913,9380675,9380675.0
1777697659.7017407,9381028,9381028.0
1777697697.6178286,9381571,9381571.0
1777697724.0098224,9381940,9381940.0
1777697759.1097224,9382435,9382435.0
1777697791.9295604,9382894,9382894.0
1777697821.484953,9383308,9383308.0
1777697865.5809114,9383923,9383923.0
1777697897.2048862,9384364,9384364.0
1777697938.3047752,9384959,9384959.0
1777697975.4884064,9385485,9385485.0
1777697995.0486186,9385752,9385752.0
1777698035.0959773,9386317,9386317.0
1777698088.147687,9387079,9387079.0
1777698102.8397896,9387274,9387274.0
1777698121.147627,9387536,9387536.0
1777698153.2315109,9387986,9387986.0
1777698174.3917441,9388273,9388273.0
1777698212.2916932,9388813,9388813.0
1777698242.5988047,9389233,9389233.0
1777698272.4508169,9389656,9389656.0
1777698319.7502637,9390324,9390324.0
1777698343.3867018,9390654,9390654.0
1777698391.3784044,9391342,9391342.0
1777698416.9780717,9391697,9391697.0
1777698452.2339368,9392198,9392198.0
1777698486.7177837,9392687,9392687.0
1777698518.2858386,9393130,9393130.0
1777698548.3776681,9393552,9393552.0
1777698584.2617502,9394047,9394047.0
1777698606.5892322,9394370,9394370.0
1777698650.6207073,9394988,9394988.0
1777698678.3890908,9395379,9395379.0
1777698710.0488102,9395823,9395823.0
1777698749.932724,9396399,9396399.0
1777698777.632526,9396783,9396783.0
1777698810.724403,9397253,9397253.0
1777698843.407797,9397716,9397716.0
1777698879.2398093,9398224,9398224.0
1777698913.5836246,9398698,9398698.0
1777698961.5237894,9399394,9399394.0
1777699013.8594584,9400133,9400133.0
1777699041.7429893,9400515,9400515.0
1777699099.3351185,9401340,9401340.0
1777699142.5187352,9401959,9401959.0
1777699186.3547077,9402574,9402574.0
1777699224.0544622,9403112,9403112.0
1777699272.0378537,9403802,9403802.0
1777699311.4700124,9404347,9404347.0
1777699321.5219507,9404485,9404485.0
1777699350.9697945,9404906,9404906.0
1777699374.9816127,9405236,9405236.0
1777699428.3908412,9406000,9406000.0
1777699455.8495939,9406386,9406386.0
1777699489.1967597,9406866,9406866.0
1777699509.3730457,9407152,9407152.0
1777699563.5727844,9407921,9407921.0
1777699593.6087596,9408343,9408343.0
1777699632.5405846,9408896,9408896.0
1777699677.1078758,9409529,9409529.0
1777699733.400042,9410333,9410333.0
1777699757.9599774,9410677,9410677.0
1777699801.2595716,9411299,9411299.0
1777699829.35169,9411689,9411689.0
1777699874.179499,9412335,9412335.0
1777699913.9110258,9412890,9412890.0
1777699950.6790707,9413410,9413410.0
1777699979.78699,9413817,9413817.0
1777700017.438813,9414350,9414350.0
1777700060.254897,9414955,9414955.0
1777700101.8228326,9415544,9415544.0
1777700139.274747,9416082,9416082.0
1777700158.9304805,9416344,9416344.0
1777700187.4387336,9416743,9416743.0
1777700221.6223593,9417221,9417221.0
1777700250.21438,9417628,9417628.0
1777700282.2658818,9418077,9418077.0
1777700315.7824605,9418552,9418552.0
1777700354.8739502,9419106,9419106.0
1777700390.7579653,9419608,9419608.0
1777700423.377748,9420069,9420069.0
1777700465.9774027,9420686,9420686.0
1777700499.6456976,9421158,9421158.0
1777700533.5856333,9421639,9421639.0
1777700577.0536313,9422240,9422240.0
1777700591.7134504,9422448,9422448.0
1777700624.7447724,9422911,9422911.0
1777700652.2369473,9423294,9423294.0
1777700672.7289352,9423571,9423571.0
1777700704.0647027,9424008,9424008.0
1777700735.8046954,9424456,9424456.0
1777700743.1646369,9424548,9424548.0
1777700765.5048416,9424863,9424863.0
1777700810.6244683,9425501,9425501.0
1777700828.8004978,9425761,9425761.0
1777700865.2844229,9426284,9426284.0
1777700900.1678417,9426763,9426763.0
1777700932.891976,9427224,9427224.0
1777700965.0917945,9427673,9427673.0
1777701010.24373,9428321,9428321.0
1777701053.0916085,9428929,9428929.0
1777701094.5755315,9429520,9429520.0
1777701157.5348966,9430422,9430422.0
1777701185.2269926,9430815,9430815.0
1777701217.4789486,9431264,9431264.0
1777701251.0629268,9431744,9431744.0
1777701280.2866764,9432152,9432152.0
1777701314.3384156,9432636,9432636.0
1777701338.2302792,9432966,9432966.0
1777701365.4546146,9433344,9433344.0
1777701403.5379922,9433886,9433886.0
1777701432.73794,9434299,9434299.0
1777701462.4137533,9434714,9434714.0
1777701498.013807,9435220,9435220.0
1777701535.1176867,9435739,9435739.0
1777701557.7735374,9436067,9436067.0
1777701596.9929447,9436617,9436617.0
1777701631.9089785,9437118,9437118.0
1777701665.2852335,9437590,9437590.0
1777701690.0247512,9437937,9437937.0
1777701721.7768111,9438390,9438390.0
1777701782.8685696,9439262,9439262.0
1777701824.568014,9439860,9439860.0
1777701849.1760237,9440201,9440201.0
1777701881.980466,9440660,9440660.0
1777701928.6281211,9441321,9441321.0
1777701971.727257,9441936,9441936.0
1777702013.9948735,9442537,9442537.0
1777702044.863012,9442970,9442970.0
1777702094.41387,9443665,9443665.0
1777702125.461948,9444104,9444104.0
1777702149.6379838,9444439,9444439.0
1777702192.2734861,9445048,9445048.0
1777702218.205324,9445412,9445412.0
1777702234.7568583,9445630,9445630.0
1777702279.1486888,9446265,9446265.0
1777702323.0325341,9446880,9446880.0
1777702353.0644352,9447304,9447304.0
1777702381.6759045,9447702,9447702.0
1777702419.3476253,9448234,9448234.0
1777702466.7915387,9448915,9448915.0
1777702503.5429716,9449431,9449431.0
1777702538.3108203,9449918,9449918.0
1777702584.6426518,9450579,9450579.0
1777702624.3945925,9451136,9451136.0
1777702661.561785,9451662,9451662.0
1777702706.177603,9452309,9452309.0
1777702730.0533514,9452631,9452631.0
1777702770.184866,9453209,9453209.0
1777702811.8688962,9453800,9453800.0
1777702842.945063,9454237,9454237.0
1777702874.9448137,9454687,9454687.0
1777702902.6286201,9455066,9455066.0
1777702948.4639823,9455722,9455722.0
1777702987.6120462,9456264,9456264.0
1777703018.7717996,9456705,9456705.0
1777703062.6556728,9457326,9457326.0
1777703096.155381,9457793,9457793.0
1777703126.1308365,9458215,9458215.0
1777703152.4308324,9458583,9458583.0
1777703180.1067674,9458967,9458967.0
1777703211.8909984,9459413,9459413.0
1777703244.0146942,9459864,9459864.0
1777703289.4578938,9460511,9460511.0
1777703322.4019644,9460974,9460974.0
1777703365.6419566,9461594,9461594.0
1777703423.4776466,9462420,9462420.0
1777703455.2094474,9462859,9462859.0
1777703490.7368133,9463367,9463367.0
1777703513.3367813,9463668,9463668.0
1777703547.928679,9464164,9464164.0
1777703587.8130586,9464728,9464728.0
1777703625.228611,9465249,9465249.0
1777703655.7644172,9465678,9465678.0
1777703679.9204447,9466013,9466013.0
1777703720.0401964,9466581,9466581.0
1777703757.0878124,9467109,9467109.0
1777703777.4158714,9467387,9467387.0
1777703814.5235007,9467917,9467917.0
1777703855.9914734,9468505,9468505.0
1777703896.4988868,9469075,9469075.0
1777703954.3827302,9469900,9469900.0
1777703986.314817,9470347,9470347.0
1777704047.042546,9471208,9471208.0
1777704078.4819133,9471655,9471655.0
1777704117.785803,9472214,9472214.0
1777704166.3619995,9472901,9472901.0
1777704198.817685,9473356,9473356.0
1777704214.4539385,9473573,9473573.0
1777704238.085811,9473896,9473896.0
1777704274.8852763,9474425,9474425.0
1777704304.3855312,9474834,9474834.0
1777704326.8133242,9475144,9475144.0
1777704351.1215777,9475477,9475477.0
1777704383.904928,9475941,9475941.0
1777704443.272951,9476793,9476793.0
1777704472.840725,9477211,9477211.0
1777704503.6807196,9477639,9477639.0
1777704534.8325138,9478078,9478078.0
1777704567.8000448,9478538,9478538.0
1777704593.84004,9478905,9478905.0
1777704631.5397031,9479438,9479438.0
1777704666.4918013,9479937,9479937.0
1777704717.743716,9480666,9480666.0
1777704755.9436252,9481212,9481212.0
1777704787.8195574,9481665,9481665.0
1777704812.9829612,9482014,9482014.0
1777704829.1267862,9482232,9482232.0
1777704877.4588485,9482921,9482921.0
1777704907.6027503,9483345,9483345.0
1777704949.034644,9483925,9483925.0
1777704982.054533,9484396,9484396.0
1777705015.422084,9484860,9484860.0
1777705059.1381073,9485482,9485482.0
1777705086.6621494,9485876,9485876.0
1777705141.5057616,9486658,9486658.0
1777705178.9574337,9487195,9487195.0
1777705214.0729868,9487677,9487677.0
1777705239.2330317,9488039,9488039.0
1777705272.9808605,9488499,9488499.0
1777705308.824779,9489008,9489008.0
1777705372.6647892,9489923,9489923.0
1777705415.2600262,9490529,9490529.0
1777705455.6518977,9491091,9491091.0
1777705487.683897,9491540,9491540.0
1777705537.228167,9492252,9492252.0
1777705572.203746,9492740,9492740.0
1777705605.2512577,9493201,9493201.0
1777705642.8353682,9493734,9493734.0
1777705672.126868,9494141,9494141.0
1777705690.3868432,9494403,9494403.0
1777705722.754993,9494848,9494848.0
1777705756.5470002,9495326,9495326.0
1777705805.8547957,9496029,9496029.0
1777705832.6463318,9496403,9496403.0
1777705870.5142713,9496942,9496942.0
1777705901.5662632,9497378,9497378.0
1777705931.0901089,9497789,9497789.0
1777705953.2138836,9498091,9498091.0
1777705976.3737152,9498411,9498411.0
1777706025.517675,9499111,9499111.0
1777706069.5174792,9499739,9499739.0
1777706094.0729067,9500082,9500082.0
1777706122.6647475,9500470,9500470.0
1777706157.4849417,9500963,9500963.0
1777706188.1528158,9501396,9501396.0
1777706219.444574,9501841,9501841.0
1777706287.59252,9502827,9502827.0
1777706334.7438576,9503487,9503487.0
1777706363.4524298,9503887,9503887.0
1777706409.2797086,9504547,9504547.0
1777706458.2275543,9505242,9505242.0
1777706495.2316694,9505767,9505767.0
1777706515.7035909,9506039,9506039.0
1777706555.6714416,9506610,9506610.0
1777706601.8708856,9507262,9507262.0
1777706630.875044,9507670,9507670.0
1777706667.2666943,9508190,9508190.0
1777706708.2307353,9508766,9508766.0
1777706733.1346421,9509110,9509110.0
1777706762.690772,9509521,9509521.0
1777706782.3338633,9509794,9509794.0
1777706825.9178405,9510415,9510415.0
1777706854.1179607,9510810,9510810.0
1777706886.2577853,9511262,9511262.0
1777706927.7339385,9511845,9511845.0
1777706950.6016176,9512169,9512169.0
1777706981.5174458,9512607,9512607.0
1777707001.7608829,9512889,9512889.0
1777707026.0370252,9513218,9513218.0
1777707071.6048555,9513876,9513876.0
1777707111.7445753,9514425,9514425.0
1777707151.8885274,9514997,9514997.0
1777707193.6204412,9515595,9515595.0
1777707228.271852,9516067,9516067.0
1777707247.5958335,9516345,9516345.0
1777707310.0397067,9517235,9517235.0
1777707326.7995574,9517462,9517462.0
1777707374.7635167,9518148,9518148.0
1777707400.7994971,9518511,9518511.0
1777707448.451143,9519187,9519187.0
1777707485.3990183,9519708,9519708.0
1777707545.9588027,9520573,9520573.0
1777707571.7026918,9520930,9520930.0
1777707613.7505116,9521524,9521524.0
1777707655.7018583,9522119,9522119.0
1777707690.1178832,9522602,9522602.0
1777707718.0777187,9522995,9522995.0
1777707748.909721,9523426,9523426.0
1777707778.885532,9523853,9523853.0
1777707812.169627,9524323,9524323.0
1777707851.1215777,9524879,9524879.0
1777707878.097095,9525252,9525252.0
1777707920.445047,9525844,9525844.0
1777707948.6967711,9526236,9526236.0
1777707971.5566747,9526567,9526567.0
1777707992.8484929,9526849,9526849.0
1777708037.924645,9527493,9527493.0
1777708086.8399386,9528197,9528197.0
1777708115.1840491,9528597,9528597.0
1777708138.5236492,9528918,9528918.0
1777708194.0518103,9529707,9529707.0
1777708227.2437127,9530181,9530181.0
1777708270.1197088,9530793,9530793.0
1777708308.8589036,9531348,9531348.0
1777708352.1189961,9531955,9531955.0
1777708392.9027886,9532541,9532541.0
1777708417.3427367,9532880,9532880.0
1777708447.7703714,9533294,9533294.0
1777708493.0944896,9533950,9533950.0
1777708526.6945126,9534414,9534414.0
1777708549.7144244,9534746,9534746.0
1777708578.545781,9535151,9535151.0
1777708606.8539567,9535551,9535551.0
1777708637.8219607,9535983,9535983.0
1777708689.905679,9536733,9536733.0
1777708718.241663,9537125,9537125.0
1777708776.696911,9537953,9537953.0
1777708826.9170597,9538667,9538667.0
1777708874.6488059,9539348,9539348.0
1777708921.624513,9540009,9540009.0
1777708948.3321571,9540385,9540385.0
1777708971.975847,9540717,9540717.0
1777709000.9078991,9541128,9541128.0
1777709028.4358964,9541510,9541510.0
1777709061.251754,9541974,9541974.0
1777709091.6439047,9542402,9542402.0
1777709138.395336,9543057,9543057.0
1777709174.726926,9543575,9543575.0
1777709210.2950757,9544079,9544079.0
1777709247.547117,9544599,9544599.0
1777709271.3028297,9544942,9544942.0
1777709318.5065784,9545607,9545607.0
1777709373.6142385,9546396,9546396.0
1777709407.1819339,9546877,9546877.0
1777709442.9140046,9547387,9547387.0
1777709484.049727,9547981,9547981.0
1777709518.949911,9548461,9548461.0
1777709550.6096013,9548909,9548909.0
1777709593.2414532,9549513,9549513.0
1777709621.0848439,9549905,9549905.0
1777709670.9930305,9550615,9550615.0
1777709692.1527696,9550916,9550916.0
1777709718.344496,9551280,9551280.0
1777709754.7925584,9551797,9551797.0
1777709786.2845018,9552240,9552240.0
1777709820.00459,9552711,9552711.0
1777709857.1204312,9553238,9553238.0
1777709884.3959963,9553612,9553612.0
1777709921.7797158,9554147,9554147.0
1777709959.04773,9554678,9554678.0
1777709983.0712569,9555010,9555010.0
1777710016.7237692,9555480,9555480.0
1777710050.5070808,9555961,9555961.0
1777710085.3472593,9556452,9556452.0
1777710131.6547823,9557120,9557120.0
1777710162.6669526,9557550,9557550.0
1777710181.2746155,9557801,9557801.0
1777710234.334686,9558560,9558560.0
1777710256.1907456,9558863,9558863.0
1777710289.818766,9559338,9559338.0
1777710327.218811,9559877,9559877.0
1777710375.6584299,9560564,9560564.0
1777710421.89464,9561211,9561211.0
1777710444.886313,9561544,9561544.0
1777710492.737771,9562224,9562224.0
1777710540.9936786,9562908,9562908.0
1777710576.230052,9563411,9563411.0
1777710612.5056515,9563920,9563920.0
1777710637.8893814,9564277,9564277.0
1777710673.345454,9564779,9564779.0
1777710721.8213406,9565467,9565467.0
1777710771.604853,9566183,9566183.0
1777710807.1253712,9566680,9566680.0
1777710842.7246773,9567182,9567182.0
1777710891.1246517,9567879,9567879.0
1777710919.7688172,9568288,9568288.0
1777710951.2686644,9568728,9568728.0
1777710991.0847256,9569289,9569289.0
1777711022.836204,9569730,9569730.0
1777711057.6922848,9570229,9570229.0
1777711087.47582,9570643,9570643.0
1777711114.8359327,9571029,9571029.0
1777711164.7117827,9571742,9571742.0
1777711187.7717507,9572062,9572062.0
1777711232.9716883,9572697,9572697.0
1777711269.2029922,9573211,9573211.0
1777711302.9789233,9573692,9573692.0
1777711333.9470084,9574124,9574124.0
1777711363.4549341,9574539,9574539.0
1777711398.0070918,9575029,9575029.0
1777711447.1987045,9575726,9575726.0
1777711481.7585895,9576214,9576214.0
1777711505.7826946,9576544,9576544.0
1777711540.6338398,9577036,9577036.0
1777711591.37406,9577757,9577757.0
1777711624.7938461,9578231,9578231.0
1777711644.7779837,9578518,9578518.0
1777711668.433845,9578837,9578837.0
1777711720.4936588,9579573,9579573.0
1777711755.377502,9580072,9580072.0
1777711778.721553,9580400,9580400.0
1777711809.3211436,9580832,9580832.0
1777711845.1446786,9581342,9581342.0
1777711879.0608022,9581821,9581821.0
1777711926.8046975,9582499,9582499.0
1777711954.7286174,9582896,9582896.0
1777711988.74048,9583369,9583369.0
1777712031.3239286,9583978,9583978.0
1777712064.739844,9584445,9584445.0
1777712097.240013,9584908,9584908.0
1777712130.7316628,9585379,9585379.0
1777712152.7079153,9585683,9585683.0
1777712187.3396683,9586168,9586168.0
1777712205.3156242,9586417,9586417.0
1777712242.6992917,9586951,9586951.0
1777712270.4908662,9587335,9587335.0
1777712304.2748177,9587810,9587810.0
1777712331.602963,9588187,9588187.0
1777712371.2027261,9588753,9588753.0
1777712413.2186096,9589340,9589340.0
1777712439.4539578,9589712,9589712.0
1777712479.1181436,9590277,9590277.0
1777712512.630274,9590755,9590755.0
1777712529.753993,9590985,9590985.0
1777712564.6537704,9591485,9591485.0
1777712601.8373418,9592008,9592008.0
1777712643.7369556,9592596,9592596.0
1777712680.3970225,9593112,9593112.0
1777712716.2650115,9593621,9593621.0
1777712760.2127721,9594255,9594255.0
1777712787.864616,9594634,9594634.0
1777712824.5486758,9595150,9595150.0
1777712872.6998656,9595838,9595838.0
1777712895.6238482,9596152,9596152.0
1777712944.652088,9596845,9596845.0
1777712973.8358228,9597263,9597263.0
1777713025.7515287,9598007,9598007.0
1777713054.97547,9598412,9598412.0
1777713077.5353518,9598720,9598720.0
1777713120.0513697,9599329,9599329.0
1777713158.8188252,9599873,9599873.0
1777713180.7951093,9600185,9600185.0
1777713216.7947588,9600689,9600689.0
1777713241.1024387,9601032,9601032.0
1777713270.838721,9601455,9601455.0
1777713314.5064585,9602063,9602063.0
1777713345.430349,9602499,9602499.0
1777713389.5220106,9603127,9603127.0
1777713403.1376657,9603307,9603307.0
1777713436.5057526,9603777,9603777.0
1777713462.0497813,9604133,9604133.0
1777713499.1338542,9604656,9604656.0
1777713533.1331484,9605133,9605133.0
1777713563.873492,9605559,9605559.0
1777713601.6411076,9606097,9606097.0
1777713650.5087612,9606782,9606782.0
1777713698.084737,9607454,9607454.0
1777713735.7843993,9607985,9607985.0
1777713775.3201077,9608548,9608548.0
1777713819.004236,9609169,9609169.0
1777713838.0960248,9609435,9609435.0
1777713890.0117326,9610170,9610170.0
1777713924.7796319,9610660,9610660.0
1777713942.919398,9610911,9610911.0
1777713969.411549,9611280,9611280.0
1777714007.17894,9611820,9611820.0
1777714040.2309365,9612283,9612283.0
1777714070.3229873,9612709,9612709.0
1777714112.6069849,9613310,9613310.0
1777714137.1467524,9613657,9613657.0
1777714182.5387542,9614298,9614298.0
1777714203.5980244,9614599,9614599.0
1777714244.7138302,9615170,9615170.0
1777714278.797687,9615649,9615649.0
1777714326.3819284,9616338,9616338.0
1777714367.16572,9616906,9616906.0
1777714389.6097443,9617215,9617215.0
1777714422.8777037,9617683,9617683.0
1777714485.3172636,9618582,9618582.0
1777714525.368854,9619161,9619161.0
1777714551.3769958,9619519,9619519.0
1777714586.81243,9620022,9620022.0
1777714615.9045722,9620425,9620425.0
1777714651.6887183,9620930,9620930.0
1777714685.4203792,9621407,9621407.0
1777714719.4961245,9621889,9621889.0
1777714761.7239234,9622479,9622479.0
1777714804.3157659,9623081,9623081.0
1777714826.731763,9623390,9623390.0
1777714887.3914967,9624254,9624254.0
1777714921.6675045,9624739,9624739.0
1777714969.0433211,9625409,9625409.0
1777714983.6748006,9625615,9625615.0
1777715018.3747897,9626102,9626102.0
1777715054.7109373,9626623,9626623.0
1777715084.4185998,9627035,9627035.0
1777715106.1744082,9627333,9627333.0
1777715144.0101933,9627870,9627870.0
1777715180.0098348,9628374,9628374.0
1777715205.118485,9628735,9628735.0
1777715260.5097516,9629526,9629526.0
1777715304.2777245,9630137,9630137.0
1777715339.3290875,9630632,9630632.0
1777715377.2454252,9631167,9631167.0
1777715413.0453365,9631676,9631676.0
1777715449.0126839,9632175,9632175.0
1777715481.2406495,9632621,9632621.0
1777715494.7127347,9632811,9632811.0
1777715518.9887512,9633148,9633148.0
1777715546.648466,9633529,9633529.0
1777715584.0005429,9634064,9634064.0
1777715637.2397804,9634816,9634816.0
1777715661.4481165,9635152,9635152.0
1777715688.40804,9635535,9635535.0
1777715722.7238343,9636014,9636014.0
1777715749.467736,9636392,9636392.0
1777715799.9920173,9637103,9637103.0
1777715845.1589444,9637741,9637741.0
1777715867.151248,9638048,9638048.0
1777715908.2348304,9638628,9638628.0
1777715949.6867933,9639211,9639211.0
1777715970.662828,9639499,9639499.0
1777716014.3786137,9640121,9640121.0
1777716048.6621358,9640608,9640608.0
1777716080.105848,9641055,9641055.0
1777716110.5547059,9641483,9641483.0
1777716149.353764,9642023,9642023.0
1777716176.1978428,9642403,9642403.0
1777716225.5218046,9643111,9643111.0
1777716259.6814878,9643601,9643601.0
1777716316.4417162,9644415,9644415.0
1777716343.4737365,9644795,9644795.0
1777716362.658512,9645048,9645048.0
1777716393.442747,9645479,9645479.0
1777716439.24307,9646139,9646139.0
1777716486.2390099,9646803,9646803.0
1777716546.56379,9647669,9647669.0
1777716571.208323,9648004,9648004.0
1777716603.5319011,9648458,9648458.0
1777716641.2166731,9648995,9648995.0
1777716668.8165612,9649384,9649384.0
1777716696.7406816,9649768,9649768.0
1777716714.852808,9650014,9650014.0
1777716737.445261,9650341,9650341.0
1777716771.561173,9650824,9650824.0
1777716811.22887,9651376,9651376.0
1777716852.061407,9651961,9651961.0
1777716895.8618407,9652582,9652582.0
1777716937.9457207,9653178,9653178.0
1777716967.38977,9653591,9653591.0
1777717011.1897278,9654221,9654221.0
1777717047.3577733,9654719,9654719.0
1777717087.257528,9655281,9655281.0
1777717121.8578067,9655775,9655775.0
1777717152.0338402,9656195,9656195.0
1777717187.7498014,9656707,9656707.0
1777717228.861672,9657281,9657281.0
1777717246.9940522,9657541,9657541.0
1777717285.1097038,9658079,9658079.0
1777717329.3139977,9658707,9658707.0
1777717363.5618432,9659186,9659186.0
1777717391.905748,9659589,9659589.0
1777717425.3899002,9660061,9660061.0
1777717462.438058,9660588,9660588.0
1777717486.2137809,9660913,9660913.0
1777717530.4057653,9661544,9661544.0
1777717543.1057792,9661714,9661714.0
1777717574.9178386,9662158,9662158.0
1777717600.8498712,9662523,9662523.0
1777717629.1576288,9662919,9662919.0
1777717668.5778162,9663489,9663489.0
1777717698.9176152,9663912,9663912.0
1777717748.0254235,9664606,9664606.0
1777717790.8617663,9665224,9665224.0
1777717815.353624,9665558,9665558.0
1777717831.713115,9665780,9665780.0
1777717845.1857276,9665965,9665965.0
1777717878.6975856,9666438,9666438.0
1777717919.545273,9667012,9667012.0
1777717965.337529,9667668,9667668.0
1777718030.8652442,9668610,9668610.0
1777718062.5893989,9669057,9669057.0
1777718093.8248873,9669496,9669496.0
1777718137.0087647,9670109,9670109.0
1777718171.177052,9670591,9670591.0
1777718204.016793,9671056,9671056.0
1777718245.3007581,9671640,9671640.0
1777718276.4686651,9672077,9672077.0
1777718307.2368138,9672514,9672514.0
1777718337.6607401,9672946,9672946.0
1777718367.8440857,9673361,9673361.0
1777718404.3277788,9673865,9673865.0
1777718436.7356246,9674319,9674319.0
1777718492.3630297,9675111,9675111.0
1777718528.9547412,9675633,9675633.0
1777718573.11385,9676262,9676262.0
1777718591.8541253,9676513,9676513.0
1777718634.5698206,9677118,9677118.0
1777718666.9611356,9677582,9677582.0
1777718691.2448697,9677917,9677917.0
1777718725.272973,9678405,9678405.0
1777718751.0888503,9678757,9678757.0
1777718771.0327125,9679031,9679031.0
1777718790.512315,9679307,9679307.0
1777718831.5961359,9679880,9679880.0
1777718855.964486,9680214,9680214.0
1777718900.5157435,9680854,9680854.0
1777718929.2754686,9681260,9681260.0
1777718970.939637,9681851,9681851.0
1777719011.0070825,9682413,9682413.0
1777719025.6147404,9682614,9682614.0
1777719054.7270644,9683021,9683021.0
1777719083.2747948,9683419,9683419.0
1777719110.0186791,9683790,9683790.0
1777719159.3103247,9684486,9684486.0
1777719192.2498481,9684956,9684956.0
1777719249.7776082,9685773,9685773.0
1777719278.0937762,9686170,9686170.0
1777719323.6775093,9686823,9686823.0
1777719370.6293223,9687486,9687486.0
1777719387.9890554,9687731,9687731.0
1777719427.9727914,9688286,9688286.0
1777719469.2367346,9688874,9688874.0
1777719509.5405078,9689444,9689444.0
1777719533.7807972,9689785,9689785.0
1777719561.0724833,9690168,9690168.0
1777719591.9402738,9690604,9690604.0
1777719621.0999436,9691011,9691011.0
1777719657.9638796,9691536,9691536.0
1777719688.4478848,9691970,9691970.0
1777719702.6597319,9692155,9692155.0
1777719741.1837997,9692704,9692704.0
1777719768.4153898,9693082,9693082.0
1777719798.7590773,9693512,9693512.0
1777719854.9028063,9694308,9694308.0
1777719897.8870997,9694923,9694923.0
1777719926.9509838,9695336,9695336.0
1777719973.6027129,9695989,9695989.0
1777720008.3024998,9696483,9696483.0
1777720044.9782279,9697008,9697008.0
1777720080.3306286,9697514,9697514.0
1777720128.1063406,9698189,9698189.0
1777720181.4219234,9698946,9698946.0
1777720205.2657323,9699290,9699290.0
1777720234.6497736,9699701,9699701.0
1777720262.3414822,9700084,9700084.0
1777720290.8738346,9700486,9700486.0
1777720301.8654895,9700624,9700624.0
1777720337.309427,9701128,9701128.0
1777720391.5488327,9701904,9701904.0
1777720424.824774,9702365,9702365.0
1777720494.2437315,9703357,9703357.0
1777720519.0157764,9703701,9703701.0
1777720556.6997232,9704239,9704239.0
1777720586.711383,9704669,9704669.0
1777720629.0748491,9705268,9705268.0
1777720675.6346457,9705927,9705927.0
1777720709.5623162,9706402,9706402.0
1777720743.4938126,9706882,9706882.0
1777720771.30189,9707270,9707270.0
1777720811.1536012,9707842,9707842.0
1777720861.2294672,9708545,9708545.0
1777720895.968826,9709037,9709037.0
1777720926.7726946,9709470,9709470.0
1777720961.4367714,9709964,9709964.0
1777720980.6127262,9710227,9710227.0
1777721016.6718645,9710736,9710736.0
1777721056.1560032,9711295,9711295.0
1777721089.4557478,9711760,9711760.0
1777721107.9799454,9712026,9712026.0
1777721180.6992824,9713061,9713061.0
1777721213.6909976,9713519,9713519.0
1777721261.514895,9714209,9714209.0
1777721290.3908095,9714607,9714607.0
1777721332.2266736,9715189,9715189.0
1777721374.442378,9715791,9715791.0
1777721406.0098734,9716234,9716234.0
1777721430.9340577,9716582,9716582.0
1777721471.969832,9717159,9717159.0
1777721506.8377125,9717646,9717646.0
1777721543.8535948,9718163,9718163.0
1777721571.8128924,9718556,9718556.0
1777721600.968969,9718960,9718960.0
1777721650.1967804,9719668,9719668.0
1777721686.664705,9720175,9720175.0
1777721728.9285955,9720771,9720771.0
1777721772.6119208,9721393,9721393.0
1777721806.2036939,9721851,9721851.0
1777721851.399732,9722495,9722495.0
1777721883.0077202,9722944,9722944.0
1777721926.5837042,9723553,9723553.0
1777721968.4395423,9724157,9724157.0
1777722001.5069888,9724616,9724616.0
1777722024.1152103,9724925,9724925.0
1777722051.7347107,9725309,9725309.0
1777722075.7749221,9725641,9725641.0
1777722114.0748231,9726182,9726182.0
1777722140.1186862,9726547,9726547.0
1777722163.5585065,9726887,9726887.0
1777722198.6099553,9727371,9727371.0
1777722246.246759,9728050,9728050.0
1777722278.4776757,9728510,9728510.0
1777722310.2697828,9728953,9728953.0
1777722351.0978124,9729528,9729528.0
1777722395.8136442,9730166,9730166.0
1777722438.9130456,9730769,9730769.0
1777722478.580769,9731341,9731341.0
1777722521.1488736,9731952,9731952.0
1777722575.7327569,9732723,9732723.0
1777722623.0724015,9733398,9733398.0
1777722667.3405194,9734028,9734028.0
1777722698.1400337,9734460,9734460.0
1777722737.9677758,9735021,9735021.0
1777722761.5157194,9735356,9735356.0
1777722780.3760977,9735604,9735604.0
1777722802.851994,9735915,9735915.0
1777722846.803797,9736542,9736542.0
1777722881.3037708,9737035,9737035.0
1777722917.9112747,9737547,9737547.0
1777722955.7948253,9738080,9738080.0
1777722983.7469609,9738474,9738474.0
1777723008.4549284,9738831,9738831.0
1777723045.622925,9739343,9739343.0
1777723065.062831,9739613,9739613.0
1777723111.8787713,9740277,9740277.0
1777723144.0987954,9740733,9740733.0
1777723188.8139455,9741378,9741378.0
1777723233.9299815,9742008,9742008.0
1777723274.6656384,9742583,9742583.0
1777723304.741608,9743010,9743010.0
1777723346.2497003,9743604,9743604.0
1777723384.3334398,9744139,9744139.0
1777723420.1254065,9744640,9744640.0
1777723435.6494586,9744857,9744857.0
1777723479.284762,9745475,9745475.0
1777723506.6931999,9745857,9745857.0
1777723545.9286208,9746415,9746415.0
1777723573.092736,9746797,9746797.0
1777723606.4684792,9747264,9747264.0
1777723633.488237,9747643,9747643.0
1777723659.3283703,9748006,9748006.0
1777723692.5640178,9748472,9748472.0
1777723729.6040945,9748995,9748995.0
1777723759.6557875,9749415,9749415.0
1777723793.0237436,9749886,9749886.0
1777723834.2876945,9750462,9750462.0
1777723872.9556026,9751013,9751013.0
1777723908.5309877,9751521,9751521.0
1777723942.1667888,9751991,9751991.0
1777723970.290947,9752389,9752389.0
1777724015.01462,9753015,9753015.0
1777724061.898475,9753686,9753686.0
1777724105.9425,9754308,9754308.0
1777724121.794521,9754529,9754529.0
1777724158.0779853,9755044,9755044.0
1777724190.986087,9755509,9755509.0
1777724231.3858023,9756068,9756068.0
1777724262.1536202,9756496,9756496.0
1777724285.7777689,9756826,9756826.0
1777724318.7135882,9757293,9757293.0
1777724356.0053968,9757823,9757823.0
1777724391.8372524,9758327,9758327.0
1777724423.188884,9758769,9758769.0
1777724441.2128062,9759012,9759012.0
1777724477.8887665,9759531,9759531.0
1777724504.9883912,9759909,9759909.0
1777724535.3485932,9760335,9760335.0
1777724565.748572,9760765,9760765.0
1777724603.463938,9761302,9761302.0
1777724650.3637745,9761971,9761971.0
1777724679.031634,9762372,9762372.0
1777724696.4677365,9762620,9762620.0
1777724739.9313858,9763222,9763222.0
1777724775.9348743,9763734,9763734.0
1777724822.351069,9764398,9764398.0
1777724847.3826573,9764748,9764748.0
1777724875.5947647,9765144,9765144.0
1777724902.666506,9765524,9765524.0
1777724926.6507022,9765852,9765852.0
1777724964.4420323,9766392,9766392.0
1777725015.1379435,9767109,9767109.0
1777725046.4216182,9767546,9767546.0
1777725074.5297327,9767934,9767934.0
1777725087.469621,9768117,9768117.0
1777725131.8376088,9768743,9768743.0
1777725199.3449905,9769707,9769707.0
1777725245.9297976,9770374,9770374.0
1777725267.3727624,9770672,9770672.0
1777725297.5565143,9771101,9771101.0
1777725325.2487206,9771487,9771487.0
1777725356.9325988,9771933,9771933.0
1777725392.3318052,9772430,9772430.0
1777725420.5919626,9772822,9772822.0
1777725457.2243261,9773333,9773333.0
1777725478.1155498,9773624,9773624.0
1777725504.5236316,9773988,9773988.0
1777725513.2678096,9774108,9774108.0
1777725543.727531,9774538,9774538.0
1777725596.267549,9775279,9775279.0
1777725622.2748723,9775646,9775646.0
1777725657.5108147,9776137,9776137.0
1777725677.93476,9776412,9776412.0
1777725713.7547987,9776916,9776916.0
1777725751.8627133,9777462,9777462.0
1777725794.5386574,9778064,9778064.0
1777725824.3785987,9778488,9778488.0
1777725850.7382216,9778865,9778865.0
1777725896.1300266,9779501,9779501.0
1777725943.597873,9780172,9780172.0
1777725972.8378131,9780583,9780583.0
1777726000.8056092,9780987,9780987.0
1777726035.581191,9781462,9781462.0
1777726056.504925,9781760,9781760.0
1777726087.2254114,9782186,9782186.0
1777726127.292999,9782749,9782749.0
1777726158.9407876,9783191,9783191.0
1777726192.5004597,9783664,9783664.0
1777726219.1001995,9784035,9784035.0
1777726260.500497,9784627,9784627.0
1777726306.6843412,9785277,9785277.0
1777726351.7518644,9785921,9785921.0
1777726391.2515204,9786486,9786486.0
1777726405.511456,9786669,9786669.0
1777726441.8197176,9787178,9787178.0
1777726494.7272205,9787930,9787930.0
1777726527.1635118,9788386,9788386.0
1777726568.362702,9788975,9788975.0
1777726602.1707652,9789450,9789450.0
1777726626.8383832,9789786,9789786.0
1777726675.0059965,9790471,9790471.0
1777726709.9902515,9790967,9790967.0
1777726738.8657818,9791372,9791372.0
1777726770.697501,9791823,9791823.0
1777726804.5891845,9792297,9792297.0
1777726847.8807635,9792911,9792911.0
1777726884.2926056,9793425,9793425.0
1777726920.3925867,9793939,9793939.0
1777726936.7845256,9794157,9794157.0
1777726970.5678484,9794627,9794627.0
1777726995.8917542,9794983,9794983.0
1777727044.8917224,9795685,9795685.0
1777727086.8115647,9796269,9796269.0
1777727120.858966,9796749,9796749.0
1777727153.7594073,9797211,9797211.0
1777727189.2507086,9797719,9797719.0
1777727231.1188583,9798312,9798312.0
1777727265.8183687,9798796,9798796.0
1777727317.0458708,9799533,9799533.0
1777727359.1300848,9800121,9800121.0
1777727396.2976625,9800653,9800653.0
1777727424.5376656,9801051,9801051.0
1777727460.4734693,9801565,9801565.0
1777727514.4329395,9802336,9802336.0
1777727543.9567857,9802749,9802749.0
1777727571.2647283,9803132,9803132.0
1777727613.0487695,9803727,9803727.0
1777727645.3643305,9804187,9804187.0
1777727669.6558735,9804524,9804524.0
1777727717.584017,9805203,9805203.0
1777727747.8916805,9805630,9805630.0
1777727773.0156374,9805994,9805994.0
1777727812.4437442,9806542,9806542.0
1777727840.403666,9806935,9806935.0
1777727863.0110018,9807249,9807249.0
1777727906.6431427,9807868,9807868.0
1777727939.7627075,9808329,9808329.0
1777727983.410805,9808954,9808954.0
1777728023.06275,9809506,9809506.0
1777728066.1303403,9810117,9810117.0
1777728116.3977828,9810837,9810837.0
1777728144.1816866,9811225,9811225.0
1777728164.7217615,9811521,9811521.0
1777728200.8457441,9812019,9812019.0
1777728227.0655222,9812396,9812396.0
1777728264.1329603,9812904,9812904.0
1777728303.988828,9813471,9813471.0
1777728330.3407826,9813833,9813833.0
1777728365.8928077,9814340,9814340.0
1777728395.7846434,9814757,9814757.0
1777728435.4324565,9815326,9815326.0
1777728459.9238334,9815660,9815660.0
1777728506.6163802,9816316,9816316.0
1777728528.927728,9816637,9816637.0
1777728570.4117641,9817213,9817213.0
1777728618.1596081,9817904,9817904.0
1777728640.451684,9818211,9818211.0
1777728665.627378,9818566,9818566.0
1777728710.37086,9819208,9819208.0
1777728749.6388502,9819759,9819759.0
1777728780.4309478,9820196,9820196.0
1777728814.9787257,9820681,9820681.0
1777728840.1228027,9821032,9821032.0
1777728881.5906491,9821614,9821614.0
1777728930.8745914,9822313,9822313.0
1777728962.4899733,9822757,9822757.0
1777729032.5258048,9823764,9823764.0
1777729053.6980147,9824055,9824055.0
1777729079.3743756,9824409,9824409.0
1777729098.5497239,9824682,9824682.0
1777729119.593786,9824973,9824973.0
1777729145.9017248,9825330,9825330.0
1777729170.5015967,9825676,9825676.0
1777729197.8617582,9826072,9826072.0
1777729237.2093606,9826615,9826615.0
1777729272.1371126,9827107,9827107.0
1777729303.600934,9827551,9827551.0
1777729345.3687587,9828146,9828146.0
1777729381.5888147,9828655,9828655.0
1777729432.904281,9829388,9829388.0
1777729479.6125803,9830046,9830046.0
1777729506.9718754,9830429,9830429.0
1777729541.8399248,9830917,9830917.0
1777729588.1076245,9831582,9831582.0
1777729625.5918546,9832100,9832100.0
1777729661.8395803,9832617,9832617.0
1777729694.6834445,9833081,9833081.0
1777729724.0827386,9833499,9833499.0
1777729737.4151764,9833680,9833680.0
1777729777.3827362,9834235,9834235.0
1777729808.7987554,9834678,9834678.0
1777729846.5666518,9835219,9835219.0
1777729899.9347076,9835980,9835980.0
1777729931.117888,9836412,9836412.0
1777729971.8177912,9836996,9836996.0
1777729999.8257213,9837389,9837389.0
1777730037.5617745,9837922,9837922.0
1777730069.877772,9838378,9838378.0
1777730105.3455076,9838871,9838871.0
1777730137.8528204,9839324,9839324.0
1777730164.9446793,9839707,9839707.0
1777730198.480833,9840173,9840173.0
1777730242.5646422,9840809,9840809.0
1777730279.4326458,9841332,9841332.0
1777730312.7165253,9841800,9841800.0
1777730346.1559138,9842262,9842262.0
1777730378.0717862,9842711,9842711.0
1777730417.3759434,9843263,9843263.0
1777730446.1395023,9843664,9843664.0
1777730484.9994335,9844222,9844222.0
1777730520.3994756,9844723,9844723.0
1777730550.4833882,9845149,9845149.0
1777730586.1507916,9845645,9845645.0
1777730627.159053,9846227,9846227.0
1777730653.2788844,9846585,9846585.0
1777730681.5026004,9846984,9846984.0
1777730726.7700772,9847635,9847635.0
1777730768.0298057,9848213,9848213.0
1777730797.9376469,9848629,9848629.0
1777730831.544801,9849097,9849097.0
1777730882.0048344,9849823,9849823.0
1777730925.3885825,9850428,9850428.0
1777730957.9881861,9850891,9850891.0
1777731014.4878035,9851692,9851692.0
1777731044.5556,9852113,9852113.0
1777731073.5633147,9852524,9852524.0
1777731103.3788664,9852941,9852941.0
1777731143.182828,9853503,9853503.0
1777731180.0823581,9854025,9854025.0
1777731221.766532,9854612,9854612.0
1777731245.2217243,9854944,9854944.0
1777731269.2984004,9855278,9855278.0
1777731302.4338214,9855746,9855746.0
1777731337.7416477,9856249,9856249.0
1777731367.509393,9856667,9856667.0
1777731404.524821,9857179,9857179.0
1777731443.7607358,9857737,9857737.0
1777731473.5167532,9858154,9858154.0
1777731507.9685621,9858637,9858637.0
1777731534.627976,9859007,9859007.0
1777731589.719757,9859791,9859791.0
1777731615.3516543,9860148,9860148.0
1777731638.5196652,9860472,9860472.0
1777731675.135382,9860984,9860984.0
1777731713.4028165,9861524,9861524.0
1777731741.6106548,9861921,9861921.0
1777731782.8788397,9862506,9862506.0
1777731800.9228752,9862750,9862750.0
1777731814.0623903,9862936,9862936.0
1777731837.6542687,9863255,9863255.0
1777731873.5538485,9863768,9863768.0
1777731908.8737833,9864269,9864269.0
1777731939.3457725,9864702,9864702.0
1777731966.2577367,9865070,9865070.0
1777731993.8056767,9865459,9865459.0
1777732056.864828,9866363,9866363.0
1777732094.4170864,9866875,9866875.0
1777732133.6851995,9867439,9867439.0
1777732154.056714,9867713,9867713.0
1777732195.7245097,9868312,9868312.0
1777732238.4601943,9868921,9868921.0
1777732266.467658,9869312,9869312.0
1777732301.099713,9869797,9869797.0
1777732322.6917348,9870096,9870096.0
1777732347.5357747,9870436,9870436.0
1777732390.3872721,9871050,9871050.0
1777732434.1428068,9871660,9871660.0
1777732461.0867848,9872036,9872036.0
1777732487.6266253,9872401,9872401.0
1777732520.3788316,9872863,9872863.0
1777732550.1305306,9873278,9873278.0
1777732597.8624592,9873967,9873967.0
1777732650.3464127,9874712,9874712.0
1777732686.2455575,9875217,9875217.0
1777732707.3377712,9875503,9875503.0
1777732736.7416983,9875919,9875919.0
1777732768.0657294,9876353,9876353.0
1777732808.5655773,9876932,9876932.0
1777732835.109697,9877303,9877303.0
1777732869.8255231,9877800,9877800.0
1777732914.857446,9878432,9878432.0
1777732954.4615126,9878991,9878991.0
1777732987.5769894,9879458,9879458.0
1777733012.5692325,9879805,9879805.0
1777733044.053314,9880250,9880250.0
1777733073.7768517,9880671,9880671.0
1777733097.3370245,9880992,9880992.0
1777733121.3370423,9881327,9881327.0
1777733159.2127802,9881861,9881861.0
1777733185.6806881,9882230,9882230.0
1777733218.9205458,9882704,9882704.0
1777733258.556502,9883269,9883269.0
1777733291.788503,9883741,9883741.0
1777733342.1401608,9884458,9884458.0
1777733375.3563688,9884930,9884930.0
1777733411.6079762,9885449,9885449.0
1777733467.6677127,9886250,9886250.0
1777733498.6077917,9886686,9886686.0
1777733542.4916842,9887304,9887304.0
1777733578.4274695,9887809,9887809.0
1777733607.1949914,9888217,9888217.0
1777733649.7589934,9888821,9888821.0
1777733679.8867552,9889246,9889246.0
1777733710.4029706,9889664,9889664.0
1777733731.494638,9889954,9889954.0
1777733754.9023407,9890280,9890280.0
1777733803.0225894,9890967,9890967.0
1777733828.3303034,9891314,9891314.0
1777733890.1141014,9892198,9892198.0
1777733929.221805,9892744,9892744.0
1777733952.673749,9893084,9893084.0
1777733979.0298064,9893441,9893441.0
1777734009.8054492,9893881,9893881.0
1777734048.0414767,9894417,9894417.0
1777734082.1249306,9894888,9894888.0
1777734107.6329436,9895254,9895254.0
1777734137.2006972,9895670,9895670.0
1777734177.1486688,9896224,9896224.0
1777734205.2407913,9896621,9896621.0
1777734256.816426,9897362,9897362.0
1777734290.7680402,9897831,9897831.0
1777734332.8920507,9898426,9898426.0
1777734371.3277578,9898964,9898964.0
1777734413.8115568,9899561,9899561.0
1777734435.4353724,9899862,9899862.0
1777734470.587423,9900353,9900353.0
1777734502.038856,9900795,9900795.0
1777734528.4791243,9901175,9901175.0
1777734553.03912,9901509,9901509.0
1777734587.6228008,9901999,9901999.0
1777734635.2705777,9902670,9902670.0
1777734677.1544178,9903268,9903268.0
1777734724.5503287,9903921,9903921.0
1777734769.3499455,9904559,9904559.0
1777734812.6665845,9905161,9905161.0
1777734852.2667024,9905736,9905736.0
1777734901.3024569,9906423,9906423.0
1777734928.8023205,9906810,9906810.0
1777734966.6345835,9907345,9907345.0
1777734985.2106607,9907602,9907602.0
1777735028.1307557,9908214,9908214.0
1777735086.5227895,9909038,9909038.0
1777735123.1988468,9909560,9909560.0
1777735143.8146107,9909841,9909841.0
1777735161.346358,9910089,9910089.0
1777735203.0743968,9910673,9910673.0
1777735242.88248,9911244,9911244.0
1777735274.4506466,9911680,9911680.0
1777735298.9266243,9912023,9912023.0
1777735339.5582623,9912594,9912594.0
1777735391.286367,9913325,9913325.0
1777735424.3778896,9913795,9913795.0
1777735469.5699856,9914430,9914430.0
1777735493.525766,9914773,9914773.0
1777735521.7379458,9915163,9915163.0
1777735548.5459146,9915541,9915541.0
1777735589.3698745,9916108,9916108.0
1777735626.2617426,9916632,9916632.0
1777735651.7133973,9916985,9916985.0
1777735691.3815835,9917547,9917547.0
1777735734.481367,9918163,9918163.0
1777735775.0653017,9918733,9918733.0
1777735806.640882,9919178,9919178.0
1777735832.7089357,9919543,9919543.0
1777735850.508876,9919789,9919789.0
1777735881.8410957,9920234,9920234.0
1777735909.2492864,9920614,9920614.0
1777735942.7327433,9921089,9921089.0
1777735995.1926975,9921836,9921836.0
1777736043.6287096,9922525,9922525.0
1777736083.1438277,9923088,9923088.0
1777736126.5439763,9923704,9923704.0
1777736153.303793,9924083,9924083.0
1777736183.3198392,9924504,9924504.0
1777736218.1717355,9924997,9924997.0
1777736264.903774,9925657,9925657.0
1777736289.5477731,9925997,9925997.0
1777736337.8796027,9926687,9926687.0
1777736377.471363,9927230,9927230.0
1777736395.0069234,9927478,9927478.0
1777736443.366852,9928160,9928160.0
1777736480.282727,9928690,9928690.0
1777736514.0225823,9929162,9929162.0
1777736548.2585719,9929653,9929653.0
1777736590.990716,9930247,9930247.0
1777736634.7425725,9930871,9930871.0
1777736661.2865858,9931243,9931243.0
1777736689.2020192,9931637,9931637.0
1777736713.777777,9931968,9931968.0
1777736758.9619486,9932616,9932616.0
1777736796.1777976,9933132,9933132.0
1777736813.3216503,9933372,9933372.0
1777736847.4373457,9933852,9933852.0
1777736887.6368353,9934417,9934417.0
1777736906.6809888,9934681,9934681.0
1777736960.5283833,9935452,9935452.0
1777736983.7886474,9935773,9935773.0
1777737036.9318497,9936517,9936517.0
1777737064.703997,9936907,9936907.0
1777737098.5558774,9937379,9937379.0
1777737134.1397295,9937889,9937889.0
1777737166.1995356,9938335,9938335.0
1777737206.1668992,9938904,9938904.0
1777737233.1988642,9939275,9939275.0
1777737267.69093,9939764,9939764.0
1777737318.1185076,9940479,9940479.0
1777737354.3025572,9940991,9940991.0
1777737413.910422,9941851,9941851.0
1777737438.0342212,9942177,9942177.0
1777737472.2180126,9942659,9942659.0
1777737519.937725,9943333,9943333.0
1777737552.3293424,9943787,9943787.0
1777737581.093486,9944192,9944192.0
1777737623.977259,9944803,9944803.0
1777737658.01275,9945287,9945287.0
1777737699.8807302,9945876,9945876.0
1777737722.4886954,9946193,9946193.0
1777737742.1808414,9946469,9946469.0
1777737777.5968373,9946973,9946973.0
1777737801.8564713,9947310,9947310.0
1777737845.9238567,9947928,9947928.0
1777737878.3237445,9948385,9948385.0
1777737922.255771,9949014,9949014.0
1777737954.4677966,9949469,9949469.0
1777737983.2514842,9949877,9949877.0
1777738013.4755118,9950302,9950302.0
1777738046.2069042,9950766,9950766.0
1777738089.8589633,9951376,9951376.0
1777738116.6346478,9951744,9951744.0
1777738158.3666153,9952337,9952337.0
1777738208.278533,9953048,9953048.0
1777738252.1266809,9953675,9953675.0
1777738277.5020022,9954025,9954025.0
1777738299.870296,9954337,9954337.0
1777738337.8140042,9954871,9954871.0
1777738364.8136325,9955252,9955252.0
1777738396.2058535,9955694,9955694.0
1777738427.7216396,9956133,9956133.0
1777738470.7730353,9956743,9956743.0
1777738493.3969605,9957056,9957056.0
1777738542.964777,9957759,9957759.0
1777738574.5970352,9958200,9958200.0
1777738606.280948,9958648,9958648.0
1777738641.6728456,9959152,9959152.0
1777738664.0926924,9959460,9959460.0
1777738693.6006582,9959877,9959877.0
1777738716.440516,9960197,9960197.0
1777738739.2159822,9960515,9960515.0
1777738787.9598887,9961206,9961206.0
1777738814.8521721,9961574,9961574.0
1777738861.7357347,9962246,9962246.0
1777738903.6356575,9962836,9962836.0
1777738942.9357765,9963395,9963395.0
1777738977.7871852,9963889,9963889.0
1777739003.5794609,9964241,9964241.0
1777739033.6309257,9964668,9964668.0
1777739078.9786952,9965305,9965305.0
1777739106.9549088,9965701,9965701.0
1777739176.0746558,9966673,9966673.0
1777739209.1665554,9967140,9967140.0
1777739233.9662828,9967484,9967484.0
1777739265.6345084,9967927,9967927.0
1777739314.0663595,9968620,9968620.0
1777739346.8101776,9969083,9969083.0
1777739395.5017948,9969769,9969769.0
1777739446.2696958,9970491,9970491.0
1777739485.5015252,9971049,9971049.0
1777739515.6453753,9971469,9971469.0
1777739551.8454654,9971981,9971981.0
1777739584.7767286,9972438,9972438.0
1777739630.1209266,9973077,9973077.0
1777739663.480711,9973548,9973548.0
1777739687.0047905,9973874,9973874.0
1777739716.4206603,9974283,9974283.0
1777739747.112472,9974718,9974718.0
1777739768.9559617,9975026,9975026.0
1777739802.9238436,9975509,9975509.0
1777739827.7958786,9975851,9975851.0
1777739870.6485457,9976456,9976456.0
1777739905.2835908,9976937,9976937.0
1777739943.9996507,9977495,9977495.0
1777739980.4238014,9978007,9978007.0
1777740002.1754558,9978311,9978311.0
1777740053.5593252,9979030,9979030.0
1777740092.8590012,9979584,9979584.0
1777740145.5186536,9980338,9980338.0
1777740181.9427812,9980850,9980850.0
1777740223.6626618,9981442,9981442.0
1777740259.078549,9981945,9981945.0
1777740316.6380692,9982757,9982757.0
1777740351.0859756,9983241,9983241.0
1777740387.205673,9983749,9983749.0
1777740421.6897187,9984236,9984236.0
1777740459.3137429,9984771,9984771.0
1777740484.2575588,9985115,9985115.0
1777740526.7577457,9985727,9985727.0
1777740573.0648198,9986377,9986377.0
1777740587.4327464,9986575,9986575.0
1777740611.6009796,9986900,9986900.0
1777740634.0087593,9987207,9987207.0
1777740663.7327735,9987629,9987629.0
1777740707.748774,9988252,9988252.0
1777740757.524069,9988957,9988957.0
1777740785.1523292,9989343,9989343.0
1777740824.4838998,9989900,9989900.0
1777740852.035937,9990289,9990289.0
1777740896.3196073,9990911,9990911.0
1777740941.4514084,9991554,9991554.0
1777740976.5865448,9992053,9992053.0
1777741000.494766,9992383,9992383.0
1777741051.3297772,9993106,9993106.0
1777741098.1216207,9993773,9993773.0
1777741152.8689992,9994544,9994544.0
1777741186.7528203,9995024,9995024.0
1777741239.4641278,9995768,9995768.0
1777741270.7039957,9996207,9996207.0
1777741305.7557914,9996704,9996704.0
1777741354.3074815,9997390,9997390.0
1777741379.571025,9997741,9997741.0
1777741425.1548471,9998385,9998385.0
1777741446.4987948,9998681,9998681.0
1777741487.9501574,9999265,9999265.0
1777741519.0740829,9999697,9999697.0
