Wall time,Step,Value
1781071073.542126,301,683.0
1781071073.6392016,464,745.5
1781071073.7188892,607,840.3333129882812
1781071073.773632,697,759.0
1781071073.8479557,833,759.0
1781071073.9195428,953,746.5999755859375
1781071074.0233676,1045,727.5
1781071074.0810754,1133,699.1428833007812
1781071074.1345375,1221,677.125
1781071074.2502284,1438,677.125
1781071074.3277173,1574,715.5555419921875
1781071074.4107435,1711,733.7999877929688
1781071074.4662452,1803,715.727294921875
1781071074.628793,2096,768.25
1781071074.6830208,2186,768.25
1781071074.8038845,2402,778.3846435546875
1781071074.8598433,2494,768.7857055664062
1781071074.9188383,2584,752.5333251953125
1781071074.9732935,2676,739.0625
1781071075.0285354,2768,739.0625
1781071075.0869224,2858,726.058837890625
1781071075.1979892,3042,725.1666870117188
1781071075.3609674,3333,755.9473876953125
1781071075.4702036,3522,773.5499877929688
1781071075.5223398,3614,773.5499877929688
1781071075.5852945,3706,761.2380981445312
1781071075.656342,3826,751.227294921875
1781071075.7190194,3918,746.3478393554688
1781071075.7839289,4010,737.4583129882812
1781071075.8412743,4100,737.4583129882812
1781071075.9881902,4340,728.6400146484375
1781071076.133996,4580,751.1153564453125
1781071076.2505271,4769,772.4815063476562
1781071076.3075097,4857,763.5
1781071076.3866441,4993,763.5
1781071076.4499087,5081,761.2413940429688
1781071076.5021508,5169,752.9666748046875
1781071076.5789526,5288,748.6451416015625
1781071076.6408675,5380,741.9375
1781071076.7172658,5519,741.9375
1781071076.7763646,5609,741.3636474609375
1781071076.8325393,5699,734.88232421875
1781071076.934027,5866,728.4857177734375
1781071076.99388,5956,731.0277709960938
1781071077.0462976,6048,731.0277709960938
1781071077.1450975,6213,725.4053955078125
1781071077.2031393,6303,727.8421020507812
1781071077.255501,6389,721.8461303710938
1781071077.3587408,6556,724.4500122070312
1781071077.4147334,6648,724.4500122070312
1781071077.5098526,6814,719.8780517578125
1781071077.56947,6904,722.4761962890625
1781071077.6296618,6994,717.7442016601562
1781071077.6879427,7084,713.1591186523438
1781071077.7573156,7201,713.1591186523438
1781071077.81766,7293,711.2666625976562
1781071077.8794968,7385,707.3043212890625
1781071077.9328365,7475,703.3616943359375
1781071078.0426016,7658,707.25
1781071078.1969018,7920,707.25
1781071078.2826934,8056,717.5918579101562
1781071078.3680983,8194,717.5800170898438
1781071078.4550586,8335,721.1961059570312
1781071078.513293,8425,717.6346435546875
1781071078.5634086,8515,717.6346435546875
1781071078.6232479,8605,713.6792602539062
1781071078.7525609,8816,713.6851806640625
1781071078.8723915,9032,724.4545288085938
1781071078.9739265,9196,725.875
1781071079.0564961,9332,725.875
1781071079.111822,9420,725.2982177734375
1781071079.2110012,9583,721.5516967773438
1781071079.3394363,9799,731.88134765625
1781071079.4330196,9965,733.25
1781071079.485825,10053,733.25
1781071079.5505743,10145,729.3934326171875
1781071079.6127324,10237,726.2096557617188
1781071079.7679915,10501,733.8095092773438
1781071079.8361254,10619,732.046875
1781071079.9203997,10756,732.046875
1781071079.9845996,10848,731.7077026367188
1781071080.0434961,10940,728.8333129882812
1781071080.1180053,11058,727.3582153320312
1781071080.1930232,11176,726.1617431640625
1781071080.2465312,11266,726.1617431640625
1781071080.3414505,11404,726.0724487304688
1781071080.4267414,11542,726.0428466796875
1781071080.4819627,11634,723.408447265625
1781071080.539188,11726,720.513916015625
1781071080.6136014,11862,720.513916015625
1781071080.6683629,11952,720.4657592773438
1781071080.722358,12040,717.45947265625
1781071080.7842271,12132,714.933349609375
1781071080.8559165,12250,713.9342041015625
1781071080.935589,12384,713.9342041015625
1781071080.989986,12476,713.8181762695312
1781071081.0729926,12617,711.3333129882812
1781071081.1298678,12707,711.240478515625
1781071081.2003927,12825,710.2999877929688
1781071081.290189,12990,710.2999877929688
1781071081.3627698,13108,711.5308837890625
1781071081.4330547,13228,711.98779296875
1781071081.5024953,13348,711.1566162109375
1781071081.5727289,13468,710.3214111328125
1781071081.6241653,13558,710.3214111328125
1781071081.6811569,13646,708.1647338867188
1781071081.802492,13859,705.7907104492188
1781071081.9059663,14044,711.4712524414062
1781071081.9795132,14164,712.6136474609375
1781071082.0354614,14256,712.6136474609375
1781071082.0951033,14348,710.539306640625
1781071082.151262,14440,708.4111328125
1781071082.26025,14626,710.7033081054688
1781071082.3907678,14861,715.021728515625
1781071082.4444911,14951,715.021728515625
1781071082.50259,15041,712.9140014648438
1781071082.560616,15131,710.8191528320312
1781071082.6141455,15221,708.810546875
1781071082.6692078,15313,706.8125
1781071082.742691,15449,706.8125
1781071082.8301105,15596,706.8350219726562
1781071082.8872857,15688,707.1326293945312
1781071082.9676402,15827,707.2626342773438
1781071083.0270863,15919,705.469970703125
1781071083.1422572,16107,705.469970703125
1781071083.2186043,16225,708.8499755859375
1781071083.2815502,16315,705.9299926757812
1781071083.3705766,16451,702.7899780273438
1781071083.433768,16541,702.9199829101562
1781071083.6310163,16879,702.9199829101562
1781071083.7704434,17112,715.5
1781071083.824673,17202,715.6099853515625
1781071083.9034038,17336,717.27001953125
1781071083.9632876,17428,717.2100219726562
1781071084.054712,17595,717.2100219726562
1781071084.238992,17907,717.1400146484375
1781071084.2945406,17999,720.2999877929688
1781071084.3488984,18089,720.1900024414062
1781071084.402908,18177,711.8300170898438
1781071084.4830341,18325,711.8300170898438
1781071084.5979455,18536,712.25
1781071084.6517243,18626,714.0700073242188
1781071084.72334,18746,715.1900024414062
1781071084.779759,18838,715.030029296875
1781071084.8828962,19031,715.030029296875
1781071084.9415593,19123,719.260009765625
1781071085.111244,19421,717.52001953125
1781071085.2154534,19608,721.5999755859375
1781071085.2719717,19700,715.739990234375
1781071085.322901,19790,715.739990234375
1781071085.4355845,19986,715.780029296875
1781071085.4920466,20076,719.719970703125
1781071085.5700693,20196,718.4199829101562
1781071085.6642125,20365,722.5900268554688
1781071085.7539694,20532,722.5900268554688
1781071085.8598473,20717,727.5499877929688
1781071085.980835,20932,721.5499877929688
1781071086.0671046,21073,720.3699951171875
1781071086.1227443,21163,720.3900146484375
1781071086.180412,21255,720.3900146484375
1781071086.2917018,21442,718.780029296875
1781071086.3494208,21528,722.4500122070312
1781071086.4397326,21666,721.4199829101562
1781071085.6278887,21756,723.27001953125
1781071085.6863353,21848,723.27001953125
1781071085.8101707,22042,721.239990234375
1781071085.8687708,22134,725.530029296875
1781071085.9752614,22321,729.4199829101562
1781071086.0736802,22486,729.3599853515625
1781071086.1395864,22604,729.3599853515625
1781071086.200815,22694,730.3099975585938
1781071086.2623405,22784,727.260009765625
1781071086.326944,22876,727.530029296875
1781071086.396557,22966,724.4000244140625
1781071086.4972744,23131,724.4000244140625
1781071086.5990686,23295,727.25
1781071086.6884766,23435,729.1599731445312
1781071086.790504,23600,732.0999755859375
1781071086.8721397,23736,733.989990234375
1781071086.929044,23828,733.989990234375
1781071087.101148,24114,734.75
1781071087.1628807,24202,740.6099853515625
1781071087.2233925,24294,740.6300048828125
1781071087.2846732,24382,736.719970703125
1781071087.341108,24470,736.719970703125
1781071087.420675,24590,730.8499755859375
1781071087.4833055,24680,729.0
1781071087.5851707,24847,728.3800048828125
1781071087.667137,24981,729.9000244140625
1781071088.8797467,25071,729.9000244140625
1781071088.9700794,25234,733.0
1781071089.0865486,25427,733.8800048828125
1781071089.1488883,25519,727.1799926757812
1781071089.2136302,25611,724.3699951171875
1781071089.3067453,25778,724.3699951171875
1781071089.4085982,25951,729.0399780273438
1781071089.520657,26145,733.3800048828125
1781071089.5751219,26235,725.3400268554688
1781071089.6329565,26325,722.3800048828125
1781071089.730893,26490,722.3800048828125
1781071089.7920895,26582,725.6199951171875
1781071089.8790672,26718,727.239990234375
1781071089.953459,26836,721.4600219726562
1781071090.0176418,26926,720.4199829101562
1781071090.1222234,27111,720.4199829101562
1781071090.227542,27278,722.280029296875
1781071090.3664982,27496,730.0399780273438
1781071090.469665,27661,729.0700073242188
1781071090.6157944,27896,736.72998046875
1781071090.7222044,28084,736.72998046875
1781071090.7829006,28170,738.5399780273438
1781071090.9039876,28363,737.489990234375
1781071091.0143385,28550,744.1900024414062
1781071091.111938,28717,747.2999877929688
1781071091.2627318,28930,747.2999877929688
1781071091.4164636,29154,750.1500244140625
1781071091.5073965,29290,757.510009765625
1781071091.7045696,29604,766.2899780273438
1781071091.8542435,29837,770.8599853515625
1781071091.9145916,29927,770.8599853515625
1781071091.983527,30019,768.9199829101562
1781071092.065034,30137,769.010009765625
1781071092.1287115,30227,768.280029296875
1781071092.2156684,30365,769.2000122070312
1781071092.276444,30457,769.2000122070312
1781071092.3869562,30624,766.3300170898438
1781071092.45051,30716,767.0999755859375
1781071092.517618,30808,765.8699951171875
1781071092.683192,31070,771.5800170898438
1781071092.8567834,31383,771.5800170898438
1781071092.9122963,31473,780.3800048828125
1781071093.0126464,31634,780.4099731445312
1781071093.1717322,31906,783.77001953125
1781071093.2551665,32042,782.8200073242188
1781071093.3550594,32228,782.8200073242188
1781071093.4108255,32320,786.510009765625
1781071093.512247,32485,789.489990234375
1781071093.5959635,32621,787.3400268554688
1781071093.6900992,32786,784.469970703125
1781071093.786629,32951,784.469970703125
1781071093.8768597,33087,789.4400024414062
1781071094.012513,33323,793.4000244140625
1781071094.0855613,33441,795.4099731445312
1781071094.140338,33529,796.3599853515625
1781071094.1908956,33619,796.3599853515625
1781071094.3299756,33852,796.4099731445312
1781071094.3836782,33940,798.1199951171875
1781071094.4541807,34056,797.22998046875
1781071094.5713212,34251,801.4400024414062
1781071094.6637545,34419,801.4400024414062
1781071094.7220967,34511,799.6400146484375
1781071094.7787435,34603,799.77001953125
1781071094.90043,34819,800.8699951171875
1781071094.9635062,34907,802.75
1781071095.0136993,34997,802.75
1781071095.0851233,35115,788.5499877929688
1781071095.1427362,35207,788.5900268554688
1781071095.2412777,35374,786.9299926757812
1781071095.376278,35621,796.1799926757812
1781071095.481016,35807,796.1799926757812
1781071095.603509,36004,799.4199829101562
1781071095.6979146,36156,795.1199951171875
1781071095.751032,36246,795.2000122070312
1781071095.8269792,36366,796.3699951171875
1781071095.9167063,36530,796.3699951171875
1781071095.9738011,36622,795.1300048828125
1781071096.0282555,36712,791.969970703125
1781071096.0836558,36804,790.9099731445312
1781071096.1611533,36923,792.02001953125
1781071096.2356896,37058,792.02001953125
1781071096.3299997,37223,792.469970703125
1781071096.4026086,37343,792.47998046875
1781071096.4636536,37433,781.75
1781071096.5795953,37633,786.2000122070312
1781071096.6585028,37771,786.2000122070312
1781071096.785916,38002,788.1500244140625
1781071096.8705406,38151,789.5800170898438
1781071096.9262817,38241,791.8400268554688
1781071096.9858243,38331,787.510009765625
1781071097.037173,38423,787.510009765625
1781071097.131822,38588,782.8099975585938
1781071097.2029536,38704,785.0700073242188
1781071097.2565727,38794,778.2000122070312
1781071097.339927,38940,780.280029296875
1781071097.4377294,39105,780.280029296875
1781071097.4907315,39195,783.0
1781071097.5772004,39331,781.1199951171875
1781071097.661913,39469,781.2899780273438
1781071097.7726045,39657,784.9199829101562
1781071097.8458836,39775,784.9199829101562
1781071097.9068716,39867,786.0900268554688
1781071097.996206,40007,781.9199829101562
1781071098.0585172,40099,780.1900024414062
1781071098.2069087,40363,784.0900268554688
1781071098.3554919,40639,784.0900268554688
1781071098.4856575,40857,793.6400146484375
1781071098.5992417,41046,797.7899780273438
1781071098.6781185,41164,800.9500122070312
1781071098.7323167,41254,801.1699829101562
1781071098.7832503,41344,801.1699829101562
1781071098.8704343,41484,798.2999877929688
1781071098.9740806,41668,797.1799926757812
1781071099.0363834,41760,796.0900268554688
1781071099.094441,41848,794.1500244140625
1781071099.1506395,41940,794.1500244140625
1781071099.2539477,42105,792.280029296875
1781071099.3331351,42243,789.239990234375
1781071099.4388337,42414,794.280029296875
1781071099.5005388,42504,794.4199829101562
1781071099.5589986,42594,794.4199829101562
1781071099.6720622,42791,794.3699951171875
1781071099.7274525,42883,797.280029296875
1781071099.7860227,42975,794.27001953125
1781071099.843476,43067,792.5800170898438
1781071099.8951344,43157,792.5800170898438
1781071099.9784055,43295,789.719970703125
1781071100.0788524,43462,790.5599975585938
1781071100.1896563,43644,794.239990234375
1781071100.268536,43765,795.5599975585938
1781071100.4300616,44053,795.5599975585938
1781071100.4884405,44143,796.8900146484375
1781071100.5495594,44233,792.75
1781071100.6558762,44399,793.9600219726562
1781071100.7142606,44489,795.9199829101562
1781071100.7837555,44609,795.9199829101562
1781071100.8483918,44701,793.989990234375
1781071100.909671,44791,792.2899780273438
1781071101.021006,44978,795.030029296875
1781071101.14968,45213,800.97998046875
1781071101.2424357,45378,800.97998046875
1781071101.2984767,45468,800.239990234375
1781071101.4006958,45631,795.280029296875
1781071101.5015178,45797,798.2899780273438
1781071101.561103,45887,789.2999877929688
1781071101.6636012,46073,789.2999877929688
1781071101.7257283,46163,789.3400268554688
1781071101.78832,46253,788.2999877929688
1781071101.8956342,46438,785.280029296875
1781071101.952336,46528,782.27001953125
1781071102.0507843,46693,782.27001953125
1781071102.112643,46783,780.4199829101562
1781071102.1917224,46919,773.1599731445312
1781071102.2501762,47011,766.1599731445312
1781071102.310257,47103,760.4000244140625
1781071102.3654878,47195,760.4000244140625
1781071102.4741166,47382,760.4400024414062
1781071102.613145,47624,767.1300048828125
1781071102.6741054,47716,768.9600219726562
1781071102.7318268,47802,766.6300048828125
1781071102.7865257,47894,766.6300048828125
1781071102.8436034,47982,766.719970703125
1781071102.9068937,48070,763.3900146484375
1781071103.0128276,48253,767.0700073242188
1781071103.0912492,48389,762.0599975585938
1781071103.1416993,48479,762.0599975585938
1781071103.1970727,48567,753.0700073242188
1781071103.250581,48657,753.2000122070312
1781071103.304202,48747,742.9099731445312
1781071103.3574553,48835,740.8800048828125
1781071103.4315302,48972,740.8800048828125
1781071103.485322,49062,738.97998046875
1781071103.5790129,49227,738.9099731445312
1781071103.6350722,49317,737.030029296875
1781071103.6920671,49407,733.9299926757812
1781071103.8256176,49642,733.9299926757812
1781071103.9054828,49778,734.8300170898438
1781071103.9972212,49941,732.7000122070312
1781071104.5118542,50031,733.47998046875
1781071104.566952,50123,732.6599731445312
1781071104.620772,50215,732.6599731445312
1781071104.675516,50307,730.8900146484375
1781071104.7579918,50443,728.9000244140625
1781071104.8127584,50533,727.8599853515625
1781071104.8908908,50673,725.530029296875
1781071104.9839103,50838,725.530029296875
1781071105.042946,50930,725.25
1781071105.102013,51022,725.2100219726562
1781071105.1626706,51110,722.1500244140625
1781071105.2188826,51202,720.3200073242188
1781071105.2687705,51292,720.3200073242188
1781071105.326124,51382,720.0900268554688
1781071105.3846707,51472,718.7100219726562
1781071105.5113232,51701,722.2999877929688
1781071105.6662714,51989,722.969970703125
1781071105.7249696,52081,722.969970703125
1781071105.8041177,52215,716.6500244140625
1781071105.9150155,52404,713.9000244140625
1781071105.9730015,52496,718.0499877929688
1781071106.084971,52690,721.25
1781071106.1421041,52782,721.25
1781071106.2175696,52916,718.4000244140625
1781071106.3238735,53107,724.3599853515625
1781071106.378815,53199,724.219970703125
1781071106.432772,53291,723.1699829101562
1781071106.5717413,53555,723.1699829101562
1781071106.6496851,53695,727.3099975585938
1781071106.7042987,53785,727.0999755859375
1781071106.8019915,53950,728.9099731445312
1781071106.856057,54038,724.3599853515625
1781071106.9306314,54176,724.3599853515625
1781071107.0107248,54319,726.4199829101562
1781071107.0882444,54455,722.6900024414062
1781071107.1420937,54545,720.5
1781071107.259143,54761,725.489990234375
1781071107.4312732,55077,725.489990234375
1781071107.5267923,55246,734.3599853515625
1781071107.580406,55336,733.25
1781071107.635951,55428,733.22998046875
1781071107.7046328,55548,732.4500122070312
1781071107.7556522,55640,732.4500122070312
1781071107.8848917,55873,729.5700073242188
1781071107.939857,55963,733.510009765625
1781071107.9964485,56055,733.5900268554688
1781071108.0524497,56147,728.0800170898438
1781071108.1519666,56334,728.0800170898438
1781071108.2105765,56426,730.77001953125
1781071108.2827988,56549,732.0700073242188
1781071108.33615,56637,730.0
1781071108.39028,56727,723.0499877929688
1781071108.4433558,56819,723.0499877929688
1781071108.5000048,56909,712.4000244140625
1781071108.5757036,57029,709.4500122070312
1781071108.6301324,57119,706.3599853515625
1781071108.7568457,57352,712.0499877929688
1781071108.8210843,57472,712.0499877929688
1781071108.8761148,57564,712.97998046875
1781071108.9344552,57654,709.22998046875
1781071109.0125737,57789,709.1900024414062
1781071109.1347885,58004,714.1599731445312
1781071109.1898499,58094,714.1599731445312
1781071109.2602923,58212,715.25
1781071109.3193402,58304,712.4299926757812
1781071109.3780046,58396,707.47998046875
1781071109.4367645,58486,707.6799926757812
1781071109.4880133,58578,707.6799926757812
1781071109.6934047,58936,710.4400024414062
1781071109.8190613,59152,716.5499877929688
1781071109.8728464,59242,719.1799926757812
1781071109.9933972,59451,723.8300170898438
1781071110.0496945,59543,723.8300170898438
1781071110.1090257,59633,723.760009765625
1781071110.220931,59819,721.9600219726562
1781071110.2829957,59909,718.8800048828125
1781071110.399726,60107,721.8300170898438
1781071110.4774199,60246,721.8300170898438
1781071110.5553963,60366,716.0499877929688
1781071110.6275182,60486,718.3699951171875
1781071110.6863983,60576,717.0599975585938
1781071110.744028,60666,715.1199951171875
1781071110.8360257,60831,715.1199951171875
1781071110.9624815,61044,718.8300170898438
1781071111.0167212,61134,721.6500244140625
1781071111.1094086,61299,720.8599853515625
1781071111.1668139,61391,714.8800048828125
1781071111.222689,61481,714.8800048828125
1781071111.302752,61599,713.1500244140625
1781071111.415115,61794,711.4000244140625
1781071111.4717672,61884,711.3599853515625
1781071111.5287247,61972,711.3699951171875
1781071111.5854309,62060,711.3699951171875
1781071111.640996,62152,707.4000244140625
1781071111.79401,62432,713.1400146484375
1781071111.9021838,62619,714.989990234375
1781071111.9631588,62709,714.9000244140625
1781071112.0544763,62876,714.9000244140625
1781071112.1364994,63016,717.010009765625
1781071112.2251043,63163,717.0800170898438
1781071112.3766363,63428,723.3300170898438
1781071112.4436421,63546,725.52001953125
1781071112.5008178,63638,725.52001953125
1781071112.587259,63772,725.530029296875
1781071112.6442094,63864,720.52001953125
1781071112.7547495,64047,721.2899780273438
1781071112.813297,64135,721.3499755859375
1781071112.8935022,64272,721.3499755859375
1781071112.9657812,64390,723.0999755859375
1781071113.0260167,64482,724.5700073242188
1781071113.1202602,64647,720.969970703125
1781071113.300577,64966,731.239990234375
1781071113.3522234,65056,731.239990234375
1781071113.4069986,65148,731.280029296875
1781071113.491102,65294,732.47998046875
1781071113.551109,65386,733.780029296875
1781071113.6094825,65478,733.7999877929688
1781071113.6627412,65568,733.7999877929688
1781071113.72048,65658,731.8599853515625
1781071113.7838902,65750,728.9500122070312
1781071113.8452828,65838,729.0399780273438
1781071113.9272559,65974,731.0800170898438
1781071113.9861417,66066,731.0800170898438
1781071114.0480018,66156,725.1599731445312
1781071114.1088386,66248,723.4400024414062
1781071114.1650674,66338,720.5700073242188
1781071114.2492924,66477,722.3400268554688
1781071114.3544478,66661,722.3400268554688
1781071114.4147804,66753,725.7899780273438
1781071114.5030215,66889,725.6799926757812
1781071114.6066382,67054,728.6199951171875
1781071114.6660895,67144,726.5499877929688
1781071114.7306433,67260,726.5499877929688
1781071114.8088508,67380,724.6199951171875
1781071114.877448,67498,725.739990234375
1781071114.9510624,67619,728.010009765625
1781071115.0394332,67782,730.72998046875
1781071115.0929425,67872,730.72998046875
1781071115.1753817,68012,730.6900024414062
1781071115.2815938,68205,734.0800170898438
1781071115.3743398,68370,733.25
1781071115.4791937,68557,730.3400268554688
1781071115.5553439,68693,730.3400268554688
1781071115.6524537,68858,730.4000244140625
1781071115.7072496,68950,733.6900024414062
1781071115.8083556,69115,729.3400268554688
1781071115.914339,69304,732.1500244140625
1781071115.9784012,69422,732.1500244140625
1781071116.086493,69617,732.9600219726562
1781071116.1722898,69755,733.1799926757812
1781071116.22692,69847,733.4000244140625
1781071116.3057895,69982,735.010009765625
1781071116.3631678,70072,735.010009765625
1781071116.420794,70162,726.25
1781071116.4988344,70296,728.010009765625
1781071116.5524664,70388,724.97998046875
1781071116.6064572,70478,725.0700073242188
1781071116.6556962,70568,725.0700073242188
1781071116.7521029,70733,724.0900268554688
1781071116.8308249,70873,724.239990234375
1781071116.9353282,71058,728.0999755859375
1781071116.9892235,71148,723.260009765625
1781071117.0389683,71240,723.260009765625
1781071117.1146107,71374,714.0399780273438
1781071117.2335963,71587,717.75
1781071117.308664,71707,717.7899780273438
1781071117.3616712,71797,717.530029296875
1781071117.4254413,71915,717.530029296875
1781071117.4809294,72007,718.72998046875
1781071117.5838132,72192,716.8699951171875
1781071117.6454072,72284,716.5800170898438
1781071117.7015872,72374,716.5900268554688
1781071117.7558675,72462,716.5900268554688
1781071117.916524,72744,712.5399780273438
1781071117.9971561,72887,720.7999877929688
1781071118.1008983,73072,724.4600219726562
1781071117.3002381,73160,724.6599731445312
1781071117.3749325,73298,724.6599731445312
1781071117.4288123,73388,726.7999877929688
1781071117.4853456,73478,725.6799926757812
1781071117.5680163,73614,727.47998046875
1781071117.6200612,73704,721.7000122070312
1781071117.7098148,73869,721.7000122070312
1781071117.7771065,73989,723.4199829101562
1781071117.8750694,74156,724.489990234375
1781071117.9553962,74296,727.72998046875
1781071118.0384207,74432,724.780029296875
1781071118.0892348,74524,724.780029296875
1781071118.1600196,74644,724.9299926757812
1781071118.263002,74832,724.989990234375
1781071118.8190236,75019,732.6400146484375
1781071118.8746772,75111,732.7100219726562
1781071118.9558382,75252,732.7100219726562
1781071119.0273013,75372,732.219970703125
1781071119.1132357,75510,723.1900024414062
1781071119.2054706,75674,725.0499877929688
1781071119.2756214,75792,721.5399780273438
1781071119.3274956,75882,721.5399780273438
1781071119.3811429,75970,721.5499877929688
1781071119.4639726,76108,721.5999755859375
1781071119.5425804,76246,721.6799926757812
1781071119.617632,76378,719.0700073242188
1781071119.6701787,76470,719.0700073242188
1781071119.751612,76606,718.97998046875
1781071119.8498955,76770,717.5999755859375
1781071119.96281,76955,721.3800048828125
1781071120.0464342,77094,725.0399780273438
1781071120.143558,77262,725.0399780273438
1781071120.2459,77429,723.219970703125
1781071120.329432,77565,723.510009765625
1781071120.3883743,77657,722.4099731445312
1781071120.4684806,77796,724.4600219726562
1781071120.522975,77884,724.4600219726562
1781071120.580135,77974,722.9600219726562
1781071120.6650434,78111,723.6900024414062
1781071120.8034036,78347,724.5
1781071120.8899302,78482,728.1400146484375
1781071120.9467828,78574,728.1400146484375
1781071121.0077536,78664,728.4600219726562
1781071121.069733,78756,722.6599731445312
1781071121.1431723,78876,717.0499877929688
1781071121.1966367,78966,718.3300170898438
1781071121.2792494,79113,718.3300170898438
1781071121.337777,79205,715.4500122070312
1781071121.5086775,79511,719.1599731445312
1781071121.568908,79603,716.1900024414062
1781071121.6277473,79693,714.1500244140625
1781071121.6762242,79783,714.1500244140625
1781071121.7797234,79954,714.1400146484375
1781071121.833777,80042,715.52001953125
1781071121.8916833,80134,711.739990234375
1781071121.9500792,80224,712.0900268554688
1781071122.0062144,80316,712.0900268554688
1781071122.0748684,80434,710.22998046875
1781071122.2000792,80647,709.97998046875
1781071122.3428917,80891,721.0999755859375
1781071122.415049,81009,710.1599731445312
1781071122.482502,81129,710.1599731445312
1781071122.650252,81421,716.3599853515625
1781071122.7331188,81556,718.1900024414062
1781071122.7900336,81644,718.8699951171875
1781071122.851075,81734,718.9000244140625
1781071122.9084995,81826,718.9000244140625
1781071123.0944428,82155,719.0700073242188
1781071123.1553469,82245,728.5499877929688
1781071123.2149644,82335,728.6400146484375
1781071123.3291383,82528,730.989990234375
1781071123.4277976,82698,730.989990234375
1781071123.5283253,82863,734.3599853515625
1781071123.6393306,83047,739.1799926757812
1781071123.7415376,83211,743.97998046875
1781071123.8088036,83329,743.280029296875
1781071123.8613977,83419,743.280029296875
1781071123.9155586,83509,739.6199951171875
1781071124.0292559,83701,741.760009765625
1781071124.1593592,83926,743.1300048828125
1781071124.2152176,84018,744.5900268554688
1781071124.2838557,84136,744.5900268554688
1781071124.3433955,84228,744.5999755859375
1781071124.4562583,84419,746.4500122070312
1781071124.533955,84560,747.1500244140625
1781071124.5930736,84652,744.3099975585938
1781071124.6743782,84770,744.3099975585938
1781071124.7704458,84935,748.5700073242188
1781071124.828599,85021,745.1400146484375
1781071124.9447484,85207,746.0999755859375
1781071125.0070474,85297,739.1500244140625
1781071125.061849,85385,739.1500244140625
1781071125.122292,85477,737.239990234375
1781071125.1828525,85567,734.219970703125
1781071125.2561626,85688,735.4500122070312
1781071125.3128037,85780,728.5700073242188
1781071125.3695233,85872,728.5700073242188
1781071125.429478,85960,727.5999755859375
1781071125.532611,86128,721.5800170898438
1781071125.5939038,86218,724.5499877929688
1781071125.7247603,86463,729.0700073242188
1781071125.7889235,86581,729.0700073242188
1781071125.8443522,86673,730.0599975585938
1781071125.927629,86811,728.4199829101562
1781071126.0038147,86947,732.1599731445312
1781071126.05994,87039,732.1900024414062
1781071126.2202706,87352,732.1900024414062
1781071126.345584,87572,742.030029296875
1781071126.3995159,87664,741.2999877929688
1781071126.45473,87756,737.4400024414062
1781071126.5232615,87876,738.510009765625
1781071126.6158102,88040,738.510009765625
1781071126.6713896,88132,741.530029296875
1781071126.7718866,88314,736.6599731445312
1781071126.826487,88404,738.3599853515625
1781071126.904702,88540,739.25
1781071127.0312965,88775,739.25
1781071127.1115046,88916,743.9000244140625
1781071127.2098503,89081,742.1099853515625
1781071127.2675881,89171,745.239990234375
1781071127.3698366,89351,748.8400268554688
1781071127.4592402,89517,748.8400268554688
1781071127.6084921,89782,752.2100219726562
1781071127.6888819,89920,749.5
1781071127.7433472,90010,747.739990234375
1781071127.7995925,90102,747.6199951171875
1781071127.8513157,90194,747.6199951171875
1781071127.9068086,90286,745.72998046875
1781071127.9618347,90376,745.8099975585938
1781071128.0179837,90468,744.0800170898438
1781071128.1355302,90683,748.969970703125
1781071128.1859672,90775,748.969970703125
1781071128.2955153,90960,746.2999877929688
1781071128.4154463,91149,752.75
1781071128.472358,91241,747.8300170898438
1781071128.577242,91427,749.7000122070312
1781071128.6551774,91563,749.7000122070312
1781071128.7341638,91704,752.1900024414062
1781071128.8183403,91843,754.0700073242188
1781071128.876401,91935,746.3699951171875
1781071128.9342544,92025,746.0999755859375
1781071128.986566,92113,746.0999755859375
1781071129.055674,92233,742.6400146484375
1781071129.2047083,92499,744.9400024414062
1781071129.289514,92635,747.969970703125
1781071129.345659,92727,746.8499755859375
1781071129.3956287,92817,746.8499755859375
1781071129.5354202,93050,752.3800048828125
1781071129.6345997,93215,753.4500122070312
1781071129.6902294,93307,751.5800170898438
1781071129.7462912,93397,750.030029296875
1781071129.8195324,93533,750.030029296875
1781071129.896732,93669,750.1500244140625
1781071129.9806066,93805,750.9000244140625
1781071130.0343752,93895,749.0
1781071130.152719,94108,750.3200073242188
1781071130.2036517,94200,750.3200073242188
1781071130.25963,94292,747.4199829101562
1781071130.3585477,94456,747.3800048828125
1781071130.431331,94574,746.719970703125
1781071130.5257099,94739,747.8699951171875
1781071130.6183293,94908,747.8699951171875
1781071130.7068455,95052,752.4299926757812
1781071130.7742379,95170,751.4000244140625
1781071130.8681002,95336,750.5800170898438
1781071130.922929,95426,748.2000122070312
1781071130.995714,95561,748.2000122070312
1781071131.069664,95680,749.72998046875
1781071131.1368687,95797,752.0700073242188
1781071131.1935563,95889,751.9199829101562
1781071131.2673259,96003,751.6599731445312
1781071131.3699648,96186,751.6599731445312
1781071131.4241395,96276,753.1199951171875
1781071131.4794762,96368,749.530029296875
1781071131.6338828,96642,751.8499755859375
1781071131.7078903,96758,752.72998046875
1781071131.7812138,96878,752.72998046875
1781071131.8398485,96970,753.8800048828125
1781071131.9017923,97062,750.9000244140625
1781071131.9627903,97154,751.010009765625
1781071132.02219,97242,750.7999877929688
1781071132.114857,97409,750.7999877929688
1781071132.223435,97594,753.780029296875
1781071132.294119,97714,756.530029296875
1781071132.3483136,97806,746.52001953125
1781071132.4062126,97898,745.22998046875
1781071132.461651,97988,745.22998046875
1781071132.572238,98172,740.9099731445312
1781071132.6687152,98337,739.7999877929688
1781071132.775327,98507,743.989990234375
1781071132.8611546,98643,745.9099731445312
1781071132.9411974,98781,745.9099731445312
1781071133.0008442,98873,747.739990234375
1781071133.1010094,99038,738.22998046875
1781071133.1608186,99128,740.969970703125
1781071133.2352884,99248,737.9199829101562
1781071133.3362854,99387,737.9199829101562
1781071133.4453204,99523,736.6400146484375
1781071133.5065615,99613,733.5700073242188
1781071133.5612,99701,728.8400268554688
1781071133.6226902,99793,727.7000122070312
1781071133.6775672,99883,727.7000122070312
1781071133.7364044,99973,727.72998046875
1781071135.0972233,100065,723.75
1781071135.6044095,100300,721.3200073242188
1781071135.9029326,100441,725.9500122070312
1781071136.1742556,100559,725.9500122070312
1781071136.479681,100697,726.1900024414062
1781071136.6740062,100787,725.1199951171875
1781071136.9460375,100905,723.0700073242188
1781071137.1425438,100997,723.219970703125
1781071137.4249952,101138,723.219970703125
1781071137.6322978,101230,721.1099853515625
1781071137.9131644,101369,721.3499755859375
1781071138.100382,101459,719.3699951171875
1781071138.4764004,101649,723.4400024414062
1781071139.0895302,101964,723.4400024414062
1781071139.3761885,102106,734.5700073242188
1781071139.5647123,102196,734.22998046875
1781071139.7412758,102286,733.2000122070312
1781071140.0103068,102422,734.8499755859375
1781071140.3087575,102577,734.8499755859375
1781071140.46791,102667,737.4000244140625
1781071140.9017982,102902,737.1300048828125
1781071141.3158119,103122,743.7899780273438
1781071141.490167,103214,738.8599853515625
1781071141.981721,103478,738.8599853515625
1781071142.202779,103598,745.8499755859375
1781071142.595937,103812,745.8200073242188
1781071142.8187363,103932,748.239990234375
1781071142.9991283,104024,748.3499755859375
1781071143.248242,104162,748.3499755859375
1781071143.5385282,104323,737.4600219726562
1781071143.894152,104511,743.0900268554688
1781071144.1289098,104629,744.1400146484375
1781071144.300866,104719,742.9500122070312
1781071144.5996664,104884,742.9500122070312
1781071145.0149229,105099,742.9099731445312
1781071145.1889548,105191,746.0900268554688
1781071145.4376733,105329,746.25
1781071145.6796865,105463,745.989990234375
1781071146.238952,105733,745.989990234375
1781071146.426286,105825,747.4600219726562
1781071146.5935566,105915,745.3900146484375
1781071146.7947516,106005,742.260009765625
1781071147.492474,106349,748.5599975585938
1781071147.7383103,106466,748.5599975585938
1781071148.1848314,106681,748.52001953125
1781071148.6623206,106914,746.4299926757812
1781071149.1648905,107155,754.27001953125
1781071149.3641207,107245,754.3300170898438
1781071149.5562942,107333,754.3300170898438
1781071149.0142634,107520,754.27001953125
1781071149.2144527,107612,758.1599731445312
1781071149.4152699,107704,757.9600219726562
1781071149.615462,107794,753.02001953125
1781071149.8876224,107932,753.02001953125
1781071150.0844445,108024,754.780029296875
1781071150.2797663,108114,747.22998046875
1781071150.5711622,108252,749.0599975585938
1781071150.8536909,108387,747.02001953125
1781071151.0613184,108479,747.02001953125
1781071151.3854828,108644,743.3900146484375
1781071151.6574824,108780,746.25
1781071151.8642461,108870,746.239990234375
1781071152.142602,109006,748.1599731445312
1781071152.320035,109096,748.1599731445312
1781071152.4885375,109188,748.3699951171875
1781071152.6642196,109278,746.1099853515625
1781071152.8461976,109370,738.4099731445312
1781071153.0079193,109462,738.469970703125
1781071153.209128,109554,738.469970703125
1781071153.5417352,109738,732.8300170898438
1781071153.7902646,109872,733.5800170898438
1781071154.0593348,110011,737.52001953125
1781071154.279383,110129,738.3699951171875
1781071154.6995902,110364,738.3699951171875
1781071154.9712696,110507,744.2100219726562
1781071155.3250964,110695,742.530029296875
1781071155.5100152,110785,744.530029296875
1781071155.6917973,110873,739.4299926757812
1781071156.0278933,111061,739.4299926757812
1781071156.293442,111197,743.3099975585938
1781071156.4729064,111289,741.969970703125
1781071156.7760413,111452,743.6199951171875
1781071157.036408,111588,742.2100219726562
1781071157.4030864,111776,742.2100219726562
1781071157.575134,111864,741.6799926757812
1781071157.843178,112005,740.5499877929688
1781071158.0287902,112097,739.5900268554688
1781071158.2536657,112215,739.6300048828125
1781071158.6034436,112400,739.6300048828125
1781071159.1009624,112664,743.780029296875
1781071159.3898635,112811,746.3900146484375
1781071159.557081,112901,748.6199951171875
1781071159.7469847,112993,747.6199951171875
1781071160.0308366,113130,747.6199951171875
1781071160.3076835,113266,745.7999877929688
1781071160.5824733,113403,749.6699829101562
1781071160.9713445,113589,746.030029296875
1781071161.1624823,113679,745.0599975585938
1781071161.7209105,113964,745.0599975585938
1781071161.9125328,114052,751.5900268554688
1781071162.5464175,114359,756.9600219726562
1781071162.9316993,114546,763.7000122070312
1781071163.1149616,114636,763.760009765625
1781071163.3905842,114774,763.760009765625
1781071163.6531587,114891,762.6400146484375
1781071163.83685,114983,759.969970703125
1781071164.0484827,115075,758.8499755859375
1781071164.2257884,115163,758.8300170898438
1781071164.458059,115283,758.8300170898438
1781071164.6481006,115375,758.3699951171875
1781071164.9297655,115516,758.3800048828125
1781071165.1393275,115606,752.4299926757812
1781071165.3173747,115696,750.5800170898438
1781071165.504899,115788,750.5800170898438
1781071165.7974596,115924,748.7000122070312
1781071166.1626523,116091,753.5700073242188
1781071166.5133834,116259,750.8099975585938
1781071166.707284,116351,752.7899780273438
1781071167.0316803,116516,752.7899780273438
1781071167.3010654,116655,753.9000244140625
1781071167.6586728,116843,758.1199951171875
1781071168.0809975,117058,763.1099853515625
1781071168.2708902,117146,763.0499877929688
1781071168.444365,117236,763.0499877929688
1781071168.6188447,117328,763.0900268554688
1781071168.9504395,117493,763.1900024414062
1781071169.120752,117583,764.02001953125
1781071169.2886379,117671,757.9600219726562
1781071169.5506182,117807,757.9600219726562
1781071169.7406912,117897,758.6300048828125
1781071169.9771993,118018,757.719970703125
1781071170.2064018,118110,756.8499755859375
1781071170.6458812,118324,761.780029296875
1781071171.1623511,118588,761.780029296875
1781071171.492252,118753,766.5700073242188
1781071171.6720693,118843,769.4199829101562
1781071171.9433827,118980,767.5900268554688
1781071172.12901,119070,765.239990234375
1781071172.4854145,119255,765.239990234375
1781071172.732595,119373,759.010009765625
1781071172.904047,119461,759.1699829101562
1781071173.322766,119676,764.0900268554688
1781071173.551056,119796,763.4099731445312
1781071173.7933967,119916,763.4099731445312
1781071173.9943135,120006,761.969970703125
1781071174.2817533,120144,762.3099975585938
1781071174.5561037,120265,755.6099853515625
1781071174.7463286,120357,754.4199829101562
1781071174.9319391,120449,754.4199829101562
1781071175.220781,120597,746.4500122070312
1781071175.4055605,120689,748.7999877929688
1781071175.5696912,120779,742.6699829101562
1781071175.718288,120867,742.3300170898438
1781071175.9911833,121003,742.3300170898438
1781071176.2158031,121123,742.3300170898438
1781071176.6134658,121308,736.52001953125
1781071176.976017,121495,743.239990234375
1781071177.571566,121807,752.0900268554688
1781071177.8446193,121943,752.0900268554688
1781071178.0251088,122033,751.0499877929688
1781071178.1978457,122123,746.030029296875
1781071178.4524317,122241,745.27001953125
1781071178.6333683,122331,743.5999755859375
1781071178.8991375,122470,743.5999755859375
1781071179.1128306,122562,738.1799926757812
1781071179.4167619,122701,738.3300170898438
1781071179.8476324,122896,744.5900268554688
1781071180.2332685,123080,738.4299926757812
1781071180.4078753,123172,738.4299926757812
1781071180.7423668,123339,736.3599853515625
1781071181.036806,123476,735.260009765625
1781071181.247345,123568,725.6099853515625
1781071180.706333,123702,727.2899780273438
1781071180.970551,123836,727.2899780273438
1781071181.252147,123972,728.9600219726562
1781071181.4394834,124064,726.7899780273438
1781071181.6267815,124154,726.72998046875
1781071181.8139067,124244,726.6099853515625
1781071182.0003085,124336,726.6099853515625
1781071182.1665704,124426,724.9299926757812
1781071182.4837902,124593,724.8800048828125
1781071182.8683681,124782,729.8499755859375
1781071183.0381036,124874,728.2999877929688
1781071184.1739342,125087,728.2999877929688
1781071184.443178,125223,733.219970703125
1781071184.816906,125414,734.3099975585938
1781071185.173632,125581,737.3499755859375
1781071185.4492917,125714,737.0900268554688
1781071185.638724,125802,737.0900268554688
1781071185.881063,125920,736.8599853515625
1781071186.0869477,126012,737.9600219726562
1781071186.5108812,126197,741.8499755859375
1781071186.8654153,126360,744.760009765625
1781071187.1465626,126496,744.760009765625
1781071187.3393497,126584,746.719970703125
1781071187.540167,126676,743.02001953125
1781071187.7502975,126766,739.0700073242188
1781071188.0060625,126886,739.1699829101562
1781071188.3767622,127072,739.1699829101562
1781071188.6650047,127208,735.0900268554688
1781071188.8531764,127300,737.02001953125
1781071189.0381505,127386,733.0399780273438
1781071189.241697,127474,733.0
1781071189.768398,127736,733.0
1781071190.3038254,127982,738.0999755859375
1781071190.4795063,128072,740.5999755859375
1781071190.6563697,128164,737.8800048828125
1781071190.9642026,128300,737.9099731445312
1781071191.228848,128440,737.9099731445312
1781071191.4094818,128530,736.1500244140625
1781071191.6654518,128666,736.2999877929688
1781071191.9366953,128805,737.8400268554688
1781071192.2444065,128966,739.3900146484375
1781071192.4229639,129056,739.3900146484375
1781071192.8396685,129269,733.3900146484375
1781071193.1202345,129407,735.280029296875
1781071193.4002514,129543,734.8400268554688
1781071193.6949074,129683,736.780029296875
1781071194.1650758,129941,736.780029296875
1781071194.3544683,130031,741.5800170898438
1781071194.6243176,130167,737.8599853515625
1781071195.02197,130364,737.0499877929688
1781071195.2513256,130484,741.3599853515625
1781071195.417352,130574,741.3599853515625
1781071195.5999506,130664,733.6900024414062
1781071195.7753713,130752,728.1900024414062
1781071195.9513612,130842,721.3300170898438
1781071196.2251005,130982,723.2100219726562
1781071196.4073496,131074,723.2100219726562
1781071196.5829208,131164,721.5700073242188
1781071196.7619524,131252,720.3599853515625
1781071197.0231464,131372,720.4199829101562
1781071197.208542,131462,721.6900024414062
1781071197.5904841,131648,721.6900024414062
1781071197.9249234,131814,725.4199829101562
1781071198.2856452,132001,729.1599731445312
1781071198.4810102,132091,729.1500244140625
1781071198.859131,132286,733.1799926757812
1781071199.028136,132378,733.1799926757812
1781071199.3728821,132559,733.2899780273438
1781071199.765135,132758,734.0499877929688
1781071199.939423,132848,736.510009765625
1781071200.135218,132936,733.2899780273438
1781071200.4825716,133104,733.2899780273438
1781071200.9435747,133317,733.3499755859375
1781071201.3746617,133504,734.1300048828125
1781071201.6810508,133640,732.8900146484375
1781071202.0095155,133803,735.780029296875
1781071202.3334846,133957,735.780029296875
1781071202.6205125,134093,738.3499755859375
1781071202.8058605,134183,740.1900024414062
1781071203.2408013,134396,742.25
1781071203.46183,134486,742.4199829101562
1781071203.6540673,134578,742.4199829101562
1781071203.8616488,134670,740.5900268554688
1781071204.1046371,134786,739.5499877929688
1781071204.2998245,134876,740.469970703125
1781071204.5003695,134966,735.3800048828125
1781071204.7186873,135058,735.3800048828125
1781071205.0621243,135225,728.75
1781071205.268295,135315,728.6699829101562
1781071205.5599248,135455,730.6500244140625
1781071206.1493726,135740,736.7899780273438
1781071206.334837,135830,736.7899780273438
1781071206.6685345,135966,731.9299926757812
1781071207.1422994,136201,737.8300170898438
1781071207.5088363,136368,737.8499755859375
1781071207.7125123,136458,736.8400268554688
1781071208.2584233,136722,736.8400268554688
1781071208.4412463,136814,742.8599853515625
1781071208.7677531,136981,742.719970703125
1781071209.045395,137121,744.739990234375
1781071209.22713,137213,744.7000122070312
1781071209.3999193,137305,744.7000122070312
1781071209.7206726,137470,747.6300048828125
1781071209.9135268,137558,745.1400146484375
1781071210.0867002,137648,745.1500244140625
1781071210.2752316,137734,745.1799926757812
1781071210.4561868,137826,745.1799926757812
1781071210.8939486,138039,743.260009765625
1781071211.2926612,138252,750.0399780273438
1781071211.5398388,138370,745.3800048828125
1781071211.729509,138460,736.5999755859375
1781071211.9189909,138552,736.5999755859375
1781071212.457049,138820,737.6799926757812
1781071212.7304597,138956,743.52001953125
1781071212.9466355,139046,742.3200073242188
1781071212.2754486,139136,742.3300170898438
1781071212.4632044,139228,742.3300170898438
1781071212.655666,139320,740.5700073242188
1781071212.9401505,139458,740.6099853515625
1781071213.4182096,139706,741.469970703125
1781071213.6744487,139830,740.0900268554688
1781071213.8410406,139918,740.0900268554688
1781071214.132106,140064,738.8400268554688
1781071214.3143406,140156,737.2999877929688
1781071214.6322184,140319,740.219970703125
1781071214.8095593,140409,738.4000244140625
1781071215.0031223,140499,738.4000244140625
1781071215.2263527,140591,736.72998046875
1781071215.4173138,140683,735.0800170898438
1781071215.6243198,140773,735.1900024414062
1781071215.8249273,140863,735.25
1781071216.1616578,141028,735.25
1781071216.4719331,141166,740.0399780273438
1781071216.6624174,141258,740.02001953125
1781071216.8578165,141350,733.0399780273438
1781071217.2277305,141513,735.6500244140625
1781071217.4393573,141601,735.6500244140625
1781071217.6471584,141693,730.6099853515625
1781071217.9613793,141844,724.7100219726562
1781071218.1486092,141934,723.8699951171875
1781071218.3639054,142026,722.47998046875
1781071218.8168344,142241,722.47998046875
1781071219.1097956,142382,729.510009765625
1781071219.6649935,142642,731.1900024414062
1781071220.061948,142829,735.0499877929688
1781071220.2510648,142919,731.9400024414062
1781071220.4413326,143011,731.9400024414062
1781071221.1331248,143324,730.219970703125
1781071221.339973,143414,739.0499877929688
1781071221.8793187,143675,743.969970703125
1781071222.0588768,143765,744.8099975585938
1781071222.242508,143855,744.8099975585938
1781071222.6947632,144050,741.1099853515625
1781071223.1317787,144269,748.4099731445312
1781071223.6459205,144533,755.4199829101562
1781071223.8840146,144655,756.780029296875
1781071224.0677629,144743,756.780029296875
1781071224.3913777,144906,747.510009765625
1781071224.7528765,145094,749.8599853515625
1781071224.932133,145186,749.7999877929688
1781071225.1111038,145278,748.0499877929688
1781071225.3008738,145366,748.0499877929688
1781071225.5238109,145484,745.9500122070312
1781071225.6860871,145572,746.969970703125
1781071225.8656,145664,743.1799926757812
1781071226.0351982,145754,740.4299926757812
1781071226.213349,145846,740.4299926757812
1781071226.3979805,145936,740.6199951171875
1781071226.6065383,146028,733.9600219726562
1781071226.813426,146120,732.4199829101562
1781071227.0009525,146212,730.7100219726562
1781071227.2098906,146302,730.7100219726562
1781071227.389436,146392,723.9400024414062
1781071227.6899605,146529,725.489990234375
1781071227.9131072,146619,722.52001953125
1781071228.1847835,146739,719.3099975585938
1781071228.5562692,146905,719.3099975585938
1781071228.9338334,147074,722.4400024414062
1781071229.1651258,147162,725.52001953125
1781071229.490009,147302,727.6300048828125
1781071229.848247,147471,729.030029296875
1781071230.4004378,147735,729.030029296875
1781071230.7924154,147900,735.6599731445312
1781071231.0348585,148020,740.030029296875
1781071231.31719,148138,739.7100219726562
1781071231.5906162,148260,740.9099731445312
1781071232.0144928,148471,740.9099731445312
1781071232.2250295,148561,740.8099975585938
1781071232.4368963,148651,735.1300048828125
1781071232.6313508,148741,735.0900268554688
1781071233.0064049,148906,733.8900146484375
1781071233.1967795,148998,733.8900146484375
1781071233.3963661,149090,733.77001953125
1781071234.0384464,149401,731.3200073242188
1781071234.5662918,149663,741.47998046875
1781071234.7589982,149753,741.4600219726562
1781071234.9414623,149843,741.4600219726562
1781071235.1272473,149933,738.2100219726562
1781071236.156398,150023,731.469970703125
1781071236.6239326,150268,733.760009765625
1781071236.9621196,150429,733.5999755859375
1781071237.13804,150521,733.5999755859375
1781071237.3122196,150611,731.0700073242188
1781071237.4829834,150701,729.1300048828125
1781071237.9088829,150916,726.4400024414062
1781071238.3833735,151154,735.2899780273438
1781071238.7352717,151322,735.2899780273438
1781071239.0125806,151457,740.0399780273438
1781071239.278346,151596,741.9600219726562
1781071239.532393,151716,740.9099731445312
1781071239.82897,151856,744.0700073242188
1781071239.9991791,151944,744.0700073242188
1781071240.1967883,152034,743.72998046875
1781071240.3782983,152124,740.989990234375
1781071240.7072601,152291,739.0800170898438
1781071241.2993343,152583,742.1900024414062
1781071241.6395512,152752,742.1900024414062
1781071241.9656343,152893,745.280029296875
1781071242.2745209,153031,741.4299926757812
1781071242.969102,153346,747.3499755859375
1781071243.1642842,153436,747.1599731445312
1781071243.7294924,153700,747.1599731445312
1781071244.3764238,153994,749.1599731445312
1781071243.8194237,154133,757.3300170898438
1781071244.0384693,154225,752.219970703125
1781071244.2352047,154315,752.3300170898438
1781071244.4334393,154403,752.3300170898438
1781071245.0112822,154686,751.0900268554688
1781071245.332622,154825,758.9400024414062
1781071245.5368118,154917,758.9199829101562
1781071245.8746705,155078,761.989990234375
1781071246.0769782,155170,761.989990234375
1781071246.281594,155262,762.1099853515625
1781071246.6616726,155427,754.1900024414062
1781071246.8825867,155519,754.010009765625
1781071247.5219567,155793,761.4099731445312
1781071247.834392,155931,761.4099731445312
1781071248.0416646,156023,760.3699951171875
1781071248.404105,156188,757.510009765625
1781071248.7613354,156353,757.719970703125
1781071249.1348617,156540,764.5599975585938
1781071249.8727887,156906,764.5599975585938
1781071250.158263,157052,777.6099853515625
1781071250.3562486,157142,777.469970703125
1781071250.5534594,157234,770.47998046875
1781071251.148498,157543,776.7999877929688
1781071251.5137522,157728,776.7999877929688
1781071251.712518,157818,780.77001953125
1781071252.1281035,158015,778.6500244140625
1781071252.4237726,158149,779.9000244140625
1781071252.8631127,158378,787.3300170898438
1781071253.05482,158470,787.3300170898438
1781071253.6090298,158742,790.239990234375
1781071253.8072555,158834,794.5700073242188
1781071254.1728764,159018,794.5700073242188
1781071254.681007,159262,804.719970703125
1781071255.0244792,159431,804.719970703125
1781071255.3375535,159598,804.1400146484375
1781071255.5674956,159690,806.02001953125
1781071256.1349728,159954,812.9600219726562
1781071256.3229861,160042,810.0599975585938
1781071256.5072377,160132,810.0599975585938
1781071256.9277015,160318,809.9500122070312
1781071257.3803527,160532,815.8699951171875
1781071257.7779536,160697,816.530029296875
1781071258.3767292,160986,827.4099731445312
1781071258.744087,161151,827.4099731445312
1781071259.066348,161289,823.5
1781071259.492594,161475,824.22998046875
1781071259.7359672,161565,818.260009765625
1781071260.27706,161778,823.4000244140625
1781071260.6383476,161943,823.4000244140625
1781071260.8827739,162065,826.219970703125
1781071261.167637,162202,818.4500122070312
1781071261.5383887,162372,818.5700073242188
1781071261.9125028,162538,819.760009765625
1781071262.1093483,162628,819.760009765625
1781071262.5581849,162829,819.6099853515625
1781071263.0898511,163077,816.0900268554688
1781071263.6079304,163313,820.1300048828125
1781071263.926819,163466,821.4199829101562
1781071264.4639804,163743,821.4199829101562
1781071264.9912121,164010,829.22998046875
1781071265.3564386,164196,833.52001953125
1781071265.5405848,164288,833.4400024414062
1781071265.7416527,164380,833.3699951171875
1781071266.3745592,164695,833.3699951171875
1781071266.8156607,164912,844.5700073242188
1781071267.274702,165127,846.6500244140625
1781071267.8711221,165419,859.7100219726562
1781071268.4567385,165706,867.530029296875
1781071268.8047912,165871,867.530029296875
1781071269.069959,165991,870.5499877929688
1781071269.3918653,166153,872.75
1781071269.8739552,166385,877.5900268554688
1781071270.1888201,166536,882.219970703125
1781071270.3720272,166626,882.219970703125
1781071270.5742702,166716,882.239990234375
1781071270.8324208,166836,880.5399780273438
1781071271.049483,166928,881.7100219726562
1781071271.254684,167018,880.6699829101562
1781071271.5284557,167138,880.6699829101562
1781071271.7827704,167256,880.0399780273438
1781071272.4600012,167568,879.8200073242188
1781071272.7604184,167707,885.510009765625
1781071272.973024,167799,882.1900024414062
1781071273.4500625,168030,882.1900024414062
1781071273.7857459,168195,880.8900146484375
1781071273.982076,168285,879.5999755859375
1781071274.2189069,168403,880.8400268554688
1781071274.5362298,168550,880.8200073242188
1781071274.9221945,168718,880.8200073242188
1781071275.2780714,168887,882.280029296875
1781071275.6811883,169074,882.3599853515625
1781071276.0517771,169245,888.1199951171875
1781071275.5721114,169415,889.530029296875
1781071275.9486973,169581,889.530029296875
1781071276.4400926,169796,892.6799926757812
1781071277.0232491,170049,900.9000244140625
1781071277.3624628,170216,888.2100219726562
1781071278.0243256,170531,900.239990234375
1781071278.312379,170669,900.239990234375
1781071278.8517497,170933,902.2899780273438
1781071279.201516,171102,911.1900024414062
1781071279.65255,171316,911.2100219726562
1781071279.833888,171404,908.4199829101562
1781071280.2397506,171619,908.4199829101562
1781071280.5056145,171737,914.6099853515625
1781071280.9229865,171950,918.4099731445312
1781071281.1959794,172088,917.4299926757812
1781071281.7115717,172327,916.2899780273438
1781071281.8957045,172417,916.2899780273438
1781071282.2190297,172583,911.4000244140625
1781071282.5565877,172750,912.47998046875
1781071282.811335,172868,915.6699829101562
1781071283.0218327,172958,913.6699829101562
1781071283.304099,173095,913.6699829101562
1781071283.5648417,173215,916.7899780273438
1781071283.7636664,173305,916.6099853515625
1781071284.0442247,173441,918.3400268554688
1781071284.5169523,173678,913.1199951171875
1781071284.7841952,173818,913.1199951171875
1781071285.1293344,173980,913.030029296875
1781071285.6120462,174192,914.5999755859375
1781071286.3068514,174508,912.47998046875
1781071286.5048947,174598,915.5900268554688
1781071286.6900432,174688,915.5900268554688
1781071286.9554777,174810,906.6099853515625
1781071288.2459717,175010,902.1300048828125
1781071288.4944353,175130,904.1699829101562
1781071288.8474584,175297,908.2000122070312
1781071289.0401895,175389,908.2000122070312
1781071289.2345154,175479,906.6300048828125
1781071289.5224504,175620,898.8300170898438
1781071289.8047261,175740,901.8900146484375
1781071290.0239344,175830,898.9099731445312
1781071290.4193208,175997,898.9099731445312
1781071291.1460416,176335,905.0999755859375
1781071291.8389227,176664,917.7899780273438
1781071292.2307591,176853,922.5599975585938
1781071292.8930051,177172,924.4000244140625
1781071293.1704392,177308,924.4000244140625
1781071293.3720927,177398,924.27001953125
1781071293.5645823,177488,921.1300048828125
1781071293.9862418,177688,925.4400024414062
1781071294.5141132,177949,925.3200073242188
1781071295.2094634,178295,925.3200073242188
1781071295.7311862,178545,926.8099975585938
1781071295.9114459,178633,928.7000122070312
1781071296.2826686,178826,929.739990234375
1781071296.8274815,179096,931.0800170898438
1781071297.464421,179413,931.0800170898438
1781071297.846243,179601,938.3900146484375
1781071298.0276518,179693,940.0700073242188
1781071298.1997745,179783,935.9000244140625
1781071298.5552156,179948,931.5499877929688
1781071298.7400184,180040,931.5499877929688
1781071299.0037324,180178,930.47998046875
1781071299.2747273,180314,927.9600219726562
1781071299.638156,180501,929.8400268554688
1781071299.8994744,180640,923.5399780273438
1781071300.41504,180900,923.5399780273438
1781071300.839611,181097,927.0
1781071301.0393488,181189,928.280029296875
1781071301.3568072,181340,923.989990234375
1781071302.0743167,181652,932.8699951171875
1781071302.4669495,181816,932.8699951171875
1781071302.7605968,181957,937.8300170898438
1781071302.9473283,182047,931.7899780273438
1781071303.3078616,182214,930.1799926757812
1781071303.8353739,182450,926.8200073242188
1781071304.1126168,182570,926.8200073242188
1781071304.2970414,182662,925.0599975585938
1781071304.5084276,182754,921.5700073242188
1781071304.9932787,182972,921.1300048828125
1781071305.557219,183241,927.1799926757812
1781071305.7522254,183331,927.1799926757812
1781071305.9638784,183423,924.0999755859375
1781071306.3234289,183588,923.1400146484375
1781071306.963817,183884,926.4099731445312
1781071307.5856915,184173,934.3499755859375
1781071307.8027604,184263,934.3499755859375
1781071307.2543612,184402,934.4199829101562
1781071307.6624372,184569,930.6500244140625
1781071307.876183,184661,922.7899780273438
1781071308.1978855,184798,922.3099975585938
1781071308.3658857,184890,922.3099975585938
1781071308.5558362,184982,914.8800048828125
1781071308.953443,185171,904.1400146484375
1781071309.5449138,185461,916.010009765625
1781071309.7316658,185549,916.0399780273438
1781071309.919178,185639,916.0399780273438
1781071310.3472996,185837,905.0
1781071310.7538447,186050,908.030029296875
1781071311.3385882,186343,903.1099853515625
1781071311.702423,186532,902.0900268554688
1781071312.2905655,186828,902.0900268554688
1781071312.644049,186994,909.27001953125
1781071313.0844615,187210,911.2000122070312
1781071313.3725522,187347,909.8300170898438
1781071313.5775595,187437,904.989990234375
1781071313.8376436,187574,904.989990234375
1781071314.32221,187820,910.97998046875
1781071314.4941442,187910,913.3599853515625
1781071314.6772022,188000,912.0599975585938
1781071315.1904156,188248,918.3400268554688
1781071315.6135397,188433,918.3400268554688
1781071315.925254,188569,919.7000122070312
1781071316.1834304,188689,918.6900024414062
1781071316.5723195,188854,914.1199951171875
1781071317.066727,189068,920.22998046875
1781071317.3286088,189188,920.22998046875
1781071317.6874917,189354,915.8499755859375
1781071318.0097268,189496,918.1699829101562
1781071318.3761694,189667,920.2999877929688
1781071318.8625317,189880,922.9000244140625
1781071319.045836,189968,922.9000244140625
1781071319.8293147,190307,918.3800048828125
1781071320.2568269,190495,928.4099731445312
1781071320.7365034,190684,928.3499755859375
1781071321.4916613,191022,933.9500122070312
1781071321.9206426,191223,933.9500122070312
1781071322.1347315,191309,935.0499877929688
1781071322.3294613,191399,923.489990234375
1781071322.675222,191563,924.6400146484375
1781071323.1634643,191800,920.27001953125
1781071323.3571527,191892,920.27001953125
1781071323.671511,192043,918.3599853515625
1781071323.9696112,192181,913.6199951171875
1781071324.1625586,192271,907.4600219726562
1781071324.4042442,192391,908.8099975585938
1781071324.9470801,192655,908.8099975585938
1781071325.2554762,192796,911.469970703125
1781071325.6976838,193000,907.8200073242188
1781071326.0728662,193191,915.280029296875
1781071326.2657816,193283,907.6900024414062
1781071326.5507119,193431,907.6900024414062
1781071327.2262275,193775,913.280029296875
1781071327.6230042,193967,919.219970703125
1781071328.0200176,194152,921.9600219726562
1781071328.2159898,194240,920.7899780273438
1781071328.6707976,194470,920.7899780273438
1781071329.2197604,194738,924.47998046875
1781071329.7962453,195002,932.72998046875
1781071330.2462475,195219,939.25
1781071330.8614798,195487,942.3699951171875
1781071331.2239351,195652,942.3699951171875
1781071331.7055554,195865,942.3900146484375
1781071332.2200198,196101,945.6300048828125
1781071332.7480543,196337,946.27001953125
1781071333.1231482,196525,947.0
1781071333.4024868,196643,947.0
1781071333.7315705,196783,949.8300170898438
1781071334.2238276,196996,946.2899780273438
1781071334.902141,197315,955.1799926757812
1781071335.7697217,197686,965.2999877929688
1781071336.0767488,197826,965.2999877929688
1781071336.4924822,197999,968.1900024414062
1781071336.8113143,198137,972.3800048828125
1781071337.0585938,198255,970.5499877929688
1781071337.3161325,198375,971.77001953125
1781071337.7521327,198586,971.77001953125
1781071338.2353039,198821,970.1400146484375
1781071338.6651428,199037,968.219970703125
1781071338.86799,199129,960.6500244140625
1781071339.171415,199265,953.0700073242188
1781071338.685981,199452,953.0700073242188
1781071339.1527371,199665,957.0999755859375
1781071339.5249333,199834,961.469970703125
1781071340.7247107,200001,961.8400268554688
1781071340.938772,200093,955.1199951171875
1781071341.5992112,200408,955.1199951171875
1781071341.7873414,200496,949.5
1781071342.3135421,200743,951.3900146484375
1781071342.5041876,200833,952.6599731445312
1781071342.949545,201045,947.5700073242188
1781071343.3551197,201238,947.5700073242188
1781071343.619388,201360,941.739990234375
1781071344.0356295,201560,944.2899780273438
1781071344.4351099,201742,947.9600219726562
1781071344.8011713,201911,948.02001953125
1781071345.4953818,202235,948.02001953125
1781071345.727608,202327,955.5800170898438
1781071346.2962184,202556,954.9400024414062
1781071346.6694975,202724,958.77001953125
1781071347.101937,202921,960.969970703125
1781071347.5140953,203108,960.969970703125
1781071347.8787427,203276,958.02001953125
1781071348.1528695,203396,956.9099731445312
1781071348.3651123,203486,955.5700073242188
1781071348.7549279,203673,950.6699829101562
1781071349.2031212,203859,950.6699829101562
1781071349.6916509,204074,949.6900024414062
1781071350.1063676,204262,958.510009765625
1781071350.3041677,204352,957.0499877929688
1781071350.5337608,204444,949.3200073242188
1781071350.8599157,204581,949.3200073242188
1781071351.3523214,204796,950.0800170898438
1781071351.7125962,204963,956.0499877929688
1781071352.0406132,205127,959.780029296875
1781071352.3357232,205245,949.8099975585938
1781071352.7774644,205460,949.8099975585938
1781071353.0872486,205597,956.719970703125
1781071353.6892767,205878,960.260009765625
1781071353.8669524,205968,955.969970703125
1781071354.3077762,206184,949.8300170898438
1781071354.6536279,206348,949.8300170898438
1781071354.8433328,206440,952.9500122070312
1781071355.2531881,206635,952.1300048828125
1781071355.6777625,206861,955.6799926757812
1781071356.098766,207125,962.4099731445312
1781071356.362675,207275,962.4099731445312
1781071356.6589224,207442,964.5999755859375
1781071357.0453477,207690,972.5499877929688
1781071357.2613447,207826,961.8300170898438
1781071357.4819512,207965,965.6900024414062
1781071357.677682,208081,965.6900024414062
1781071357.97967,208252,966.6099853515625
1781071358.2212555,208374,964.8400268554688
1781071358.4355433,208492,956.9600219726562
1781071358.7479424,208678,954.969970703125
1781071358.9432538,208798,954.969970703125
1781071359.4122403,209092,945.8200073242188
1781071359.8722064,209359,950.8900146484375
1781071360.353637,209630,959.3099975585938
1781071360.7770371,209877,966.780029296875
1781071361.047249,210044,966.780029296875
1781071361.2535734,210164,963.9299926757812
1781071361.5721943,210358,963.8699951171875
1781071361.772634,210476,968.010009765625
1781071361.941053,210568,961.7000122070312
1781071362.523019,210915,961.7000122070312
1781071362.7708123,211054,968.0700073242188
1781071363.008562,211190,968.2899780273438
1781071363.378958,211407,972.0999755859375
1781071363.5387495,211499,966.22998046875
1781071364.0189776,211788,966.22998046875
1781071364.229633,211904,974.1199951171875
1781071364.7061615,212191,974.3699951171875
1781071365.0696952,212406,975.260009765625
1781071365.2689402,212526,974.6500244140625
1781071365.5263646,212691,974.6500244140625
1781071365.9738848,212950,977.469970703125
1781071366.1372032,213040,972.27001953125
1781071366.2926223,213130,966.6599731445312
1781071366.7475414,213392,963.6400146484375
1781071367.1016734,213606,963.6400146484375
1781071367.548416,213852,965.5599975585938
1781071367.810615,214002,972.22998046875
1781071368.0921226,214168,974.1199951171875
1781071368.2912576,214290,968.7999877929688
1781071368.6299965,214503,968.7999877929688
1781071368.8629358,214643,973.6500244140625
1781071369.0620475,214763,972.6400146484375
1781071369.2472265,214881,973.8599853515625
1781071369.589996,215092,977.3900146484375
1781071369.811095,215228,977.3900146484375
1781071370.1757212,215425,973.47998046875
1781071370.36588,215543,974.72998046875
1781071370.629431,215693,969.5700073242188
1781071370.9528298,215879,973.27001953125
1781071370.520069,216123,973.27001953125
1781071371.0998392,216467,975.8499755859375
1781071371.3528795,216610,977.0900268554688
1781071371.6172485,216776,974.3699951171875
1781071372.0962145,217068,982.6300048828125
1781071372.2616837,217160,982.6300048828125
1781071372.9677055,217565,981.760009765625
1781071373.4065204,217833,984.6300048828125
1781071374.123446,218253,990.72998046875
1781071374.4127622,218423,986.9400024414062
1781071374.867535,218691,986.9400024414062
1781071375.472021,219054,992.760009765625
1781071375.8696916,219291,998.780029296875
1781071376.2652328,219524,994.4000244140625
1781071376.6448116,219747,998.4099731445312
1781071377.1276796,220028,998.4099731445312
1781071377.4509573,220217,1003.1500244140625
1781071377.7652283,220403,1010.719970703125
1781071378.0959582,220581,1001.989990234375
1781071378.285243,220697,989.8400268554688
1781071378.5353575,220861,989.8400268554688
1781071378.7705603,221001,989.6199951171875
1781071379.1153476,221214,988.52001953125
1781071379.5319884,221460,996.260009765625
1781071379.7421267,221582,997.6599731445312
1781071380.1107788,221805,997.6599731445312
1781071380.3150833,221928,999.4400024414062
1781071380.624518,222093,988.8699951171875
1781071381.1622775,222415,999.1199951171875
1781071381.583085,222687,1006.4500122070312
1781071381.7770064,222807,1006.4500122070312
1781071382.0215771,222951,1001.8900146484375
1781071382.3273313,223137,1001.7899780273438
1781071382.9298456,223502,1003.989990234375
1781071383.2945442,223723,1015.0499877929688
1781071383.4957154,223843,1015.0499877929688
1781071383.6979706,223959,1007.22998046875
1781071383.8937733,224077,1004.6300048828125
1781071384.1006784,224197,1004.5900268554688
1781071384.473016,224411,1004.5999755859375
1781071384.8312516,224624,1004.5999755859375
1781071385.0463898,224741,1005.3599853515625
1781071385.3740487,224938,1002.2000122070312
1781071386.727597,225202,1008.4199829101562
1781071386.990383,225368,1008.5999755859375
1781071387.456477,225652,1008.5999755859375
1781071387.6093593,225742,1006.7899780273438
1781071387.8176556,225862,1005.6099853515625
1781071388.1856914,226080,1006.219970703125
1781071388.4687285,226244,1003.239990234375
1781071389.100048,226619,1003.239990234375
1781071389.4274113,226819,1009.6799926757812
1781071389.8944674,227109,1011.9199829101562
1781071390.3234234,227373,1022.6300048828125
1781071390.801938,227675,1030.2900390625
1781071391.265208,227968,1030.2900390625
1781071391.432453,228058,1034.6600341796875
1781071391.733299,228256,1030.1500244140625
1781071392.083574,228457,1034.8599853515625
1781071392.3731198,228625,1037.9200439453125
1781071392.7427347,228855,1037.9200439453125
1781071393.2439895,229176,1041.510009765625
1781071393.593048,229381,1049.3599853515625
1781071393.8984432,229569,1048.0400390625
1781071394.0639067,229661,1046.9100341796875
1781071394.5151172,229917,1046.9100341796875
1781071394.7173064,230037,1046.5999755859375
1781071394.985939,230201,1045.9300537109375
1781071395.186661,230322,1044.3399658203125
1781071395.4178421,230467,1041.6600341796875
1781071395.7892652,230683,1041.6600341796875
1781071396.1290307,230897,1043.7099609375
1781071396.4083827,231082,1047.5400390625
1781071396.6439807,231230,1047.0999755859375
1781071397.0387676,231466,1044.280029296875
1781071397.3987715,231677,1044.280029296875
1781071397.6871543,231862,1048.8599853515625
1781071397.9114432,232003,1044.5999755859375
1781071398.2956135,232217,1046.3900146484375
1781071398.6185749,232406,1048.43994140625
1781071398.8980043,232586,1048.43994140625
1781071399.126651,232724,1052.780029296875
1781071399.4329748,232889,1050.449951171875
1781071399.8734639,233152,1054.449951171875
1781071400.3317404,233419,1060.510009765625
1781071400.5734625,233560,1060.510009765625
1781071401.2540283,233956,1066.4100341796875
1781071401.9312725,234393,1074.1700439453125
1781071402.4975173,234764,1077.06005859375
1781071402.6484456,234856,1069.7900390625
1781071402.1208591,235081,1069.7900390625
1781071402.3515832,235235,1074.6300048828125
1781071402.5361888,235355,1073.3900146484375
1781071402.879062,235579,1071.8499755859375
1781071403.2738895,235834,1081.300048828125
1781071403.6897175,236076,1081.300048828125
1781071403.918665,236194,1077.0899658203125
1781071404.2322211,236365,1078.050048828125
1781071404.4234862,236481,1073.219970703125
1781071404.6927664,236647,1075.969970703125
1781071405.2117553,236986,1075.969970703125
1781071405.5424552,237184,1078.9100341796875
1781071405.9792705,237448,1076.7900390625
1781071406.2422686,237597,1080.9100341796875
1781071406.7562985,237918,1085.77001953125
1781071407.0082896,238083,1085.77001953125
1781071407.4418297,238356,1085.27001953125
1781071407.639864,238478,1087.81005859375
1781071408.092992,238750,1090.7900390625
1781071408.6461923,239083,1097.969970703125
1781071409.0409703,239317,1097.969970703125
1781071409.3663752,239503,1097.6700439453125
1781071409.7938454,239762,1095.1199951171875
1781071410.071847,239930,1101.75
1781071410.375179,240113,1103.219970703125
1781071410.9838614,240487,1103.219970703125
1781071411.4257133,240754,1115.5400390625
1781071411.7986686,240973,1114.6600341796875
1781071412.1636915,241191,1119.56005859375
1781071412.452141,241359,1121.1600341796875
1781071412.6016235,241449,1121.1600341796875
1781071413.0261443,241686,1116.030029296875
1781071413.4439013,241939,1120.800048828125
1781071413.849524,242168,1129.47998046875
1781071414.2410347,242393,1131.0999755859375
1781071414.6942043,242660,1131.0999755859375
1781071415.2329218,242974,1130.0699462890625
1781071415.7208738,243259,1134.7099609375
1781071416.0431955,243448,1137.4599609375
1781071416.5567946,243735,1137.1300048828125
1781071416.7131796,243823,1137.1300048828125
1781071417.1309366,244053,1133.06005859375
1781071417.723407,244409,1131.4000244140625
1781071417.9863617,244550,1123.9200439453125
1781071418.2788022,244716,1121.8900146484375
1781071418.525991,244852,1121.8900146484375
1781071419.1285925,245208,1116.8399658203125
1781071419.3111742,245328,1112.68994140625
1781071419.5787024,245496,1110.06005859375
1781071419.952757,245736,1110.199951171875
1781071420.2342997,245903,1110.199951171875
1781071420.566135,246100,1108.6600341796875
1781071420.9499898,246344,1105.219970703125
1781071421.1345804,246464,1107.1700439453125
1781071421.4362288,246648,1108.8399658203125
1781071421.773085,246848,1108.8399658203125
1781071422.3741996,247208,1110.3900146484375
1781071422.7576373,247436,1121.68994140625
1781071423.0311255,247600,1115.6500244140625
1781071423.650703,247988,1126.8800048828125
1781071423.9106522,248152,1126.8800048828125
1781071424.0796993,248244,1123.219970703125
1781071424.4693902,248476,1123.0999755859375
1781071424.9125512,248745,1122.4000244140625
1781071425.3883631,249035,1124.5400390625
1781071425.8404305,249335,1124.5400390625
1781071426.2183683,249579,1132.81005859375
1781071426.5766857,249806,1136.780029296875
1781071426.7799132,249928,1133.4300537109375
1781071428.091296,250108,1126.050048828125
1781071428.317311,250245,1126.050048828125
1781071428.6778026,250462,1128.7099609375
1781071429.2892814,250809,1133.5400390625
1781071430.061522,251272,1148.47998046875
1781071430.2540805,251392,1149.7099609375
1781071430.51866,251556,1149.7099609375
1781071431.1095939,251917,1146.6099853515625
1781071431.3989875,252102,1156.1300048828125
1781071431.633984,252240,1150.0699462890625
1781071432.1039505,252540,1157.0
1781071432.431103,252739,1157.0
1781071432.960431,253082,1158.739990234375
1781071433.4803994,253407,1168.77001953125
1781071433.943641,253684,1172.1600341796875
1781071434.3313074,253922,1176.9599609375
1781071433.8711724,254183,1176.9599609375
1781071434.3270257,254458,1177.8900146484375
1781071434.8661861,254773,1176.56005859375
1781071435.092351,254912,1174.27001953125
1781071435.250877,255004,1162.6800537109375
1781071435.6156723,255244,1162.6800537109375
1781071435.8093781,255366,1160.4000244140625
1781071436.1332471,255581,1157.489990234375
1781071436.4792457,255799,1157.9599609375
1781071436.8525915,256019,1165.18994140625
1781071437.0846224,256165,1165.18994140625
1781071437.4030123,256354,1161.8299560546875
1781071437.8985634,256648,1156.02001953125
1781071438.2158864,256829,1159.7900390625
1781071438.425725,256947,1160.9599609375
1781071438.7417545,257135,1160.9599609375
1781071438.9719675,257272,1160.27001953125
1781071439.2168913,257413,1157.1099853515625
1781071439.546155,257612,1157.989990234375
1781071439.8280823,257763,1161.4300537109375
1781071440.2471743,258005,1161.4300537109375
1781071440.5826244,258190,1164.219970703125
1781071440.9441652,258403,1162.9200439453125
1781071441.416937,258691,1167.81005859375
1781071441.975394,259019,1171.52001953125
1781071442.5772772,259411,1171.52001953125
1781071443.0223398,259698,1182.5699462890625
1781071443.386826,259931,1184.4000244140625
1781071443.7681034,260181,1185.22998046875
1781071444.1802938,260454,1191.1400146484375
1781071444.5101678,260671,1191.1400146484375
1781071444.878468,260909,1190.989990234375
1781071445.186604,261104,1197.8399658203125
1781071445.7701168,261474,1204.989990234375
1781071446.160649,261736,1202.06005859375
1781071446.5338278,261984,1202.06005859375
1781071446.7626767,262119,1201.25
1781071447.0979543,262336,1191.1700439453125
1781071447.3445525,262486,1177.5
1781071447.5441425,262606,1179.489990234375
1781071448.2333236,263011,1179.489990234375
1781071448.8689232,263400,1188.260009765625
1781071449.210406,263623,1199.1099853515625
1781071449.4932325,263808,1201.56005859375
1781071450.1089206,264209,1204.4100341796875
1781071450.5383863,264495,1204.4100341796875
1781071450.7606463,264633,1206.27001953125
1781071450.9566395,264753,1206.3900146484375
1781071451.3832316,264953,1208.6600341796875
1781071451.64083,265073,1206.7900390625
1781071452.1746643,265282,1206.7900390625
1781071452.8971279,265612,1199.449951171875
1781071453.1585937,265734,1205.719970703125
1781071453.4430254,265870,1200.489990234375
1781071453.8515737,266055,1194.9300537109375
1781071454.630858,266410,1194.9300537109375
1781071455.1837692,266663,1202.489990234375
1781071455.5773427,266843,1202.1800537109375
1781071456.1095562,267081,1206.75
1781071456.8199725,267419,1202.510009765625
1781071457.3359506,267654,1202.510009765625
1781071458.0988493,268015,1204.239990234375
1781071458.622059,268268,1213.280029296875
1781071459.4750993,268679,1214.77001953125
1781071459.9298778,268870,1218.8499755859375
1781071460.5211942,269101,1218.8499755859375
1781071460.995526,269321,1209.469970703125
1781071461.5119987,269539,1214.1199951171875
1781071461.9517303,269739,1212.5899658203125
1781071462.774534,270085,1217.6300048828125
1781071463.1074555,270225,1217.6300048828125
1781071463.460885,270375,1219.800048828125
1781071463.8189058,270526,1217.4300537109375
1781071464.0611644,270616,1206.52001953125
1781071464.5583663,270829,1205.9200439453125
1781071465.1405892,271094,1205.9200439453125
1781071465.8229148,271398,1207.0899658203125
1781071465.460528,271612,1200.780029296875
1781071466.1729858,271918,1202.260009765625
1781071466.8372338,272229,1208.010009765625
1781071467.2634504,272426,1208.010009765625
1781071467.6481419,272610,1212.6500244140625
1781071468.4603732,272995,1208.8800048828125
1781071468.8219814,273162,1209.8499755859375
1781071469.2820516,273383,1214.949951171875
1781071469.7783148,273619,1214.949951171875
1781071470.1302588,273761,1219.0999755859375
1781071470.524837,273943,1212.239990234375
1781071470.7581341,274035,1211.68994140625
1781071470.9676428,274127,1203.77001953125
1781071471.4195666,274340,1203.77001953125
1781071471.6766677,274458,1202.489990234375
1781071472.0926955,274659,1201.81005859375
1781071472.5666308,274876,1203.6300048828125
1781071474.199519,275045,1203.97998046875
1781071474.6197996,275230,1203.97998046875
1781071475.3760786,275545,1205.3900146484375
1781071475.9894116,275808,1198.199951171875
1781071476.7681143,276102,1206.3699951171875
1781071477.9465308,276588,1212.3900146484375
1781071478.5476856,276838,1212.3900146484375
1781071479.2162828,277113,1216.06005859375
1781071479.5277166,277236,1224.6300048828125
1781071479.8322961,277356,1216.239990234375
1781071480.142643,277476,1206.3900146484375
1781071480.782857,277723,1206.3900146484375
1781071481.1942155,277899,1204.510009765625
1781071481.74086,278145,1202.530029296875
1781071482.347273,278452,1205.530029296875
1781071482.531231,278544,1206.4000244140625
1781071483.22178,278889,1206.4000244140625
1781071483.6057062,279066,1213.68994140625
1781071484.0521266,279280,1213.9599609375
1781071484.3834827,279431,1200.25
1781071485.050198,279742,1202.68994140625
1781071485.5171738,279988,1202.68994140625
1781071486.0080543,280203,1206.1400146484375
1781071486.4375317,280404,1202.780029296875
1781071487.2199874,280776,1207.1500244140625
1781071487.8560188,281067,1210.239990234375
1781071488.383177,281309,1210.239990234375
1781071488.93802,281568,1209.300048828125
1781071489.4941287,281813,1203.6300048828125
1781071490.1836264,282131,1207.1800537109375
1781071490.51857,282270,1203.3499755859375
1781071491.2465236,282580,1203.3499755859375
1781071491.693444,282765,1199.8299560546875
1781071492.1844816,282989,1204.780029296875
1781071492.9150841,283319,1202.7900390625
1781071493.4984994,283565,1212.0999755859375
1781071494.0363808,283780,1212.0999755859375
1781071494.5691075,283995,1212.97998046875
1781071494.9756534,284173,1215.7900390625
1781071495.4854078,284407,1214.9200439453125
1781071495.8243911,284547,1210.4000244140625
1781071496.0267599,284639,1210.4000244140625
1781071496.3906193,284800,1210.0
1781071497.0437405,285086,1210.739990234375
1781071497.3323228,285206,1204.3399658203125
1781071496.89429,285403,1207.56005859375
1781071497.2554748,285567,1207.56005859375
1781071497.6917408,285764,1204.550048828125
1781071498.2134695,286000,1212.989990234375
1781071498.5883718,286167,1214.510009765625
1781071499.1713562,286429,1215.75
1781071499.947674,286794,1215.75
1781071500.4989655,287059,1220.0400390625
1781071500.8430622,287227,1225.280029296875
1781071501.412747,287491,1221.300048828125
1781071501.7428665,287638,1214.0
1781071502.199052,287857,1214.0
1781071502.4016805,287947,1201.2099609375
1781071502.986006,288215,1197.5899658203125
1781071503.4979088,288435,1200.06005859375
1781071504.1836324,288736,1200.510009765625
1781071504.6653023,288935,1200.510009765625
1781071505.0492504,289104,1199.5699462890625
1781071505.6569884,289353,1195.1500244140625
1781071505.8630824,289445,1189.0999755859375
1781071506.2288551,289598,1183.5999755859375
1781071506.7179282,289828,1183.5999755859375
1781071507.4425094,290166,1186.0400390625
1781071507.9053469,290379,1189.0799560546875
1781071508.6342876,290723,1195.699951171875
1781071509.1442168,290969,1203.510009765625
1781071509.482061,291118,1203.510009765625
1781071509.6903481,291210,1189.1500244140625
1781071509.8976672,291300,1177.1800537109375
1781071510.6952283,291636,1179.22998046875
1781071511.5833051,291978,1179.97998046875
1781071512.3291125,292306,1179.97998046875
1781071512.681042,292454,1182.7099609375
1781071513.324898,292749,1184.9000244140625
1781071514.4250324,293217,1192.4000244140625
1781071514.8726363,293401,1202.31005859375
1781071515.1322289,293519,1202.31005859375
1781071515.3866415,293637,1198.68994140625
1781071515.7771177,293804,1190.219970703125
1781071516.274758,294019,1192.239990234375
1781071516.762073,294240,1196.6700439453125
1781071517.4457502,294550,1196.6700439453125
1781071518.077346,294838,1193.7900390625
1781071518.6331437,295086,1195.5899658203125
1781071519.0592277,295286,1197.469970703125
1781071519.369182,295425,1189.760009765625
1781071519.8656423,295658,1189.760009765625
1781071520.1219873,295778,1187.8800048828125
1781071520.316031,295870,1176.1600341796875
1781071520.621055,296011,1167.1400146484375
1781071521.2542932,296300,1167.1199951171875
1781071521.5551872,296436,1167.1199951171875
1781071521.8300803,296558,1161.1700439453125
1781071522.4696376,296844,1158.989990234375
1781071522.761464,296964,1160.06005859375
1781071523.164603,297131,1151.6400146484375
1781071524.1253595,297530,1151.6400146484375
1781071524.7540488,297797,1165.8499755859375
1781071525.1323757,297962,1165.3699951171875
1781071525.4140859,298080,1168.280029296875
1781071525.7968369,298245,1166.449951171875
1781071526.4165108,298508,1166.449951171875
1781071527.2717235,298869,1165.219970703125
1781071527.641493,299038,1169.550048828125
1781071528.1880107,299286,1169.780029296875
1781071528.7744777,299553,1163.3399658203125
1781071529.0544095,299673,1163.3399658203125
1781071528.6002839,299872,1158.06005859375
1781071530.279106,300133,1160.010009765625
1781071530.77866,300373,1161.81005859375
1781071531.0401478,300491,1154.8199462890625
1781071531.952498,300931,1154.8199462890625
1781071532.4993424,301188,1160.68994140625
1781071533.284437,301567,1167.300048828125
1781071534.094919,301936,1180.97998046875
1781071534.612916,302162,1191.489990234375
1781071535.2198093,302431,1191.489990234375
1781071535.9458115,302745,1193.77001953125
1781071536.3725731,302940,1203.1400146484375
1781071537.002662,303201,1202.010009765625
1781071537.6046374,303476,1207.2099609375
1781071538.1050878,303687,1207.2099609375
1781071538.7246363,303953,1208.25
1781071539.3334613,304216,1211.3399658203125
1781071540.0038872,304502,1207.9300537109375
1781071540.9475927,304898,1202.1400146484375
1781071541.3268685,305051,1202.1400146484375
1781071542.1215746,305405,1197.989990234375
1781071542.6241999,305631,1202.3800048828125
1781071543.01269,305796,1207.030029296875
1781071543.3857934,305960,1208.72998046875
1781071543.7479613,306125,1208.72998046875
1781071543.94564,306215,1204.2900390625
1781071544.5826333,306501,1203.8699951171875
1781071544.9639866,306667,1200.2900390625
1781071545.307963,306836,1200.8399658203125
1781071545.631159,306985,1200.8399658203125
1781071546.0122974,307168,1193.1500244140625
1781071546.710335,307465,1193.27001953125
1781071547.2226923,307691,1199.5899658203125
1781071547.7663703,307951,1197.719970703125
1781071548.1698647,308146,1197.719970703125
1781071548.8040638,308439,1200.739990234375
1781071549.192113,308609,1199.5899658203125
1781071549.9382381,308914,1197.050048828125
1781071550.6476185,309220,1195.52001953125
1781071551.1023428,309405,1195.52001953125
1781071551.574885,309601,1192.8599853515625
1781071552.373681,309942,1198.4599609375
1781071552.931365,310176,1191.31005859375
1781071553.673964,310477,1197.6500244140625
1781071554.3782055,310776,1197.6500244140625
1781071554.7874072,310942,1197.2099609375
1781071555.5514455,311280,1194.2099609375
1781071556.1515467,311515,1196.489990234375
1781071556.4114442,311636,1192.06005859375
1781071556.78192,311804,1192.06005859375
1781071557.0108995,311894,1188.469970703125
1781071557.4132545,312080,1184.300048828125
1781071558.1648927,312428,1192.4200439453125
1781071558.6664894,312653,1193.8299560546875
1781071559.34389,312975,1193.8299560546875
1781071559.8162708,313189,1201.3399658203125
1781071560.5036063,313512,1199.3199462890625
1781071560.3681314,313834,1209.5999755859375
1781071560.9519837,314104,1217.510009765625
1781071561.4497452,314324,1217.510009765625
1781071561.825337,314491,1219.81005859375
1781071562.538909,314837,1221.030029296875
1781071562.969673,315025,1224.0
1781071563.544162,315271,1223.4300537109375
1781071564.072246,315490,1223.4300537109375
1781071564.842916,315835,1219.6600341796875
1781071565.2530315,316005,1217.6300048828125
1781071566.0940182,316360,1222.5699462890625
1781071566.7991233,316649,1230.1800537109375
1781071567.805959,317084,1230.1800537109375
1781071568.1003385,317204,1239.8399658203125
1781071568.484221,317372,1238.9000244140625
1781071568.8660378,317511,1236.3499755859375
1781071569.2099662,317659,1226.52001953125
1781071569.697921,317856,1226.52001953125
1781071570.2436616,318099,1226.4200439453125
1781071571.0145867,318445,1233.9599609375
1781071571.705193,318763,1241.0
1781071571.9559,318881,1240.75
1781071572.2239277,319001,1240.75
1781071572.6206894,319187,1233.4200439453125
1781071573.6046362,319650,1233.760009765625
1781071574.3414047,319991,1244.1099853515625
1781071574.9611769,320289,1242.4599609375
1781071575.3513815,320470,1242.4599609375
1781071576.0018291,320776,1245.010009765625
1781071576.5043054,321018,1258.3900146484375
1781071576.8509564,321187,1254.68994140625
1781071577.152888,321328,1243.699951171875
1781071577.8163095,321638,1243.699951171875
1781071578.3146691,321851,1242.0699462890625
1781071579.2934234,322258,1243.5400390625
1781071579.7536979,322460,1246.8699951171875
1781071580.079725,322580,1237.0799560546875
1781071580.5668056,322779,1237.0799560546875
1781071581.0001712,322957,1240.3199462890625
1781071581.401129,323125,1242.780029296875
1781071581.6883042,323244,1242.050048828125
1781071581.9701383,323364,1235.239990234375
1781071582.358779,323529,1235.239990234375
1781071582.7380128,323695,1231.1300048828125
1781071583.496707,323986,1228.3599853515625
1781071584.1516943,324260,1228.1300048828125
1781071584.6961534,324480,1232.5
1781071585.3603275,324759,1232.5
1781071587.7713819,325008,1234.260009765625
1781071588.176817,325197,1243.4300537109375
1781071588.6453242,325439,1247.300048828125
1781071588.941325,325591,1241.800048828125
1781071589.369164,325805,1241.800048828125
1781071589.7878454,325998,1244.8699951171875
1781071590.3883357,326281,1248.1199951171875
1781071591.2882946,326711,1260.1400146484375
1781071591.692955,326892,1260.800048828125
1781071592.2171438,327140,1260.800048828125
1781071591.9796116,327410,1255.6800537109375
1781071592.4681451,327623,1256.6300048828125
1781071592.9771168,327837,1258.760009765625
1781071593.3607178,328004,1260.6300048828125
1781071594.1723392,328343,1260.6300048828125
1781071594.8563836,328641,1265.739990234375
1781071595.274944,328810,1261.2900390625
1781071595.776664,329022,1256.6500244140625
1781071596.529189,329365,1262.4000244140625
1781071597.1737914,329650,1262.4000244140625
1781071597.877381,329937,1270.8699951171875
1781071598.2523506,330102,1269.52001953125
1781071599.1100414,330457,1269.1700439453125
1781071599.404348,330577,1273.3800048828125
1781071599.7016494,330713,1273.3800048828125
1781071600.0208344,330851,1261.3900146484375
1781071600.5906541,331113,1254.8299560546875
1781071601.2915561,331436,1255.280029296875
1781071601.863394,331708,1251.9300537109375
1781071602.1873114,331856,1251.9300537109375
1781071602.614235,332053,1247.06005859375
1781071602.9544806,332218,1238.510009765625
1781071603.8063405,332609,1242.6099853515625
1781071604.2383053,332794,1242.8599853515625
1781071604.6344562,332975,1242.8599853515625
1781071605.018992,333160,1239.5899658203125
1781071605.313158,333305,1234.1300048828125
1781071606.1185422,333690,1235.43994140625
1781071606.7085745,333960,1232.510009765625
1781071607.5473156,334319,1232.510009765625
1781071608.1112125,334559,1241.010009765625
1781071608.4123,334677,1233.8599853515625
1781071609.0614178,334942,1236.0400390625
1781071609.8865476,335308,1243.9599609375
1781071610.4354646,335537,1243.9599609375
1781071611.2819018,335882,1247.719970703125
1781071611.5507126,336002,1251.1099853515625
1781071612.1410866,336247,1253.5400390625
1781071612.755948,336512,1257.3499755859375
1781071613.0381222,336632,1257.3499755859375
1781071613.8611755,336950,1260.1300048828125
1781071614.741229,337346,1264.8599853515625
1781071615.133492,337516,1263.1600341796875
1781071615.8060553,337800,1264.0999755859375
1781071616.1917357,337967,1264.0999755859375
1781071617.143369,338415,1259.72998046875
1781071617.559459,338608,1268.81005859375
1781071617.9856145,338796,1268.1400146484375
1781071618.2585194,338918,1257.719970703125
1781071618.7353904,339148,1257.719970703125
1781071619.0059528,339268,1257.6099853515625
1781071619.5097868,339485,1252.6300048828125
1781071619.9027033,339670,1247.81005859375
1781071620.5527754,339937,1248.199951171875
1781071621.1240075,340204,1248.199951171875
1781071621.4277403,340342,1247.06005859375
1781071622.4383404,340768,1251.52001953125
1781071623.070608,341040,1254.5799560546875
1781071623.609955,341253,1254.5999755859375
1781071623.6251907,341608,1254.5999755859375
1781071623.8528342,341698,1262.1099853515625
1781071624.3376005,341893,1264.969970703125
1781071625.4368894,342382,1266.7900390625
1781071625.9910326,342606,1267.8699951171875
1781071626.4362795,342793,1267.8699951171875
1781071627.0050535,343036,1262.3900146484375
1781071627.3365448,343177,1263.6300048828125
1781071627.8585315,343405,1254.68994140625
1781071628.3704603,343621,1250.5799560546875
1781071628.9578469,343894,1250.5799560546875
1781071629.2647357,344041,1252.5799560546875
1781071629.5701168,344177,1245.3299560546875
1781071630.2941713,344499,1248.7099609375
1781071630.8394327,344733,1247.989990234375
1781071631.7344275,345142,1247.989990234375
1781071632.5318294,345492,1256.2900390625
1781071632.9935257,345689,1255.8299560546875
1781071633.6062462,345969,1253.8299560546875
1781071634.2731674,346276,1254.3599853515625
1781071635.1522653,346670,1254.3599853515625
1781071635.6081781,346865,1252.800048828125
1781071636.0570455,347050,1254.719970703125
1781071636.3580139,347170,1256.010009765625
1781071636.866185,347368,1257.949951171875
1781071637.3317301,347561,1257.949951171875
1781071637.8203967,347777,1259.72998046875
1781071638.2228,347947,1250.75
1781071638.66903,348136,1245.510009765625
1781071639.3619962,348410,1250.530029296875
1781071639.625489,348528,1250.530029296875
1781071640.1950371,348748,1251.550048828125
1781071640.8137205,349010,1246.3800048828125
1781071641.2803364,349203,1237.8699951171875
1781071641.974592,349494,1237.699951171875
1781071642.6953824,349783,1237.699951171875
1781071643.0481017,349934,1240.8299560546875
1781071645.4931755,350235,1232.7099609375
1781071646.3532186,350605,1245.969970703125
1781071646.6878667,350740,1245.6300048828125
1781071647.23128,350998,1245.6300048828125
1781071647.8746843,351405,1246.6800537109375
1781071648.2926798,351672,1250.4200439453125
1781071648.7190988,351944,1243.4100341796875
1781071649.1660688,352225,1254.68994140625
1781071649.625244,352512,1254.68994140625
1781071649.8148773,352632,1258.2900390625
1781071650.2849252,352937,1258.93994140625
1781071650.4424171,353027,1260.43994140625
1781071650.7262206,353202,1262.6199951171875
1781071651.4466336,353659,1262.6199951171875
1781071651.8693452,353920,1273.6700439453125
1781071652.3417437,354207,1279.93994140625
1781071652.9480975,354583,1280.0799560546875
1781071653.1988099,354733,1279.22998046875
1781071653.463384,354900,1279.22998046875
1781071653.855756,355143,1274.9100341796875
1781071654.279171,355416,1273.8800048828125
1781071654.799999,355741,1278.3399658203125
1781071655.4065652,356140,1291.550048828125
1781071655.1411898,356528,1291.550048828125
1781071655.6540732,356850,1300.550048828125
1781071655.9628563,357040,1301.510009765625
1781071656.5201695,357377,1293.8900146484375
1781071656.988509,357672,1300.260009765625
1781071657.5576005,358036,1300.260009765625
1781071658.0172663,358329,1301.1500244140625
1781071658.3764262,358545,1307.06005859375
1781071659.2691212,359108,1317.469970703125
1781071659.5743375,359290,1320.1700439453125
1781071659.7888458,359428,1320.1700439453125
1781071660.3722458,359787,1313.989990234375
1781071660.88983,360110,1317.6600341796875
1781071661.1518166,360276,1320.8299560546875
1781071661.6027656,360557,1316.489990234375
1781071662.0414777,360832,1316.489990234375
1781071662.458201,361082,1316.4200439453125
1781071662.777718,361279,1315.8499755859375
1781071663.1645708,361520,1312.6099853515625
1781071663.5249586,361746,1315.7099609375
1781071664.0783508,362097,1315.7099609375
1781071664.7402945,362510,1324.0999755859375
1781071665.2703195,362836,1340.7900390625
1781071665.797079,363164,1335.510009765625
1781071666.3326874,363496,1340.3800048828125
1781071666.6913774,363711,1340.3800048828125
1781071667.730769,364369,1348.75
1781071667.9865515,364531,1364.0699462890625
1781071668.390067,364789,1359.8800048828125
1781071669.0786853,365233,1366.18994140625
1781071669.3991385,365444,1366.18994140625
1781071669.7407324,365664,1368.6500244140625
1781071670.0757,365878,1370.81005859375
1781071670.6135023,366222,1372.6300048828125
1781071670.9065113,366404,1366.3199462890625
1781071671.1997359,366590,1366.3199462890625
1781071671.5573735,366815,1362.4300537109375
1781071671.8916528,367032,1363.7900390625
1781071672.2353833,367254,1360.9200439453125
1781071672.3782084,367344,1350.050048828125
1781071672.9330034,367696,1350.050048828125
1781071673.2454348,367896,1355.7099609375
1781071673.8345735,368274,1350.0699462890625
1781071674.2430403,368535,1361.780029296875
1781071674.8579879,368933,1365.1099853515625
1781071675.339596,369244,1365.1099853515625
1781071675.9464116,369620,1371.5400390625
1781071676.2664533,369818,1367.8699951171875
1781071676.4707732,369938,1365.1700439453125
1781071677.0100129,370288,1367.8699951171875
1781071677.440451,370552,1367.8699951171875
1781071677.7983527,370773,1371.780029296875
1781071677.9999707,370893,1360.800048828125
1781071678.3373563,371109,1360.6500244140625
1781071678.7157729,371351,1365.5799560546875
1781071679.4820142,371837,1365.5799560546875
1781071679.7681773,372019,1379.5400390625
1781071680.2844532,372353,1383.1199951171875
1781071680.5241213,372504,1383.1400146484375
1781071680.7891655,372669,1377.9100341796875
1781071681.2092636,372934,1377.9100341796875
1781071681.5061965,373122,1379.8900146484375
1781071681.9022012,373371,1376.8800048828125
1781071682.1314507,373511,1367.6300048828125
1781071682.8715632,373983,1378.1700439453125
1781071683.2887976,374247,1378.1700439453125
1781071683.8792112,374627,1378.1500244140625
1781071684.1324291,374792,1383.0899658203125
1781071686.0124323,375032,1377.9200439453125
1781071686.3686812,375253,1375.02001953125
1781071686.6368175,375420,1375.02001953125
1781071687.1796567,375767,1376.9200439453125
1781071687.3650186,375887,1377.699951171875
1781071686.7359815,376036,1375.0999755859375
1781071687.1634946,376308,1376.760009765625
1781071687.722043,376666,1376.760009765625
1781071688.2283828,376994,1381.6600341796875
1781071688.579732,377219,1390.0
1781071689.0053427,377489,1387.780029296875
1781071689.3529162,377714,1388.739990234375
1781071689.7255416,377963,1388.739990234375
1781071690.1331806,378235,1379.3900146484375
1781071690.7928765,378666,1388.2900390625
1781071691.0161188,378808,1384.6300048828125
1781071691.5333085,379141,1383.780029296875
1781071692.0340884,379466,1383.780029296875
1781071692.41923,379703,1379.8299560546875
1781071692.6565711,379852,1384.97998046875
1781071692.9376116,380019,1381.9000244140625
1781071693.2565346,380212,1382.75
1781071693.6483006,380457,1382.75
1781071694.118049,380745,1385.010009765625
1781071694.4957426,380989,1392.949951171875
1781071694.9362476,381277,1388.1500244140625
1781071695.2531185,381474,1391.8699951171875
1781071695.4009273,381566,1391.8699951171875
1781071695.741599,381792,1389.699951171875
1781071695.9801316,381943,1390.0699462890625
1781071696.1656175,382060,1383.8599853515625
1781071696.6608136,382378,1384.8800048828125
1781071697.1901693,382727,1384.8800048828125
1781071697.7197223,383067,1387.25
1781071698.2230947,383392,1400.199951171875
1781071698.8183055,383780,1390.77001953125
1781071699.637321,384318,1412.800048828125
1781071700.277357,384739,1412.800048828125
1781071700.5878816,384940,1419.199951171875
1781071700.8437786,385108,1410.9200439453125
1781071701.3169737,385419,1409.469970703125
1781071701.69014,385654,1406.699951171875
1781071702.4395163,386154,1406.699951171875
1781071702.8820004,386443,1415.199951171875
1781071703.1549163,386613,1420.3399658203125
1781071703.5619204,386879,1423.4300537109375
1781071703.917458,387112,1425.6099853515625
1781071704.1051462,387234,1425.6099853515625
1781071704.7279522,387649,1416.31005859375
1781071705.1135027,387905,1418.300048828125
1781071705.3982196,388091,1410.9000244140625
1781071705.8021035,388359,1414.2900390625
1781071706.0613883,388523,1414.2900390625
1781071706.5066605,388811,1415.989990234375
1781071706.7641804,388976,1414.3599853515625
1781071707.1257813,389204,1410.530029296875
1781071707.5129938,389457,1401.3699951171875
1781071707.7587152,389622,1401.3699951171875
1781071708.3801103,390023,1394.3499755859375
1781071708.8283482,390308,1397.449951171875
1781071709.1257653,390492,1395.06005859375
1781071709.3200796,390610,1386.280029296875
1781071709.573009,390776,1386.280029296875
1781071709.7620008,390896,1377.2099609375
1781071710.0605664,391085,1370.3199462890625
1781071710.3320053,391253,1357.56005859375
1781071710.5884745,391419,1354.06005859375
1781071711.4005158,391906,1354.06005859375
1781071711.9637496,392272,1370.1099853515625
1781071712.4687777,392567,1366.5799560546875
1781071712.8845186,392808,1371.030029296875
1781071713.4198627,393132,1371.7099609375
1781071713.9438772,393350,1371.7099609375
1781071714.318545,393513,1367.3499755859375
1781071714.842724,393727,1364.75
1781071715.2042186,393880,1366.010009765625
1781071716.0012567,394209,1367.18994140625
1781071717.0517163,394631,1367.18994140625
1781071717.771985,394930,1373.47998046875
1781071718.1199994,395071,1359.81005859375
1781071718.8696933,395367,1359.18994140625
1781071718.4845173,395563,1351.489990234375
1781071718.9392166,395750,1351.489990234375
1781071719.7648451,396104,1346.5899658203125
1781071720.5219471,396413,1341.25
1781071721.0025868,396633,1342.719970703125
1781071721.5101597,396849,1333.760009765625
1781071722.149699,397122,1333.760009765625
1781071723.0135102,397499,1335.0799560546875
1781071723.9277818,397921,1342.9599609375
1781071724.4195557,398139,1342.0899658203125
1781071724.8304343,398339,1346.800048828125
1781071725.3800025,398590,1346.800048828125
1781071726.1073985,398902,1348.300048828125
1781071726.825525,399228,1353.030029296875
1781071727.3585563,399467,1358.199951171875
1781071727.7297127,399635,1361.3499755859375
1781071728.0692098,399773,1361.3499755859375
1781071728.5425646,399968,1350.780029296875
1781071731.003208,400247,1355.010009765625
1781071731.8176503,400614,1349.4200439453125
1781071732.209651,400779,1343.1800537109375
1781071732.858819,401054,1343.1800537109375
1781071733.388522,401255,1340.93994140625
1781071734.09626,401532,1339.3499755859375
1781071734.755175,401797,1343.760009765625
1781071735.4511075,402087,1341.2099609375
1781071735.6588569,402175,1341.2099609375
1781071736.624855,402626,1338.219970703125
1781071737.5089545,403023,1352.530029296875
1781071738.2536645,403346,1357.1300048828125
1781071739.064412,403704,1363.469970703125
1781071739.5429,403917,1363.469970703125
1781071740.191871,404197,1348.6700439453125
1781071741.2642105,404653,1351.4000244140625
1781071742.0094147,404994,1365.9000244140625
1781071742.8911746,405387,1377.6500244140625
1781071743.7378333,405721,1377.6500244140625
1781071744.5023136,406013,1378.260009765625
1781071745.1872387,406292,1385.5799560546875
1781071745.50734,406428,1383.739990234375
1781071746.2491486,406732,1378.8699951171875
1781071747.1633313,407092,1378.8699951171875
1781071748.1865268,407493,1380.3900146484375
1781071749.1350188,407859,1383.75
1781071749.9829519,408185,1393.4200439453125
1781071750.6701596,408484,1398.3299560546875
1781071750.0111609,408574,1398.3299560546875
1781071750.8772058,408973,1392.760009765625
1781071751.3985786,409225,1398.1800537109375
1781071751.7943091,409413,1402.7099609375
1781071752.3086922,409662,1403.239990234375
1781071753.1634545,410084,1403.239990234375
1781071753.9761727,410471,1404.4100341796875
1781071754.9655125,410947,1412.239990234375
1781071755.5688272,411247,1416.239990234375
1781071756.6436722,411779,1431.6199951171875
1781071757.7166634,412269,1431.6199951171875
1781071758.3518903,412524,1445.6199951171875
1781071758.7358954,412688,1433.3900146484375
1781071759.4751322,412967,1430.3399658203125
1781071759.9944603,413186,1431.2900390625
1781071760.5805786,413425,1431.2900390625
1781071761.6324818,413864,1432.9200439453125
1781071762.659415,414270,1437.52001953125
1781071763.7402904,414731,1454.0899658203125
1781071764.2925017,414957,1459.2099609375
1781071764.7313018,415156,1459.2099609375
1781071765.4173248,415456,1458.3199462890625
1781071765.856215,415650,1454.68994140625
1781071766.8261223,416084,1466.3699951171875
1781071767.4654167,416351,1464.31005859375
1781071768.048233,416619,1464.31005859375
1781071768.7337432,416919,1473.0999755859375
1781071769.8663614,417404,1478.1600341796875
1781071770.2749054,417578,1489.47998046875
1781071770.8384857,417820,1486.5
1781071771.1719196,417959,1486.5
1781071772.0717375,418326,1482.219970703125
1781071772.7001832,418590,1476.010009765625
1781071773.275364,418834,1473.8199462890625
1781071773.6537142,418984,1455.5899658203125
1781071774.4402008,419322,1455.5899658203125
1781071775.0388436,419564,1448.989990234375
1781071775.5138636,419754,1452.6700439453125
1781071776.6481056,420206,1455.7099609375
1781071777.372774,420517,1463.3900146484375
1781071778.10759,420829,1463.3900146484375
1781071779.3682675,421345,1460.7099609375
1781071779.6552236,421463,1463.43994140625
1781071780.1989532,421711,1461.9599609375
1781071780.5714207,421881,1459.4200439453125
1781071780.9812698,422070,1459.4200439453125
1781071781.1815624,422160,1456.780029296875
1781071781.5073757,422308,1443.6300048828125
1781071782.198677,422609,1449.3399658203125
1781071782.1819756,422969,1452.8699951171875
1781071782.614024,423165,1452.8699951171875
1781071782.9859648,423343,1453.3299560546875
1781071783.4330597,423555,1449.030029296875
1781071784.2819955,423940,1455.0
1781071784.946284,424245,1460.31005859375
1781071785.6090822,424569,1460.31005859375
1781071786.4074242,424937,1462.739990234375
1781071789.489107,425387,1464.050048828125
1781071789.9083986,425542,1468.4100341796875
1781071790.8535595,425914,1480.8599853515625
1781071791.775192,426274,1480.8599853515625
1781071792.0321248,426366,1488.760009765625
1781071793.1264951,426802,1494.5799560546875
1781071794.2626002,427347,1508.0400390625
1781071794.6309988,427532,1513.3399658203125
1781071795.3964446,427898,1513.3399658203125
1781071796.4245112,428381,1508.2099609375
1781071797.0133717,428645,1514.239990234375
1781071797.6330278,428948,1513.5400390625
1781071797.954565,429101,1507.8299560546875
1781071798.4456484,429344,1507.8299560546875
1781071798.939751,429579,1508.699951171875
1781071799.5437164,429873,1514.72998046875
1781071800.1674776,430164,1516.449951171875
1781071800.8803136,430512,1521.02001953125
1781071801.6364565,430878,1521.02001953125
1781071802.0907185,431072,1515.489990234375
1781071802.5846915,431288,1517.77001953125
1781071803.3419712,431618,1519.0699462890625
1781071804.3922808,432080,1529.739990234375
1781071804.8289073,432261,1529.739990234375
1781071805.7781951,432645,1527.760009765625
1781071806.1172674,432781,1524.9300537109375
1781071806.4657507,432917,1522.47998046875
1781071806.7890105,433035,1516.6400146484375
1781071807.1356163,433171,1516.6400146484375
1781071807.6647022,433388,1511.0699462890625
1781071808.3997905,433689,1503.4599609375
1781071809.1865366,434010,1508.8699951171875
1781071809.8236725,434269,1506.31005859375
1781071810.2499428,434456,1506.31005859375
1781071810.9548862,434768,1504.8499755859375
1781071811.6010184,435042,1501.699951171875
1781071812.6151361,435516,1509.8800048828125
1781071813.0244741,435702,1511.510009765625
1781071813.5339785,435950,1511.510009765625
1781071813.331269,436270,1520.9100341796875
1781071813.9601533,436570,1522.989990234375
1781071814.602577,436893,1522.050048828125
1781071815.0744677,437122,1522.6199951171875
1781071815.5376167,437337,1522.6199951171875
1781071816.170117,437634,1522.22998046875
1781071816.5580242,437799,1522.4000244140625
1781071817.3553402,438105,1520.010009765625
1781071818.0275986,438382,1520.530029296875
1781071818.9504933,438739,1520.530029296875
1781071819.6268764,439015,1526.3299560546875
1781071819.9783072,439158,1515.969970703125
1781071820.6963203,439434,1509.699951171875
1781071821.4336312,439721,1509.469970703125
1781071822.1011963,440000,1509.469970703125
1781071822.910986,440310,1514.0899658203125
1781071823.4834797,440542,1509.4599609375
1781071823.7853181,440664,1499.4200439453125
1781071824.3075929,440879,1488.280029296875
1781071825.0741146,441213,1488.280029296875
1781071825.8331914,441585,1488.1700439453125
1781071826.327632,441823,1487.8599853515625
1781071827.1461403,442221,1499.550048828125
1781071827.530023,442388,1494.469970703125
1781071828.0538113,442633,1494.469970703125
1781071828.5499694,442866,1488.530029296875
1781071829.3811886,443272,1489.050048828125
1781071829.8868544,443502,1480.9100341796875
1781071830.405494,443750,1478.8299560546875
1781071830.9139912,443991,1478.8299560546875
1781071831.172167,444111,1484.8800048828125
1781071831.6155155,444307,1473.72998046875
1781071832.680549,444759,1482.8699951171875
1781071833.314642,445002,1481.97998046875
1781071833.9243796,445250,1481.97998046875
1781071834.1976707,445342,1475.239990234375
1781071835.178816,445736,1456.7900390625
1781071836.0397065,446053,1463.1500244140625
1781071836.9583175,446397,1453.2099609375
1781071837.6602526,446682,1453.2099609375
1781071838.4561481,446980,1439.5699462890625
1781071838.9137528,447165,1446.5899658203125
1781071839.7496552,447542,1453.5699462890625
1781071840.245896,447772,1451.56005859375
1781071841.439444,448334,1451.56005859375
1781071842.3648198,448760,1464.6500244140625
1781071843.0131996,449056,1464.06005859375
1781071843.6913135,449382,1459.300048828125
1781071844.2731073,449646,1455.8800048828125
1781071844.7312853,449863,1455.8800048828125
1781071846.5520518,450109,1456.6099853515625
1781071846.860991,450225,1452.43994140625
1781071847.4323242,450438,1441.6099853515625
1781071848.0460815,450676,1441.719970703125
1781071848.5320017,450878,1441.719970703125
1781071849.1546175,451126,1441.7099609375
1781071849.8465438,451394,1438.239990234375
1781071850.1944468,451532,1427.1600341796875
1781071850.583556,451699,1424.1800537109375
1781071851.6097956,452122,1424.1800537109375
1781071851.8214402,452212,1431.530029296875
1781071852.591445,452516,1424.3699951171875
1781071853.0277567,452681,1424.050048828125
1781071853.4603333,452862,1423.8299560546875
1781071853.7515423,452983,1423.8299560546875
1781071854.4819467,453306,1416.449951171875
1781071855.0030231,453550,1419.9599609375
1781071856.2446165,454142,1429.0999755859375
1781071856.6533077,454338,1422.1199951171875
1781071857.5399404,454753,1422.1199951171875
1781071857.8581386,454900,1421.280029296875
1781071858.6874335,455297,1417.9200439453125
1781071859.393393,455639,1422.1800537109375
1781071859.828935,455845,1428.050048828125
1781071860.2132773,456032,1428.050048828125
1781071860.7084892,456262,1430.1700439453125
1781071861.3662102,456566,1436.0400390625
1781071861.935607,456835,1438.3699951171875
1781071862.6771464,457192,1438.3800048828125
1781071863.7644796,457696,1438.3800048828125
1781071864.1713843,457894,1449.56005859375
1781071864.6890154,458142,1453.6600341796875
1781071865.1524498,458355,1449.050048828125
1781071865.4352863,458501,1439.489990234375
1781071866.0429683,458797,1439.489990234375
1781071866.3594701,458950,1440.8599853515625
1781071867.20677,459341,1435.199951171875
1781071868.275768,459846,1440.0
1781071869.08096,460227,1442.030029296875
1781071870.0257008,460676,1442.030029296875
1781071870.9241226,461118,1446.5899658203125
1781071871.711607,461494,1461.949951171875
1781071872.289672,461769,1448.18994140625
1781071872.6441152,461938,1445.52001953125
1781071873.0289063,462105,1445.52001953125
1781071873.7278209,462399,1432.780029296875
1781071874.6593788,462751,1426.4300537109375
1781071875.4706142,463103,1434.27001953125
1781071876.3269312,463454,1442.8699951171875
1781071876.8026998,463639,1442.8699951171875
1781071876.4462605,463838,1440.5699462890625
1781071876.9738693,464033,1435.719970703125
1781071877.8360739,464350,1434.760009765625
1781071878.755878,464715,1436.469970703125
1781071879.8877523,465176,1436.469970703125
1781071880.7272174,465563,1442.3199462890625
1781071881.340118,465853,1448.6099853515625
1781071881.956376,466143,1446.43994140625
1781071883.0620086,466669,1452.010009765625
1781071883.4587169,466864,1452.010009765625
1781071884.2214828,467222,1452.4000244140625
1781071884.8095913,467510,1453.56005859375
1781071885.100066,467647,1457.3499755859375
1781071885.75424,467959,1465.0999755859375
1781071886.3539236,468244,1465.0999755859375
1781071886.8888319,468483,1471.1600341796875
1781071887.5083368,468742,1469.8900146484375
1781071888.1852388,469033,1467.300048828125
1781071888.921002,469356,1471.510009765625
1781071889.882802,469743,1471.510009765625
1781071890.2169123,469863,1476.4599609375
1781071890.7089968,470060,1470.2099609375
1781071891.713403,470432,1461.739990234375
1781071892.5678766,470755,1470.469970703125
1781071893.7062087,471200,1470.469970703125
1781071894.348219,471446,1473.260009765625
1781071894.9453897,471692,1471.47998046875
1781071895.2333775,471810,1466.1500244140625
1781071895.7827778,472077,1466.6099853515625
1781071896.2161672,472277,1466.6099853515625
1781071896.7943113,472555,1461.050048828125
1781071897.0829232,472691,1462.6600341796875
1781071897.8741436,473072,1466.6600341796875
1781071898.264266,473260,1463.989990234375
1781071898.838306,473537,1463.989990234375
1781071899.3266525,473766,1460.97998046875
1781071899.9416397,474070,1463.3199462890625
1781071900.6974552,474414,1469.530029296875
1781071901.0051444,474555,1462.3599853515625
1781071901.6808226,474880,1462.3599853515625
1781071904.9993432,475338,1466.300048828125
1781071905.3905265,475526,1474.0699462890625
1781071905.8352191,475745,1473.3399658203125
1781071906.4394002,476040,1475.530029296875
1781071907.2845008,476407,1475.530029296875
1781071907.6235669,476546,1476.8699951171875
1781071908.2344122,476820,1471.739990234375
1781071908.85189,477079,1459.3499755859375
1781071908.9982297,477525,1474.8699951171875
1781071909.5436454,477771,1474.8699951171875
1781071910.2921166,478098,1474.9100341796875
1781071911.2219944,478509,1480.739990234375
1781071912.677563,479097,1487.449951171875
1781071914.0488577,479669,1506.22998046875
1781071914.5624099,479892,1506.22998046875
1781071915.5452476,480319,1512.56005859375
1781071916.1934946,480602,1516.8800048828125
1781071916.5938098,480770,1509.7099609375
1781071917.3780959,481133,1514.3399658203125
1781071918.2391882,481547,1514.3399658203125
1781071919.059679,481939,1524.800048828125
1781071919.9602678,482361,1537.1099853515625
1781071920.5100942,482613,1530.9300537109375
1781071921.0823624,482878,1528.219970703125
1781071921.279353,482968,1528.219970703125
1781071922.2675045,483389,1520.4000244140625
1781071923.5342925,483909,1538.0
1781071924.0454485,484132,1535.469970703125
1781071924.5565896,484355,1532.4000244140625
1781071925.4118762,484738,1532.4000244140625
1781071926.100302,485035,1520.0799560546875
1781071926.7262664,485300,1518.0
1781071927.882878,485781,1519.030029296875
1781071928.8454146,486203,1531.550048828125
1781071929.6731434,486583,1531.550048828125
1781071930.5048962,486977,1535.0699462890625
1781071931.2098403,487294,1553.1300048828125
1781071932.0807474,487702,1562.6500244140625
1781071932.6805403,487985,1561.510009765625
1781071933.0365248,488149,1561.510009765625
1781071933.5531633,488394,1557.8699951171875
1781071934.2472079,488716,1560.72998046875
1781071935.1402771,489134,1569.22998046875
1781071935.9529843,489509,1581.43994140625
1781071936.9527655,489983,1581.43994140625
1781071937.5986516,490283,1588.5999755859375
1781071938.0510936,490498,1588.81005859375
1781071939.3162327,491090,1600.6199951171875
1781071939.8454704,491335,1608.0
1781071939.9134681,491795,1608.0
1781071940.4563103,492047,1622.5699462890625
1781071941.0363574,492310,1617.56005859375
1781071941.9676592,492745,1616.3699951171875
1781071942.2830698,492884,1610.8800048828125
1781071942.5721529,493024,1610.8800048828125
1781071943.1179578,493271,1603.1800537109375
1781071943.8859065,493634,1604.510009765625
1781071944.5081587,493924,1604.6099853515625
1781071945.3501215,494305,1607.25
1781071946.1042428,494650,1607.25
1781071946.745096,494937,1618.050048828125
1781071947.3491378,495226,1613.949951171875
1781071948.1636503,495611,1615.8299560546875
1781071948.7349803,495866,1615.780029296875
1781071948.9759562,495982,1615.780029296875
1781071949.5541592,496256,1604.699951171875
1781071950.3398423,496621,1606.0799560546875
1781071950.7843926,496840,1608.2099609375
1781071950.9930718,496928,1605.9200439453125
1781071951.4516277,497155,1605.9200439453125
1781071951.986354,497400,1603.72998046875
1781071952.7704723,497767,1600.06005859375
1781071953.4067774,498056,1597.3800048828125
1781071954.178731,498431,1596.9000244140625
1781071954.959397,498812,1596.9000244140625
1781071955.9316142,499276,1599.5699462890625
1781071956.4497566,499525,1585.5699462890625
1781071957.2195456,499885,1591.31005859375
1781071960.5431757,500150,1597.3299560546875
1781071960.7601552,500242,1597.3299560546875
1781071961.409866,500525,1595.1600341796875
1781071962.2360706,500930,1599.77001953125
1781071962.4918692,501051,1588.8399658203125
1781071963.1993475,501379,1586.2099609375
1781071963.9944267,501740,1586.2099609375
1781071964.758105,502094,1593.3699951171875
1781071965.3343484,502364,1603.7099609375
1781071966.152222,502751,1604.9300537109375
1781071966.6440516,502982,1600.4300537109375
1781071967.448468,503369,1600.4300537109375
1781071968.0935686,503663,1595.4300537109375
1781071968.7305334,503963,1595.2900390625
1781071969.2584476,504216,1595.6099853515625
1781071969.8600187,504492,1582.3900146484375
1781071970.627001,504840,1582.3900146484375
1781071970.9127722,504978,1588.699951171875
1781071971.4650357,505665,1588.72998046875
1781071972.5032961,506145,1603.2900390625
1781071973.1276708,506435,1608.77001953125
1781071973.9748614,506833,1608.77001953125
1781071974.69079,507172,1613.1099853515625
1781071974.9493375,507292,1617.0
1781071976.0585635,507800,1618.2099609375
1781071976.3599265,507938,1612.6400146484375
1781071976.7311726,508106,1612.6400146484375
1781071977.7164583,508563,1609.5899658203125
1781071978.2023888,508784,1621.050048828125
1781071978.6936646,509019,1616.8900146484375
1781071979.2149518,509253,1609.0799560546875
1781071979.8252988,509531,1609.0799560546875
1781071980.3630111,509780,1602.5
1781071981.038997,510078,1600.739990234375
1781071981.2599702,510170,1603.760009765625
1781071981.7156494,510336,1599.77001953125
1781071981.9604983,510428,1599.77001953125
1781071983.2122092,510909,1599.969970703125
1781071983.7512767,511130,1608.489990234375
1781071984.2669466,511348,1602.18994140625
1781071984.8280573,511591,1602.5
1781071985.3857887,511841,1602.5
1781071986.2444186,512197,1605.530029296875
1781071986.9449003,512492,1606.77001953125
1781071987.5347807,512725,1604.9200439453125
1781071988.2656488,513048,1609.219970703125
1781071989.048963,513387,1609.219970703125
1781071989.6656375,513667,1607.9100341796875
1781071990.6283288,514103,1602.719970703125
1781071991.7934678,514643,1618.989990234375
1781071992.7177098,515072,1631.0699462890625
1781071993.8795333,515620,1631.0699462890625
1781071994.5886524,515931,1641.6199951171875
1781071995.4740307,516343,1651.8699951171875
1781071996.3184144,516720,1659.1600341796875
1781071997.1915712,517117,1653.3299560546875
1781071998.0365195,517498,1653.3299560546875
1781071998.5740194,517748,1660.780029296875
1781071999.478902,518147,1653.6300048828125
1781072000.0262513,518392,1649.0799560546875
1781072000.6623425,518681,1630.0699462890625
1781072002.3190944,519453,1630.0699462890625
1781072002.925383,519718,1645.0
1781072002.9335446,520114,1648.8299560546875
1781072003.2771678,520254,1652.2900390625
1781072003.6673377,520434,1641.760009765625
1781072004.7089214,520898,1641.760009765625
1781072005.435004,521235,1639.75
1781072006.0042133,521492,1637.27001953125
1781072006.731285,521824,1640.5699462890625
1781072007.7239914,522270,1645.4300537109375
1781072008.4129238,522566,1645.4300537109375
1781072008.9848764,522829,1653.6300048828125
1781072009.7694838,523195,1632.8299560546875
1781072010.6000023,523570,1647.5699462890625
1781072011.1382864,523815,1648.3900146484375
1781072011.944747,524187,1648.3900146484375
1781072012.71187,524536,1653.0799560546875
1781072013.5856085,524923,1650.0400390625
1781072015.9235244,525092,1648.280029296875
1781072016.7985547,525476,1640.530029296875
1781072017.422835,525768,1640.530029296875
1781072018.5783803,526303,1642.8499755859375
1781072019.2868493,526619,1639.300048828125
1781072019.8567734,526885,1631.0999755859375
1781072020.8289177,527326,1643.0799560546875
1781072021.1269634,527466,1643.0799560546875
1781072021.5280762,527643,1640.9100341796875
1781072022.4327397,528049,1641.0400390625
1781072022.9781096,528294,1639.9200439453125
1781072023.1862638,528386,1624.6700439453125
1781072024.2599676,528895,1624.6700439453125
1781072024.6176586,529057,1620.8299560546875
1781072025.0977712,529282,1619.800048828125
1781072025.8657155,529644,1616.469970703125
1781072026.7150042,530037,1617.68994140625
1781072027.7353113,530519,1617.68994140625
1781072028.4910235,530876,1617.5799560546875
1781072029.691089,531414,1632.219970703125
1781072030.6509786,531865,1634.219970703125
1781072031.089137,532058,1636.27001953125
1781072031.4226084,532207,1636.27001953125
1781072031.955108,532449,1635.4599609375
1781072033.0925062,532966,1637.6300048828125
1781072034.0407782,533386,1643.9300537109375
1781072034.789047,533730,1646.489990234375
1781072034.7607954,534105,1646.489990234375
1781072035.777747,534580,1643.1500244140625
1781072036.486189,534909,1654.5899658203125
1781072037.5854363,535424,1664.9599609375
1781072038.1927443,535697,1662.8499755859375
1781072039.0809994,536093,1662.8499755859375
1781072039.788997,536411,1669.5400390625
1781072040.7841043,536860,1679.06005859375
1781072041.6664512,537265,1682.31005859375
1781072042.921888,537800,1704.47998046875
1781072043.8697364,538183,1704.47998046875
1781072044.3796246,538401,1707.489990234375
1781072045.5485125,538872,1717.22998046875
1781072046.9298232,539502,1730.3399658203125
1781072047.1154623,539594,1716.3699951171875
1781072047.568483,539802,1716.3699951171875
1781072048.3411505,540162,1702.9599609375
1781072049.847455,540861,1711.6600341796875
1781072050.4879563,541154,1720.280029296875
1781072051.4767196,541603,1728.010009765625
1781072051.7985775,541754,1728.010009765625
1781072053.2465549,542394,1733.0400390625
1781072054.1091259,542760,1741.239990234375
1781072055.2648823,543241,1755.1300048828125
1781072057.1091833,543981,1773.9300537109375
1781072057.4546478,544128,1773.9300537109375
1781072057.8986797,544310,1765.25
1781072058.5077977,544561,1758.7099609375
1781072058.7112756,544653,1751.43994140625
1781072059.6711287,545059,1752.760009765625
1781072060.5584779,545412,1752.760009765625
1781072061.1515367,545673,1752.2099609375
1781072062.0286624,546077,1749.1099853515625
1781072062.9096494,546496,1755.719970703125
1781072063.7111256,546864,1764.6300048828125
1781072064.4453485,547209,1764.6300048828125
1781072065.4072316,547665,1771.2099609375
1781072065.7293868,547806,1766.3800048828125
1781072066.2338068,548032,1748.5799560546875
1781072066.8999238,548330,1745.52001953125
1781072066.8631258,548714,1745.52001953125
1781072067.690772,549081,1746.3699951171875
1781072068.2820876,549321,1746.3199462890625
1781072068.6362078,549472,1740.780029296875
1781072072.8093383,550038,1754.3800048828125
1781072074.1337717,550577,1754.3800048828125
1781072075.1103976,550995,1763.47998046875
1781072075.587722,551207,1763.7900390625
1781072076.555156,551656,1770.0999755859375
1781072077.3510537,552018,1781.219970703125
1781072078.373302,552479,1781.219970703125
1781072079.5496294,553033,1794.5699462890625
1781072080.265586,553348,1808.4300537109375
1781072081.2007513,553767,1814.18994140625
1781072081.7353523,554011,1817.3900146484375
1781072082.0008101,554129,1817.3900146484375
1781072082.4461617,554313,1815.760009765625
1781072083.1039848,554593,1804.75
1781072084.4451518,555185,1817.0999755859375
1781072085.0117588,555432,1824.3599853515625
1781072086.062548,555896,1824.3599853515625
1781072086.8185942,556187,1828.6700439453125
1781072087.7006986,556523,1823.75
1781072088.4985678,556801,1832.18994140625
1781072089.1963603,557068,1831.1099853515625
1781072089.874305,557333,1831.1099853515625
1781072090.997283,557823,1827.1500244140625
1781072091.353523,558000,1835.1300048828125
1781072091.954267,558284,1820.72998046875
1781072092.921159,558727,1816.4200439453125
1781072094.0446517,559241,1816.4200439453125
1781072094.6239665,559507,1815.0699462890625
1781072096.0722826,560176,1818.02001953125
1781072097.039993,560609,1822.5699462890625
1781072098.2321272,561108,1829.9599609375
1781072098.529963,561228,1829.9599609375
1781072098.0983644,561409,1817.449951171875
1781072098.6887653,561657,1816.06005859375
1781072099.443761,561955,1811.6300048828125
1781072100.6315792,562460,1821.3800048828125
1781072101.7112615,562919,1821.3800048828125
1781072102.2135677,563120,1808.800048828125
1781072103.41352,563610,1812.260009765625
1781072103.67807,563728,1809.010009765625
1781072104.717424,564186,1820.300048828125
1781072105.417219,564526,1820.300048828125
1781072106.0321157,564806,1816.550048828125
1781072107.510189,565485,1823.4599609375
1781072108.0888247,565749,1825.3900146484375
1781072108.3784995,565888,1815.0699462890625
1781072109.345446,566337,1815.0699462890625
1781072110.216509,566725,1822.3199462890625
1781072111.0409775,567101,1829.8499755859375
1781072111.3791249,567254,1817.6199951171875
1781072112.1332417,567587,1820.9300537109375
1781072112.6055913,567812,1820.9300537109375
1781072113.0142496,568000,1809.780029296875
1781072113.539071,568234,1810.489990234375
1781072114.4154172,568625,1805.3399658203125
1781072114.6985881,568759,1801.3800048828125
1781072115.4488215,569108,1801.3800048828125
1781072116.3605652,569529,1797.8800048828125
1781072116.8420682,569742,1797.0
1781072117.5940711,570082,1801.8699951171875
1781072118.5970688,570532,1798.1500244140625
1781072119.3113186,570845,1798.1500244140625
1781072120.2545578,571279,1806.4599609375
1781072121.1097922,571671,1813.739990234375
1781072122.0429268,572110,1816.9200439453125
1781072122.4552882,572292,1825.969970703125
1781072123.2711554,572671,1825.969970703125
1781072123.910059,572972,1823.8499755859375
1781072125.0195944,573492,1831.3399658203125
1781072125.7153244,573801,1832.93994140625
1781072126.3493721,574091,1832.1199951171875
1781072127.7386212,574736,1832.1199951171875
1781072131.2160404,575282,1839.68994140625
1781072131.8046532,575559,1841.8299560546875
1781072132.3482466,575790,1830.0699462890625
1781072133.5136378,576316,1840.5400390625
1781072134.3186944,576698,1840.5400390625
1781072135.2838204,577126,1847.9300537109375
1781072136.0154448,577460,1849.18994140625
1781072137.4442534,578099,1856.1700439453125
1781072137.9977431,578347,1855.0899658203125
1781072138.4463809,578540,1855.0899658203125
1781072139.2795196,578915,1845.780029296875
1781072139.8966396,579194,1847.25
1781072140.2888055,579378,1831.6800537109375
1781072141.3356917,579865,1837.0400390625
1781072142.63879,580454,1837.0400390625
1781072143.3273723,580772,1844.8699951171875
1781072143.9331517,581046,1835.5
1781072144.331403,581213,1830.6099853515625
1781072145.1143758,581573,1821.449951171875
1781072145.9978278,581967,1821.449951171875
1781072146.755582,582310,1823.8900146484375
1781072147.136238,582482,1820.27001953125
1781072147.7797205,582765,1795.5
1781072149.048105,583253,1816.6400146484375
1781072150.01305,583656,1816.6400146484375
1781072150.8200426,583982,1828.3699951171875
1781072152.6798468,584742,1828.25
1781072154.1372736,585335,1838.489990234375
1781072154.918068,585654,1832.3699951171875
1781072155.8576927,586047,1832.3699951171875
1781072156.3327408,586266,1837.4599609375
1781072157.4104345,586751,1830.3800048828125
1781072158.2727365,587141,1823.56005859375
1781072159.725664,587811,1823.469970703125
1781072160.6130867,588208,1823.469970703125
1781072161.2329736,588875,1840.969970703125
1781072161.8202977,589143,1854.530029296875
1781072162.8376443,589575,1862.1600341796875
1781072163.327733,589773,1858.800048828125
1781072163.942053,590016,1858.800048828125
1781072164.9633915,590441,1856.47998046875
1781072165.3464088,590591,1857.81005859375
1781072166.1660397,590919,1852.2099609375
1781072166.513531,591057,1837.8800048828125
1781072166.7479854,591149,1837.8800048828125
1781072167.9019597,591593,1821.0
1781072169.24209,592113,1843.1300048828125
1781072170.3400304,592565,1843.8599853515625
1781072170.6399882,592701,1845.0899658203125
1781072171.194403,592945,1845.0899658203125
1781072171.9826772,593294,1839.52001953125
1781072172.5765038,593549,1841.010009765625
1781072173.323906,593885,1847.050048828125
1781072173.9844935,594178,1836.0699462890625
1781072174.6102467,594461,1836.0699462890625
1781072175.4720724,594849,1826.969970703125
1781072176.501956,595296,1833.9000244140625
1781072177.4461062,595723,1834.989990234375
1781072178.1259353,596007,1829.8299560546875
1781072179.5857627,596597,1829.8299560546875
1781072179.8406098,596689,1828.9300537109375
1781072180.4969459,596952,1810.81005859375
1781072182.178874,597650,1820.9000244140625
1781072183.5658092,598211,1838.5899658203125
1781072184.9367938,598736,1838.5899658203125
1781072186.1980321,599228,1859.0799560546875
1781072187.0631506,599577,1869.969970703125
1781072191.0796497,600060,1865.5
1781072192.3125312,600581,1876.0899658203125
1781072193.2956796,601027,1876.0899658203125
1781072193.220338,601414,1880.9300537109375
1781072195.0198514,602246,1890.3900146484375
1781072196.174377,602766,1904.97998046875
1781072197.134558,603197,1915.4200439453125
1781072198.1701417,603673,1915.4200439453125
1781072199.5436842,604215,1930.0400390625
1781072200.4490938,604569,1934.1800537109375
1781072201.2435353,604883,1936.300048828125
1781072202.4061186,605359,1935.72998046875
1781072203.0305915,605587,1935.72998046875
1781072203.7358763,605866,1923.0699462890625
1781072204.5538514,606173,1915.8900146484375
1781072205.6902802,606615,1913.8299560546875
1781072206.4665825,606939,1903.8199462890625
1781072207.3307092,607332,1903.8199462890625
1781072208.270006,607739,1918.75
1781072209.4025674,608247,1923.5899658203125
1781072210.6387105,608792,1937.1300048828125
1781072211.1373243,609014,1932.780029296875
1781072212.3803613,609585,1932.780029296875
1781072213.1278186,609928,1942.4000244140625
1781072213.624067,610156,1933.5799560546875
1781072214.577157,610519,1936.4100341796875
1781072215.110431,610737,1932.6099853515625
1781072216.242279,611174,1932.6099853515625
1781072217.4799988,611688,1940.6700439453125
1781072218.2190783,611969,1943.280029296875
1781072219.0869894,612310,1934.949951171875
1781072220.7610474,612963,1953.739990234375
1781072221.7970994,613391,1953.739990234375
1781072222.5067606,613708,1952.02001953125
1781072223.4681299,614127,1952.5999755859375
1781072224.506673,614602,1962.1500244140625
1781072224.348276,614927,1964.239990234375
1781072225.4773314,615449,1964.239990234375
1781072226.5096908,615901,1980.8800048828125
1781072227.3382738,616274,1988.0
1781072227.955493,616553,1993.8599853515625
1781072228.7015934,616874,1995.52001953125
1781072229.2165368,617093,1995.52001953125
1781072229.936441,617370,1991.4200439453125
1781072231.1995366,617878,1987.8800048828125
1781072232.657626,618471,2006.0699462890625
1781072233.8532305,618956,2008.300048828125
1781072234.4553173,619191,2008.300048828125
1781072235.3861184,619565,2008.31005859375
1781072236.4448357,620007,1996.3499755859375
1781072237.7395425,620601,2015.0699462890625
1781072238.6136398,621010,2019.6800537109375
1781072239.2910855,621305,2019.6800537109375
1781072240.2574475,621745,2013.219970703125
1781072241.571785,622344,2030.6800537109375
1781072243.6057472,623253,2052.93994140625
1781072244.575325,623650,2053.27001953125
1781072245.1498704,623867,2053.27001953125
1781072246.2140505,624275,2035.0400390625
1781072247.0060737,624595,2025.3399658203125
1781072247.8738244,624944,2032.47998046875
1781072252.708387,625262,2028.530029296875
1781072253.6869879,625691,2028.530029296875
1781072254.8056185,626193,2031.47998046875
1781072255.2964263,626409,2038.22998046875
1781072255.9413962,626685,2020.6600341796875
1781072256.5546112,626965,2015.239990234375
1781072256.2836318,627233,2015.239990234375
1781072257.0270634,627567,2019.3299560546875
1781072257.9719026,627948,2019.030029296875
1781072259.2468565,628452,2027.5899658203125
1781072260.8105123,629047,2037.8599853515625
1781072262.176357,629562,2037.8599853515625
1781072263.6114235,630138,2034.8199462890625
1781072264.8781028,630638,2051.419921875
1781072265.8668325,631067,2061.2900390625
1781072266.4480944,631324,2060.169921875
1781072267.544535,631813,2060.169921875
1781072268.2314122,632112,2064.169921875
1781072269.1831906,632537,2062.81005859375
1781072269.828344,632823,2074.070068359375
1781072270.6915827,633211,2068.800048828125
1781072271.9314883,633782,2068.800048828125
1781072273.7997518,634551,2079.9599609375
1781072274.4772964,634818,2083.7900390625
1781072275.4542289,635195,2062.469970703125
1781072276.8716815,635758,2074.679931640625
1781072278.3516033,636333,2074.679931640625
1781072279.145135,636655,2086.969970703125
1781072279.8556206,636939,2079.64990234375
1781072280.9676125,637399,2081.199951171875
1781072282.0379326,637866,2072.800048828125
1781072283.02212,638289,2072.800048828125
1781072283.9259033,638692,2066.47998046875
1781072284.5857677,638981,2062.3798828125
1781072285.5885751,639431,2065.219970703125
1781072286.5421739,639861,2074.159912109375
1781072287.97715,640483,2074.159912109375
1781072287.6878786,640706,2086.47998046875
1781072288.292785,640938,2083.02001953125
1781072289.4171927,641375,2084.7099609375
1781072290.6736104,641869,2103.5400390625
1781072291.547382,642204,2103.5400390625
1781072292.63854,642644,2113.280029296875
1781072293.2760174,642896,2099.260009765625
1781072294.6501458,643436,2114.760009765625
1781072295.7120674,643886,2118.580078125
1781072296.758769,644355,2118.580078125
1781072297.7974246,644797,2128.25
1781072298.6827848,645184,2134.919921875
1781072299.7584553,645657,2133.830078125
1781072300.266277,645878,2138.9599609375
1781072300.8858566,646146,2138.9599609375
1781072301.6041102,646471,2137.300048828125
1781072303.2110167,647158,2132.580078125
1781072304.3068511,647561,2144.6201171875
1781072304.9678197,647834,2144.14990234375
1781072306.7449336,648548,2144.14990234375
1781072307.9149716,649006,2151.56005859375
1781072308.7234497,649302,2166.070068359375
1781072310.1421306,649831,2163.159912109375
1781072314.0436206,650062,2144.72998046875
1781072315.2888744,650611,2144.72998046875
1781072316.3722012,651093,2144.929931640625
1781072317.7419002,651672,2145.909912109375
1781072319.42106,652328,2153.580078125
1781072319.3446474,652632,2153.1298828125
1781072320.9299092,653255,2153.1298828125
1781072321.6525004,653547,2154.8798828125
1781072323.1168914,654152,2155.659912109375
1781072324.0240269,654505,2144.199951171875
1781072325.0419612,654944,2141.239990234375
1781072326.0288136,655380,2141.239990234375
1781072326.85308,655759,2136.989990234375
1781072327.530174,656056,2126.81005859375
1781072328.9708235,656685,2131.010009765625
1781072330.0183134,657131,2142.169921875
1781072331.3514783,657700,2142.169921875
1781072332.7212608,658257,2155.889892578125
1781072333.799344,658682,2162.4599609375
1781072335.2292745,659239,2174.219970703125
1781072337.1316702,660012,2194.360107421875
1781072338.172812,660433,2194.360107421875
1781072338.9614813,660734,2194.510009765625
1781072339.8197389,661068,2188.389892578125
1781072341.4815953,661770,2191.449951171875
1781072342.6611965,662298,2202.43994140625
1781072345.203043,663422,2202.43994140625
1781072346.4602675,664001,2222.25
1781072347.61132,664477,2234.030029296875
1781072348.6083422,664867,2250.8798828125
1781072349.5453117,665244,2251.39990234375
1781072350.4726732,665599,2251.39990234375
1781072351.4554875,666321,2248.93994140625
1781072352.433092,666714,2253.139892578125
1781072353.8938086,667287,2264.77001953125
1781072354.528296,667554,2254.56005859375
1781072355.6655848,668059,2254.56005859375
1781072356.0329807,668226,2257.389892578125
1781072358.1840847,669178,2252.969970703125
1781072359.222367,669643,2273.050048828125
1781072360.6081855,670249,2283.81005859375
1781072362.4067304,671005,2283.81005859375
1781072363.632521,671472,2290.5
1781072365.6538055,672276,2302.81005859375
1781072367.8598294,673146,2316.1298828125
1781072369.2716932,673700,2343.7900390625
1781072369.847177,673954,2343.7900390625
1781072370.7030563,674312,2348.77001953125
1781072372.1728573,674971,2350.199951171875
1781072378.1995003,675464,2353.14990234375
1781072380.4349802,676365,2367.219970703125
1781072382.2040672,677079,2367.219970703125
1781072382.93455,677719,2388.64990234375
1781072383.626473,677999,2403.0400390625
1781072384.7387059,678484,2384.639892578125
1781072386.4070585,679225,2399.840087890625
1781072387.710383,679802,2399.840087890625
1781072388.61388,680202,2417.429931640625
1781072388.8191326,680292,2394.52001953125
1781072390.1710093,680876,2370.2900390625
1781072391.95977,681601,2389.330078125
1781072393.073327,682057,2389.330078125
1781072394.8840015,682778,2403.75
1781072396.7292974,683511,2418.699951171875
1781072397.669341,683892,2426.5
1781072398.464386,684200,2428.7900390625
1781072399.2569926,684541,2428.7900390625
1781072400.8191104,685211,2427.889892578125
1781072401.484806,685511,2431.27001953125
1781072402.380628,685902,2435.02001953125
1781072403.095989,686212,2441.2900390625
1781072404.2881813,686731,2441.2900390625
1781072404.8979042,687002,2451.510009765625
1781072405.8162937,687418,2452.47998046875
1781072407.2473314,687993,2458.909912109375
1781072408.0756457,688313,2442.169921875
1781072410.004916,689076,2442.169921875
1781072411.2881508,689596,2454.2099609375
1781072413.2457223,690397,2464.320068359375
1781072414.1446826,690776,2464.199951171875
1781072414.4949653,690928,2456.0400390625
1781072414.0822208,691128,2456.0400390625
1781072414.9046469,691487,2444.89990234375
1781072415.8053148,691888,2445.52001953125
1781072416.7782989,692316,2450.610107421875
1781072418.0808558,692867,2457.929931640625
1781072419.46278,693465,2457.929931640625
1781072420.734567,693998,2457.25
1781072421.924428,694506,2453.659912109375
1781072422.5681427,694761,2461.919921875
1781072423.5512319,695156,2447.3701171875
1781072424.3035564,695445,2447.3701171875
1781072425.5812914,695955,2430.969970703125
1781072427.5094042,696729,2454.219970703125
1781072428.442751,697111,2464.659912109375
1781072429.7754712,697690,2464.320068359375
1781072430.369808,697934,2464.320068359375
1781072431.5393147,698407,2461.6298828125
1781072432.0989883,698624,2456.2099609375
1781072433.9356768,699380,2472.389892578125
1781072435.0383859,699828,2470.31005859375
1781072441.6097038,700450,2470.31005859375
1781072442.5769506,700775,2470.179931640625
1781072443.5103884,701097,2472.719970703125
1781072444.9959893,701697,2486.56005859375
1781072445.3568947,701846,2470.6201171875
1781072446.3580656,702293,2470.6201171875
1781072446.4133692,702696,2476.219970703125
1781072447.658256,703230,2478.27001953125
1781072450.1720061,704327,2491.760009765625
1781072451.6352904,704904,2511.93994140625
1781072453.1810737,705514,2511.93994140625
1781072454.3834975,705982,2519.75
1781072455.7093196,706499,2523.820068359375
1781072457.0643165,707030,2534.0
1781072457.9737833,707389,2531.47998046875
1781072459.0254507,707838,2531.47998046875
1781072460.1901271,708316,2542.360107421875
1781072461.8035064,709015,2556.8701171875
1781072462.6582768,709378,2540.260009765625
1781072464.7282326,710263,2567.93994140625
1781072466.141258,710834,2567.93994140625
1781072467.5348303,711399,2561.6201171875
1781072469.285458,712092,2564.489990234375
1781072470.9593866,712731,2583.97998046875
1781072472.6006327,713376,2603.77001953125
1781072473.9519103,713951,2603.77001953125
1781072474.963327,714403,2600.5400390625
1781072476.1464875,714903,2603.050048828125
1781072477.917428,715669,2617.909912109375
1781072480.027393,716947,2643.699951171875
1781072481.7011764,717587,2643.699951171875
1781072483.2637348,718209,2646.340087890625
1781072485.793771,719195,2669.639892578125
1781072487.759665,719989,2674.60009765625
1781072489.2884183,720650,2698.929931640625
1781072490.3905685,721121,2698.929931640625
1781072490.9043064,721337,2695.52001953125
1781072491.8743505,721749,2690.340087890625
1781072493.903415,722633,2720.64990234375
1781072495.4203691,723492,2724.72998046875
1781072496.0902958,723881,2724.72998046875
1781072496.8137298,724294,2720.169921875
1781072497.4052346,724638,2716.3798828125
1781072502.0695128,725177,2706.5400390625
1781072503.3021693,725901,2705.340087890625
1781072504.173547,726419,2705.340087890625
1781072505.472796,727163,2706.0400390625
1781072506.385424,727681,2733.840087890625
1781072507.6777396,728436,2737.7900390625
1781072509.0655155,729225,2747.159912109375
1781072509.5529199,729991,2747.159912109375
1781072510.3518243,730444,2731.830078125
1781072511.221823,730940,2733.10009765625
1781072512.226754,731512,2730.77001953125
1781072513.1316795,732033,2741.449951171875
1781072513.8898482,732474,2741.449951171875
1781072515.2725463,733285,2753.81005859375
1781072516.742097,734143,2756.179931640625
1781072518.0314417,734896,2779.739990234375
1781072519.407182,735679,2794.97998046875
1781072520.401859,736187,2794.97998046875
1781072521.2148235,736640,2801.429931640625
1781072521.4875987,736779,2799.090087890625
1781072522.572468,737357,2774.5
1781072524.1575239,738206,2788.429931640625
1781072524.8742108,738609,2788.429931640625
1781072526.5519586,739534,2783.5400390625
1781072527.6503236,740123,2784.75
1781072528.7808378,740744,2783.739990234375
1781072529.640228,741211,2770.530029296875
1781072531.016618,741996,2770.530029296875
1781072531.6059544,742323,2789.239990234375
1781072532.237979,742664,2789.0
1781072532.943081,743041,2771.260009765625
1781072535.0656996,744160,2781.830078125
1781072536.4123151,744908,2781.830078125
1781072537.711352,745591,2776.3798828125
1781072538.802079,746184,2788.199951171875
1781072539.9134085,746752,2796.919921875
1781072540.713051,747167,2787.840087890625
1781072540.9247253,747701,2787.840087890625
1781072541.612602,748041,2781.22998046875
1781072542.5425985,748487,2792.929931640625
1781072543.5432458,748986,2794.820068359375
1781072545.1202862,749803,2798.35009765625
1781072550.7491136,750157,2798.35009765625
1781072551.434761,750483,2791.590087890625
1781072553.0294065,751319,2794.31005859375
1781072553.4456291,751545,2782.0
1781072554.8362837,752275,2793.6201171875
1781072556.122948,752979,2793.6201171875
1781072556.965409,753428,2812.340087890625
1781072558.4135163,754185,2812.919921875
1781072559.9647205,754962,2834.830078125
1781072560.768921,755356,2836.1201171875
1781072562.2935941,756122,2836.1201171875
1781072564.5191698,757214,2846.81005859375
1781072566.0191665,757912,2881.080078125
1781072567.2028186,758492,2881.530029296875
1781072568.753814,759215,2906.43994140625
1781072569.4345946,759506,2906.43994140625
1781072571.3454762,760436,2888.719970703125
1781072572.2918158,760921,2885.72998046875
1781072573.0161245,761768,2907.39990234375
1781072573.9724302,762263,2923.840087890625
1781072576.4053204,763498,2923.840087890625
1781072577.2174723,763901,2964.02001953125
1781072579.1024215,764845,2978.320068359375
1781072580.1517544,765412,2997.9599609375
1781072580.9653947,765839,2989.409912109375
1781072582.0793114,766368,2989.409912109375
1781072583.5621545,767110,2983.389892578125
1781072584.8440566,767726,2991.1298828125
1781072586.886615,768722,3022.39990234375
1781072588.4515302,769453,3042.68994140625
1781072590.012349,770206,3042.68994140625
1781072591.1694174,770799,3066.590087890625
1781072593.156457,771853,3064.050048828125
1781072594.3723557,772463,3079.06005859375
1781072595.001735,772793,3075.02001953125
1781072596.0316164,773335,3075.02001953125
1781072597.2605531,773987,3088.550048828125
1781072598.1501155,774425,3100.47998046875
1781072604.5429478,775792,3113.260009765625
1781072605.919507,776499,3137.530029296875
1781072607.075954,777087,3137.530029296875
1781072609.1961913,778059,3144.60009765625
1781072610.9414768,778906,3170.570068359375
1781072612.0183392,779463,3177.679931640625
1781072613.5186522,780221,3205.81005859375
1781072614.9387329,780951,3205.81005859375
1781072615.799627,781385,3218.760009765625
1781072617.0618768,782018,3222.25
1781072618.2599413,782627,3220.050048828125
1781072619.6273158,783319,3207.64990234375
1781072620.7578382,783877,3207.64990234375
1781072621.7887902,784410,3203.330078125
1781072623.5535686,785285,3220.070068359375
1781072624.5667186,785794,3217.530029296875
1781072626.155135,786559,3237.669921875
1781072626.9930208,786972,3237.669921875
1781072628.41354,787629,3233.6201171875
1781072630.1696355,788487,3231.6298828125
1781072631.5608876,789187,3264.090087890625
1781072632.1882653,789503,3240.570068359375
1781072633.615708,790255,3240.570068359375
1781072634.543489,790718,3246.85009765625
1781072635.9535553,791430,3250.7900390625
1781072636.7546642,792288,3239.68994140625
1781072639.0690706,793469,3274.409912109375
1781072640.8942468,794383,3274.409912109375
1781072642.0305693,794942,3289.25
1781072643.3449118,795581,3289.510009765625
1781072645.3107462,796533,3294.5
1781072647.3096497,797511,3293.0400390625
1781072648.2843523,797978,3293.0400390625
1781072650.4306414,799061,3287.169921875
1781072651.4703474,799595,3285.199951171875
1781072659.4036243,800421,3292.860107421875
1781072660.9941788,801202,3292.239990234375
1781072662.7294755,802088,3292.239990234375
1781072663.929552,802666,3315.139892578125
1781072665.3130782,803332,3333.719970703125
1781072667.8467708,804538,3340.52001953125
1781072667.1783407,804628,3315.760009765625
1781072668.5266566,805307,3315.760009765625
1781072669.9904702,806042,3337.27001953125
1781072671.6756449,806915,3347.780029296875
1781072672.680361,807423,3364.47998046875
1781072674.3235197,808276,3365.39990234375
1781072676.2903862,809279,3365.39990234375
1781072677.2207155,809732,3386.0400390625
1781072679.36082,810816,3387.75
1781072681.3333843,811822,3390.080078125
1781072681.756797,812025,3382.070068359375
1781072683.7465,813025,3382.070068359375
1781072685.2411096,813781,3397.919921875
1781072686.8989437,814595,3406.8798828125
1781072689.9498754,816090,3428.6201171875
1781072691.5810425,816910,3465.3701171875
1781072693.801125,818036,3465.3701171875
1781072695.752237,819046,3477.68994140625
1781072696.9705048,819680,3503.929931640625
1781072699.0142574,820705,3501.510009765625
1781072699.5985742,821456,3501.469970703125
1781072700.7780542,822075,3501.469970703125
1781072702.2984324,822842,3506.5400390625
1781072703.9088624,823624,3526.5
1781072705.0859354,824188,3549.590087890625
1781072705.7145362,824502,3522.1201171875
1781072712.9420621,825372,3522.1201171875
1781072715.663288,826760,3531.760009765625
1781072716.2761865,827058,3555.179931640625
1781072717.8502011,827831,3556.43994140625
1781072718.8154225,828319,3554.699951171875
1781072720.4088416,829131,3554.699951171875
1781072721.6909418,829772,3561.7099609375
1781072722.471114,830140,3568.280029296875
1781072724.0665169,830923,3581.080078125
1781072725.81617,831683,3570.8798828125
1781072728.3969975,832761,3570.8798828125
1781072730.9608889,833722,3590.469970703125
1781072732.4029613,834580,3592.93994140625
1781072734.137887,835222,3609.0400390625
1781072736.2734437,836029,3624.10009765625
1781072737.9303505,836725,3624.10009765625
1781072739.6955595,837442,3631.81005859375
1781072743.9029534,839170,3680.139892578125
1781072747.7723958,840638,3722.580078125
1781072749.798105,841391,3733.010009765625
1781072751.9484966,842177,3733.010009765625
1781072754.1117487,843070,3753.179931640625
1781072755.211689,843528,3756.3798828125
1781072758.1893857,844758,3786.5400390625
1781072761.1177254,845859,3812.47998046875
1781072764.2769713,847378,3812.47998046875
1781072766.762889,848335,3842.580078125
1781072768.9225178,849242,3851.3798828125
1781072780.1590476,850028,3867.330078125
1781072782.4515371,850969,3893.72998046875
1781072785.027354,852054,3893.72998046875
1781072786.6181338,852720,3906.030029296875
1781072789.2240684,853748,3887.419921875
1781072791.2063272,854511,3903.7099609375
1781072794.0784287,855573,3923.7900390625
1781072795.677959,856536,3923.7900390625
1781072797.8777196,857458,3948.679931640625
1781072800.9372072,858582,3967.18994140625
1781072802.4146748,859118,3963.510009765625
1781072804.9717393,860041,3980.56005859375
1781072807.1178126,860890,3980.56005859375
1781072811.0419638,862343,3972.719970703125
1781072812.5880687,862916,4000.030029296875
1781072814.2540498,863511,3995.68994140625
1781072817.169065,864534,4016.97998046875
1781072820.7240772,865866,4016.97998046875
1781072822.308494,866467,4047.77001953125
1781072825.3927877,867629,4057.469970703125
1781072827.2421622,868651,4057.02001953125
1781072829.4616065,869555,4072.909912109375
1781072833.0438988,870911,4072.909912109375
1781072834.8779085,871585,4092.590087890625
1781072837.7086275,872644,4096.830078125
1781072839.8886123,873541,4100.56005859375
1781072841.4854364,874202,4125.2001953125
1781072853.5720937,875104,4125.2001953125
1781072855.0486798,875713,4134.2900390625
1781072856.8519263,876832,4152.7998046875
1781072860.0157251,878080,4160.02978515625
1781072862.2079432,878876,4163.60009765625
1781072864.912755,879897,4163.60009765625
1781072866.9405544,880723,4181.60009765625
1781072870.2235322,882046,4180.91015625
1781072871.285585,882474,4194.9599609375
1781072872.8716362,883122,4184.43017578125
1781072875.1934364,884015,4184.43017578125
1781072877.444731,884840,4194.06005859375
1781072882.1337733,886534,4222.18994140625
1781072884.4209776,887428,4238.7099609375
1781072886.4344008,888255,4265.58984375
1781072888.8571239,889235,4265.58984375
1781072890.4701374,890099,4285.68017578125
1781072892.3380904,890774,4281.990234375
1781072894.3002846,891492,4295.5498046875
1781072896.160414,892168,4292.7900390625
1781072899.398334,893503,4292.7900390625
1781072903.0085793,894958,4336.18994140625
1781072905.4484096,895864,4362.830078125
1781072907.28075,896545,4358.6201171875
1781072908.9874454,897164,4375.080078125
1781072910.3505132,897654,4375.080078125
1781072913.6247761,898962,4387.68017578125
1781072914.9005792,899470,4400.6201171875
1781072926.8456297,900838,4421.47998046875
1781072928.2816098,901422,4386.97021484375
1781072929.7308676,901997,4386.97021484375
1781072931.5022433,902707,4374.72998046875
1781072933.619038,903478,4391.5400390625
1781072935.5451884,904172,4382.85986328125
1781072938.928657,905372,4383.35009765625
1781072941.4277751,906333,4383.35009765625
1781072943.3151236,907081,4408.14013671875
1781072946.1019251,908173,4404.47021484375
1781072948.8817105,909211,4425.1201171875
1781072951.6420734,910192,4429.06005859375
1781072953.5738642,911219,4429.06005859375
1781072957.1959138,912676,4449.43017578125
1781072959.703235,913642,4481.22021484375
1781072961.1909919,914195,4461.8798828125
1781072964.5535877,915448,4502.580078125
1781072966.5379715,916167,4502.580078125
1781072969.4453902,917232,4500.75
1781072973.5028267,918707,4520.6201171875
1781072974.5455875,919095,4532.14990234375
1781072977.2304003,920073,4541.91015625
1781072980.251793,921197,4541.91015625
1781072983.3849928,922370,4551.7998046875
1781072986.5573504,923840,4561.759765625
1781072988.0340655,924361,4586.68994140625
1781072989.5433245,924913,4585.83984375
1781073002.8321178,925618,4585.83984375
1781073006.0209298,926827,4570.85986328125
1781073007.658043,927426,4590.35009765625
1781073011.8634126,928981,4598.43994140625
1781073013.4297416,929559,4576.259765625
1781073015.1403131,930503,4576.259765625
1781073018.96805,931893,4576.0400390625
1781073020.6314929,932501,4581.509765625
1781073023.335055,933447,4573.58984375
1781073027.0455508,934767,4602.56982421875
1781073030.372309,936006,4602.56982421875
1781073033.2002604,937023,4623.93994140625
1781073036.2199123,938118,4636.89990234375
1781073038.2828612,938872,4649.31982421875
1781073042.4982579,940368,4704.740234375
1781073046.6059315,941881,4704.740234375
1781073048.820179,942982,4731.509765625
1781073050.8970306,943764,4722.06005859375
1781073052.8238401,944454,4734.2001953125
1781073055.8398688,945531,4758.7998046875
1781073058.4480348,946434,4758.7998046875
1781073061.5054457,947516,4759.77978515625
1781073064.168081,948475,4781.6298828125
1781073068.012793,949832,4816.35009765625
1781073081.635432,950485,4822.89013671875
1781073084.6963348,951720,4822.89013671875
1781073086.1657221,952305,4823.81982421875
1781073088.9877954,953458,4818.35986328125
1781073091.1604998,954350,4834.06982421875
1781073093.2192304,955169,4836.259765625
1781073096.2864046,956381,4836.259765625
1781073099.111549,957521,4855.5498046875
1781073100.8118663,958209,4830.8798828125
1781073104.1978347,959562,4824.9599609375
1781073106.9680629,960669,4841.75
1781073110.1023774,961956,4841.75
1781073111.7488189,962952,4859.7900390625
1781073113.9618382,963841,4876.3701171875
1781073118.2916563,965613,4898.02001953125
1781073120.8112233,966622,4901.31982421875
1781073123.8242295,967826,4901.31982421875
1781073127.1096985,969162,4886.330078125
1781073130.5372295,970514,4906.97021484375
1781073133.672676,971617,4917.7998046875
1781073136.1562114,972501,4932.08984375
1781073139.4307113,973655,4932.08984375
1781073140.8795424,974166,4937.25
1781073141.901339,974847,4925.740234375
1781073160.4027212,976955,4944.14990234375
1781073162.001386,977525,4948.68017578125
1781073165.2636485,978659,4948.68017578125
1781073168.993109,979950,4956.72021484375
1781073170.8110404,980658,4956.72998046875
1781073175.235862,982600,4980.240234375
1781073176.8691328,983165,4995.580078125
1781073180.5448725,984553,4995.580078125
1781073182.7544477,985439,5011.18994140625
1781073184.967338,986324,4996.14013671875
1781073188.606963,987675,5003.8701171875
1781073190.6026254,988379,5024.39013671875
1781073193.9994664,989605,5024.39013671875
1781073196.3835504,990531,5026.31005859375
1781073199.4921284,991762,5025.580078125
1781073203.0001652,993078,5029.0
1781073204.314891,993556,5030.41015625
1781073207.8142319,995109,5030.41015625
1781073210.5752714,996202,5038.2001953125
1781073213.634281,997433,5068.52001953125
1781073217.3099525,998799,5070.72021484375
1781073219.8723447,999708,5090.64013671875
1781073235.16464,1000582,5090.64013671875
1781073236.5860717,1001400,5091.009765625
1781073239.2871652,1002470,5088.2900390625
1781073241.300905,1003249,5089.580078125
1781073244.5251808,1004505,5095.759765625
1781073246.7304354,1005266,5095.759765625
1781073249.760919,1006350,5083.080078125
1781073252.066395,1007180,5084.669921875
1781073254.168008,1008018,5077.14013671875
1781073256.654952,1008989,5105.3701171875
1781073259.5430045,1010086,5105.3701171875
1781073262.2392213,1011021,5108.81982421875
1781073266.2024472,1012384,5104.85986328125
1781073268.094313,1013077,5103.47021484375
1781073269.6190546,1014005,5100.83984375
1781073272.543715,1015144,5100.83984375
1781073274.8572748,1015981,5104.25
1781073277.876895,1017048,5099.83984375
1781073281.080503,1018170,5130.33984375
1781073283.6748867,1019189,5151.509765625
1781073287.335069,1020638,5151.509765625
1781073290.257219,1021668,5151.27978515625
1781073293.208417,1022688,5140.68017578125
1781073294.5817733,1023154,5143.330078125
1781073297.7772248,1024342,5157.27001953125
1781073312.4369335,1025465,5157.27001953125
1781073315.4739847,1026641,5162.18994140625
1781073318.5261683,1027771,5188.2998046875
1781073322.8744066,1029298,5188.08984375
1781073324.2406638,1029760,5203.52978515625
1781073325.9287148,1030344,5203.52978515625
1781073327.143237,1030816,5202.5498046875
1781073330.584055,1032129,5197.25
1781073331.2043693,1032721,5212.009765625
1781073333.9751356,1033697,5202.75
1781073336.7427127,1034652,5202.75
1781073339.539773,1035625,5204.93994140625
1781073341.4443016,1036377,5201.85009765625
1781073344.8102794,1037709,5192.64990234375
1781073345.6079288,1038028,5182.89990234375
1781073348.655788,1039141,5182.89990234375
1781073350.8176353,1039883,5168.8798828125
1781073354.446577,1041157,5161.06982421875
1781073358.7827437,1042876,5201.2900390625
1781073361.1759598,1043807,5203.66015625
1781073364.1272297,1045202,5203.66015625
1781073368.146346,1046629,5220.60009765625
1781073370.8518043,1047656,5235.68994140625
1781073372.7626119,1048404,5240.14013671875
1781073375.542575,1049489,5245.68017578125
1781073391.640454,1050785,5245.68017578125
1781073394.7206743,1052173,5247.6298828125
1781073398.0870998,1053350,5257.330078125
1781073401.3043017,1054612,5265.64990234375
1781073403.019426,1055297,5284.509765625
1781073406.2279994,1056509,5284.509765625
1781073408.5534012,1057338,5301.83984375
1781073410.09476,1057866,5288.64990234375
1781073413.0168777,1058890,5282.68994140625
1781073416.1349444,1060120,5291.5
1781073418.5844932,1061075,5291.5
1781073422.5291457,1062511,5302.2099609375
1781073426.4636545,1063862,5290.169921875
1781073428.3934586,1064867,5313.68994140625
1781073432.136103,1066164,5324.93017578125
1781073436.2895472,1067566,5324.93017578125
1781073439.865154,1068795,5330.490234375
1781073442.6837437,1069771,5335.41015625
1781073444.6057615,1070437,5335.39013671875
1781073446.9551637,1071276,5305.580078125
1781073451.0135157,1072726,5305.580078125
1781073453.7318318,1073683,5302.169921875
1781073467.8939292,1075029,5313.08984375
1781073473.408989,1076914,5344.27978515625
1781073474.8324003,1077422,5344.72998046875
1781073478.5416622,1078735,5344.72998046875
1781073481.0168157,1079575,5357.5400390625
1781073484.7580864,1080883,5346.35009765625
1781073487.7573895,1081931,5342.509765625
1781073489.4995565,1082517,5350.259765625
1781073491.3224301,1083438,5350.259765625
1781073496.8760037,1085365,5361.81982421875
1781073499.6800947,1086307,5389.259765625
1781073501.8769305,1087073,5381.39013671875
1781073505.7419956,1088409,5399.14990234375
1781073508.0892131,1089238,5399.14990234375
1781073511.813884,1090537,5389.77978515625
1781073513.9834912,1091297,5389.52978515625
1781073517.2575533,1092433,5383.68017578125
1781073519.5610428,1093254,5372.97021484375
1781073523.375774,1094912,5372.97021484375
1781073526.7302647,1096095,5384.8798828125
1781073529.5757942,1097075,5381.5
1781073533.650955,1098478,5374.93994140625
1781073534.8264017,1098894,5360.47021484375
1781073554.4728017,1100452,5360.47021484375
1781073556.7957675,1101279,5371.60009765625
1781073561.5742216,1102929,5369.509765625
1781073565.0538502,1104122,5363.64013671875
1781073567.774196,1105066,5372.35009765625
1781073571.8518984,1106493,5372.35009765625
1781073577.0120666,1108290,5386.06982421875
1781073580.7914197,1109596,5432.7001953125
1781073582.0855157,1110048,5432.7001953125
1781073585.4728334,1111522,5429.1298828125
1781073589.0602102,1112787,5429.1298828125
1781073591.5099206,1113591,5432.740234375
1781073594.0927265,1114672,5420.43994140625
1781073597.0828304,1115893,5402.02978515625
1781073599.283548,1116854,5416.64013671875
1781073603.0529542,1118244,5416.64013671875
1781073605.7160487,1119457,5420.97021484375
1781073607.8205924,1120473,5437.60009765625
1781073610.647546,1121584,5445.2998046875
1781073614.3508089,1122970,5452.81005859375
1781073616.065708,1124067,5452.81005859375
1781073617.8886821,1124828,5442.259765625
1781073630.7072222,1125865,5458.3798828125
1781073633.0083392,1126977,5454.6298828125
1781073634.702902,1127795,5438.97998046875
1781073636.2988627,1128598,5438.97998046875
1781073639.603869,1129990,5416.1298828125
1781073643.4992704,1131335,5411.14013671875
1781073646.1208696,1132387,5422.2900390625
1781073648.127412,1133785,5432.330078125
1781073650.5431008,1134947,5432.330078125
1781073653.426493,1136235,5447.740234375
1781073655.62671,1137030,5457.18017578125
1781073659.1466908,1138249,5465.509765625
1781073662.0807917,1139230,5458.68994140625
1781073664.7138147,1140183,5458.68994140625
1781073668.159772,1141406,5461.7900390625
1781073669.7291036,1141950,5474.43017578125
1781073674.854719,1143730,5483.41015625
1781073676.4273257,1144309,5482.35986328125
1781073679.55992,1145407,5482.35986328125
1781073682.0992417,1146599,5487.9599609375
1781073686.8580341,1148257,5496.81005859375
1781073689.3473418,1149102,5508.5498046875
1781073702.03159,1150231,5518.47021484375
1781073706.2789392,1151707,5518.47021484375
1781073708.5966728,1152523,5532.33984375
1781073713.4006019,1154481,5559.0400390625
1781073716.8104765,1155659,5548.56982421875
1781073719.3845322,1156561,5564.43994140625
1781073723.4194062,1157993,5564.43994140625
1781073725.7434218,1158795,5562.3701171875
1781073728.696074,1159822,5556.22021484375
1781073731.9604712,1160921,5571.39013671875
1781073734.638877,1161825,5569.0400390625
1781073737.7874105,1162905,5569.0400390625
1781073739.8223903,1163625,5565.669921875
1781073742.9298477,1164703,5538.60009765625
1781073743.8981004,1165335,5529.18017578125
1781073746.302915,1166176,5526.14013671875
1781073749.3529944,1167258,5526.14013671875
1781073753.1612267,1168560,5553.14990234375
1781073755.9191067,1169499,5566.0
1781073759.0824728,1170596,5578.56982421875
1781073761.6302452,1171452,5580.0498046875
1781073765.4194808,1172729,5580.0498046875
1781073768.938773,1173951,5582.27001953125
1781073771.4650712,1174813,5605.22998046875
1781073788.4424512,1176383,5606.669921875
1781073790.0898657,1176947,5626.6201171875
1781073792.1814559,1177692,5626.6201171875
1781073794.7827914,1178608,5613.02978515625
1781073797.8983076,1179697,5608.7900390625
1781073801.318205,1180919,5585.81982421875
1781073803.1996152,1181627,5582.31005859375
1781073805.73823,1182636,5582.31005859375
1781073807.223427,1183559,5568.5400390625
1781073810.4073145,1184820,5555.9599609375
1781073814.0935805,1186262,5559.9501953125
1781073814.9615672,1186600,5554.25
1781073816.1094582,1187068,5554.25
1781073819.6087444,1188419,5526.77001953125
1781073820.68165,1188850,5519.919921875
1781073823.5217266,1189960,5496.25
1781073826.6064172,1191196,5505.91015625
1781073830.3777657,1192666,5505.91015625
1781073832.5852668,1193516,5515.35009765625
1781073836.0776396,1194901,5520.14013671875
1781073837.4085822,1195417,5528.240234375
1781073838.8174677,1196311,5517.8701171875
1781073842.0441158,1197581,5517.8701171875
1781073843.9919333,1198331,5514.06982421875
1781073845.2987852,1198845,5498.2900390625
1781073857.8992667,1200029,5488.08984375
1781073860.4846358,1201031,5464.91015625
1781073862.649313,1201874,5464.91015625
1781073866.0444574,1203198,5447.72998046875
1781073869.0506375,1204384,5455.35009765625
1781073869.2647185,1204818,5448.8701171875
1781073872.8025775,1206188,5466.66015625
1781073876.10013,1207460,5466.66015625
1781073879.2972417,1208709,5465.08984375
1781073882.3608582,1209907,5462.06005859375
1781073885.3288565,1211052,5444.33984375
1781073886.735946,1211612,5437.91015625
1781073890.3848734,1213068,5437.91015625
1781073893.5556073,1214319,5444.31982421875
1781073894.6047084,1214726,5460.93994140625
1781073896.157711,1215329,5422.759765625
1781073898.6068568,1216312,5421.93994140625
1781073901.1816278,1217686,5421.93994140625
1781073904.2852044,1218913,5419.18994140625
1781073908.0063808,1220412,5417.02001953125
1781073909.7118108,1221082,5431.330078125
1781073912.4231825,1222152,5419.60009765625
1781073915.343937,1223301,5419.60009765625
1781073919.3928351,1224907,5426.0498046875
1781073932.3224456,1225872,5457.89013671875
1781073936.8756733,1227662,5462.56005859375
1781073938.5901313,1228335,5472.93994140625
1781073941.9762986,1229667,5472.93994140625
1781073944.6210089,1230719,5462.85009765625
1781073947.403888,1231836,5468.39990234375
1781073950.8613331,1233186,5462.93994140625
1781073952.5250392,1233839,5467.77978515625
1781073955.4449534,1235002,5467.77978515625
1781073957.0372171,1235623,5457.14990234375
1781073959.982664,1236701,5441.509765625
1781073962.2225773,1237489,5426.33984375
1781073965.1026323,1238811,5419.85009765625
1781073968.675975,1240035,5419.85009765625
1781073972.787046,1241445,5412.10986328125
1781073975.1575663,1242237,5412.85009765625
1781073980.7359831,1244158,5417.52001953125
1781073982.8618681,1244887,5404.9599609375
1781073986.772728,1246239,5404.9599609375
1781073990.2277353,1247502,5407.75
1781073991.743503,1248104,5421.35986328125
1781073994.058225,1249005,5407.14013671875
1781073996.1339183,1249823,5389.16015625
1781074009.2897542,1250499,5389.16015625
1781074012.9979935,1251865,5356.60986328125
1781074016.23423,1253013,5366.7001953125
1781074021.1740599,1254868,5362.7001953125
1781074021.4310114,1254960,5349.759765625
1781074024.5300786,1256187,5349.759765625
1781074027.4932196,1257270,5356.7099609375
1781074030.7751923,1258713,5353.97998046875
1781074034.399152,1260053,5371.5400390625
1781074036.2306492,1260763,5389.1298828125
1781074039.697801,1262067,5389.1298828125
1781074041.4340143,1262679,5405.56005859375
1781074045.6260984,1264152,5405.89013671875
1781074050.0174983,1265848,5403.7900390625
1781074051.4996045,1266439,5376.75
1781074054.8767881,1267712,5376.75
1781074058.2566152,1268909,5380.2998046875
1781074058.696366,1269365,5370.10009765625
1781074061.6832883,1270470,5341.33984375
1781074064.351713,1271492,5360.72998046875
1781074066.2689967,1272264,5360.72998046875
1781074069.5939572,1273485,5370.06005859375
1781074087.4156923,1275103,5369.6201171875
1781074089.6327498,1275901,5365.58984375
1781074092.6854086,1277392,5393.27001953125
1781074096.1996856,1278778,5393.27001953125
1781074101.3297453,1280616,5408.31982421875
1781074105.5434175,1282117,5416.41015625
1781074106.9321384,1282653,5414.0400390625
1781074108.6077788,1283316,5393.39013671875
1781074112.6775846,1284876,5393.39013671875
1781074115.8298976,1285938,5396.35986328125
1781074118.3955157,1286825,5401.3798828125
1781074122.0540633,1288195,5388.14013671875
1781074124.800697,1289615,5392.08984375
1781074127.549834,1290713,5392.08984375
1781074131.8653364,1292262,5377.330078125
1781074134.1410372,1293026,5400.25
1781074138.2240841,1294522,5418.0498046875
1781074141.8221111,1295934,5434.490234375
1781074143.5485945,1296616,5434.490234375
1781074145.43898,1297281,5420.3701171875
1781074148.2962916,1298293,5429.31005859375
1781074149.1561568,1298638,5400.330078125
1781074163.8661666,1300015,5423.990234375
1781074168.0108216,1301444,5423.990234375
1781074169.76418,1302049,5432.5
1781074172.0986793,1302937,5414.97998046875
1781074175.7448816,1304388,5420.240234375
1781074178.5881107,1305483,5431.2998046875
1781074180.908684,1306300,5431.2998046875
1781074185.8689032,1308373,5447.91015625
1781074189.5190208,1309800,5447.7900390625
1781074191.9358542,1310725,5468.35986328125
1781074194.6189213,1311687,5459.830078125
1781074197.7012324,1312801,5459.830078125
1781074200.1255417,1313672,5471.669921875
1781074203.295202,1314906,5462.93994140625
1781074205.2748723,1315647,5475.009765625
1781074209.100317,1317107,5489.490234375
1781074213.680677,1318692,5489.490234375
1781074214.3832238,1318920,5509.77001953125
1781074217.5589528,1320470,5469.33984375
1781074218.9246075,1320988,5484.35009765625
1781074220.950982,1321767,5477.009765625
1781074223.0412192,1322553,5477.009765625
1781074227.124803,1323980,5484.759765625
1781074242.1856167,1325107,5496.93017578125
1781074247.1503565,1326999,5522.330078125
1781074248.2634058,1327437,5519.60986328125
1781074250.7818875,1328727,5519.60986328125
1781074252.95004,1329461,5517.18017578125
1781074257.0295434,1330855,5503.14013671875
1781074259.417497,1331727,5504.419921875
1781074259.8170369,1331880,5492.18994140625
1781074263.2212298,1333193,5492.18994140625
1781074266.8108582,1334545,5492.89013671875
1781074270.180031,1335692,5515.72998046875
1781074271.519374,1336178,5518.02001953125
1781074273.7625399,1336977,5507.259765625
1781074278.1161625,1338707,5507.259765625
1781074281.196748,1340171,5536.43017578125
1781074284.8833249,1341427,5545.14013671875
1781074288.1217198,1342562,5544.64990234375
1781074289.3380492,1343044,5543.77001953125
1781074291.1373045,1343742,5543.77001953125
1781074294.7786667,1345182,5525.52978515625
1781074296.4864242,1345796,5520.5
1781074299.4504302,1346821,5516.77001953125
1781074301.700168,1347608,5509.31005859375
1781074304.2833977,1348585,5509.31005859375
1781074306.6067927,1349502,5491.240234375
1781074319.9118917,1350888,5497.06982421875
1781074320.6773672,1351194,5509.0
1781074322.7991931,1352021,5497.60009765625
1781074325.6046734,1353063,5497.60009765625
1781074329.3599522,1354400,5485.14013671875
1781074331.663498,1355228,5483.56005859375
1781074333.241228,1355839,5457.77978515625
1781074336.9473789,1357303,5475.14013671875
1781074339.9673147,1358436,5475.14013671875
1781074343.8166008,1359823,5477.02978515625
1781074346.282184,1361028,5461.58984375
1781074347.2415926,1361396,5458.259765625
1781074349.9770966,1362456,5434.06005859375
1781074354.344078,1364135,5434.06005859375
1781074358.3641481,1365554,5443.68994140625
1781074360.8468747,1366433,5451.14013671875
1781074364.3524275,1367797,5462.81005859375
1781074366.2470868,1368530,5456.490234375
1781074370.0377266,1369897,5456.490234375
1781074372.501887,1370718,5462.27001953125
1781074374.7518084,1371764,5457.7998046875
1781074376.6317248,1372483,5464.43994140625
1781074379.5329702,1373608,5460.5400390625
1781074381.4184084,1374327,5460.5400390625
1781074396.642884,1375713,5433.91015625
1781074399.0989766,1376581,5423.52001953125
1781074401.1539955,1377309,5402.97998046875
1781074404.7298014,1378546,5414.740234375
1781074408.3194861,1380112,5414.740234375
1781074410.7808838,1380973,5424.72021484375
1781074414.083258,1382164,5417.56005859375
1781074416.050035,1382852,5426.4501953125
1781074420.2976308,1384037,5437.06982421875
1781074422.536568,1384923,5437.06982421875
1781074424.5577576,1385857,5444.85986328125
1781074425.2983584,1386191,5417.68994140625
1781074428.5973043,1387712,5411.919921875
1781074429.5541365,1388154,5396.39013671875
1781074431.8939822,1389174,5396.39013671875
1781074435.2896073,1390686,5389.8701171875
1781074436.9629686,1391436,5401.47998046875
1781074439.033861,1392768,5390.64990234375
1781074441.2925377,1393876,5393.27001953125
1781074443.2517016,1394823,5393.27001953125
1781074446.5084474,1396084,5377.7001953125
1781074448.7590933,1397063,5371.3798828125
1781074452.0423143,1398719,5366.31982421875
1781074452.7126093,1399057,5373.47021484375
1781074467.74965,1400385,5373.47021484375
1781074469.8563766,1401576,5373.25
1781074474.2065558,1403117,5381.6298828125
1781074476.7366145,1404002,5410.22021484375
1781074479.0410056,1404851,5403.2998046875
1781074481.729471,1405898,5403.2998046875
1781074485.4295568,1407347,5395.52001953125
1781074488.0103865,1408276,5401.16015625
1781074493.138164,1410063,5422.14013671875
1781074494.9718738,1410774,5404.60009765625
1781074498.2949595,1412068,5404.60009765625
1781074501.019997,1413099,5396.68994140625
1781074503.6400425,1414274,5378.0400390625
1781074507.5289736,1415598,5381.35009765625
1781074509.8015518,1416474,5395.8798828125
1781074514.1321323,1418137,5395.8798828125
1781074517.2842307,1419257,5406.93994140625
1781074520.0204878,1420205,5398.97021484375
1781074522.8374946,1421190,5402.35986328125
1781074526.3027105,1422543,5386.81982421875
1781074529.7236037,1423864,5386.81982421875
1781074544.355269,1425116,5401.97998046875
1781074546.0433636,1425686,5384.5400390625
1781074549.6617432,1426935,5356.4501953125
1781074551.8501744,1427705,5340.169921875
1781074554.9007332,1428878,5340.169921875
1781074558.5057294,1430309,5365.830078125
1781074562.692577,1431730,5365.60986328125
1781074563.5543146,1431997,5412.72021484375
1781074566.395338,1433318,5401.64990234375
1781074569.1890175,1434388,5401.64990234375
1781074572.2587383,1435582,5383.18017578125
1781074575.5370111,1436731,5415.2001953125
1781074578.980617,1437909,5402.0
1781074581.1123796,1438659,5396.919921875
1781074583.6191845,1439647,5396.919921875
1781074587.1740932,1441016,5367.5
1781074589.4636357,1441912,5364.1298828125
1781074591.499698,1442702,5350.10986328125
1781074594.4442444,1443757,5352.52001953125
1781074598.6330934,1445527,5352.52001953125
1781074601.4165683,1446616,5377.2001953125
1781074605.519756,1448236,5395.080078125
1781074606.8364944,1448735,5393.43017578125
1781074623.1271095,1450421,5402.3798828125
1781074627.5328405,1451967,5402.3798828125
1781074629.5387094,1452965,5400.740234375
1781074634.68743,1454784,5439.5
1781074637.1144416,1455647,5442.27978515625
1781074641.0321205,1457113,5483.25
1781074644.5939412,1458496,5483.25
1781074649.0535815,1460125,5507.9501953125
1781074653.4583313,1461615,5508.77001953125
1781074654.628925,1462024,5494.56005859375
1781074656.7359831,1462843,5485.66015625
1781074659.6787713,1463997,5485.66015625
1781074661.0475583,1464853,5473.919921875
1781074665.9651427,1466675,5497.72021484375
1781074667.7559707,1467522,5494.91015625
1781074669.1545265,1468245,5524.1201171875
1781074671.3956854,1469359,5524.1201171875
1781074673.530487,1470405,5524.35009765625
1781074675.8319595,1471544,5512.35986328125
1781074676.8301897,1472022,5504.60986328125
1781074678.8620162,1473008,5510.919921875
1781074682.1800656,1474602,5510.919921875
1781074694.3055732,1475994,5508.60009765625
1781074696.3933954,1477043,5497.8701171875
1781074699.345882,1478513,5524.81005859375
1781074701.1653063,1479449,5525.93994140625
1781074703.1541123,1480479,5525.93994140625
1781074705.4680815,1481678,5526.68017578125
1781074707.1218526,1482540,5527.64013671875
1781074709.0108585,1483477,5522.72021484375
1781074711.1763833,1484376,5540.35986328125
1781074714.5257604,1485551,5540.35986328125
1781074716.8641205,1486382,5557.02978515625
1781074720.129818,1487560,5534.97021484375
1781074722.1462283,1488346,5558.35986328125
1781074724.9016395,1489770,5580.02978515625
1781074728.6228487,1491130,5580.02978515625
1781074730.9852703,1491941,5587.6298828125
1781074734.4808397,1493211,5568.18017578125
1781074737.5147154,1494389,5587.64013671875
1781074738.1016371,1494610,5562.4501953125
1781074740.1102006,1495376,5562.4501953125
1781074744.3433616,1496901,5546.0400390625
1781074747.1655893,1497830,5547.39990234375
1781074750.7238796,1499110,5555.419921875
1781074763.8176265,1500003,5572.16015625
1781074767.6451929,1501463,5572.16015625
1781074770.18537,1502419,5563.4501953125
1781074773.0343223,1503377,5554.419921875
1781074775.9004433,1504356,5545.1298828125
1781074779.2526882,1505561,5551.64013671875
1781074781.4526124,1506411,5551.64013671875
1781074784.148443,1507444,5528.2099609375
1781074786.196594,1508527,5552.6201171875
1781074789.2272286,1509541,5546.06005859375
1781074790.7288802,1510027,5527.18017578125
1781074792.7416623,1510703,5527.18017578125
1781074795.3613074,1511716,5537.18017578125
1781074797.5973155,1512572,5520.43017578125
1781074801.914319,1514147,5515.68017578125
1781074802.2174404,1514237,5498.5498046875
1781074805.9141796,1515505,5498.5498046875
1781074809.8534017,1516956,5485.02978515625
1781074813.0410097,1518193,5493.93017578125
1781074816.9765263,1519628,5526.22998046875
1781074818.3476427,1520383,5524.509765625
1781074822.5329363,1521854,5524.509765625
1781074824.860877,1522768,5547.4501953125
1781074829.328923,1524513,5565.3701171875
1781074844.9492874,1525494,5588.6298828125
1781074847.039424,1526252,5594.66015625
1781074849.1275115,1527273,5594.66015625
1781074853.3827608,1528897,5590.93994140625
1781074857.101373,1530342,5596.6201171875
1781074859.2995627,1531119,5604.22998046875
1781074862.8728843,1532329,5608.93994140625
1781074866.2064016,1533548,5608.93994140625
1781074869.7069216,1534911,5620.169921875
1781074873.9960825,1536560,5620.06005859375
1781074877.3240523,1537724,5632.2900390625
1781074878.3391328,1538070,5631.5498046875
1781074881.0177312,1539035,5631.5498046875
1781074882.9282663,1540124,5614.240234375
1781074884.434391,1540712,5606.68994140625
1781074885.8912873,1541270,5584.10009765625
1781074887.2418833,1541798,5548.7099609375
1781074890.950233,1543114,5548.7099609375
1781074893.9004657,1544185,5562.27001953125
1781074896.4303315,1545136,5552.5400390625
1781074897.990835,1545744,5529.52001953125
1781074900.5014727,1546719,5508.259765625
1781074902.3280985,1547429,5508.259765625
1781074906.3134038,1548846,5488.669921875
1781074909.4847543,1549917,5495.669921875
1781074922.5871003,1550913,5482.240234375
1781074925.7330873,1552045,5493.39013671875
1781074929.2003667,1553392,5493.39013671875
1781074933.4521906,1554932,5473.68994140625
1781074935.9944363,1555869,5479.5400390625
1781074940.4011135,1557483,5490.2001953125
1781074943.1433861,1558436,5506.10009765625
1781074945.866242,1559700,5506.10009765625
1781074949.9656482,1561275,5507.419921875
1781074954.0149941,1562818,5516.7900390625
1781074957.718842,1564097,5533.06982421875
1781074959.723612,1564818,5555.18017578125
1781074962.6805482,1565894,5555.18017578125
1781074966.315613,1567185,5541.56005859375
1781074969.1831868,1568190,5552.7099609375
1781074972.895913,1569490,5553.60986328125
1781074975.125761,1570282,5548.830078125
1781074978.2109752,1571636,5548.830078125
1781074982.0356014,1573003,5560.22021484375
1781074984.1827,1573772,5556.35009765625
1781074999.216181,1575188,5544.1298828125
1781074999.7067225,1575372,5538.77978515625
1781075002.6651683,1576528,5538.77978515625
1781075006.7533486,1577966,5548.43994140625
1781075007.6442945,1578279,5551.0
1781075009.1624162,1579107,5528.85009765625
1781075012.0546677,1580220,5528.85009765625
1781075015.6490421,1581637,5528.85009765625
1781075018.3012965,1582642,5515.919921875
1781075021.5062504,1583759,5510.009765625
1781075024.0497358,1584656,5494.68994140625
1781075026.7711785,1585692,5481.10009765625
1781075029.7200496,1586882,5481.10009765625
1781075033.8636336,1588455,5485.08984375
1781075038.5023198,1590101,5490.68017578125
1781075039.7182722,1590872,5483.52001953125
1781075042.2163367,1591840,5459.1298828125
1781075045.8957837,1593279,5459.1298828125
1781075048.144633,1594167,5459.43017578125
1781075051.4295316,1595471,5439.580078125
1781075053.3468237,1596237,5443.43994140625
1781075055.5698655,1597125,5441.27001953125
1781075059.2215385,1598568,5441.27001953125
1781075061.3720117,1599401,5454.669921875
1781075074.4986622,1600753,5439.64990234375
1781075075.193282,1601014,5430.080078125
1781075078.0110247,1602105,5424.68017578125
1781075080.4120274,1603028,5424.68017578125
1781075084.0093777,1604445,5416.259765625
1781075086.5558045,1605467,5429.56982421875
1781075090.2395163,1606904,5445.169921875
1781075092.5610166,1607813,5462.1298828125
1781075095.368166,1608909,5462.1298828125
1781075097.5570836,1609758,5439.759765625
1781075102.0106864,1611354,5443.52001953125
1781075104.9832835,1612793,5435.97998046875
1781075106.9858115,1613595,5435.39013671875
1781075109.3226695,1614513,5435.39013671875
1781075112.786641,1615740,5430.81005859375
1781075115.103094,1616532,5446.8798828125
1781075117.9390433,1617536,5443.81982421875
1781075120.8815982,1618662,5440.9599609375
1781075123.0223384,1619490,5440.9599609375
1781075128.5619333,1621467,5428.5400390625
1781075131.851075,1622587,5460.85009765625
1781075133.0835326,1623049,5452.919921875
1781075135.3591688,1624277,5449.509765625
1781075151.579201,1625609,5449.509765625
1781075154.0080705,1626525,5458.2001953125
1781075157.8806312,1627875,5476.259765625
1781075158.7065372,1628167,5442.68017578125
1781075162.1283221,1629416,5461.56005859375
1781075165.2050369,1630606,5461.56005859375
1781075165.6522224,1631133,5479.08984375
1781075170.2103243,1632845,5462.72021484375
1781075174.6987047,1634423,5476.169921875
1781075176.6613436,1635189,5476.56005859375
1781075181.0100284,1636883,5476.56005859375
1781075183.7622864,1637907,5485.77978515625
1781075189.3033311,1639833,5492.18994140625
1781075191.5326812,1640642,5509.8701171875
1781075193.3775182,1641343,5500.009765625
1781075197.268294,1642844,5500.009765625
1781075201.3414426,1644578,5528.06982421875
1781075203.7038586,1645403,5536.56005859375
1781075206.9539888,1646641,5544.43994140625
1781075208.9790294,1647414,5563.93017578125
1781075212.8245356,1648910,5563.93017578125
1781075228.484427,1650023,5586.25
1781075232.268889,1651379,5599.0400390625
1781075234.0887406,1652062,5615.22021484375
1781075237.1884265,1653296,5630.41015625
1781075239.98723,1654394,5630.41015625
1781075242.2813237,1655210,5624.83984375
1781075246.3319023,1656638,5598.22998046875
1781075248.1605132,1657294,5589.33984375
1781075251.1184964,1658454,5590.8701171875
1781075254.0085623,1659601,5590.8701171875
1781075256.7200172,1660640,5575.669921875
1781075259.1341443,1661471,5568.5498046875
1781075260.1216598,1662146,5536.240234375
1781075262.220261,1662875,5533.080078125
1781075266.5349205,1664547,5533.080078125
1781075269.6066499,1665744,5561.47021484375
1781075273.6623027,1667170,5548.830078125
1781075275.385964,1667750,5545.10009765625
1781075279.511393,1669275,5545.81005859375
1781075283.030707,1670647,5545.81005859375
1781075285.776357,1671698,5551.2099609375
1781075287.0639756,1672135,5541.9599609375
1781075291.8931377,1674621,5533.97998046875
1781075292.3600435,1674861,5539.35009765625
1781075303.9330547,1676014,5539.35009765625
1781075306.5197694,1677042,5551.93994140625
1781075310.166731,1678444,5555.3798828125
1781075313.0519555,1679488,5583.31982421875
1781075316.778319,1680791,5627.18017578125
1781075320.0337074,1681999,5627.18017578125
1781075321.7454817,1682665,5624.759765625
1781075324.951144,1684275,5609.35009765625
1781075328.7916198,1685729,5636.33984375
1781075329.6555457,1686069,5641.6201171875
1781075331.7577915,1686811,5641.6201171875
1781075336.052393,1688305,5639.5400390625
1781075339.4749064,1689564,5644.1298828125
1781075342.100263,1690597,5654.10009765625
1781075343.2295258,1691036,5626.81005859375
1781075346.7320132,1692373,5626.81005859375
1781075350.8737752,1693849,5625.759765625
1781075353.5716195,1694818,5626.919921875
1781075355.7943516,1695682,5630.169921875
1781075356.1895735,1696172,5576.6201171875
1781075360.314863,1697765,5576.6201171875
1781075363.9502826,1698990,5579.77978515625
1781075366.6822376,1699911,5591.25
1781075382.0034633,1701323,5581.490234375
1781075384.5425131,1702311,5566.64013671875
1781075386.512082,1703082,5566.64013671875
1781075389.30147,1704475,5559.4501953125
1781075392.9964397,1705763,5581.81005859375
1781075397.6251674,1707423,5568.0
1781075399.9352086,1708319,5588.56982421875
1781075403.8280764,1709837,5588.56982421875
1781075407.1618237,1711086,5596.5
1781075410.369939,1712360,5605.990234375
1781075415.5043802,1714210,5614.33984375
1781075416.4800391,1714538,5633.8701171875
1781075419.0945213,1715792,5633.8701171875
1781075422.5417974,1717130,5637.169921875
1781075427.2407718,1718899,5650.85986328125
1781075429.694077,1719783,5669.240234375
1781075432.115107,1720598,5682.39013671875
1781075436.5859668,1722315,5682.39013671875
1781075440.4582016,1723848,5694.259765625
1781075441.7667317,1724302,5702.9501953125
1781075454.5121458,1725937,5703.8798828125
1781075455.7288404,1726509,5699.8798828125
1781075457.4759061,1727334,5699.8798828125
1781075460.1595802,1728592,5667.0498046875
1781075462.8122659,1729724,5673.259765625
1781075465.4993193,1730722,5641.509765625
1781075467.4524567,1731637,5659.419921875
1781075469.9282188,1732831,5659.419921875
1781075473.8840778,1734242,5648.7900390625
1781075475.8178546,1734986,5661.97021484375
1781075478.6631677,1736102,5644.64013671875
1781075480.4610913,1736948,5660.7900390625
1781075482.9404109,1738515,5660.7900390625
1781075486.2560165,1740095,5668.31982421875
1781075488.9867337,1741402,5696.5
1781075489.6319654,1741712,5693.72998046875
1781075491.8970234,1742700,5691.52978515625
1781075496.3077788,1744212,5691.52978515625
1781075499.0744188,1745170,5713.8701171875
1781075505.2676795,1747316,5708.31982421875
1781075506.7933445,1747847,5712.259765625
1781075509.6567023,1748833,5708.6298828125
1781075527.0411613,1750253,5708.6298828125
1781075529.6946435,1751177,5725.6298828125
1781075533.4828937,1752506,5706.91015625
1781075536.9511511,1753723,5700.31982421875
1781075537.917431,1754061,5686.8701171875
1781075542.065423,1755492,5686.8701171875
1781075544.886666,1756783,5708.31005859375
1781075547.749827,1757778,5707.89013671875
1781075552.8817909,1759560,5723.89013671875
1781075554.6907985,1760183,5729.009765625
1781075558.4601595,1761489,5729.009765625
1781075562.2363884,1762782,5737.43017578125
1781075566.073655,1764143,5728.39990234375
1781075569.5291874,1765340,5746.18017578125
1781075572.4661942,1766348,5751.18994140625
1781075575.3216157,1767319,5751.18994140625
1781075576.3742745,1767997,5725.89990234375
1781075580.5366607,1769437,5720.35986328125
1781075584.906351,1770950,5743.81982421875
1781075586.7401285,1771591,5755.25
1781075590.7464914,1772975,5755.25
1781075593.261697,1773855,5760.77001953125
1781075612.1870313,1775644,5765.169921875
1781075614.5772731,1776473,5754.06005859375
1781075616.8256195,1777278,5751.990234375
1781075618.975926,1778021,5751.990234375
1781075623.778711,1779707,5727.60009765625
1781075624.9457402,1780115,5721.93017578125
1781075629.538943,1781753,5720.7099609375
1781075632.2205064,1782705,5723.27001953125
1781075636.8995042,1784360,5723.27001953125
1781075638.3985617,1784891,5731.25
1781075643.6396518,1787032,5707.0498046875
1781075644.962513,1787477,5722.91015625
1781075648.5039918,1788711,5720.97998046875
1781075651.843843,1789868,5720.97998046875
1781075655.5539865,1791171,5716.14013671875
1781075657.904946,1791983,5714.0498046875
1781075661.3726492,1793191,5704.72998046875
1781075664.627779,1794318,5710.06005859375
1781075668.4098744,1795645,5710.06005859375
1781075670.976357,1796538,5720.0
1781075674.5865316,1798094,5733.47998046875
1781075676.0891006,1798625,5731.0498046875
1781075697.0864027,1800038,5732.68017578125
1781075701.6375866,1801612,5732.68017578125
1781075704.9798548,1803095,5753.4501953125
1781075707.149704,1803881,5758.93017578125
1781075709.5858383,1804742,5781.85009765625
1781075714.1608028,1806349,5808.0
1781075717.8990366,1807666,5808.0
1781075721.8925445,1809066,5792.4501953125
1781075724.6421459,1810018,5787.43017578125
1781075728.1137407,1811222,5793.490234375
1781075731.215714,1812293,5789.64990234375
1781075734.8111365,1813876,5789.64990234375
1781075737.7848413,1814939,5795.41015625
1781075741.5227187,1816257,5808.60009765625
1781075745.4550242,1817640,5792.72021484375
1781075745.6861033,1817732,5783.75
1781075750.5435562,1819429,5783.75
1781075754.7011988,1820891,5800.16015625
1781075757.823356,1821995,5815.5
1781075761.603985,1823308,5808.7099609375
1781075764.2916799,1824253,5807.7001953125
1781075780.4705307,1825863,5807.7001953125
1781075784.3853314,1827239,5818.990234375
1781075787.3845842,1828275,5840.08984375
1781075791.2723885,1829659,5828.240234375
1781075792.8476784,1830217,5834.7998046875
1781075797.091511,1831715,5834.7998046875
1781075801.1945572,1833467,5864.5400390625
1781075804.6283965,1834686,5874.18017578125
1781075807.004491,1835509,5880.56982421875
1781075810.3129075,1836675,5894.77978515625
1781075813.9536955,1837946,5894.77978515625
1781075816.7227614,1838905,5896.89013671875
1781075820.9818296,1840410,5879.0498046875
1781075822.030712,1840778,5862.9501953125
1781075824.8259666,1841770,5893.2900390625
1781075829.5098326,1843707,5893.2900390625
1781075832.1860278,1844631,5908.75
1781075834.8656285,1845568,5895.41015625
1781075838.58924,1846880,5884.0498046875
1781075840.476363,1847534,5878.3798828125
1781075843.7615001,1848673,5878.3798828125
1781075846.0745158,1849481,5895.2998046875
1781075863.6255429,1850756,5864.8701171875
1781075869.3225572,1852751,5875.64990234375
1781075871.0368898,1853344,5870.3701171875
1781075875.9477787,1855081,5870.3701171875
1781075879.672792,1856400,5877.72021484375
1781075882.6768239,1857451,5870.08984375
1781075884.8125448,1858194,5859.3701171875
1781075888.826116,1859638,5872.85986328125
1781075892.874979,1861374,5872.85986328125
1781075897.10995,1862891,5891.97021484375
1781075899.8190439,1863850,5887.85986328125
1781075903.925496,1865290,5885.31982421875
1781075904.8288836,1865611,5869.2900390625
1781075907.952629,1866714,5869.2900390625
1781075910.842022,1867730,5843.66015625
1781075913.1032279,1868534,5835.68017578125
1781075916.7361019,1869843,5847.97998046875
1781075919.7116275,1870882,5844.2001953125
1781075923.9881208,1872377,5844.2001953125
1781075927.043669,1873797,5876.43994140625
1781075928.728319,1874392,5864.31005859375
1781075947.461017,1875826,5891.0498046875
1781075951.0675216,1877098,5887.85009765625
1781075955.751469,1878742,5887.85009765625
1781075957.3018045,1879610,5907.14990234375
1781075962.5059628,1881429,5902.9599609375
1781075964.537827,1882149,5923.60986328125
1781075968.5879757,1883561,5933.7001953125
1781075972.4994922,1884939,5933.7001953125
1781075975.2293634,1885880,5921.89990234375
1781075978.527624,1887041,5901.3798828125
1781075981.7225566,1888176,5924.39013671875
1781075985.311918,1889432,5938.5400390625
1781075988.6076024,1890925,5938.5400390625
1781075989.8356621,1891353,5935.8798828125
1781075993.4186504,1892608,5896.77978515625
1781075994.2407405,1892901,5885.60986328125
1781075997.4469032,1894029,5877.240234375
1781076000.0044754,1894928,5877.240234375
1781076002.4994795,1895805,5850.2998046875
1781076006.3175616,1897156,5854.91015625
1781076011.0851486,1898856,5853.14013671875
1781076012.0464253,1899179,5873.72998046875
1781076028.6827931,1900276,5873.72998046875
1781076032.7880342,1901723,5859.3701171875
1781076034.1340716,1902196,5851.77978515625
1781076036.8533492,1903152,5833.77001953125
1781076040.6908522,1904493,5841.4599609375
1781076042.3695936,1905094,5841.4599609375
1781076047.958356,1907067,5814.1298828125
1781076050.6002195,1907995,5832.97998046875
1781076052.1463823,1908864,5814.9501953125
1781076055.3178391,1909982,5814.4599609375
1781076060.0964859,1911647,5814.4599609375
1781076062.8932033,1912626,5842.06982421875
1781076067.6682765,1914317,5850.08984375
1781076068.6492414,1914661,5854.93017578125
1781076073.0736651,1916235,5854.7001953125
1781076077.145263,1917665,5854.7001953125
1781076081.195916,1919081,5856.490234375
1781076083.5451765,1920309,5865.7001953125
1781076086.69375,1921926,5867.93017578125
1781076087.8628187,1922536,5879.22021484375
1781076089.6459663,1923469,5879.22021484375
1781076091.7450075,1924558,5873.43994140625
1781076101.8767376,1925743,5883.7001953125
1781076103.9617562,1926808,5872.10009765625
1781076106.0235672,1927866,5875.18994140625
1781076108.6992118,1929248,5875.18994140625
1781076111.575672,1930712,5860.4501953125
1781076113.9958491,1931950,5875.22998046875
1781076113.7673252,1932274,5858.509765625
1781076115.5382504,1933176,5847.43994140625
1781076118.2859511,1934593,5847.43994140625
1781076120.5557508,1935758,5847.009765625
1781076123.1207542,1937077,5842.3798828125
1781076124.1869292,1937624,5844.35986328125
1781076125.4332736,1938263,5826.64013671875
1781076128.24346,1939636,5826.64013671875
1781076131.4805949,1941182,5835.16015625
1781076134.4306083,1942600,5846.14013671875
1781076135.726297,1943231,5856.509765625
1781076138.6052294,1944607,5851.77001953125
1781076141.5706284,1946112,5851.77001953125
1781076144.7180605,1947723,5852.7998046875
1781076147.688157,1949204,5856.06982421875
1781076149.2912228,1949763,5858.85986328125
1781076165.7628245,1950999,5855.509765625
1781076169.4076984,1952420,5855.509765625
1781076172.4595737,1953616,5856.0498046875
1781076174.8945546,1954453,5853.3798828125
1781076177.611668,1955369,5836.2998046875
1781076180.518583,1956685,5845.3798828125
1781076185.0786304,1958383,5845.3798828125
1781076189.0910666,1959944,5852.009765625
1781076190.992882,1960613,5853.830078125
1781076195.5996926,1962180,5848.52978515625
1781076197.3178709,1962763,5870.89013671875
1781076200.6626787,1964075,5870.89013671875
1781076205.1166303,1965804,5865.31005859375
1781076207.274795,1966531,5868.669921875
1781076211.6185021,1968327,5863.580078125
1781076213.2047718,1968931,5857.02978515625
1781076217.2605963,1970491,5857.02978515625
1781076220.832465,1971786,5856.9501953125
1781076225.959554,1973548,5872.2001953125
1781076227.6546948,1974162,5867.47021484375
1781076229.6811576,1974938,5858.68017578125
1781076246.8822956,1976644,5858.68017578125
1781076250.9568481,1978080,5862.47998046875
1781076253.2849693,1978858,5863.669921875
1781076259.491241,1981137,5861.7001953125
1781076260.8168986,1981648,5868.5498046875
1781076263.7575076,1982798,5868.5498046875
1781076268.4695554,1984364,5857.509765625
1781076270.9906886,1985219,5875.91015625
1781076273.9630089,1986716,5881.02978515625
1781076274.556294,1986938,5876.0400390625
1781076279.232442,1988754,5876.0400390625
1781076283.779808,1990327,5872.31005859375
1781076287.5723534,1991756,5877.06982421875
1781076288.9511282,1992297,5897.06005859375
1781076290.7735424,1993003,5888.43994140625
1781076293.3664594,1993985,5888.43994140625
1781076299.7031975,1996179,5900.91015625
1781076303.824193,1997723,5911.97021484375
1781076303.619189,1997991,5913.14990234375
1781076307.111666,1999345,5909.75
1781076323.58112,2000347,5909.75
1781076328.2692466,2001961,5886.830078125
1781076331.0867407,2003024,5889.72998046875
1781076333.4668524,2003960,5912.77001953125
1781076335.6546926,2005136,5889.81005859375
1781076340.426051,2006782,5889.81005859375
1781076342.5280838,2007505,5884.27001953125
1781076344.874622,2008352,5854.740234375
1781076350.5602407,2010564,5871.35009765625
1781076352.1180868,2011134,5890.72021484375
1781076357.5746393,2013029,5890.72021484375
1781076361.5039244,2014461,5922.31982421875
1781076362.9706092,2015030,5937.66015625
1781076367.9587405,2017228,5940.97021484375
1781076370.9480581,2018280,5965.02978515625
1781076375.1520538,2019858,5965.02978515625
1781076378.6177204,2021223,5965.60009765625
1781076382.81037,2022770,5982.9501953125
1781076385.2112548,2023612,5985.22021484375
1781076400.7509239,2025104,5989.2099609375
1781076403.8271985,2026257,5989.2099609375
1781076408.4415622,2028076,5981.77001953125
1781076412.646217,2029564,5995.330078125
1781076415.6532116,2030617,6000.93017578125
1781076419.0605023,2031922,6003.18017578125
1781076421.61064,2032923,6003.18017578125
1781076424.2874432,2033989,5998.97021484375
1781076427.4608486,2035101,5993.93994140625
1781076429.4838178,2035821,5981.56982421875
1781076431.6093495,2036909,5967.72021484375
1781076433.7040284,2037720,5967.72021484375
1781076437.5826385,2039277,5936.16015625
1781076439.2539215,2039890,5985.4599609375
1781076444.6230233,2041768,5973.25
1781076445.5397217,2042086,5990.6201171875
1781076449.3319578,2043551,5990.6201171875
1781076454.4906087,2045531,6021.02001953125
1781076457.329266,2046533,6047.75
1781076459.4865198,2047314,6048.85009765625
1781076461.6479769,2048101,6025.669921875
1781076464.1792643,2049438,6025.669921875
1781076479.1866949,2050212,6037.0
1781076480.2034712,2050731,6019.02001953125
1781076483.1910913,2052256,6036.97021484375
1781076485.7427135,2053543,6030.85986328125
1781076488.2761145,2054833,6030.85986328125
1781076491.1504061,2056290,6054.3798828125
1781076493.5905995,2057539,6037.7001953125
1781076494.6416051,2058529,6051.68994140625
1781076497.0622752,2059777,6060.4501953125
1781076500.1661797,2061372,6060.4501953125
1781076501.7484813,2062155,6057.68994140625
1781076504.896755,2063733,6042.02001953125
1781076507.0558155,2064842,6041.35986328125
1781076507.6309235,2065127,6024.2001953125
1781076509.0198631,2065839,6024.2001953125
1781076511.4442308,2067049,5995.58984375
1781076513.7455854,2068133,6000.169921875
1781076515.7252626,2069108,5997.75
1781076518.6408272,2070566,5989.83984375
1781076521.6978686,2072074,5989.83984375
1781076522.9946327,2072692,6019.89013671875
1781076528.032779,2074826,6026.85009765625
1781076548.9822679,2076133,6029.330078125
1781076551.5952277,2077050,6035.9599609375
1781076554.4378786,2078102,6035.9599609375
1781076556.3940682,2079119,6022.64013671875
1781076557.674479,2080246,6023.2099609375
1781076562.5356357,2082787,6039.009765625
1781076562.883419,2082966,6060.080078125
1781076566.1976905,2084673,6060.080078125
1781076569.107502,2086183,6077.1298828125
1781076571.743768,2087472,6085.93017578125
1781076574.0729957,2088554,6115.080078125
1781076577.040087,2089934,6135.22998046875
1781076580.3858445,2091614,6135.22998046875
1781076581.8443336,2092351,6138.990234375
1781076584.1914542,2093472,6112.60986328125
1781076588.007399,2094828,6122.68994140625
1781076590.6254702,2096045,6125.7998046875
1781076593.774597,2097142,6125.7998046875
1781076597.511731,2098408,6105.27978515625
1781076601.548227,2099820,6093.72021484375
1781076619.5432787,2100909,6105.02978515625
1781076621.2042556,2101497,6087.77001953125
1781076626.1106043,2103225,6087.77001953125
1781076629.9025345,2104529,6100.27001953125
1781076632.5555282,2105442,6113.8701171875
1781076637.6425104,2107185,6126.759765625
1781076639.5418057,2107840,6114.0498046875
1781076644.4672935,2109531,6114.0498046875
1781076648.0017924,2110757,6111.7099609375
1781076651.035358,2111796,6108.330078125
1781076651.2261493,2112161,6104.759765625
1781076653.7582808,2113029,6078.490234375
1781076659.272237,2114961,6078.490234375
1781076663.593568,2116458,6093.669921875
1781076667.4210534,2117783,6103.7099609375
1781076669.164404,2118366,6085.66015625
1781076672.3350732,2119440,6088.02001953125
1781076676.925254,2120998,6088.02001953125
1781076681.4652855,2122567,6086.240234375
1781076683.0612187,2123425,6090.39990234375
1781076686.0908442,2124466,6090.85009765625
1781076704.9470823,2125595,6094.47021484375
1781076709.243807,2127103,6094.47021484375
1781076713.4677103,2128571,6085.14013671875
1781076716.3069286,2129943,6097.39013671875
1781076718.4234307,2130681,6072.580078125
1781076720.2591681,2131289,6054.06005859375
1781076723.566769,2132422,6054.06005859375
1781076728.8914566,2134251,6063.2099609375
1781076730.4652085,2134796,6061.31005859375
1781076733.493973,2135852,6061.52001953125
1781076737.787372,2137328,6084.41015625
1781076740.8992097,2138394,6084.41015625
1781076742.4305592,2138922,6053.6201171875
1781076744.6379426,2139681,6030.009765625
1781076748.1356559,2141189,6032.7099609375
1781076752.550974,2142715,6057.06982421875
1781076756.136429,2143972,6057.06982421875
1781076759.8817096,2145276,6041.91015625
1781076764.8338013,2146985,6036.97021484375
1781076766.709605,2147660,6049.22021484375
1781076770.659541,2149032,6055.669921875
1781076792.5429063,2150646,6055.669921875
1781076796.4014783,2151981,6073.66015625
1781076799.6112254,2153086,6063.77978515625
1781076801.1223907,2153622,6045.8701171875
1781076804.0572917,2154651,6049.080078125
1781076808.7803893,2156308,6049.080078125
1781076812.6139336,2157940,6050.7900390625
1781076815.3835342,2158887,6085.2099609375
1781076820.9186249,2160845,6085.91015625
1781076822.4809558,2161386,6078.72021484375
1781076826.8354065,2162907,6078.72021484375
1781076830.7030385,2164229,6069.93017578125
1781076833.1816962,2165072,6056.8798828125
1781076838.842044,2167013,6046.10986328125
1781076840.6206925,2167621,6042.31005859375
1781076843.525328,2168932,6042.31005859375
1781076848.4990618,2170631,6028.89013671875
1781076853.005295,2172174,6037.5498046875
1781076857.4512815,2173702,6037.8701171875
1781076858.5732453,2174094,6028.419921875
1781076876.7348826,2175506,6028.419921875
1781076880.0495715,2176653,6025.35009765625
1781076883.024706,2177669,6011.77001953125
1781076885.4429405,2178509,6002.4501953125
1781076889.1931512,2179821,5985.31005859375
1781076892.8681548,2181100,5985.31005859375
1781076897.3689175,2182627,5989.72021484375
1781076898.5938988,2183041,6006.64990234375
1781076904.0964851,2184920,5999.2001953125
1781076904.9637895,2185516,6013.52978515625
1781076910.07062,2187253,6013.52978515625
1781076915.8529758,2189192,6052.669921875
1781076919.964374,2190577,6073.06982421875
1781076921.8779469,2191228,6079.27001953125
1781076925.360609,2192404,6082.509765625
1781076929.0742986,2193648,6082.509765625
1781076932.5237553,2194773,6065.91015625
1781076936.3356938,2196061,6051.6298828125
1781076939.0879967,2197335,6053.35009765625
1781076940.5179172,2197830,6058.93994140625
1781076944.5608044,2199243,6058.93994140625
1781076960.1845508,2200646,6060.27978515625
1781076962.7242908,2201531,6077.77978515625
1781076966.1932256,2202732,6065.16015625
1781076968.1284215,2203732,6077.2001953125
1781076972.8805017,2205358,6077.2001953125
1781076975.6509044,2206301,6092.740234375
1781076977.0478632,2206776,6072.1201171875
1781076980.2031538,2207843,6059.419921875
1781076984.9246624,2209471,6057.72998046875
1781076988.55461,2210723,6057.72998046875
1781076992.4507353,2212049,6050.77978515625
1781076994.7965624,2212848,6061.66015625
1781076999.4822505,2214692,6074.85009765625
1781077001.8155627,2215491,6084.85009765625
1781077005.836651,2216872,6084.85009765625
1781077007.6330216,2217486,6112.43994140625
1781077012.7569218,2219247,6097.60009765625
1781077015.5545185,2220218,6107.330078125
1781077018.87787,2221352,6101.89013671875
1781077023.8609712,2223078,6101.89013671875
1781077027.9713519,2224512,6108.6298828125
1781077043.9796162,2225223,6089.3798828125
1781077049.6047914,2227148,6097.5400390625
1781077052.043839,2227970,6107.10986328125
1781077056.833716,2229641,6107.10986328125
1781077059.8438737,2230666,6133.259765625
1781077064.8001974,2232664,6146.27001953125
1781077066.5068252,2233256,6130.259765625
1781077068.6659923,2233989,6111.35986328125
1781077073.096364,2235504,6111.35986328125
1781077077.4008298,2236964,6103.509765625
1781077080.7111793,2238087,6105.0
1781077083.7688591,2239145,6077.3701171875
1781077085.640738,2239793,6064.8798828125
1781077090.5172849,2241480,6064.8798828125
1781077093.681689,2242570,6066.6201171875
1781077097.0590794,2244012,6079.43017578125
1781077098.8310037,2244610,6056.77978515625
1781077101.6998196,2245610,6053.2998046875
1781077105.9472032,2247081,6053.2998046875
1781077111.3837657,2248947,6082.93017578125
1781077114.2086475,2249932,6093.830078125
1781077130.7790773,2250512,6073.7900390625
1781077134.2043135,2251856,6085.43994140625
1781077139.3056903,2253778,6085.43994140625
1781077143.9982367,2255393,6093.93017578125
1781077148.3197148,2256956,6093.990234375
1781077151.4502974,2258160,6094.72998046875
1781077152.987236,2258752,6107.1298828125
1781077155.3627017,2259582,6107.1298828125
1781077157.470282,2260603,6072.6298828125
1781077161.6526332,2262137,6067.0498046875
1781077165.0836987,2263492,6084.33984375
1781077165.9593537,2263824,6102.43994140625
1781077170.7239323,2265594,6102.43994140625
1781077174.9350755,2267039,6099.25
1781077178.7163727,2268478,6079.2001953125
1781077181.254455,2269452,6103.740234375
1781077183.4050539,2270296,6104.7099609375
1781077187.8983064,2271929,6104.7099609375
1781077192.968739,2274100,6131.14990234375
1781077211.2164974,2275770,6129.35009765625
1781077212.685905,2276326,6146.60009765625
1781077216.1091647,2277504,6146.91015625
1781077218.974264,2278473,6146.91015625
1781077223.076749,2280384,6149.509765625
1781077227.6204586,2282141,6134.830078125
1781077228.952591,2282599,6152.81005859375
1781077231.5000868,2283512,6159.419921875
1781077234.9977968,2284696,6159.419921875
1781077238.7885003,2286204,6160.330078125
1781077244.633168,2288382,6176.68994140625
1781077247.4959326,2289365,6190.14990234375
1781077249.4980025,2290030,6178.3701171875
1781077252.086116,2291394,6178.3701171875
1781077255.504843,2293155,6188.31982421875
1781077256.6474297,2293739,6228.93994140625
1781077260.5827157,2295732,6214.41015625
1781077260.8668787,2295869,6196.4599609375
1781077263.9176877,2297438,6196.4599609375
1781077266.3946695,2298710,6211.33984375
1781077268.8908608,2299987,6206.02978515625
1781077283.5819075,2301439,6207.2998046875
1781077284.8177826,2301878,6184.8701171875
1781077289.2501898,2303410,6184.8701171875
1781077293.5649867,2305058,6182.77001953125
1781077294.532073,2305439,6194.14013671875
1781077297.3193054,2306549,6192.68994140625
1781077301.6880364,2308131,6210.10986328125
1781077306.0883055,2309735,6210.10986328125
1781077308.4477327,2310655,6206.58984375
1781077311.8265352,2311918,6184.56982421875
1781077315.487906,2313862,6183.1298828125
1781077315.7705753,2313986,6174.89990234375
1781077318.939281,2315436,6174.89990234375
1781077321.3427212,2316368,6165.9599609375
1781077324.8901422,2317888,6162.27978515625
1781077326.726159,2318697,6178.60009765625
1781077329.767052,2319818,6159.22021484375
1781077332.7130623,2320957,6159.22021484375
1781077335.6995785,2322431,6166.93017578125
1781077336.2279706,2322690,6133.64990234375
1781077338.1726537,2323683,6093.97998046875
1781077340.782194,2324915,6103.85009765625
1781077353.9756005,2326342,6103.85009765625
1781077356.4411507,2327404,6106.35009765625
1781077360.755811,2329075,6102.35009765625
1781077363.1359608,2330016,6112.89990234375
1781077366.10791,2331094,6122.02978515625
1781077370.232035,2332534,6122.02978515625
1781077375.3613434,2334492,6135.580078125
1781077378.4276683,2335690,6145.68017578125
1781077379.8776834,2336514,6145.85009765625
1781077382.2322717,2337346,6144.39990234375
1781077387.6035733,2339275,6144.39990234375
1781077390.7288103,2340475,6151.64990234375
1781077392.3967924,2341127,6115.27001953125
1781077398.1585827,2343142,6137.25
1781077400.7946577,2344066,6137.240234375
1781077403.5488298,2345141,6137.240234375
1781077406.7848806,2346411,6136.2998046875
1781077411.8717504,2348528,6141.4599609375
1781077414.7278628,2349503,6162.85009765625
1781077431.7896798,2350613,6181.7900390625
1781077436.3291595,2352420,6181.7900390625
1781077440.7158785,2353949,6197.4599609375
1781077441.52719,2354546,6202.52001953125
1781077445.77507,2356008,6200.31982421875
1781077448.742717,2357180,6208.419921875
1781077451.938099,2358447,6208.419921875
1781077456.9541774,2360264,6198.97998046875
1781077458.47067,2360821,6224.259765625
1781077462.079108,2362116,6237.91015625
1781077464.828604,2363215,6220.10009765625
1781077469.514219,2365008,6220.10009765625
1781077473.2422714,2366330,6240.31005859375
1781077474.922681,2367225,6242.669921875
1781077479.3452532,2368926,6228.89013671875
1781077481.109775,2369606,6234.81982421875
1781077484.7113497,2370920,6234.81982421875
1781077489.0169168,2372397,6231.35986328125
1781077492.942665,2373889,6252.39990234375
1781077494.0053155,2374294,6240.06005859375
1781077508.69394,2375452,6234.18994140625
1781077512.0680234,2376762,6234.18994140625
1781077516.5909865,2378336,6212.2099609375
1781077518.0125742,2378803,6225.4599609375
1781077524.1135783,2381126,6208.35986328125
1781077525.3696952,2381613,6216.1298828125
1781077530.4646199,2383416,6216.1298828125
1781077533.6653936,2384514,6219.9599609375
1781077537.304636,2386276,6202.72998046875
1781077539.3482275,2387081,6221.14013671875
1781077542.983764,2388417,6247.56982421875
1781077548.205221,2390270,6247.56982421875
1781077552.0482037,2391776,6255.8701171875
1781077552.7150497,2392035,6255.18994140625
1781077557.3934386,2393815,6266.8798828125
1781077559.5685472,2394663,6265.47021484375
1781077563.1404636,2396045,6265.47021484375
1781077566.6340716,2397303,6261.85009765625
1781077571.6847155,2399481,6287.35009765625
1781077572.1176753,2399650,6288.83984375
1781077589.9575765,2401269,6297.1201171875
1781077592.1626995,2402152,6297.1201171875
1781077595.1803765,2403212,6256.72998046875
1781077597.709297,2404123,6243.6201171875
1781077599.8206587,2405224,6252.0400390625
1781077601.3496313,2405810,6229.1201171875
1781077605.6175544,2407506,6229.1201171875
1781077610.0737653,2409117,6223.4501953125
1781077612.6030807,2409999,6222.64990234375
1781077614.8173203,2410808,6197.419921875
1781077616.422092,2411430,6178.27001953125
1781077619.821428,2412737,6178.27001953125
1781077624.1000755,2414297,6198.33984375
1781077628.1639395,2415698,6218.52978515625
1781077631.0071754,2416717,6222.81982421875
1781077632.9848042,2417810,6230.68017578125
1781077637.0947762,2419326,6230.68017578125
1781077641.9406023,2420985,6219.47021484375
1781077645.5588334,2422293,6232.490234375
1781077647.9636776,2423208,6233.56005859375
1781077649.374056,2423741,6208.990234375
1781077665.2575326,2425329,6208.990234375
1781077668.7702813,2426539,6187.31982421875
1781077673.9095135,2428381,6162.5400390625
1781077675.7675004,2429100,6158.919921875
1781077676.6612535,2429442,6148.4599609375
1781077680.9148543,2431031,6148.4599609375
1781077684.9966033,2432420,6151.27978515625
1781077687.9859962,2433452,6142.0400390625
1781077690.6472406,2434469,6147.58984375
1781077694.4659243,2436284,6181.5400390625
1781077698.5629811,2437703,6181.5400390625
1781077702.6576686,2439136,6182.33984375
1781077705.5828702,2440266,6172.08984375
1781077711.4877415,2442485,6179.2998046875
1781077712.6799247,2442874,6184.6201171875
1781077716.0061002,2444047,6184.6201171875
1781077721.288145,2446104,6187.64990234375
1781077725.1027272,2447565,6190.47021484375
1781077726.7856386,2448178,6192.419921875
1781077728.4442925,2449039,6197.91015625
1781077747.363022,2450318,6197.91015625
1781077751.4370255,2451932,6183.93994140625
1781077753.9706798,2452905,6196.8798828125
1781077756.4141765,2453759,6169.60986328125
1781077759.2441177,2454999,6195.43017578125
1781077763.2591,2456526,6195.43017578125
1781077767.0823379,2458021,6196.22998046875
1781077769.1795487,2458762,6189.18017578125
1781077773.4558368,2460293,6214.509765625
1781077775.3612652,2460929,6182.3701171875
1781077779.2798076,2462468,6182.3701171875
1781077783.6816914,2464171,6179.72021484375
1781077786.0922332,2465019,6199.97998046875
1781077789.5555916,2466223,6208.97998046875
1781077793.3463056,2467990,6230.64990234375
1781077797.4253616,2469580,6230.64990234375
1781077801.054211,2470830,6236.1298828125
1781077804.750801,2472079,6246.2900390625
1781077807.7399995,2473250,6238.7998046875
1781077809.6884084,2474010,6238.02001953125
1781077825.729486,2475440,6238.02001953125
1781077828.1055589,2476259,6236.64013671875
1781077831.9872293,2477607,6249.2900390625
1781077833.1887636,2478028,6260.68017578125
1781077836.1906345,2479164,6240.31982421875
1781077839.8475091,2480584,6240.31982421875
1781077843.8338122,2482036,6238.06005859375
1781077847.1401465,2483217,6250.02978515625
1781077853.0356715,2485362,6268.7998046875
1781077854.9609587,2486470,6285.22998046875
1781077857.9881458,2487660,6285.22998046875
1781077861.8851824,2488969,6267.93017578125
1781077866.3203886,2490546,6263.22998046875
1781077868.8431416,2491530,6279.6298828125
1781077871.478175,2492563,6279.2099609375
1781077876.7613845,2494479,6279.2099609375
1781077881.5199316,2496149,6285.89990234375
1781077882.1197946,2496389,6297.81005859375
1781077885.545569,2498074,6280.75
1781077886.6683183,2498514,6248.5498046875
1781077890.7196524,2499899,6248.5498046875
1781077909.1886373,2501022,6255.10986328125
1781077913.9306238,2502896,6245.43017578125
1781077915.1273358,2503373,6233.18994140625
1781077918.1407413,2504799,6238.18994140625
1781077921.179066,2505849,6238.18994140625
1781077924.6318052,2507109,6215.43017578125
1781077926.1392527,2507704,6205.72021484375
1781077929.0643687,2508852,6202.52001953125
1781077931.196866,2509678,6170.91015625
1781077934.3616233,2510783,6170.91015625
1781077938.922803,2512402,6157.2900390625
1781077942.7055566,2513903,6156.39013671875
1781077944.6202836,2514653,6160.25
1781077947.8265283,2515834,6175.39990234375
1781077951.319037,2517390,6175.39990234375
1781077956.50225,2519280,6168.60009765625
1781077960.630017,2520917,6181.43017578125
1781077963.0805807,2521879,6211.68994140625
1781077966.3859093,2523102,6210.39013671875
1781077971.1619055,2524732,6210.39013671875
1781077987.398739,2526486,6224.39013671875
1781077989.4865448,2527308,6232.35986328125
1781077993.2138045,2528753,6244.64990234375
1781077995.8224273,2529699,6240.10986328125
1781077999.0085022,2530825,6240.10986328125
1781078002.9729946,2532340,6245.8798828125
1781078006.0686817,2533549,6228.06982421875
1781078008.1772196,2534365,6229.0400390625
1781078011.3378887,2535823,6238.7001953125
1781078014.8682377,2537088,6238.7001953125
1781078018.966606,2538729,6219.4501953125
1781078021.5338976,2539751,6246.08984375
1781078026.653652,2541759,6249.35009765625
1781078028.507038,2542470,6232.27978515625
1781078031.503188,2543485,6232.27978515625
1781078034.8401446,2544659,6203.41015625
1781078039.8734405,2546550,6185.60009765625
1781078042.1289573,2547773,6199.39013671875
1781078043.2976997,2548206,6212.1201171875
1781078047.767841,2549738,6212.1201171875
1781078064.3233528,2551370,6208.08984375
1781078066.9994714,2552394,6205.35986328125
1781078069.1287267,2553224,6208.22998046875
1781078072.714652,2554596,6203.240234375
1781078074.950667,2555651,6203.240234375
1781078079.694338,2557319,6209.2001953125
1781078082.6358068,2558448,6230.97021484375
1781078084.5274775,2559178,6221.0498046875
1781078086.818703,2560033,6238.60009765625
1781078088.6308727,2560666,6238.60009765625
1781078092.4906003,2562033,6196.0400390625
1781078096.1845348,2563419,6201.7099609375
1781078098.6582904,2564379,6227.35009765625
1781078102.8959653,2565909,6248.93994140625
1781078106.9096413,2567661,6248.93994140625
1781078110.7865345,2569215,6275.68994140625
1781078111.64183,2569549,6256.7998046875
1781078113.692156,2570367,6233.669921875
1781078117.2132933,2571633,6222.83984375
1781078121.6330793,2573146,6222.83984375
1781078126.0909731,2574842,6220.35986328125
1781078143.6719875,2576392,6219.4501953125
1781078145.0994143,2576883,6218.56982421875
1781078147.0954857,2577616,6224.68994140625
1781078151.4403002,2579196,6224.68994140625
1781078155.6887512,2580720,6221.5
1781078158.7772915,2581876,6236.75
1781078161.7427573,2583019,6229.27001953125
1781078163.2784393,2583618,6236.7998046875
1781078167.6604998,2585221,6236.7998046875
1781078170.424651,2586487,6241.1298828125
1781078171.6884573,2586947,6229.60986328125
1781078173.9624174,2587837,6212.7998046875
1781078176.2959466,2588732,6167.72998046875
1781078180.8646836,2590361,6167.72998046875
1781078185.8889477,2592063,6176.0
1781078188.1802444,2592899,6174.25
1781078192.3469892,2594412,6164.64990234375
1781078193.6990347,2594919,6151.18017578125
1781078198.234367,2596401,6151.18017578125
1781078202.3140514,2598157,6152.77001953125
1781078204.1702156,2598817,6142.93017578125
1781078206.252276,2599611,6137.0498046875
1781078218.6464076,2601328,6160.330078125
1781078221.796812,2602522,6160.330078125
1781078226.5466564,2604362,6179.66015625
1781078229.0595503,2605615,6167.02001953125
1781078232.012026,2607158,6183.14990234375
1781078232.6287827,2607902,6184.91015625
1781078235.8949783,2609422,6184.91015625
1781078237.5040066,2610184,6182.35009765625
1781078241.3882208,2611997,6190.68994140625
1781078244.5236595,2613311,6167.31005859375
1781078245.585667,2613747,6181.60009765625
1781078248.611265,2615074,6181.60009765625
1781078251.5781882,2616242,6182.47021484375
1781078255.1404998,2617870,6163.169921875
1781078255.6186657,2618084,6144.60986328125
1781078258.4366057,2619457,6127.47998046875
1781078262.4325602,2621352,6127.47998046875
1781078264.3006296,2622734,6140.56005859375
1781078265.7189023,2623448,6152.43017578125
1781078278.6291564,2625102,6159.6298828125
1781078281.392404,2626423,6165.669921875
1781078284.962664,2628217,6165.669921875
1781078287.6127944,2629419,6179.75
1781078291.2905424,2631077,6186.43994140625
1781078294.0684996,2632357,6234.85986328125
1781078295.5231342,2633523,6243.85009765625
1781078298.6647568,2635100,6243.85009765625
1781078302.2131202,2636787,6250.14990234375
1781078303.7123756,2637567,6258.0400390625
1781078307.3181486,2639393,6220.3701171875
1781078308.4907017,2639996,6210.58984375
1781078311.8041527,2641715,6210.58984375
1781078314.9857402,2643318,6232.0400390625
1781078316.4479165,2644033,6229.6201171875
1781078318.5286217,2645156,6195.14013671875
1781078319.3534296,2645598,6190.64990234375
1781078323.2826114,2647710,6190.64990234375
1781078324.557568,2648353,6189.669921875
1781078336.5074759,2650757,6187.3701171875
1781078338.238467,2651566,6208.669921875
1781078340.0681086,2652425,6225.5
1781078342.422049,2653567,6225.5
1781078345.316654,2655048,6215.89013671875
1781078348.2032654,2656527,6233.4599609375
1781078350.7616239,2657709,6235.7099609375
1781078353.453423,2658982,6236.2099609375
1781078357.3541496,2660714,6236.2099609375
1781078358.7286797,2661300,6256.02001953125
1781078361.4289403,2662870,6238.77978515625
1781078364.2926457,2664287,6262.08984375
1781078364.7206984,2664491,6261.02001953125
1781078369.0070019,2666476,6261.02001953125
1781078373.0919178,2668241,6296.4599609375
1781078375.8735447,2669400,6302.89990234375
1781078377.723109,2670097,6294.990234375
1781078380.356141,2671328,6288.740234375
1781078383.578444,2672925,6288.740234375
1781078385.6662889,2673909,6285.89013671875
1781078387.9484231,2674718,6254.4599609375
1781078402.8506064,2676449,6250.0498046875
1781078404.4529865,2677169,6232.10009765625
1781078408.3084211,2678904,6232.10009765625
1781078411.4745345,2680292,6237.39990234375
1781078414.668113,2681682,6213.5
1781078417.0441606,2682647,6202.490234375
1781078418.562693,2683240,6211.02978515625
1781078422.167187,2684461,6211.02978515625
1781078425.6965406,2685973,6201.740234375
1781078430.003695,2687421,6219.240234375
1781078430.741712,2687664,6217.169921875
1781078432.679341,2688314,6169.02001953125
1781078436.7067857,2689684,6169.02001953125
1781078441.6389744,2691355,6172.14990234375
1781078445.8790438,2692712,6157.22998046875
1781078448.9083195,2693708,6154.68017578125
1781078452.0907772,2694777,6161.91015625
1781078453.769159,2695700,6161.91015625
1781078457.6843913,2697003,6153.56005859375
1781078462.0914474,2698467,6167.93017578125
1781078464.2002726,2699152,6146.02001953125
1781078465.9172864,2699739,6130.47998046875
1781078482.6288567,2701574,6130.47998046875
1781078486.9099982,2703329,6144.419921875
1781078490.0506244,2704390,6149.6298828125
1781078493.9612603,2705720,6128.89990234375
1781078495.8026793,2706327,6137.97021484375
1781078501.504407,2708199,6137.97021484375
1781078506.668719,2709873,6173.7001953125
1781078509.7395375,2710896,6179.419921875
1781078513.5455995,2712188,6162.25
1781078514.9939322,2712674,6174.7001953125
1781078517.8929572,2713956,6174.7001953125
1781078522.6136267,2715558,6196.39990234375
1781078525.4190598,2716528,6197.4501953125
1781078533.5084693,2719280,6217.7001953125
1781078534.4572504,2719609,6217.27978515625
1781078539.1763792,2721211,6217.27978515625
1781078543.2124739,2722582,6205.31982421875
1781078546.5737617,2723702,6203.6201171875
1781078548.614226,2724408,6220.7001953125
1781078565.8854432,2725719,6232.240234375
1781078569.8151476,2727077,6232.240234375
1781078574.5642345,2728678,6226.10986328125
1781078578.0807064,2729910,6225.64990234375
1781078579.1045403,2730263,6212.06005859375
1781078582.3357267,2731667,6230.77978515625
1781078587.6789472,2733515,6230.77978515625
1781078592.9352024,2735304,6240.830078125
1781078597.6250184,2736892,6249.41015625
1781078599.6218832,2737572,6261.16015625
1781078602.9243934,2738699,6272.240234375
1781078607.4411728,2740226,6272.240234375
1781078611.8739018,2741705,6264.35986328125
1781078616.2764544,2743526,6281.56982421875
1781078621.1000564,2745191,6312.02001953125
1781078621.921632,2745472,6338.66015625
1781078627.4258835,2747376,6338.66015625
1781078631.0907364,2748632,6349.7900390625
1781078633.921802,2749644,6336.16015625
1781078652.2373064,2751063,6326.259765625
1781078652.7819867,2751243,6322.169921875
1781078656.4025698,2752473,6322.169921875
1781078659.8821442,2753631,6314.18994140625
1781078662.8238456,2754636,6296.7900390625
1781078666.1073995,2755770,6315.93994140625
1781078669.9745994,2757092,6300.330078125
1781078674.1747494,2758511,6300.330078125
1781078678.6924996,2760306,6286.830078125
1781078682.643555,2761661,6315.97998046875
1781078687.4542582,2763293,6316.7900390625
1781078687.7393358,2763385,6289.2001953125
1781078690.8263297,2764425,6289.2001953125
1781078694.8218412,2765776,6271.3798828125
1781078699.283917,2767262,6258.35009765625
1781078701.4670856,2767995,6291.60009765625
1781078706.7200823,2769741,6309.81982421875
1781078710.053661,2771172,6309.81982421875
1781078713.9151995,2772520,6304.60986328125
1781078717.418698,2773713,6324.75
1781078720.313067,2774720,6305.5400390625
1781078738.343034,2775159,6298.02978515625
1781078742.617622,2776630,6298.02978515625
1781078744.7814183,2777362,6280.2998046875
1781078748.456932,2778566,6248.10986328125
1781078754.1996706,2780479,6249.18017578125
1781078754.7302864,2780649,6238.60009765625
1781078756.9278636,2781363,6238.60009765625
1781078759.0294716,2782054,6195.56982421875
1781078763.1843522,2783469,6158.330078125
1781078765.4784067,2784251,6133.490234375
1781078766.720378,2784681,6115.669921875
1781078770.7957537,2786376,6115.669921875
1781078776.1978407,2788236,6125.81982421875
1781078779.2723286,2789273,6123.919921875
1781078782.5877633,2790322,6131.64990234375
1781078787.1887703,2791817,6141.83984375
1781078791.311984,2793161,6141.83984375
1781078794.8688912,2794294,6124.56005859375
1781078800.986295,2796342,6133.5498046875
1781078802.466431,2797138,6158.9599609375
1781078805.1513977,2797999,6165.02001953125
1781078810.587712,2799800,6165.02001953125
1781078829.2957482,2801089,6154.56982421875
1781078832.6797087,2802245,6148.39013671875
1781078835.142171,2803382,6119.7998046875
1781078837.23919,2804095,6136.0
1781078841.402924,2805451,6136.0
1781078846.0029652,2807016,6150.5498046875
1781078850.7230756,2808560,6136.64990234375
1781078851.969803,2808969,6132.77001953125
1781078854.395597,2809802,6102.2998046875
1781078859.9342499,2811637,6102.2998046875
1781078864.6268358,2813255,6106.4599609375
1781078867.578366,2814517,6146.330078125
1781078870.2234414,2815451,6148.85009765625
1781078873.69345,2816651,6156.22021484375
1781078878.1558552,2818133,6156.22021484375
1781078881.0338695,2819123,6139.14990234375
1781078885.5465865,2820693,6114.259765625
1781078888.4680943,2821675,6118.5498046875
1781078891.7020607,2822809,6128.830078125
1781078896.2370558,2824600,6128.830078125
1781078912.6501012,2825867,6135.7998046875
1781078913.9950626,2826327,6151.2998046875
1781078918.0169868,2827659,6104.93994140625
1781078919.5463157,2828172,6109.31005859375
1781078925.3688715,2830187,6109.31005859375
1781078927.832323,2831027,6117.8701171875
1781078930.5534089,2832223,6100.27001953125
1781078932.744057,2832965,6106.7900390625
1781078936.024676,2834075,6102.31982421875
1781078939.3389328,2835208,6102.31982421875
1781078945.4429362,2837300,6109.60009765625
1781078948.2027736,2838233,6120.06005859375
1781078952.525253,2839693,6131.68017578125
1781078955.7955709,2840800,6168.509765625
1781078958.7161365,2841751,6168.509765625
1781078962.8332214,2843454,6160.509765625
1781078966.2371593,2844596,6152.419921875
1781078968.3319428,2845335,6154.509765625
1781078971.0775278,2846744,6147.83984375
1781078973.0759156,2847752,6147.83984375
1781078985.3680832,2850079,6164.18994140625
1781078987.6347113,2851207,6189.18017578125
1781078991.1090505,2853389,6202.08984375
1781078991.304454,2853481,6218.9599609375
1781078994.5230803,2855040,6218.9599609375
1781078998.2047508,2856723,6206.0
1781078999.808633,2857481,6203.81005859375
1781079001.5753956,2858332,6211.56005859375
1781079003.7743447,2859379,6191.5
1781079006.9255576,2860837,6191.5
1781079010.080584,2862266,6174.27978515625
1781079013.6622984,2863825,6159.93994140625
1781079015.7855825,2864743,6198.7998046875
1781079018.0303879,2865682,6189.35009765625
1781079021.2105727,2867176,6189.35009765625
1781079023.7857795,2868847,6202.5498046875
1781079025.8858874,2869928,6197.64013671875
1781079027.7594502,2870869,6184.10009765625
1781079030.480308,2872250,6174.43017578125
1781079033.5425653,2873843,6174.43017578125
1781079034.535732,2874360,6170.2900390625
1781079052.2977986,2876255,6189.1298828125
1781079056.2139106,2877854,6205.35986328125
1781079059.563869,2879125,6205.52001953125
1781079063.2543771,2880950,6205.52001953125
1781079067.183526,2882903,6226.97021484375
1781079070.9753025,2884800,6251.0
1781079074.3148224,2886454,6273.97021484375
1781079074.9987411,2886798,6274.7099609375
1781079078.467883,2888469,6274.7099609375
1781079082.0531569,2890077,6267.4599609375
1781079084.0417407,2891073,6260.25
1781079087.6455104,2893348,6262.009765625
1781079087.8295226,2893440,6258.8798828125
1781079091.3409314,2895048,6258.8798828125
1781079094.787258,2896719,6263.97998046875
1781079098.3147323,2898418,6277.7998046875
1781079099.4372787,2898987,6255.27978515625
1781079101.250523,2899897,6246.39013671875
1781079114.3801274,2901606,6246.39013671875
1781079116.3867013,2902585,6240.68017578125
1781079120.3709598,2904306,6248.89013671875
1781079124.7782004,2905868,6271.14990234375
1781079126.5216076,2906534,6281.02978515625
1781079130.7345207,2908082,6281.02978515625
1781079135.9932141,2909896,6293.68994140625
1781079140.2190845,2911439,6313.47021484375
1781079144.8727326,2913248,6319.08984375
1781079145.1332488,2913340,6318.83984375
1781079148.486821,2915011,6318.83984375
1781079152.5048878,2916580,6328.830078125
1781079156.4620135,2918117,6311.72021484375
1781079158.3375657,2918853,6319.02001953125
1781079162.3823926,2920445,6351.27001953125
1781079166.5978303,2922023,6351.27001953125
1781079170.761654,2923419,6374.64013671875
1781079186.1901135,2925216,6376.93994140625
1781079188.6649058,2926225,6374.47021484375
1781079190.3176253,2926974,6358.10986328125
1781079193.6330166,2928367,6358.10986328125
1781079197.7582638,2929995,6356.47998046875
1781079199.8580205,2930885,6355.31982421875
1781079204.148756,2932617,6369.02001953125
1781079205.4803212,2933034,6383.89990234375
1781079207.8308706,2933975,6383.89990234375
1781079209.9861877,2934980,6362.7900390625
1781079211.8799322,2936130,6362.47021484375
1781079214.245291,2937086,6366.91015625
1781079216.736812,2938130,6368.0
1781079220.1132138,2939664,6368.0
1781079223.6135309,2941342,6413.43994140625
1781079226.8477473,2942814,6443.5498046875
1781079229.0946643,2943842,6448.419921875
1781079231.3988311,2944882,6476.60009765625
1781079235.0747182,2946447,6476.60009765625
1781079238.3845916,2947929,6472.2998046875
1781079242.1098049,2949522,6455.759765625
1781079253.38107,2950094,6461.97998046875
1781079256.748503,2951573,6459.06982421875
1781079260.7600756,2953457,6459.06982421875
1781079264.3270295,2955017,6478.60986328125
1781079271.6100142,2957527,6489.58984375
1781079272.2384338,2957746,6516.1298828125
1781079275.6357088,2959254,6519.08984375
1781079281.032721,2961179,6519.08984375
1781079281.2979074,2961271,6522.14013671875
1781079284.6341581,2962473,6511.47021484375
1781079288.780446,2963973,6502.68994140625
1781079290.1439576,2964451,6483.33984375
1781079294.0933177,2965826,6483.33984375
1781079297.8112652,2967143,6479.39013671875
1781079302.2777212,2968734,6474.14990234375
1781079304.0245862,2969335,6469.8798828125
1781079306.982155,2970376,6491.7998046875
1781079311.288999,2972228,6491.7998046875
1781079314.5360978,2973377,6492.3701171875
1781079316.519539,2974071,6464.81005859375
1781079338.1564956,2976127,6467.93017578125
1781079340.5366533,2977308,6494.759765625
1781079345.4977167,2979062,6494.759765625
1781079349.9981148,2980656,6503.39990234375
1781079353.0394297,2981763,6519.83984375
1781079356.0727596,2982851,6521.66015625
1781079358.9198966,2983870,6510.93017578125
1781079362.3822677,2985106,6510.93017578125
1781079368.2928526,2987213,6496.60009765625
1781079371.01483,2988427,6520.72998046875
1781079376.1305444,2990254,6562.06982421875
1781079377.959961,2990952,6580.08984375
1781079383.0222332,2992775,6580.08984375
1781079388.9497674,2994863,6574.259765625
1781079391.6419618,2995767,6619.7001953125
1781079393.880041,2996536,6606.3701171875
1781079398.711405,2998209,6634.580078125
1781079400.9330986,2998985,6634.580078125
1781079420.55115,3000046,6611.5
1781079425.129541,3001639,6604.85009765625
1781079427.4814339,3002478,6591.10986328125
1781079431.1690044,3003775,6588.14013671875
1781079433.0846725,3004768,6588.14013671875
1781079437.740008,3006389,6587.93994140625
1781079440.804586,3007512,6586.18994140625
1781079445.0282705,3009249,6579.08984375
1781079445.5879126,3009442,6576.5498046875
1781079449.9546552,3010917,6576.5498046875
1781079454.0545797,3012338,6582.43017578125
1781079458.513158,3013876,6575.22998046875
1781079461.2411606,3014818,6579.1201171875
1781079462.9805412,3015433,6546.72021484375
1781079467.0101945,3017176,6546.72021484375
1781079470.924428,3018538,6560.669921875
1781079473.2158566,3019328,6548.9501953125
1781079478.3865411,3021149,6567.2001953125
1781079480.5970054,3021925,6570.81982421875
1781079485.6762443,3023711,6570.81982421875
1781079502.3060775,3025271,6582.85009765625
1781079506.3950002,3026675,6586.0
1781079506.73493,3026799,6572.08984375
1781079510.5191755,3028110,6566.39990234375
1781079513.2525747,3029084,6566.39990234375
1781079515.6660695,3029918,6545.7998046875
1781079519.6128025,3031321,6519.27978515625
1781079523.51191,3032687,6516.7900390625
1781079525.5772521,3033425,6516.4501953125
1781079529.3589854,3035063,6516.4501953125
1781079533.5238066,3036514,6518.14990234375
1781079535.8843827,3037348,6519.6201171875
1781079538.6760526,3038318,6506.419921875
1781079543.0472763,3039856,6498.5498046875
1781079548.2584805,3041662,6498.5498046875
1781079553.3757396,3043432,6495.89013671875
1781079558.4330735,3045195,6474.72021484375
1781079558.998076,3045404,6477.35009765625
1781079561.6825926,3046657,6463.68994140625
1781079566.34935,3048276,6463.68994140625
1781079569.9155803,3049521,6463.91015625
1781079590.7532332,3051341,6449.93994140625
1781079591.4296181,3051911,6443.10009765625
1781079594.5941215,3053044,6453.490234375
1781079597.6063702,3054095,6453.490234375
1781079601.1468832,3055357,6451.68994140625
1781079606.2253146,3057123,6445.41015625
1781079610.2483938,3058523,6442.22998046875
1781079611.693034,3059035,6434.490234375
1781079616.7037253,3060755,6434.490234375
1781079621.368629,3062386,6432.8798828125
1781079622.2498324,3062691,6435.43994140625
1781079626.3132358,3064421,6409.68994140625
1781079629.9043167,3065678,6434.7900390625
1781079633.8867257,3067058,6434.7900390625
1781079638.6327753,3068719,6426.14990234375
1781079639.996625,3069191,6425.33984375
1781079644.9866998,3070928,6396.47021484375
1781079646.0240402,3071295,6387.60986328125
1781079649.8816707,3072657,6387.60986328125
1781079654.5343928,3074612,6384.75
1781079671.9187276,3075756,6399.33984375
1781079674.7947402,3076733,6386.68994140625
1781079678.2632537,3077955,6370.16015625
1781079682.2861016,3079395,6370.16015625
1781079686.2001503,3080762,6366.669921875
1781079690.5071974,3082612,6374.52001953125
1781079693.6428816,3083664,6370.31005859375
1781079695.4209707,3084260,6360.66015625
1781079700.9895883,3086222,6360.66015625
1781079705.2210526,3087664,6383.68994140625
1781079708.1675925,3088703,6373.919921875
1781079710.1536646,3089390,6363.9501953125
1781079711.9411595,3090005,6348.2998046875
1781079716.5448875,3091658,6348.2998046875
1781079721.4439692,3093700,6392.6298828125
1781079724.1647813,3094634,6423.39990234375
1781079727.4727976,3095793,6416.7900390625
1781079730.7644238,3096925,6421.33984375
1781079734.9075644,3098354,6421.33984375
1781079738.1905406,3099478,6404.2001953125
1781079754.2521336,3100144,6391.77001953125
1781079758.8568542,3101726,6381.759765625
1781079760.0607383,3102147,6360.2900390625
1781079764.1542747,3103576,6360.2900390625
1781079769.7780218,3105529,6350.91015625
1781079773.5301828,3106872,6380.3798828125
1781079774.2510216,3107125,6366.14013671875
1781079778.0324512,3108459,6344.9501953125
1781079780.632812,3109691,6344.9501953125
1781079781.9956331,3110164,6318.85986328125
1781079788.0277476,3112317,6308.27978515625
1781079788.5911949,3112517,6260.97021484375
1781079792.7508068,3113993,6258.85009765625
1781079797.434934,3115624,6258.85009765625
1781079802.6823475,3117444,6247.10009765625
1781079807.0598056,3119006,6286.16015625
1781079809.3128753,3119797,6305.72998046875
1781079812.7645283,3121010,6331.43994140625
1781079817.1971476,3122883,6331.43994140625
1781079821.2358239,3124303,6351.83984375
1781079839.516718,3125610,6356.56005859375
1781079841.087209,3126163,6350.490234375
1781079843.869902,3127423,6351.0400390625
1781079848.3046763,3128955,6351.0400390625
1781079853.273814,3130698,6338.33984375
1781079857.1810837,3132054,6360.33984375
1781079860.740332,3133289,6345.8701171875
1781079862.7257364,3133986,6336.35009765625
1781079866.651529,3135357,6336.35009765625
1781079871.4993007,3137040,6320.25
1781079873.9857037,3137933,6325.5498046875
1781079875.6344812,3138839,6325.43994140625
1781079880.2922893,3140484,6334.14013671875
1781079882.9740849,3141418,6334.14013671875
1781079889.251793,3143625,6326.72021484375
1781079891.8854299,3144552,6324.0498046875
1781079895.0412364,3145684,6324.81005859375
1781079898.2359135,3146793,6302.81005859375
1781079903.0469368,3148486,6302.81005859375
1781079907.0634217,3149928,6295.77001953125
1781079935.945887,3150937,6270.97021484375
1781079938.0991933,3151688,6274.41015625
1781079940.5515137,3152879,6255.60009765625
1781079945.653855,3154684,6255.60009765625
1781079950.2781909,3156273,6294.75
1781079953.7438917,3157472,6305.60009765625
1781079958.9860103,3159299,6307.85009765625
1781079960.1606936,3159710,6305.93994140625
1781079962.7352836,3160621,6305.93994140625
1781079967.4942791,3162308,6294.72998046875
1781079969.8834925,3163152,6312.759765625
1781079971.04172,3163856,6293.77978515625
1781079976.6774821,3165828,6323.85986328125
1781079981.3976302,3167511,6323.85986328125
1781079983.8923314,3168397,6332.06982421875
1781079988.6237025,3170125,6338.89990234375
1781079991.730501,3171199,6320.5
1781079995.5066698,3172531,6352.27001953125
1781079999.5723047,3173951,6352.27001953125
1781080017.499935,3175750,6332.8701171875
1781080020.4813457,3176795,6350.75
1781080024.9667904,3178350,6358.22998046875
1781080027.3537214,3179206,6359.490234375
1781080032.1596243,3180893,6359.490234375
1781080034.2581356,3181948,6355.85009765625
1781080038.5150049,3183436,6336.240234375
1781080039.6213608,3183818,6348.91015625
1781080044.7924125,3185655,6370.06982421875
1781080046.7256744,3186336,6370.06982421875
1781080049.811376,3187416,6354.77001953125
1781080054.303306,3189007,6394.93994140625
1781080057.4066267,3190095,6392.919921875
1781080060.651732,3191241,6381.06982421875
1781080063.923328,3192397,6381.06982421875
1781080065.3131251,3192885,6364.97998046875
1781080072.3273678,3195675,6355.10986328125
1781080073.754217,3196182,6369.14990234375
1781080074.0134032,3196274,6325.14990234375
1781080078.795157,3197971,6325.14990234375
1781080080.9548702,3198732,6324.10009765625
1781080099.9969828,3200765,6307.3701171875
1781080101.0742033,3201142,6294.02978515625
1781080104.1173449,3202200,6290.330078125
1781080108.339637,3203682,6290.330078125
1781080112.574897,3205163,6282.6298828125
1781080116.7062278,3206589,6293.97998046875
1781080118.3246999,3207158,6280.89990234375
1781080120.0748947,3207779,6258.169921875
1781080122.2296143,3208541,6258.169921875
1781080125.906199,3209829,6222.9501953125
1781080128.786201,3211182,6202.740234375
1781080130.1805365,3211670,6220.72998046875
1781080134.9551673,3213363,6242.02001953125
1781080138.2061872,3214503,6242.02001953125
1781080144.1463747,3216640,6233.43994140625
1781080146.6868768,3217522,6242.18017578125
1781080150.2764757,3218784,6258.0
1781080153.829554,3220040,6243.52001953125
1781080158.7884517,3221783,6243.52001953125
1781080163.4229686,3223740,6259.9599609375
1781080165.4094455,3224440,6266.41015625
1781080179.8742237,3226215,6290.93994140625
1781080180.38339,3226469,6275.60986328125
1781080181.8511252,3227230,6275.60986328125
1781080183.0740674,3227855,6241.85009765625
1781080184.1715746,3228422,6192.10986328125
1781080186.2721214,3229501,6188.4599609375
1781080189.3916929,3231109,6194.39013671875
1781080191.37909,3232133,6194.39013671875
1781080193.9221852,3233920,6179.35009765625
1781080196.1142702,3235046,6181.06005859375
1781080198.1668787,3236121,6160.08984375
1781080199.5325491,3236833,6171.33984375
1781080202.947386,3238591,6171.33984375
1781080204.906695,3239518,6166.169921875
1781080207.42375,3240746,6158.83984375
1781080211.5890028,3242638,6166.27001953125
1781080211.9127538,3242756,6177.9501953125
1781080215.3070729,3243959,6177.9501953125
1781080218.3109398,3245128,6143.990234375
1781080222.7867582,3246857,6124.080078125
1781080223.7423184,3247495,6124.2998046875
1781080225.4494061,3248082,6114.419921875
1781080230.2895224,3249828,6114.419921875
1781080248.897519,3251068,6126.2900390625
1781080252.321866,3252320,6143.0
1781080255.0371666,3253559,6166.31005859375
1781080258.659584,3254813,6174.89013671875
1781080262.789844,3256427,6174.89013671875
1781080265.5400095,3257470,6179.85986328125
1781080269.4324408,3258823,6147.2900390625
1781080274.388674,3260605,6158.4599609375
1781080276.0790384,3261268,6180.5400390625
1781080280.0676425,3262799,6180.5400390625
1781080285.005239,3264480,6192.56982421875
1781080287.4626431,3265632,6190.68017578125
1781080289.4219835,3266386,6201.25
1781080292.186179,3267470,6207.66015625
1781080294.7220848,3268465,6207.66015625
1781080297.097624,3269337,6182.240234375
1781080298.7069516,3269895,6139.009765625
1781080302.2012866,3271114,6143.2998046875
1781080306.2003229,3272574,6131.330078125
1781080310.1129258,3274129,6131.330078125
1781080325.5109324,3275159,6118.93994140625
1781080326.7818687,3275647,6102.009765625
1781080329.908434,3276778,6094.58984375
1781080334.0964959,3278289,6103.58984375
1781080338.929231,3280191,6103.58984375
1781080343.7728128,3281845,6120.509765625
1781080344.859833,3282188,6117.52001953125
1781080349.600426,3283743,6123.89990234375
1781080353.0508223,3285335,6123.240234375
1781080358.1190531,3287490,6123.240234375
1781080361.8442297,3288792,6154.31982421875
1781080368.930417,3291291,6169.169921875
1781080369.8839507,3291621,6175.02978515625
1781080372.7723417,3292645,6155.509765625
1781080375.9449687,3293757,6155.509765625
1781080379.742901,3295087,6147.31982421875
1781080381.4869757,3295704,6132.240234375
1781080384.3476408,3297030,6093.16015625
1781080386.5739164,3297812,6109.83984375
1781080390.3751087,3299153,6109.83984375
1781080406.9238322,3300047,6096.97021484375
1781080410.1438823,3301192,6073.83984375
1781080412.9151227,3302173,6095.22998046875
1781080414.0333502,3302899,6070.0498046875
1781080419.3743641,3304770,6070.0498046875
1781080421.9881866,3305690,6072.72998046875
1781080423.0867395,3306071,6035.93017578125
1781080425.4204414,3306874,6019.72998046875
1781080427.639943,3307649,5986.740234375
1781080431.6053195,3309017,5986.740234375
1781080435.7560713,3310485,6005.06982421875
1781080440.6832693,3312231,5988.8798828125
1781080444.1875687,3313472,6019.77001953125
1781080444.759521,3313679,5983.56005859375
1781080447.761345,3315030,5983.56005859375
1781080451.935213,3316483,5972.31982421875
1781080453.9586112,3317178,5946.759765625
1781080458.8375933,3318883,5971.10986328125
1781080463.1018538,3320377,5983.4501953125
1781080469.0885642,3322464,5983.4501953125
1781080474.5338109,3324371,6013.10009765625
1781080494.2123356,3325649,6012.18017578125
1781080497.3736646,3326742,6002.990234375
1781080500.3880649,3327796,6013.41015625
1781080504.3387132,3329209,6013.41015625
1781080507.8716693,3330470,6000.89990234375
1781080508.8444154,3331129,6009.6298828125
1781080512.6899228,3332473,6014.14013671875
1781080516.6817987,3333877,5998.7001953125
1781080519.742002,3334968,5998.7001953125
1781080524.8726528,3336758,6013.9501953125
1781080528.3920457,3338000,6010.77978515625
1781080529.1686046,3338268,5991.89013671875
1781080532.0950305,3339283,5991.27978515625
1781080536.9682913,3340983,5991.27978515625
1781080540.7452548,3342638,6011.56982421875
1781080543.008909,3343434,6018.009765625
1781080547.3798454,3344989,5989.2998046875
1781080548.034156,3345207,6026.77001953125
1781080551.2921445,3346346,6026.77001953125
1781080556.1308155,3348036,6009.6298828125
1781080557.5699701,3348539,6016.60009765625
1781080578.2852015,3350529,6011.35009765625
1781080580.1014779,3351167,6028.22021484375
1781080583.4870403,3352349,6028.22021484375
1781080586.7882364,3353492,6025.330078125
1781080589.409721,3354410,6021.27978515625
1781080592.9033735,3355654,6008.9501953125
1781080595.797013,3356676,6025.3701171875
1781080598.8446028,3357758,6025.3701171875
1781080602.3495374,3359318,6055.490234375
1781080607.1177328,3360988,6076.2998046875
1781080610.779804,3362288,6062.759765625
1781080611.9761856,3362706,6043.43017578125
1781080617.2786338,3364589,6043.43017578125
1781080619.3849304,3365328,6058.4599609375
1781080623.4542022,3366765,6038.68017578125
1781080629.9235845,3369026,6042.5
1781080631.1885667,3369461,6046.31982421875
1781080633.9942048,3370757,6046.31982421875
1781080638.4674819,3372287,6027.81982421875
1781080640.247456,3372898,6011.490234375
1781080644.0808084,3374247,5997.68994140625
1781080664.4954379,3375666,6037.66015625
1781080667.2284167,3376958,6037.66015625
1781080672.9825711,3378970,6059.91015625
1781080675.6739347,3379897,6112.759765625
1781080678.2722187,3380799,6104.52978515625
1781080679.5492578,3381253,6075.5498046875
1781080681.976304,3382106,6075.5498046875
1781080686.5223053,3383686,6062.009765625
1781080690.314399,3384979,6063.0400390625
1781080692.9640818,3385908,6064.47998046875
1781080696.9156675,3387284,6088.27978515625
1781080700.5856452,3388886,6088.27978515625
1781080704.0584362,3390088,6080.16015625
1781080705.5285792,3390598,6074.2998046875
1781080709.443979,3391971,6079.31982421875
1781080712.9402514,3393198,6087.85009765625
1781080716.3415942,3394391,6087.85009765625
1781080720.2001078,3395741,6088.7998046875
1781080722.8874288,3396718,6090.39990234375
1781080726.8953815,3398145,6078.0400390625
1781080727.9135406,3398679,6094.009765625
1781080738.6566389,3400239,6094.009765625
1781080741.4272335,3401668,6086.56982421875
1781080743.489789,3402735,6084.97021484375
1781080745.7256184,3403909,6074.56982421875
1781080748.245218,3405218,6086.4501953125
1781080751.3901067,3406876,6086.4501953125
1781080753.8312335,3408163,6090.919921875
1781080755.763277,3409184,6120.31005859375
1781080759.174513,3410985,6109.56005859375
1781080760.668355,3411777,6090.9599609375
1781080762.3639343,3413131,6090.9599609375
1781080764.8836877,3414438,6090.9599609375
1781080767.347573,3415723,6071.330078125
1781080768.3535903,3416243,6086.759765625
1781080771.7267458,3418011,6092.0
1781080774.8319626,3419647,6092.0
1781080776.467189,3420508,6117.6298828125
1781080777.4832704,3421036,6121.509765625
1781080781.8264709,3423298,6134.31982421875
1781080783.9576776,3424230,6136.39990234375
1781080801.3871133,3425777,6136.39990234375
1781080804.653485,3427062,6133.97021484375
1781080808.4559836,3428508,6149.89013671875
1781080809.8770509,3429000,6153.0
1781080813.729817,3430382,6153.58984375
1781080817.9552333,3431978,6153.58984375
1781080822.5587735,3433779,6139.43994140625
1781080826.8784673,3435587,6147.89990234375
1781080828.3743856,3436090,6153.080078125
1781080832.0186298,3437480,6155.490234375
1781080835.3112998,3438751,6155.490234375
1781080839.4568055,3440305,6120.1298828125
1781080842.5652738,3441396,6109.169921875
1781080846.929327,3443024,6096.93017578125
1781080849.6493297,3444114,6128.27001953125
1781080853.4197567,3445555,6128.27001953125
1781080856.2292416,3446849,6166.25
1781080861.7741156,3448897,6164.56005859375
1781080863.9398727,3449741,6206.5
1781080883.8440254,3451335,6210.52978515625
1781080886.711553,3452450,6210.52978515625
1781080889.8918986,3453984,6214.6298828125
1781080893.5348048,3455432,6249.93017578125
1781080895.7871306,3456312,6237.52001953125
1781080899.097899,3457511,6254.16015625
1781080900.7976093,3458122,6254.16015625
1781080904.4610097,3459498,6214.330078125
1781080907.7876062,3460829,6229.5498046875
1781080912.9680934,3462721,6257.31982421875
1781080915.6038144,3463663,6310.419921875
1781080918.0850916,3464545,6310.419921875
1781080920.8370562,3466004,6316.93017578125
1781080924.4736686,3467431,6326.6298828125
1781080928.0844495,3468725,6303.89013671875
1781080930.8091493,3469685,6310.1298828125
1781080935.701124,3471573,6310.1298828125
1781080939.901867,3473213,6331.35009765625
1781080942.189445,3474005,6353.2998046875
1781080944.7713718,3474906,6319.5400390625
1781080959.6328886,3475713,6283.0498046875
1781080962.6622038,3476845,6283.0498046875
1781080965.8419247,3478078,6247.06005859375
1781080970.334697,3479743,6232.3701171875
1781080972.6625967,3480566,6243.18017578125
1781080977.4230974,3482281,6248.89013671875
1781080981.8437552,3484010,6248.89013671875
1781080984.597988,3485309,6262.7900390625
1781080987.1468291,3486218,6262.77978515625
1781080993.7018414,3488665,6261.22998046875
1781080994.8195782,3489092,6277.6298828125
1781080998.6490116,3490547,6277.6298828125
1781081002.4258373,3491927,6292.02001953125
1781081007.9658322,3494004,6287.33984375
1781081011.731961,3495497,6315.91015625
1781081012.2297637,3495694,6325.2998046875
1781081017.3589876,3497817,6325.2998046875
1781081020.8309026,3499058,6340.60986328125
1781081037.7720103,3500394,6334.68994140625
1781081041.3484862,3501784,6342.52001953125
1781081041.6220806,3501874,6335.8701171875
1781081044.9004047,3503339,6335.8701171875
1781081046.863489,3504017,6341.52001953125
1781081052.6760206,3506234,6340.7099609375
1781081054.1170452,3506804,6339.64990234375
1781081057.38809,3508031,6343.52978515625
1781081060.7233806,3509206,6343.52978515625
1781081062.6204355,3509842,6334.0
1781081065.8982587,3511094,6338.6201171875
1781081071.7327023,3513327,6350.64990234375
1781081074.6990533,3514330,6374.9599609375
1781081078.1566377,3515797,6374.9599609375
1781081082.331705,3517434,6383.72021484375
1781081085.6945705,3518750,6382.3798828125
1781081087.484393,3519394,6380.6298828125
1781081090.3707252,3520401,6376.56982421875
1781081094.0550458,3521727,6376.56982421875
1781081098.63578,3523542,6355.1298828125
1781081101.7038393,3524672,6376.580078125
1781081121.8827116,3526351,6353.31005859375
1781081123.0547233,3526801,6362.47021484375
1781081126.694275,3528225,6362.47021484375
1781081131.473953,3530045,6368.27001953125
1781081135.0289972,3531293,6377.2001953125
1781081135.7025383,3531519,6375.77978515625
1781081138.0749867,3532364,6336.72021484375
1781081140.894363,3533840,6336.72021484375
1781081145.0948713,3535442,6343.2001953125
1781081146.8680458,3536086,6326.740234375
1781081152.2934582,3538075,6350.22021484375
1781081155.3978724,3539174,6385.56982421875
1781081157.5116692,3539945,6385.56982421875
1781081163.173793,3542196,6403.81005859375
1781081165.618815,3543163,6406.43017578125
1781081167.9295964,3544078,6404.68994140625
1781081171.2029688,3545245,6386.7900390625
1781081174.215192,3546647,6386.7900390625
1781081178.5269592,3548334,6377.56982421875
1781081182.5805626,3549934,6402.740234375
1781081199.5463572,3550393,6410.52978515625
1781081203.2044675,3551682,6408.0400390625
1781081205.447991,3552847,6408.0400390625
1781081210.1439528,3554741,6405.60986328125
1781081212.4098094,3555588,6428.85009765625
1781081215.6096747,3556688,6407.3701171875
1781081217.131144,3557216,6410.43994140625
1781081221.9916255,3559058,6410.43994140625
1781081225.6272438,3560504,6421.64990234375
1781081228.6536653,3561574,6422.35009765625
1781081231.5760655,3562550,6414.2998046875
1781081232.8902059,3563008,6380.2900390625
1781081235.0825593,3564171,6380.2900390625
1781081238.8752134,3565644,6359.25
1781081241.8953059,3566858,6339.35986328125
1781081244.729342,3567918,6357.14990234375
1781081248.9073462,3569410,6373.58984375
1781081252.9125745,3570807,6373.58984375
1781081257.7530777,3572657,6390.22021484375
1781081258.624737,3573009,6394.4501953125
1781081263.077163,3574711,6375.35986328125
1781081279.6646023,3575597,6371.64013671875
1781081283.6636415,3576973,6371.64013671875
1781081288.6775615,3578986,6367.740234375
1781081292.3050232,3580359,6404.4501953125
1781081296.318656,3581726,6392.0
1781081296.621713,3581818,6371.97021484375
1781081300.3307657,3583526,6371.97021484375
1781081303.4718082,3584765,6378.27001953125
1781081304.7730412,3585286,6375.259765625
1781081310.5630631,3587282,6367.4501953125
1781081310.8208115,3587374,6348.14013671875
1781081314.7810104,3588848,6348.14013671875
1781081319.3227787,3590652,6343.2998046875
1781081321.3999064,3591417,6340.0498046875
1781081327.5767996,3593652,6349.83984375
1781081329.3142447,3594311,6341.75
1781081331.8955193,3595721,6341.75
1781081336.4252675,3597444,6347.31005859375
1781081340.9138975,3599018,6350.509765625
1781081356.8913956,3600184,6348.43017578125
1781081358.221942,3600662,6330.25
1781081361.532464,3602190,6330.25
1781081366.4777577,3604171,6312.10986328125
1781081369.2813544,3605258,6332.25
1781081375.1696503,3607345,6313.66015625
1781081375.6413603,3607516,6315.75
1781081377.9579535,3608423,6315.75
1781081381.941749,3609996,6297.56982421875
1781081383.3275623,3610543,6288.33984375
1781081386.1990573,3611568,6266.25
1781081389.700512,3612817,6280.60986328125
1781081393.0644474,3614444,6280.60986328125
1781081395.9498072,3615600,6311.68994140625
1781081397.5676997,3616247,6300.89990234375
1781081401.306704,3617623,6300.1201171875
1781081406.3498955,3619459,6300.31982421875
1781081410.5859985,3621137,6300.31982421875
1781081415.2760584,3622899,6306.2001953125
1781081418.596589,3624072,6308.25
1781081420.0034523,3624559,6302.68994140625
1781081421.0914886,3624959,6279.3798828125
1781081435.0216372,3625876,6279.3798828125
1781081440.171034,3627866,6257.60986328125
1781081444.6529212,3629515,6242.9501953125
1781081445.3359034,3629735,6263.47998046875
1781081448.3008666,3630863,6274.4501953125
1781081451.3537092,3632046,6274.4501953125
1781081455.4542391,3633642,6273.7998046875
1781081456.5919874,3634340,6276.41015625
1781081460.5924475,3635815,6253.43994140625
1781081463.1270673,3636789,6248.39013671875
1781081466.3080292,3638055,6248.39013671875
1781081470.307717,3639585,6228.39013671875
1781081472.833074,3640492,6240.89013671875
1781081477.3686762,3642203,6218.5400390625
1781081477.627978,3642295,6196.169921875
1781081481.272471,3643707,6196.169921875
1781081485.4513588,3645255,6194.47021484375
1781081487.7774014,3646379,6186.10986328125
1781081490.068314,3647196,6177.33984375
1781081492.9921675,3648339,6174.06982421875
1781081495.1966429,3649216,6174.06982421875
1781081514.384339,3650932,6124.080078125
1781081518.191053,3652256,6132.27978515625
1781081519.6767263,3653097,6154.3798828125
1781081523.2719092,3654507,6173.3798828125
1781081525.8476653,3655516,6173.3798828125
1781081530.4513044,3657129,6153.2099609375
1781081533.2418053,3658096,6162.31982421875
1781081536.933817,3659337,6158.39013671875
1781081538.7398224,3660042,6148.39990234375
1781081542.6862879,3661576,6148.39990234375
1781081546.454841,3662945,6162.9501953125
1781081550.4525957,3664326,6160.64990234375
1781081551.4731252,3665001,6153.830078125
1781081554.6037424,3666152,6140.91015625
1781081558.945915,3667820,6140.91015625
1781081560.6647594,3668487,6138.2900390625
1781081567.0079212,3670792,6128.72998046875
1781081567.7429173,3671061,6132.7001953125
1781081571.1913736,3672309,6144.02978515625
1781081574.9075327,3673812,6144.02978515625
1781081590.9317791,3675408,6150.33984375
1781081591.893449,3675758,6138.52001953125
1781081596.7019103,3677485,6145.669921875
1781081599.0590594,3678304,6127.740234375
1781081603.8361964,3680188,6127.740234375
1781081606.4157517,3681202,6145.5
1781081610.61808,3682705,6123.580078125
1781081613.5828743,3683751,6137.64013671875
1781081614.4033947,3684382,6148.22021484375
1781081618.5732496,3686068,6148.22021484375
1781081623.1273816,3687789,6157.56005859375
1781081624.4615107,3688252,6160.39013671875
1781081628.2281442,3689646,6137.2099609375
1781081629.9366302,3690302,6112.81005859375
1781081633.3938453,3691684,6112.81005859375
1781081638.7996478,3693719,6131.740234375
1781081641.2775452,3694597,6128.8798828125
1781081645.550131,3696200,6152.66015625
1781081647.116097,3697173,6145.33984375
1781081651.906782,3699032,6145.33984375
1781081670.8097746,3700255,6163.759765625
1781081675.3987458,3702015,6140.83984375
1781081676.4713533,3702444,6151.72021484375
1781081679.30169,3703924,6158.27978515625
1781081683.3567953,3705378,6158.27978515625
1781081686.4625247,3706481,6169.7001953125
1781081690.7682414,3708192,6158.81982421875
1781081693.4587996,3709242,6191.7900390625
1781081697.3251758,3710636,6205.16015625
1781081702.4419405,3712487,6205.16015625
1781081705.4680357,3713688,6205.52001953125
1781081708.08317,3715065,6215.39013671875
1781081711.2605588,3716208,6217.830078125
1781081714.4637802,3717403,6244.22021484375
1781081719.0523038,3719195,6244.22021484375
1781081723.000407,3720572,6270.759765625
1781081725.3427691,3721396,6267.009765625
1781081726.7577515,3721937,6240.9599609375
1781081730.9484909,3723510,6232.81982421875
1781081749.708798,3725264,6232.81982421875
1781081754.7863698,3727111,6225.1298828125
1781081758.813921,3728562,6246.83984375
1781081763.5940075,3730458,6275.93994140625
1781081763.8332064,3730550,6266.7900390625
1781081769.1029007,3732543,6266.7900390625
1781081772.9139512,3734229,6284.77001953125
1781081776.8483458,3735769,6286.10009765625
1781081778.7319317,3736525,6278.580078125
1781081781.3605978,3737563,6298.02978515625
1781081785.3630528,3739004,6298.02978515625
1781081789.8486822,3740623,6287.56005859375
1781081791.5308585,3741285,6301.5
1781081793.7444334,3742167,6305.33984375
1781081796.756212,3743359,6307.7099609375
1781081799.4164443,3744283,6307.7099609375
1781081801.5589607,3745027,6285.47021484375
1781081804.2658246,3746367,6260.47021484375
1781081806.2463958,3747169,6241.22021484375
1781081808.3296719,3748007,6215.7998046875
1781081810.0290432,3748677,6215.7998046875
1781081827.2301574,3750092,6187.7001953125
1781081829.2416177,3750890,6178.06005859375
1781081833.9241178,3752668,6191.97998046875
1781081837.1981843,3754138,6207.22021484375
1781081840.7099824,3755511,6207.22021484375
1781081845.1060295,3757279,6206.14013671875
1781081846.8750992,3757911,6192.330078125
1781081851.9463284,3759780,6206.66015625
1781081854.6841154,3760750,6197.41015625
1781081857.545039,3761908,6197.41015625
1781081861.6594667,3763503,6207.740234375
1781081864.4202085,3764513,6206.27978515625
1781081866.2545605,3765499,6236.81982421875
1781081870.5623198,3767189,6243.1201171875
1781081875.5930722,3769164,6243.1201171875
1781081879.9028778,3770681,6256.22021484375
1781081883.882379,3772091,6279.93994140625
1781081885.5505645,3772754,6278.5400390625
1781081889.753137,3774425,6266.72998046875
1781081909.1057167,3776182,6266.72998046875
1781081913.2724104,3777748,6269.72021484375
1781081915.5244467,3778631,6262.0498046875
1781081918.5526152,3779845,6277.7900390625
1781081922.8489943,3781403,6325.8798828125
1781081927.7525012,3783280,6325.8798828125
1781081930.8885431,3784870,6346.89990234375
1781081935.6567729,3786611,6360.75
1781081937.1416068,3787117,6352.47998046875
1781081940.6240633,3788347,6368.10009765625
1781081944.9492345,3790036,6368.10009765625
1781081949.282093,3791687,6385.64990234375
1781081953.4059088,3793144,6393.75
1781081957.49184,3794655,6394.64990234375
1781081958.38933,3794992,6397.0400390625
1781081961.5037575,3796542,6397.0400390625
1781081965.3864129,3797926,6409.83984375
1781081966.6116223,3798344,6404.52001953125
1781081970.1971536,3799639,6396.8798828125
1781081983.7153215,3800066,6379.97998046875
1781081987.687798,3801506,6379.97998046875
1781081990.5120533,3802528,6381.31005859375
1781081993.0976682,3803748,6379.47998046875
1781081998.2614925,3805603,6381.6298828125
1781082000.7162614,3806477,6394.7900390625
1781082004.1174536,3807685,6394.7900390625
1781082008.993599,3809428,6410.60009765625
1781082009.7128146,3809689,6414.56982421875
1781082013.9448612,3811205,6407.509765625
1781082018.4038723,3812804,6401.0
1781082020.2676253,3813479,6401.0
1781082025.0973372,3815474,6395.3701171875
1781082028.2463176,3816616,6400.91015625
1781082035.5678935,3819244,6424.02978515625
1781082036.1435544,3819449,6445.509765625
1781082041.9022415,3821514,6445.509765625
1781082044.5861237,3822475,6466.580078125
1781082049.8906767,3824384,6445.1298828125
1781082050.8376598,3824727,6474.10986328125
1781082069.5179079,3826119,6467.830078125
1781082074.3128924,3827829,6467.830078125
1781082078.2730782,3829244,6469.72998046875
1781082083.6359274,3831172,6473.14013671875
1781082084.6639183,3831536,6484.5400390625
1781082087.1492171,3832418,6473.93017578125
1781082090.477084,3833934,6473.93017578125
1781082094.2372603,3835282,6483.1298828125
1781082096.7238317,3836172,6487.22998046875
1781082101.6378183,3837905,6485.1201171875
1781082103.4943585,3838575,6480.66015625
1781082105.6926854,3839357,6480.66015625
1781082111.8291147,3841570,6464.7900390625
1781082115.5783024,3842906,6477.06982421875
1781082117.950769,3843761,6478.02978515625
1781082120.2674506,3844898,6490.9501953125
1781082125.0029922,3846573,6490.9501953125
1781082129.1275582,3848025,6489.52978515625
1781082134.4374282,3849925,6490.27001953125
1781082148.6952548,3850065,6507.60009765625
1781082150.489019,3850711,6486.56982421875
1781082153.0832095,3851964,6486.56982421875
1781082158.1116738,3853764,6477.25
1781082159.4630048,3854243,6471.93994140625
1781082162.4463184,3855306,6431.75
1781082163.624707,3855733,6412.10986328125
1781082167.7830482,3857221,6412.10986328125
1781082172.3736136,3858828,6397.2998046875
1781082174.1025248,3859468,6412.4501953125
1781082177.6450677,3860733,6384.39990234375
1781082180.6091697,3861781,6383.47998046875
1781082183.2011473,3863031,6383.47998046875
1781082188.1977928,3864850,6375.2900390625
1781082190.3036084,3865607,6383.06982421875
1781082193.1398697,3866605,6362.2998046875
1781082195.061463,3867284,6334.89990234375
1781082197.8243103,3868279,6334.89990234375
1781082201.9022477,3869703,6300.77001953125
1781082204.7272336,3870691,6292.27978515625
1781082209.0569148,3872236,6298.8798828125
1781082212.1570652,3873337,6306.7001953125
1781082214.9311593,3874665,6306.7001953125
1781082232.4484339,3876391,6285.25
1781082235.9932053,3877658,6298.6201171875
1781082238.490233,3878544,6321.27001953125
1781082242.2948103,3879888,6324.02978515625
1781082244.412221,3880649,6324.02978515625
1781082247.7365084,3882156,6288.27001953125
1781082250.5802207,3883163,6276.7099609375
1781082253.457967,3884173,6256.14990234375
1781082254.5639777,3884569,6229.8798828125
1781082258.850949,3886118,6229.8798828125
1781082261.9936368,3887231,6212.31005859375
1781082265.9845588,3888650,6190.35986328125
1781082267.3997307,3889159,6182.759765625
1781082269.8826404,3890047,6168.7900390625
1781082273.7431633,3891392,6168.7900390625
1781082277.4540167,3893045,6164.85986328125
1781082278.4949522,3893421,6164.919921875
1781082284.0246294,3895379,6160.64990234375
1781082284.8404737,3895680,6162.2001953125
1781082288.8827498,3897136,6162.2001953125
1781082294.1526723,3899026,6188.77001953125
1781082312.8429532,3900489,6225.7001953125
1781082315.1837504,3901321,6233.85009765625
1781082317.7373335,3902195,6237.3701171875
1781082320.4468286,3903098,6237.3701171875
1781082325.0748394,3904612,6248.9501953125
1781082325.9831,3904911,6241.240234375
1781082330.8660254,3906519,6222.4501953125
1781082333.9536982,3907582,6207.72998046875
1781082338.967854,3909373,6207.72998046875
1781082341.4708803,3910576,6216.080078125
1781082344.5086968,3911657,6201.56982421875
1781082346.5575895,3912385,6194.68017578125
1781082350.5421553,3913811,6192.35986328125
1781082354.9507475,3915364,6192.35986328125
1781082358.6377773,3916665,6207.5498046875
1781082362.0295327,3917854,6207.39013671875
1781082364.3970509,3918704,6190.77978515625
1781082368.3412874,3920099,6186.18994140625
1781082372.1650689,3921447,6186.18994140625
1781082375.7076473,3923036,6161.8701171875
1781082379.364517,3924308,6167.2099609375
1781082398.3571408,3925701,6170.77001953125
1781082400.294779,3926389,6148.27001953125
1781082404.1736326,3928087,6148.27001953125
1781082408.4565456,3929614,6149.1201171875
1781082413.3204932,3931366,6158.93017578125
1781082415.5483003,3932158,6161.85009765625
1781082419.360131,3933508,6153.580078125
1781082424.6194305,3935385,6153.580078125
1781082429.5662038,3937113,6152.02001953125
1781082431.0441105,3937655,6144.02001953125
1781082433.4559479,3938498,6135.830078125
1781082435.9054925,3939663,6121.43994140625
1781082439.9941673,3941142,6121.43994140625
1781082442.8302848,3942160,6115.4599609375
1781082447.0157444,3943630,6084.47021484375
1781082451.1132936,3945088,6088.31982421875
1781082452.026338,3945407,6085.35986328125
1781082455.5264618,3946662,6085.35986328125
1781082459.597888,3948130,6073.02001953125
1781082463.807749,3949603,6076.10986328125
1781082481.5896876,3950983,6089.2900390625
1781082481.9077637,3951095,6110.16015625
1781082485.984769,3952551,6110.16015625
1781082489.5580087,3953825,6110.64990234375
1781082492.180588,3954839,6112.8798828125
1781082494.1113586,3955514,6090.58984375
1781082498.6716137,3957105,6094.14990234375
1781082499.8679843,3957834,6094.14990234375
1781082503.993611,3959299,6072.3798828125
1781082507.175671,3960420,6056.93994140625
1781082508.527556,3960906,6052.4599609375
1781082512.2732775,3962253,6047.02978515625
1781082517.5330791,3964128,6047.02978515625
1781082521.991654,3965716,6087.18994140625
1781082524.189056,3966500,6077.52978515625
1781082527.4362338,3967652,6069.7998046875
1781082530.116221,3968619,6035.919921875
1781082532.775912,3969853,6035.919921875
1781082537.6612546,3971595,6006.580078125
1781082541.0089602,3972781,6036.31005859375
1781082544.1328986,3973903,6027.58984375
1781082561.6406548,3975043,6026.33984375
1781082566.7628436,3976873,6026.33984375
1781082570.8884773,3978340,6034.85986328125
1781082573.6569607,3979324,6028.10986328125
1781082579.5929804,3981439,6037.18017578125
1781082581.8906276,3982264,6062.93017578125
1781082585.4078612,3983510,6062.93017578125
1781082590.6007097,3985383,6049.77001953125
1781082593.5338926,3986418,6050.58984375
1781082594.246505,3986985,6041.31982421875
1781082596.916456,3987931,6043.39013671875
1781082600.564768,3989212,6043.39013671875
1781082604.862009,3990744,6035.97998046875
1781082608.533751,3992032,6040.25
1781082613.003969,3993620,6061.080078125
1781082617.188369,3995088,6076.60009765625
1781082620.723471,3996352,6076.60009765625
1781082624.5747936,3997718,6060.1201171875
1781082627.6113045,3999121,6079.0400390625
1781082629.9733784,3999937,6061.1298828125
1781082648.9322157,4001386,6095.759765625
1781082654.0624478,4003207,6095.759765625
1781082656.6232376,4004133,6106.669921875
1781082659.6163962,4005509,6083.47021484375
1781082662.0383513,4006395,6104.490234375
1781082663.1968486,4006804,6111.669921875
1781082665.3203876,4007561,6111.669921875
1781082669.5114212,4009047,6083.52001953125
1781082674.3185978,4010771,6087.14990234375
1781082676.74911,4011638,6104.06982421875
1781082677.4244664,4011868,6072.330078125
1781082680.2370229,4012835,6072.330078125
1781082685.203671,4014573,6061.06005859375
1781082688.497423,4015724,6059.7001953125
1781082692.816934,4017569,6079.25
1781082693.0784545,4017661,6083.93017578125
1781082697.9035885,4019399,6083.93017578125
1781082701.3514538,4020616,6118.240234375
1781082704.5758066,4021770,6115.35009765625
1781082709.6240337,4023590,6129.06005859375
1781082712.9194279,4024758,6125.52001953125
1781082728.5755842,4026066,6125.52001953125
1781082734.1948946,4028084,6126.16015625
1781082738.724318,4029687,6136.66015625
1781082741.9582891,4030856,6135.83984375
1781082742.7178168,4031116,6118.5
1781082748.1638389,4033063,6118.5
1781082751.1982656,4034449,6161.990234375
1781082755.9505167,4036125,6170.35009765625
1781082758.6452932,4037074,6195.60009765625
1781082763.0343063,4038644,6232.52001953125
1781082766.4544764,4039892,6232.52001953125
1781082770.5108085,4041350,6223.9599609375
1781082772.056073,4041906,6228.759765625
1781082775.2372012,4043019,6225.02978515625
1781082778.9794352,4044358,6242.240234375
1781082783.1748528,4046179,6242.240234375
1781082787.0716522,4047578,6262.52978515625
1781082792.0774374,4049336,6286.02978515625
1781082793.470586,4049829,6290.60009765625
1781082810.1104665,4051114,6287.25
1781082814.4851804,4052665,6287.25
1781082817.8995495,4054183,6289.6201171875
1781082821.8758783,4055599,6264.43994140625
1781082823.3301833,4056126,6251.89990234375
1781082826.0244596,4057080,6265.10986328125
1781082829.8467412,4058441,6265.10986328125
1781082832.3243086,4059315,6279.72021484375
1781082835.9183931,4060596,6256.81982421875
1781082837.6348608,4061210,6267.60009765625
1781082838.273849,4061431,6223.64013671875
1781082842.9460018,4063107,6223.64013671875
1781082847.6966093,4065117,6219.1298828125
1781082849.4425387,4065734,6251.490234375
1781082852.0388107,4066664,6243.97998046875
1781082855.815127,4068021,6238.14990234375
1781082859.539909,4069382,6238.14990234375
1781082863.287105,4070713,6227.5498046875
1781082866.390195,4071827,6222.72021484375
1781082868.6488724,4072639,6212.08984375
1781082871.627511,4073693,6213.68994140625
1781082890.0584424,4075262,6213.68994140625
1781082894.6790543,4076943,6221.77001953125
1781082897.4240768,4077920,6218.64013671875
1781082901.143132,4079246,6198.169921875
1781082902.636416,4079774,6205.39990234375
1781082907.462411,4081500,6205.39990234375
1781082910.2417626,4082788,6217.990234375
1781082914.8071985,4084395,6184.02001953125
1781082917.252285,4085264,6200.91015625
1781082919.7260282,4086152,6175.52001953125
1781082924.090598,4087691,6175.52001953125
1781082928.237605,4089182,6164.08984375
1781082929.6901152,4089705,6152.68017578125
1781082932.5358155,4090721,6159.72998046875
1781082936.1732044,4091984,6162.72021484375
1781082941.1049016,4093725,6162.72021484375
1781082944.005636,4095071,6179.580078125
1781082946.6095936,4096013,6192.490234375
1781082950.4802995,4097392,6193.1298828125
1781082954.1233902,4098742,6203.39990234375
1781082972.3705187,4100110,6203.39990234375
1781082976.114729,4101446,6206.93017578125
1781082980.9339464,4103139,6199.81982421875
1781082985.1903036,4104654,6219.02001953125
1781082985.9776583,4104931,6223.18994140625
1781082991.4870515,4106901,6223.18994140625
1781082996.595638,4108713,6245.06982421875
1781082999.1395433,4109624,6254.06005859375
1781083001.1691597,4110358,6264.1298828125
1781083005.1942954,4112102,6269.31982421875
1781083009.3733146,4113616,6269.31982421875
1781083011.4977605,4114379,6300.759765625
1781083014.3126361,4115381,6284.240234375
1781083016.1558695,4116048,6272.60986328125
1781083018.235897,4116796,6251.259765625
1781083022.713116,4118408,6251.259765625
1781083027.5177271,4120164,6242.9599609375
1781083029.92892,4121025,6255.9501953125
1781083031.6201427,4121636,6215.02001953125
1781083034.05991,4122523,6225.7001953125
1781083036.5817661,4123760,6225.7001953125
1781083057.0983531,4125242,6225.4599609375
1781083058.199713,4125647,6215.169921875
1781083064.9416385,4128075,6216.41015625
1781083066.8925073,4128801,6219.580078125
1781083070.2256017,4130361,6219.580078125
1781083074.1747217,4131794,6204.85009765625
1781083078.648329,4133393,6215.1298828125
1781083082.8164308,4134894,6211.97021484375
1781083085.9669468,4136022,6219.58984375
1781083088.3693092,4136892,6219.58984375
1781083092.7183518,4138439,6198.02978515625
1781083096.6591704,4139825,6195.759765625
1781083099.4914908,4141139,6220.9501953125
1781083100.3130202,4141435,6209.06982421875
1781083105.2770667,4143196,6209.06982421875
1781083108.414949,4144335,6229.47998046875
1781083113.9151442,4146305,6242.97021484375
1781083119.5910075,4148335,6218.89013671875
1781083119.901699,4148445,6202.9599609375
1781083124.032407,4149924,6202.9599609375
1781083141.7931302,4151292,6211.64990234375
1781083145.674546,4152664,6181.27978515625
1781083146.8985171,4153109,6188.0
1781083149.9630218,4154188,6181.0400390625
1781083154.4200194,4155786,6181.0400390625
1781083158.4184875,4157212,6172.02001953125
1781083162.4195578,4158668,6196.72021484375
1781083165.049552,4159921,6196.43017578125
1781083167.3869123,4160761,6227.2998046875
1781083171.521582,4162237,6227.2998046875
1781083174.0133216,4163128,6260.8798828125
1781083179.7572982,4165159,6244.64990234375
1781083183.9942203,4166666,6248.27001953125
1781083186.2286983,4167452,6292.509765625
1781083190.4463127,4168977,6292.509765625
1781083192.3952932,4169676,6315.0
1781083195.5560532,4171118,6299.10009765625
1781083197.9339607,4171955,6287.1298828125
1781083200.0765626,4172712,6271.5498046875
1781083202.2337348,4173497,6271.5498046875
1781083214.674104,4175052,6244.5400390625
1781083217.9563835,4176209,6248.7099609375
1781083219.153192,4176641,6207.52001953125
1781083222.194339,4177744,6188.7998046875
1781083225.3758912,4179205,6188.7998046875
1781083229.5474188,4180705,6193.5498046875
1781083232.3719015,4181725,6173.77978515625
1781083236.436835,4183183,6177.31005859375
1781083238.943966,4184102,6188.16015625
1781083242.2927687,4185318,6188.16015625
1781083243.8631601,4185870,6158.93017578125
1781083249.3842812,4187840,6129.93994140625
1781083250.5725474,4188277,6112.81982421875
1781083254.2415757,4189583,6106.31005859375
1781083258.2631443,4191355,6106.31005859375
1781083260.5520325,4192171,6126.75
1781083265.8943381,4194105,6118.75
1781083267.629072,4194745,6145.35986328125
1781083270.6371746,4195811,6126.52978515625
1781083273.9421332,4196992,6126.52978515625
1781083279.6752186,4199075,6113.18017578125
1781083294.9114194,4200328,6093.52001953125
1781083296.093102,4200744,6101.14990234375
1781083301.613086,4202717,6132.66015625
1781083305.2002244,4204031,6132.66015625
1781083310.372968,4205905,6119.5400390625
1781083313.0669055,4206864,6136.93994140625
1781083318.3124676,4208740,6146.0400390625
1781083320.4689164,4209513,6166.16015625
1781083323.0196464,4210753,6166.16015625
1781083328.3167846,4212630,6180.56005859375
1781083331.0720286,4213607,6207.02001953125
1781083333.9015114,4214609,6206.669921875
1781083336.6361952,4215591,6235.419921875
1781083341.4775152,4217313,6235.419921875
1781083345.189851,4218605,6237.18994140625
1781083349.1735168,4220036,6236.72021484375
1781083352.116982,4221392,6241.41015625
1781083354.2102206,4222132,6233.14990234375
1781083359.5141082,4224010,6233.14990234375
1781083377.4409828,4225442,6252.56982421875
1781083381.7470517,4226982,6273.60009765625
1781083385.8585265,4228771,6281.58984375
1781083386.1102192,4228863,6275.47998046875
1781083389.604973,4230131,6275.47998046875
1781083392.4562976,4231150,6265.47998046875
1781083396.714648,4232710,6230.8701171875
1781083397.8415806,4233105,6248.06005859375
1781083403.3302321,4235082,6280.93017578125
1781083407.312998,4236526,6280.93017578125
1781083410.4598844,4237657,6257.009765625
1781083415.4080038,4239448,6287.1201171875
1781083417.404357,4240480,6282.60009765625
1781083422.1383028,4242152,6309.06982421875
1781083425.3329768,4243292,6309.06982421875
1781083430.6596448,4245201,6308.2001953125
1781083434.6009612,4246607,6309.97021484375
1781083436.5042915,4247278,6316.97998046875
1781083440.5173256,4248726,6338.93994140625
1781083442.7936556,4249521,6338.93994140625
1781083458.1459131,4251134,6293.3701171875
1781083459.4477384,4251813,6311.77001953125
1781083464.078484,4254277,6323.89013671875
1781083464.6510818,4254571,6302.43017578125
1781083467.4141924,4256024,6302.43017578125
1781083471.1699724,4258019,6313.97021484375
1781083473.2463336,4259106,6338.64990234375
1781083475.621835,4260357,6339.5400390625
1781083477.894601,4262037,6353.68994140625
1781083481.4569483,4263937,6353.68994140625
1781083484.654175,4265615,6349.60986328125
1781083485.832027,4266232,6345.47998046875
1781083487.2315767,4266957,6334.91015625
1781083490.2557094,4268544,6327.43994140625
1781083493.6109312,4270322,6327.43994140625
1781083496.4001234,4271770,6339.77001953125
1781083499.5666096,4273440,6359.56982421875
1781083501.7059774,4274584,6382.8798828125
1781083520.2302666,4275850,6432.240234375
1781083524.6256142,4277377,6432.240234375
1781083528.1301565,4278602,6426.6298828125
1781083531.551509,4279792,6398.10009765625
1781083533.8354023,4280590,6433.22021484375
1781083536.1657383,4281405,6424.97021484375
1781083539.1414485,4282457,6424.97021484375
1781083540.9734335,4283097,6414.16015625
1781083544.175651,4284530,6392.52978515625
1781083545.967701,4285147,6372.72021484375
1781083549.3047082,4286333,6371.10986328125
1781083552.6629395,4287509,6371.10986328125
1781083556.2614202,4288767,6355.68994140625
1781083558.2766635,4289470,6337.7998046875
1781083562.6803365,4290992,6321.16015625
1781083564.6501205,4291697,6296.56005859375
1781083569.7313483,4293471,6296.56005859375
1781083573.9404347,4295280,6345.81005859375
1781083576.3347144,4296518,6338.7900390625
1781083577.9607885,4297333,6321.77978515625
1781083579.4159675,4298047,6334.35009765625
1781083582.4011676,4299597,6334.35009765625
1781083596.6448324,4301313,6324.75
1781083597.786751,4301699,6312.35986328125
1781083601.3951926,4303041,6278.39990234375
1781083601.6588948,4303133,6257.7998046875
1781083604.351354,4304573,6257.7998046875
1781083608.301304,4306029,6256.35986328125
1781083612.4248745,4307463,6263.10009765625
1781083613.9831789,4308007,6273.990234375
1781083617.1818,4309281,6274.080078125
1781083620.818861,4310727,6274.080078125
1781083623.854987,4311811,6267.9501953125
1781083626.5619016,4312711,6252.68994140625
1781083628.794142,4313522,6242.75
1781083632.1706207,4314680,6227.16015625
1781083635.8003774,4316062,6227.16015625
1781083638.2230074,4317402,6218.66015625
1781083643.233211,4319246,6231.919921875
1781083644.9260693,4319806,6232.25
1781083647.4808097,4320691,6199.81005859375
1781083649.7000964,4321529,6199.81005859375
1781083653.398616,4322967,6172.25
1781083655.0662227,4323626,6174.330078125
1781083673.5509658,4325296,6165.9501953125
1781083673.831164,4325388,6177.0
1781083679.0098956,4327279,6177.0
1781083682.5020244,4328649,6207.22021484375
1781083684.4094882,4329392,6197.89013671875
1781083687.6118965,4330542,6225.22021484375
1781083692.8728373,4332341,6254.02001953125
1781083697.2256749,4334059,6254.02001953125
1781083698.7928715,4334688,6265.18994140625
1781083699.6986134,4335336,6236.60986328125
1781083706.3461857,4337654,6231.5498046875
1781083708.2288773,4338389,6241.58984375
1781083712.9728038,4340253,6241.58984375
1781083714.3955796,4340812,6268.759765625
1781083717.7850747,4342024,6288.009765625
1781083719.4469225,4342630,6255.58984375
1781083723.3277402,4344092,6250.240234375
1781083728.1550264,4346010,6250.240234375
1781083732.00889,4347725,6253.009765625
1781083734.8435004,4348715,6270.2001953125
1781083751.911161,4350021,6250.2099609375
1781083753.1584866,4350508,6257.85009765625
1781083757.5804112,4352255,6257.85009765625
1781083761.1963208,4353560,6269.2998046875
1781083763.926272,4354913,6251.4501953125
1781083767.90538,4356348,6251.009765625
1781083769.173992,4356838,6234.919921875
1781083772.5765438,4358169,6234.919921875
1781083775.9649901,4359469,6250.14013671875
1781083779.8786736,4360838,6218.72021484375
1781083783.0258658,4361923,6218.4599609375
1781083786.356947,4363224,6218.39013671875
1781083788.6339736,4364109,6218.39013671875
1781083791.7572942,4365634,6193.4501953125
1781083793.913073,4367243,6202.10986328125
1781083795.6953516,4368179,6213.39013671875
1781083797.6491704,4369195,6213.81005859375
1781083800.7837894,4370823,6213.81005859375
1781083803.1667054,4372063,6210.14990234375
1781083804.8346696,4372943,6187.14013671875
1781083818.2753282,4375337,6208.83984375
1781083819.3303537,4375884,6219.93994140625
1781083820.7059653,4376587,6219.93994140625
1781083825.6879678,4379115,6210.4599609375
1781083828.175688,4380285,6199.240234375
1781083830.723664,4381188,6216.740234375
1781083833.906097,4382449,6213.85009765625
1781083839.2003722,4384447,6213.85009765625
1781083844.8514626,4386399,6241.77001953125
1781083848.4154007,4387777,6282.52001953125
1781083851.2090151,4388876,6282.3701171875
1781083854.2470279,4389988,6266.7998046875
1781083857.8551958,4391247,6266.7998046875
1781083860.4962668,4392575,6257.33984375
1781083863.2294006,4393633,6241.7900390625
1781083866.54608,4394928,6218.2001953125
1781083868.0254989,4395453,6202.68994140625
1781083872.663767,4397060,6202.68994140625
1781083874.4825249,4397708,6204.22998046875
1781083877.5590396,4398928,6187.81982421875
1781083894.1284385,4400606,6187.52978515625
1781083895.2203662,4401023,6162.27978515625
1781083899.9192443,4402674,6162.27978515625
1781083902.8069813,4403673,6197.259765625
1781083908.0343997,4405689,6187.97998046875
1781083912.107232,4407200,6191.6201171875
1781083914.2552652,4407949,6205.41015625
1781083917.3274558,4409047,6205.41015625
1781083920.4711964,4410198,6183.3798828125
1781083920.8563292,4410338,6151.10009765625
1781083925.3909016,4412432,6135.97998046875
1781083928.5839877,4413546,6130.56982421875
1781083931.3942614,4414678,6130.56982421875
1781083935.4684703,4416830,6128.2099609375
1781083937.2115984,4417744,6131.9599609375
1781083939.5340939,4418949,6137.43017578125
1781083941.1272688,4419780,6119.4501953125
1781083944.5512917,4421574,6119.4501953125
1781083947.4043536,4423081,6126.43017578125
1781083950.335081,4424636,6126.64013671875
1781083960.5738187,4425518,6123.81005859375
1781083961.7618573,4426148,6081.58984375
1781083965.0944371,4427894,6081.58984375
1781083967.7988784,4429254,6090.56982421875
1781083971.7637272,4430720,6101.990234375
1781083975.0219128,4431857,6116.89013671875
1781083978.7273884,4433179,6141.2998046875
1781083982.4767373,4434507,6141.2998046875
1781083983.8664174,4434986,6152.10986328125
1781083988.551823,4436966,6161.81005859375
1781083990.0235188,4437474,6169.0
1781083994.179337,4438931,6174.06982421875
1781083999.1062493,4440680,6174.06982421875
1781084002.7374077,4441973,6203.4599609375
1781084004.847467,4442704,6213.43994140625
1781084009.2763712,4444291,6212.419921875
1781084013.2256632,4445680,6229.72998046875
1781084015.7409883,4446863,6229.72998046875
1781084019.695478,4448239,6193.169921875
1781084039.241715,4450062,6192.43994140625
1781084041.3827984,4450801,6218.259765625
1781084043.7552633,4451646,6214.41015625
1781084048.0420496,4453520,6214.41015625
1781084053.139905,4455316,6225.0400390625
1781084055.2014377,4456045,6235.1298828125
1781084061.121611,4458143,6274.419921875
1781084063.3424942,4458925,6301.43017578125
1781084068.958355,4460931,6301.43017578125
1781084074.0757487,4462776,6326.77978515625
1781084076.0579066,4463492,6334.0
1781084078.520594,4464679,6325.7001953125
1781084081.9943364,4465894,6334.56982421875
1781084086.3631685,4467467,6334.56982421875
1781084089.082496,4468449,6341.52001953125
1781084090.892903,4469089,6340.31982421875
1781084097.6039126,4471483,6326.91015625
1781084098.2125793,4471698,6350.6298828125
1781084101.9923546,4473057,6350.6298828125
1781084106.6566024,4474704,6358.740234375
1781084124.229986,4475735,6359.14990234375
1781084128.0170965,4477106,6374.7001953125
1781084131.3952467,4478327,6375.33984375
1781084136.6823542,4480183,6375.33984375
1781084139.9451904,4481333,6418.75
1781084140.780439,4481620,6408.14013671875
1781084141.8564782,4482313,6386.5498046875
1781084144.6800678,4483321,6387.2998046875
1781084149.0113099,4484880,6387.2998046875
1781084152.1168313,4485965,6375.080078125
1781084157.1277647,4487768,6395.6201171875
1781084160.1263165,4488822,6393.0498046875
1781084162.41319,4489648,6362.27001953125
1781084166.7256377,4491177,6362.27001953125
1781084169.6232784,4492196,6356.56005859375
1781084173.7761118,4493951,6403.41015625
1781084176.365229,4494875,6399.06005859375
1781084180.275047,4496264,6385.14013671875
1781084185.4537885,4498108,6385.14013671875
1781084189.9247515,4499690,6386.259765625
1781084207.5961518,4500430,6387.35009765625
1781084210.8532505,4501591,6422.97021484375
1781084214.2283807,4502770,6417.2900390625
1781084216.1771536,4503459,6417.2900390625
1781084221.0609572,4505196,6368.31982421875
1781084223.333883,4505997,6368.990234375
1781084225.2552068,4506674,6371.2001953125
1781084229.8856645,4508326,6382.9501953125
1781084232.7907205,4509371,6382.9501953125
1781084235.8845196,4510507,6352.4501953125
1781084238.144335,4511747,6350.7998046875
1781084240.8721795,4512850,6352.66015625
1781084244.421615,4514115,6360.9501953125
1781084249.5598354,4515973,6360.9501953125
1781084253.5256832,4517523,6367.4599609375
1781084259.6210637,4519751,6415.7099609375
1781084261.3401096,4520361,6416.919921875
1781084265.3030157,4521823,6413.89990234375
1781084269.0183764,4523664,6413.89990234375
1781084271.6001298,4524632,6454.6201171875
1781084283.677192,4525236,6422.759765625
1781084285.2956004,4525829,6378.39990234375
1781084287.495429,4526605,6366.35009765625
1781084291.6162963,4528093,6366.35009765625
1781084293.9622965,4528948,6360.669921875
1781084298.367124,4530583,6365.43017578125
1781084300.2417696,4531274,6329.7998046875
1781084302.1774504,4532204,6322.60009765625
1781084304.6669974,4533014,6322.60009765625
1781084309.182964,4534583,6295.6201171875
1781084311.661531,4535429,6288.14013671875
1781084317.1495101,4537383,6287.14013671875
1781084317.3979785,4537475,6270.27978515625
1781084320.166413,4538579,6270.27978515625
1781084323.2747386,4539795,6237.14990234375
1781084328.1189492,4541548,6205.4501953125
1781084330.1814775,4542241,6214.27001953125
1781084332.4944444,4543395,6205.7099609375
1781084336.515418,4544985,6205.7099609375
1781084340.589753,4546457,6219.06005859375
1781084344.236696,4547693,6230.7998046875
1781084345.54907,4548134,6226.89013671875
1781084349.4346645,4549595,6235.22021484375
1781084365.444058,4551221,6235.22021484375
1781084367.985073,4552201,6237.7099609375
1781084373.728135,4554221,6263.830078125
1781084377.0463235,4555429,6279.169921875
1781084380.4966853,4556787,6299.83984375
1781084384.8006177,4558398,6299.83984375
1781084390.3456254,4560323,6299.0498046875
1781084394.2780883,4561816,6314.7900390625
1781084396.4559443,4563017,6297.5400390625
1781084398.6122541,4563807,6303.64990234375
1781084402.117897,4565074,6303.64990234375
1781084406.3846753,4566729,6312.330078125
1781084409.72691,4567927,6333.16015625
1781084411.6606066,4568610,6321.52978515625
1781084415.5918329,4570026,6328.64990234375
1781084418.1801112,4571039,6328.64990234375
1781084421.8230536,4572468,6295.56982421875
1781084425.5837114,4573786,6301.990234375
1781084427.527052,4574733,6291.1298828125
1781084443.5092964,4575703,6306.56005859375
1781084446.625962,4576944,6306.56005859375
1781084448.274299,4577582,6276.3798828125
1781084452.1647286,4579035,6251.27978515625
1781084457.8174021,4580997,6287.18017578125
1781084460.4600005,4582335,6317.16015625
1781084464.5700765,4583923,6317.16015625
1781084469.1618514,4585542,6310.83984375
1781084473.266788,4586982,6315.169921875
1781084474.3218706,4587393,6303.91015625
1781084477.4236495,4588617,6287.2001953125
1781084480.7644198,4589889,6287.2001953125
1781084484.7680254,4591298,6285.2099609375
1781084488.7502358,4592694,6297.06982421875
1781084491.0643814,4593877,6302.4501953125
1781084493.2051423,4594629,6297.77978515625
1781084496.2876751,4595816,6297.77978515625
1781084499.214376,4596976,6284.22998046875
1781084504.149312,4598762,6281.39990234375
1781084505.7026563,4599306,6287.27978515625
1781084522.2794094,4600606,6267.06982421875
1781084527.08184,4602467,6267.06982421875
1781084531.041319,4604009,6295.580078125
1781084534.9492044,4605365,6297.240234375
1781084536.2262242,4605811,6276.009765625
1781084538.24192,4606533,6265.2099609375
1781084542.026293,4608064,6265.2099609375
1781084544.2615912,4608948,6251.64990234375
1781084551.1974692,4611396,6250.2998046875
1781084552.783472,4611960,6245.43017578125
1781084556.6501641,4613836,6266.72021484375
1781084559.562291,4614945,6266.72021484375
1781084563.225957,4616227,6228.1298828125
1781084567.1267943,4617613,6221.3701171875
1781084570.4661443,4618918,6249.08984375
1781084574.8845236,4620611,6258.81005859375
1781084577.3671138,4621454,6258.81005859375
1781084581.4520829,4622867,6229.0400390625
1781084582.579699,4623272,6239.10986328125
1781084585.0886023,4624611,6271.89013671875
1781084607.7572432,4626020,6243.2099609375
1781084616.8545876,4629886,6243.2099609375
1781084620.2008333,4631228,6335.5400390625
1781084625.8381984,4633335,6349.97998046875
1781084627.162118,4633819,6334.6201171875
1781084631.4769247,4635406,6353.66015625
1781084634.143841,4636464,6353.66015625
1781084638.5529313,4638154,6318.93017578125
1781084641.8628082,4639282,6339.490234375
1781084645.0902233,4640411,6362.7900390625
1781084646.4279468,4640938,6374.830078125
1781084647.5053606,4641741,6374.830078125
1781084649.023693,4642340,6350.27978515625
1781084653.973682,4644220,6323.06005859375
1781084655.881271,4644884,6304.5
1781084660.4136713,4646537,6345.56005859375
1781084664.8865945,4648304,6345.56005859375
1781084682.4126282,4650059,6352.3701171875
1781084683.640359,4650498,6351.509765625
1781084690.2575772,4652951,6359.97021484375
1781084691.8748045,4653581,6363.06005859375
1781084695.051255,4654837,6363.06005859375
1781084700.9513662,4656951,6351.47998046875
1781084701.8734772,4657266,6359.18017578125
1781084707.3839977,4659425,6373.0498046875
1781084709.3312747,4660190,6367.330078125
1781084712.1907058,4661605,6367.330078125
1781084716.9606147,4663304,6414.68017578125
1781084720.4057357,4664628,6431.89990234375
1781084723.6765368,4665771,6415.97998046875
1781084727.4125068,4667057,6419.52978515625
1781084730.9570775,4668444,6419.52978515625
1781084735.019548,4670029,6433.2998046875
1781084737.7681906,4670997,6446.35986328125
1781084741.798253,4672424,6456.64013671875
1781084744.7093568,4673911,6462.22021484375
1781084761.1076727,4675494,6462.22021484375
1781084763.923907,4676598,6451.0
1781084768.695222,4678225,6423.8701171875
1781084772.3502252,4679543,6419.740234375
1781084773.4817362,4680345,6410.75
1781084777.674685,4682012,6410.75
1781084782.1291034,4683611,6393.580078125
1781084785.25153,4684713,6423.60009765625
1781084787.6017613,4685633,6445.330078125
1781084792.3159075,4687498,6505.6298828125
1781084797.0437267,4689167,6505.6298828125
1781084801.1666436,4690604,6514.22998046875
1781084805.3698025,4692256,6514.33984375
1781084806.1492147,4692890,6541.2099609375
1781084810.1359107,4694286,6553.18017578125
1781084814.6101377,4695899,6553.18017578125
1781084817.298851,4696945,6581.240234375
1781084822.1606812,4698771,6595.43017578125
1781084825.4584825,4699922,6592.3798828125
1781084841.0629485,4701198,6618.52978515625
1781084845.0981977,4702729,6618.52978515625
1781084849.1447423,4704327,6632.10986328125
1781084853.096674,4705723,6648.3798828125
1781084855.1487174,4706483,6634.240234375
1781084858.6865957,4707842,6647.06982421875
1781084862.6953273,4709441,6647.06982421875
1781084868.0857854,4711450,6647.490234375
1781084871.7633212,4713090,6663.080078125
1781084875.9608471,4714723,6685.02001953125
1781084876.7318807,4715017,6686.009765625
1781084881.794202,4716877,6686.009765625
1781084885.6279068,4718208,6693.6201171875
1781084888.5794291,4719332,6696.06005859375
1781084891.0748901,4720306,6665.43994140625
1781084894.488286,4721648,6664.02978515625
1781084896.4023867,4722366,6664.02978515625
1781084901.244263,4724410,6642.89990234375
1781084916.1472065,4725015,6635.509765625
1781084920.952335,4726848,6644.5
1781084922.2515945,4727341,6611.0
1781084925.9506392,4728714,6611.0
1781084929.4428892,4729941,6613.1298828125
1781084934.0534494,4731945,6605.009765625
1781084934.3218796,4732037,6625.89013671875
1781084938.9887831,4733867,6623.02978515625
1781084943.7891786,4735551,6623.02978515625
1781084948.2582767,4737213,6656.47998046875
1781084952.3715887,4738847,6640.75
1781084955.1055763,4739872,6679.9501953125
1781084958.152719,4740920,6677.9501953125
1781084960.3888824,4741720,6677.9501953125
1781084963.6663294,4742932,6673.81982421875
1781084965.556979,4744021,6680.080078125
1781084967.3814,4744729,6631.16015625
1781084971.104279,4746104,6620.10986328125
1781084976.2099378,4747912,6620.10986328125
1781084978.3744287,4748784,6631.919921875
1781084993.691059,4750224,6606.2900390625
1781084995.5434837,4750959,6610.47998046875
1781084997.299263,4751997,6604.14990234375
1781085000.1562157,4753010,6604.14990234375
1781085004.9422257,4754710,6599.56982421875
1781085008.363158,4756078,6617.10009765625
1781085009.939948,4756681,6604.72021484375
1781085013.2983644,4757965,6602.2900390625
1781085016.2734718,4758989,6602.2900390625
1781085019.983737,4760329,6580.5400390625
1781085021.5694962,4760963,6579.2099609375
1781085023.634439,4761786,6562.33984375
1781085026.3319414,4762861,6559.02978515625
1781085028.919841,4764145,6559.02978515625
1781085033.4373696,4765733,6536.58984375
1781085036.4009678,4766860,6537.72998046875
1781085038.5557718,4767703,6542.7001953125
1781085041.7096422,4768936,6564.9501953125
1781085043.4920545,4769552,6564.9501953125
1781085048.2103016,4771196,6538.6298828125
1781085049.767375,4771719,6518.93994140625
1781085052.4633596,4772739,6485.9599609375
1781085055.273922,4773723,6464.6201171875
1781085068.7392478,4775164,6464.6201171875
1781085072.0550818,4776471,6477.97998046875
1781085075.2749147,4777775,6472.0498046875
1781085075.7508042,4777963,6433.5498046875
1781085079.0431802,4779118,6409.27001953125
1781085083.097101,4780555,6409.27001953125
1781085086.1429374,4781737,6433.990234375
1781085089.9242828,4783242,6460.93017578125
1781085093.2156124,4784764,6464.2998046875
1781085096.9178042,4786091,6471.81982421875
1781085100.072387,4787295,6471.81982421875
1781085104.713003,4789157,6371.39013671875
1781085105.8613951,4789576,6360.7900390625
1781085110.9662452,4791390,6361.2099609375
1781085113.5248294,4792351,6346.77978515625
1781085118.17973,4794222,6346.77978515625
1781085120.0374508,4794955,6382.10986328125
1781085122.2835333,4796185,6361.16015625
1781085126.8160622,4797867,6352.60986328125
1781085127.1356099,4797984,6351.27978515625
1781085129.4659889,4798825,6351.27978515625
1781085146.5106583,4800651,6370.56005859375
1781085148.4730697,4801427,6374.740234375
1781085151.5172963,4802633,6394.16015625
1781085154.3096673,4804075,6370.93017578125
1781085157.8482347,4805334,6370.93017578125
1781085162.2796724,4806974,6353.22021484375
1781085163.9848878,4807652,6339.89013671875
1781085170.5443904,4810177,6341.60986328125
1781085171.2623377,4810434,6343.39013671875
1781085175.423621,4811908,6343.39013671875
1781085178.597516,4813145,6338.77978515625
1781085183.2712154,4815004,6338.27001953125
1781085185.1290119,4815752,6330.419921875
1781085188.3562853,4817315,6354.14990234375
1781085192.2665992,4818713,6354.14990234375
1781085196.3468874,4820232,6340.64013671875
1781085199.9316468,4821657,6325.66015625
1781085201.1011765,4822112,6338.68017578125
1781085205.0611093,4823528,6328.330078125
1781085208.9623353,4824939,6328.330078125
1781085221.3449297,4825649,6329.419921875
1781085226.0622907,4827305,6324.7998046875
1781085228.8986316,4828322,6307.68017578125
1781085230.9040234,4829127,6277.990234375
1781085235.650488,4830999,6277.990234375
1781085238.5801873,4832058,6289.56005859375
1781085243.252646,4833685,6283.81982421875
1781085245.535251,4834560,6280.740234375
1781085246.8894744,4835092,6259.58984375
1781085250.209329,4836761,6259.58984375
1781085254.2612312,4838233,6260.259765625
1781085257.9923646,4839551,6249.580078125
1781085258.5869477,4839774,6250.759765625
1781085262.6941607,4841416,6226.5400390625
1781085265.8314693,4842678,6226.5400390625
1781085268.5255694,4843711,6210.0
1781085272.2145855,4845035,6216.75
1781085276.5432775,4846597,6198.66015625
1781085279.7642531,4847858,6213.009765625
1781085282.8742006,4849421,6213.009765625
1781085297.26803,4850133,6216.8701171875
1781085302.7557456,4852102,6192.7099609375
1781085306.412695,4853518,6207.41015625
1781085308.671795,4854435,6199.72021484375
1781085311.47102,4855534,6199.72021484375
1781085312.630341,4856263,6182.39013671875
1781085315.6573272,4857346,6151.7099609375
1781085318.2696176,4858311,6159.06982421875
1781085319.6183748,4858842,6110.3798828125
1781085322.4780967,4859978,6110.3798828125
1781085327.8686435,4861992,6097.5400390625
1781085331.7871723,4863372,6094.3798828125
1781085334.6892595,4864480,6093.4599609375
1781085336.433473,4865136,6075.25
1781085341.3436341,4866851,6075.25
1781085344.1482975,4868191,6075.85009765625
1781085348.0553555,4869748,6061.35009765625
1781085350.8555715,4870809,6095.35009765625
1781085353.6384964,4871753,6074.9501953125
1781085357.936427,4873240,6074.9501953125
1781085361.8067043,4874730,6088.4501953125
1781085373.8157117,4875624,6079.22021484375
1781085377.0815902,4877285,6094.7900390625
1781085380.4366882,4878557,6119.18994140625
1781085384.8728185,4880100,6119.18994140625
1781085388.9605308,4881594,6132.2099609375
1781085391.9792345,4882805,6129.419921875
1781085394.0311854,4883609,6106.35986328125
1781085395.6550949,4884191,6083.77978515625
1781085400.641045,4885913,6083.77978515625
1781085403.39748,4886916,6078.580078125
1781085405.619254,4888166,6076.259765625
1781085407.87429,4889064,6053.580078125
1781085412.3307753,4890707,6062.06005859375
1781085416.2744246,4892138,6062.06005859375
1781085418.5821698,4893041,6081.7099609375
1781085421.4626415,4894164,6069.56005859375
1781085424.2492516,4895246,6085.52001953125
1781085428.01752,4896721,6095.5400390625
1781085430.1507444,4897572,6095.5400390625
1781085434.5326984,4899161,6054.240234375
1781085436.7323568,4899943,6078.77001953125
1781085453.6683977,4901291,6074.4501953125
1781085455.9926555,4902215,6079.7001953125
1781085458.9146755,4903398,6079.7001953125
1781085460.5222933,4904016,6083.33984375
1781085467.7780704,4906627,6077.77001953125
1781085468.2930615,4906823,6083.7998046875
1781085471.185339,4908298,6084.41015625
1781085472.6982892,4908883,6084.41015625
1781085478.8663921,4911105,6079.259765625
1781085480.4056473,4911660,6100.68994140625
1781085482.856968,4912549,6098.66015625
1781085486.2863748,4913899,6112.580078125
1781085491.3043249,4915881,6112.580078125
1781085496.008187,4917710,6142.64990234375
1781085496.9135904,4918095,6150.240234375
1781085501.3511994,4920899,6154.56005859375
1781085502.2154157,4921355,6168.1298828125
1781085504.935855,4922792,6168.1298828125
1781085508.0471263,4924439,6190.52001953125
1781085522.084536,4926150,6205.759765625
1781085523.3017986,4926779,6256.47021484375
1781085526.2954726,4928310,6254.35009765625
1781085530.1196399,4930281,6254.35009765625
1781085531.2196486,4930846,6276.97021484375
1781085534.455829,4932936,6297.009765625
1781085537.362121,4934388,6321.009765625
1781085540.7082572,4936056,6348.4501953125
1781085544.0491028,4937690,6348.4501953125
1781085548.171089,4939624,6354.02001953125
1781085549.7231328,4940440,6348.97998046875
1781085551.4115088,4941278,6339.9599609375
1781085554.2059627,4942657,6333.33984375
1781085557.2755613,4944262,6333.33984375
1781085560.5384045,4945906,6350.22021484375
1781085563.5291307,4946953,6346.27978515625
1781085568.2582512,4949014,6362.7998046875
1781085570.5338378,4949907,6373.08984375
1781085585.9334614,4951370,6373.08984375
1781085589.082812,4952615,6356.77001953125
1781085592.7767313,4953891,6361.18017578125
1781085595.3842974,4955129,6375.77001953125
1781085595.76266,4955249,6361.25
1781085599.6196187,4956772,6361.25
1781085601.5338001,4957527,6364.22021484375
1781085604.3014064,4958568,6354.83984375
1781085606.800436,4959439,6343.4501953125
1781085611.3563497,4961068,6350.77001953125
1781085615.0022163,4962510,6350.77001953125
1781085619.6121738,4964271,6355.56982421875
1781085621.402224,4964885,6362.919921875
1781085625.2048259,4966247,6346.06005859375
1781085627.6640396,4967506,6353.7099609375
1781085631.886371,4969184,6353.7099609375
1781085635.0609205,4970289,6360.93017578125
1781085639.756574,4971913,6335.2900390625
1781085641.2734404,4972485,6331.8701171875
1781085643.4450421,4973322,6311.1201171875
1781085646.955437,4974701,6311.1201171875
1781085663.2165,4976223,6317.3701171875
1781085668.7157505,4978169,6303.68017578125
1781085669.5809107,4978464,6323.02978515625
1781085673.292559,4979735,6318.919921875
1781085676.488947,4980950,6318.919921875
1781085680.4850724,4982503,6317.47021484375
1781085684.2264197,4983809,6331.8798828125
1781085688.5449867,4985286,6366.18994140625
1781085690.9811993,4986484,6365.14013671875
1781085696.8563106,4988564,6365.14013671875
1781085700.9176776,4990191,6375.75
1781085703.679901,4991290,6385.52978515625
1781085706.906525,4992490,6401.6201171875
1781085710.1609545,4993694,6415.240234375
1781085712.4113584,4994481,6415.240234375
1781085718.1032956,4996727,6398.52978515625
1781085719.7634184,4997389,6410.97998046875
1781085722.0595498,4998196,6413.2900390625
1781085725.605573,4999746,6404.330078125
1781085741.3008852,5001190,6404.330078125
1781085743.9994326,5002241,6415.56005859375
1781085747.348438,5003563,6409.5
1781085751.441827,5005086,6418.240234375
1781085753.004326,5005947,6394.64990234375
1781085756.4691372,5007191,6394.64990234375
1781085759.4650137,5008372,6376.25
1781085763.4260108,5009909,6403.7900390625
1781085766.4995706,5010983,6376.8701171875
1781085769.7154174,5012107,6378.31982421875
1781085772.7270942,5013248,6378.31982421875
1781085774.8686733,5014086,6381.02001953125
1781085775.265882,5014239,6380.4599609375
1781085779.7196467,5015943,6358.22998046875
1781085783.3257918,5017211,6406.43994140625
1781085786.6834836,5018784,6406.43994140625
1781085790.7321723,5020339,6422.759765625
1781085795.3083208,5021984,6403.16015625
1781085796.705077,5022473,6397.47998046875
1781085800.921781,5023939,6423.580078125
1781085816.8616762,5025178,6423.580078125
1781085817.8161736,5025921,6411.6298828125
1781085823.2665262,5027976,6425.7998046875
1781085829.9009504,5030295,6415.83984375
1781085831.3206546,5030850,6434.7900390625
1781085833.8635943,5031855,6434.7900390625
1781085837.4107146,5033203,6430.4501953125
1781085838.2586884,5033504,6410.2998046875
1781085846.646351,5036413,6393.72021484375
1781085847.8430297,5036884,6404.14013671875
1781085850.4035285,5038223,6404.14013671875
1781085856.0028086,5040173,6395.77001953125
1781085859.2573643,5041270,6418.0400390625
1781085862.137192,5042396,6421.509765625
1781085864.914098,5043472,6442.43017578125
1781085869.301998,5045039,6442.43017578125
1781085871.8494048,5045911,6439.14990234375
1781085876.9547238,5047764,6446.97998046875
1781085879.871129,5049294,6429.22998046875
1781085881.1892872,5049804,6435.009765625
1781085897.3879497,5050708,6435.009765625
1781085898.8327239,5051194,6407.3701171875
1781085901.856294,5052232,6416.5400390625
1781085907.1046782,5054205,6409.7001953125
1781085909.773335,5055270,6412.89013671875
1781085912.7059186,5056781,6412.89013671875
1781085915.630928,5057896,6439.2099609375
1781085920.051911,5059513,6425.2099609375
1781085920.3951821,5059633,6421.1298828125
1781085924.1821885,5061072,6424.85009765625
1781085928.8726711,5062960,6424.85009765625
1781085933.2621415,5064539,6452.7099609375
1781085938.062288,5066382,6448.35986328125
1781085938.639693,5066682,6462.77001953125
1781085941.3482306,5068109,6462.669921875
1781085943.016259,5069470,6462.669921875
1781085945.3138542,5070676,6481.22021484375
1781085947.2405035,5071697,6453.66015625
1781085949.4940524,5072871,6467.60986328125
1781085950.4790506,5073389,6449.72998046875
1781085951.3326745,5073840,6449.72998046875
1781085953.4900346,5074984,6400.93994140625
1781085966.3064682,5076954,6403.52978515625
1781085969.3223214,5078551,6403.89013671875
1781085969.6831717,5078737,6364.9599609375
1781085973.0443323,5080505,6364.9599609375
1781085975.7547698,5082434,6382.25
1781085976.7969646,5082979,6387.81005859375
1781085980.046599,5084683,6376.1298828125
1781085980.9189067,5085097,6341.16015625
1781085984.6199186,5086529,6341.16015625
1781085987.2470012,5087459,6318.77001953125
1781085991.4004421,5088942,6310.27978515625
1781085995.0773957,5090255,6308.259765625
1781085998.4929864,5091479,6286.58984375
1781086002.9428105,5093090,6286.58984375
1781086005.7518294,5094436,6285.7099609375
1781086010.767677,5096243,6280.3701171875
1781086013.4359682,5097201,6301.08984375
1781086017.8586774,5098783,6314.77978515625
1781086020.8965447,5099900,6314.77978515625
1781086040.4660156,5100814,6290.41015625
1781086043.333558,5101849,6270.2900390625
1781086049.3670208,5104035,6265.56982421875
1781086049.6174405,5104127,6238.27978515625
1781086052.360123,5105199,6238.27978515625
1781086056.320151,5106581,6224.60009765625
1781086060.3185856,5107998,6244.4599609375
1781086061.9937568,5108600,6241.81005859375
1781086066.2784894,5110149,6265.56005859375
1781086070.1065378,5111872,6265.56005859375
1781086072.0023065,5112560,6271.669921875
1781086079.4948585,5115302,6303.759765625
1781086080.0970328,5115522,6315.3701171875
1781086084.1461806,5116982,6306.0
1781086086.909763,5117998,6306.0
1781086091.383565,5119601,6314.64013671875
1781086094.5465922,5120743,6281.60986328125
1781086096.086837,5121298,6275.7001953125
1781086098.6925583,5122255,6259.4599609375
1781086100.9552166,5123057,6259.4599609375
1781086102.0072603,5123742,6235.68994140625
1781086121.7601943,5125362,6253.6201171875
1781086125.1255434,5126555,6241.41015625
1781086128.1268134,5127611,6241.10009765625
1781086132.2113974,5129062,6241.10009765625
1781086134.568399,5130372,6231.39013671875
1781086140.0603366,5132332,6242.3701171875
1781086142.4175637,5133160,6243.7900390625
1781086144.5222802,5133919,6236.990234375
1781086147.8703551,5135236,6236.990234375
1781086150.5269601,5136286,6238.3798828125
1781086155.2342556,5137957,6231.47998046875
1781086157.7074516,5138815,6214.02001953125
1781086161.8074236,5140368,6225.02978515625
1781086164.1448689,5141638,6225.02978515625
1781086168.8511975,5143355,6190.41015625
1781086172.0208101,5144477,6197.7001953125
1781086174.5111325,5145412,6161.93017578125
1781086176.6986012,5146276,6172.27001953125
1781086181.1212502,5148020,6172.27001953125
1781086183.62976,5148883,6190.7099609375
1781086201.988929,5150796,6191.009765625
1781086204.8384752,5151941,6204.2900390625
1781086207.8997724,5153139,6204.58984375
1781086212.5577333,5154838,6204.58984375
1781086216.0883224,5156090,6213.22021484375
1781086219.3235185,5157213,6211.31982421875
1781086222.7935321,5158502,6211.52001953125
1781086226.303853,5159916,6227.2099609375
1781086231.4206016,5162085,6227.2099609375
1781086234.460758,5163154,6264.7001953125
1781086238.0559244,5164582,6262.83984375
1781086240.1562214,5165672,6253.0400390625
1781086242.6694262,5166987,6263.72998046875
1781086245.5271065,5168466,6263.72998046875
1781086248.5331752,5170039,6276.22021484375
1781086249.0860443,5170321,6306.669921875
1781086250.6099217,5171108,6302.68994140625
1781086253.8557339,5172820,6292.97021484375
1781086255.4708085,5173656,6292.97021484375
1781086266.995256,5175558,6271.2001953125
1781086268.557681,5176367,6277.43017578125
1781086270.878811,5177539,6266.72998046875
1781086274.1544597,5179146,6277.1298828125
1781086276.753703,5180388,6277.1298828125
1781086278.3728452,5181124,6272.68017578125
1781086280.3735492,5182039,6234.47021484375
1781086284.6015828,5184025,6212.31005859375
1781086285.3591552,5184398,6211.08984375
1781086286.8359623,5185134,6211.08984375
1781086290.9390972,5187286,6204.97998046875
1781086296.081766,5189094,6244.77978515625
1781086297.4194214,5189538,6243.0
1781086299.219786,5190223,6202.740234375
1781086301.0090842,5190930,6202.740234375
1781086302.625242,5191558,6171.43017578125
1781086305.2573376,5192598,6132.27001953125
1781086308.1786647,5193661,6128.31005859375
1781086310.8315744,5194612,6114.240234375
1781086315.44444,5196299,6114.240234375
1781086319.503673,5197901,6117.330078125
1781086321.5229669,5198656,6114.2099609375
1781086333.6979399,5200063,6129.14013671875
1781086335.3819728,5200683,6104.1298828125
1781086339.9891472,5202330,6104.1298828125
1781086344.398391,5203984,6134.35986328125
1781086345.7427115,5204522,6168.58984375
1781086348.359072,5205553,6156.509765625
1781086351.2067575,5206622,6123.080078125
1781086354.732174,5208188,6123.080078125
1781086357.8007526,5209356,6125.22021484375
1781086359.5492435,5210045,6132.2099609375
1781086363.679654,5211683,6134.14013671875
1781086366.975335,5212792,6138.14990234375
1781086371.5628185,5214441,6138.14990234375
1781086374.7582629,5215703,6126.27978515625
1781086375.8691292,5216136,6115.9501953125
1781086378.857357,5217310,6083.9599609375
1781086380.8201087,5218071,6068.10009765625
1781086384.3670664,5219472,6068.10009765625
1781086387.2542567,5221001,6071.7001953125
1781086390.9156775,5222310,6088.10986328125
1781086395.2718523,5223862,6102.759765625
1781086397.3606694,5224670,6120.58984375
1781086413.5585954,5226150,6120.58984375
1781086415.8579202,5227055,6151.1298828125
1781086417.7181957,5228099,6117.8701171875
1781086423.4932868,5230097,6123.240234375
1781086426.722976,5231312,6172.60009765625
1781086430.527304,5232814,6172.60009765625
1781086433.0634549,5233771,6157.990234375
1781086438.5236163,5235748,6133.97998046875
1781086439.2397013,5236036,6127.8701171875
1781086443.0289178,5237411,6162.22998046875
1781086447.4830668,5238975,6162.22998046875
1781086450.0548646,5240340,6168.259765625
1781086452.1417131,5241157,6154.14990234375
1781086454.6722996,5242143,6132.52978515625
1781086458.8121228,5243637,6156.25
1781086461.675182,5244676,6156.25
1781086465.4377375,5246129,6161.7001953125
1781086470.3028867,5247962,6149.740234375
1781086473.6870136,5249181,6120.75
1781086475.9540114,5249955,6116.68994140625
1781086492.0639575,5251570,6116.68994140625
1781086497.072974,5253546,6133.93017578125
1781086499.5863616,5254434,6167.2998046875
1781086504.0083504,5255999,6149.419921875
1781086506.4383457,5256884,6179.93994140625
1781086509.9494734,5258280,6179.93994140625
1781086513.8401213,5260147,6188.2099609375
1781086516.883133,5261234,6202.25
1781086518.8033853,5261913,6206.72021484375
1781086522.5440092,5263359,6197.93017578125
1781086526.2124498,5264814,6197.93017578125
1781086531.068452,5266531,6196.83984375
1781086531.9613721,5266831,6182.3798828125
1781086538.9262629,5269472,6181.81982421875
1781086539.63341,5269742,6179.52978515625
1781086543.5531123,5271234,6179.52978515625
1781086547.1898246,5272875,6175.47998046875
1781086548.8794458,5273470,6207.83984375
1781086552.0391977,5274705,6220.89990234375
1781086570.174999,5276490,6238.4599609375
1781086574.5790157,5278395,6238.4599609375
1781086578.4906585,5279819,6270.330078125
1781086580.9810581,5280786,6265.89990234375
1781086583.0055594,5281515,6275.009765625
1781086586.3133688,5282741,6274.169921875
1781086589.8086505,5284115,6274.169921875
1781086592.4402757,5285141,6271.080078125
1781086595.2877681,5286115,6257.06982421875
1781086599.4795847,5287599,6236.81005859375
1781086600.916946,5288151,6238.18994140625
1781086604.0220406,5289766,6238.18994140625
1781086606.105019,5290856,6246.4599609375
1781086607.0269277,5291820,6223.56005859375
1781086609.3706505,5293053,6230.22021484375
1781086612.296679,5294602,6238.14013671875
1781086615.1256816,5296078,6238.14013671875
1781086617.9468257,5297541,6247.18994140625
1781086620.5679293,5298901,6236.0400390625
1781086622.2796502,5299805,6260.39013671875
1781086633.153506,5300499,6237.85986328125
1781086636.2077723,5302079,6237.85986328125
1781086638.432227,5303734,6231.39013671875
1781086640.6736033,5304881,6226.990234375
1781086642.1092546,5305597,6222.56982421875
1781086644.0793984,5306548,6205.4599609375
1781086646.7471802,5307842,6205.4599609375
1781086649.5677662,5309241,6189.93017578125
1781086650.8386767,5309870,6181.10009765625
1781086653.4664774,5311160,6170.740234375
1781086656.0509934,5312404,6168.740234375
1781086658.7292302,5313662,6168.740234375
1781086662.3295944,5315438,6137.5400390625
1781086662.9553425,5315762,6133.27001953125
1781086665.335791,5316984,6135.10009765625
1781086667.461743,5318072,6112.18994140625
1781086669.9833026,5319784,6112.18994140625
1781086674.1057723,5321427,6122.7001953125
1781086677.8433702,5322756,6125.330078125
1781086678.4344141,5322954,6138.18017578125
1781086683.09002,5324570,6138.5
1781086699.1448889,5325966,6138.5
1781086703.9094276,5327978,6165.22998046875
1781086706.67663,5328970,6169.5498046875
1781086712.164871,5330889,6186.02001953125
1781086714.7210212,5331803,6174.27978515625
1781086717.7911696,5332888,6174.27978515625
1781086724.3387978,5335227,6165.22021484375
1781086727.2216122,5336234,6228.43994140625
1781086731.659853,5337773,6266.0400390625
1781086733.7233856,5338805,6244.31005859375
1781086737.7691984,5340247,6244.31005859375
1781086741.9430892,5341738,6253.009765625
1781086743.4399285,5342254,6240.7099609375
1781086746.4292994,5343332,6215.2998046875
1781086750.2452004,5344671,6245.83984375
1781086755.329045,5346468,6245.83984375
1781086760.7087307,5348374,6289.419921875
1781086763.0817552,5349206,6330.330078125
1781086782.0353699,5350679,6348.89990234375
1781086785.1067355,5351742,6353.14013671875
1781086789.3779871,5353235,6353.14013671875
1781086792.1587,5354209,6346.33984375
1781086795.1376486,5355272,6338.4599609375
1781086800.9935648,5357689,6335.93017578125
1781086801.5463731,5357891,6356.14013671875
1781086804.9689171,5359107,6356.14013671875
1781086810.4499025,5361077,6336.89013671875
1781086814.781547,5362607,6341.2900390625
1781086817.607959,5363604,6360.06982421875
1781086819.845823,5364377,6377.919921875
1781086824.1467736,5365898,6377.919921875
1781086827.880326,5367517,6380.2001953125
1781086831.9743428,5368932,6396.7998046875
1781086833.3187928,5369409,6389.0498046875
1781086836.8627276,5370656,6381.9501953125
1781086839.5501392,5371615,6381.9501953125
1781086843.395307,5372956,6356.56982421875
1781086864.3459227,5375003,6384.259765625
1781086865.9183948,5375556,6398.72021484375
1781086869.0677834,5376667,6411.6201171875
1781086873.4326842,5378195,6411.6201171875
1781086879.3005874,5380261,6414.83984375
1781086882.351273,5381320,6436.27978515625
1781086884.2020328,5381954,6400.4599609375
1781086887.845109,5383261,6411.81982421875
1781086891.4700394,5384862,6411.81982421875
1781086893.6307187,5385621,6410.68994140625
1781086900.4517438,5388063,6438.2998046875
1781086902.4165587,5388760,6431.240234375
1781086905.0574334,5389690,6403.330078125
1781086908.9907517,5391068,6403.330078125
1781086912.012753,5392120,6399.330078125
1781086914.1137233,5392848,6398.06005859375
1781086917.757735,5394170,6381.18994140625
1781086919.991414,5394982,6370.89990234375
1781086922.0470214,5396036,6370.89990234375
1781086926.3077106,5397538,6350.27978515625
1781086928.4015687,5398285,6358.18017578125
1781086950.844993,5400059,6392.14013671875
1781086953.822013,5401127,6367.4599609375
1781086955.5798717,5402094,6367.4599609375
1781086958.3126736,5403077,6345.22021484375
1781086961.4671073,5404198,6315.43994140625
1781086962.5646303,5404591,6313.31982421875
1781086965.740962,5405742,6299.33984375
1781086969.8824782,5407225,6299.33984375
1781086972.6445737,5408234,6292.4501953125
1781086978.5415463,5410343,6270.7099609375
1781086978.961367,5410496,6281.1298828125
1781086982.779794,5411859,6267.31005859375
1781086985.9822602,5413327,6267.31005859375
1781086989.6604285,5414684,6280.14990234375
1781086991.5883806,5415366,6254.81005859375
1781086995.947538,5416943,6255.9599609375
1781086998.5162513,5417872,6248.7998046875
1781087002.5265021,5419303,6248.7998046875
1781087005.492694,5420377,6237.97998046875
1781087011.2707038,5422475,6245.85009765625
1781087016.6453278,5424398,6255.5
1781087017.026804,5424538,6260.009765625
1781087035.40363,5425669,6260.009765625
1781087040.7475162,5427586,6244.259765625
1781087042.2734833,5428137,6249.0400390625
1781087047.0203054,5429834,6259.75
1781087049.721742,5431125,6253.68994140625
1781087054.4183908,5432821,6253.68994140625
1781087058.2720873,5434200,6253.1201171875
1781087060.3153207,5434922,6258.5
1781087062.6209524,5435740,6231.14013671875
1781087065.0442352,5436607,6223.14013671875
1781087068.5626674,5437843,6223.14013671875
1781087072.281115,5439138,6234.77978515625
1781087075.904252,5440409,6242.919921875
1781087078.5695896,5441358,6247.31005859375
1781087082.0640476,5442942,6260.2099609375
1781087086.2740245,5444436,6260.2099609375
1781087090.1237051,5445791,6257.240234375
1781087091.9492195,5446434,6276.6298828125
1781087096.8084123,5448159,6253.330078125
1781087097.1974247,5448296,6216.47998046875
1781087101.3765812,5449782,6216.47998046875
1781087120.893644,5451014,6216.0
1781087123.8849986,5452065,6199.169921875
1781087127.5483317,5453342,6215.9599609375
1781087131.3324792,5454661,6235.22998046875
1781087135.5161417,5456148,6235.22998046875
1781087138.6132247,5457237,6231.47021484375
1781087141.6084452,5458295,6225.39013671875
1781087148.3000023,5460986,6235.1298828125
1781087148.5797186,5461078,6250.08984375
1781087155.2142382,5463424,6250.08984375
1781087159.1489444,5464821,6288.2001953125
1781087161.7348626,5465741,6297.3798828125
1781087165.4520712,5467047,6314.35986328125
1781087169.2547007,5468387,6308.58984375
1781087174.5601532,5470251,6308.58984375
1781087177.0153198,5471419,6324.6298828125
1781087180.3243747,5472728,6314.66015625
1781087184.6482491,5474272,6349.77978515625
1781087200.7383833,5475439,6364.31005859375
1781087206.358596,5477427,6364.31005859375
1781087207.726017,5478299,6375.97998046875
1781087213.0507329,5480132,6370.669921875
1781087219.7930582,5482265,6391.35986328125
1781087220.0517814,5482357,6380.89013671875
1781087223.6733239,5483678,6380.89013671875
1781087225.9743958,5484660,6361.18994140625
1781087229.1028354,5486164,6351.080078125
1781087234.5166502,5488734,6360.27001953125
1781087235.6642256,5489273,6368.169921875
1781087238.0322232,5490773,6368.169921875
1781087240.6477723,5492009,6382.58984375
1781087242.569569,5492898,6347.81005859375
1781087246.0776665,5494581,6323.35009765625
1781087248.0803435,5495409,6333.18994140625
1781087251.0678246,5496711,6333.18994140625
1781087253.3245199,5497866,6327.77978515625
1781087255.6259367,5498979,6307.009765625
1781087256.603082,5499328,6323.14990234375
1781087272.4449806,5500448,6300.240234375
1781087276.3024912,5501906,6300.240234375
1781087278.8773594,5502922,6286.7099609375
1781087284.5126824,5504892,6270.43017578125
1781087285.7430112,5505321,6274.31982421875
1781087289.7286942,5506773,6270.5400390625
1781087293.4050093,5508208,6270.5400390625
1781087296.8558397,5509518,6266.02978515625
1781087301.5747247,5511175,6264.740234375
1781087304.9289625,5512745,6285.02001953125
1781087305.5077186,5512970,6272.47021484375
1781087309.3356311,5514502,6272.47021484375
1781087313.192066,5515935,6288.60986328125
1781087316.6484406,5517145,6276.740234375
1781087319.2893915,5518129,6262.759765625
1781087323.5111487,5519809,6286.58984375
1781087328.5502918,5521707,6286.58984375
1781087330.8020728,5522478,6297.64013671875
1781087334.8530395,5524301,6279.58984375
1781087352.1241033,5525125,6284.83984375
1781087355.2241328,5526321,6296.31005859375
1781087360.1533782,5528065,6296.31005859375
1781087364.4600956,5529689,6329.9599609375
1781087369.3414192,5531973,6367.52978515625
1781087375.5289667,5534111,6392.10986328125
1781087377.856166,5535030,6403.8701171875
1781087382.0471716,5536486,6403.8701171875
1781087385.1179056,5537549,6403.77001953125
1781087391.4556394,5539960,6388.0498046875
1781087393.6633563,5540813,6429.1298828125
1781087396.2369707,5542051,6420.81005859375
1781087400.1409452,5543390,6420.81005859375
1781087404.4385347,5545054,6412.16015625
1781087406.7308476,5545955,6416.33984375
1781087409.7547278,5547077,6397.2998046875
1781087411.7926853,5547800,6393.43994140625
1781087415.9540744,5549212,6393.43994140625
1781087430.6586978,5550484,6397.0400390625
1781087434.8988912,5552151,6398.7001953125
1781087436.3938327,5552727,6412.31982421875
1781087439.860165,5553976,6428.97998046875
1781087443.9127326,5555373,6428.97998046875
1781087447.5435302,5556741,6441.330078125
1781087450.5469182,5557916,6434.5
1781087452.2863085,5558576,6412.81005859375
1781087455.9184856,5559861,6418.330078125
1781087460.7656763,5561927,6418.330078125
1781087463.6589077,5562979,6456.4501953125
1781087466.0109653,5563887,6479.419921875
1781087470.8686175,5565693,6511.740234375
1781087474.7069123,5567004,6519.58984375
1781087479.2309017,5568678,6519.58984375
1781087482.0642574,5569804,6531.02001953125
1781087486.5160625,5571458,6519.52978515625
1781087489.0635955,5572343,6515.16015625
1781087490.9084656,5573289,6526.02978515625
1781087494.7741692,5574799,6526.02978515625
1781087515.8181286,5576788,6530.77001953125
1781087517.899783,5577474,6537.64990234375
1781087521.5956938,5578768,6540.419921875
1781087524.1418483,5580340,6567.68994140625
1781087526.765248,5581689,6567.68994140625
1781087529.9764824,5583370,6585.43017578125
1781087532.2386613,5584537,6568.68994140625
1781087533.6419585,5585265,6556.56005859375
1781087535.8712547,5586431,6544.68994140625
1781087538.7051194,5587923,6544.68994140625
1781087541.3373835,5589311,6562.47021484375
1781087544.6526315,5591049,6563.58984375
1781087548.5774934,5593086,6554.2001953125
1781087549.4432511,5593541,6565.4599609375
1781087552.0773838,5594875,6565.4599609375
1781087554.114985,5595923,6543.2001953125
1781087556.3942678,5597557,6522.72021484375
1781087557.847217,5598282,6556.6201171875
1781087560.425092,5599588,6587.89013671875
1781087574.8238168,5600856,6587.89013671875
1781087578.3914068,5602113,6576.93017578125
1781087583.418134,5603887,6559.27001953125
1781087587.2636008,5605548,6577.58984375
1781087587.645916,5605684,6578.259765625
1781087592.4748075,5607388,6578.259765625
1781087596.6006393,5608830,6584.72021484375
1781087599.054676,5609700,6579.52978515625
1781087599.5958292,5609914,6561.14013671875
1781087603.0931919,5611144,6582.240234375
1781087607.4755416,5612666,6582.240234375
1781087611.2037623,5613948,6583.8798828125
1781087617.6596103,5616228,6586.740234375
1781087621.0540497,5617740,6612.2001953125
1781087621.3954458,5617857,6596.33984375
1781087624.3810568,5618904,6596.33984375
1781087629.1013079,5620582,6596.60009765625
1781087631.4846385,5621425,6589.0400390625
1781087637.0718718,5623388,6585.35986328125
1781087637.6741104,5623600,6569.02978515625
1781087640.7511508,5624692,6569.02978515625
1781087659.0381694,5625447,6518.7001953125
1781087660.0544252,5625796,6489.9599609375
1781087664.22811,5627257,6483.2900390625
1781087667.7927897,5628509,6472.58984375
1781087668.1207438,5628629,6472.58984375
1781087670.3949864,5629417,6402.97998046875
1781087674.5141578,5630854,6404.6298828125
1781087678.49372,5632246,6387.3701171875
1781087680.3995385,5633251,6379.97998046875
1781087684.7476888,5634801,6379.97998046875
1781087688.4107413,5636115,6360.77001953125
1781087691.1526766,5637079,6356.52978515625
1781087693.2918954,5637825,6342.740234375
1781087697.467062,5639305,6345.8798828125
1781087701.6673841,5640811,6345.8798828125
1781087705.78124,5642263,6353.39013671875
1781087711.4277759,5644293,6376.68017578125
1781087712.9208443,5645122,6353.740234375
1781087716.128743,5646278,6348.60009765625
1781087720.0265207,5647635,6348.60009765625
1781087724.3079674,5649152,6338.81005859375
1781087746.3555908,5651184,6361.0498046875
1781087749.0606148,5652153,6376.5
1781087752.8032594,5653469,6391.06982421875
1781087756.6596093,5654850,6391.06982421875
1781087762.1616726,5656856,6410.31005859375
1781087764.384005,5657646,6429.9501953125
1781087768.2202013,5659003,6441.31005859375
1781087771.845073,5660284,6461.9599609375
1781087776.4731674,5662234,6461.9599609375
1781087782.0928843,5664211,6484.89990234375
1781087785.9109106,5665549,6498.02978515625
1781087787.713245,5666186,6481.3798828125
1781087791.9318662,5667689,6505.3798828125
1781087795.8131664,5669147,6505.3798828125
1781087798.4126747,5670066,6506.25
1781087801.3502223,5671104,6512.5
1781087805.4095483,5672535,6495.68994140625
1781087806.9850729,5673407,6486.169921875
1781087810.863244,5674779,6486.169921875
1781087829.4686365,5676635,6489.85986328125
1781087831.311608,5677281,6485.58984375
1781087834.9897661,5678576,6485.22021484375
1781087838.621512,5679864,6470.8701171875
1781087842.2147691,5681453,6470.8701171875
1781087843.8655064,5682031,6458.4599609375
1781087846.721916,5683057,6438.2998046875
1781087851.3438945,5684676,6430.9501953125
1781087852.3845313,5685037,6417.16015625
1781087857.5341144,5686843,6417.16015625
1781087862.149537,5688457,6416.5
1781087866.037778,5689814,6361.7998046875
1781087867.7885363,5690416,6349.43994140625
1781087872.2072554,5692277,6358.60009765625
1781087877.2311733,5694066,6358.60009765625
1781087882.0030112,5695738,6369.0498046875
1781087885.473687,5696962,6363.68017578125
1781087886.3248231,5697259,6335.75
1781087890.2118099,5698653,6332.7900390625
1781087893.2027688,5699700,6332.7900390625
1781087910.8872395,5701633,6345.47998046875
1781087914.5704737,5702926,6326.2099609375
1781087915.5694926,5703280,6340.10009765625
1781087918.588194,5704358,6330.740234375
1781087922.2346008,5705667,6330.740234375
1781087925.1949787,5706743,6323.47021484375
1781087927.2159321,5707450,6319.93994140625
1781087931.3512778,5708938,6325.93994140625
1781087935.046352,5710590,6333.0
1781087939.3961616,5712178,6333.0
1781087943.831548,5713767,6340.7900390625
1781087947.8908532,5715226,6355.47998046875
1781087951.4280987,5716466,6368.4501953125
1781087953.4518132,5717185,6361.47021484375
1781087957.6192372,5718661,6361.47021484375
1781087960.8800557,5719849,6339.58984375
1781087963.3179336,5720699,6329.41015625
1781087968.2952583,5722789,6311.4501953125
1781087969.937831,5723376,6323.759765625
1781087972.970935,5724471,6323.759765625
1781087991.589914,5725732,6304.8701171875
1781087992.8990386,5726193,6302.10986328125
1781087995.8258317,5727222,6289.9599609375
1781087998.181172,5728392,6273.240234375
1781088000.840957,5729370,6273.240234375
1781088006.800259,5731478,6265.669921875
1781088012.093815,5733369,6281.41015625
1781088014.7868345,5734332,6283.669921875
1781088017.0519645,5735130,6260.7998046875
1781088020.7989933,5736457,6260.7998046875
1781088024.934895,5737921,6243.259765625
1781088028.1582105,5739414,6258.43017578125
1781088030.7455406,5740329,6268.14990234375
1781088034.2616396,5741561,6274.7998046875
1781088038.0797536,5742901,6274.7998046875
1781088041.0637488,5743959,6264.14013671875
1781088043.9167616,5744959,6237.4599609375
1781088047.5028486,5746252,6228.14990234375
1781088049.9012177,5747094,6212.02001953125
1781088054.4350042,5748723,6212.02001953125
1781088057.5278246,5749809,6225.009765625
1781088076.5605955,5752148,6256.18994140625
1781088078.2844152,5753053,6250.4599609375
1781088079.6386385,5753759,6236.4599609375
1781088082.7579827,5755398,6236.4599609375
1781088085.6912606,5756928,6246.2900390625
1781088087.603405,5757905,6266.509765625
1781088091.005446,5759672,6252.4599609375
1781088091.8969302,5760604,6266.31005859375
1781088095.2403357,5762343,6266.31005859375
1781088098.6431866,5764115,6272.83984375
1781088101.0614543,5765368,6291.47021484375
1781088103.4695902,5766613,6325.0400390625
1781088104.1801906,5766966,6302.759765625
1781088106.693169,5768262,6302.759765625
1781088111.0690536,5770430,6313.81982421875
1781088113.10134,5771338,6328.06005859375
1781088115.6172118,5772516,6303.009765625
1781088119.857621,5774149,6321.2001953125
1781088134.6163614,5775344,6321.2001953125
1781088139.8827722,5777141,6309.18017578125
1781088143.412796,5778347,6328.8798828125
1781088145.1893945,5778965,6328.27001953125
1781088149.5632668,5780507,6346.080078125
1781088153.6787384,5781986,6346.080078125
1781088156.8696885,5783429,6362.7998046875
1781088159.6088023,5784417,6386.9599609375
1781088162.6098392,5785489,6395.919921875
1781088166.512537,5786866,6403.9599609375
1781088172.4462342,5788976,6403.9599609375
1781088177.0415041,5790599,6489.77978515625
1781088181.658402,5792241,6492.330078125
1781088183.5602121,5792897,6495.72998046875
1781088185.8617935,5794048,6501.759765625
1781088189.9909532,5795515,6501.759765625
1781088192.2820055,5796339,6498.2099609375
1781088199.2380948,5798776,6508.66015625
1781088217.8695803,5800054,6513.6298828125
1781088218.2789207,5800514,6517.740234375
1781088222.7343483,5802088,6517.740234375
1781088226.842654,5803557,6520.5
1781088230.768083,5804939,6497.8798828125
1781088235.6259425,5806645,6524.08984375
1781088237.0526555,5807132,6503.52978515625
1781088241.608629,5808717,6503.52978515625
1781088246.800282,5810613,6514.06005859375
1781088251.1047168,5812376,6510.2900390625
1781088253.799962,5813211,6499.31005859375
1781088256.0948873,5813999,6490.31005859375
1781088259.027963,5815056,6490.31005859375
1781088263.5452712,5816643,6468.27001953125
1781088265.7189302,5817322,6478.669921875
1781088270.0050845,5818817,6452.89990234375
1781088273.6239724,5820045,6460.009765625
1781088278.3861887,5821700,6460.009765625
1781088280.583178,5822768,6453.3701171875
1781088283.9022346,5823920,6425.3798828125
1781088303.5495806,5825789,6422.47021484375
1781088305.6434293,5826519,6422.81005859375
1781088309.0211463,5827713,6422.81005859375
1781088311.1263144,5828519,6413.6201171875
1781088316.1321037,5830799,6412.2900390625
1781088317.167416,5831158,6425.669921875
1781088321.5061243,5832659,6439.89013671875
1781088325.492153,5834108,6439.89013671875
1781088328.6775668,5835378,6429.47998046875
1781088333.13107,5837000,6442.5
1781088335.3425202,5837759,6448.64990234375
1781088337.3181791,5838460,6413.72998046875
1781088340.3692105,5839605,6413.72998046875
1781088344.1822207,5841115,6398.330078125
1781088346.7927256,5842410,6431.25
1781088350.3796053,5843667,6448.8798828125
1781088353.77548,5844919,6465.14990234375
1781088355.938047,5845753,6465.14990234375
1781088360.4131,5847491,6430.02001953125
1781088362.7602713,5848302,6430.6298828125
1781088367.3929198,5849940,6430.5400390625
1781088385.6964974,5851242,6428.14990234375
1781088388.6269712,5852774,6428.14990234375
1781088391.2970793,5854160,6418.009765625
1781088394.5795348,5855841,6407.4501953125
1781088395.3498797,5856228,6427.35009765625
1781088397.5346684,5857355,6417.7900390625
1781088400.911742,5859093,6417.7900390625
1781088402.0265503,5859658,6419.08984375
1781088405.6929953,5861537,6408.97021484375
1781088406.955063,5862640,6427.35009765625
1781088408.5040996,5863419,6432.5
1781088410.0906537,5864234,6432.5
1781088413.4201741,5865967,6425.2001953125
1781088414.4133556,5866473,6434.6298828125
1781088415.4895895,5867019,6399.39990234375
1781088418.2271101,5868417,6383.3701171875
1781088419.9013577,5869279,6383.3701171875
1781088422.4613683,5870591,6359.240234375
1781088423.9656975,5871363,6347.3701171875
1781088426.906885,5872872,6333.1201171875
1781088429.834244,5874299,6355.169921875
1781088441.4747555,5875211,6355.169921875
1781088445.5019119,5876614,6328.990234375
1781088449.8135147,5878223,6340.83984375
1781088451.7267168,5878983,6347.7900390625
1781088454.717555,5880160,6341.5498046875
1781088459.3862362,5881832,6341.5498046875
1781088464.166837,5883495,6356.27001953125
1781088469.7154365,5885529,6388.1201171875
1781088470.3564115,5885772,6410.1201171875
1781088471.840389,5886749,6404.33984375
1781088476.489821,5888488,6404.33984375
1781088479.4141884,5889536,6407.919921875
1781088483.2377067,5890925,6387.14013671875
1781088485.752495,5891937,6393.18017578125
1781088489.0690932,5893264,6395.330078125
1781088491.72194,5894224,6395.330078125
1781088497.4865844,5896322,6378.91015625
1781088499.6953979,5897193,6395.06982421875
1781088500.2443683,5897401,6361.64013671875
1781088504.36787,5899354,6381.669921875
1781088523.148494,5900434,6381.669921875
1781088527.6175692,5902097,6376.75
1781088528.3380833,5902372,6387.740234375
1781088533.8558939,5904810,6412.14013671875
1781088537.025038,5905931,6423.080078125
1781088540.117239,5907022,6423.080078125
1781088545.0108688,5908934,6413.27978515625
1781088546.4948654,5909504,6406.22021484375
1781088551.0548658,5911164,6406.22998046875
1781088553.3465087,5911943,6397.3798828125
1781088557.562586,5913537,6397.3798828125
1781088561.2368104,5914974,6395.72998046875
1781088564.7009122,5916267,6387.43017578125
1781088565.5410564,5916867,6381.08984375
1781088568.5889232,5917916,6362.509765625
1781088572.794054,5919514,6362.509765625
1781088576.7947166,5921086,6351.77001953125
1781088582.0946078,5922980,6356.240234375
1781088584.0389125,5923655,6360.60986328125
1781088600.5533566,5925031,6392.43994140625
1781088604.7245545,5926667,6392.43994140625
1781088609.2407358,5928294,6389.16015625
1781088610.5460746,5928765,6384.64990234375
1781088614.2289457,5930185,6352.27001953125
1781088615.5225618,5930656,6330.68017578125
1781088618.9149036,5931882,6330.68017578125
1781088623.80774,5933763,6333.31982421875
1781088627.2412436,5935095,6339.0
1781088629.8733869,5936458,6322.169921875
1781088631.233821,5936995,6329.85986328125
1781088635.15187,5938516,6329.85986328125
1781088639.689903,5940122,6330.330078125
1781088642.2005794,5941021,6338.33984375
1781088646.2198415,5942599,6344.8701171875
1781088650.2075205,5944213,6364.72021484375
1781088655.5186653,5946097,6364.72021484375
1781088659.936202,5947737,6349.56005859375
1781088663.724972,5949605,6356.81005859375
1781088682.0066376,5950966,6389.6298828125
1781088684.6918182,5951899,6385.06005859375
1781088689.81395,5953749,6385.06005859375
1781088692.109932,5955003,6401.5
1781088697.2618737,5956956,6389.77001953125
1781088698.7492306,5957466,6399.35009765625
1781088700.5766718,5958113,6375.47021484375
1781088705.1350467,5959756,6375.47021484375
1781088709.0558012,5961290,6378.27978515625
1781088711.5071633,5962240,6382.0498046875
1781088716.8348584,5964126,6362.740234375
1781088718.363623,5964660,6372.3701171875
1781088722.7825832,5966378,6372.3701171875
1781088725.3502288,5967768,6383.08984375
1781088729.195967,5969117,6370.080078125
1781088732.1344502,5970143,6367.830078125
1781088735.6181965,5971432,6368.77978515625
1781088739.1768777,5972795,6368.77978515625
1781088742.9365268,5974134,6379.1298828125
1781088762.64092,5975841,6372.75
1781088764.4938972,5976557,6381.22998046875
1781088766.9037192,5977507,6369.919921875
1781088771.1866043,5979119,6369.919921875
1781088775.4185672,5980642,6359.81005859375
1781088781.142584,5982817,6375.77001953125
1781088781.773681,5983066,6409.18017578125
1781088786.3030972,5984820,6403.2998046875
1781088789.8306532,5986421,6403.2998046875
1781088792.1322818,5987249,6418.31005859375
1781088794.7806637,5988310,6410.93017578125
1781088798.3428757,5989709,6395.1201171875
1781088800.0741334,5990401,6380.3798828125
1781088805.0586114,5992228,6380.3798828125
1781088809.1662776,5993734,6395.56982421875
1781088812.723945,5995142,6379.97021484375
1781088814.8638492,5995994,6376.89990234375
1781088817.656207,5997065,6414.81005859375
1781088820.2504613,5998318,6414.81005859375
1781088823.7072842,5999566,6416.72021484375
1781088842.359775,6001416,6400.990234375
1781088843.9878004,6002018,6403.77978515625
1781088848.2474456,6003541,6415.7998046875
1781088850.7448757,6004822,6415.7998046875
1781088855.5584254,6006752,6430.33984375
1781088857.8028493,6007597,6441.66015625
1781088863.639528,6009710,6440.77001953125
1781088864.795728,6010111,6425.64013671875
1781088868.5407012,6011586,6425.64013671875
1781088872.4910722,6013156,6428.919921875
1781088874.1991699,6013729,6430.0400390625
1781088877.5214126,6014908,6424.56982421875
1781088882.03531,6016929,6454.14990234375
1781088886.0601993,6018542,6454.14990234375
1781088889.8970268,6019931,6457.7998046875
1781088893.454275,6021139,6484.85986328125
1781088896.2400396,6022145,6458.14013671875
1781088897.3127337,6022556,6436.81982421875
1781088899.1442447,6023250,6436.81982421875
1781088903.093847,6024708,6447.72021484375
1781088921.7111726,6026785,6445.2998046875
1781088925.0943215,6027997,6469.8798828125
1781088926.0870957,6028401,6470.35986328125
1781088929.5962555,6030055,6470.35986328125
1781088933.0289884,6031607,6498.35986328125
1781088936.0301278,6032968,6499.25
1781088937.1532748,6033480,6511.4599609375
1781088939.6632724,6034691,6486.490234375
1781088942.9899418,6036347,6486.490234375
1781088944.0606246,6037325,6516.72021484375
1781088946.6437685,6038620,6528.419921875
1781088949.90646,6040226,6533.7099609375
1781088952.0232804,6041198,6512.72021484375
1781088955.579629,6042917,6512.72021484375
1781088958.3770158,6044323,6516.5400390625
1781088960.0685594,6045138,6509.3798828125
1781088962.988707,6046557,6502.169921875
1781088966.8358812,6048492,6541.080078125
1781088984.6712344,6050273,6541.080078125
1781088988.765524,6051626,6544.02978515625
1781088994.0455852,6053530,6560.16015625
1781088996.2338521,6054467,6553.43994140625
1781088998.0138562,6055414,6557.3798828125
1781089002.1587093,6057611,6557.3798828125
1781089004.3738346,6058749,6605.669921875
1781089007.5974615,6060450,6592.47998046875
1781089008.6753407,6061501,6616.89013671875
1781089009.5853658,6061982,6576.41015625
1781089012.1484091,6063351,6576.41015625
1781089014.1336849,6064407,6582.47998046875
1781089016.7915015,6065806,6578.35986328125
1781089018.6492,6066797,6564.52001953125
1781089021.5723028,6068346,6567.9599609375
1781089022.7923377,6068935,6567.9599609375
1781089027.6949465,6071311,6565.35986328125
1781089030.4507976,6072650,6564.22998046875
1781089032.6692073,6073733,6558.27001953125
1781089032.9784765,6073874,6548.6298828125
1781089038.900697,6075530,6548.6298828125
1781089040.6169052,6076386,6550.8701171875
1781089043.7353528,6077940,6551.06005859375
1781089045.8787117,6078915,6568.7099609375
1781089048.7523568,6080385,6570.06005859375
1781089051.304156,6081610,6570.06005859375
1781089054.1859062,6082882,6570.18017578125
1781089059.7155442,6084935,6552.259765625
1781089060.7703385,6085369,6540.93017578125
1781089062.675475,6086260,6520.43017578125
1781089064.6610715,6087120,6520.43017578125
1781089067.828701,6088630,6486.22998046875
1781089069.7269373,6089558,6490.89013671875
1781089073.1255817,6091408,6494.22998046875
1781089074.3366241,6091821,6518.1201171875
1781089077.5188963,6093337,6518.1201171875
1781089082.260124,6095068,6534.7998046875
1781089084.545554,6096116,6520.06005859375
1781089087.3141873,6097469,6537.669921875
1781089088.9056163,6098277,6522.9599609375
1781089091.9109452,6099870,6522.9599609375
1781089107.2545977,6101296,6525.85009765625
1781089109.0908842,6101968,6520.5
1781089112.630668,6103202,6492.93017578125
1781089116.645429,6104658,6489.2998046875
1781089120.352983,6106123,6489.2998046875
1781089124.382676,6107690,6474.580078125
1781089127.5102444,6108797,6465.669921875
1781089129.9093199,6109633,6431.56982421875
1781089133.5732665,6111293,6446.9501953125
1781089135.285748,6111969,6446.9501953125
1781089138.8837986,6113454,6417.2900390625
1781089141.6077616,6114862,6420.3798828125
1781089145.8545268,6117050,6408.02978515625
1781089146.2652943,6117255,6436.56005859375
1781089149.1333983,6118736,6436.56005859375
1781089151.4267075,6119934,6429.919921875
1781089152.920875,6120674,6427.9599609375
1781089155.6930363,6122025,6422.25
1781089158.2591047,6123183,6411.8701171875
1781089161.5133219,6124776,6411.8701171875
1781089169.290581,6125590,6406.14013671875
1781089175.1006575,6127774,6395.56982421875
1781089177.7372715,6128805,6390.58984375
1781089179.8860116,6129613,6398.14013671875
1781089185.07296,6131450,6398.14013671875
1781089188.0701752,6132578,6418.830078125
1781089194.940563,6134940,6424.509765625
1781089195.9775956,6135338,6438.41015625
1781089197.8791296,6136442,6427.64013671875
1781089201.6256974,6137893,6427.64013671875
1781089205.402074,6139167,6421.35009765625
1781089206.991414,6139715,6407.47998046875
1781089210.7476492,6141035,6376.93017578125
1781089212.8284757,6141842,6351.06982421875
1781089217.1895921,6143548,6351.06982421875
1781089221.5326314,6145036,6356.43017578125
1781089224.0347004,6145907,6368.72021484375
1781089227.2708282,6147137,6372.85986328125
1781089229.3250453,6148313,6386.97021484375
1781089231.870832,6149282,6386.97021484375
1781089251.6637604,6151094,6360.31982421875
1781089254.9457078,6152292,6364.7900390625
1781089258.9722488,6153751,6367.3701171875
1781089259.763103,6154021,6348.5498046875
1781089261.924556,6155128,6348.5498046875
1781089266.804063,6157063,6359.5400390625
1781089268.6317656,6157795,6369.60986328125
1781089273.184402,6159418,6347.830078125
1781089274.6260278,6159909,6324.669921875
1781089279.1052415,6161502,6324.669921875
1781089281.1860402,6162247,6335.509765625
1781089284.5246854,6163407,6287.47998046875
1781089286.5248904,6164183,6281.3798828125
1781089288.7335553,6165047,6267.39990234375
1781089291.5300264,6166503,6267.39990234375
1781089296.3525028,6168184,6261.009765625
1781089299.7122147,6169358,6271.89013671875
1781089302.059628,6170296,6269.64013671875
1781089303.8997078,6171015,6233.2099609375
1781089308.8746696,6172904,6233.2099609375
1781089312.883041,6174323,6235.7001953125
1781089328.7444727,6175313,6230.41015625
1781089332.766087,6176903,6235.60009765625
1781089335.7596645,6178055,6289.56005859375
1781089339.1990917,6179271,6289.56005859375
1781089344.1738386,6181087,6299.02978515625
1781089344.6082547,6181256,6298.47998046875
1781089347.8400185,6182512,6285.580078125
1781089350.499383,6183543,6275.22021484375
1781089354.688816,6185343,6275.22021484375
1781089359.3229663,6187022,6279.85986328125
1781089361.6669319,6187956,6294.3798828125
1781089365.7123795,6189504,6286.43017578125
1781089370.0914896,6191018,6322.81982421875
1781089374.646649,6192723,6322.81982421875
1781089377.9475417,6194028,6322.990234375
1781089379.9683638,6194830,6315.10986328125
1781089382.1140306,6195584,6290.509765625
1781089385.0482252,6196607,6285.64990234375
1781089387.6499734,6197894,6285.64990234375
1781089409.2061265,6200207,6285.009765625
1781089410.1777782,6200564,6291.89990234375
1781089414.3657994,6201999,6292.3798828125
1781089417.8104374,6203659,6275.81005859375
1781089421.8341687,6205279,6275.81005859375
1781089426.1046295,6206816,6268.27978515625
1781089430.320881,6208269,6260.330078125
1781089434.4208143,6209876,6272.77001953125
1781089437.2027013,6210968,6290.9501953125
1781089439.8895223,6211945,6290.9501953125
1781089443.5346649,6213237,6268.68994140625
1781089447.8766716,6214861,6235.68017578125
1781089449.787829,6215628,6228.02001953125
1781089451.1481354,6216538,6251.18994140625
1781089454.9477692,6217948,6251.18994140625
1781089458.4921103,6219218,6252.68017578125
1781089460.1584463,6219890,6260.83984375
1781089463.5313017,6221248,6259.81982421875
1781089468.0916,6222856,6249.35009765625
1781089473.5406194,6224888,6249.35009765625
1781089485.4071493,6225471,6279.759765625
1781089489.8723197,6227231,6271.2998046875
1781089492.3947515,6228232,6268.47021484375
1781089494.3801634,6228974,6272.77001953125
1781089498.6042123,6230500,6272.77001953125
1781089501.5675101,6231561,6267.77978515625
1781089505.954216,6233313,6274.27001953125
1781089508.7906744,6234406,6271.22998046875
1781089511.1286771,6235245,6263.64990234375
1781089512.8260174,6235856,6263.64990234375
1781089514.9562366,6236964,6233.08984375
1781089518.5345683,6238396,6209.22021484375
1781089519.2064726,6238655,6206.06005859375
1781089521.676942,6239634,6204.52978515625
1781089525.8746834,6241123,6204.52978515625
1781089531.2854958,6243066,6230.6298828125
1781089535.1463964,6244513,6243.2998046875
1781089536.8374684,6245183,6256.5498046875
1781089539.1698406,6246102,6240.490234375
1781089542.4974577,6247356,6240.490234375
1781089545.9047923,6248861,6231.89990234375
1781089548.642206,6249871,6223.8701171875
1781089567.5329194,6251626,6221.509765625
1781089570.525265,6252747,6247.77978515625
1781089572.8535194,6253542,6247.77978515625
1781089576.4142432,6255089,6229.81982421875
1781089577.2952456,6255408,6218.8701171875
1781089580.9814587,6256880,6222.14990234375
1781089584.8274546,6258372,6217.72021484375
1781089590.6171365,6260371,6217.72021484375
1781089595.1855025,6262089,6244.27001953125
1781089598.572816,6263417,6245.14013671875
1781089598.974601,6263570,6231.27001953125
1781089602.7024481,6264894,6213.2900390625
1781089607.5070732,6266595,6213.2900390625
1781089610.075584,6267957,6235.93017578125
1781089612.5427253,6268956,6236.759765625
1781089613.9008055,6269477,6223.7001953125
1781089616.3696208,6270328,6192.06982421875
1781089619.2798443,6271336,6192.06982421875
1781089625.55657,6273638,6191.68017578125
1781089627.8017788,6274407,6205.3798828125
1781089639.0522583,6276145,6213.75
1781089640.1539505,6276896,6217.7900390625
1781089644.0876577,6278256,6217.7900390625
1781089649.4664261,6280188,6202.52978515625
1781089651.294939,6280892,6233.31982421875
1781089653.6259222,6281796,6220.27001953125
1781089657.9232264,6283469,6223.35009765625
1781089661.5949147,6284700,6223.35009765625
1781089666.5314858,6286421,6211.0400390625
1781089670.5042353,6288310,6193.91015625
1781089674.1909823,6289699,6198.60009765625
1781089676.1891882,6290407,6228.2900390625
1781089680.2791686,6291834,6228.2900390625
1781089682.5437918,6292728,6232.0400390625
1781089685.3847787,6293847,6212.06982421875
1781089688.939672,6295210,6226.169921875
1781089691.5782359,6296140,6241.669921875
1781089692.9417677,6296640,6241.669921875
1781089697.6074371,6298401,6203.81005859375
1781089699.3890252,6299098,6197.990234375
1781089716.7405167,6300624,6196.97998046875
1781089717.5811703,6300931,6174.7099609375
1781089721.067999,6302213,6174.7099609375
1781089726.1047566,6304079,6199.259765625
1781089729.2230356,6305333,6200.27001953125
1781089734.4471762,6307658,6200.93994140625
1781089735.0261385,6307858,6223.740234375
1781089738.7039464,6309221,6223.740234375
1781089742.7902718,6310829,6219.259765625
1781089744.8384123,6311630,6227.419921875
1781089749.6014323,6313449,6246.52001953125
1781089752.6785338,6314667,6260.509765625
1781089755.868999,6315867,6260.509765625
1781089760.2105558,6317431,6265.68994140625
1781089761.7603014,6318003,6288.60986328125
1781089767.2647023,6320431,6287.22998046875
1781089768.902383,6320981,6307.47021484375
1781089773.139816,6322425,6307.47021484375
1781089777.0061505,6323903,6306.830078125
1781089796.10666,6325573,6297.68017578125
1781089797.6165938,6326396,6323.81005859375
1781089800.8024504,6327491,6328.759765625
1781089805.8266191,6329373,6328.759765625
1781089810.2897348,6331105,6335.2001953125
1781089815.2903867,6332836,6341.009765625
1781089817.2919323,6333517,6354.18994140625
1781089821.2619176,6335033,6349.06982421875
1781089825.4404674,6336671,6349.06982421875
1781089827.5536094,6337388,6349.0
1781089831.3927596,6339018,6343.7900390625
1781089832.609524,6339450,6353.47998046875
1781089835.8649154,6340745,6357.8798828125
1781089839.1342368,6342029,6357.8798828125
1781089843.7204928,6343690,6337.2001953125
1781089848.4488456,6345374,6328.39013671875
1781089850.828462,6346309,6340.7099609375
1781089852.2274911,6346865,6303.419921875
1781089854.6145265,6347794,6303.419921875
1781089860.280722,6349789,6305.22021484375
1781089871.3117783,6351424,6293.830078125
1781089872.5541952,6352063,6318.60986328125
1781089874.5723855,6353102,6329.580078125
1781089877.5925097,6354681,6329.580078125
1781089880.5925927,6356213,6324.14990234375
1781089881.8514543,6356857,6310.259765625
1781089883.8548222,6357890,6287.72021484375
1781089885.7446957,6358851,6277.60986328125
1781089888.7980201,6360417,6277.60986328125
1781089891.1993718,6361659,6275.27001953125
1781089891.8740668,6362003,6265.68994140625
1781089894.5473092,6363849,6258.56982421875
1781089896.406932,6364805,6223.68994140625
1781089898.946969,6366109,6223.68994140625
1781089902.589427,6367992,6217.18994140625
1781089903.660291,6368545,6259.93994140625
1781089905.2009485,6369343,6227.2998046875
1781089906.979304,6370266,6219.3798828125
1781089909.521606,6371587,6219.3798828125
1781089912.0526905,6372896,6215.72998046875
1781089914.1640916,6374006,6210.89990234375
1781089915.7488043,6374790,6211.759765625
1781089931.5643528,6375767,6186.509765625
1781089934.663019,6376878,6186.509765625
1781089937.4113626,6377847,6146.7001953125
1781089940.2903824,6378900,6144.08984375
1781089943.363153,6380116,6143.14013671875
1781089945.8489094,6381114,6155.72998046875
1781089949.9604278,6382621,6155.72998046875
1781089954.7380314,6384336,6154.97998046875
1781089955.410464,6384604,6159.60986328125
1781089958.0761607,6386030,6149.259765625
1781089961.797566,6387445,6157.75
1781089966.232788,6389098,6157.75
1781089969.935895,6390572,6190.259765625
1781089972.6134057,6391552,6210.1201171875
1781089975.2772698,6392465,6207.85009765625
1781089978.0342352,6393432,6221.3701171875
1781089981.9388406,6394927,6221.3701171875
1781089986.976759,6396820,6223.509765625
1781089989.1166053,6397912,6217.0
1781089991.602176,6398775,6221.490234375
1781089994.3499546,6399802,6217.2900390625
1781090011.2679222,6400933,6217.2900390625
1781090017.031852,6403144,6238.64990234375
1781090018.5264337,6403967,6248.14990234375
1781090020.505828,6404680,6227.419921875
1781090024.9748669,6406347,6213.18994140625
1781090028.6611433,6407825,6213.18994140625
1781090031.3611922,6408819,6226.68994140625
1781090035.4868875,6410311,6243.91015625
1781090041.0559764,6412445,6261.47998046875
1781090041.697933,6412686,6242.06005859375
1781090045.72579,6414214,6242.06005859375
1781090050.1113968,6415731,6217.9501953125
1781090051.8377595,6416686,6215.2001953125
1781090055.7887037,6418261,6223.4599609375
1781090057.3915436,6418907,6229.759765625
1781090063.0629866,6421008,6229.759765625
1781090066.558059,6422282,6245.77978515625
1781090070.5326474,6423850,6253.47021484375
1781090073.2505121,6424947,6274.89990234375
1781090087.9654593,6426225,6305.31982421875
1781090091.3164618,6427420,6305.31982421875
1781090094.9310622,6428708,6294.14013671875
1781090099.3783154,6430461,6275.06005859375
1781090100.9924135,6431099,6273.97021484375
1781090101.2434878,6431191,6240.7900390625
1781090104.2407494,6432349,6240.7900390625
1781090106.2851655,6433079,6237.43994140625
1781090111.63853,6435038,6208.22021484375
1781090113.1371822,6435982,6208.52978515625
1781090114.7176116,6436607,6194.93017578125
1781090117.532969,6437657,6194.93017578125
1781090121.1726086,6439020,6168.81005859375
1781090124.8442597,6440495,6165.18994140625
1781090128.1239932,6441702,6171.39990234375
1781090130.0526712,6442393,6148.759765625
1781090133.7331624,6443739,6148.759765625
1781090137.7418778,6445331,6140.6298828125
1781090142.2285504,6447044,6173.4501953125
1781090144.4275286,6448148,6177.3701171875
1781090145.7628858,6448603,6167.93017578125
1781090162.8444264,6450507,6167.93017578125
1781090164.093692,6450993,6214.35009765625
1781090167.0201414,6452131,6183.3701171875
1781090168.790708,6452819,6181.97021484375
1781090172.0096505,6453982,6191.27001953125
1781090174.6532874,6454912,6191.27001953125
1781090176.9883554,6456089,6157.33984375
1781090182.0035367,6458075,6165.85009765625
1781090183.7327008,6458740,6172.7900390625
1781090188.0018115,6460528,6175.9501953125
1781090189.8901603,6461500,6175.9501953125
1781090191.7422438,6462453,6166.72021484375
1781090194.7888482,6464037,6134.16015625
1781090195.9977667,6464657,6126.81005859375
1781090198.6073105,6466003,6123.0
1781090201.2412288,6467355,6123.0
1781090204.5438726,6469059,6107.9501953125
1781090207.0163484,6470329,6123.3798828125
1781090208.8796937,6471756,6120.41015625
1781090209.971131,6472328,6123.52978515625
1781090212.4868326,6473642,6123.52978515625
1781090213.0723763,6473942,6118.4501953125
1781090224.9436977,6475344,6103.02978515625
1781090227.5790858,6476538,6080.7099609375
1781090230.7281554,6478038,6091.68017578125
1781090234.028762,6479589,6091.68017578125
1781090237.6168013,6481075,6073.5498046875
1781090240.6394944,6482805,6075.27978515625
1781090243.2584345,6484065,6087.33984375
1781090245.5123787,6485191,6076.16015625
1781090248.257622,6486553,6076.16015625
1781090250.0025666,6487427,6065.14013671875
1781090253.872816,6489367,6059.7099609375
1781090254.6909647,6489759,6073.5400390625
1781090257.4291282,6491150,6086.2001953125
1781090258.90354,6491787,6086.2001953125
1781090263.5630333,6493464,6094.77001953125
1781090266.610304,6494531,6095.740234375
1781090271.1539614,6496279,6067.0
1781090272.8762422,6497295,6087.16015625
1781090277.852078,6499045,6087.16015625
1781090294.9366288,6500533,6087.330078125
1781090299.3123186,6502190,6104.31005859375
1781090301.2610629,6502970,6090.330078125
1781090303.3977895,6504138,6111.33984375
1781090308.1946807,6505800,6111.33984375
1781090309.3576398,6506191,6113.2099609375
1781090313.1727474,6507627,6069.919921875
1781090315.0605164,6508369,6100.25
1781090318.4570985,6509682,6102.81005859375
1781090322.6152601,6511122,6102.81005859375
1781090326.7981117,6512604,6097.97998046875
1781090330.9706855,6514227,6105.9599609375
1781090333.2440348,6515101,6096.3701171875
1781090334.6648548,6515915,6113.93994140625
1781090339.0587153,6517406,6113.93994140625
1781090342.637624,6518754,6113.2998046875
1781090345.831841,6519998,6095.3798828125
1781090349.3285267,6521281,6135.85986328125
1781090351.6158519,6522057,6141.10986328125
1781090354.7663891,6523170,6141.10986328125
1781090358.8023324,6524712,6132.919921875
1781090374.2769885,6526453,6135.2900390625
1781090376.365524,6527271,6142.97021484375
1781090380.1514091,6528667,6185.830078125
1781090382.4741354,6529460,6185.830078125
1781090388.5556943,6531711,6197.89990234375
1781090392.142166,6533124,6217.0498046875
1781090393.917523,6533797,6233.8701171875
1781090397.6297188,6535061,6227.81982421875
1781090401.287094,6536655,6227.81982421875
1781090403.665663,6537586,6231.1201171875
1781090407.374123,6539044,6210.60009765625
1781090409.037183,6539629,6202.06982421875
1781090411.9984832,6540654,6198.10009765625
1781090417.3886771,6542630,6198.10009765625
1781090421.348893,6544211,6219.89990234375
1781090422.8888433,6544807,6215.4599609375
1781090427.6060402,6546402,6227.0498046875
1781090430.860829,6547895,6248.35009765625
1781090434.9809127,6549503,6248.35009765625
1781090451.8475964,6550678,6249.8701171875
1781090454.4923077,6551598,6228.77978515625
1781090460.238789,6553629,6230.31005859375
1781090460.6087792,6554129,6243.22998046875
1781090464.317957,6555588,6243.22998046875
1781090468.0046275,6556959,6221.58984375
1781090472.7059846,6558583,6213.2099609375
1781090475.6897707,6559682,6232.7099609375
1781090477.4558835,6560372,6231.259765625
1781090480.3649745,6561516,6231.259765625
1781090482.465617,6562265,6217.60986328125
1781090488.9265122,6564652,6226.6298828125
1781090491.0569541,6565386,6206.60986328125
1781090491.944978,6565687,6189.9599609375
1781090494.7636664,6567012,6189.9599609375
1781090499.488154,6568828,6179.68994140625
1781090501.989281,6569808,6193.68017578125
1781090504.5965893,6570765,6200.06005859375
1781090508.6692648,6572180,6201.1298828125
1781090512.5238883,6573585,6201.1298828125
1781090515.2292128,6574648,6173.35009765625
1781090528.2345142,6575251,6160.52978515625
1781090530.490117,6576138,6133.759765625
1781090535.4047334,6577964,6139.5498046875
1781090539.484276,6579353,6139.5498046875
1781090543.772324,6580999,6165.6298828125
1781090545.5131845,6581683,6178.259765625
1781090548.5560992,6582841,6160.6201171875
1781090552.2121162,6584097,6186.669921875
1781090555.6615038,6585649,6186.669921875
1781090558.2999809,6586683,6197.56005859375
1781090560.8923192,6587706,6204.43017578125
1781090563.4382195,6588645,6208.9599609375
1781090567.8837228,6590177,6212.8798828125
1781090572.227638,6591774,6212.8798828125
1781090575.0599437,6592881,6235.97998046875
1781090578.0810478,6594027,6228.4599609375
1781090579.6873152,6594571,6209.43994140625
1781090584.1318502,6596110,6218.81005859375
1781090587.109553,6597600,6218.81005859375
1781090590.694456,6599033,6228.7099609375
1781090607.0844195,6600002,6224.10009765625
1781090610.244076,6601106,6216.52978515625
1781090614.1547105,6602558,6228.259765625
1781090617.9539447,6604044,6228.259765625
1781090619.1318703,6604827,6209.72998046875
1781090623.7120845,6606414,6242.3798828125
1781090625.4355836,6607004,6238.4501953125
1781090627.8104382,6607932,6228.18994140625
1781090631.3643801,6609334,6228.18994140625
1781090633.8649018,6610291,6247.2001953125
1781090637.5997732,6611619,6223.08984375
1781090639.7794719,6612365,6218.7001953125
1781090643.5355384,6613811,6201.47998046875
1781090647.758203,6615451,6201.47998046875
1781090650.2645788,6616664,6220.68017578125
1781090655.4787784,6618540,6238.75
1781090656.0905075,6618759,6243.7001953125
1781090659.285987,6620020,6230.85986328125
1781090662.8289146,6621378,6230.85986328125
1781090667.1365588,6622858,6235.3701171875
1781090668.8215733,6623468,6239.3798828125
1781090672.612558,6624923,6223.56005859375
1781090687.5830371,6625691,6205.0
1781090691.191928,6627119,6205.0
1781090695.5357604,6628603,6210.56982421875
1781090698.1439092,6629536,6227.39013671875
1781090701.0363116,6630638,6231.77978515625
1781090705.3343618,6632340,6242.580078125
1781090710.7783775,6634264,6242.580078125
1781090712.5464294,6634880,6255.47998046875
1781090714.6411965,6635958,6218.2998046875
1781090719.0455637,6637672,6210.77978515625
1781090719.7625551,6637958,6180.77978515625
1781090723.573716,6639306,6180.77978515625
1781090729.0186534,6641213,6197.68017578125
1781090731.7875943,6642308,6212.72998046875
1781090734.2815897,6643278,6200.3798828125
1781090737.493599,6644467,6202.6298828125
1781090739.7720337,6645257,6202.6298828125
1781090742.6303277,6646230,6183.580078125
1781090745.6063387,6647745,6167.14990234375
1781090747.83684,6648621,6166.0
1781090750.087852,6649511,6158.6298828125
1781090762.127745,6651026,6158.6298828125
1781090766.2842324,6652613,6158.52978515625
1781090768.793875,6653473,6148.47021484375
1781090775.8265371,6656089,6154.77978515625
1781090776.0937834,6656181,6151.56005859375
1781090778.7613122,6657582,6151.56005859375
1781090782.9397051,6659070,6142.18994140625
1781090784.3946261,6659594,6183.97998046875
1781090787.9365103,6660789,6171.72021484375
1781090790.5926666,6661839,6156.0400390625
1781090794.2916074,6663295,6156.0400390625
1781090795.950935,6663952,6156.47998046875
1781090797.9287522,6664735,6123.2001953125
1781090800.98346,6665834,6123.52001953125
1781090804.715693,6667135,6118.60009765625
1781090807.9158182,6668724,6118.60009765625
1781090813.215851,6670616,6122.35009765625
1781090817.5527194,6672233,6137.919921875
1781090818.124424,6672452,6140.9501953125
1781090820.7619176,6673494,6126.97998046875
1781090836.9702744,6675003,6126.97998046875
1781090839.3567245,6676146,6144.6201171875
1781090844.6651576,6678054,6141.16015625
1781090847.9954305,6679384,6136.5
1781090849.3865728,6679937,6119.97998046875
1781090853.4017522,6681421,6119.97998046875
1781090858.1415703,6683102,6123.7998046875
1781090862.3381898,6684728,6131.10009765625
1781090865.5364127,6685975,6127.080078125
1781090867.1935194,6686606,6131.06982421875
1781090870.9645164,6688294,6131.06982421875
1781090873.1037092,6689053,6143.83984375
1781090878.2836275,6691138,6158.669921875
1781090881.311719,6692261,6171.580078125
1781090883.6819668,6693092,6166.89013671875
1781090887.9879122,6694574,6166.89013671875
1781090892.0154712,6696153,6138.1298828125
1781090896.334224,6697851,6146.91015625
1781090898.6866634,6698697,6163.81005859375
1781090915.0337095,6700029,6154.5
1781090919.0479126,6701486,6154.5
1781090922.3206978,6702779,6149.27001953125
1781090924.53315,6703632,6155.2900390625
1781090929.5816453,6705372,6148.2001953125
1781090931.9295783,6706179,6150.7001953125
1781090936.078908,6708186,6150.7001953125
1781090941.0972464,6710053,6172.6201171875
1781090944.5754511,6711287,6203.330078125
1781090946.516826,6711972,6192.1201171875
1781090949.4593382,6713162,6180.39990234375
1781090953.2586913,6714668,6180.39990234375
1781090956.5952044,6715903,6199.10009765625
1781090959.6763058,6716983,6170.10009765625
1781090962.1736312,6717927,6176.77978515625
1781090965.478458,6719235,6210.43017578125
1781090968.1733608,6720640,6210.43017578125
1781090971.9932454,6722009,6224.77978515625
1781090972.497298,6722188,6195.77001953125
1781090978.6826675,6724672,6214.0
1781090997.0225844,6725744,6210.64990234375
1781090998.3911374,6726575,6210.64990234375
1781091002.2953525,6728000,6215.419921875
1781091008.8405137,6730601,6221.91015625
1781091012.3632128,6731838,6253.60009765625
1781091013.31671,6732169,6236.14990234375
1781091019.1756353,6734370,6236.14990234375
1781091022.3198323,6735629,6250.39990234375
1781091024.9215295,6736613,6234.93994140625
1781091027.8712416,6737642,6257.10986328125
1781091030.9757645,6739052,6265.97998046875
1781091035.708927,6740898,6265.97998046875
1781091039.9685524,6742499,6287.06982421875
1781091044.0526736,6743941,6283.91015625
1781091046.7317166,6744989,6289.5400390625
1781091048.227016,6745769,6291.89013671875
1781091051.322095,6747387,6291.89013671875
1781091053.3767982,6748479,6291.64990234375
1781091065.3797104,6750255,6311.47021484375
1781091067.5555813,6751374,6331.68017578125
1781091070.1287827,6752715,6332.35009765625
1781091073.457581,6754472,6332.35009765625
1781091074.8543856,6755205,6340.5
1781091077.0429883,6756362,6327.0498046875
1781091079.6966507,6757726,6320.43994140625
1781091081.6654298,6758745,6315.58984375
1781091085.2850578,6760637,6315.58984375
1781091087.20658,6761591,6337.1298828125
1781091090.2760775,6763015,6327.759765625
1781091091.7641022,6763725,6322.14990234375
1781091094.3173087,6765408,6366.97998046875
1781091097.6349921,6767002,6366.97998046875
1781091100.8736832,6768521,6374.52001953125
1781091104.0045536,6769969,6396.7998046875
1781091105.2441335,6770506,6390.740234375
1781091108.313446,6771880,6390.35986328125
1781091111.1900144,6773211,6390.35986328125
1781091114.2300541,6774661,6377.02001953125
1781091126.290216,6775848,6387.39013671875
1781091130.0599048,6777601,6389.06005859375
1781091131.5601199,6778339,6400.47998046875
1781091134.181641,6779534,6400.47998046875
1781091136.853202,6780775,6389.68017578125
1781091140.1487007,6782385,6404.89013671875
1781091143.4998808,6784015,6439.52978515625
1781091145.7357345,6785063,6442.169921875
1781091149.0196362,6786625,6442.169921875
1781091151.173745,6787654,6446.43017578125
1781091153.1152017,6788563,6451.89013671875
1781091156.331111,6790538,6422.1201171875
1781091157.7269013,6791216,6422.43017578125
1781091161.3847625,6792937,6422.43017578125
1781091164.0431287,6794268,6414.41015625
1781091166.4926023,6795446,6434.85009765625
1781091167.4307635,6795904,6420.6201171875
1781091170.392196,6797261,6440.009765625
1781091173.8622515,6798799,6440.009765625
1781091176.350114,6799979,6430.27001953125
1781091193.1511657,6802131,6420.2001953125
1781091195.2807624,6802974,6456.81982421875
1781091198.0024467,6804010,6449.75
1781091202.564454,6805579,6449.75
1781091207.1182024,6807248,6471.740234375
1781091209.2905314,6808111,6492.72998046875
1781091215.2314513,6810340,6509.009765625
1781091216.1359162,6810652,6513.85986328125
1781091220.1604753,6812405,6513.85986328125
1781091223.1794324,6813594,6514.2001953125
1781091225.5370452,6814498,6507.3701171875
1781091231.7863958,6816685,6517.509765625
1781091232.3990278,6816891,6496.58984375
1781091235.9115007,6818146,6496.58984375
1781091239.7534285,6819654,6489.77001953125
1781091241.799328,6820465,6497.830078125
1781091246.0074341,6821899,6494.919921875
1781091248.7149546,6822806,6507.14013671875
1781091251.2202275,6824096,6507.14013671875
1781091269.9398196,6825643,6500.64990234375
1781091273.8426719,6827044,6535.97021484375
1781091276.4512196,6828005,6556.330078125
1781091280.062731,6829418,6559.990234375
1781091283.4684522,6831029,6559.990234375
1781091287.3361027,6832356,6567.52001953125
1781091293.6256633,6834557,6556.919921875
1781091295.9581938,6835475,6569.2998046875
1781091298.1848273,6836351,6583.31982421875
1781091302.506885,6837937,6583.31982421875
1781091306.6206572,6839371,6586.9501953125
1781091311.0644026,6841066,6596.93994140625
1781091313.0940218,6841861,6611.43017578125
1781091315.8416972,6843248,6601.64013671875
1781091319.2632473,6844474,6601.64013671875
1781091324.7885094,6846512,6608.25
1781091328.152348,6847826,6591.72998046875
1781091331.1717255,6848977,6583.240234375
1781091333.2558846,6849724,6593.93994140625
1781091352.0546024,6851597,6593.93994140625
1781091355.381205,6852900,6592.47998046875
1781091362.73013,6855622,6603.14990234375
1781091367.7284749,6857389,6636.31005859375
1781091368.393275,6857650,6651.85986328125
1781091370.9739048,6858676,6651.85986328125
1781091375.6927614,6860452,6641.35009765625
1781091376.0987728,6860911,6642.259765625
1781091379.9632337,6862241,6621.330078125
1781091382.7693803,6863295,6600.259765625
1781091385.6887774,6864443,6600.259765625
1781091387.4229689,6865116,6590.5
1781091391.2131827,6866489,6556.60986328125
1781091397.2276766,6868612,6566.5400390625
1781091397.4815073,6868704,6570.669921875
1781091400.9541283,6870054,6570.669921875
1781091404.5445542,6871425,6544.3798828125
1781091408.0362759,6872666,6517.2099609375
1781091409.4103496,6873447,6513.02978515625
1781091412.9661686,6874801,6534.56005859375
1781091431.741826,6876582,6534.56005859375
1781091435.7896972,6878070,6541.330078125
1781091439.41438,6879734,6555.740234375
1781091443.4809704,6881355,6564.0
1781091444.3779745,6881707,6568.009765625
1781091447.252958,6882826,6568.009765625
1781091451.9264362,6884459,6545.5
1781091455.0156503,6885556,6572.330078125
1781091458.573653,6886946,6551.72021484375
1781091460.83334,6887820,6552.2998046875
1781091466.9312463,6890002,6552.2998046875
1781091469.16391,6890783,6579.41015625
1781091473.4279187,6892809,6567.27978515625
1781091475.415371,6893599,6556.2001953125
1781091477.657959,6894438,6560.16015625
1781091480.721719,6895500,6560.16015625
1781091481.674158,6895825,6515.72998046875
1781091485.3673692,6897191,6516.10986328125
1781091487.3144307,6897967,6477.89990234375
1781091490.9053843,6899383,6482.39990234375
1781091509.1505141,6900912,6482.39990234375
1781091514.2523737,6902782,6462.27001953125
1781091518.753154,6904577,6473.56005859375
1781091519.1917064,6904746,6490.35009765625
1781091524.0047626,6906525,6498.919921875
1781091525.787632,6907165,6498.919921875
1781091528.7463427,6908212,6459.60009765625
1781091532.7767766,6909806,6442.72021484375
1781091534.5885072,6910521,6431.22021484375
1781091536.5785382,6911597,6423.72021484375
1781091540.717726,6913057,6423.72021484375
1781091545.021053,6914697,6418.02001953125
1781091548.656114,6916141,6431.509765625
1781091550.314591,6916774,6447.64013671875
1781091553.5707104,6917948,6436.52001953125
1781091558.125033,6919621,6436.52001953125
1781091560.16787,6920432,6422.52978515625
1781091562.2678847,6921272,6415.83984375
1781091565.4267106,6922818,6425.68017578125
1781091568.7040913,6924054,6414.2099609375
1781091585.1857579,6925286,6414.2099609375
1781091586.58623,6925833,6401.10986328125
1781091590.9299555,6927452,6388.85986328125
1781091592.790073,6928082,6359.2099609375
1781091596.8119583,6929490,6373.02001953125
1781091597.9800951,6930312,6373.02001953125
1781091601.8834083,6931842,6352.7099609375
1781091604.341637,6932745,6347.68017578125
1781091607.000225,6933691,6342.830078125
1781091611.4171677,6935215,6343.2900390625
1781091614.9682453,6936612,6343.2900390625
1781091619.3631954,6938310,6354.02978515625
1781091621.8377633,6939180,6332.0498046875
1781091625.8053627,6940549,6305.60009765625
1781091626.3795567,6940754,6296.06982421875
1781091629.4338963,6941967,6296.06982421875
1781091631.4275331,6943102,6282.169921875
1781091632.919037,6943672,6267.4599609375
1781091636.5465715,6944959,6273.8798828125
1781091639.7206147,6946069,6262.2998046875
1781091644.1779344,6947810,6262.2998046875
1781091647.6398718,6949159,6265.509765625
1781091663.3230703,6950485,6282.72998046875
1781091669.499652,6952698,6289.740234375
1781091669.7316914,6952790,6288.9599609375
1781091673.880517,6954437,6288.9599609375
1781091678.0766828,6956029,6304.9599609375
1781091681.476677,6957190,6320.9501953125
1781091686.3327231,6959009,6294.5400390625
1781091687.755788,6959563,6289.75
1781091690.2745948,6960558,6289.75
1781091691.9637802,6961553,6274.1201171875
1781091698.630148,6963960,6266.509765625
1781091699.1212683,6964149,6270.7001953125
1781091702.5251389,6965388,6257.0400390625
1781091704.6111045,6966205,6257.0400390625
1781091709.578853,6968195,6247.419921875
1781091711.7968202,6968999,6251.740234375
1781091713.6760828,6969646,6210.080078125
1781091716.38981,6970589,6215.5400390625
1781091719.7520883,6971879,6215.5400390625
1781091723.8346248,6973405,6233.64013671875
1781091743.9848442,6975226,6237.75
1781091749.0492504,6977042,6249.77001953125
1781091749.288523,6977134,6240.97998046875
1781091752.4278755,6978267,6240.97998046875
1781091755.2721121,6979599,6239.0400390625
1781091756.8852139,6980156,6230.240234375
1781091758.6077678,6980765,6170.2001953125
1781091761.0518231,6981638,6156.10986328125
1781091767.0830941,6983825,6156.10986328125
1781091771.0626788,6985244,6174.31005859375
1781091774.2678628,6986395,6168.56982421875
1781091775.6687493,6986894,6133.31982421875
1781091777.7056832,6987608,6117.259765625
1781091782.7512712,6989450,6117.259765625
1781091785.476147,6990424,6126.93994140625
1781091787.3105576,6991082,6110.16015625
1781091791.9775176,6993100,6108.1298828125
1781091794.4273963,6993959,6095.35009765625
1781091798.8407934,6995525,6095.35009765625
1781091802.5608644,6996879,6091.0498046875
1781091805.55834,6997965,6085.06005859375
1781091809.5667608,6999396,6099.06982421875
1781091810.899576,6999874,6072.89013671875
1781091830.3939342,7001431,6072.89013671875
1781091834.276894,7002848,6063.2001953125
1781091837.0762458,7003814,6050.1201171875
1781091839.3962476,7004586,6009.259765625
1781091842.1478856,7005587,5984.0400390625
1781091845.7168288,7007160,5984.0400390625
1781091848.6281564,7008584,5998.43994140625
1781091852.598379,7010490,5996.759765625
1781091853.7808385,7011042,6008.08984375
1781091855.978336,7012149,6020.89013671875
1781091859.496759,7013854,6020.89013671875
1781091863.6348507,7015866,6051.1201171875
1781091865.191644,7016695,6100.7998046875
1781091867.523172,7017898,6083.08984375
1781091870.0032043,7019189,6086.240234375
1781091871.8790433,7020157,6086.240234375
1781091875.7885845,7022198,6088.5
1781091877.6397161,7023189,6096.85986328125
1781091878.4026632,7023592,6093.93017578125
1781091902.0397754,7025257,6085.5400390625
1781091905.7194543,7026558,6085.5400390625
1781091909.6297576,7028084,6079.43017578125
1781091912.9096787,7029364,6071.580078125
1781091914.748637,7030357,6077.64013671875
1781091918.169978,7031652,6065.14013671875
1781091922.1833327,7033122,6065.14013671875
1781091926.762295,7034732,6079.06005859375
1781091929.6797214,7035858,6075.56005859375
1781091931.7574306,7036669,6063.39990234375
1781091934.0688622,7037586,6057.89013671875
1781091938.0371027,7038992,6057.89013671875
1781091942.589501,7040612,6025.919921875
1781091943.6334462,7041014,6042.77978515625
1781091945.0714598,7041937,6018.7900390625
1781091946.9158497,7042667,5996.72998046875
1781091951.426281,7044355,5996.72998046875
1781091953.8732858,7045495,6026.22021484375
1781091955.8329508,7046525,6034.89990234375
1781091958.568436,7047965,6057.490234375
1781091961.319336,7049406,6068.64013671875
1781091975.2306588,7051350,6068.64013671875
1781091977.0284417,7052774,6089.68994140625
1781091979.093027,7053853,6067.6201171875
1781091983.4984388,7055894,6073.419921875
1781091983.878321,7056040,6048.41015625
1781091986.5417478,7057294,6048.41015625
1781091991.8639317,7059520,6101.72021484375
1781091993.9512048,7060274,6112.18017578125
1781091999.653937,7062464,6111.85009765625
1781092001.03741,7063014,6124.93994140625
1781092005.5975788,7064726,6124.93994140625
1781092009.3518815,7066422,6127.31982421875
1781092012.1048353,7067495,6138.56005859375
1781092017.651579,7069697,6139.47998046875
1781092018.9960318,7070188,6157.89013671875
1781092020.9782505,7070865,6157.89013671875
1781092027.7047188,7073379,6154.259765625
1781092045.200429,7075378,6182.64013671875
1781092049.2024174,7076816,6200.60009765625
1781092049.4655547,7076902,6182.10009765625
1781092054.127219,7078614,6182.10009765625
1781092057.3401785,7079881,6201.41015625
1781092059.8642223,7080894,6194.6298828125
1781092063.1031215,7082074,6231.64013671875
1781092066.4932444,7083273,6219.66015625
1781092070.0533178,7084566,6219.66015625
1781092072.5647435,7085833,6238.47021484375
1781092075.5899107,7086876,6237.68994140625
1781092077.8373177,7087724,6231.740234375
1781092081.1067817,7088999,6219.830078125
1781092085.6109776,7090662,6219.830078125
1781092087.7158654,7091396,6227.85986328125
1781092090.681812,7092416,6197.02978515625
1781092094.0373027,7093692,6220.3701171875
1781092098.7579315,7095542,6259.83984375
1781092101.675194,7096576,6259.83984375
1781092104.0926096,7097716,6255.89990234375
1781092109.7133753,7099868,6272.35009765625
1781092126.6196535,7100611,6306.77978515625
1781092128.1943047,7101191,6273.2001953125
1781092131.8381093,7102459,6273.2001953125
1781092135.9223917,7104251,6251.85986328125
1781092138.655562,7105309,6252.9599609375
1781092142.4576488,7106761,6240.89990234375
1781092142.812194,7106881,6232.009765625
1781092148.3798988,7108828,6232.009765625
1781092153.6484067,7110834,6233.7001953125
1781092155.266191,7111476,6246.56982421875
1781092161.5072527,7113837,6262.52978515625
1781092163.2265143,7114444,6264.0
1781092166.4717884,7115918,6264.0
1781092169.6145203,7117158,6275.60009765625
1781092173.264306,7118617,6283.85986328125
1781092175.911498,7119581,6279.490234375
1781092179.437714,7120926,6290.009765625
1781092182.987165,7122320,6290.009765625
1781092184.3140712,7122835,6286.25
1781092188.7387404,7124434,6266.18017578125
1781092189.6976326,7124759,6287.0498046875
1781092205.4457572,7125438,6262.64013671875
1781092209.5696354,7126961,6262.64013671875
1781092212.0357442,7127883,6255.1298828125
1781092214.156549,7128622,6222.509765625
1781092215.985334,7129198,6195.669921875
1781092220.0941448,7130641,6208.66015625
1781092224.3531663,7132303,6208.66015625
1781092227.1809168,7133403,6226.64013671875
1781092230.034687,7134810,6232.52978515625
1781092232.615105,7135723,6257.60986328125
1781092236.0831516,7136985,6282.56982421875
1781092239.1045136,7138166,6282.56982421875
1781092243.007162,7139686,6240.52001953125
1781092247.2205112,7141212,6241.9501953125
1781092247.9889686,7141483,6261.22998046875
1781092251.5284102,7142756,6274.66015625
1781092255.8579586,7144487,6274.66015625
1781092257.2584455,7145045,6268.4599609375
1781092260.649534,7146644,6269.2001953125
1781092264.5055115,7148018,6246.89990234375
1781092266.3176167,7148702,6258.509765625
1781092282.3610013,7150182,6258.509765625
1781092283.5747116,7150657,6255.1201171875
1781092288.7081778,7152633,6224.68994140625
1781092289.4482603,7152903,6224.06005859375
1781092292.4268398,7153976,6232.509765625
1781092295.4039202,7155434,6232.509765625
1781092299.0300603,7156888,6225.41015625
1781092302.8873339,7158387,6233.06982421875
1781092304.6064944,7158989,6230.14990234375
1781092306.7579453,7159766,6235.18994140625
1781092309.568655,7160793,6235.18994140625
1781092313.7741227,7162459,6234.60009765625
1781092315.9266305,7163315,6217.580078125
1781092321.3918712,7165298,6194.47021484375
1781092322.0618706,7165542,6203.75
1781092324.1938293,7166338,6203.75
1781092326.5549128,7167663,6156.0400390625
1781092331.0214558,7169406,6149.81982421875
1781092331.7724574,7169673,6150.47998046875
1781092335.551946,7171031,6141.77001953125
1781092340.4740455,7172818,6141.77001953125
1781092344.619391,7174466,6161.169921875
1781092358.984447,7175208,6155.02001953125
1781092360.8916981,7175910,6158.1298828125
1781092364.4785144,7177176,6145.0
1781092370.2236948,7179344,6145.0
1781092372.9282207,7180386,6168.85009765625
1781092378.1723921,7182293,6193.14990234375
1781092380.3124607,7183065,6178.43017578125
1781092384.297325,7184545,6183.97021484375
1781092387.7272043,7186265,6183.97021484375
1781092390.9611466,7187445,6194.169921875
1781092395.594982,7189073,6193.18017578125
1781092398.3492665,7190135,6203.18017578125
1781092400.3283362,7190929,6202.35009765625
1781092403.3297648,7192122,6202.35009765625
1781092406.1611786,7193119,6194.080078125
1781092413.258744,7195698,6197.18994140625
1781092415.2479053,7196477,6234.669921875
1781092418.312606,7198084,6285.0498046875
1781092422.6148014,7199653,6285.0498046875
1781092441.2715917,7201335,6276.47998046875
1781092444.2394052,7202415,6286.4501953125
1781092445.6746235,7202915,6280.25
1781092449.8393092,7204436,6269.66015625
1781092453.1556373,7206132,6269.66015625
1781092458.1324565,7207980,6253.47998046875
1781092460.6423542,7208883,6280.47998046875
1781092465.8450453,7210807,6273.259765625
1781092467.6582,7211513,6287.4599609375
1781092470.6591215,7212715,6287.4599609375
1781092475.0729759,7214299,6258.419921875
1781092477.656825,7215203,6259.740234375
1781092481.975901,7216858,6249.830078125
1781092481.6806571,7217116,6232.39990234375
1781092484.323076,7218163,6232.39990234375
1781092489.506927,7220019,6219.41015625
1781092493.4742968,7221452,6209.58984375
1781092496.3290052,7222545,6210.72998046875
1781092500.1036434,7223914,6217.27001953125
1781092503.02727,7224947,6217.27001953125
1781092523.0359006,7226432,6201.7099609375
1781092526.6473618,7228098,6183.56982421875
1781092527.1594334,7228344,6179.7998046875
1781092529.9552004,7229786,6183.56005859375
1781092533.6215632,7231708,6183.56005859375
1781092535.8673122,7232869,6190.6201171875
1781092538.8721,7234431,6196.83984375
1781092541.8796926,7235988,6196.60009765625
1781092542.717507,7236424,6194.33984375
1781092544.913295,7238034,6194.33984375
1781092546.791233,7239017,6209.31982421875
1781092547.589851,7239432,6193.8701171875
1781092548.7796414,7240045,6154.93017578125
1781092551.6176162,7241517,6169.14990234375
1781092553.4775631,7242471,6169.14990234375
1781092554.9216883,7243218,6140.9599609375
1781092558.035726,7244819,6145.27978515625
1781092559.2120852,7245405,6130.47998046875
1781092561.725008,7246705,6115.0498046875
1781092564.3991618,7248090,6115.0498046875
1781092567.316342,7249594,6125.7900390625
1781092577.1259809,7250834,6118.14013671875
1781092580.2813683,7252470,6093.5
1781092581.14266,7252910,6137.259765625
1781092583.3104284,7254045,6137.259765625
1781092585.8827233,7255394,6154.58984375
1781092589.9884107,7257500,6146.3798828125
1781092591.4453723,7258240,6154.83984375
1781092593.6943114,7259310,6165.7998046875
1781092595.9945788,7260410,6165.7998046875
1781092599.7720785,7262287,6137.10009765625
1781092602.465226,7263612,6134.52001953125
1781092605.8476398,7265031,6124.72021484375
1781092607.8532329,7266082,6133.740234375
1781092612.3966603,7267731,6133.740234375
1781092616.0202298,7269069,6143.43994140625
1781092619.9088848,7270494,6125.85986328125
1781092624.5017242,7272114,6140.5498046875
1781092625.5404427,7272489,6131.0498046875
1781092629.479807,7273930,6131.0498046875
1781092632.468923,7274957,6131.75
1781092651.3499749,7277193,6179.3701171875
1781092651.854854,7277383,6173.35009765625
1781092654.6544814,7278414,6187.509765625
1781092658.0255527,7279669,6187.509765625
1781092661.552951,7280933,6180.91015625
1781092662.5428927,7281290,6189.509765625
1781092666.6966329,7282759,6192.64990234375
1781092670.5928895,7284174,6209.89990234375
1781092673.4986148,7285535,6209.89990234375
1781092677.401131,7286895,6200.52978515625
1781092678.6119463,7287315,6185.93994140625
1781092682.4942827,7288636,6195.47021484375
1781092683.323074,7288905,6145.580078125
1781092688.1822228,7290791,6145.580078125
1781092689.2341647,7291318,6174.64990234375
1781092692.9093592,7293243,6159.009765625
1781092693.2750075,7293417,6150.8701171875
1781092696.8656175,7295084,6161.8798828125
1781092699.3331292,7296311,6161.8798828125
1781092702.2994742,7297802,6141.68017578125
1781092704.3060393,7299081,6152.509765625
1781092705.1623693,7299406,6150.83984375
1781092720.4320555,7300648,6146.8701171875
1781092724.7830524,7302321,6146.8701171875
1781092729.2967017,7303827,6154.58984375
1781092730.224463,7304147,6188.81005859375
1781092734.8469665,7306259,6182.16015625
1781092736.987943,7307114,6194.669921875
1781092742.2747047,7308962,6194.669921875
1781092746.3569012,7310395,6212.22021484375
1781092751.6209567,7312265,6216.06005859375
1781092756.2509124,7313829,6232.58984375
1781092757.281507,7314185,6246.27001953125
1781092762.0748568,7315826,6246.27001953125
1781092765.594297,7317029,6253.3701171875
1781092768.5866172,7318383,6258.330078125
1781092772.2523327,7319628,6285.27001953125
1781092775.1009042,7320598,6271.919921875
1781092778.9897704,7321879,6271.919921875
1781092783.6712818,7323514,6309.72998046875
1781092785.8120542,7324244,6289.6201171875
1781092804.1951256,7326126,6306.66015625
1781092807.431772,7327247,6318.14013671875
1781092810.6221702,7328349,6318.14013671875
1781092816.3707032,7330363,6298.43017578125
1781092821.1150787,7332028,6308.83984375
1781092824.252243,7333126,6322.7001953125
1781092825.2620091,7333590,6325.97998046875
1781092827.666132,7334828,6325.97998046875
1781092830.373517,7336655,6291.16015625
1781092831.4905999,7337210,6289.330078125
1781092835.0886295,7339077,6297.669921875
1781092837.697447,7340410,6304.0498046875
1781092840.407427,7341818,6304.0498046875
1781092843.0406115,7343174,6296.02001953125
1781092845.60908,7344495,6279.7001953125
1781092849.6058211,7346589,6288.72021484375
1781092850.106616,7346849,6306.4501953125
1781092852.9782472,7348292,6306.4501953125
1781092856.4769204,7349962,6316.39990234375
1781092870.678428,7351209,6317.02001953125
1781092873.4919813,7352426,6327.4501953125
1781092878.6320894,7354311,6318.93994140625
1781092881.6146908,7355528,6318.93994140625
1781092885.2566874,7357224,6307.330078125
1781092886.3812032,7357749,6301.81005859375
1781092889.6152723,7359367,6330.06982421875
1781092891.8983135,7360904,6328.56982421875
1781092895.6406481,7362646,6328.56982421875
1781092899.9866574,7364185,6330.490234375
1781092902.8166504,7365170,6316.22021484375
1781092907.5939124,7366819,6302.81982421875
1781092908.771522,7367247,6299.330078125
1781092911.869053,7368402,6299.330078125
1781092916.0967925,7370434,6319.259765625
1781092917.04268,7370885,6315.0
1781092919.4006746,7372018,6299.9501953125
1781092922.811439,7373652,6331.16015625
1781092940.3727179,7375510,6331.16015625
1781092942.0642498,7376103,6350.1298828125
1781092946.8498905,7377820,6326.02001953125
1781092952.2642636,7379718,6325.35986328125
1781092953.5115335,7380146,6319.27001953125
1781092956.6010215,7381505,6319.27001953125
1781092959.1735017,7382405,6325.7900390625
1781092964.148083,7384153,6337.18017578125
1781092969.560521,7386046,6351.58984375
1781092972.516804,7387080,6361.89990234375
1781092976.7360873,7388623,6361.89990234375
1781092980.6184168,7389988,6346.669921875
1781092984.1587114,7391271,6348.2900390625
1781092985.5582137,7391774,6345.1201171875
1781092988.5265486,7393200,6341.06982421875
1781092993.230432,7394874,6341.06982421875
1781092997.070212,7396237,6341.39990234375
1781092997.4368565,7396355,6350.83984375
1781093001.7808821,7397879,6391.2099609375
1781093006.2266927,7399486,6388.81005859375
1781093022.1748006,7401420,6388.81005859375
1781093025.9198592,7402761,6427.7900390625
1781093029.6817398,7404146,6446.35009765625
1781093031.4810388,7404781,6442.89013671875
1781093034.8027134,7405991,6441.39013671875
1781093038.5873597,7407351,6441.39013671875
1781093041.8290253,7408474,6440.47021484375
1781093047.513073,7410524,6442.740234375
1781093048.0504704,7410693,6450.3798828125
1781093051.0882344,7412039,6435.169921875
1781093051.6017618,7412208,6435.169921875
1781093057.089645,7414316,6397.740234375
1781093060.808556,7415665,6394.75
1781093061.366816,7415867,6387.97021484375
1781093065.1759126,7417300,6389.43994140625
1781093068.6688414,7418697,6389.43994140625
1781093072.1783724,7420042,6395.990234375
1781093076.9472332,7421735,6384.08984375
1781093078.9916577,7422440,6378.10009765625
1781093081.3315449,7423723,6375.669921875
1781093098.6527112,7425365,6375.669921875
1781093102.7314987,7426998,6380.2998046875
1781093107.8942256,7428968,6386.35009765625
1781093110.831271,7429996,6393.08984375
1781093113.0321662,7430780,6401.31005859375
1781093114.86272,7431853,6401.31005859375
1781093122.968331,7434990,6422.6298828125
1781093125.5198617,7435898,6436.81005859375
1781093127.4749157,7436591,6441.83984375
1781093129.4831743,7437364,6427.5498046875
1781093130.854144,7437890,6427.5498046875
1781093134.1269703,7439202,6402.0400390625
1781093137.2058322,7440355,6401.7001953125
1781093141.6690555,7441933,6411.1298828125
1781093142.7550647,7442319,6395.259765625
1781093146.6945522,7444101,6395.259765625
1781093150.1918774,7445362,6412.10009765625
1781093153.2578692,7446483,6411.5498046875
1781093154.488469,7446962,6409.7099609375
1781093158.4491627,7448539,6454.669921875
1781093161.6201625,7449767,6454.669921875
1781093175.8539088,7450831,6437.56005859375
1781093179.1668077,7452346,6437.97021484375
1781093182.5596213,7453539,6436.64013671875
1781093184.1863055,7454157,6432.33984375
1781093187.2805321,7455383,6432.33984375
1781093191.2015564,7456890,6436.22998046875
1781093192.7912047,7457444,6432.75
1781093196.1559012,7458668,6443.580078125
1781093201.0997233,7460574,6466.22021484375
1781093204.7624104,7462029,6466.22021484375
1781093208.1155345,7463567,6457.35986328125
1781093209.9668212,7464225,6460.72021484375
1781093216.5919952,7466586,6470.330078125
1781093218.8519688,7467431,6481.7998046875
1781093224.0288007,7469402,6481.7998046875
1781093228.5188649,7471175,6500.85009765625
1781093232.586177,7472646,6488.81982421875
1781093234.7734818,7473432,6486.1298828125
1781093237.7310185,7474469,6480.7001953125
1781093255.063631,7475791,6480.7001953125
1781093256.4565618,7476362,6464.14990234375
1781093260.6162288,7477964,6466.64013671875
1781093264.1129591,7479209,6466.509765625
1781093267.7348192,7480548,6467.18994140625
1781093270.9574156,7481847,6467.18994140625
1781093272.9460301,7483017,6449.3798828125
1781093275.987541,7484093,6449.27001953125
1781093276.7132585,7484343,6424.7900390625
1781093281.8294718,7486142,6424.91015625
1781093286.2600088,7487885,6424.91015625
1781093290.3108242,7489452,6438.97021484375
1781093293.4000964,7490559,6432.41015625
1781093295.6048217,7491347,6414.39990234375
1781093298.2237072,7492338,6419.330078125
1781093302.4094713,7493999,6419.330078125
1781093304.3375757,7495073,6446.7001953125
1781093307.7593014,7496277,6431.60986328125
1781093311.760319,7497734,6420.27001953125
1781093315.19734,7499096,6416.68017578125
1781093332.5603838,7500296,6416.68017578125
1781093333.9061482,7501193,6403.85009765625
1781093336.4496562,7502198,6389.89013671875
1781093339.1055388,7503130,6357.89013671875
1781093341.041387,7503833,6348.33984375
1781093345.8193853,7505588,6348.33984375
1781093349.9265687,7507207,6362.83984375
1781093352.4244194,7508152,6357.0498046875
1781093354.559058,7508928,6330.43994140625
1781093356.673162,7509677,6283.39990234375
1781093361.1116357,7511325,6283.39990234375
1781093363.0474577,7512078,6296.58984375
1781093368.3093238,7514384,6276.68994140625
1781093370.795282,7515236,6275.669921875
1781093373.4956815,7516204,6280.919921875
1781093377.9136987,7517968,6280.919921875
1781093382.055039,7519546,6281.66015625
1781093384.3655264,7520354,6283.18994140625
1781093384.963878,7520558,6256.740234375
1781093388.8919153,7521941,6256.64013671875
1781093392.183517,7523272,6256.64013671875
1781093396.4309983,7524933,6241.27978515625
1781093411.7543697,7525921,6248.75
1781093414.8262517,7527010,6269.33984375
1781093417.526526,7528031,6244.10986328125
1781093422.7117236,7529968,6244.10986328125
1781093426.90038,7531428,6249.2099609375
1781093429.9897392,7532964,6269.2099609375
1781093430.9365752,7533319,6264.64990234375
1781093436.2418165,7535321,6275.83984375
1781093441.397357,7537072,6275.83984375
1781093443.5266755,7537829,6292.5400390625
1781093449.9434733,7540316,6289.77978515625
1781093451.486301,7540870,6275.9599609375
1781093454.484373,7541975,6264.5400390625
1781093457.0634782,7542887,6264.5400390625
1781093460.8916633,7544340,6243.39013671875
1781093464.8577547,7546179,6243.56982421875
1781093465.702427,7546486,6251.16015625
1781093469.073087,7547690,6248.43994140625
1781093473.333372,7549239,6248.43994140625
1781093490.5487082,7550592,6243.490234375
1781093493.2529511,7552037,6253.16015625
1781093493.8182504,7552258,6241.60986328125
1781093496.861131,7553302,6221.14013671875
1781093501.4897377,7554915,6221.14013671875
1781093505.3859768,7556431,6222.56005859375
1781093507.1732905,7557131,6214.81982421875
1781093513.4723318,7559425,6226.919921875
1781093513.7341108,7559517,6209.68017578125
1781093517.547671,7560877,6209.68017578125
1781093521.403855,7562391,6214.2900390625
1781093523.206516,7563068,6219.1298828125
1781093526.523804,7564585,6225.3701171875
1781093530.6836164,7566027,6228.14013671875
1781093534.6819112,7567565,6228.14013671875
1781093536.5931284,7568293,6259.240234375
1781093539.6322622,7569430,6249.5
1781093541.922773,7570229,6241.93017578125
1781093544.6891918,7571209,6225.1201171875
1781093548.1787646,7572497,6225.1201171875
1781093551.3580484,7573738,6219.669921875
1781093553.722831,7574667,6212.1298828125
1781093570.081173,7576272,6188.22021484375
1781093570.927673,7576570,6182.85986328125
1781093573.4858649,7577437,6182.85986328125
1781093576.8094742,7578660,6156.72998046875
1781093580.9679852,7580281,6144.7001953125
1781093582.4132452,7580837,6117.60986328125
1781093585.1272426,7581817,6110.68994140625
1781093588.9401371,7583498,6110.68994140625
1781093593.491785,7585274,6107.2900390625
1781093597.5053837,7587014,6084.97021484375
1781093598.5532598,7587562,6099.4599609375
1781093600.5147586,7588602,6118.89990234375
1781093603.8536627,7590354,6118.89990234375
1781093606.6441576,7591821,6160.3701171875
1781093609.8539202,7593521,6172.77978515625
1781093610.4745126,7593840,6186.60009765625
1781093612.2599719,7594786,6168.06005859375
1781093614.7605426,7596096,6168.06005859375
1781093617.7084272,7597640,6145.2001953125
1781093618.2933128,7598423,6155.009765625
1781093620.429724,7599540,6171.3798828125
1781093634.2186184,7601077,6170.64990234375
1781093637.3051527,7602174,6170.64990234375
1781093641.6029403,7603836,6165.52978515625
1781093645.875921,7605966,6228.72021484375
1781093650.3552747,7608126,6262.14990234375
1781093650.4168181,7608627,6247.97021484375
1781093653.5257485,7610246,6247.97021484375
1781093655.495661,7611233,6277.3701171875
1781093659.3917565,7612820,6252.64990234375
1781093662.272653,7613899,6276.39013671875
1781093667.278611,7615682,6273.33984375
1781093671.3218687,7617250,6273.33984375
1781093674.785828,7619033,6286.89013671875
1781093677.0515158,7620203,6284.52001953125
1781093679.1783168,7621313,6277.72021484375
1781093680.0772324,7621781,6243.10986328125
1781093681.8291006,7623154,6243.10986328125
1781093683.70543,7624053,6210.31982421875
1781093700.2266834,7625746,6192.740234375
1781093701.169216,7626112,6186.64990234375
1781093704.4518774,7627310,6182.72021484375
1781093708.1724496,7628616,6182.72021484375
1781093712.8928835,7630707,6181.97998046875
1781093716.9951031,7632312,6220.83984375
1781093719.8661287,7633356,6198.93994140625
1781093721.684859,7633994,6207.169921875
1781093724.2853518,7634898,6207.169921875
1781093727.4520347,7636118,6195.85009765625
1781093729.8274217,7637046,6204.0
1781093733.1626952,7638331,6225.66015625
1781093736.692378,7639584,6207.06005859375
1781093739.7174604,7640609,6207.06005859375
1781093741.4567397,7641283,6178.080078125
1781093744.5430782,7642889,6150.27001953125
1781093747.0716743,7643870,6171.240234375
1781093751.0417054,7645269,6186.35009765625
1781093755.9591827,7647076,6186.35009765625
1781093759.287125,7648373,6181.27978515625
1781093762.8598688,7649761,6191.5400390625
1781093779.4208825,7650594,6188.4501953125
1781093781.9311864,7651445,6163.259765625
1781093786.4055972,7653114,6163.259765625
1781093789.68727,7654407,6181.919921875
1781093791.9260378,7655251,6197.990234375
1781093798.0774891,7657449,6227.58984375
1781093800.2449064,7658305,6247.830078125
1781093803.2389648,7659489,6247.830078125
1781093804.4314308,7659959,6222.93994140625
1781093807.4324985,7661085,6186.91015625
1781093808.3326614,7661693,6179.009765625
1781093812.3558106,7663107,6206.47021484375
1781093816.7268322,7664825,6206.47021484375
1781093820.0903065,7666145,6209.1298828125
1781093823.6346178,7667393,6225.2001953125
1781093826.4267664,7668368,6191.240234375
1781093828.2706034,7669046,6182.89990234375
1781093833.8665516,7671302,6182.89990234375
1781093835.9004338,7672080,6204.31005859375
1781093839.0443387,7673229,6182.22998046875
1781093857.524572,7675185,6221.60986328125
1781093859.492181,7675961,6229.97021484375
1781093863.2100344,7677451,6229.97021484375
1781093866.0798378,7678519,6236.830078125
1781093871.24537,7680334,6231.22998046875
1781093873.3396716,7681499,6252.8798828125
1781093877.1316545,7683003,6268.18994140625
1781093880.0728676,7684187,6268.18994140625
1781093884.165652,7685809,6236.0400390625
1781093887.583894,7687042,6244.39990234375
1781093888.358849,7687302,6224.10986328125
1781093891.8602247,7688525,6197.39013671875
1781093896.073643,7690167,6197.39013671875
1781093899.611558,7691560,6195.490234375
1781093902.3545978,7692883,6193.080078125
1781093904.717438,7693693,6178.490234375
1781093908.6151514,7695129,6195.3798828125
1781093910.524783,7695880,6195.3798828125
1781093914.542054,7697444,6189.490234375
1781093917.8740036,7698608,6189.47998046875
1781093918.4658992,7698808,6164.89013671875
1781093934.3097892,7700073,6164.3701171875
1781093939.0015564,7702135,6164.3701171875
1781093943.2061365,7703748,6189.22021484375
1781093943.965688,7704012,6188.0400390625
1781093950.597926,7706298,6205.18994140625
1781093952.288949,7706914,6213.7998046875
1781093956.3538272,7708544,6213.7998046875
1781093958.3697581,7709346,6200.43994140625
1781093963.4689393,7711182,6200.97998046875
1781093968.144439,7713295,6216.75
1781093968.8271954,7713574,6231.77001953125
1781093972.261463,7714945,6231.77001953125
1781093975.7941604,7716197,6230.9599609375
1781093979.3738408,7717480,6232.490234375
1781093982.2474473,7718564,6204.77001953125
1781093984.8381143,7719590,6212.22021484375
1781093988.6612613,7721088,6212.22021484375
1781093993.8953557,7722913,6214.5
1781093996.921134,7724433,6234.35986328125
1781094015.2362587,7725420,6266.2001953125
1781094018.5960865,7726669,6287.7900390625
1781094022.0330205,7727861,6287.7900390625
1781094026.3834097,7729470,6296.0498046875
1781094029.005515,7730505,6291.06982421875
1781094031.0394623,7731675,6323.7998046875
1781094033.5311742,7732532,6307.47021484375
1781094036.6314316,7733635,6307.47021484375
1781094039.487059,7734641,6310.60009765625
1781094044.215915,7736516,6312.330078125
1781094046.8683283,7737520,6324.27001953125
1781094048.708746,7738171,6323.009765625
1781094053.794338,7739934,6323.009765625
1781094058.0340385,7741616,6324.169921875
1781094059.2902167,7742096,6324.72021484375
1781094064.949208,7744483,6302.22021484375
1781094065.5515256,7744689,6312.419921875
1781094070.5083451,7746533,6312.419921875
1781094073.9780428,7747888,6316.1201171875
1781094075.7824218,7748600,6311.43994140625
1781094077.6208477,7749233,6289.31005859375
1781094091.6693013,7750478,6296.56005859375
1781094095.837576,7751943,6296.56005859375
1781094098.4488187,7752894,6308.35986328125
1781094099.8832402,7753475,6285.330078125
1781094101.800208,7754222,6256.330078125
1781094104.7325904,7755355,6240.31982421875
1781094109.217624,7756930,6240.31982421875
1781094112.3309379,7758024,6251.330078125
1781094114.8990984,7759024,6209.9599609375
1781094119.5140076,7760836,6187.60986328125
1781094123.7337875,7762328,6216.8798828125
1781094127.15074,7763855,6216.8798828125
1781094129.859339,7764916,6197.31982421875
1781094134.0126867,7766554,6231.990234375
1781094136.366306,7767454,6207.009765625
1781094139.8916118,7768796,6193.58984375
1781094144.43198,7770354,6193.58984375
1781094146.7565253,7771175,6185.58984375
1781094149.3746266,7772198,6178.89013671875
1781094153.577183,7773864,6191.81005859375
1781094171.1803434,7775395,6213.64990234375
1781094176.4848638,7777331,6213.64990234375
1781094181.0200317,7779069,6229.2099609375
1781094183.5308914,7779958,6264.43017578125
1781094187.229047,7781454,6263.47021484375
1781094190.9235377,7782749,6286.7998046875
1781094195.71933,7784428,6286.7998046875
1781094199.4891262,7785724,6304.77978515625
1781094204.154478,7787538,6266.97021484375
1781094207.435613,7788826,6288.240234375
1781094210.1048782,7789745,6298.990234375
1781094215.2562604,7791560,6298.990234375
1781094217.8218577,7792574,6331.0
1781094221.3564785,7794347,6333.85986328125
1781094222.109874,7794624,6319.43994140625
1781094226.6906724,7796203,6334.10009765625
1781094230.7621117,7797688,6334.10009765625
1781094234.9497108,7799344,6352.60986328125
1781094236.5281394,7799965,6380.97998046875
1781094255.5204384,7802112,6382.60009765625
1781094257.9375856,7802972,6377.419921875
1781094259.9877775,7803748,6377.419921875
1781094262.964639,7804930,6332.06005859375
1781094267.3188334,7806644,6309.77978515625
1781094268.558381,7807133,6322.8798828125
1781094273.8831203,7809077,6374.56005859375
1781094278.0031774,7810488,6374.56005859375
1781094280.969554,7812016,6377.5498046875
1781094285.6379142,7813828,6373.7001953125
1781094287.571125,7814505,6382.83984375
1781094290.615299,7815690,6364.97998046875
1781094292.6350927,7816370,6364.97998046875
1781094298.7913957,7818536,6369.35009765625
1781094301.3627014,7819540,6408.919921875
1781094305.7438378,7821249,6421.60986328125
1781094307.056793,7821705,6413.2998046875
1781094311.471101,7823276,6413.2998046875
1781094313.8927863,7824440,6407.5400390625
1781094332.059008,7826381,6405.759765625
1781094332.4798548,7826548,6427.35009765625
1781094336.0780096,7828264,6438.18017578125
1781094338.856922,7829701,6438.18017578125
1781094340.4362273,7830502,6403.91015625
1781094343.55176,7832105,6400.35986328125
1781094344.183429,7832903,6395.25
1781094345.7090266,7833677,6378.1201171875
1781094348.6548543,7835203,6378.1201171875
1781094350.8271737,7836322,6381.0
1781094354.6877503,7838292,6381.27001953125
1781094355.9545972,7838940,6361.580078125
1781094358.7671032,7840375,6364.169921875
1781094362.4533331,7842240,6364.169921875
1781094364.557195,7843316,6391.47998046875
1781094368.5877178,7845325,6391.31982421875
1781094369.15242,7845584,6400.81982421875
1781094372.038414,7846866,6402.990234375
1781094375.234529,7848440,6402.990234375
1781094376.34749,7849527,6399.080078125
1781094394.5659146,7851180,6413.68994140625
1781094397.6588507,7852274,6417.18994140625
1781094402.0756018,7853841,6418.02978515625
1781094406.8136282,7855551,6418.02978515625
1781094408.4299927,7856486,6451.8798828125
1781094413.5914319,7858318,6457.68017578125
1781094415.9839072,7859164,6472.5400390625
1781094418.603184,7860121,6471.75
1781094421.162146,7861066,6471.75
1781094422.3245785,7861487,6424.02001953125
1781094426.6028914,7863004,6420.85009765625
1781094427.8620403,7863456,6385.990234375
1781094432.5841193,7865169,6400.2001953125
1781094436.4868832,7866565,6400.2001953125
1781094439.814426,7868060,6390.58984375
1781094442.6786966,7869070,6408.08984375
1781094449.2276628,7871387,6388.10009765625
1781094449.475165,7871479,6386.14013671875
1781094453.942048,7873096,6386.14013671875
1781094458.4005737,7874686,6392.77001953125
1781094474.9939837,7875908,6387.72998046875
1781094476.4525044,7876415,6393.2998046875
1781094479.588837,7877529,6387.5
1781094483.7185633,7879036,6387.5
1781094487.8470664,7880493,6387.14990234375
1781094490.5921423,7881475,6372.72021484375
1781094494.2458057,7882798,6373.97021484375
1781094497.9281077,7884135,6369.14990234375
1781094502.1002464,7885614,6369.14990234375
1781094504.6622896,7886843,6368.2998046875
1781094508.6425529,7888251,6365.3798828125
1781094509.406224,7888514,6347.18994140625
1781094513.3953469,7889918,6365.89990234375
1781094517.4631603,7891342,6365.89990234375
1781094521.420011,7892731,6372.72998046875
1781094523.4321787,7893439,6377.35009765625
1781094526.2812035,7894437,6371.1298828125
1781094529.6978471,7895667,6370.14013671875
1781094533.8047822,7897429,6370.14013671875
1781094538.0592978,7898940,6363.89013671875
1781094556.9225843,7900166,6352.83984375
1781094559.8371058,7901172,6375.47021484375
1781094563.9518392,7902640,6388.31982421875
1781094565.8859084,7903649,6388.31982421875
1781094569.7782907,7905030,6354.85009765625
1781094572.3722851,7905913,6356.08984375
1781094574.802508,7906783,6356.77978515625
1781094577.8844476,7907871,6366.16015625
1781094582.0563838,7909355,6366.16015625
1781094584.8920522,7910341,6361.580078125
1781094588.343386,7911540,6385.1298828125
1781094593.8360925,7913459,6398.3701171875
1781094595.0356433,7913886,6411.740234375
1781094598.0117126,7915268,6411.740234375
1781094600.9108055,7916331,6401.8701171875
1781094605.198227,7917846,6414.68017578125
1781094608.484645,7919041,6413.9599609375
1781094611.091537,7919959,6375.97021484375
1781094614.3626862,7921085,6375.97021484375
1781094617.9736888,7922358,6361.3798828125
1781094624.8660347,7924762,6363.81982421875
1781094625.526184,7924995,6372.77001953125
1781094646.8898473,7926410,6375.2001953125
1781094650.859801,7927954,6375.2001953125
1781094652.1625671,7928473,6373.169921875
1781094656.0345342,7929905,6363.10986328125
1781094659.9685192,7931323,6358.740234375
1781094662.9833307,7932799,6366.64013671875
1781094666.992318,7934392,6366.64013671875
1781094670.7152693,7935788,6352.77978515625
1781094675.6573665,7937572,6331.080078125
1781094678.4150693,7938639,6345.830078125
1781094680.0482626,7939268,6331.14013671875
1781094684.5949953,7940942,6331.14013671875
1781094688.8766963,7942500,6327.68017578125
1781094689.6254473,7942794,6336.2998046875
1781094692.0302098,7944095,6312.56005859375
1781094695.1811144,7945325,6293.39013671875
1781094699.5752487,7946894,6293.39013671875
1781094703.5912018,7948376,6294.4501953125
1781094707.1618125,7949773,6294.0400390625
1781094720.7508397,7950597,6313.02001953125
1781094723.5613592,7952053,6304.22021484375
1781094728.3276474,7953773,6304.22021484375
1781094730.1939118,7954424,6314.919921875
1781094733.3904185,7955666,6299.81005859375
1781094736.1716764,7956771,6288.08984375
1781094738.8310134,7957822,6264.16015625
1781094743.2938595,7959449,6264.16015625
1781094746.4308221,7960575,6298.2099609375
1781094750.208186,7962063,6306.41015625
1781094751.7594295,7962647,6287.08984375
1781094753.1178508,7963181,6234.39013671875
1781094756.1017358,7964617,6234.39013671875
1781094758.7503173,7965558,6222.02978515625
1781094760.0225868,7966037,6222.8798828125
1781094762.9531717,7967585,6186.33984375
1781094763.644111,7967946,6160.1201171875
1781094766.0497854,7969213,6160.1201171875
1781094769.2881172,7970897,6160.490234375
1781094771.9088395,7972256,6170.14990234375
1781094775.6383061,7974207,6173.64013671875
1781094776.042469,7974412,6178.25
1781094787.2535946,7975888,6178.25
1781094788.0230892,7976287,6175.490234375
1781094791.3413212,7978023,6173.64013671875
1781094794.0915284,7979484,6188.08984375
1781094796.9415348,7980958,6177.8701171875
1781094800.124109,7982625,6177.8701171875
1781094803.2279685,7984258,6195.240234375
1781094804.4065652,7984885,6212.580078125
1781094807.8254364,7986620,6204.31982421875
1781094808.8243072,7987138,6208.330078125
1781094811.7803552,7988613,6208.330078125
1781094813.8379312,7989635,6214.60986328125
1781094817.1714673,7991273,6219.75
1781094818.317489,7992268,6218.93017578125
1781094820.428832,7993259,6185.25
1781094823.2081807,7994611,6185.25
1781094825.5945547,7995800,6165.5498046875
1781094829.4739778,7997351,6149.6201171875
1781094833.0661879,7998680,6172.14990234375
1781094835.3303406,7999502,6175.2099609375
1781094852.7296703,8000906,6175.2099609375
1781094857.2700686,8002534,6166.0400390625
1781094860.3629413,8003613,6160.5
1781094862.0195754,8004210,6160.990234375
1781094865.2885597,8005522,6136.60986328125
1781094868.8618214,8006931,6136.60986328125
1781094872.843601,8008317,6124.35986328125
1781094875.2629714,8009179,6120.1201171875
1781094876.9010358,8009757,6095.8798828125
1781094879.6437528,8010822,6096.8701171875
1781094882.439453,8012270,6096.8701171875
1781094886.2030277,8013611,6116.990234375
1781094887.690108,8014130,6113.3701171875
1781094889.5488474,8014804,6117.68017578125
1781094892.4669297,8015880,6097.06982421875
1781094896.6711736,8017557,6097.06982421875
1781094901.0445063,8019125,6108.35009765625
1781094904.9581816,8020483,6106.06982421875
1781094906.1705732,8020884,6097.1201171875
1781094908.9982653,8021985,6088.7900390625
1781094911.9384918,8023133,6088.7900390625
1781094914.5950558,8024496,6071.8798828125
1781094930.0867386,8025396,6060.85009765625
1781094932.9709415,8026408,6072.9501953125
1781094935.5110822,8027322,6060.27978515625
1781094938.4773319,8028468,6060.27978515625
1781094941.1549332,8029462,6042.47998046875
1781094944.0775347,8030973,6026.18017578125
1781094948.08322,8032503,6026.080078125
1781094949.845854,8033109,6027.169921875
1781094954.1851506,8034617,6027.169921875
1781094958.2213407,8036142,6034.18017578125
1781094961.357062,8037368,6043.72998046875
1781094965.661826,8038907,6058.580078125
1781094968.5939486,8039936,6069.31982421875
1781094972.2421505,8041302,6069.31982421875
1781094975.296934,8042874,6066.990234375
1781094979.836569,8044516,6075.259765625
1781094983.9785733,8045960,6082.080078125
1781094985.1178942,8046353,6096.2998046875
1781094988.4093828,8047647,6096.2998046875
1781094992.768367,8049361,6084.5498046875
1781095009.9894593,8050553,6085.47998046875
1781095012.0568361,8051270,6081.169921875
1781095014.6020749,8052220,6051.77001953125
1781095018.7739666,8053877,6051.77001953125
1781095023.1266022,8055480,6077.56982421875
1781095027.2964897,8056944,6088.240234375
1781095028.7565293,8057438,6105.27978515625
1781095031.448084,8058498,6093.31982421875
1781095035.3390934,8060008,6093.31982421875
1781095039.1676507,8061350,6096.240234375
1781095042.3020027,8062794,6099.39013671875
1781095044.8827853,8063756,6093.0498046875
1781095045.909941,8064137,6078.02978515625
1781095048.4289412,8065127,6078.02978515625
1781095053.8352795,8067163,6074.419921875
1781095055.9491975,8067882,6064.490234375
1781095061.1091542,8069875,6080.81982421875
1781095064.3133512,8071105,6113.7001953125
1781095068.5701027,8072624,6113.7001953125
1781095071.8593366,8074038,6126.18017578125
1781095072.6370602,8074346,6110.009765625
1781095092.4606245,8076614,6092.81982421875
1781095093.0628347,8076842,6085.2099609375
1781095097.3636417,8078360,6085.2099609375
1781095101.6456814,8079886,6086.18994140625
1781095101.5963054,8080235,6099.6298828125
1781095104.9663029,8081561,6079.77001953125
1781095107.7226925,8082654,6062.330078125
1781095110.3216588,8083575,6062.330078125
1781095113.6153247,8084723,6037.72021484375
1781095116.5578542,8085757,6027.97021484375
1781095121.253007,8087614,6020.4501953125
1781095122.9942808,8088311,6029.7900390625
1781095126.8088937,8089644,6029.7900390625
1781095128.8462605,8090371,6016.330078125
1781095133.752219,8092546,6010.259765625
1781095135.1189008,8093083,6015.9599609375
1781095138.2911181,8094307,6027.31005859375
1781095142.4423287,8095689,6027.31005859375
1781095147.1658366,8097368,6017.60986328125
1781095149.6694252,8098375,6028.4599609375
1781095152.77099,8099604,6024.5498046875
1781095168.527473,8100908,6021.72998046875
1781095171.6244152,8102497,6021.72998046875
1781095173.8361897,8103639,6015.18017578125
1781095176.0844393,8104802,6009.7998046875
1781095177.6205878,8105598,6010.009765625
1781095180.1007411,8106876,6029.77001953125
1781095182.999637,8108359,6029.77001953125
1781095186.5941525,8110234,6024.89013671875
1781095189.0046415,8111490,6043.7998046875
1781095190.2417407,8112116,6044.60009765625
1781095192.5792842,8113323,6073.35986328125
1781095195.0454788,8114593,6073.35986328125
1781095196.70109,8115440,6074.47021484375
1781095200.865452,8118070,6094.41015625
1781095201.3039744,8118293,6114.33984375
1781095203.3074145,8119331,6123.22998046875
1781095206.2168713,8120837,6123.22998046875
1781095208.6056557,8122066,6133.27001953125
1781095211.6413538,8123631,6108.81982421875
1781095212.100511,8123862,6098.18017578125
1781095231.0900564,8125594,6115.18994140625
1781095235.3001723,8127078,6115.18994140625
1781095239.0913975,8128398,6114.35009765625
1781095240.661186,8128938,6112.16015625
1781095244.5047913,8130308,6097.93017578125
1781095248.3228207,8131677,6096.64990234375
1781095252.3371353,8133085,6096.64990234375
1781095256.9276528,8134683,6082.02978515625
1781095257.9690073,8135035,6085.02001953125
1781095260.4583473,8135898,6067.2998046875
1781095263.7188606,8137039,6064.06982421875
1781095265.5957966,8137687,6064.06982421875
1781095268.6966019,8138772,6019.68017578125
1781095269.8546143,8139183,6000.5498046875
1781095273.7761753,8140554,5997.56005859375
1781095276.31707,8141911,6014.4599609375
1781095280.2337239,8143297,6014.4599609375
1781095285.3354688,8145081,6014.85986328125
1781095289.0831027,8146383,6039.9501953125
1781095289.8939548,8146669,6008.93994140625
1781095292.6468542,8147640,5993.68994140625
1781095296.9791856,8149169,5993.68994140625
1781095298.7564785,8149784,6000.1201171875
1781095324.5581348,8151474,5991.6201171875
1781095330.5264943,8153544,6014.93994140625
1781095333.095606,8154436,6025.259765625
1781095337.8070536,8156074,6025.259765625
1781095342.3465245,8158003,6046.3798828125
1781095345.4728162,8159082,6058.47021484375
1781095347.579523,8159826,6074.1298828125
1781095350.565639,8160868,6070.75
1781095354.982319,8162418,6070.75
1781095357.3564336,8163235,6074.72021484375
1781095364.4724615,8165742,6094.60009765625
1781095368.361871,8167111,6139.43017578125
1781095369.874195,8167965,6152.02001953125
1781095373.7768028,8169328,6152.02001953125
1781095375.5713975,8169953,6141.47021484375
1781095379.1166892,8171173,6114.64013671875
1781095381.4089832,8171984,6099.4501953125
1781095384.2357237,8172983,6108.509765625
1781095407.6777842,8175008,6108.509765625
1781095412.2696037,8176604,6141.4501953125
1781095416.2097013,8177990,6152.7001953125
1781095419.3489292,8179096,6161.6201171875
1781095421.7546616,8179950,6173.68994140625
1781095426.9691331,8181775,6173.68994140625
1781095430.853861,8183165,6200.81005859375
1781095432.9032006,8184201,6216.60009765625
1781095436.2953897,8185405,6193.60009765625
1781095439.7460804,8186622,6209.169921875
1781095443.9193137,8188080,6209.169921875
1781095447.154787,8189198,6201.41015625
1781095450.0650144,8190219,6188.5498046875
1781095450.990269,8190554,6158.0400390625
1781095454.3343387,8191751,6141.06982421875
1781095458.5400445,8193222,6141.06982421875
1781095463.4472418,8194940,6145.97021484375
1781095466.0738308,8196166,6150.25
1781095467.3667078,8196619,6138.81005859375
1781095471.766591,8198160,6140.68994140625
1781095474.5310934,8199133,6140.68994140625
1781095494.313454,8200276,6125.39990234375
1781095496.70998,8201446,6116.18994140625
1781095501.3933566,8203114,6121.16015625
1781095504.2616162,8204110,6144.080078125
1781095508.2226586,8205489,6144.080078125
1781095512.986524,8207180,6133.22998046875
1781095516.3646667,8208371,6144.58984375
1781095519.5637844,8209465,6131.52001953125
1781095522.6037514,8210521,6149.72021484375
1781095526.3435268,8211848,6149.72021484375
1781095529.5567627,8213304,6142.58984375
1781095531.9621446,8214144,6137.43994140625
1781095536.62657,8215782,6160.9501953125
1781095538.6754355,8216499,6163.259765625
1781095543.0881374,8218020,6163.259765625
1781095546.9694636,8219369,6175.64013671875
1781095551.8940036,8221087,6161.4599609375
1781095553.2892401,8221573,6146.740234375
1781095557.1270938,8222912,6141.35986328125
1781095560.3239744,8224343,6141.35986328125
1781095577.49157,8226089,6147.06005859375
1781095580.2775862,8227074,6159.169921875
1781095582.2917113,8227769,6151.85009765625
1781095585.693209,8228951,6153.35009765625
1781095589.3658993,8230236,6153.35009765625
1781095592.4293072,8231620,6142.85009765625
1781095597.3719947,8233369,6154.14990234375
1781095598.0668666,8233617,6152.77978515625
1781095601.228925,8234738,6152.1201171875
1781095607.1074533,8236819,6152.1201171875
1781095610.1604574,8237901,6197.47021484375
1781095615.961814,8239953,6224.490234375
1781095617.4710832,8240468,6211.5498046875
1781095622.0918171,8242089,6219.64990234375
1781095625.8022637,8243747,6219.64990234375
1781095630.9454672,8245585,6232.68994140625
1781095634.7715986,8246924,6263.89013671875
1781095638.5074208,8248240,6274.14990234375
1781095642.5625818,8249683,6283.85986328125
1781095660.6139724,8251522,6283.85986328125
1781095663.6281588,8252592,6295.27978515625
1781095668.4743297,8254307,6293.97021484375
1781095669.1196644,8254551,6266.31005859375
1781095672.2098505,8255748,6262.93017578125
1781095674.7459235,8256668,6262.93017578125
1781095681.0423923,8258894,6271.8701171875
1781095685.5804534,8260833,6282.8701171875
1781095688.5675948,8261896,6312.56982421875
1781095692.9458897,8263471,6332.97021484375
1781095696.973589,8264919,6332.97021484375
1781095699.586247,8265852,6330.85009765625
1781095704.8838055,8267750,6319.7900390625
1781095710.752212,8269857,6351.740234375
1781095712.6140766,8270529,6357.56005859375
1781095716.3504562,8271863,6357.56005859375
1781095718.5279102,8272952,6352.64013671875
1781095720.6207411,8273682,6327.5498046875
1781095739.9097958,8275634,6344.009765625
1781095743.0425878,8276752,6366.419921875
1781095747.1002698,8278181,6366.419921875
1781095750.768917,8279834,6361.5400390625
1781095755.022045,8281349,6388.0498046875
1781095757.1499915,8282097,6400.64013671875
1781095762.39324,8283974,6404.990234375
1781095767.72098,8285870,6404.990234375
1781095770.1719089,8286743,6421.56005859375
1781095777.3744075,8289290,6445.830078125
1781095781.2264824,8290983,6451.5400390625
1781095781.9695158,8291243,6452.330078125
1781095785.154605,8292367,6452.330078125
1781095788.8594735,8293704,6436.89013671875
1781095792.1619391,8294846,6432.2998046875
1781095794.8472848,8295785,6458.39013671875
1781095798.0855799,8296925,6465.35009765625
1781095802.515645,8298509,6465.35009765625
1781095821.9772208,8300207,6502.6298828125
1781095824.3171694,8301014,6528.14013671875
1781095825.2986026,8301365,6503.60009765625
1781095829.3164268,8302779,6504.43994140625
1781095832.0682392,8303764,6504.43994140625
1781095835.7664328,8305060,6492.64013671875
1781095841.5992315,8307121,6493.169921875
1781095843.3021216,8307714,6498.81982421875
1781095845.1405332,8308676,6511.490234375
1781095849.0038748,8310019,6511.490234375
1781095853.9132798,8311716,6502.6201171875
1781095855.1139853,8312139,6508.7998046875
1781095858.7971432,8313437,6487.919921875
1781095864.2213721,8315348,6506.2900390625
1781095868.2725224,8316779,6506.2900390625
1781095870.6693044,8317634,6486.06005859375
1781095874.610348,8319374,6467.8798828125
1781095877.6569262,8320448,6474.35009765625
1781095879.3889291,8321057,6477.0498046875
1781095883.9203146,8322664,6477.0498046875
1781095887.1153605,8323779,6480.490234375
1781095905.8221533,8325072,6459.93017578125
1781095906.933154,8325778,6441.02978515625
1781095910.2861848,8326987,6430.77978515625
1781095913.7405329,8328211,6430.77978515625
1781095917.1773438,8329419,6446.509765625
1781095922.2290797,8331213,6468.3798828125
1781095927.7047787,8333148,6493.97998046875
1781095927.9432561,8333240,6480.16015625
1781095930.9682107,8334310,6480.16015625
1781095937.0196874,8336494,6451.85009765625
1781095941.546973,8338470,6471.10986328125
1781095942.9360156,8338957,6477.0
1781095945.9436433,8340036,6473.64990234375
1781095949.7183414,8341385,6473.64990234375
1781095954.8673005,8343242,6462.89013671875
1781095956.8366003,8343942,6478.22998046875
1781095959.8539286,8345018,6466.81005859375
1781095963.20508,8346204,6453.669921875
1781095965.7936633,8347114,6453.669921875
1781095969.0646198,8348610,6431.7998046875
1781095971.6174474,8349510,6445.85986328125
1781095995.4885097,8351587,6477.7998046875
1781095995.7559137,8351673,6467.22021484375
1781096001.5754125,8354065,6467.22021484375
1781096002.2678504,8354310,6503.35986328125
1781096006.4515922,8355835,6450.72998046875
1781096008.8210795,8356684,6450.77978515625
1781096011.0612926,8357494,6443.990234375
1781096014.8293693,8358834,6443.990234375
1781096018.3521771,8360090,6454.27978515625
1781096021.300952,8361137,6458.509765625
1781096026.057159,8362825,6431.52001953125
1781096026.9844925,8363163,6433.0
1781096032.2590966,8365065,6433.0
1781096034.3426938,8366118,6455.9599609375
1781096037.8370662,8367364,6418.41015625
1781096038.2799015,8367518,6416.9599609375
1781096042.4996047,8369046,6411.56005859375
1781096045.7903876,8370209,6411.56005859375
1781096048.3389606,8371110,6404.1298828125
1781096054.057556,8373141,6419.0
1781096058.032018,8374564,6428.580078125
1781096081.366639,8376405,6467.14990234375
1781096086.2399247,8378124,6467.14990234375
1781096091.0213869,8379838,6471.990234375
1781096092.9742453,8380529,6496.89990234375
1781096096.8726394,8382230,6498.58984375
1781096101.7278037,8383962,6512.9599609375
1781096105.7272549,8385425,6512.9599609375
1781096109.2588646,8386710,6505.0498046875
1781096113.3758466,8388163,6511.75
1781096117.7061365,8389697,6519.7099609375
1781096120.3138673,8390617,6537.669921875
1781096123.3525736,8391695,6537.669921875
1781096126.0088272,8392633,6528.759765625
1781096129.7837236,8394310,6512.18017578125
1781096130.671655,8394626,6510.6201171875
1781096135.1485476,8396193,6529.35009765625
1781096138.9048398,8397555,6529.35009765625
1781096142.4807403,8398826,6499.4501953125
1781096162.8143306,8400810,6518.4599609375
1781096167.2874534,8402258,6514.4599609375
1781096168.712841,8402723,6496.990234375
1781096173.5112877,8404344,6496.990234375
1781096178.1724222,8405965,6499.91015625
1781096181.8299968,8407641,6476.259765625
1781096182.9192333,8408203,6470.0
1781096185.481617,8409527,6465.27001953125
1781096188.3447766,8411008,6465.27001953125
1781096190.1813858,8412442,6449.330078125
1781096194.0603964,8414459,6458.8701171875
1781096197.3630004,8416146,6479.830078125
1781096197.871163,8416401,6497.509765625
1781096199.7819824,8417401,6497.509765625
1781096203.356872,8419261,6502.9501953125
1781096207.3684146,8421254,6518.31982421875
1781096211.2386138,8422769,6495.14013671875
1781096212.7330685,8423360,6467.1298828125
1781096230.5764108,8425247,6467.1298828125
1781096234.8270276,8426752,6486.66015625
1781096238.3727293,8428116,6485.3798828125
1781096239.0734262,8428390,6454.080078125
1781096242.1013315,8429583,6433.39990234375
1781096246.523457,8431200,6433.39990234375
1781096251.4230976,8432947,6444.7001953125
1781096254.7576482,8434656,6486.240234375
1781096258.0200632,8435916,6476.9501953125
1781096260.7872999,8436900,6477.25
1781096265.1836398,8438462,6477.25
1781096269.3055198,8440041,6483.77978515625
1781096272.9634082,8441337,6471.93017578125
1781096275.4519284,8442214,6473.83984375
1781096277.1113229,8442782,6423.509765625
1781096280.4552968,8443979,6423.509765625
1781096284.876727,8445855,6397.6298828125
1781096286.7811468,8446534,6389.93994140625
1781096290.8274293,8447949,6378.0400390625
1781096293.9048862,8448999,6381.06982421875
1781096309.3820357,8450424,6381.06982421875
1781096311.6102507,8451561,6401.2900390625
1781096314.5487168,8453085,6412.31005859375
1781096316.2921088,8454448,6408.259765625
1781096319.2591784,8455983,6432.56982421875
1781096322.0020707,8457400,6432.56982421875
1781096324.7967155,8458850,6428.2099609375
1781096327.3071256,8460147,6414.41015625
1781096328.9909472,8461001,6444.6201171875
1781096331.316526,8462195,6446.81005859375
1781096334.3598702,8463776,6446.81005859375
1781096338.0697598,8465705,6466.330078125
1781096339.9068584,8466638,6469.259765625
1781096341.6887243,8467526,6469.759765625
1781096344.549077,8468778,6474.10986328125
1781096348.0236082,8470339,6474.10986328125
1781096349.6347172,8471254,6482.919921875
1781096354.6891327,8473060,6470.56982421875
1781096355.9659715,8473518,6465.10009765625
1781096359.6379154,8474813,6448.64990234375
1781096382.2335594,8476364,6448.64990234375
1781096386.6311789,8477962,6466.39990234375
1781096390.0011795,8479154,6460.8701171875
1781096392.353235,8479997,6472.68017578125
1781096396.3831391,8481420,6485.14013671875
1781096400.207431,8482765,6485.14013671875
1781096405.0951974,8484498,6472.27001953125
1781096407.277831,8485263,6488.9501953125
1781096410.9007614,8486576,6500.10009765625
1781096411.9441416,8487275,6481.759765625
1781096415.615272,8488599,6481.759765625
1781096419.954491,8490143,6474.2001953125
1781096425.010914,8491950,6476.66015625
1781096425.4883492,8492117,6473.990234375
1781096429.1520379,8493401,6476.68017578125
1781096433.4167576,8494901,6476.68017578125
1781096436.7143815,8496077,6483.97021484375
1781096438.7382643,8496799,6462.35986328125
1781096442.781064,8498232,6438.64990234375
1781096460.3676455,8500021,6469.009765625
1781096463.815176,8501240,6469.009765625
1781096468.5626085,8502884,6456.77001953125
1781096471.3461936,8503892,6453.669921875
1781096472.3580694,8504250,6445.8798828125
1781096475.3884442,8505637,6446.669921875
1781096479.5633607,8507092,6446.669921875
1781096482.0830767,8507973,6468.43994140625
1781096484.2708888,8508760,6469.64990234375
1781096488.7102494,8510316,6454.35009765625
1781096492.207355,8511544,6464.22021484375
1781096496.4148436,8513030,6464.22021484375
1781096502.32887,8515122,6445.10986328125
1781096505.5463462,8516613,6503.39013671875
1781096507.8338566,8517421,6523.7900390625
1781096511.505218,8518739,6518.85986328125
1781096514.9403431,8519978,6518.85986328125
1781096519.6549122,8521637,6528.7099609375
1781096524.4011354,8523328,6530.85986328125
1781096525.3661637,8523660,6550.97021484375
1781096529.0336573,8524980,6541.68017578125
1781096549.573433,8526322,6541.68017578125
1781096554.366627,8528025,6527.7099609375
1781096559.519179,8529879,6553.7900390625
1781096561.8558116,8530701,6567.33984375
1781096564.6307645,8531686,6574.9501953125
1781096567.3202484,8532631,6574.9501953125
1781096569.999552,8533934,6584.60009765625
1781096575.199407,8535786,6571.10009765625
1781096578.4063103,8536930,6538.93994140625
1781096579.2586687,8537233,6502.330078125
1781096583.3270774,8538680,6502.330078125
1781096585.6741931,8539518,6502.93994140625
1781096588.3430715,8540483,6452.240234375
1781096593.6246562,8542343,6452.4501953125
1781096594.6301813,8542695,6418.240234375
1781096596.0401201,8543192,6418.240234375
1781096600.672932,8545197,6380.7900390625
1781096604.1286187,8546436,6384.60009765625
1781096607.5625672,8547663,6396.4599609375
1781096610.0843318,8548557,6386.6201171875
1781096614.1000795,8549996,6386.6201171875
1781096633.8724096,8551541,6400.91015625
1781096636.4787478,8552460,6408.72998046875
1781096639.2852123,8553455,6421.6298828125
1781096644.4808667,8555340,6434.97021484375
1781096647.8142352,8556528,6434.97021484375
1781096652.9667609,8558359,6428.02001953125
1781096655.1535747,8559136,6408.89013671875
1781096660.3874,8560979,6428.08984375
1781096662.5342612,8561735,6429.47021484375
1781096664.7138836,8562836,6429.47021484375
1781096668.4954531,8564189,6404.35009765625
1781096673.523752,8565934,6394.419921875
1781096676.4798837,8566969,6406.0
1781096678.460181,8567664,6394.5400390625
1781096683.1506557,8569314,6394.5400390625
1781096685.2106445,8570046,6401.2099609375
1781096686.62902,8570526,6363.8798828125
1781096693.8639798,8573087,6351.66015625
1781096694.255262,8573220,6341.7001953125
1781096695.6148834,8574025,6341.7001953125
1781096715.202702,8575919,6328.77001953125
1781096720.5442948,8577780,6328.22998046875
1781096722.0564923,8578320,6322.990234375
1781096725.98364,8579699,6322.43017578125
1781096727.853546,8580695,6322.43017578125
1781096731.1530094,8581855,6284.89990234375
1781096732.5814714,8582354,6277.06982421875
1781096739.6752176,8584821,6287.58984375
1781096739.9375408,8584913,6282.1298828125
1781096742.9576225,8586009,6282.1298828125
1781096747.9497566,8587765,6265.02001953125
1781096751.3667033,8588968,6246.06982421875
1781096753.8115342,8589815,6248.89013671875
1781096757.7123814,8591173,6239.33984375
1781096759.958813,8592294,6239.33984375
1781096764.765341,8593974,6220.3798828125
1781096766.676011,8594638,6221.52978515625
1781096771.5657883,8596411,6212.93017578125
1781096775.1578758,8597693,6264.77978515625
1781096778.9271233,8599008,6264.77978515625
1781096794.4074025,8600992,6267.27001953125
1781096799.2421331,8602685,6273.89990234375
1781096800.5552757,8603153,6291.7001953125
1781096804.659274,8604584,6292.02978515625
1781096808.1116972,8605799,6292.02978515625
1781096810.354052,8606585,6275.56982421875
1781096814.221352,8607934,6264.14990234375
1781096817.685653,8609156,6262.39013671875
1781096820.8336976,8610269,6240.60009765625
1781096823.75442,8611611,6240.60009765625
1781096827.850774,8613049,6236.830078125
1781096831.0516913,8614216,6248.10009765625
1781096836.0139465,8615950,6259.56982421875
1781096838.739067,8616894,6257.2001953125
1781096842.417802,8618286,6257.2001953125
1781096845.7323325,8619430,6251.830078125
1781096850.217727,8621033,6237.2001953125
1781096851.8207977,8621638,6226.68994140625
1781096853.3855298,8622160,6204.580078125
1781096856.3193576,8623525,6204.580078125
1781096874.0093296,8625159,6207.22998046875
1781096875.2601044,8625582,6206.81005859375
1781096879.5532894,8627158,6220.83984375
1781096884.324762,8628826,6229.990234375
1781096888.8429008,8630771,6229.990234375
1781096892.1359487,8631915,6234.52978515625
1781096894.686629,8632819,6227.4599609375
1781096897.019236,8633678,6213.6201171875
1781096901.1680453,8635099,6216.39013671875
1781096904.6572394,8636312,6216.39013671875
1781096906.8670502,8637084,6211.14990234375
1781096915.5819337,8640081,6211.52978515625
1781096916.1757154,8640287,6218.47998046875
1781096919.2012532,8641671,6245.35009765625
1781096923.0324836,8643010,6245.35009765625
1781096926.0204577,8644058,6236.35986328125
1781096929.5631135,8645731,6235.10986328125
1781096930.574397,8646218,6224.77978515625
1781096933.5833025,8647684,6240.85986328125
1781096937.587611,8649544,6240.85986328125
1781096949.484665,8650866,6255.419921875
1781096953.3501413,8652769,6259.81005859375
1781096954.6289773,8653408,6271.02001953125
1781096956.6872935,8654425,6246.169921875
1781096958.024741,8655087,6246.169921875
1781096961.3289468,8656655,6231.93994140625
1781096962.0673983,8656986,6217.68017578125
1781096965.6947684,8658617,6236.85009765625
1781096967.6026514,8659447,6222.5400390625
1781096971.2802691,8661258,6222.5400390625
1781096974.3818598,8662352,6236.89013671875
1781096976.4014695,8663052,6221.2998046875
1781096979.1148736,8663992,6218.169921875
1781096982.8217316,8665604,6232.64013671875
1781096987.9303973,8667375,6232.64013671875
1781096991.1053538,8668458,6226.89990234375
1781096994.5261304,8669670,6200.75
1781096997.3824346,8670714,6194.990234375
1781096998.8607757,8671226,6169.81982421875
1781097002.3133717,8672419,6169.81982421875
1781097005.5491009,8673526,6163.93017578125
1781097009.5014915,8674897,6169.10986328125
1781097030.7968183,8676612,6173.97021484375
1781097034.560298,8677899,6186.89013671875
1781097038.4454403,8679272,6186.89013671875
1781097042.5089526,8681004,6185.25
1781097045.217924,8681923,6196.27001953125
1781097049.7288623,8683458,6185.9501953125
1781097053.077999,8684639,6188.06982421875
1781097055.237619,8685407,6188.06982421875
1781097059.6341307,8687273,6164.93994140625
1781097061.9757733,8688369,6179.89013671875
1781097064.770998,8689781,6222.509765625
1781097068.4157038,8691508,6241.10986328125
1781097072.0636077,8693204,6241.10986328125
1781097075.3209393,8694925,6246.330078125
1781097076.6385853,8695538,6278.2001953125
1781097080.926856,8697567,6288.66015625
1781097082.8441522,8698504,6302.68017578125
1781097095.669256,8700132,6302.68017578125
1781097097.5833285,8701013,6346.83984375
1781097100.0003517,8702241,6332.39013671875
1781097101.6593487,8703023,6310.72021484375
1781097104.9681437,8704542,6309.83984375
1781097107.1922452,8705953,6309.83984375
1781097109.8638895,8707030,6322.18017578125
1781097116.8076434,8709445,6328.5498046875
1781097117.840296,8709804,6324.35009765625
1781097122.9649408,8711791,6328.3798828125
1781097127.0213559,8713369,6328.3798828125
1781097128.8551726,8714273,6343.8798828125
1781097133.9196038,8716686,6340.7001953125
1781097135.6391108,8717488,6341.7099609375
1781097137.3849914,8718754,6350.7998046875
1781097139.9643042,8720090,6350.7998046875
1781097142.5494165,8721471,6359.97998046875
1781097143.7589228,8722116,6361.2998046875
1781097146.2606504,8723438,6358.64990234375
1781097148.241914,8724406,6339.64013671875
1781097158.5669553,8725869,6339.64013671875
1781097161.5817997,8727320,6335.31005859375
1781097162.1506073,8727586,6350.990234375
1781097164.686159,8728817,6352.64990234375
1781097165.8075876,8729375,6316.240234375
1781097169.1164052,8730923,6316.240234375
1781097169.0655248,8731321,6313.0400390625
1781097174.2079759,8733733,6291.669921875
1781097174.8124394,8734020,6296.1201171875
1781097177.098155,8735099,6285.93994140625
1781097178.5516353,8735828,6285.93994140625
1781097182.4332964,8737802,6295.3798828125
1781097184.5023353,8738834,6304.43994140625
1781097188.7107081,8740932,6306.830078125
1781097189.7309234,8741452,6331.52001953125
1781097192.6112318,8742938,6331.52001953125
1781097194.755033,8744059,6344.02001953125
1781097196.4140263,8744932,6340.64013671875
1781097199.701948,8746657,6300.009765625
1781097199.8891585,8746749,6293.08984375
1781097202.1441453,8748326,6293.08984375
1781097203.501086,8748983,6317.2998046875
1781097216.657037,8750964,6309.009765625
1781097218.92305,8752116,6308.830078125
1781097220.435394,8752885,6277.5
1781097222.219433,8753812,6277.5
1781097225.4990184,8755468,6266.830078125
1781097226.6039507,8756020,6248.7900390625
1781097231.7120965,8759126,6251.31005859375
1781097231.8949742,8759216,6254.85009765625
1781097234.239349,8760346,6254.85009765625
1781097236.1781445,8761273,6251.5400390625
1781097239.4564936,8762835,6249.39990234375
1781097243.2905607,8764461,6258.9501953125
1781097243.530866,8764553,6241.1201171875
1781097248.1996522,8766480,6241.1201171875
1781097250.9783611,8767799,6265.06982421875
1781097253.101017,8768843,6248.35009765625
1781097254.6838238,8769602,6222.83984375
1781097257.5105956,8771052,6236.27978515625
1781097260.9322577,8772810,6236.27978515625
1781097263.0977576,8773908,6248.93017578125
1781097278.8858385,8775519,6240.14990234375
1781097280.351735,8776024,6251.490234375
1781097284.5559707,8777483,6283.1201171875
1781097289.3379645,8779148,6283.1201171875
1781097293.5710897,8780601,6284.759765625
1781097294.9265697,8781388,6287.9501953125
1781097297.8020365,8782459,6278.9599609375
1781097302.0936623,8783948,6274.97998046875
1781097306.1994066,8785384,6274.97998046875
1781097309.3122802,8786449,6253.0400390625
1781097312.8273256,8787683,6259.8701171875
1781097313.2575457,8787838,6246.830078125
1781097315.3211658,8788561,6208.3701171875
1781097319.6094432,8790049,6208.3701171875
1781097324.0619552,8791629,6219.2099609375
1781097327.320461,8793151,6209.7900390625
1781097331.5144613,8794627,6198.169921875
1781097332.2726731,8794885,6198.330078125
1781097336.9096475,8796489,6198.330078125
1781097341.5937636,8798129,6206.77978515625
1781097346.116439,8799723,6215.89990234375
1781097361.4842021,8800928,6231.97998046875
1781097363.8308752,8802091,6245.759765625
1781097366.52523,8803422,6245.759765625
1781097369.5939338,8804866,6224.7099609375
1781097373.0544038,8806524,6234.9501953125
1781097375.3805974,8807595,6248.990234375
1781097378.6333373,8809128,6257.7001953125
1781097381.389399,8810432,6257.7001953125
1781097383.013597,8811227,6275.9599609375
1781097386.6604207,8813012,6275.7099609375
1781097390.164732,8814587,6281.10986328125
1781097390.4869576,8815179,6298.43017578125
1781097393.4017131,8816620,6298.43017578125
1781097396.6432478,8818098,6285.22021484375
1781097401.4795575,8820466,6318.43017578125
1781097402.360481,8820890,6338.080078125
1781097403.846515,8821598,6309.2099609375
1781097406.5645738,8822937,6309.2099609375
1781097410.5739684,8824904,6291.97998046875
1781097424.9903884,8826358,6326.31005859375
1781097426.7715397,8827072,6330.81005859375
1781097429.0706267,8828032,6341.58984375
1781097432.890957,8829577,6341.58984375
1781097436.9797144,8831075,6346.52978515625
1781097440.260731,8832271,6341.72021484375
1781097442.6695862,8833253,6334.77978515625
1781097445.5715833,8834454,6331.47998046875
1781097449.8925092,8836107,6331.47998046875
1781097452.7805173,8837490,6335.06982421875
1781097454.1520875,8838039,6313.41015625
1781097458.380689,8839779,6325.830078125
1781097460.7705514,8840721,6312.580078125
1781097465.5086067,8842434,6312.580078125
1781097469.1053643,8843836,6350.10009765625
1781097472.008847,8845031,6326.080078125
1781097473.4377227,8845614,6297.93994140625
1781097477.1969326,8847066,6291.27978515625
1781097480.444968,8848254,6291.27978515625
1781097484.1061382,8849718,6264.25
1781097500.1704834,8851047,6274.2998046875
1781097502.5515292,8851985,6259.64990234375
1781097503.764025,8852435,6226.2099609375
1781097507.0869608,8853658,6226.2099609375
1781097510.8518379,8855151,6222.35009765625
1781097514.5286772,8856667,6205.0400390625
1781097515.9830225,8857566,6220.8798828125
1781097518.5294611,8858464,6225.97998046875
1781097523.325005,8860250,6225.97998046875
1781097523.998049,8860522,6227.6201171875
1781097529.8821774,8862860,6225.64990234375
1781097536.1175096,8865101,6238.64990234375
1781097537.4381073,8865586,6220.9599609375
1781097540.862378,8866977,6220.9599609375
1781097542.9262614,8867812,6213.58984375
1781097545.6392195,8868803,6182.91015625
1781097547.8185792,8870021,6149.68017578125
1781097550.7187598,8871221,6168.259765625
1781097554.8671384,8872839,6168.259765625
1781097558.7888715,8874256,6179.52978515625
1781097574.865039,8875496,6180.8798828125
1781097578.9473,8876909,6182.14013671875
1781097579.8009193,8877533,6194.52001953125
1781097581.7563512,8878234,6194.52001953125
1781097586.395267,8879872,6160.81005859375
1781097589.4869184,8880970,6181.16015625
1781097591.5820458,8881718,6181.18017578125
1781097594.965924,8882912,6210.60986328125
1781097598.5671434,8884252,6210.60986328125
1781097604.6713948,8886425,6213.41015625
1781097607.0926847,8887274,6241.27001953125
1781097610.661958,8888881,6256.27978515625
1781097613.9854062,8890062,6267.91015625
1781097618.3906431,8891608,6267.91015625
1781097621.9703972,8892865,6280.259765625
1781097629.0512562,8895434,6289.56005859375
1781097631.3907542,8896252,6310.02978515625
1781097634.5746255,8897364,6305.64013671875
1781097638.1635067,8898814,6305.64013671875
1781097650.5789278,8900542,6303.580078125
1781097652.116989,8901304,6312.64990234375
1781097656.197476,8903237,6349.8798828125
1781097657.8593307,8903991,6359.60009765625
1781097659.8972986,8905581,6359.60009765625
1781097663.5922425,8907396,6368.66015625
1781097666.0384963,8908553,6376.81005859375
1781097669.3053238,8910088,6375.68994140625
1781097670.198861,8910508,6375.169921875
1781097673.4678452,8912052,6375.169921875
1781097677.484487,8913976,6411.72998046875
1781097679.138216,8914764,6410.6201171875
1781097681.8790364,8915987,6390.919921875
1781097684.439054,8917060,6384.2001953125
1781097687.015307,8918224,6384.2001953125
1781097688.9936533,8919122,6385.4599609375
1781097689.2399938,8919669,6377.97998046875
1781097691.276135,8920590,6355.10986328125
1781097696.132762,8922412,6384.3798828125
1781097699.9707549,8924220,6384.3798828125
1781097719.757069,8925661,6377.4599609375
1781097724.4858477,8927651,6401.27978515625
1781097726.6402016,8928420,6414.18994140625
1781097730.1988895,8929686,6415.14013671875
1781097735.8096032,8931653,6415.14013671875
1781097740.1118503,8933152,6426.5400390625
1781097744.2706053,8934594,6433.169921875
1781097748.1357656,8936077,6434.4501953125
1781097748.404342,8936169,6416.89013671875
1781097752.3486617,8937849,6416.89013671875
1781097758.6598778,8940028,6424.56982421875
1781097763.0004816,8941518,6449.8798828125
1781097765.032751,8942226,6451.8798828125
1781097768.1642027,8943319,6444.33984375
1781097771.4779627,8944465,6444.33984375
1781097777.0997126,8946453,6432.68017578125
1781097779.9220357,8947858,6464.60009765625
1781097781.0379283,8948415,6490.2900390625
1781097793.6318038,8950215,6536.06982421875
1781097797.4836335,8952066,6536.06982421875
1781097800.6876905,8953327,6550.7001953125
1781097802.0568836,8953797,6537.9599609375
1781097804.9942856,8955106,6538.89990234375
1781097809.8450353,8957255,6564.72021484375
1781097812.862308,8958677,6564.72021484375
1781097815.221308,8959789,6561.64013671875
1781097817.6405456,8961211,6531.25
1781097819.0623856,8961824,6522.85009765625
1781097821.3239946,8962750,6496.5400390625
1781097823.729022,8963719,6496.5400390625
1781097827.7896047,8965124,6481.83984375
1781097832.5278466,8966883,6464.31982421875
1781097833.0037138,8967063,6454.77001953125
1781097837.7608747,8968887,6459.919921875
1781097841.6475668,8970381,6459.919921875
1781097845.2094057,8972126,6465.7001953125
1781097847.175669,8973609,6491.81982421875
1781097859.9720936,8975759,6503.25
1781097860.2071345,8975845,6496.5498046875
1781097863.7790105,8977230,6496.5498046875
1781097869.606618,8979416,6506.2099609375
1781097870.7945743,8979973,6501.2001953125
1781097873.0104458,8980971,6475.0498046875
1781097876.593058,8982604,6509.56982421875
1781097878.5020828,8984011,6509.56982421875
1781097881.7572284,8985662,6514.83984375
1781097884.4244862,8987025,6496.39013671875
1781097885.6148148,8987659,6481.14013671875
1781097887.8693254,8988867,6502.77978515625
1781097891.9645932,8990835,6502.77978515625
1781097895.0739684,8992342,6521.2001953125
1781097897.4772415,8993472,6525.6201171875
1781097899.667506,8994552,6513.47021484375
1781097900.6368465,8995035,6493.009765625
1781097902.3332124,8995899,6493.009765625
1781097904.2355049,8996844,6469.47998046875
1781097907.3355825,8998392,6446.77978515625
1781097909.0968728,8999271,6461.5
1781097921.8081675,9000798,6473.02001953125
1781097924.9418676,9002432,6473.02001953125
1781097927.896237,9003886,6466.47021484375
1781097929.482524,9004722,6472.18017578125
1781097932.800646,9006492,6468.22021484375
1781097933.3654604,9006792,6459.1201171875
1781097936.3778288,9008338,6459.1201171875
1781097938.372104,9009373,6480.75
1781097941.4201608,9011469,6457.18994140625
1781097942.5515637,9012056,6468.2001953125
1781097947.356063,9014552,6555.02001953125
1781097949.5365136,9015713,6555.02001953125
1781097950.084556,9015998,6540.1298828125
1781097954.2425172,9018238,6556.06005859375
1781097954.6186206,9018435,6534.08984375
1781097956.7891948,9019595,6515.08984375
1781097960.0640688,9021234,6515.08984375
1781097961.856793,9022161,6509.16015625
1781097965.0245545,9023839,6504.1201171875
1781097966.942329,9024855,6473.0498046875
1781097979.3240364,9025864,6481.10009765625
1781097984.3351207,9027547,6481.10009765625
1781097987.1198525,9028499,6492.60986328125
1781097988.1272478,9028878,6491.330078125
1781097992.0222805,9030574,6518.81982421875
1781097994.248045,9031516,6481.16015625
1781097997.3425667,9032827,6481.16015625
1781098000.818486,9034370,6468.9599609375
1781098001.5047157,9034712,6475.919921875
1781098002.8652,9035420,6432.41015625
1781098004.3934875,9036207,6416.330078125
1781098006.861627,9037907,6416.330078125
1781098009.9427962,9039444,6456.2001953125
1781098012.6187956,9040787,6451.35009765625
1781098013.9864273,9041521,6468.490234375
1781098016.8460982,9043013,6473.27978515625
1781098020.1327631,9044666,6473.27978515625
1781098022.8456755,9046098,6474.68994140625
1781098025.0471494,9047224,6459.759765625
1781098027.693595,9048582,6441.22998046875
1781098029.885823,9049732,6456.08984375
1781098040.4569263,9051354,6456.08984375
1781098042.9924328,9052695,6466.66015625
1781098044.573454,9053526,6456.080078125
1781098047.1465406,9054792,6417.9501953125
1781098049.0075638,9055690,6402.669921875
1781098051.4127405,9056926,6402.669921875
1781098053.6032715,9058094,6398.10986328125
1781098054.3742297,9058507,6369.77001953125
1781098058.5733619,9060661,6379.35009765625
1781098060.2937605,9061543,6371.41015625
1781098062.9007602,9062916,6371.41015625
1781098064.687204,9063814,6350.27978515625
1781098067.0879521,9065025,6316.91015625
1781098067.7461066,9065848,6302.66015625
1781098069.6111672,9066851,6323.009765625
1781098072.4881964,9068401,6323.009765625
1781098075.0859277,9069713,6309.41015625
1781098078.701269,9071443,6304.759765625
1781098079.2671444,9071736,6311.60986328125
1781098081.3676212,9072837,6300.10009765625
1781098084.6311512,9074493,6300.10009765625
1781098096.0783973,9075522,6321.8798828125
1781098098.5123045,9076800,6344.4599609375
1781098100.692559,9078350,6354.27001953125
1781098102.4567122,9079238,6342.419921875
1781098105.5446272,9080813,6342.419921875
1781098108.2003698,9082118,6333.08984375
1781098110.1560102,9083144,6311.2998046875
1781098111.9917881,9084113,6319.0498046875
1781098114.902753,9085609,6306.35009765625
1781098118.7590675,9087556,6306.35009765625
1781098120.4618173,9088439,6306.27001953125
1781098124.0696,9090279,6304.990234375
1781098126.5152242,9091580,6315.669921875
1781098129.044408,9092884,6338.1201171875
1781098131.277652,9094522,6338.1201171875
1781098134.065539,9095946,6330.06982421875
1781098135.8735366,9096743,6313.580078125
1781098139.9363544,9098480,6323.7998046875
1781098157.330718,9100068,6339.080078125
1781098161.9306695,9101956,6339.080078125
1781098164.3146071,9103669,6370.06005859375
1781098168.193229,9105583,6357.81005859375
1781098168.6598077,9105826,6369.2998046875
1781098171.4308488,9107265,6350.9599609375
1781098174.622189,9108947,6350.9599609375
1781098177.5156047,9110426,6344.2998046875
1781098179.0174968,9111200,6356.27001953125
1781098181.940404,9112684,6334.89990234375
1781098183.5048234,9113490,6318.31005859375
1781098186.8268917,9115271,6318.31005859375
1781098189.2668848,9116540,6332.75
1781098190.616803,9117239,6351.490234375
1781098192.733919,9118324,6347.43017578125
1781098194.4849136,9119651,6345.14990234375
1781098197.066935,9120902,6345.14990234375
1781098199.1709495,9121911,6356.4501953125
1781098201.4545417,9123079,6337.9501953125
1781098203.1556177,9123940,6340.080078125
1781098217.8754086,9125092,6317.509765625
1781098221.1386166,9126302,6317.509765625
1781098224.848118,9127725,6311.18994140625
1781098226.1685436,9128508,6299.7998046875
1781098229.7425563,9130170,6273.330078125
1781098232.143505,9131314,6288.22998046875
1781098235.4661806,9132922,6288.22998046875
1781098239.226673,9134521,6283.6201171875
1781098241.7081773,9135609,6283.60009765625
1781098246.4668672,9137470,6290.85986328125
1781098247.6475885,9137886,6281.0
1781098251.5291388,9139270,6281.0
1781098257.2230945,9141349,6284.25
1781098258.906057,9142328,6301.58984375
1781098260.2572167,9142815,6291.77978515625
1781098265.8738682,9144822,6307.990234375
1781098271.0822222,9146748,6307.990234375
1781098273.519545,9147610,6306.27978515625
1781098276.5741513,9148662,6294.18017578125
1781098284.8148339,9150181,6305.31982421875
1781098287.2556977,9151048,6310.1298828125
1781098290.1118796,9152505,6310.1298828125
1781098291.209697,9152896,6325.52001953125
1781098293.3051438,9153646,6331.240234375
1781098300.0836277,9156086,6302.27001953125
1781098300.3363082,9156178,6284.39013671875
1781098304.440259,9157626,6284.39013671875
1781098309.3846323,9159388,6276.9599609375
1781098314.4117332,9161171,6289.240234375
1781098315.7708447,9161646,6312.6298828125
1781098318.585659,9162754,6307.580078125
1781098321.835713,9164231,6307.580078125
1781098326.1681423,9165786,6297.5
1781098328.302619,9166542,6313.08984375
1781098332.9455962,9168229,6323.490234375
1781098336.3387885,9169433,6264.14013671875
1781098340.9868948,9171072,6264.14013671875
1781098346.9495983,9173194,6285.39013671875
1781098350.6604078,9174623,6311.22021484375
1781098362.2194052,9175892,6340.18994140625
1781098364.2300043,9176928,6362.35009765625
1781098367.3770235,9178544,6362.35009765625
1781098368.9904885,9179377,6361.39013671875
1781098373.963038,9181911,6373.43017578125
1781098380.0982578,9184900,6458.7998046875
1781098381.0739412,9185408,6450.72998046875
1781098383.211538,9187001,6450.72998046875
1781098384.9453063,9187904,6450.77001953125
1781098389.265198,9190144,6474.35009765625
1781098390.27328,9190658,6487.60009765625
1781098392.9041755,9192026,6489.75
1781098394.9153905,9193071,6489.75
1781098396.7289114,9194002,6487.43017578125
1781098401.3021271,9196298,6477.93994140625
1781098401.8751464,9196577,6516.91015625
1781098405.57046,9198491,6561.27001953125
1781098419.2883868,9200346,6561.27001953125
1781098422.8444955,9201694,6571.75
1781098424.7791016,9202352,6562.669921875
1781098427.2433035,9203478,6536.89990234375
1781098430.2636504,9205013,6550.14990234375
1781098433.5393376,9206699,6550.14990234375
1781098435.7418394,9207788,6551.490234375
1781098439.0619566,9209298,6550.97998046875
1781098440.3450155,9209943,6551.72998046875
1781098443.804238,9211617,6545.419921875
1781098446.54697,9212943,6545.419921875
1781098448.0047565,9214106,6534.39990234375
1781098451.94422,9215924,6510.91015625
1781098452.7153647,9216310,6542.72998046875
1781098456.2350438,9218222,6571.31982421875
1781098459.043652,9219752,6571.31982421875
1781098462.8726275,9221811,6581.18994140625
1781098464.1179023,9222473,6617.68994140625
1781098482.0358903,9225171,6612.3701171875
1781098482.9110346,9225496,6627.77978515625
1781098486.1452253,9226759,6627.77978515625
1781098491.8963203,9228768,6621.39990234375
1781098496.7051318,9230464,6670.85009765625
1781098498.47259,9231109,6690.1201171875
1781098501.3695314,9232448,6693.2998046875
1781098503.3493912,9233356,6693.2998046875
1781098504.3781922,9233822,6664.740234375
1781098508.5927737,9235870,6656.10986328125
1781098509.8242588,9236464,6661.7099609375
1781098511.6794984,9237865,6670.68994140625
1781098515.0686073,9239586,6670.68994140625
1781098518.0548477,9241069,6672.509765625
1781098520.6343026,9242372,6664.7998046875
1781098522.9178965,9243503,6659.27001953125
1781098524.5777183,9244337,6673.27978515625
1781098527.9766757,9245982,6673.27978515625
1781098530.8635647,9247402,6676.0400390625
1781098533.86176,9248939,6682.18994140625
1781098534.3101563,9249172,6670.830078125
1781098545.7316957,9250565,6667.27001953125
1781098548.9404166,9252074,6667.27001953125
1781098551.9055812,9253522,6645.9599609375
1781098552.3221054,9253721,6649.009765625
1781098554.7864485,9254892,6612.830078125
1781098557.6857667,9256231,6603.0498046875
1781098560.4378736,9257452,6603.0498046875
1781098564.2584584,9258938,6585.68017578125
1781098567.4523423,9260486,6578.0
1781098567.750349,9260628,6569.41015625
1781098571.942219,9262502,6566.8798828125
1781098572.8064935,9262871,6566.8798828125
1781098575.550421,9264499,6504.75
1781098576.3029616,9264839,6499.43994140625
1781098579.7094724,9266297,6482.490234375
1781098582.77556,9267639,6484.6298828125
1781098585.150714,9268842,6484.6298828125
1781098588.1956487,9270273,6479.0
1781098590.7425625,9271464,6462.85986328125
1781098594.4334788,9273279,6468.35009765625
1781098594.634602,9273371,6465.080078125
1781098607.4281147,9275284,6465.080078125
1781098610.5793211,9276852,6466.25
1781098611.427943,9277264,6470.97021484375
1781098613.2072875,9278173,6445.52978515625
1781098615.752189,9279444,6461.4501953125
1781098619.0284717,9281012,6461.4501953125
1781098621.4463217,9282263,6474.08984375
1781098623.6213434,9283382,6485.33984375
1781098627.9169738,9285593,6494.3798828125
1781098628.1340752,9285685,6493.759765625
1781098631.3247886,9287258,6493.759765625
1781098633.9632473,9288562,6503.35986328125
1781098636.301315,9290310,6505.93017578125
1781098637.7628164,9291091,6514.3701171875
1781098639.9673984,9292239,6506.91015625
1781098642.9919877,9293810,6506.91015625
1781098645.2790306,9294975,6510.35009765625
1781098646.7866557,9295705,6489.43017578125
1781098652.1070352,9298140,6499.66015625
1781098653.353075,9298709,6503.22021484375
1781098666.6294675,9300560,6503.22021484375
1781098668.409592,9301893,6515.0
1781098671.5206468,9303463,6499.2001953125
1781098673.1877222,9304358,6515.83984375
1781098673.912904,9304749,6467.25
1781098676.8539941,9306218,6467.25
1781098678.4527104,9306887,6446.68017578125
1781098683.521865,9309381,6456.60009765625
1781098684.5650797,9309914,6460.10009765625
1781098686.5820398,9310917,6464.669921875
1781098687.6717174,9311446,6464.669921875
1781098691.2955523,9313300,6448.60009765625
1781098693.0534673,9314166,6468.02001953125
1781098694.1830812,9314726,6456.47021484375
1781098697.6681798,9316491,6482.5400390625
1781098700.2647552,9318250,6482.5400390625
1781098703.0699177,9319662,6495.0400390625
1781098706.3864233,9321323,6485.58984375
1781098708.937895,9322502,6468.89013671875
1781098710.260766,9323143,6486.06982421875
1781098712.7379262,9324358,6486.06982421875
1781098730.2433558,9326163,6489.6298828125
1781098733.1358058,9327625,6484.580078125
1781098735.5159004,9328447,6479.3701171875
1781098739.020766,9329616,6477.9599609375
1781098743.459906,9331260,6477.9599609375
1781098745.902977,9332169,6475.93017578125
1781098751.7052417,9334212,6468.7998046875
1781098755.4029758,9335480,6462.43017578125
1781098758.0289938,9336482,6452.91015625
1781098762.1182704,9338393,6452.91015625
1781098767.9939659,9340353,6474.8798828125
1781098769.370055,9340811,6476.7001953125
1781098773.782644,9342459,6389.7001953125
1781098775.8084779,9343217,6383.2998046875
1781098779.8158195,9344664,6383.2998046875
1781098781.374217,9345179,6373.91015625
1781098783.6084623,9345913,6335.5400390625
1781098788.848545,9347811,6328.2900390625
1781098789.993186,9348228,6319.14013671875
1781098793.0142033,9349362,6319.14013671875
1781098810.9339213,9350768,6314.43994140625
1781098812.5955763,9351361,6317.35986328125
1781098817.7244425,9353285,6316.41015625
1781098819.0333076,9353799,6282.9501953125
1781098822.3675208,9355063,6282.9501953125
1781098827.1273477,9356940,6256.6201171875
1781098830.4677713,9358161,6273.83984375
1781098831.5645192,9358567,6275.39990234375
1781098836.0529244,9360283,6281.669921875
1781098840.0185695,9361675,6281.669921875
1781098844.4736297,9363243,6280.25
1781098847.6220987,9364457,6279.75
1781098850.7636569,9365668,6288.77978515625
1781098853.2700129,9366541,6268.1298828125
1781098856.8790205,9368153,6268.1298828125
1781098859.4220772,9369078,6274.77978515625
1781098863.753209,9370744,6276.419921875
1781098864.6529138,9371094,6260.2900390625
1781098867.6236315,9372114,6226.75
1781098872.41945,9373728,6226.75
1781098889.2479422,9375455,6234.6298828125
1781098890.3074422,9375860,6218.7998046875
1781098894.101602,9377272,6183.58984375
1781098897.1002069,9378287,6182.56005859375
1781098901.668877,9379821,6182.56005859375
1781098904.9455454,9381028,6193.22998046875
1781098908.615343,9382790,6169.9501953125
1781098909.61784,9383284,6160.83984375
1781098911.4635274,9384152,6139.10986328125
1781098915.1676018,9385947,6139.10986328125
1781098918.9542027,9387720,6176.7998046875
1781098921.4856186,9389394,6198.68017578125
1781098922.568343,9389902,6200.47998046875
1781098925.390989,9391176,6203.77001953125
1781098927.957329,9392410,6203.77001953125
1781098930.993234,9393998,6183.009765625
1781098933.3581991,9395238,6186.580078125
1781098933.7854574,9395458,6186.080078125
1781098937.0221264,9397061,6180.31982421875
1781098940.5445938,9398856,6180.31982421875
1781098953.48295,9400606,6190.72998046875
1781098956.2614818,9402011,6211.02001953125
1781098958.2941632,9403027,6194.509765625
1781098959.5210059,9403648,6194.919921875
1781098961.0306852,9404425,6194.919921875
1781098965.0520208,9406497,6165.56005859375
1781098967.7776332,9407953,6190.2998046875
1781098969.6178975,9408929,6227.009765625
1781098971.596433,9409947,6220.0
1781098973.6003904,9410944,6220.0
1781098977.2772536,9412836,6214.72998046875
1781098980.204428,9414300,6230.85986328125
1781098982.0942504,9415292,6221.8701171875
1781098982.9468215,9416176,6218.3701171875
1781098986.257968,9417858,6218.3701171875
1781098989.5866466,9419579,6270.8701171875
1781098992.9674833,9421297,6280.6201171875
1781098994.5348816,9422096,6282.25
1781098995.8048813,9422749,6275.64013671875
1781098998.490442,9424114,6275.64013671875
1781099012.1385822,9425078,6269.7900390625
1781099015.0783317,9426436,6278.169921875
1781099018.949479,9427788,6292.14990234375
1781099022.4885187,9429027,6297.35986328125
1781099025.675027,9430456,6297.35986328125
1781099029.1512508,9432277,6282.81005859375
1781099032.3246126,9433614,6287.22021484375
1781099035.060732,9434988,6326.93017578125
1781099037.441633,9435898,6329.2998046875
1781099039.958467,9437072,6329.2998046875
1781099044.6033547,9439451,6351.02978515625
1781099045.8969083,9440111,6372.5400390625
1781099047.22838,9441259,6340.85009765625
1781099049.6728153,9442502,6344.06005859375
1781099052.768652,9444081,6344.06005859375
1781099055.9283044,9445690,6348.3701171875
1781099058.0648134,9446792,6337.9599609375
1781099058.9042048,9447210,6334.6201171875
1781099063.1037555,9449234,6350.919921875
1781099076.3330867,9450933,6350.919921875
1781099077.8483899,9452127,6351.009765625
1781099081.7563207,9454148,6350.58984375
1781099083.5195906,9455045,6363.830078125
1781099084.917902,9455756,6352.64013671875
1781099088.5336757,9457598,6352.64013671875
1781099091.8996277,9459340,6352.31005859375
1781099093.985836,9460412,6357.169921875
1781099095.1518347,9460949,6346.16015625
1781099098.1238797,9462290,6372.22998046875
1781099100.9301386,9463588,6372.22998046875
1781099102.4524086,9464356,6365.31982421875
1781099106.3897512,9466342,6349.81982421875
1781099107.2204363,9466745,6355.68017578125
1781099109.4577785,9467827,6347.31005859375
1781099111.2600656,9469192,6347.31005859375
1781099113.444492,9470219,6371.68017578125
1781099116.8589363,9471756,6380.669921875
1781099120.026252,9473237,6408.06005859375
1781099123.0085642,9474703,6399.490234375
1781099140.9590225,9476397,6399.490234375
1781099141.9177039,9477355,6399.830078125
1781099144.827976,9478801,6381.330078125
1781099147.613657,9480181,6405.39013671875
1781099149.041593,9480865,6379.419921875
1781099151.9291081,9482366,6379.419921875
1781099154.1787338,9483570,6376.830078125
1781099155.1330934,9484068,6370.0
1781099158.4724376,9485463,6354.35009765625
1781099160.997607,9486627,6350.7099609375
1781099163.743126,9487944,6350.7099609375
1781099167.392741,9489691,6339.47998046875
1781099170.5870256,9491132,6325.3798828125
1781099173.2017758,9492702,6338.66015625
1781099173.4000638,9492794,6322.490234375
1781099176.7008417,9494335,6322.490234375
1781099178.3566523,9495135,6297.4599609375
1781099181.0690415,9496439,6277.009765625
1781099182.8436632,9497075,6282.7001953125
1781099188.2078195,9498913,6297.68017578125
1781099208.473446,9500751,6297.68017578125
1781099211.5796707,9501861,6313.41015625
1781099217.1174874,9504008,6361.330078125
1781099218.3830209,9504515,6353.08984375
1781099221.2641726,9505908,6376.64990234375
1781099224.2375908,9507376,6376.64990234375
1781099225.472433,9507957,6390.02978515625
1781099228.3258188,9509297,6371.02001953125
1781099231.4312031,9510550,6362.41015625
1781099233.265208,9511344,6371.2099609375
1781099236.8540263,9513071,6371.2099609375
1781099239.2186236,9513973,6388.41015625
1781099243.2295415,9515304,6345.9501953125
1781099245.6354585,9516124,6358.2998046875
1781099248.777933,9517197,6345.83984375
1781099251.910306,9518377,6345.83984375
1781099255.6779835,9519794,6329.31005859375
1781099259.744791,9521201,6321.68994140625
1781099261.7352483,9521903,6314.240234375
1781099264.992487,9523160,6333.490234375
1781099268.2557368,9524782,6333.490234375
1781099284.0391939,9525698,6332.2998046875
1781099287.7685363,9526948,6335.14013671875
1781099292.1443644,9528478,6345.97998046875
1781099294.0263884,9529178,6351.27001953125
1781099297.9449441,9530677,6351.27001953125
1781099299.122258,9531416,6343.4599609375
1781099302.7258701,9532665,6335.2099609375
1781099305.8465364,9533756,6335.169921875
1781099308.5240543,9534735,6327.14013671875
1781099311.4363456,9535868,6327.14013671875
1781099313.2159047,9536559,6311.259765625
1781099316.688995,9537839,6304.240234375
1781099321.4402564,9539534,6294.990234375
1781099323.2000036,9540134,6308.4501953125
1781099327.9711409,9541826,6308.4501953125
1781099330.3956451,9543089,6302.02978515625
1781099332.962083,9544051,6283.7099609375
1781099335.3619788,9544890,6276.1201171875
1781099339.0657895,9546221,6270.72021484375
1781099344.0408227,9547966,6270.72021484375
1781099347.359275,9549058,6291.009765625
1781099348.2108395,9549362,6273.10986328125
1781099362.2130551,9550822,6280.9599609375
1781099364.8688645,9552197,6274.35009765625
1781099368.1788585,9553483,6274.35009765625
1781099371.6626909,9555194,6256.2900390625
1781099374.1980865,9556462,6248.0498046875
1781099377.5886219,9558109,6278.5400390625
1781099381.0407224,9559674,6309.990234375
1781099384.9509785,9561219,6309.990234375
1781099388.5937355,9562843,6340.85986328125
1781099391.001649,9563678,6318.83984375
1781099393.960935,9565038,6282.39013671875
1781099395.4426596,9565551,6293.14013671875
1781099400.3787336,9567325,6293.14013671875
1781099405.984471,9569241,6324.6201171875
1781099408.7711935,9570214,6329.97998046875
1781099413.3664358,9571819,6316.6298828125
1781099414.2887592,9572141,6307.56982421875
1781099418.2771993,9573545,6307.56982421875
1781099437.0565073,9575222,6301.3701171875
1781099440.5634675,9576469,6296.52978515625
1781099443.0288708,9577350,6307.3701171875
1781099448.0030951,9579097,6322.83984375
1781099451.7023637,9580392,6322.83984375
1781099454.9271579,9581532,6320.7099609375
1781099458.4262638,9583137,6327.02001953125
1781099462.4387298,9584539,6325.9599609375
1781099465.1570203,9585476,6326.85009765625
1781099468.4131548,9586602,6326.85009765625
1781099472.6631737,9588099,6335.759765625
1781099476.831463,9589580,6305.580078125
1781099479.9762876,9590689,6310.330078125
1781099482.6690578,9591627,6297.8701171875
1781099486.793213,9593063,6297.8701171875
1781099489.2761247,9594257,6275.2900390625
1781099493.3574812,9595682,6245.7998046875
1781099497.0586495,9596959,6255.81982421875
1781099497.4113853,9597082,6251.580078125
1781099500.7898314,9598260,6251.580078125
1781099520.2494104,9600250,6246.080078125
1781099522.79752,9601463,6250.7900390625
1781099524.2372358,9601969,6257.2998046875
1781099527.4746907,9603094,6222.85009765625
1781099531.9193964,9604653,6222.85009765625
1781099536.6310225,9606318,6222.27001953125
1781099538.6649086,9607029,6231.52001953125
1781099542.5118861,9608387,6204.89990234375
1781099544.225126,9608999,6198.169921875
1781099546.0406332,9609650,6198.169921875
1781099550.6215663,9611260,6159.419921875
1781099553.7514336,9612683,6156.77978515625
1781099557.2347167,9613965,6170.4599609375
1781099561.683631,9615451,6195.330078125
1781099567.719661,9617529,6195.330078125
1781099572.8514485,9619309,6231.85009765625
1781099577.9978967,9621014,6252.0498046875
1781099580.378291,9621891,6249.1201171875
1781099581.7091055,9622348,6249.5
1781099585.5497258,9623999,6249.5
1781099604.8344905,9625082,6249.2001953125
1781099609.6364522,9626803,6239.43994140625
1781099612.837667,9627878,6227.4501953125
1781099614.6810875,9628842,6234.47998046875
1781099618.2834194,9630389,6234.47998046875
1781099620.0957055,9631275,6227.1201171875
1781099622.1962934,9632321,6237.18994140625
1781099625.3383265,9633856,6198.66015625
1781099627.6859367,9634868,6229.2900390625
1781099630.971191,9636356,6229.2900390625
1781099633.4765697,9637576,6238.8701171875
1781099636.9579484,9639182,6226.58984375
1781099640.0034444,9640567,6237.06005859375
1781099641.367282,9641234,6253.68994140625
1781099644.868894,9642959,6253.68994140625
1781099647.0068474,9644536,6274.33984375
1781099650.6463127,9646420,6273.97998046875
1781099650.991085,9646587,6264.39990234375
1781099653.5234356,9647806,6270.25
1781099657.1854124,9649551,6270.25
1781099673.4094307,9650985,6278.6201171875
1781099674.6594815,9651576,6281.39013671875
1781099679.3146553,9654197,6306.18994140625
1781099679.950984,9654498,6293.10986328125
1781099683.456374,9656261,6293.10986328125
1781099685.524841,9657288,6292.759765625
1781099691.2095652,9659989,6294.0
1781099691.8055975,9660260,6313.31982421875
1781099694.9371936,9661746,6303.419921875
1781099697.985304,9663151,6303.419921875
1781099702.6325667,9665222,6308.08984375
1781099704.1439033,9665725,6345.740234375
1781099708.597798,9667226,6339.8798828125
1781099711.067549,9668507,6356.47021484375
1781099716.6729012,9670363,6356.47021484375
1781099719.3627782,9671332,6364.06005859375
1781099723.6308534,9672952,6369.58984375
1781099726.9784687,9674172,6373.009765625
1781099728.759979,9674831,6375.31982421875
1781099748.7469661,9676390,6375.31982421875
1781099753.023877,9678032,6393.85986328125
1781099756.3438501,9679213,6404.33984375
1781099761.804065,9681358,6400.25
1781099762.0063658,9681450,6401.7998046875
1781099765.2860959,9682968,6401.7998046875
1781099767.5154026,9683991,6395.7099609375
1781099771.129381,9685667,6409.1298828125
1781099772.482162,9686759,6401.580078125
1781099775.1216016,9688054,6425.31005859375
1781099777.4110384,9689186,6425.31005859375
1781099780.9007475,9690878,6409.1298828125
1781099782.5977108,9691643,6418.72021484375
1781099787.1281462,9693812,6435.169921875
1781099787.4438548,9693957,6438.91015625
1781099791.2157,9695768,6438.91015625
1781099793.9964664,9697126,6465.77978515625
1781099794.974659,9697584,6467.169921875
1781099797.6512485,9698787,6471.68994140625
1781099809.2893991,9700594,6488.47021484375
1781099813.1692371,9702310,6488.47021484375
1781099816.2571304,9703739,6495.0
1781099818.604359,9704747,6498.43994140625
1781099821.5019336,9706210,6487.580078125
1781099822.9912796,9706948,6498.81005859375
1781099826.1535091,9708507,6498.81005859375
1781099828.946715,9709911,6495.35986328125
1781099832.133051,9711524,6509.43017578125
1781099832.3689296,9711640,6509.009765625
1781099835.9559183,9713149,6508.10009765625
1781099836.397703,9713749,6508.10009765625
1781099839.9151895,9715382,6492.93017578125
1781099842.4578838,9716635,6467.330078125
1781099843.4015868,9717089,6459.9501953125
1781099844.9124734,9717838,6396.39013671875
1781099847.9485884,9719279,6396.39013671875
1781099851.3410525,9720904,6392.16015625
1781099852.9433675,9721665,6399.1298828125
1781099855.589769,9722964,6434.52978515625
1781099857.7724442,9723985,6407.39990234375
1781099875.4021523,9725932,6407.39990234375
1781099880.0306053,9727645,6409.990234375
1781099883.3155313,9728822,6399.740234375
1781099887.8033822,9730392,6429.7998046875
1781099891.191057,9731630,6449.56982421875
1781099894.6690695,9733132,6449.56982421875
1781099897.513876,9734289,6448.759765625
1781099901.9325676,9736448,6446.1298828125
1781099902.4115727,9736610,6439.3798828125
1781099906.0903604,9738033,6427.72021484375
1781099909.2533453,9739665,6427.72021484375
1781099912.0101175,9741080,6439.2001953125
1781099913.4861436,9741714,6434.85986328125
1781099916.7073226,9743314,6433.85986328125
1781099919.371715,9744558,6433.3701171875
1781099921.7165494,9745776,6433.3701171875
1781099925.5117354,9747737,6429.22021484375
1781099927.805164,9748943,6451.6201171875
1781099929.0134168,9749498,6428.06005859375
1781099939.3754554,9750226,6414.330078125
1781099942.8146427,9751983,6414.330078125
1781099945.0687935,9753096,6422.9599609375
1781099945.912239,9753526,6423.97998046875
1781099949.5576394,9755324,6389.31005859375
1781099950.199848,9755608,6411.1298828125
1781099954.6734128,9757561,6411.1298828125
1781099957.135044,9758778,6430.080078125
1781099958.4936595,9759501,6413.81982421875
1781099960.7300134,9760701,6418.43994140625
1781099962.4734323,9762086,6430.22998046875
1781099966.1529818,9763932,6430.22998046875
1781099969.380086,9765597,6440.89013671875
1781099973.1537457,9767626,6460.56982421875
1781099975.6061792,9768845,6472.60986328125
1781099976.337733,9769213,6479.2001953125
1781099978.6009707,9770307,6479.2001953125
1781099982.3820605,9772106,6500.75
1781099984.8356593,9773222,6496.02001953125
1781100000.094836,9775033,6507.56005859375
1781100002.1184478,9775692,6479.97998046875
1781100003.997329,9776509,6479.97998046875
1781100006.6131642,9777648,6427.7900390625
1781100009.72909,9779086,6425.14013671875
1781100011.7452545,9780016,6404.72998046875
1781100013.9165592,9780997,6416.669921875
1781100018.4829254,9782938,6416.669921875
1781100019.291372,9783347,6428.35009765625
1781100022.0675042,9784707,6425.22998046875
1781100024.6492362,9785953,6424.52978515625
1781100026.3273294,9787155,6403.39013671875
1781100031.3263774,9789189,6403.39013671875
1781100034.2706237,9790217,6425.52978515625
1781100038.4080935,9792059,6422.27001953125
1781100040.559114,9793166,6436.10009765625
1781100041.3520186,9793538,6417.68994140625
1781100045.187114,9794983,6417.68994140625
1781100048.942073,9796263,6406.89013671875
1781100054.078495,9798153,6427.64990234375
1781100056.3691955,9799395,6438.08984375
1781100071.9755092,9800502,6441.2001953125
1781100075.2987936,9801620,6441.2001953125
1781100079.0653393,9802875,6410.91015625
1781100080.6289713,9803394,6393.509765625
1781100085.335938,9805222,6405.75
1781100087.7292488,9806481,6417.3798828125
1781100093.1346817,9808427,6417.3798828125
1781100097.2276878,9810009,6427.3798828125
1781100098.349594,9810440,6431.5
1781100101.9810898,9811848,6412.5
1781100106.143702,9813343,6424.35986328125
1781100108.9721775,9814346,6424.35986328125
1781100110.9807642,9815076,6392.7001953125
1781100112.9513729,9815803,6365.2900390625
1781100117.4742029,9817661,6347.16015625
1781100119.3800385,9818946,6358.8798828125
1781100122.535658,9820438,6358.8798828125
1781100125.099947,9821703,6355.169921875
1781100125.804702,9822041,6330.009765625
1781100129.5519166,9823894,6310.89013671875
1781100129.8428812,9824040,6292.2001953125
1781100147.1596172,9825662,6292.2001953125
1781100151.6296482,9827280,6280.18994140625
1781100151.8132222,9827725,6303.1298828125
1781100156.6433794,9829612,6310.31982421875
1781100158.9124618,9830392,6293.27978515625
1781100161.2058394,9831218,6293.27978515625
1781100165.7751524,9832909,6258.4599609375
1781100169.0642197,9834206,6261.10986328125
1781100170.722628,9834859,6269.490234375
1781100173.7807186,9835964,6251.25
1781100178.3471856,9837558,6251.25
1781100181.7752562,9838841,6254.4501953125
1781100185.246419,9840546,6261.240234375
1781100186.9685228,9841178,6267.31005859375
1781100189.4738448,9842049,6230.240234375
1781100192.93133,9843317,6230.240234375
1781100195.7206237,9844397,6251.47021484375
1781100201.166266,9846414,6258.3798828125
1781100205.574034,9847948,6276.5
1781100210.1010962,9849678,6299.27978515625
1781100224.860276,9850645,6299.27978515625
1781100229.7311957,9852459,6265.7001953125
1781100234.1050563,9853985,6283.81982421875
1781100237.4663887,9855247,6312.509765625
1781100238.6994584,9855712,6275.1298828125
1781100243.9833324,9857700,6275.1298828125
1781100246.9569528,9859053,6284.16015625
1781100249.0071266,9859769,6290.240234375
1781100250.9293668,9860457,6266.7099609375
1781100254.2307997,9861721,6261.740234375
1781100257.6902673,9863056,6261.740234375
1781100262.991179,9864867,6248.93994140625
1781100265.9589565,9865923,6264.81982421875
1781100268.495627,9866911,6280.7099609375
1781100271.06192,9867910,6261.0400390625
1781100275.8992486,9869605,6261.0400390625
1781100279.299895,9871093,6285.89990234375
1781100283.4594128,9872731,6298.89013671875
1781100285.9344175,9873686,6312.06982421875
1781100288.8597755,9874710,6345.58984375
1781100308.7195814,9876224,6345.58984375
1781100311.2683868,9877533,6350.4599609375
1781100315.3170319,9879061,6328.85009765625
1781100319.2497635,9880377,6324.330078125
1781100319.5319705,9880469,6330.06982421875
1781100323.4916258,9881861,6330.06982421875
1781100328.0845244,9883642,6307.97021484375
1781100329.8535037,9884250,6317.47021484375
1781100336.9950116,9886683,6316.419921875
1781100339.6938221,9887650,6311.35009765625
1781100343.1556058,9889581,6311.35009765625
1781100345.1218622,9890455,6330.3798828125
1781100349.42945,9892320,6315.25
1781100350.9070542,9893004,6303.5400390625
1781100353.6609218,9894455,6327.02001953125
1781100357.0089264,9896159,6327.02001953125
1781100359.50215,9897429,6341.6298828125
1781100362.8553147,9899082,6349.27978515625
1781100376.0034702,9900151,6359.10009765625
1781100379.3920867,9901459,6346.6298828125
1781100383.9005337,9903134,6346.6298828125
1781100387.7549345,9904384,6346.9501953125
1781100390.6885414,9905417,6336.47998046875
1781100393.8376803,9906633,6354.08984375
1781100397.2659187,9907970,6380.080078125
1781100399.4993732,9908796,6380.080078125
1781100403.5120904,9910407,6348.330078125
1781100403.840343,9910837,6366.169921875
1781100407.1805816,9912113,6397.2001953125
1781100409.208637,9913083,6369.52001953125
1781100411.7587156,9914326,6369.52001953125
1781100414.646376,9915731,6338.41015625
1781100417.9303842,9917325,6345.8701171875
1781100418.5667434,9917636,6352.47021484375
1781100420.8484244,9918705,6334.77001953125
1781100424.2105014,9920053,6334.77001953125
1781100427.9563043,9921333,6310.6298828125
1781100431.270053,9922707,6280.64013671875
1781100432.90991,9923422,6286.669921875
1781100435.2089012,9924345,6275.0
1781100452.0211086,9926274,6275.0
1781100457.649087,9928198,6296.7001953125
1781100459.8044188,9929083,6310.490234375
1781100461.2543895,9929763,6283.16015625
1781100463.8404758,9931079,6285.6201171875
1781100467.0098858,9932756,6285.6201171875
1781100469.5097504,9934517,6318.75
1781100471.6206841,9935523,6330.47021484375
1781100473.776866,9936501,6332.31005859375
1781100475.792746,9937540,6331.6298828125
1781100478.3503394,9938858,6331.6298828125
1781100479.4674914,9939436,6306.72021484375
1781100480.4366708,9939929,6281.5400390625
1781100483.1984906,9941345,6284.68994140625
1781100485.8654134,9942726,6292.41015625
1781100487.3647122,9943489,6292.41015625
1781100490.0699418,9944762,6239.93017578125
1781100493.1739755,9946341,6254.08984375
1781100495.9500659,9947564,6263.2001953125
1781100497.9713652,9948554,6269.72021484375
1781100513.0990007,9950234,6269.72021484375
1781100514.6610153,9950869,6278.10986328125
1781100517.5408976,9952139,6287.330078125
1781100520.7415326,9953478,6243.02978515625
1781100522.952192,9954448,6226.93994140625
1781100527.222705,9956295,6226.93994140625
1781100530.1921504,9958088,6257.43994140625
1781100533.2012262,9959544,6279.85009765625
1781100535.0579503,9960461,6264.9599609375
1781100536.1403215,9961037,6251.259765625
1781100539.9986484,9962768,6251.259765625
1781100542.9768348,9964133,6240.68994140625
1781100544.5579205,9964913,6242.16015625
1781100549.2764223,9967044,6255.2998046875
1781100549.4853528,9967134,6220.39990234375
1781100553.8139627,9969128,6220.39990234375
1781100556.3084521,9970245,6259.85009765625
1781100561.3403149,9972601,6293.0400390625
1781100563.2728527,9973390,6301.830078125
1781100564.7374978,9974096,6274.259765625
1781100576.9154537,9975092,6274.259765625
1781100578.5374992,9975822,6254.259765625
1781100582.207704,9977652,6291.2099609375
1781100587.0499976,9979956,6337.75
1781100588.7358143,9980754,6336.58984375
1781100590.813513,9981742,6336.58984375
1781100593.0651655,9983224,6311.240234375
1781100594.3016748,9983808,6305.9501953125
1781100597.595104,9985324,6311.7900390625
1781100599.1783893,9986025,6293.18017578125
1781100601.0698907,9986863,6293.18017578125
1781100604.9164917,9988729,6299.97998046875
1781100605.8414428,9989183,6305.02978515625
1781100608.7441263,9990507,6296.52978515625
1781100611.7139437,9991812,6301.75
1781100614.7373285,9993271,6301.75
1781100618.2939522,9994963,6302.240234375
1781100621.315667,9996424,6300.830078125
1781100621.878293,9996688,6292.47998046875
1781100624.770543,9998135,6311.259765625
1781100627.389634,9999961,6311.259765625
