Wall time,Step,Value
1781071073.5421634,301,1.0
1781071073.6392362,464,1.5
1781071073.7189198,607,2.0
1781071073.7736583,697,1.5
1781071073.8479888,833,1.5
1781071073.919583,953,1.399999976158142
1781071074.023403,1045,1.3333333730697632
1781071074.0811079,1133,1.1428571939468384
1781071074.1345718,1221,1.0
1781071074.2502632,1438,1.0
1781071074.3277473,1574,1.2222222089767456
1781071074.410796,1711,1.2999999523162842
1781071074.4662697,1803,1.1818181276321411
1781071074.6288395,2096,1.5
1781071074.6830573,2186,1.5
1781071074.803913,2402,1.5384615659713745
1781071074.8598692,2494,1.5
1781071074.9188669,2584,1.399999976158142
1781071074.973326,2676,1.3125
1781071075.0285594,2768,1.3125
1781071075.086946,2858,1.2352941036224365
1781071075.19804,3042,1.2222222089767456
1781071075.3610005,3333,1.5263158082962036
1781071075.470238,3522,1.600000023841858
1781071075.5223746,3614,1.600000023841858
1781071075.58533,3706,1.523809552192688
1781071075.6563797,3826,1.454545497894287
1781071075.7191896,3918,1.43478262424469
1781071075.783966,4010,1.375
1781071075.8413115,4100,1.375
1781071075.988282,4340,1.3200000524520874
1781071076.1340325,4580,1.423076868057251
1781071076.250564,4769,1.5555555820465088
1781071076.3075433,4857,1.5
1781071076.3867042,4993,1.5
1781071076.4499443,5081,1.482758641242981
1781071076.5021858,5169,1.4333332777023315
1781071076.5789864,5288,1.419354796409607
1781071076.640923,5380,1.375
1781071076.7172997,5519,1.375
1781071076.776394,5609,1.3636363744735718
1781071076.832573,5699,1.3235293626785278
1781071076.934058,5866,1.2857142686843872
1781071076.9939148,5956,1.3055555820465088
1781071077.046331,6048,1.3055555820465088
1781071077.145133,6213,1.2702702283859253
1781071077.2031744,6303,1.2894736528396606
1781071077.2555346,6389,1.2564102411270142
1781071077.3587744,6556,1.274999976158142
1781071077.4147658,6648,1.274999976158142
1781071077.509888,6814,1.2439024448394775
1781071077.5695016,6904,1.2619047164916992
1781071077.6296895,6994,1.2325581312179565
1781071077.687974,7084,1.204545497894287
1781071077.7573512,7201,1.204545497894287
1781071077.8176918,7293,1.2000000476837158
1781071077.8795261,7385,1.1739130020141602
1781071077.932863,7475,1.148936152458191
1781071078.0426388,7658,1.1666666269302368
1781071078.1969411,7920,1.1666666269302368
1781071078.2827258,8056,1.2244898080825806
1781071078.3681684,8194,1.2200000286102295
1781071078.4550915,8335,1.2352941036224365
1781071078.5133252,8425,1.2115384340286255
1781071078.5634375,8515,1.2115384340286255
1781071078.6232805,8605,1.1886792182922363
1781071078.752595,8816,1.185185194015503
1781071078.8724234,9032,1.2545454502105713
1781071078.9739635,9196,1.2678571939468384
1781071079.056533,9332,1.2678571939468384
1781071079.1118567,9420,1.263157844543457
1781071079.2110305,9583,1.2413792610168457
1781071079.339466,9799,1.3050847053527832
1781071079.4330544,9965,1.3166667222976685
1781071079.485873,10053,1.3166667222976685
1781071079.5506098,10145,1.2950819730758667
1781071079.6127672,10237,1.274193525314331
1781071079.7680404,10501,1.317460298538208
1781071079.8361595,10619,1.3125
1781071079.9204364,10756,1.3125
1781071079.9846315,10848,1.307692289352417
1781071080.0435293,10940,1.2878787517547607
1781071080.1180344,11058,1.283582091331482
1781071080.1930542,11176,1.279411792755127
1781071080.2465684,11266,1.279411792755127
1781071080.3415058,11404,1.2753623723983765
1781071080.4267745,11542,1.2714285850524902
1781071080.4819863,11634,1.2535210847854614
1781071080.5392194,11726,1.2361111640930176
1781071080.613635,11862,1.2361111640930176
1781071080.6683946,11952,1.2328766584396362
1781071080.7223873,12040,1.2162162065505981
1781071080.784258,12132,1.2000000476837158
1781071080.8559442,12250,1.1973683834075928
1781071080.935663,12384,1.1973683834075928
1781071080.99001,12476,1.1948051452636719
1781071081.0730202,12617,1.1794872283935547
1781071081.129892,12707,1.1772152185440063
1781071081.200422,12825,1.1749999523162842
1781071081.290221,12990,1.1749999523162842
1781071081.3628075,13108,1.185185194015503
1781071081.433085,13228,1.1951220035552979
1781071081.5025258,13348,1.192771077156067
1781071081.572761,13468,1.1904761791229248
1781071081.6242013,13558,1.1904761791229248
1781071081.6812057,13646,1.1764706373214722
1781071081.802529,13859,1.1627906560897827
1781071081.9060016,14044,1.1954022645950317
1781071081.9795456,14164,1.204545497894287
1781071082.035497,14256,1.204545497894287
1781071082.0951364,14348,1.1910111904144287
1781071082.1512952,14440,1.1777777671813965
1781071082.260285,14626,1.186813235282898
1781071082.3908038,14861,1.20652174949646
1781071082.4445233,14951,1.20652174949646
1781071082.502628,15041,1.1935484409332275
1781071082.5606475,15131,1.1808511018753052
1781071082.6141737,15221,1.1684210300445557
1781071082.6692324,15313,1.15625
1781071082.7427175,15449,1.15625
1781071082.8301451,15596,1.1546391248703003
1781071082.8873322,15688,1.163265347480774
1781071082.9676762,15827,1.1616162061691284
1781071083.0271192,15919,1.149999976158142
1781071083.1422963,16107,1.149999976158142
1781071083.2186399,16225,1.1699999570846558
1781071083.2815886,16315,1.149999976158142
1781071083.3706145,16451,1.1299999952316284
1781071083.4338028,16541,1.1299999952316284
1781071083.6310542,16879,1.1299999952316284
1781071083.7707143,17112,1.3300000429153442
1781071083.8247058,17202,1.3300000429153442
1781071083.9034374,17336,1.340000033378601
1781071083.9633207,17428,1.340000033378601
1781071084.0547473,17595,1.340000033378601
1781071084.2390275,17907,1.340000033378601
1781071084.2945716,17999,1.3600000143051147
1781071084.3489213,18089,1.3600000143051147
1781071084.4029303,18177,1.309999942779541
1781071084.48306,18325,1.309999942779541
1781071084.597977,18536,1.3200000524520874
1781071084.6517553,18626,1.3300000429153442
1781071084.7233722,18746,1.340000033378601
1781071084.7797859,18838,1.340000033378601
1781071084.8829322,19031,1.340000033378601
1781071084.941606,19123,1.3700000047683716
1781071085.1112776,19421,1.3600000143051147
1781071085.2154877,19608,1.3600000143051147
1781071085.2720032,19700,1.3300000429153442
1781071085.3229346,19790,1.3300000429153442
1781071085.4356203,19986,1.3300000429153442
1781071085.4920812,20076,1.3600000143051147
1781071085.5701056,20196,1.350000023841858
1781071085.6642463,20365,1.3799999952316284
1781071085.7540016,20532,1.3799999952316284
1781071085.8598795,20717,1.409999966621399
1781071085.9808683,20932,1.3799999952316284
1781071086.0671432,21073,1.3700000047683716
1781071086.122776,21163,1.3700000047683716
1781071086.1804512,21255,1.3700000047683716
1781071086.2917373,21442,1.3600000143051147
1781071086.3494542,21528,1.3799999952316284
1781071086.4397695,21666,1.3700000047683716
1781071085.6279204,21756,1.3799999952316284
1781071085.6864402,21848,1.3799999952316284
1781071085.8102016,22042,1.3700000047683716
1781071085.8688035,22134,1.399999976158142
1781071085.9752924,22321,1.4199999570846558
1781071086.0737112,22486,1.4199999570846558
1781071086.1396196,22604,1.4199999570846558
1781071086.2008443,22694,1.4299999475479126
1781071086.2623744,22784,1.409999966621399
1781071086.3269782,22876,1.409999966621399
1781071086.3965895,22966,1.3899999856948853
1781071086.4973207,23131,1.3899999856948853
1781071086.5991027,23295,1.409999966621399
1781071086.688511,23435,1.4199999570846558
1781071086.7905364,23600,1.440000057220459
1781071086.8721747,23736,1.4500000476837158
1781071086.9290862,23828,1.4500000476837158
1781071087.101185,24114,1.4500000476837158
1781071087.1629143,24202,1.4800000190734863
1781071087.2234418,24294,1.4800000190734863
1781071087.2847068,24382,1.4600000381469727
1781071087.3411424,24470,1.4600000381469727
1781071087.4207082,24590,1.4299999475479126
1781071087.483331,24680,1.4199999570846558
1781071087.5852056,24847,1.4199999570846558
1781071087.6671698,24981,1.4299999475479126
1781071088.8797798,25071,1.4299999475479126
1781071088.9701085,25234,1.4500000476837158
1781071089.086576,25427,1.4600000381469727
1781071089.1489174,25519,1.4199999570846558
1781071089.2136586,25611,1.399999976158142
1781071089.3067765,25778,1.399999976158142
1781071089.408632,25951,1.4299999475479126
1781071089.5206897,26145,1.4600000381469727
1781071089.5751538,26235,1.409999966621399
1781071089.6330037,26325,1.3899999856948853
1781071089.73093,26490,1.3899999856948853
1781071089.792122,26582,1.409999966621399
1781071089.8791013,26718,1.4199999570846558
1781071089.9534938,26836,1.3899999856948853
1781071090.0176766,26926,1.3799999952316284
1781071090.122257,27111,1.3799999952316284
1781071090.2275755,27278,1.3899999856948853
1781071090.3665314,27496,1.440000057220459
1781071090.4697025,27661,1.4299999475479126
1781071090.615829,27896,1.4700000286102295
1781071090.7222943,28084,1.4700000286102295
1781071090.782936,28170,1.4800000190734863
1781071090.9040184,28363,1.4800000190734863
1781071091.0143683,28550,1.5199999809265137
1781071091.1119723,28717,1.5399999618530273
1781071091.2627683,28930,1.5399999618530273
1781071091.4165041,29154,1.559999942779541
1781071091.507433,29290,1.6100000143051147
1781071091.704633,29604,1.659999966621399
1781071091.8542845,29837,1.6799999475479126
1781071091.9146273,29927,1.6799999475479126
1781071091.98359,30019,1.6699999570846558
1781071092.0650716,30137,1.6699999570846558
1781071092.1287477,30227,1.6699999570846558
1781071092.215705,30365,1.6699999570846558
1781071092.276481,30457,1.6699999570846558
1781071092.3869977,30624,1.649999976158142
1781071092.4505486,30716,1.649999976158142
1781071092.5176532,30808,1.6399999856948853
1781071092.683256,31070,1.6699999570846558
1781071092.856822,31383,1.6699999570846558
1781071092.9123325,31473,1.7200000286102295
1781071093.0126846,31634,1.7200000286102295
1781071093.1717694,31906,1.7699999809265137
1781071093.2552028,32042,1.7599999904632568
1781071093.3550963,32228,1.7599999904632568
1781071093.4108574,32320,1.7799999713897705
1781071093.5122817,32485,1.7999999523162842
1781071093.5959933,32621,1.7899999618530273
1781071093.6901286,32786,1.7799999713897705
1781071093.7867725,32951,1.7799999713897705
1781071093.8768961,33087,1.809999942779541
1781071094.0125482,33323,1.8300000429153442
1781071094.0855958,33441,1.840000033378601
1781071094.14037,33529,1.850000023841858
1781071094.1909227,33619,1.850000023841858
1781071094.3300104,33852,1.850000023841858
1781071094.3837073,33940,1.850000023841858
1781071094.454207,34056,1.850000023841858
1781071094.5713532,34251,1.8799999952316284
1781071094.6637897,34419,1.8799999952316284
1781071094.7221272,34511,1.8700000047683716
1781071094.7787848,34603,1.8700000047683716
1781071094.9004757,34819,1.8799999952316284
1781071094.963542,34907,1.8899999856948853
1781071095.013727,34997,1.8899999856948853
1781071095.0851521,35115,1.6799999475479126
1781071095.1427665,35207,1.6799999475479126
1781071095.2413177,35374,1.6699999570846558
1781071095.37631,35621,1.7300000190734863
1781071095.4810503,35807,1.7300000190734863
1781071095.6035407,36004,1.7699999809265137
1781071095.6979449,36156,1.75
1781071095.751067,36246,1.75
1781071095.8270078,36366,1.7599999904632568
1781071095.9167354,36530,1.7599999904632568
1781071095.9738302,36622,1.75
1781071096.0282824,36712,1.7300000190734863
1781071096.083682,36804,1.7200000286102295
1781071096.1611838,36923,1.7300000190734863
1781071096.2357416,37058,1.7300000190734863
1781071096.330031,37223,1.7300000190734863
1781071096.4026384,37343,1.7300000190734863
1781071096.4636831,37433,1.6699999570846558
1781071096.5796316,37633,1.7000000476837158
1781071096.6585376,37771,1.7000000476837158
1781071096.7859473,38002,1.7100000381469727
1781071096.8705761,38151,1.7100000381469727
1781071096.9263136,38241,1.7300000190734863
1781071096.985857,38331,1.7000000476837158
1781071097.0371988,38423,1.7000000476837158
1781071097.1318543,38588,1.6699999570846558
1781071097.2029958,38704,1.690000057220459
1781071097.2566013,38794,1.649999976158142
1781071097.339957,38940,1.6699999570846558
1781071097.4377618,39105,1.6699999570846558
1781071097.4907644,39195,1.690000057220459
1781071097.5772367,39331,1.6799999475479126
1781071097.6619465,39469,1.6799999475479126
1781071097.772637,39657,1.7000000476837158
1781071097.8459122,39775,1.7000000476837158
1781071097.906899,39867,1.7100000381469727
1781071097.9962344,40007,1.6799999475479126
1781071098.0585444,40099,1.6699999570846558
1781071098.206986,40363,1.690000057220459
1781071098.3555222,40639,1.690000057220459
1781071098.4856868,40857,1.7400000095367432
1781071098.5992723,41046,1.7599999904632568
1781071098.678146,41164,1.7799999713897705
1781071098.7323456,41254,1.7799999713897705
1781071098.7832732,41344,1.7799999713897705
1781071098.8704622,41484,1.7599999904632568
1781071098.9741096,41668,1.75
1781071099.0364084,41760,1.7400000095367432
1781071099.0944686,41848,1.7300000190734863
1781071099.1506639,41940,1.7300000190734863
1781071099.2539787,42105,1.7200000286102295
1781071099.3331614,42243,1.7100000381469727
1781071099.4388638,42414,1.7400000095367432
1781071099.5005872,42504,1.7400000095367432
1781071099.5590322,42594,1.7400000095367432
1781071099.6720922,42791,1.7400000095367432
1781071099.7274778,42883,1.7599999904632568
1781071099.7860572,42975,1.7400000095367432
1781071099.8435018,43067,1.7300000190734863
1781071099.8951564,43157,1.7300000190734863
1781071099.9784334,43295,1.7100000381469727
1781071100.0788825,43462,1.7100000381469727
1781071100.189686,43644,1.7300000190734863
1781071100.2685788,43765,1.7400000095367432
1781071100.4300945,44053,1.7400000095367432
1781071100.488468,44143,1.7599999904632568
1781071100.549584,44233,1.7300000190734863
1781071100.6559057,44399,1.7400000095367432
1781071100.7142918,44489,1.75
1781071100.7837849,44609,1.75
1781071100.8484297,44701,1.7400000095367432
1781071100.9096966,44791,1.7300000190734863
1781071101.0210352,44978,1.7400000095367432
1781071101.149709,45213,1.7699999809265137
1781071101.2424653,45378,1.7699999809265137
1781071101.2985039,45468,1.7699999809265137
1781071101.4007237,45631,1.7400000095367432
1781071101.5015452,45797,1.7599999904632568
1781071101.5611575,45887,1.7100000381469727
1781071101.6636338,46073,1.7100000381469727
1781071101.725756,46163,1.7100000381469727
1781071101.7883449,46253,1.7000000476837158
1781071101.8956668,46438,1.6799999475479126
1781071101.952364,46528,1.659999966621399
1781071102.050814,46693,1.659999966621399
1781071102.1126711,46783,1.649999976158142
1781071102.1917515,46919,1.600000023841858
1781071102.2502036,47011,1.559999942779541
1781071102.3102868,47103,1.5299999713897705
1781071102.3655128,47195,1.5299999713897705
1781071102.4741452,47382,1.5299999713897705
1781071102.6131773,47624,1.5700000524520874
1781071102.6741316,47716,1.5800000429153442
1781071102.7318556,47802,1.5700000524520874
1781071102.7865517,47894,1.5700000524520874
1781071102.843631,47982,1.5700000524520874
1781071102.9069266,48070,1.5499999523162842
1781071103.0128558,48253,1.5700000524520874
1781071103.091277,48389,1.5399999618530273
1781071103.1417232,48479,1.5399999618530273
1781071103.1971006,48567,1.4900000095367432
1781071103.2506115,48657,1.4900000095367432
1781071103.3042257,48747,1.399999976158142
1781071103.3574786,48835,1.3899999856948853
1781071103.431553,48972,1.3899999856948853
1781071103.4853475,49062,1.3799999952316284
1781071103.5790603,49227,1.3799999952316284
1781071103.6351066,49317,1.3700000047683716
1781071103.6920998,49407,1.350000023841858
1781071103.825653,49642,1.350000023841858
1781071103.905511,49778,1.350000023841858
1781071103.9972517,49941,1.340000033378601
1781071104.5118735,50031,1.350000023841858
1781071104.5669825,50123,1.340000033378601
1781071104.6207964,50215,1.340000033378601
1781071104.6755445,50307,1.3300000429153442
1781071104.7580204,50443,1.3200000524520874
1781071104.8127885,50533,1.309999942779541
1781071104.8909206,50673,1.2899999618530273
1781071104.9839413,50838,1.2899999618530273
1781071105.0429947,50930,1.2899999618530273
1781071105.1020412,51022,1.2899999618530273
1781071105.1626985,51110,1.2699999809265137
1781071105.21891,51202,1.2599999904632568
1781071105.2687938,51292,1.2599999904632568
1781071105.3261569,51382,1.2599999904632568
1781071105.3846993,51472,1.25
1781071105.5113516,51701,1.2699999809265137
1781071105.666303,51989,1.2899999618530273
1781071105.7250032,52081,1.2899999618530273
1781071105.8041465,52215,1.2300000190734863
1781071105.9150474,52404,1.2100000381469727
1781071105.9730318,52496,1.2400000095367432
1781071106.0850022,52690,1.2599999904632568
1781071106.1421723,52782,1.2599999904632568
1781071106.2175965,52916,1.2400000095367432
1781071106.3239021,53107,1.2699999809265137
1781071106.3788466,53199,1.2699999809265137
1781071106.432797,53291,1.2599999904632568
1781071106.5717728,53555,1.2599999904632568
1781071106.649712,53695,1.2799999713897705
1781071106.7043238,53785,1.2799999713897705
1781071106.802016,53950,1.2899999618530273
1781071106.856086,54038,1.2599999904632568
1781071106.9306567,54176,1.2599999904632568
1781071107.0107539,54319,1.2699999809265137
1781071107.0882773,54455,1.25
1781071107.1421213,54545,1.2300000190734863
1781071107.2591717,54761,1.2599999904632568
1781071107.4313047,55077,1.2599999904632568
1781071107.5268223,55246,1.340000033378601
1781071107.5804322,55336,1.3300000429153442
1781071107.6359754,55428,1.3300000429153442
1781071107.7046616,55548,1.3200000524520874
1781071107.7556832,55640,1.3200000524520874
1781071107.884924,55873,1.2999999523162842
1781071107.939884,55963,1.3200000524520874
1781071107.9964755,56055,1.3200000524520874
1781071108.0524747,56147,1.2899999618530273
1781071108.1519997,56334,1.2899999618530273
1781071108.2106068,56426,1.2999999523162842
1781071108.2828293,56549,1.309999942779541
1781071108.336184,56637,1.2999999523162842
1781071108.390312,56727,1.2599999904632568
1781071108.4433887,56819,1.2599999904632568
1781071108.5000322,56909,1.2000000476837158
1781071108.5757346,57029,1.190000057220459
1781071108.6301572,57119,1.1699999570846558
1781071108.756874,57352,1.2000000476837158
1781071108.8211105,57472,1.2000000476837158
1781071108.8761392,57564,1.2100000381469727
1781071108.9345045,57654,1.190000057220459
1781071109.0126019,57789,1.190000057220459
1781071109.1348171,58004,1.2200000286102295
1781071109.1898832,58094,1.2200000286102295
1781071109.2603223,58212,1.2300000190734863
1781071109.3193684,58304,1.2100000381469727
1781071109.3780277,58396,1.1799999475479126
1781071109.436789,58486,1.1799999475479126
1781071109.488039,58578,1.1799999475479126
1781071109.6934378,58936,1.190000057220459
1781071109.8190935,59152,1.2200000286102295
1781071109.872873,59242,1.2400000095367432
1781071109.993425,59451,1.2699999809265137
1781071110.0497246,59543,1.2699999809265137
1781071110.1090505,59633,1.2699999809265137
1781071110.2209618,59819,1.2599999904632568
1781071110.2830293,59909,1.2400000095367432
1781071110.3997526,60107,1.2599999904632568
1781071110.4774468,60246,1.2599999904632568
1781071110.5554235,60366,1.2100000381469727
1781071110.6275463,60486,1.2300000190734863
1781071110.686426,60576,1.2200000286102295
1781071110.7440617,60666,1.2100000381469727
1781071110.8360565,60831,1.2100000381469727
1781071110.9625106,61044,1.2300000190734863
1781071111.0167458,61134,1.25
1781071111.1094348,61299,1.25
1781071111.1668415,61391,1.2200000286102295
1781071111.2227163,61481,1.2200000286102295
1781071111.3027854,61599,1.2100000381469727
1781071111.4151478,61794,1.2000000476837158
1781071111.4718108,61884,1.2000000476837158
1781071111.5287611,61972,1.2000000476837158
1781071111.5854616,62060,1.2000000476837158
1781071111.6410258,62152,1.1799999475479126
1781071111.7940433,62432,1.2100000381469727
1781071111.9022164,62619,1.2200000286102295
1781071111.9631877,62709,1.2200000286102295
1781071112.0545068,62876,1.2200000286102295
1781071112.1365328,63016,1.2300000190734863
1781071112.2251325,63163,1.2300000190734863
1781071112.3766685,63428,1.2699999809265137
1781071112.4436738,63546,1.2899999618530273
1781071112.5008554,63638,1.2899999618530273
1781071112.587296,63772,1.2899999618530273
1781071112.6442451,63864,1.2599999904632568
1781071112.754783,64047,1.2599999904632568
1781071112.813345,64135,1.2599999904632568
1781071112.8935375,64272,1.2599999904632568
1781071112.9658113,64390,1.2699999809265137
1781071113.0260487,64482,1.2799999713897705
1781071113.1202967,64647,1.2599999904632568
1781071113.3006098,64966,1.3200000524520874
1781071113.3522577,65056,1.3200000524520874
1781071113.4070327,65148,1.3200000524520874
1781071113.4911366,65294,1.3300000429153442
1781071113.5511427,65386,1.340000033378601
1781071113.6095157,65478,1.340000033378601
1781071113.6627786,65568,1.340000033378601
1781071113.72052,65658,1.3300000429153442
1781071113.7839248,65750,1.309999942779541
1781071113.845379,65838,1.309999942779541
1781071113.9272928,65974,1.3200000524520874
1781071113.9861774,66066,1.3200000524520874
1781071114.0480368,66156,1.2899999618530273
1781071114.1088738,66248,1.2799999713897705
1781071114.165101,66338,1.2599999904632568
1781071114.2493322,66477,1.2699999809265137
1781071114.3544803,66661,1.2699999809265137
1781071114.4148378,66753,1.2899999618530273
1781071114.5030518,66889,1.2899999618530273
1781071114.6066694,67054,1.309999942779541
1781071114.6661146,67144,1.2999999523162842
1781071114.7306695,67260,1.2999999523162842
1781071114.8088791,67380,1.2899999618530273
1781071114.8774767,67498,1.2999999523162842
1781071114.9510877,67619,1.3200000524520874
1781071115.039462,67782,1.340000033378601
1781071115.0929685,67872,1.340000033378601
1781071115.1754131,68012,1.340000033378601
1781071115.2816257,68205,1.3600000143051147
1781071115.3743727,68370,1.3600000143051147
1781071115.4792254,68557,1.3200000524520874
1781071115.5553694,68693,1.3200000524520874
1781071115.652486,68858,1.3200000524520874
1781071115.707281,68950,1.340000033378601
1781071115.808387,69115,1.309999942779541
1781071115.9143724,69304,1.3200000524520874
1781071115.9784312,69422,1.3200000524520874
1781071116.0865262,69617,1.3300000429153442
1781071116.1723285,69755,1.340000033378601
1781071116.2269526,69847,1.340000033378601
1781071116.3058221,69982,1.350000023841858
1781071116.3631988,70072,1.350000023841858
1781071116.4208252,70162,1.2999999523162842
1781071116.498865,70296,1.309999942779541
1781071116.5524917,70388,1.2899999618530273
1781071116.6064825,70478,1.2899999618530273
1781071116.6557183,70568,1.2899999618530273
1781071116.752131,70733,1.2899999618530273
1781071116.830854,70873,1.2899999618530273
1781071116.9353557,71058,1.309999942779541
1781071116.989251,71148,1.2799999713897705
1781071117.0389912,71240,1.2799999713897705
1781071117.1146338,71374,1.2000000476837158
1781071117.2336266,71587,1.2200000286102295
1781071117.3086944,71707,1.2200000286102295
1781071117.3616948,71797,1.2200000286102295
1781071117.4254677,71915,1.2200000286102295
1781071117.4809594,72007,1.2300000190734863
1781071117.5838456,72192,1.2200000286102295
1781071117.6454344,72284,1.2200000286102295
1781071117.7016127,72374,1.2200000286102295
1781071117.7558892,72462,1.2200000286102295
1781071117.9165947,72744,1.2000000476837158
1781071117.9971876,72887,1.2699999809265137
1781071118.1009278,73072,1.2899999618530273
1781071117.3002794,73160,1.2899999618530273
1781071117.374958,73298,1.2899999618530273
1781071117.4288476,73388,1.2999999523162842
1781071117.485371,73478,1.2899999618530273
1781071117.5680397,73614,1.2999999523162842
1781071117.620088,73704,1.2699999809265137
1781071117.7098553,73869,1.2699999809265137
1781071117.7771344,73989,1.2799999713897705
1781071117.8751013,74156,1.2899999618530273
1781071117.9554288,74296,1.309999942779541
1781071118.0384524,74432,1.2899999618530273
1781071118.0892675,74524,1.2899999618530273
1781071118.1600482,74644,1.2899999618530273
1781071118.2630348,74832,1.2899999618530273
1781071118.8190444,75019,1.3300000429153442
1781071118.8747036,75111,1.3300000429153442
1781071118.9558628,75252,1.3300000429153442
1781071119.0273323,75372,1.3300000429153442
1781071119.1132696,75510,1.2799999713897705
1781071119.205499,75674,1.2899999618530273
1781071119.2756495,75792,1.2699999809265137
1781071119.327519,75882,1.2699999809265137
1781071119.3811686,75970,1.2699999809265137
1781071119.4640028,76108,1.2699999809265137
1781071119.5426047,76246,1.2699999809265137
1781071119.6176605,76378,1.25
1781071119.6702023,76470,1.25
1781071119.7516437,76606,1.25
1781071119.8499303,76770,1.2400000095367432
1781071119.9628408,76955,1.2599999904632568
1781071120.0464637,77094,1.2799999713897705
1781071120.1435902,77262,1.2799999713897705
1781071120.245933,77429,1.2699999809265137
1781071120.3294601,77565,1.2699999809265137
1781071120.3883975,77657,1.2599999904632568
1781071120.4685113,77796,1.2699999809265137
1781071120.5230038,77884,1.2699999809265137
1781071120.5801594,77974,1.2599999904632568
1781071120.6650717,78111,1.2599999904632568
1781071120.8034337,78347,1.2599999904632568
1781071120.8899662,78482,1.2799999713897705
1781071120.9468305,78574,1.2799999713897705
1781071121.007784,78664,1.2799999713897705
1781071121.0697625,78756,1.25
1781071121.1432087,78876,1.2200000286102295
1781071121.1966667,78966,1.2300000190734863
1781071121.279282,79113,1.2300000190734863
1781071121.3378081,79205,1.2200000286102295
1781071121.5087087,79511,1.2400000095367432
1781071121.568934,79603,1.2200000286102295
1781071121.627768,79693,1.2000000476837158
1781071121.6762462,79783,1.2000000476837158
1781071121.779754,79954,1.2000000476837158
1781071121.8338041,80042,1.2100000381469727
1781071121.8917134,80134,1.190000057220459
1781071121.9501042,80224,1.190000057220459
1781071122.0062423,80316,1.190000057220459
1781071122.0748951,80434,1.1799999475479126
1781071122.2001114,80647,1.1799999475479126
1781071122.342924,80891,1.2699999809265137
1781071122.4150772,81009,1.2100000381469727
1781071122.4825335,81129,1.2100000381469727
1781071122.6502843,81421,1.25
1781071122.7331471,81556,1.2599999904632568
1781071122.790059,81644,1.2599999904632568
1781071122.8511055,81734,1.2599999904632568
1781071122.9085288,81826,1.2599999904632568
1781071123.0944777,82155,1.2599999904632568
1781071123.1553802,82245,1.3200000524520874
1781071123.2149968,82335,1.3200000524520874
1781071123.3291707,82528,1.340000033378601
1781071123.4278274,82698,1.340000033378601
1781071123.5283546,82863,1.3600000143051147
1781071123.6393628,83047,1.3899999856948853
1781071123.7415714,83211,1.4199999570846558
1781071123.8088288,83329,1.4199999570846558
1781071123.8614225,83419,1.4199999570846558
1781071123.9155948,83509,1.399999976158142
1781071124.029293,83701,1.409999966621399
1781071124.1593971,83926,1.4199999570846558
1781071124.2152622,84018,1.4299999475479126
1781071124.2838862,84136,1.4299999475479126
1781071124.3434196,84228,1.4299999475479126
1781071124.456282,84419,1.440000057220459
1781071124.5339806,84560,1.440000057220459
1781071124.5931065,84652,1.4199999570846558
1781071124.6744084,84770,1.4199999570846558
1781071124.7704737,84935,1.4500000476837158
1781071124.828628,85021,1.4299999475479126
1781071124.94478,85207,1.4299999475479126
1781071125.0070786,85297,1.3899999856948853
1781071125.0618732,85385,1.3899999856948853
1781071125.1223235,85477,1.3799999952316284
1781071125.1829498,85567,1.3600000143051147
1781071125.2561882,85688,1.3700000047683716
1781071125.3128295,85780,1.3300000429153442
1781071125.3695502,85872,1.3300000429153442
1781071125.4295058,85960,1.3200000524520874
1781071125.5326416,86128,1.2799999713897705
1781071125.5939534,86218,1.2999999523162842
1781071125.7247896,86463,1.3300000429153442
1781071125.7889526,86581,1.3300000429153442
1781071125.844377,86673,1.340000033378601
1781071125.9276602,86811,1.3300000429153442
1781071126.003842,86947,1.350000023841858
1781071126.05997,87039,1.350000023841858
1781071126.2203002,87352,1.350000023841858
1781071126.3456113,87572,1.399999976158142
1781071126.3995442,87664,1.399999976158142
1781071126.4547675,87756,1.3799999952316284
1781071126.5232835,87876,1.3899999856948853
1781071126.6158392,88040,1.3899999856948853
1781071126.6714156,88132,1.409999966621399
1781071126.7719185,88314,1.3799999952316284
1781071126.8265188,88404,1.3899999856948853
1781071126.9047322,88540,1.3899999856948853
1781071127.0313282,88775,1.3899999856948853
1781071127.111534,88916,1.409999966621399
1781071127.2099638,89081,1.399999976158142
1781071127.2676234,89171,1.4199999570846558
1781071127.3698776,89351,1.440000057220459
1781071127.459273,89517,1.440000057220459
1781071127.608525,89782,1.4600000381469727
1781071127.6889145,89920,1.4199999570846558
1781071127.7433805,90010,1.409999966621399
1781071127.7996235,90102,1.409999966621399
1781071127.8513482,90194,1.409999966621399
1781071127.9068527,90286,1.399999976158142
1781071127.9618714,90376,1.399999976158142
1781071128.0180113,90468,1.3899999856948853
1781071128.1355581,90683,1.4199999570846558
1781071128.1859977,90775,1.4199999570846558
1781071128.2955523,90960,1.399999976158142
1781071128.4154832,91149,1.4299999475479126
1781071128.4723918,91241,1.399999976158142
1781071128.5772746,91427,1.409999966621399
1781071128.655213,91563,1.409999966621399
1781071128.7341943,91704,1.4199999570846558
1781071128.818374,91843,1.4299999475479126
1781071128.876436,91935,1.3899999856948853
1781071128.9342873,92025,1.3899999856948853
1781071128.9866004,92113,1.3899999856948853
1781071129.0557098,92233,1.3700000047683716
1781071129.2047422,92499,1.3899999856948853
1781071129.2895517,92635,1.399999976158142
1781071129.3456907,92727,1.3899999856948853
1781071129.395662,92817,1.3899999856948853
1781071129.5354784,93050,1.4199999570846558
1781071129.6346312,93215,1.4299999475479126
1781071129.690253,93307,1.4199999570846558
1781071129.7463198,93397,1.409999966621399
1781071129.8195624,93533,1.409999966621399
1781071129.8967602,93669,1.409999966621399
1781071129.980634,93805,1.409999966621399
1781071130.0343983,93895,1.399999976158142
1781071130.1527495,94108,1.409999966621399
1781071130.2036817,94200,1.409999966621399
1781071130.259655,94292,1.3899999856948853
1781071130.3585765,94456,1.3899999856948853
1781071130.4313622,94574,1.3899999856948853
1781071130.5257409,94739,1.399999976158142
1781071130.618355,94908,1.399999976158142
1781071130.7068768,95052,1.4299999475479126
1781071130.7742646,95170,1.4299999475479126
1781071130.8681335,95336,1.4299999475479126
1781071130.9229567,95426,1.4199999570846558
1781071130.9957392,95561,1.4199999570846558
1781071131.069693,95680,1.4299999475479126
1781071131.1368942,95797,1.4500000476837158
1781071131.1935837,95889,1.4500000476837158
1781071131.2673535,96003,1.4500000476837158
1781071131.3699992,96186,1.4500000476837158
1781071131.4241672,96276,1.4500000476837158
1781071131.4794993,96368,1.4299999475479126
1781071131.6339173,96642,1.4500000476837158
1781071131.7079158,96758,1.4600000381469727
1781071131.7812426,96878,1.4600000381469727
1781071131.8398733,96970,1.4700000286102295
1781071131.901817,97062,1.4500000476837158
1781071131.9628172,97154,1.4500000476837158
1781071132.0222135,97242,1.4500000476837158
1781071132.1148872,97409,1.4500000476837158
1781071132.2234654,97594,1.4700000286102295
1781071132.2941484,97714,1.4800000190734863
1781071132.348338,97806,1.399999976158142
1781071132.4062405,97898,1.3899999856948853
1781071132.4616773,97988,1.3899999856948853
1781071132.5722737,98172,1.3600000143051147
1781071132.668747,98337,1.350000023841858
1781071132.7753568,98507,1.3799999952316284
1781071132.861204,98643,1.3899999856948853
1781071132.941226,98781,1.3899999856948853
1781071133.000874,98873,1.399999976158142
1781071133.1010382,99038,1.340000033378601
1781071133.1608455,99128,1.3600000143051147
1781071133.235317,99248,1.340000033378601
1781071133.3363185,99387,1.340000033378601
1781071133.4453537,99523,1.3300000429153442
1781071133.5065925,99613,1.309999942779541
1781071133.5612316,99701,1.2799999713897705
1781071133.6227229,99793,1.2699999809265137
1781071133.6775942,99883,1.2699999809265137
1781071133.7364323,99973,1.2699999809265137
1781071135.097256,100065,1.25
1781071135.6044436,100300,1.2300000190734863
1781071135.9029636,100441,1.25
1781071136.1742997,100559,1.25
1781071136.4797132,100697,1.25
1781071136.6740367,100787,1.2400000095367432
1781071136.9460676,100905,1.2300000190734863
1781071137.1425726,100997,1.2300000190734863
1781071137.4250271,101138,1.2300000190734863
1781071137.6323304,101230,1.2100000381469727
1781071137.9131935,101369,1.2100000381469727
1781071138.100413,101459,1.2000000476837158
1781071138.4764335,101649,1.2200000286102295
1781071139.0895631,101964,1.2200000286102295
1781071139.376219,102106,1.309999942779541
1781071139.5647438,102196,1.309999942779541
1781071139.7413056,102286,1.2999999523162842
1781071140.010337,102422,1.309999942779541
1781071140.3087878,102577,1.309999942779541
1781071140.4679406,102667,1.3300000429153442
1781071140.901829,102902,1.3300000429153442
1781071141.3158429,103122,1.3899999856948853
1781071141.4901993,103214,1.3600000143051147
1781071141.9817507,103478,1.3600000143051147
1781071142.2028093,103598,1.399999976158142
1781071142.5959668,103812,1.399999976158142
1781071142.8187666,103932,1.4199999570846558
1781071142.9991577,104024,1.4199999570846558
1781071143.248272,104162,1.4199999570846558
1781071143.5385592,104323,1.3600000143051147
1781071143.8941832,104511,1.3899999856948853
1781071144.1289423,104629,1.399999976158142
1781071144.3008962,104719,1.3899999856948853
1781071144.599698,104884,1.3899999856948853
1781071145.0149517,105099,1.3899999856948853
1781071145.188985,105191,1.409999966621399
1781071145.4377038,105329,1.409999966621399
1781071145.6797168,105463,1.409999966621399
1781071146.2389808,105733,1.409999966621399
1781071146.4263136,105825,1.4299999475479126
1781071146.5935876,105915,1.4199999570846558
1781071146.7947822,106005,1.399999976158142
1781071147.4925056,106349,1.440000057220459
1781071147.7383401,106466,1.440000057220459
1781071148.184865,106681,1.440000057220459
1781071148.6623523,106914,1.4299999475479126
1781071149.1649227,107155,1.5
1781071149.3641527,107245,1.5
1781071149.556325,107333,1.5
1781071149.014311,107520,1.5
1781071149.2144842,107612,1.5199999809265137
1781071149.415302,107704,1.5199999809265137
1781071149.6154945,107794,1.4900000095367432
1781071149.887667,107932,1.4900000095367432
1781071150.084475,108024,1.5
1781071150.2797968,108114,1.4600000381469727
1781071150.571193,108252,1.4700000286102295
1781071150.8537233,108387,1.4600000381469727
1781071151.0613482,108479,1.4600000381469727
1781071151.3855152,108644,1.440000057220459
1781071151.6575146,108780,1.4600000381469727
1781071151.8642766,108870,1.4600000381469727
1781071152.1426332,109006,1.4700000286102295
1781071152.3200676,109096,1.4700000286102295
1781071152.4885683,109188,1.4700000286102295
1781071152.6642485,109278,1.4500000476837158
1781071152.8462274,109370,1.409999966621399
1781071153.0079474,109462,1.409999966621399
1781071153.209161,109554,1.409999966621399
1781071153.541766,109738,1.3799999952316284
1781071153.7902973,109872,1.3799999952316284
1781071154.0593646,110011,1.399999976158142
1781071154.279413,110129,1.409999966621399
1781071154.6996207,110364,1.409999966621399
1781071154.971302,110507,1.440000057220459
1781071155.3251278,110695,1.4299999475479126
1781071155.5100455,110785,1.440000057220459
1781071155.6918292,110873,1.409999966621399
1781071156.027925,111061,1.409999966621399
1781071156.2934725,111197,1.4299999475479126
1781071156.4729383,111289,1.4199999570846558
1781071156.7760725,111452,1.4299999475479126
1781071157.0364385,111588,1.4199999570846558
1781071157.4031165,111776,1.4199999570846558
1781071157.5751665,111864,1.409999966621399
1781071157.8432097,112005,1.399999976158142
1781071158.0288205,112097,1.3899999856948853
1781071158.2536962,112215,1.3899999856948853
1781071158.603473,112400,1.3899999856948853
1781071159.1009927,112664,1.409999966621399
1781071159.3898942,112811,1.4199999570846558
1781071159.5571127,112901,1.440000057220459
1781071159.747015,112993,1.4299999475479126
1781071160.0308683,113130,1.4299999475479126
1781071160.3077168,113266,1.4199999570846558
1781071160.5825088,113403,1.440000057220459
1781071160.9713745,113589,1.409999966621399
1781071161.1625175,113679,1.399999976158142
1781071161.7209425,113964,1.399999976158142
1781071161.9125657,114052,1.4299999475479126
1781071162.546452,114359,1.4600000381469727
1781071162.9317305,114546,1.5
1781071163.1149926,114636,1.5
1781071163.390615,114774,1.5
1781071163.653191,114891,1.4900000095367432
1781071163.8368816,114983,1.4800000190734863
1781071164.0485168,115075,1.4700000286102295
1781071164.2258198,115163,1.4700000286102295
1781071164.4580917,115283,1.4700000286102295
1781071164.6481333,115375,1.4700000286102295
1781071164.929798,115516,1.4700000286102295
1781071165.1393578,115606,1.4299999475479126
1781071165.3174052,115696,1.4199999570846558
1781071165.5049293,115788,1.4199999570846558
1781071165.7974958,115924,1.409999966621399
1781071166.162684,116091,1.440000057220459
1781071166.5134184,116259,1.4199999570846558
1781071166.7073154,116351,1.4299999475479126
1781071167.0317123,116516,1.4299999475479126
1781071167.3010967,116655,1.440000057220459
1781071167.6587029,116843,1.4600000381469727
1781071168.0810287,117058,1.4900000095367432
1781071168.270924,117146,1.4900000095367432
1781071168.4444141,117236,1.4900000095367432
1781071168.6188755,117328,1.4900000095367432
1781071168.9504707,117493,1.4900000095367432
1781071169.120783,117583,1.5
1781071169.28867,117671,1.4700000286102295
1781071169.550649,117807,1.4700000286102295
1781071169.7407217,117897,1.4700000286102295
1781071169.9772296,118018,1.4700000286102295
1781071170.2064328,118110,1.4600000381469727
1781071170.6459131,118324,1.4900000095367432
1781071171.1623824,118588,1.4900000095367432
1781071171.4922833,118753,1.5199999809265137
1781071171.6721034,118843,1.5399999618530273
1781071171.9434159,118980,1.5299999713897705
1781071172.1290412,119070,1.5199999809265137
1781071172.4854448,119255,1.5199999809265137
1781071172.7326262,119373,1.4600000381469727
1781071172.9040778,119461,1.4600000381469727
1781071173.3228014,119676,1.4900000095367432
1781071173.5511189,119796,1.4900000095367432
1781071173.7934344,119916,1.4900000095367432
1781071173.9943497,120006,1.4800000190734863
1781071174.281785,120144,1.4800000190734863
1781071174.5561326,120265,1.4199999570846558
1781071174.7463598,120357,1.409999966621399
1781071174.9319687,120449,1.409999966621399
1781071175.2208104,120597,1.3600000143051147
1781071175.4055898,120689,1.3799999952316284
1781071175.569722,120779,1.340000033378601
1781071175.7183187,120867,1.340000033378601
1781071175.9912148,121003,1.340000033378601
1781071176.215838,121123,1.340000033378601
1781071176.613499,121308,1.309999942779541
1781071176.9760473,121495,1.340000033378601
1781071177.5715978,121807,1.3899999856948853
1781071177.8446505,121943,1.3899999856948853
1781071178.0251377,122033,1.3799999952316284
1781071178.197877,122123,1.350000023841858
1781071178.4524622,122241,1.350000023841858
1781071178.6333988,122331,1.340000033378601
1781071178.8991687,122470,1.340000033378601
1781071179.1128619,122562,1.2999999523162842
1781071179.416794,122701,1.2999999523162842
1781071179.8476613,122896,1.340000033378601
1781071180.233299,123080,1.2999999523162842
1781071180.4079068,123172,1.2999999523162842
1781071180.7423975,123339,1.2899999618530273
1781071181.0368357,123476,1.2799999713897705
1781071181.247376,123568,1.2000000476837158
1781071180.7063634,123702,1.2100000381469727
1781071180.970585,123836,1.2100000381469727
1781071181.252178,123972,1.2200000286102295
1781071181.4395149,124064,1.2100000381469727
1781071181.6268349,124154,1.2100000381469727
1781071181.8139384,124244,1.2100000381469727
1781071182.000344,124336,1.2100000381469727
1781071182.1665995,124426,1.2000000476837158
1781071182.4838219,124593,1.2000000476837158
1781071182.8683977,124782,1.2300000190734863
1781071183.0381362,124874,1.2200000286102295
1781071184.1739674,125087,1.2200000286102295
1781071184.4432092,125223,1.25
1781071184.8169394,125414,1.25
1781071185.173662,125581,1.2699999809265137
1781071185.449326,125714,1.2699999809265137
1781071185.6387584,125802,1.2699999809265137
1781071185.8810947,125920,1.2699999809265137
1781071186.086981,126012,1.2799999713897705
1781071186.5109146,126197,1.2999999523162842
1781071186.865451,126360,1.3200000524520874
1781071187.1465964,126496,1.3200000524520874
1781071187.3393848,126584,1.3300000429153442
1781071187.5401995,126676,1.309999942779541
1781071187.750329,126766,1.2899999618530273
1781071188.0060942,126886,1.2899999618530273
1781071188.3767934,127072,1.2899999618530273
1781071188.6650345,127208,1.2699999809265137
1781071188.8532076,127300,1.2799999713897705
1781071189.0381806,127386,1.2599999904632568
1781071189.2417593,127474,1.2599999904632568
1781071189.7684333,127736,1.2599999904632568
1781071190.3038576,127982,1.2899999618530273
1781071190.4795413,128072,1.309999942779541
1781071190.6564054,128164,1.2899999618530273
1781071190.964233,128300,1.2899999618530273
1781071191.2288797,128440,1.2899999618530273
1781071191.4095132,128530,1.2799999713897705
1781071191.6654818,128666,1.2799999713897705
1781071191.936726,128805,1.2899999618530273
1781071192.2444375,128966,1.2999999523162842
1781071192.4229965,129056,1.2999999523162842
1781071192.8397002,129269,1.2699999809265137
1781071193.1202657,129407,1.2799999713897705
1781071193.4002783,129543,1.2699999809265137
1781071193.6949377,129683,1.2799999713897705
1781071194.165108,129941,1.2799999713897705
1781071194.3545222,130031,1.309999942779541
1781071194.624372,130167,1.2899999618530273
1781071195.022002,130364,1.2899999618530273
1781071195.2513561,130484,1.3200000524520874
1781071195.4173813,130574,1.3200000524520874
1781071195.5999813,130664,1.2799999713897705
1781071195.7754061,130752,1.25
1781071195.9513972,130842,1.2100000381469727
1781071196.2251315,130982,1.2200000286102295
1781071196.407381,131074,1.2200000286102295
1781071196.5829523,131164,1.2100000381469727
1781071196.761983,131252,1.2000000476837158
1781071197.023178,131372,1.2000000476837158
1781071197.2085729,131462,1.2100000381469727
1781071197.5905168,131648,1.2100000381469727
1781071197.924955,131814,1.2300000190734863
1781071198.2856753,132001,1.25
1781071198.481042,132091,1.25
1781071198.8591614,132286,1.2799999713897705
1781071199.0281844,132378,1.2799999713897705
1781071199.3729143,132559,1.2799999713897705
1781071199.7651656,132758,1.2899999618530273
1781071199.9394531,132848,1.309999942779541
1781071200.1352508,132936,1.2899999618530273
1781071200.4826028,133104,1.2899999618530273
1781071200.9436052,133317,1.2899999618530273
1781071201.3746963,133504,1.2999999523162842
1781071201.681081,133640,1.2899999618530273
1781071202.0095477,133803,1.309999942779541
1781071202.3335152,133957,1.309999942779541
1781071202.6205444,134093,1.3300000429153442
1781071202.8058913,134183,1.340000033378601
1781071203.2408388,134396,1.350000023841858
1781071203.4618623,134486,1.350000023841858
1781071203.654103,134578,1.350000023841858
1781071203.8616786,134670,1.340000033378601
1781071204.1046681,134786,1.3300000429153442
1781071204.2998593,134876,1.340000033378601
1781071204.5004048,134966,1.309999942779541
1781071204.7187169,135058,1.309999942779541
1781071205.0621545,135225,1.2699999809265137
1781071205.2683287,135315,1.2699999809265137
1781071205.559956,135455,1.2799999713897705
1781071206.1494038,135740,1.3200000524520874
1781071206.3348703,135830,1.3200000524520874
1781071206.6685693,135966,1.2899999618530273
1781071207.142329,136201,1.3200000524520874
1781071207.5088928,136368,1.3200000524520874
1781071207.7125552,136458,1.309999942779541
1781071208.2584553,136722,1.309999942779541
1781071208.4412818,136814,1.340000033378601
1781071208.7677832,136981,1.340000033378601
1781071209.0454254,137121,1.350000023841858
1781071209.2271645,137213,1.350000023841858
1781071209.3999498,137305,1.350000023841858
1781071209.720704,137470,1.3700000047683716
1781071209.913557,137558,1.350000023841858
1781071210.0867314,137648,1.350000023841858
1781071210.275262,137734,1.350000023841858
1781071210.4562201,137826,1.350000023841858
1781071210.893981,138039,1.340000033378601
1781071211.2926924,138252,1.3799999952316284
1781071211.5398686,138370,1.3600000143051147
1781071211.7295406,138460,1.309999942779541
1781071211.9190257,138552,1.309999942779541
1781071212.4570808,138820,1.3200000524520874
1781071212.7304945,138956,1.3600000143051147
1781071212.946669,139046,1.350000023841858
1781071212.275481,139136,1.350000023841858
1781071212.4632368,139228,1.350000023841858
1781071212.6557074,139320,1.340000033378601
1781071212.9401817,139458,1.340000033378601
1781071213.4182413,139706,1.340000033378601
1781071213.674478,139830,1.340000033378601
1781071213.8410728,139918,1.340000033378601
1781071214.1321373,140064,1.3300000429153442
1781071214.3143723,140156,1.3300000429153442
1781071214.6322508,140319,1.350000023841858
1781071214.8095908,140409,1.340000033378601
1781071215.003178,140499,1.340000033378601
1781071215.2263849,140591,1.3300000429153442
1781071215.4173443,140683,1.3200000524520874
1781071215.6243541,140773,1.3200000524520874
1781071215.8249643,140863,1.3200000524520874
1781071216.161692,141028,1.3200000524520874
1781071216.4719815,141166,1.350000023841858
1781071216.6624494,141258,1.350000023841858
1781071216.8578508,141350,1.309999942779541
1781071217.2277675,141513,1.3300000429153442
1781071217.4394107,141601,1.3300000429153442
1781071217.647207,141693,1.2999999523162842
1781071217.96141,141844,1.2699999809265137
1781071218.1486418,141934,1.2699999809265137
1781071218.3639345,142026,1.2599999904632568
1781071218.8168645,142241,1.2599999904632568
1781071219.1098268,142382,1.2999999523162842
1781071219.6650252,142642,1.309999942779541
1781071220.0619786,142829,1.3300000429153442
1781071220.2512052,142919,1.309999942779541
1781071220.441364,143011,1.309999942779541
1781071221.1331599,143324,1.2999999523162842
1781071221.3400025,143414,1.350000023841858
1781071221.879351,143675,1.3799999952316284
1781071222.0589075,143765,1.3799999952316284
1781071222.2425385,143855,1.3799999952316284
1781071222.6947942,144050,1.3600000143051147
1781071223.1318083,144269,1.409999966621399
1781071223.645949,144533,1.4500000476837158
1781071223.8840463,144655,1.4600000381469727
1781071224.0677922,144743,1.4600000381469727
1781071224.3914092,144906,1.409999966621399
1781071224.7529075,145094,1.4199999570846558
1781071224.9321625,145186,1.4199999570846558
1781071225.1111367,145278,1.409999966621399
1781071225.3009055,145366,1.409999966621399
1781071225.5238433,145484,1.399999976158142
1781071225.686119,145572,1.409999966621399
1781071225.8656356,145664,1.3899999856948853
1781071226.0352302,145754,1.3700000047683716
1781071226.2133808,145846,1.3700000047683716
1781071226.3980122,145936,1.3700000047683716
1781071226.6065688,146028,1.3300000429153442
1781071226.8134577,146120,1.3200000524520874
1781071227.0009851,146212,1.309999942779541
1781071227.2099226,146302,1.309999942779541
1781071227.3894677,146392,1.2699999809265137
1781071227.6899912,146529,1.2799999713897705
1781071227.913142,146619,1.2599999904632568
1781071228.184814,146739,1.2400000095367432
1781071228.556303,146905,1.2400000095367432
1781071228.93387,147074,1.2599999904632568
1781071229.1651561,147162,1.2799999713897705
1781071229.4900403,147302,1.2899999618530273
1781071229.8482783,147471,1.2999999523162842
1781071230.4004722,147735,1.2999999523162842
1781071230.7924516,147900,1.340000033378601
1781071231.0348885,148020,1.3700000047683716
1781071231.3172224,148138,1.3700000047683716
1781071231.5906527,148260,1.3799999952316284
1781071232.0145528,148471,1.3799999952316284
1781071232.225059,148561,1.3799999952316284
1781071232.4369297,148651,1.350000023841858
1781071232.6313837,148741,1.350000023841858
1781071233.006441,148906,1.340000033378601
1781071233.1968136,148998,1.340000033378601
1781071233.3963976,149090,1.340000033378601
1781071234.0384762,149401,1.3200000524520874
1781071234.566324,149663,1.3700000047683716
1781071234.759031,149753,1.3700000047683716
1781071234.9414957,149843,1.3700000047683716
1781071235.1272771,149933,1.350000023841858
1781071236.156423,150023,1.309999942779541
1781071236.6239629,150268,1.3300000429153442
1781071236.962154,150429,1.3300000429153442
1781071237.1380715,150521,1.3300000429153442
1781071237.3122501,150611,1.309999942779541
1781071237.4830134,150701,1.2999999523162842
1781071237.9089153,150916,1.2799999713897705
1781071238.3834057,151154,1.3300000429153442
1781071238.7353036,151322,1.3300000429153442
1781071239.0126114,151457,1.3600000143051147
1781071239.278378,151596,1.3700000047683716
1781071239.5324244,151716,1.3600000143051147
1781071239.8290055,151856,1.3799999952316284
1781071239.9992106,151944,1.3799999952316284
1781071240.1968253,152034,1.3799999952316284
1781071240.378329,152124,1.3600000143051147
1781071240.7072918,152291,1.350000023841858
1781071241.2993653,152583,1.3899999856948853
1781071241.6395836,152752,1.3899999856948853
1781071241.9656634,152893,1.409999966621399
1781071242.2745566,153031,1.3899999856948853
1781071242.969144,153346,1.4199999570846558
1781071243.1643167,153436,1.4199999570846558
1781071243.7295265,153700,1.4199999570846558
1781071244.3764539,153994,1.4299999475479126
1781071243.8194542,154133,1.4800000190734863
1781071244.0384994,154225,1.4500000476837158
1781071244.2352386,154315,1.4500000476837158
1781071244.433473,154403,1.4500000476837158
1781071245.01133,154686,1.440000057220459
1781071245.332655,154825,1.4800000190734863
1781071245.536843,154917,1.4800000190734863
1781071245.8747056,155078,1.5
1781071246.0770285,155170,1.5
1781071246.2816312,155262,1.5
1781071246.6617045,155427,1.4500000476837158
1781071246.8826203,155519,1.4500000476837158
1781071247.521992,155793,1.5
1781071247.8344293,155931,1.5
1781071248.041696,156023,1.4900000095367432
1781071248.4041405,156188,1.4700000286102295
1781071248.761365,156353,1.4700000286102295
1781071249.1348922,156540,1.5099999904632568
1781071249.8728209,156906,1.5099999904632568
1781071250.1583104,157052,1.6399999856948853
1781071250.3562794,157142,1.6399999856948853
1781071250.5534887,157234,1.600000023841858
1781071251.1485302,157543,1.6299999952316284
1781071251.513782,157728,1.6299999952316284
1781071251.7125478,157818,1.649999976158142
1781071252.1281338,158015,1.6299999952316284
1781071252.4238036,158149,1.6399999856948853
1781071252.863145,158378,1.690000057220459
1781071253.0548518,158470,1.690000057220459
1781071253.6090598,158742,1.7100000381469727
1781071253.807299,158834,1.7400000095367432
1781071254.172907,159018,1.7400000095367432
1781071254.6810417,159262,1.8200000524520874
1781071255.024509,159431,1.8200000524520874
1781071255.3375852,159598,1.8200000524520874
1781071255.5675297,159690,1.8300000429153442
1781071256.135005,159954,1.8700000047683716
1781071256.3230152,160042,1.850000023841858
1781071256.5072696,160132,1.850000023841858
1781071256.9277322,160318,1.850000023841858
1781071257.380384,160532,1.8799999952316284
1781071257.7779837,160697,1.8799999952316284
1781071258.3767607,160986,1.940000057220459
1781071258.74412,161151,1.940000057220459
1781071259.0663838,161289,1.9199999570846558
1781071259.4926245,161475,1.9199999570846558
1781071259.735996,161565,1.8899999856948853
1781071260.27709,161778,1.9199999570846558
1781071260.6383812,161943,1.9199999570846558
1781071260.8828042,162065,1.940000057220459
1781071261.1676714,162202,1.899999976158142
1781071261.5384378,162372,1.899999976158142
1781071261.9125345,162538,1.909999966621399
1781071262.1093795,162628,1.909999966621399
1781071262.5582156,162829,1.909999966621399
1781071263.089883,163077,1.9199999570846558
1781071263.6079612,163313,1.940000057220459
1781071263.92685,163466,1.9500000476837158
1781071264.464011,163743,1.9500000476837158
1781071264.9912431,164010,2.0
1781071265.3564687,164196,2.0199999809265137
1781071265.540615,164288,2.0199999809265137
1781071265.741687,164380,2.0199999809265137
1781071266.3745904,164695,2.0199999809265137
1781071266.8156927,164912,2.109999895095825
1781071267.2747397,165127,2.119999885559082
1781071267.8711529,165419,2.2200000286102295
1781071268.4567723,165706,2.2899999618530273
1781071268.804858,165871,2.2899999618530273
1781071269.0699883,165991,2.309999942779541
1781071269.391896,166153,2.3299999237060547
1781071269.8739862,166385,2.359999895095825
1781071270.188852,166536,2.4000000953674316
1781071270.3720586,166626,2.4000000953674316
1781071270.574302,166716,2.4000000953674316
1781071270.8324518,166836,2.390000104904175
1781071271.0495148,166928,2.4000000953674316
1781071271.2547138,167018,2.390000104904175
1781071271.528485,167138,2.390000104904175
1781071271.7828007,167256,2.390000104904175
1781071272.4600332,167568,2.390000104904175
1781071272.760452,167707,2.430000066757202
1781071272.973056,167799,2.4100000858306885
1781071273.4501016,168030,2.4100000858306885
1781071273.7857785,168195,2.4100000858306885
1781071273.9821076,168285,2.4000000953674316
1781071274.2189372,168403,2.4100000858306885
1781071274.5362616,168550,2.4100000858306885
1781071274.9222276,168718,2.4100000858306885
1781071275.2781026,168887,2.4200000762939453
1781071275.6812189,169074,2.4200000762939453
1781071276.0518491,169245,2.450000047683716
1781071275.5721438,169415,2.4600000381469727
1781071275.9487271,169581,2.4600000381469727
1781071276.440125,169796,2.4800000190734863
1781071277.0232794,170049,2.5299999713897705
1781071277.3624947,170216,2.4600000381469727
1781071278.0243568,170531,2.5299999713897705
1781071278.3124096,170669,2.5299999713897705
1781071278.851805,170933,2.5399999618530273
1781071279.201546,171102,2.5899999141693115
1781071279.6525817,171316,2.5899999141693115
1781071279.833919,171404,2.569999933242798
1781071280.239781,171619,2.569999933242798
1781071280.5056453,171737,2.609999895095825
1781071280.92302,171950,2.630000114440918
1781071281.1960135,172088,2.630000114440918
1781071281.7116022,172327,2.6500000953674316
1781071281.895748,172417,2.6500000953674316
1781071282.2190611,172583,2.619999885559082
1781071282.5566187,172750,2.630000114440918
1781071282.8113663,172868,2.6500000953674316
1781071283.0218642,172958,2.640000104904175
1781071283.3041306,173095,2.640000104904175
1781071283.5648732,173215,2.6600000858306885
1781071283.7636974,173305,2.6600000858306885
1781071284.0442548,173441,2.6700000762939453
1781071284.5169835,173678,2.619999885559082
1781071284.7842257,173818,2.619999885559082
1781071285.1293647,173980,2.619999885559082
1781071285.6120765,174192,2.630000114440918
1781071286.3068836,174508,2.619999885559082
1781071286.5049274,174598,2.640000104904175
1781071286.6900752,174688,2.640000104904175
1781071286.9555058,174810,2.5899999141693115
1781071288.2460027,175010,2.569999933242798
1781071288.4944656,175130,2.5799999237060547
1781071288.8474882,175297,2.609999895095825
1781071289.040225,175389,2.609999895095825
1781071289.2345471,175479,2.5999999046325684
1781071289.522482,175620,2.559999942779541
1781071289.8047574,175740,2.5799999237060547
1781071290.0239723,175830,2.559999942779541
1781071290.4193518,175997,2.559999942779541
1781071291.1460783,176335,2.5999999046325684
1781071291.838961,176664,2.6700000762939453
1781071292.2307897,176853,2.690000057220459
1781071292.893069,177172,2.690000057220459
1781071293.1704714,177308,2.690000057220459
1781071293.3721223,177398,2.690000057220459
1781071293.5646155,177488,2.6700000762939453
1781071293.9862766,177688,2.700000047683716
1781071294.514146,177949,2.700000047683716
1781071295.2094965,178295,2.700000047683716
1781071295.7312174,178545,2.6600000858306885
1781071295.9114764,178633,2.6700000762939453
1781071296.2827005,178826,2.680000066757202
1781071296.8275142,179096,2.690000057220459
1781071297.4644537,179413,2.690000057220459
1781071297.846274,179601,2.7300000190734863
1781071298.0276828,179693,2.740000009536743
1781071298.1998076,179783,2.7100000381469727
1781071298.5552485,179948,2.680000066757202
1781071298.7400503,180040,2.680000066757202
1781071299.0037637,180178,2.6700000762939453
1781071299.2747579,180314,2.6500000953674316
1781071299.6381857,180501,2.6600000858306885
1781071299.8995059,180640,2.5999999046325684
1781071300.4150717,180900,2.5999999046325684
1781071300.8396447,181097,2.619999885559082
1781071301.0393813,181189,2.630000114440918
1781071301.356839,181340,2.609999895095825
1781071302.0743465,181652,2.6600000858306885
1781071302.467,181816,2.6600000858306885
1781071302.7606297,181957,2.690000057220459
1781071302.9473615,182047,2.6600000858306885
1781071303.3078911,182214,2.6500000953674316
1781071303.8354056,182450,2.630000114440918
1781071304.1126518,182570,2.630000114440918
1781071304.297075,182662,2.619999885559082
1781071304.5084603,182754,2.5999999046325684
1781071304.99332,182972,2.5999999046325684
1781071305.5572708,183241,2.6600000858306885
1781071305.7522573,183331,2.6600000858306885
1781071305.9639125,183423,2.640000104904175
1781071306.3234646,183588,2.630000114440918
1781071306.963849,183884,2.6500000953674316
1781071307.5857263,184173,2.690000057220459
1781071307.8027954,184263,2.690000057220459
1781071307.2543957,184402,2.690000057220459
1781071307.6624668,184569,2.630000114440918
1781071307.876214,184661,2.5899999141693115
1781071308.197918,184798,2.5799999237060547
1781071308.3659172,184890,2.5799999237060547
1781071308.5558681,184982,2.5299999713897705
1781071308.9534752,185171,2.4700000286102295
1781071309.5449445,185461,2.5299999713897705
1781071309.7317002,185549,2.5299999713897705
1781071309.9192119,185639,2.5299999713897705
1781071310.347349,185837,2.440000057220459
1781071310.7538767,186050,2.4600000381469727
1781071311.338621,186343,2.4100000858306885
1781071311.7024548,186532,2.380000114440918
1781071312.2905982,186828,2.380000114440918
1781071312.6440794,186994,2.4200000762939453
1781071313.0844924,187210,2.430000066757202
1781071313.3725834,187347,2.4200000762939453
1781071313.5775898,187437,2.380000114440918
1781071313.8376741,187574,2.380000114440918
1781071314.322243,187820,2.4100000858306885
1781071314.494179,187910,2.430000066757202
1781071314.6772316,188000,2.4200000762939453
1781071315.1904502,188248,2.4600000381469727
1781071315.6135716,188433,2.4600000381469727
1781071315.925288,188569,2.4600000381469727
1781071316.1834602,188689,2.450000047683716
1781071316.5723543,188854,2.4200000762939453
1781071317.066761,189068,2.4600000381469727
1781071317.3286397,189188,2.4600000381469727
1781071317.6875243,189354,2.430000066757202
1781071318.00976,189496,2.440000057220459
1781071318.3762016,189667,2.450000047683716
1781071318.8625689,189880,2.4600000381469727
1781071319.0458877,189968,2.4600000381469727
1781071319.8293517,190307,2.430000066757202
1781071320.2568588,190495,2.5199999809265137
1781071320.7365365,190684,2.5199999809265137
1781071321.4916968,191022,2.569999933242798
1781071321.9206755,191223,2.569999933242798
1781071322.1347656,191309,2.5799999237060547
1781071322.329493,191399,2.509999990463257
1781071322.675254,191563,2.5199999809265137
1781071323.1634967,191800,2.490000009536743
1781071323.357185,191892,2.490000009536743
1781071323.6715426,192043,2.4800000190734863
1781071323.9696422,192181,2.4600000381469727
1781071324.1625907,192271,2.4200000762939453
1781071324.404277,192391,2.430000066757202
1781071324.9471133,192655,2.430000066757202
1781071325.2555075,192796,2.440000057220459
1781071325.6977162,193000,2.4200000762939453
1781071326.0728974,193191,2.4600000381469727
1781071326.2658153,193283,2.390000104904175
1781071326.550746,193431,2.390000104904175
1781071327.2262638,193775,2.430000066757202
1781071327.6230369,193967,2.4600000381469727
1781071328.020049,194152,2.4700000286102295
1781071328.216022,194240,2.4600000381469727
1781071328.6708333,194470,2.4600000381469727
1781071329.2198153,194738,2.4800000190734863
1781071329.796297,195002,2.5299999713897705
1781071330.2462795,195219,2.569999933242798
1781071330.8615115,195487,2.5799999237060547
1781071331.2239683,195652,2.5799999237060547
1781071331.7055867,195865,2.5799999237060547
1781071332.2200525,196101,2.5999999046325684
1781071332.748091,196337,2.5999999046325684
1781071333.1231823,196525,2.5999999046325684
1781071333.4025187,196643,2.5999999046325684
1781071333.7316027,196783,2.619999885559082
1781071334.2238607,196996,2.5899999141693115
1781071334.9021747,197315,2.6700000762939453
1781071335.769755,197686,2.75
1781071336.0767877,197826,2.75
1781071336.4925196,197999,2.7699999809265137
1781071336.8113472,198137,2.799999952316284
1781071337.058629,198255,2.7899999618530273
1781071337.316164,198375,2.799999952316284
1781071337.7521641,198586,2.799999952316284
1781071338.2353363,198821,2.7899999618530273
1781071338.6651733,199037,2.7799999713897705
1781071338.8680215,199129,2.740000009536743
1781071339.1714478,199265,2.700000047683716
1781071338.6860132,199452,2.700000047683716
1781071339.1527755,199665,2.7200000286102295
1781071339.5249653,199834,2.75
1781071340.7247324,200001,2.75
1781071340.938817,200093,2.7100000381469727
1781071341.599244,200408,2.7100000381469727
1781071341.7873795,200496,2.6700000762939453
1781071342.3135722,200743,2.680000066757202
1781071342.5042186,200833,2.690000057220459
1781071342.949582,201045,2.6600000858306885
1781071343.3551512,201238,2.6600000858306885
1781071343.6194198,201360,2.640000104904175
1781071344.0356643,201560,2.6600000858306885
1781071344.4351425,201742,2.680000066757202
1781071344.8012037,201911,2.680000066757202
1781071345.4954164,202235,2.680000066757202
1781071345.727639,202327,2.7300000190734863
1781071346.2962565,202556,2.7300000190734863
1781071346.6695294,202724,2.759999990463257
1781071347.1019728,202921,2.7799999713897705
1781071347.5141315,203108,2.7799999713897705
1781071347.8787754,203276,2.759999990463257
1781071348.1529024,203396,2.75
1781071348.3651428,203486,2.740000009536743
1781071348.7549648,203673,2.7100000381469727
1781071349.2031558,203859,2.7100000381469727
1781071349.6916974,204074,2.700000047683716
1781071350.1063979,204262,2.75
1781071350.3041992,204352,2.740000009536743
1781071350.533798,204444,2.700000047683716
1781071350.859946,204581,2.700000047683716
1781071351.3523536,204796,2.700000047683716
1781071351.7126288,204963,2.740000009536743
1781071352.0406444,205127,2.759999990463257
1781071352.3357728,205245,2.680000066757202
1781071352.777494,205460,2.680000066757202
1781071353.0872817,205597,2.7200000286102295
1781071353.689309,205878,2.740000009536743
1781071353.8669899,205968,2.7100000381469727
1781071354.3078322,206184,2.680000066757202
1781071354.6536617,206348,2.680000066757202
1781071354.843364,206440,2.700000047683716
1781071355.2532232,206635,2.700000047683716
1781071355.677794,206861,2.7300000190734863
1781071356.098798,207125,2.7699999809265137
1781071356.3627071,207275,2.7699999809265137
1781071356.6589556,207442,2.7899999618530273
1781071357.045378,207690,2.8399999141693115
1781071357.2613776,207826,2.7899999618530273
1781071357.4819832,207965,2.809999942779541
1781071357.6777122,208081,2.809999942779541
1781071357.979701,208252,2.819999933242798
1781071358.2212868,208374,2.809999942779541
1781071358.4355748,208492,2.759999990463257
1781071358.7479753,208678,2.75
1781071358.9432852,208798,2.75
1781071359.4122725,209092,2.700000047683716
1781071359.872237,209359,2.7300000190734863
1781071360.3536673,209630,2.799999952316284
1781071360.7770689,209877,2.8499999046325684
1781071361.0472808,210044,2.8499999046325684
1781071361.253613,210164,2.8399999141693115
1781071361.5722227,210358,2.8399999141693115
1781071361.7726634,210476,2.869999885559082
1781071361.9410841,210568,2.8299999237060547
1781071362.5230505,210915,2.8299999237060547
1781071362.770844,211054,2.869999885559082
1781071363.008593,211190,2.869999885559082
1781071363.3789866,211407,2.890000104904175
1781071363.538779,211499,2.8499999046325684
1781071364.0190084,211788,2.8499999046325684
1781071364.229663,211904,2.9000000953674316
1781071364.7061903,212191,2.9100000858306885
1781071365.0697265,212406,2.9200000762939453
1781071365.268971,212526,2.9200000762939453
1781071365.5263946,212691,2.9200000762939453
1781071365.9739156,212950,2.940000057220459
1781071366.1372335,213040,2.880000114440918
1781071366.2926567,213130,2.8499999046325684
1781071366.7475705,213392,2.809999942779541
1781071367.101708,213606,2.809999942779541
1781071367.5484455,213852,2.819999933242798
1781071367.8106456,214002,2.859999895095825
1781071368.092153,214168,2.869999885559082
1781071368.2912872,214290,2.8499999046325684
1781071368.6300325,214503,2.8499999046325684
1781071368.8629663,214643,2.880000114440918
1781071369.0620773,214763,2.869999885559082
1781071369.2472572,214881,2.880000114440918
1781071369.5900278,215092,2.9000000953674316
1781071369.8111258,215228,2.9000000953674316
1781071370.175752,215425,2.880000114440918
1781071370.3659117,215543,2.890000104904175
1781071370.6294596,215693,2.869999885559082
1781071370.9528618,215879,2.890000104904175
1781071370.5201201,216123,2.890000104904175
1781071371.0998733,216467,2.9000000953674316
1781071371.3529088,216610,2.9100000858306885
1781071371.6172814,216776,2.9000000953674316
1781071372.096246,217068,2.950000047683716
1781071372.2617147,217160,2.950000047683716
1781071372.9677367,217565,2.940000057220459
1781071373.4065495,217833,2.9800000190734863
1781071374.123476,218253,3.0399999618530273
1781071374.412793,218423,3.0199999809265137
1781071374.867565,218691,3.0199999809265137
1781071375.472051,219054,3.0799999237060547
1781071375.8697224,219291,3.109999895095825
1781071376.2652626,219524,3.0899999141693115
1781071376.6448417,219747,3.130000114440918
1781071377.1277096,220028,3.130000114440918
1781071377.4509892,220217,3.1500000953674316
1781071377.7652593,220403,3.190000057220459
1781071378.0959897,220581,3.119999885559082
1781071378.2852752,220697,3.0299999713897705
1781071378.5353885,220861,3.0299999713897705
1781071378.770591,221001,3.0299999713897705
1781071379.115397,221214,3.0199999809265137
1781071379.5320182,221460,3.059999942779541
1781071379.7421587,221582,3.069999933242798
1781071380.1108088,221805,3.069999933242798
1781071380.3151133,221928,3.0899999141693115
1781071380.6245463,222093,3.0299999713897705
1781071381.162314,222415,3.0999999046325684
1781071381.5831165,222687,3.1700000762939453
1781071381.7770364,222807,3.1700000762939453
1781071382.0216079,222951,3.1500000953674316
1781071382.3273625,223137,3.1500000953674316
1781071382.9298754,223502,3.1600000858306885
1781071383.294576,223723,3.25
1781071383.4957469,223843,3.25
1781071383.6980016,223959,3.2100000381469727
1781071383.8938034,224077,3.200000047683716
1781071384.1007106,224197,3.200000047683716
1781071384.473048,224411,3.200000047683716
1781071384.8312829,224624,3.200000047683716
1781071385.0464196,224741,3.200000047683716
1781071385.3740788,224938,3.180000066757202
1781071386.7276304,225202,3.2200000286102295
1781071386.9904182,225368,3.2200000286102295
1781071387.4565237,225652,3.2200000286102295
1781071387.6093903,225742,3.2100000381469727
1781071387.817688,225862,3.200000047683716
1781071388.1857243,226080,3.200000047683716
1781071388.46876,226244,3.180000066757202
1781071389.1000783,226619,3.180000066757202
1781071389.4274442,226819,3.2200000286102295
1781071389.8944986,227109,3.240000009536743
1781071390.3234558,227373,3.309999942779541
1781071390.8019705,227675,3.359999895095825
1781071391.2652416,227968,3.359999895095825
1781071391.432484,228058,3.390000104904175
1781071391.733331,228256,3.369999885559082
1781071392.0836048,228457,3.4000000953674316
1781071392.373152,228625,3.4200000762939453
1781071392.7427669,228855,3.4200000762939453
1781071393.2440412,229176,3.450000047683716
1781071393.5930786,229381,3.5999999046325684
1781071393.8984747,229569,3.5899999141693115
1781071394.0639355,229661,3.5799999237060547
1781071394.5151496,229917,3.5799999237060547
1781071394.7173378,230037,3.5899999141693115
1781071394.9859686,230201,3.5899999141693115
1781071395.1866918,230322,3.5899999141693115
1781071395.4178746,230467,3.5799999237060547
1781071395.7892969,230683,3.5799999237060547
1781071396.129062,230897,3.5899999141693115
1781071396.4084213,231082,3.609999895095825
1781071396.6440122,231230,3.5999999046325684
1781071397.0388012,231466,3.5799999237060547
1781071397.398804,231677,3.5799999237060547
1781071397.6871862,231862,3.5999999046325684
1781071397.9114757,232003,3.569999933242798
1781071398.2956471,232217,3.5799999237060547
1781071398.6186082,232406,3.5899999141693115
1781071398.8980365,232586,3.5899999141693115
1781071399.1266837,232724,3.619999885559082
1781071399.4330058,232889,3.5999999046325684
1781071399.8734992,233152,3.630000114440918
1781071400.331772,233419,3.690000057220459
1781071400.5734947,233560,3.690000057220459
1781071401.2540615,233956,3.7200000286102295
1781071401.9313154,234393,3.759999990463257
1781071402.4975498,234764,3.759999990463257
1781071402.648486,234856,3.7100000381469727
1781071402.1208909,235081,3.7100000381469727
1781071402.3516154,235235,3.75
1781071402.536221,235355,3.740000009536743
1781071402.8790936,235579,3.7300000190734863
1781071403.2739234,235834,3.799999952316284
1781071403.6897504,236076,3.799999952316284
1781071403.9186933,236194,3.7799999713897705
1781071404.2322526,236365,3.7899999618530273
1781071404.423518,236481,3.7699999809265137
1781071404.6928043,236647,3.7899999618530273
1781071405.2117875,236986,3.7899999618530273
1781071405.5424867,237184,3.799999952316284
1781071405.9793034,237448,3.7899999618530273
1781071406.2422988,237597,3.809999942779541
1781071406.75633,237918,3.8299999237060547
1781071407.0083199,238083,3.8299999237060547
1781071407.4418623,238356,3.8299999237060547
1781071407.6398947,238478,3.8499999046325684
1781071408.093028,238750,3.869999885559082
1781071408.6462255,239083,3.9200000762939453
1781071409.0410025,239317,3.9200000762939453
1781071409.3664048,239503,3.9100000858306885
1781071409.7938783,239762,3.890000104904175
1781071410.071878,239930,3.940000057220459
1781071410.3752089,240113,3.940000057220459
1781071410.9838924,240487,3.940000057220459
1781071411.4257462,240754,4.019999980926514
1781071411.7987015,240973,4.019999980926514
1781071412.1637223,241191,4.039999961853027
1781071412.452173,241359,4.050000190734863
1781071412.6016576,241449,4.050000190734863
1781071413.0261762,241686,4.019999980926514
1781071413.4439328,241939,4.039999961853027
1781071413.8495572,242168,4.090000152587891
1781071414.2410674,242393,4.110000133514404
1781071414.6942365,242660,4.110000133514404
1781071415.2329552,242974,4.099999904632568
1781071415.720907,243259,4.150000095367432
1781071416.0432272,243448,4.159999847412109
1781071416.5568273,243735,4.179999828338623
1781071416.7132165,243823,4.179999828338623
1781071417.1309671,244053,4.159999847412109
1781071417.723449,244409,4.130000114440918
1781071417.9863946,244550,4.059999942779541
1781071418.2788346,244716,4.050000190734863
1781071418.5260248,244852,4.050000190734863
1781071419.1286244,245208,3.990000009536743
1781071419.3112059,245328,3.9800000190734863
1781071419.5787432,245496,3.9700000286102295
1781071419.9528112,245736,3.9800000190734863
1781071420.2343316,245903,3.9800000190734863
1781071420.5661674,246100,3.9800000190734863
1781071420.950021,246344,3.9700000286102295
1781071421.1346135,246464,3.9800000190734863
1781071421.4362614,246648,3.9800000190734863
1781071421.7731185,246848,3.9800000190734863
1781071422.3742318,247208,3.990000009536743
1781071422.757668,247436,4.070000171661377
1781071423.031157,247600,4.039999961853027
1781071423.6507344,247988,4.110000133514404
1781071423.9106836,248152,4.110000133514404
1781071424.079732,248244,4.079999923706055
1781071424.4694421,248476,4.079999923706055
1781071424.9125824,248745,4.059999942779541
1781071425.3883958,249035,4.050000190734863
1781071425.8404644,249335,4.050000190734863
1781071426.2184002,249579,4.099999904632568
1781071426.576736,249806,4.119999885559082
1781071426.779945,249928,4.110000133514404
1781071428.0913303,250108,4.050000190734863
1781071428.317342,250245,4.050000190734863
1781071428.6778338,250462,4.059999942779541
1781071429.2893152,250809,4.090000152587891
1781071430.0615544,251272,4.170000076293945
1781071430.2541125,251392,4.179999828338623
1781071430.5187361,251556,4.179999828338623
1781071431.1096249,251917,4.159999847412109
1781071431.3990197,252102,4.269999980926514
1781071431.6340165,252240,4.230000019073486
1781071432.1039803,252540,4.269999980926514
1781071432.4311354,252739,4.269999980926514
1781071432.960462,253082,4.28000020980835
1781071433.4804366,253407,4.340000152587891
1781071433.9436722,253684,4.369999885559082
1781071434.33134,253922,4.389999866485596
1781071433.8712022,254183,4.389999866485596
1781071434.3270593,254458,4.420000076293945
1781071434.8662171,254773,4.409999847412109
1781071435.0923805,254912,4.380000114440918
1781071435.2509115,255004,4.309999942779541
1781071435.6157074,255244,4.309999942779541
1781071435.80941,255366,4.300000190734863
1781071436.1332767,255581,4.28000020980835
1781071436.4792776,255799,4.28000020980835
1781071436.852625,256019,4.320000171661377
1781071437.0846534,256165,4.320000171661377
1781071437.4030464,256354,4.300000190734863
1781071437.8985927,256648,4.190000057220459
1781071438.215918,256829,4.210000038146973
1781071438.425758,256947,4.21999979019165
1781071438.7417867,257135,4.21999979019165
1781071438.9720018,257272,4.199999809265137
1781071439.2169237,257413,4.179999828338623
1781071439.5461872,257612,4.179999828338623
1781071439.8281178,257763,4.199999809265137
1781071440.2472043,258005,4.199999809265137
1781071440.5826573,258190,4.21999979019165
1781071440.9441972,258403,4.210000038146973
1781071441.416971,258691,4.239999771118164
1781071441.975426,259019,4.269999980926514
1781071442.5773087,259411,4.269999980926514
1781071443.022371,259698,4.340000152587891
1781071443.386858,259931,4.349999904632568
1781071443.7681332,260181,4.349999904632568
1781071444.1803267,260454,4.400000095367432
1781071444.5101986,260671,4.400000095367432
1781071444.8785007,260909,4.389999866485596
1781071445.186634,261104,4.429999828338623
1781071445.7701478,261474,4.46999979019165
1781071446.1606812,261736,4.429999828338623
1781071446.5338604,261984,4.429999828338623
1781071446.7627087,262119,4.429999828338623
1781071447.0979855,262336,4.369999885559082
1781071447.3445845,262486,4.289999961853027
1781071447.5441744,262606,4.309999942779541
1781071448.2333558,263011,4.309999942779541
1781071448.8689685,263400,4.380000114440918
1781071449.2104383,263623,4.460000038146973
1781071449.4932673,263808,4.46999979019165
1781071450.1089532,264209,4.480000019073486
1781071450.538419,264495,4.480000019073486
1781071450.7606757,264633,4.480000019073486
1781071450.9566748,264753,4.480000019073486
1781071451.3832643,264953,4.489999771118164
1781071451.6408627,265073,4.480000019073486
1781071452.174696,265282,4.480000019073486
1781071452.8971627,265612,4.449999809265137
1781071453.1586256,265734,4.489999771118164
1781071453.4430585,265870,4.460000038146973
1781071453.8516068,266055,4.429999828338623
1781071454.6308908,266410,4.429999828338623
1781071455.183801,266663,4.480000019073486
1781071455.5773742,266843,4.480000019073486
1781071456.1095872,267081,4.5
1781071456.8200052,267419,4.460000038146973
1781071457.3360229,267654,4.460000038146973
1781071458.0988853,268015,4.46999979019165
1781071458.6220884,268268,4.550000190734863
1781071459.475133,268679,4.550000190734863
1781071459.9299126,268870,4.570000171661377
1781071460.5212302,269101,4.570000171661377
1781071460.9955568,269321,4.53000020980835
1781071461.5120304,269539,4.550000190734863
1781071461.9517632,269739,4.550000190734863
1781071462.7745676,270085,4.579999923706055
1781071463.1074874,270225,4.579999923706055
1781071463.4609213,270375,4.590000152587891
1781071463.818936,270526,4.590000152587891
1781071464.061198,270616,4.519999980926514
1781071464.5584009,270829,4.510000228881836
1781071465.140623,271094,4.510000228881836
1781071465.8229492,271398,4.519999980926514
1781071465.460577,271612,4.46999979019165
1781071466.1730165,271918,4.489999771118164
1781071466.837265,272229,4.53000020980835
1781071467.2634816,272426,4.53000020980835
1781071467.648173,272610,4.559999942779541
1781071468.4604092,272995,4.53000020980835
1781071468.8220117,273162,4.539999961853027
1781071469.2820857,273383,4.570000171661377
1781071469.7783494,273619,4.570000171661377
1781071470.1303153,273761,4.590000152587891
1781071470.5248673,273943,4.539999961853027
1781071470.7581658,274035,4.53000020980835
1781071470.967677,274127,4.460000038146973
1781071471.4195988,274340,4.460000038146973
1781071471.6766994,274458,4.449999809265137
1781071472.092728,274659,4.449999809265137
1781071472.5666635,274876,4.449999809265137
1781071474.1995492,275045,4.460000038146973
1781071474.6198308,275230,4.460000038146973
1781071475.3761106,275545,4.460000038146973
1781071475.98967,275808,4.420000076293945
1781071476.7681456,276102,4.46999979019165
1781071477.9465716,276588,4.519999980926514
1781071478.5477169,276838,4.519999980926514
1781071479.2163138,277113,4.539999961853027
1781071479.5277596,277236,4.599999904632568
1781071479.832327,277356,4.559999942779541
1781071480.142674,277476,4.5
1781071480.7828927,277723,4.5
1781071481.1942477,277899,4.489999771118164
1781071481.7408903,278145,4.480000019073486
1781071482.3473048,278452,4.5
1781071482.5312629,278544,4.5
1781071483.2218103,278889,4.5
1781071483.605737,279066,4.579999923706055
1781071484.0521572,279280,4.579999923706055
1781071484.3835135,279431,4.510000228881836
1781071485.0502293,279742,4.519999980926514
1781071485.5172052,279988,4.519999980926514
1781071486.008086,280203,4.539999961853027
1781071486.437563,280404,4.46999979019165
1781071487.2200208,280776,4.489999771118164
1781071487.8560534,281067,4.510000228881836
1781071488.383207,281309,4.510000228881836
1781071488.9380496,281568,4.510000228881836
1781071489.4941592,281813,4.480000019073486
1781071490.1836607,282131,4.489999771118164
1781071490.5186088,282270,4.46999979019165
1781071491.24656,282580,4.46999979019165
1781071491.6934972,282765,4.420000076293945
1781071492.1845233,282989,4.46999979019165
1781071492.9151216,283319,4.480000019073486
1781071493.4985328,283565,4.539999961853027
1781071494.0364132,283780,4.539999961853027
1781071494.5691438,283995,4.539999961853027
1781071494.9756851,284173,4.559999942779541
1781071495.4854388,284407,4.559999942779541
1781071495.8244298,284547,4.53000020980835
1781071496.0267906,284639,4.53000020980835
1781071496.3906512,284800,4.519999980926514
1781071497.0438097,285086,4.5
1781071497.3323543,285206,4.46999979019165
1781071496.894322,285403,4.489999771118164
1781071497.2555063,285567,4.489999771118164
1781071497.691772,285764,4.480000019073486
1781071498.2135015,286000,4.53000020980835
1781071498.5884051,286167,4.539999961853027
1781071499.1713905,286429,4.539999961853027
1781071499.947725,286794,4.539999961853027
1781071500.4989965,287059,4.559999942779541
1781071500.843094,287227,4.590000152587891
1781071501.4127772,287491,4.559999942779541
1781071501.7428994,287638,4.519999980926514
1781071502.1990838,287857,4.519999980926514
1781071502.4017272,287947,4.440000057220459
1781071502.9860632,288215,4.420000076293945
1781071503.497941,288435,4.440000057220459
1781071504.1836689,288736,4.460000038146973
1781071504.665339,288935,4.460000038146973
1781071505.049282,289104,4.460000038146973
1781071505.6570206,289353,4.440000057220459
1781071505.8631153,289445,4.400000095367432
1781071506.2288861,289598,4.369999885559082
1781071506.7179623,289828,4.369999885559082
1781071507.4425423,290166,4.389999866485596
1781071507.9053826,290379,4.409999847412109
1781071508.634318,290723,4.449999809265137
1781071509.144245,290969,4.489999771118164
1781071509.4820907,291118,4.489999771118164
1781071509.6903799,291210,4.380000114440918
1781071509.8977003,291300,4.289999961853027
1781071510.6952593,291636,4.300000190734863
1781071511.5833428,291978,4.300000190734863
1781071512.329146,292306,4.300000190734863
1781071512.681075,292454,4.329999923706055
1781071513.324931,292749,4.349999904632568
1781071514.4250662,293217,4.409999847412109
1781071514.8726695,293401,4.480000019073486
1781071515.13226,293519,4.480000019073486
1781071515.386671,293637,4.449999809265137
1781071515.777149,293804,4.389999866485596
1781071516.274793,294019,4.400000095367432
1781071516.762105,294240,4.429999828338623
1781071517.4457831,294550,4.429999828338623
1781071518.0773778,294838,4.440000057220459
1781071518.6331766,295086,4.440000057220459
1781071519.0592585,295286,4.460000038146973
1781071519.369214,295425,4.420000076293945
1781071519.865675,295658,4.420000076293945
1781071520.1220212,295778,4.409999847412109
1781071520.3160603,295870,4.320000171661377
1781071520.6210876,296011,4.260000228881836
1781071521.2543306,296300,4.269999980926514
1781071521.5552402,296436,4.269999980926514
1781071521.830116,296558,4.210000038146973
1781071522.4696736,296844,4.210000038146973
1781071522.7614965,296964,4.21999979019165
1781071523.1646347,297131,4.170000076293945
1781071524.1253958,297530,4.170000076293945
1781071524.7540789,297797,4.28000020980835
1781071525.1324072,297962,4.269999980926514
1781071525.4141183,298080,4.289999961853027
1781071525.7968738,298245,4.28000020980835
1781071526.416542,298508,4.28000020980835
1781071527.271754,298869,4.269999980926514
1781071527.6415236,299038,4.289999961853027
1781071528.1880453,299286,4.289999961853027
1781071528.7745104,299553,4.21999979019165
1781071529.0544398,299673,4.21999979019165
1781071528.6003182,299872,4.190000057220459
1781071530.2791371,300133,4.210000038146973
1781071530.778691,300373,4.230000019073486
1781071531.0401866,300491,4.190000057220459
1781071531.9525342,300931,4.190000057220459
1781071532.499372,301188,4.300000190734863
1781071533.2844725,301567,4.340000152587891
1781071534.0949528,301936,4.440000057220459
1781071534.6129467,302162,4.519999980926514
1781071535.219847,302431,4.519999980926514
1781071535.9458458,302745,4.53000020980835
1781071536.3726087,302940,4.599999904632568
1781071537.002699,303201,4.599999904632568
1781071537.6046743,303476,4.630000114440918
1781071538.1051204,303687,4.630000114440918
1781071538.7246668,303953,4.639999866485596
1781071539.3334944,304216,4.639999866485596
1781071540.0039225,304502,4.639999866485596
1781071540.9476247,304898,4.590000152587891
1781071541.3269038,305051,4.590000152587891
1781071542.121605,305405,4.570000171661377
1781071542.6242332,305631,4.599999904632568
1781071543.012727,305796,4.630000114440918
1781071543.3858244,305960,4.639999866485596
1781071543.747992,306125,4.639999866485596
1781071543.9456725,306215,4.610000133514404
1781071544.5826645,306501,4.599999904632568
1781071544.9640179,306667,4.570000171661377
1781071545.3079958,306836,4.570000171661377
1781071545.6311893,306985,4.570000171661377
1781071546.012329,307168,4.5
1781071546.7103813,307465,4.5
1781071547.2227244,307691,4.539999961853027
1781071547.7664018,307951,4.539999961853027
1781071548.1698973,308146,4.539999961853027
1781071548.8041015,308439,4.559999942779541
1781071549.1921442,308609,4.550000190734863
1781071549.938276,308914,4.550000190734863
1781071550.6476514,309220,4.539999961853027
1781071551.1023843,309405,4.539999961853027
1781071551.5750182,309601,4.510000228881836
1781071552.3737173,309942,4.539999961853027
1781071552.9313996,310176,4.5
1781071553.6739953,310477,4.539999961853027
1781071554.3782408,310776,4.539999961853027
1781071554.7874393,310942,4.550000190734863
1781071555.551476,311280,4.510000228881836
1781071556.1515765,311515,4.510000228881836
1781071556.4114761,311636,4.489999771118164
1781071556.781952,311804,4.489999771118164
1781071557.010931,311894,4.46999979019165
1781071557.4132872,312080,4.440000057220459
1781071558.1649241,312428,4.519999980926514
1781071558.6665199,312653,4.539999961853027
1781071559.3439229,312975,4.539999961853027
1781071559.8163033,313189,4.610000133514404
1781071560.5036404,313512,4.590000152587891
1781071560.3681626,313834,4.670000076293945
1781071560.9520159,314104,4.710000038146973
1781071561.449776,314324,4.710000038146973
1781071561.825367,314491,4.730000019073486
1781071562.53894,314837,4.739999771118164
1781071562.9697042,315025,4.75
1781071563.544199,315271,4.75
1781071564.0722816,315490,4.75
1781071564.8429475,315835,4.730000019073486
1781071565.2530622,316005,4.730000019073486
1781071566.0940545,316360,4.829999923706055
1781071566.7991588,316649,4.860000133514404
1781071567.8059921,317084,4.860000133514404
1781071568.100371,317204,4.929999828338623
1781071568.4842541,317372,4.929999828338623
1781071568.8660705,317511,4.909999847412109
1781071569.2100022,317659,4.829999923706055
1781071569.6979544,317856,4.829999923706055
1781071570.2436948,318099,4.829999923706055
1781071571.0146396,318445,4.869999885559082
1781071571.7052243,318763,4.940000057220459
1781071571.9559314,318881,4.940000057220459
1781071572.2239575,319001,4.940000057220459
1781071572.620724,319187,4.889999866485596
1781071573.6046689,319650,4.900000095367432
1781071574.341438,319991,4.989999771118164
1781071574.9612248,320289,4.980000019073486
1781071575.3514128,320470,4.980000019073486
1781071576.0018609,320776,5.03000020980835
1781071576.5043387,321018,5.110000133514404
1781071576.8509872,321187,5.090000152587891
1781071577.1529207,321328,5.019999980926514
1781071577.8163414,321638,5.019999980926514
1781071578.3147006,321851,5.010000228881836
1781071579.2934542,322258,5.010000228881836
1781071579.7537344,322460,5.019999980926514
1781071580.0797575,322580,4.949999809265137
1781071580.5668383,322779,4.949999809265137
1781071581.000208,322957,4.96999979019165
1781071581.4011588,323125,4.989999771118164
1781071581.6883416,323244,4.989999771118164
1781071581.9701686,323364,4.949999809265137
1781071582.3588104,323529,4.949999809265137
1781071582.7380428,323695,4.889999866485596
1781071583.496739,323986,4.889999866485596
1781071584.1517293,324260,4.880000114440918
1781071584.6961856,324480,4.909999847412109
1781071585.360361,324759,4.909999847412109
1781071587.7714155,325008,4.929999828338623
1781071588.1768486,325197,4.980000019073486
1781071588.6453557,325439,5.010000228881836
1781071588.9413579,325591,4.980000019073486
1781071589.3691955,325805,4.980000019073486
1781071589.787878,325998,5.010000228881836
1781071590.3883677,326281,5.019999980926514
1781071591.2883253,326711,5.099999904632568
1781071591.6929953,326892,5.110000133514404
1781071592.2171755,327140,5.110000133514404
1781071591.9796422,327410,5.059999942779541
1781071592.4681933,327623,5.070000171661377
1781071592.9771514,327837,5.079999923706055
1781071593.3607492,328004,5.090000152587891
1781071594.172375,328343,5.090000152587891
1781071594.8564186,328641,5.119999885559082
1781071595.2749748,328810,5.090000152587891
1781071595.7766972,329022,5.059999942779541
1781071596.5292256,329365,5.099999904632568
1781071597.1738236,329650,5.099999904632568
1781071597.8774111,329937,5.139999866485596
1781071598.2523856,330102,5.119999885559082
1781071599.110073,330457,5.110000133514404
1781071599.4043806,330577,5.139999866485596
1781071599.7016838,330713,5.139999866485596
1781071600.0208666,330851,5.0
1781071600.5906847,331113,4.960000038146973
1781071601.291588,331436,4.980000019073486
1781071601.8634276,331708,4.949999809265137
1781071602.1873443,331856,4.949999809265137
1781071602.614266,332053,4.929999828338623
1781071602.954513,332218,4.860000133514404
1781071603.8063722,332609,4.889999866485596
1781071604.2383375,332794,4.880000114440918
1781071604.6344874,332975,4.880000114440918
1781071605.0190234,333160,4.869999885559082
1781071605.31319,333305,4.840000152587891
1781071606.1185749,333690,4.829999923706055
1781071606.7086177,333960,4.829999923706055
1781071607.5473487,334319,4.829999923706055
1781071608.1112432,334559,4.869999885559082
1781071608.4123304,334677,4.809999942779541
1781071609.0614495,334942,4.820000171661377
1781071609.8865783,335308,4.869999885559082
1781071610.435498,335537,4.869999885559082
1781071611.2819467,335882,4.900000095367432
1781071611.550744,336002,4.920000076293945
1781071612.1411197,336247,4.940000057220459
1781071612.7559795,336512,4.96999979019165
1781071613.0381563,336632,4.96999979019165
1781071613.8612068,336950,4.980000019073486
1781071614.7412624,337346,5.0
1781071615.1335225,337516,4.980000019073486
1781071615.806088,337800,4.96999979019165
1781071616.191767,337967,4.96999979019165
1781071617.1434014,338415,4.940000057220459
1781071617.5594926,338608,5.010000228881836
1781071617.985646,338796,5.0
1781071618.2585528,338918,4.940000057220459
1781071618.735423,339148,4.940000057220459
1781071619.0059843,339268,4.949999809265137
1781071619.5098178,339485,4.929999828338623
1781071619.902733,339670,4.900000095367432
1781071620.5528085,339937,4.900000095367432
1781071621.124042,340204,4.900000095367432
1781071621.427774,340342,4.889999866485596
1781071622.4383764,340768,4.920000076293945
1781071623.070638,341040,4.960000038146973
1781071623.6099873,341253,4.949999809265137
1781071623.6252255,341608,4.949999809265137
1781071623.8528671,341698,5.010000228881836
1781071624.3376315,341893,5.03000020980835
1781071625.436925,342382,5.0
1781071625.9910636,342606,5.010000228881836
1781071626.4363115,342793,5.010000228881836
1781071627.0050848,343036,4.949999809265137
1781071627.3365757,343177,4.960000038146973
1781071627.8585622,343405,4.889999866485596
1781071628.3704932,343621,4.869999885559082
1781071628.9578779,343894,4.869999885559082
1781071629.2647676,344041,4.889999866485596
1781071629.570148,344177,4.849999904632568
1781071630.2942028,344499,4.880000114440918
1781071630.8394651,344733,4.869999885559082
1781071631.734475,345142,4.869999885559082
1781071632.5318613,345492,4.949999809265137
1781071632.9935586,345689,4.940000057220459
1781071633.6062765,345969,4.860000133514404
1781071634.273201,346276,4.880000114440918
1781071635.1522977,346670,4.880000114440918
1781071635.6082094,346865,4.900000095367432
1781071636.0570781,347050,4.909999847412109
1781071636.3580463,347170,4.920000076293945
1781071636.8662188,347368,4.929999828338623
1781071637.331767,347561,4.929999828338623
1781071637.8204296,347777,4.940000057220459
1781071638.2228444,347947,4.889999866485596
1781071638.6690645,348136,4.829999923706055
1781071639.3620305,348410,4.860000133514404
1781071639.6255238,348528,4.860000133514404
1781071640.1950703,348748,4.869999885559082
1781071640.8137574,349010,4.829999923706055
1781071641.280369,349203,4.769999980926514
1781071641.9746258,349494,4.769999980926514
1781071642.695466,349783,4.769999980926514
1781071643.0481389,349934,4.760000228881836
1781071645.4932091,350235,4.71999979019165
1781071646.3532832,350605,4.820000171661377
1781071646.6879022,350740,4.820000171661377
1781071647.231313,350998,4.820000171661377
1781071647.8747144,351405,4.829999923706055
1781071648.2927115,351672,4.860000133514404
1781071648.7191477,351944,4.809999942779541
1781071649.1661005,352225,4.880000114440918
1781071649.625277,352512,4.880000114440918
1781071649.8149128,352632,4.900000095367432
1781071650.2849574,352937,4.900000095367432
1781071650.4424481,353027,4.909999847412109
1781071650.7262795,353202,4.929999828338623
1781071651.4466643,353659,4.929999828338623
1781071651.8693774,353920,5.039999961853027
1781071652.341776,354207,5.070000171661377
1781071652.9481292,354583,5.079999923706055
1781071653.1988506,354733,5.079999923706055
1781071653.4634147,354900,5.079999923706055
1781071653.8557897,355143,5.050000190734863
1781071654.2792034,355416,5.079999923706055
1781071654.8000305,355741,5.110000133514404
1781071655.4065979,356140,5.179999828338623
1781071655.14122,356528,5.179999828338623
1781071655.6541052,356850,5.260000228881836
1781071655.9628878,357040,5.260000228881836
1781071656.5202012,357377,5.199999809265137
1781071656.9885411,357672,5.230000019073486
1781071657.557632,358036,5.230000019073486
1781071658.017299,358329,5.25
1781071658.3764603,358545,5.28000020980835
1781071659.2691586,359108,5.340000152587891
1781071659.5743718,359290,5.360000133514404
1781071659.788878,359428,5.360000133514404
1781071660.3722775,359787,5.320000171661377
1781071660.8898602,360110,5.340000152587891
1781071661.1518478,360276,5.360000133514404
1781071661.6027975,360557,5.329999923706055
1781071662.0415127,360832,5.329999923706055
1781071662.4582334,361082,5.340000152587891
1781071662.777751,361279,5.349999904632568
1781071663.164607,361520,5.329999923706055
1781071663.5249908,361746,5.349999904632568
1781071664.0783808,362097,5.349999904632568
1781071664.7403255,362510,5.409999847412109
1781071665.2703521,362836,5.53000020980835
1781071665.7971141,363164,5.46999979019165
1781071666.3327188,363496,5.559999942779541
1781071666.6914299,363711,5.559999942779541
1781071667.7307997,364369,5.599999904632568
1781071667.9865825,364531,5.75
1781071668.3900974,364789,5.71999979019165
1781071669.0787177,365233,5.800000190734863
1781071669.3991706,365444,5.800000190734863
1781071669.7407653,365664,5.820000171661377
1781071670.0757313,365878,5.829999923706055
1781071670.613559,366222,5.829999923706055
1781071670.906545,366404,5.78000020980835
1781071671.1997676,366590,5.78000020980835
1781071671.557406,366815,5.760000228881836
1781071671.8916848,367032,5.78000020980835
1781071672.2354147,367254,5.769999980926514
1781071672.3782413,367344,5.699999809265137
1781071672.9330356,367696,5.699999809265137
1781071673.245467,367896,5.769999980926514
1781071673.8346062,368274,5.75
1781071674.2430716,368535,5.820000171661377
1781071674.8580308,368933,5.860000133514404
1781071675.3396273,369244,5.860000133514404
1781071675.946444,369620,5.889999866485596
1781071676.2664843,369818,5.880000114440918
1781071676.4708025,369938,5.869999885559082
1781071677.010047,370288,5.920000076293945
1781071677.440482,370552,5.920000076293945
1781071677.798384,370773,5.940000057220459
1781071678.000003,370893,5.860000133514404
1781071678.337386,371109,5.860000133514404
1781071678.715807,371351,5.889999866485596
1781071679.482046,371837,5.889999866485596
1781071679.76821,372019,6.050000190734863
1781071680.2844853,372353,6.070000171661377
1781071680.5241537,372504,6.070000171661377
1781071680.789197,372669,6.050000190734863
1781071681.2092962,372934,6.050000190734863
1781071681.5062277,373122,6.050000190734863
1781071681.9022312,373371,6.03000020980835
1781071682.1314824,373511,5.949999809265137
1781071682.871597,373983,6.010000228881836
1781071683.288829,374247,6.010000228881836
1781071683.8792422,374627,5.989999771118164
1781071684.132462,374792,6.010000228881836
1781071686.0124571,375032,5.980000019073486
1781071686.3687115,375253,5.960000038146973
1781071686.6368506,375420,5.960000038146973
1781071687.1796865,375767,5.980000019073486
1781071687.3650522,375887,5.989999771118164
1781071686.7360156,376036,5.96999979019165
1781071687.163526,376308,5.989999771118164
1781071687.7220743,376666,5.989999771118164
1781071688.228415,376994,6.010000228881836
1781071688.5797617,377219,6.059999942779541
1781071689.0053742,377489,6.039999961853027
1781071689.352949,377714,6.059999942779541
1781071689.7255745,377963,6.059999942779541
1781071690.1332114,378235,5.980000019073486
1781071690.79291,378666,6.059999942779541
1781071691.0161495,378808,6.039999961853027
1781071691.5333405,379141,6.019999980926514
1781071692.0341215,379466,6.019999980926514
1781071692.419261,379703,5.960000038146973
1781071692.6566045,379852,6.0
1781071692.937652,380019,5.980000019073486
1781071693.2565677,380212,5.989999771118164
1781071693.6483312,380457,5.989999771118164
1781071694.1180797,380745,6.0
1781071694.495774,380989,6.039999961853027
1781071694.9362898,381277,6.019999980926514
1781071695.2531514,381474,6.050000190734863
1781071695.4009593,381566,6.050000190734863
1781071695.7416315,381792,6.03000020980835
1781071695.9801633,381943,6.039999961853027
1781071696.1656523,382060,5.989999771118164
1781071696.6608481,382378,6.0
1781071697.1902027,382727,6.0
1781071697.7197561,383067,6.0
1781071698.2231274,383392,6.139999866485596
1781071698.818339,383780,6.070000171661377
1781071699.6373541,384318,6.269999980926514
1781071700.2773895,384739,6.269999980926514
1781071700.587915,384940,6.320000171661377
1781071700.84381,385108,6.269999980926514
1781071701.3170068,385419,6.260000228881836
1781071701.6901724,385654,6.230000019073486
1781071702.4395487,386154,6.230000019073486
1781071702.882032,386443,6.269999980926514
1781071703.1549487,386613,6.340000152587891
1781071703.561953,386879,6.349999904632568
1781071703.9174922,387112,6.349999904632568
1781071704.1051767,387234,6.349999904632568
1781071704.727984,387649,6.260000228881836
1781071705.113535,387905,6.269999980926514
1781071705.3982477,388091,6.21999979019165
1781071705.8021374,388359,6.230000019073486
1781071706.0614212,388523,6.230000019073486
1781071706.5066946,388811,6.239999771118164
1781071706.7642107,388976,6.210000038146973
1781071707.1258137,389204,6.190000057220459
1781071707.5130284,389457,6.150000095367432
1781071707.758747,389622,6.150000095367432
1781071708.3801434,390023,6.070000171661377
1781071708.8284452,390308,6.099999904632568
1781071709.125795,390492,6.090000152587891
1781071709.3201132,390610,6.039999961853027
1781071709.5730412,390776,6.039999961853027
1781071709.7620335,390896,5.96999979019165
1781071710.0606062,391085,5.929999828338623
1781071710.3320372,391253,5.849999904632568
1781071710.5885062,391419,5.829999923706055
1781071711.4005468,391906,5.829999923706055
1781071711.9637823,392272,5.949999809265137
1781071712.4688094,392567,5.940000057220459
1781071712.8845518,392808,5.960000038146973
1781071713.4198995,393132,5.96999979019165
1781071713.9439154,393350,5.96999979019165
1781071714.3185768,393513,5.940000057220459
1781071714.842759,393727,5.920000076293945
1781071715.2042503,393880,5.929999828338623
1781071716.0012872,394209,5.929999828338623
1781071717.051748,394631,5.929999828338623
1781071717.7720246,394930,6.010000228881836
1781071718.1200325,395071,5.920000076293945
1781071718.8697255,395367,5.909999847412109
1781071718.4845488,395563,5.800000190734863
1781071718.9392447,395750,5.800000190734863
1781071719.7648787,396104,5.769999980926514
1781071720.5219865,396413,5.679999828338623
1781071721.0026178,396633,5.690000057220459
1781071721.5101893,396849,5.599999904632568
1781071722.1497314,397122,5.599999904632568
1781071723.0135448,397499,5.599999904632568
1781071723.9278142,397921,5.670000076293945
1781071724.4195893,398139,5.679999828338623
1781071724.8304706,398339,5.699999809265137
1781071725.3800333,398590,5.699999809265137
1781071726.1074297,398902,5.71999979019165
1781071726.8255572,399228,5.75
1781071727.3585854,399467,5.769999980926514
1781071727.7297454,399635,5.789999961853027
1781071728.0692427,399773,5.789999961853027
1781071728.542601,399968,5.679999828338623
1781071731.003242,400247,5.699999809265137
1781071731.817686,400614,5.650000095367432
1781071732.2096825,400779,5.590000152587891
1781071732.8588505,401054,5.590000152587891
1781071733.3885567,401255,5.659999847412109
1781071734.0962968,401532,5.650000095367432
1781071734.755206,401797,5.670000076293945
1781071735.4511378,402087,5.619999885559082
1781071735.658887,402175,5.619999885559082
1781071736.6248875,402626,5.610000133514404
1781071737.5089846,403023,5.710000038146973
1781071738.253696,403346,5.75
1781071739.0644448,403704,5.809999942779541
1781071739.5429296,403917,5.809999942779541
1781071740.1919024,404197,5.639999866485596
1781071741.2642415,404653,5.650000095367432
1781071742.0094564,404994,5.78000020980835
1781071742.8912067,405387,5.860000133514404
1781071743.737862,405721,5.860000133514404
1781071744.5023441,406013,5.869999885559082
1781071745.1872716,406292,5.909999847412109
1781071745.5073705,406428,5.900000095367432
1781071746.2491834,406732,5.889999866485596
1781071747.1633658,407092,5.889999866485596
1781071748.186556,407493,5.909999847412109
1781071749.1350508,407859,5.980000019073486
1781071749.9829824,408185,6.050000190734863
1781071750.6701908,408484,6.070000171661377
1781071750.011193,408574,6.070000171661377
1781071750.877236,408973,6.03000020980835
1781071751.3986113,409225,6.090000152587891
1781071751.79435,409413,6.119999885559082
1781071752.3087244,409662,6.110000133514404
1781071753.163487,410084,6.110000133514404
1781071753.9762063,410471,6.110000133514404
1781071754.9655483,410947,6.199999809265137
1781071755.5688622,411247,6.25
1781071756.6437063,411779,6.380000114440918
1781071757.7166963,412269,6.380000114440918
1781071758.351939,412524,6.510000228881836
1781071758.7359283,412688,6.409999847412109
1781071759.4751656,412967,6.400000095367432
1781071759.9944983,413186,6.420000076293945
1781071760.5806122,413425,6.420000076293945
1781071761.6325147,413864,6.420000076293945
1781071762.659448,414270,6.449999809265137
1781071763.7403238,414731,6.619999885559082
1781071764.292535,414957,6.650000095367432
1781071764.7313354,415156,6.650000095367432
1781071765.4173582,415456,6.650000095367432
1781071765.8562453,415650,6.630000114440918
1781071766.8261557,416084,6.710000038146973
1781071767.4654496,416351,6.679999828338623
1781071768.0482652,416619,6.679999828338623
1781071768.733776,416919,6.730000019073486
1781071769.8663936,417404,6.760000228881836
1781071770.274937,417578,6.840000152587891
1781071770.83852,417820,6.820000171661377
1781071771.1719527,417959,6.820000171661377
1781071772.0717676,418326,6.789999961853027
1781071772.700215,418590,6.679999828338623
1781071773.2753966,418834,6.659999847412109
1781071773.6537673,418984,6.489999771118164
1781071774.4402356,419322,6.489999771118164
1781071775.038875,419564,6.420000076293945
1781071775.513893,419754,6.440000057220459
1781071776.6481373,420206,6.449999809265137
1781071777.3728158,420517,6.539999961853027
1781071778.107621,420829,6.539999961853027
1781071779.3682992,421345,6.53000020980835
1781071779.6552548,421463,6.519999980926514
1781071780.1989844,421711,6.519999980926514
1781071780.571453,421881,6.510000228881836
1781071780.981301,422070,6.510000228881836
1781071781.1815946,422160,6.480000019073486
1781071781.5074086,422308,6.400000095367432
1781071782.1987085,422609,6.449999809265137
1781071782.1820087,422969,6.480000019073486
1781071782.614058,423165,6.480000019073486
1781071782.9859958,423343,6.489999771118164
1781071783.4330919,423555,6.460000038146973
1781071784.2820501,423940,6.510000228881836
1781071784.946316,424245,6.559999942779541
1781071785.609114,424569,6.559999942779541
1781071786.407459,424937,6.579999923706055
1781071789.4891376,425387,6.590000152587891
1781071789.9084308,425542,6.619999885559082
1781071790.8535945,425914,6.699999809265137
1781071791.7752256,426274,6.699999809265137
1781071792.0321553,426366,6.739999771118164
1781071793.1265283,426802,6.78000020980835
1781071794.2626321,427347,6.889999866485596
1781071794.631029,427532,6.909999847412109
1781071795.3964942,427898,6.909999847412109
1781071796.424543,428381,6.860000133514404
1781071797.0134156,428645,6.929999828338623
1781071797.6330595,428948,6.940000057220459
1781071797.9545972,429101,6.909999847412109
1781071798.4456828,429344,6.909999847412109
1781071798.9397836,429579,6.920000076293945
1781071799.5437481,429873,6.949999809265137
1781071800.1675107,430164,6.949999809265137
1781071800.8803482,430512,7.0
1781071801.6364896,430878,7.0
1781071802.0907536,431072,6.920000076293945
1781071802.5847285,431288,6.929999828338623
1781071803.3420014,431618,6.989999771118164
1781071804.3923173,432080,7.050000190734863
1781071804.8289626,432261,7.050000190734863
1781071805.7782247,432645,7.050000190734863
1781071806.1173003,432781,7.079999923706055
1781071806.4658093,432917,7.059999942779541
1781071806.7890465,433035,7.03000020980835
1781071807.1356497,433171,7.03000020980835
1781071807.664733,433388,6.989999771118164
1781071808.399825,433689,6.929999828338623
1781071809.1865664,434010,6.949999809265137
1781071809.8237035,434269,6.929999828338623
1781071810.2499814,434456,6.929999828338623
1781071810.9549186,434768,6.909999847412109
1781071811.6010485,435042,6.880000114440918
1781071812.6151688,435516,7.0
1781071813.02451,435702,7.010000228881836
1781071813.534011,435950,7.010000228881836
1781071813.3313012,436270,7.070000171661377
1781071813.9601843,436570,7.079999923706055
1781071814.602609,436893,7.119999885559082
1781071815.074501,437122,7.130000114440918
1781071815.5376492,437337,7.130000114440918
1781071816.1701472,437634,7.050000190734863
1781071816.5580566,437799,7.050000190734863
1781071817.3553739,438105,7.039999961853027
1781071818.027636,438382,7.059999942779541
1781071818.9505258,438739,7.059999942779541
1781071819.6269116,439015,7.110000133514404
1781071819.9783404,439158,7.03000020980835
1781071820.6963513,439434,6.980000019073486
1781071821.4336698,439721,6.949999809265137
1781071822.101228,440000,6.949999809265137
1781071822.911019,440310,6.980000019073486
1781071823.4835124,440542,6.949999809265137
1781071823.7853503,440664,6.849999904632568
1781071824.307626,440879,6.769999980926514
1781071825.0741463,441213,6.769999980926514
1781071825.8332236,441585,6.849999904632568
1781071826.3276641,441823,6.849999904632568
1781071827.1461701,442221,6.909999847412109
1781071827.5300572,442388,6.869999885559082
1781071828.0538416,442633,6.869999885559082
1781071828.550003,442866,6.829999923706055
1781071829.3812416,443272,6.809999942779541
1781071829.886895,443502,6.760000228881836
1781071830.405545,443750,6.75
1781071830.9140224,443991,6.75
1781071831.1722043,444111,6.789999961853027
1781071831.6155453,444307,6.690000057220459
1781071832.6805813,444759,6.760000228881836
1781071833.3146732,445002,6.760000228881836
1781071833.9244332,445250,6.760000228881836
1781071834.1977284,445342,6.71999979019165
1781071835.1788492,445736,6.559999942779541
1781071836.039738,446053,6.610000133514404
1781071836.9583554,446397,6.510000228881836
1781071837.660284,446682,6.510000228881836
1781071838.4561818,446980,6.389999866485596
1781071838.913785,447165,6.440000057220459
1781071839.7496855,447542,6.46999979019165
1781071840.2459283,447772,6.460000038146973
1781071841.4394822,448334,6.460000038146973
1781071842.3648508,448760,6.570000171661377
1781071843.0132327,449056,6.559999942779541
1781071843.6913457,449382,6.5
1781071844.2731404,449646,6.46999979019165
1781071844.7313213,449863,6.46999979019165
1781071846.5520859,450109,6.46999979019165
1781071846.8610249,450225,6.449999809265137
1781071847.432357,450438,6.369999885559082
1781071848.046116,450676,6.369999885559082
1781071848.5320325,450878,6.369999885559082
1781071849.1546516,451126,6.380000114440918
1781071849.8465753,451394,6.349999904632568
1781071850.1944773,451532,6.260000228881836
1781071850.583587,451699,6.239999771118164
1781071851.6098247,452122,6.239999771118164
1781071851.8214722,452212,6.300000190734863
1781071852.5914795,452516,6.260000228881836
1781071853.027789,452681,6.269999980926514
1781071853.4603653,452862,6.269999980926514
1781071853.751573,452983,6.269999980926514
1781071854.4819775,453306,6.239999771118164
1781071855.0030546,453550,6.260000228881836
1781071856.2446477,454142,6.349999904632568
1781071856.6533442,454338,6.289999961853027
1781071857.5399718,454753,6.289999961853027
1781071857.858169,454900,6.289999961853027
1781071858.6874652,455297,6.260000228881836
1781071859.3934283,455639,6.28000020980835
1781071859.8289666,455845,6.329999923706055
1781071860.2133105,456032,6.329999923706055
1781071860.708521,456262,6.340000152587891
1781071861.3662424,456566,6.389999866485596
1781071861.935643,456835,6.400000095367432
1781071862.6771822,457192,6.400000095367432
1781071863.7645133,457696,6.400000095367432
1781071864.1714377,457894,6.5
1781071864.6890454,458142,6.519999980926514
1781071865.152481,458355,6.480000019073486
1781071865.4353175,458501,6.400000095367432
1781071866.0429993,458797,6.400000095367432
1781071866.3595016,458950,6.409999847412109
1781071867.2068,459341,6.360000133514404
1781071868.2758,459846,6.380000114440918
1781071869.080994,460227,6.400000095367432
1781071870.025732,460676,6.400000095367432
1781071870.9241536,461118,6.449999809265137
1781071871.7116637,461494,6.619999885559082
1781071872.2897077,461769,6.519999980926514
1781071872.6441474,461938,6.510000228881836
1781071873.0289383,462105,6.510000228881836
1781071873.7278597,462399,6.440000057220459
1781071874.6594114,462751,6.369999885559082
1781071875.4706645,463103,6.429999828338623
1781071876.326968,463454,6.480000019073486
1781071876.8027327,463639,6.480000019073486
1781071876.4462993,463838,6.460000038146973
1781071876.9739006,464033,6.440000057220459
1781071877.836105,464350,6.440000057220459
1781071878.7559083,464715,6.46999979019165
1781071879.8877838,465176,6.46999979019165
1781071880.7272484,465563,6.570000171661377
1781071881.3401494,465853,6.650000095367432
1781071881.956408,466143,6.590000152587891
1781071883.0620475,466669,6.699999809265137
1781071883.45875,466864,6.699999809265137
1781071884.2215145,467222,6.699999809265137
1781071884.809624,467510,6.679999828338623
1781071885.1000967,467647,6.710000038146973
1781071885.7542717,467959,6.769999980926514
1781071886.3539824,468244,6.769999980926514
1781071886.8888702,468483,6.800000190734863
1781071887.5083714,468742,6.78000020980835
1781071888.1852708,469033,6.800000190734863
1781071888.9210386,469356,6.829999923706055
1781071889.882839,469743,6.829999923706055
1781071890.2169502,469863,6.860000133514404
1781071890.709028,470060,6.829999923706055
1781071891.7134402,470432,6.71999979019165
1781071892.5679095,470755,6.78000020980835
1781071893.706246,471200,6.78000020980835
1781071894.3482568,471446,6.800000190734863
1781071894.9454222,471692,6.789999961853027
1781071895.2334075,471810,6.730000019073486
1781071895.7828288,472077,6.71999979019165
1781071896.216198,472277,6.71999979019165
1781071896.794343,472555,6.690000057220459
1781071897.0829544,472691,6.710000038146973
1781071897.874176,473072,6.739999771118164
1781071898.2642982,473260,6.710000038146973
1781071898.8383389,473537,6.710000038146973
1781071899.3266845,473766,6.679999828338623
1781071899.941671,474070,6.710000038146973
1781071900.697487,474414,6.789999961853027
1781071901.0051773,474555,6.75
1781071901.6808674,474880,6.75
1781071904.9993749,475338,6.769999980926514
1781071905.3905616,475526,6.820000171661377
1781071905.83525,475745,6.809999942779541
1781071906.4394321,476040,6.829999923706055
1781071907.2845342,476407,6.829999923706055
1781071907.623603,476546,6.789999961853027
1781071908.2344463,476820,6.769999980926514
1781071908.8519216,477079,6.710000038146973
1781071908.9982631,477525,6.789999961853027
1781071909.5436766,477771,6.789999961853027
1781071910.292159,478098,6.789999961853027
1781071911.2220247,478509,6.829999923706055
1781071912.6776006,479097,6.869999885559082
1781071914.048891,479669,7.059999942779541
1781071914.5624435,479892,7.059999942779541
1781071915.54528,480319,7.119999885559082
1781071916.1935272,480602,7.190000057220459
1781071916.5938413,480770,7.130000114440918
1781071917.3781326,481133,7.190000057220459
1781071918.239222,481547,7.190000057220459
1781071919.0597115,481939,7.28000020980835
1781071919.9603019,482361,7.380000114440918
1781071920.5101304,482613,7.340000152587891
1781071921.0823944,482878,7.320000171661377
1781071921.279385,482968,7.320000171661377
1781071922.2675416,483389,7.260000228881836
1781071923.5343277,483909,7.369999885559082
1781071924.0454843,484132,7.369999885559082
1781071924.5566318,484355,7.349999904632568
1781071925.4119143,484738,7.349999904632568
1781071926.1003392,485035,7.25
1781071926.726299,485300,7.230000019073486
1781071927.8829105,485781,7.199999809265137
1781071928.8454456,486203,7.309999942779541
1781071929.6731772,486583,7.309999942779541
1781071930.504929,486977,7.349999904632568
1781071931.209874,487294,7.53000020980835
1781071932.0807781,487702,7.590000152587891
1781071932.6805727,487985,7.590000152587891
1781071933.036556,488149,7.590000152587891
1781071933.553197,488394,7.570000171661377
1781071934.2472441,488716,7.590000152587891
1781071935.140308,489134,7.639999866485596
1781071935.9530177,489509,7.710000038146973
1781071936.9527996,489983,7.710000038146973
1781071937.5986848,490283,7.789999961853027
1781071938.0511253,490498,7.789999961853027
1781071939.3162675,491090,7.860000133514404
1781071939.8455076,491335,7.889999866485596
1781071939.9135025,491795,7.889999866485596
1781071940.4563425,492047,8.0
1781071941.0363972,492310,7.96999979019165
1781071941.9676898,492745,7.949999809265137
1781071942.283102,492884,7.900000095367432
1781071942.572185,493024,7.900000095367432
1781071943.1179895,493271,7.849999904632568
1781071943.885939,493634,7.860000133514404
1781071944.5081902,493924,7.860000133514404
1781071945.3501534,494305,7.909999847412109
1781071946.104274,494650,7.909999847412109
1781071946.7451262,494937,8.0
1781071947.3491702,495226,7.960000038146973
1781071948.163682,495611,7.96999979019165
1781071948.7350125,495866,8.010000228881836
1781071948.975989,495982,8.010000228881836
1781071949.5541904,496256,7.909999847412109
1781071950.3398762,496621,7.909999847412109
1781071950.7844245,496840,7.909999847412109
1781071950.993104,496928,7.889999866485596
1781071951.45166,497155,7.889999866485596
1781071951.9863877,497400,7.880000114440918
1781071952.7705042,497767,7.869999885559082
1781071953.406811,498056,7.889999866485596
1781071954.1787648,498431,7.869999885559082
1781071954.9594305,498812,7.869999885559082
1781071955.9316456,499276,7.920000076293945
1781071956.4497867,499525,7.760000228881836
1781071957.2195773,499885,7.789999961853027
1781071960.5432096,500150,7.829999923706055
1781071960.7601852,500242,7.829999923706055
1781071961.4099,500525,7.809999942779541
1781071962.2361028,500930,7.820000171661377
1781071962.4919004,501051,7.739999771118164
1781071963.1993792,501379,7.730000019073486
1781071963.994465,501740,7.730000019073486
1781071964.758137,502094,7.78000020980835
1781071965.3343792,502364,7.849999904632568
1781071966.152256,502751,7.860000133514404
1781071966.644085,502982,7.840000152587891
1781071967.4484997,503369,7.840000152587891
1781071968.0936003,503663,7.760000228881836
1781071968.7305658,503963,7.710000038146973
1781071969.2584784,504216,7.710000038146973
1781071969.8600504,504492,7.559999942779541
1781071970.627033,504840,7.559999942779541
1781071970.912804,504978,7.599999904632568
1781071971.465066,505665,7.599999904632568
1781071972.503327,506145,7.699999809265137
1781071973.127703,506435,7.71999979019165
1781071973.9748914,506833,7.71999979019165
1781071974.6908224,507172,7.769999980926514
1781071974.9493682,507292,7.800000190734863
1781071976.0586002,507800,7.78000020980835
1781071976.3599565,507938,7.739999771118164
1781071976.7312045,508106,7.739999771118164
1781071977.716509,508563,7.730000019073486
1781071978.202424,508784,7.809999942779541
1781071978.693697,509019,7.769999980926514
1781071979.214985,509253,7.71999979019165
1781071979.8253314,509531,7.71999979019165
1781071980.3630443,509780,7.679999828338623
1781071981.03903,510078,7.679999828338623
1781071981.2600002,510170,7.690000057220459
1781071981.7156901,510336,7.670000076293945
1781071981.9605315,510428,7.670000076293945
1781071983.212242,510909,7.679999828338623
1781071983.7513082,511130,7.75
1781071984.2669785,511348,7.699999809265137
1781071984.82809,511591,7.699999809265137
1781071985.3858256,511841,7.699999809265137
1781071986.24445,512197,7.730000019073486
1781071986.944935,512492,7.769999980926514
1781071987.534811,512725,7.71999979019165
1781071988.2656806,513048,7.75
1781071989.0489943,513387,7.75
1781071989.665668,513667,7.769999980926514
1781071990.6283605,514103,7.739999771118164
1781071991.7934992,514643,7.880000114440918
1781071992.7177415,515072,7.980000019073486
1781071993.879564,515620,7.980000019073486
1781071994.5887086,515931,8.039999961853027
1781071995.4740644,516343,8.140000343322754
1781071996.3184466,516720,8.1899995803833
1781071997.1916032,517117,8.1899995803833
1781071998.036552,517498,8.1899995803833
1781071998.5740511,517748,8.260000228881836
1781071999.4789364,518147,8.199999809265137
1781072000.0262837,518392,8.170000076293945
1781072000.6623766,518681,7.96999979019165
1781072002.3191338,519453,7.96999979019165
1781072002.9254148,519718,8.050000190734863
1781072002.9335778,520114,8.029999732971191
1781072003.277201,520254,8.050000190734863
1781072003.66737,520434,7.960000038146973
1781072004.708955,520898,7.960000038146973
1781072005.435037,521235,7.920000076293945
1781072006.0042465,521492,7.880000114440918
1781072006.731318,521824,7.880000114440918
1781072007.7240262,522270,7.920000076293945
1781072008.412956,522566,7.920000076293945
1781072008.9849067,522829,7.96999979019165
1781072009.76952,523195,7.840000152587891
1781072010.600033,523570,8.020000457763672
1781072011.1383185,523815,8.020000457763672
1781072011.9447765,524187,8.020000457763672
1781072012.7119017,524536,8.050000190734863
1781072013.585641,524923,8.039999961853027
1781072015.9235563,525092,8.029999732971191
1781072016.7985897,525476,7.960000038146973
1781072017.4228683,525768,7.960000038146973
1781072018.5784128,526303,7.989999771118164
1781072019.2868867,526619,7.920000076293945
1781072019.8568048,526885,7.869999885559082
1781072020.8289533,527326,7.96999979019165
1781072021.126995,527466,7.96999979019165
1781072021.5281086,527643,7.949999809265137
1781072022.4327705,528049,7.989999771118164
1781072022.97814,528294,7.989999771118164
1781072023.1863124,528386,7.900000095367432
1781072024.2600071,528895,7.900000095367432
1781072024.6176891,529057,7.840000152587891
1781072025.0978055,529282,7.840000152587891
1781072025.865774,529644,7.820000171661377
1781072026.7150366,530037,7.829999923706055
1781072027.7353444,530519,7.829999923706055
1781072028.4910557,530876,7.829999923706055
1781072029.6911418,531414,7.989999771118164
1781072030.651009,531865,8.0600004196167
1781072031.0891693,532058,8.079999923706055
1781072031.42264,532207,8.079999923706055
1781072031.9551425,532449,8.079999923706055
1781072033.0925379,532966,8.15999984741211
1781072034.040812,533386,8.25
1781072034.7890987,533730,8.279999732971191
1781072034.7608268,534105,8.279999732971191
1781072035.7777808,534580,8.25
1781072036.4862192,534909,8.350000381469727
1781072037.5854697,535424,8.40999984741211
1781072038.1927764,535697,8.369999885559082
1781072039.0810366,536093,8.369999885559082
1781072039.7890282,536411,8.430000305175781
1781072040.7841406,536860,8.5600004196167
1781072041.6664832,537265,8.59000015258789
1781072042.92192,537800,8.739999771118164
1781072043.8697746,538183,8.739999771118164
1781072044.3796554,538401,8.75
1781072045.5485458,538872,8.800000190734863
1781072046.9298565,539502,8.90999984741211
1781072047.1155033,539594,8.829999923706055
1781072047.5685174,539802,8.829999923706055
1781072048.3411832,540162,8.710000038146973
1781072049.847486,540861,8.760000228881836
1781072050.487988,541154,8.819999694824219
1781072051.4767532,541603,8.90999984741211
1781072051.7986095,541754,8.90999984741211
1781072053.2465892,542394,8.979999542236328
1781072054.1091645,542760,9.069999694824219
1781072055.2649157,543241,9.149999618530273
1781072057.1092215,543981,9.369999885559082
1781072057.4546802,544128,9.369999885559082
1781072057.8987129,544310,9.319999694824219
1781072058.5078316,544561,9.270000457763672
1781072058.7113082,544653,9.220000267028809
1781072059.6711674,545059,9.239999771118164
1781072060.5585349,545412,9.239999771118164
1781072061.1515694,545673,9.369999885559082
1781072062.028695,546077,9.359999656677246
1781072062.9096806,546496,9.40999984741211
1781072063.711158,546864,9.479999542236328
1781072064.4453816,547209,9.479999542236328
1781072065.4072645,547665,9.520000457763672
1781072065.729419,547806,9.470000267028809
1781072066.2338424,548032,9.350000381469727
1781072066.8999572,548330,9.34000015258789
1781072066.863158,548714,9.34000015258789
1781072067.6908023,549081,9.350000381469727
1781072068.2821207,549321,9.350000381469727
1781072068.6362455,549472,9.319999694824219
1781072072.8093748,550038,9.420000076293945
1781072074.1338084,550577,9.420000076293945
1781072075.1104314,550995,9.489999771118164
1781072075.587754,551207,9.479999542236328
1781072076.555188,551656,9.5600004196167
1781072077.3510847,552018,9.649999618530273
1781072078.3733354,552479,9.649999618530273
1781072079.549662,553033,9.739999771118164
1781072080.2656174,553348,9.850000381469727
1781072081.2008066,553767,9.899999618530273
1781072081.735385,554011,9.920000076293945
1781072082.000843,554129,9.920000076293945
1781072082.446194,554313,9.899999618530273
1781072083.1040173,554593,9.800000190734863
1781072084.4451847,555185,9.890000343322754
1781072085.0118625,555432,9.960000038146973
1781072086.0626013,555896,9.960000038146973
1781072086.8186274,556187,9.979999542236328
1781072087.700736,556523,9.899999618530273
1781072088.4986017,556801,9.960000038146973
1781072089.1963992,557068,9.970000267028809
1781072089.8743584,557333,9.970000267028809
1781072090.997317,557823,9.9399995803833
1781072091.3535552,558000,10.0
1781072091.9543006,558284,9.869999885559082
1781072092.921191,558727,9.819999694824219
1781072094.0446835,559241,9.819999694824219
1781072094.6239996,559507,9.850000381469727
1781072096.072315,560176,9.890000343322754
1781072097.0400257,560609,9.930000305175781
1781072098.2321916,561108,9.970000267028809
1781072098.5299964,561228,9.970000267028809
1781072098.0983994,561409,9.869999885559082
1781072098.688797,561657,9.850000381469727
1781072099.4437993,561955,9.829999923706055
1781072100.6316128,562460,9.9399995803833
1781072101.711293,562919,9.9399995803833
1781072102.2135997,563120,9.880000114440918
1781072103.4135506,563610,9.930000305175781
1781072103.6781054,563728,9.920000076293945
1781072104.7174702,564186,9.989999771118164
1781072105.4172783,564526,9.989999771118164
1781072106.0321474,564806,9.979999542236328
1781072107.51022,565485,10.0600004196167
1781072108.0888784,565749,10.109999656677246
1781072108.3785331,565888,10.029999732971191
1781072109.3454783,566337,10.029999732971191
1781072110.2165415,566725,10.079999923706055
1781072111.0410295,567101,10.140000343322754
1781072111.3791578,567254,9.970000267028809
1781072112.1332755,567587,10.0
1781072112.6056228,567812,10.0
1781072113.0142825,568000,9.9399995803833
1781072113.5391035,568234,9.930000305175781
1781072114.4154503,568625,9.899999618530273
1781072114.6986203,568759,9.869999885559082
1781072115.4488537,569108,9.869999885559082
1781072116.3605967,569529,9.819999694824219
1781072116.8420982,569742,9.819999694824219
1781072117.5941043,570082,9.850000381469727
1781072118.5971024,570532,9.829999923706055
1781072119.3113506,570845,9.829999923706055
1781072120.254591,571279,9.890000343322754
1781072121.1098266,571671,9.930000305175781
1781072122.0429585,572110,9.949999809265137
1781072122.4553218,572292,10.0
1781072123.2711887,572671,10.0
1781072123.9100919,572972,10.0
1781072125.0196283,573492,10.079999923706055
1781072125.7153568,573801,10.09000015258789
1781072126.3494081,574091,10.100000381469727
1781072127.738654,574736,10.100000381469727
1781072131.216074,575282,10.1899995803833
1781072131.8046854,575559,10.180000305175781
1781072132.3482819,575790,10.079999923706055
1781072133.513671,576316,10.180000305175781
1781072134.318727,576698,10.180000305175781
1781072135.2838511,577126,10.229999542236328
1781072136.0154824,577460,10.180000305175781
1781072137.4442856,578099,10.260000228881836
1781072137.997778,578347,10.199999809265137
1781072138.4464118,578540,10.199999809265137
1781072139.2795522,578915,10.140000343322754
1781072139.8966732,579194,10.130000114440918
1781072140.2888367,579378,10.039999961853027
1781072141.335726,579865,10.100000381469727
1781072142.6388252,580454,10.100000381469727
1781072143.3274066,580772,10.180000305175781
1781072143.9331834,581046,10.069999694824219
1781072144.3314342,581213,10.039999961853027
1781072145.11441,581573,9.979999542236328
1781072145.9978585,581967,9.979999542236328
1781072146.755615,582310,10.020000457763672
1781072147.1362686,582482,10.0
1781072147.7797534,582765,9.789999961853027
1781072149.0481365,583253,9.9399995803833
1781072150.0130801,583656,9.9399995803833
1781072150.8200724,583982,10.029999732971191
1781072152.679879,584742,10.050000190734863
1781072154.1373084,585335,10.1899995803833
1781072154.9181051,585654,10.199999809265137
1781072155.8577259,586047,10.199999809265137
1781072156.3327715,586266,10.210000038146973
1781072157.4104655,586751,10.170000076293945
1781072158.2727678,587141,10.130000114440918
1781072159.7256954,587811,10.09000015258789
1781072160.613119,588208,10.09000015258789
1781072161.2330036,588875,10.239999771118164
1781072161.8203282,589143,10.329999923706055
1781072162.8376772,589575,10.399999618530273
1781072163.3277657,589773,10.329999923706055
1781072163.9420888,590016,10.329999923706055
1781072164.9634209,590441,10.180000305175781
1781072165.3464394,590591,10.1899995803833
1781072166.1660721,590919,10.15999984741211
1781072166.513567,591057,10.050000190734863
1781072166.748017,591149,10.050000190734863
1781072167.9019918,591593,9.9399995803833
1781072169.2421253,592113,10.170000076293945
1781072170.340062,592565,10.170000076293945
1781072170.6400185,592701,10.180000305175781
1781072171.1944394,592945,10.180000305175781
1781072171.9827092,593294,10.130000114440918
1781072172.5765364,593549,10.140000343322754
1781072173.323936,593885,10.260000228881836
1781072173.9845257,594178,10.180000305175781
1781072174.6102788,594461,10.180000305175781
1781072175.4721029,594849,10.119999885559082
1781072176.5019896,595296,10.239999771118164
1781072177.4461377,595723,10.220000267028809
1781072178.1259732,596007,10.1899995803833
1781072179.5857964,596597,10.1899995803833
1781072179.8406417,596689,10.180000305175781
1781072180.4969811,596952,10.029999732971191
1781072182.1789062,597650,10.09000015258789
1781072183.5658464,598211,10.25
1781072184.9368317,598736,10.25
1781072186.1980662,599228,10.399999618530273
1781072187.0631807,599577,10.470000267028809
1781072191.079678,600060,10.4399995803833
1781072192.312563,600581,10.550000190734863
1781072193.2957094,601027,10.550000190734863
1781072193.2203698,601414,10.569999694824219
1781072195.0198827,602246,10.649999618530273
1781072196.1744113,602766,10.770000457763672
1781072197.1345904,603197,10.880000114440918
1781072198.170177,603673,10.880000114440918
1781072199.5437162,604215,10.989999771118164
1781072200.4491253,604569,11.020000457763672
1781072201.2435691,604883,11.029999732971191
1781072202.4061499,605359,11.109999656677246
1781072203.030627,605587,11.109999656677246
1781072203.7359076,605866,10.970000267028809
1781072204.553882,606173,10.869999885559082
1781072205.6903162,606615,10.84000015258789
1781072206.4666152,606939,10.770000457763672
1781072207.3307412,607332,10.770000457763672
1781072208.2700374,607739,11.020000457763672
1781072209.4025986,608247,11.069999694824219
1781072210.638742,608792,11.1899995803833
1781072211.137357,609014,11.239999771118164
1781072212.380392,609585,11.239999771118164
1781072213.127854,609928,11.319999694824219
1781072213.6241019,610156,11.25
1781072214.577189,610519,11.260000228881836
1781072215.1104696,610737,11.229999542236328
1781072216.2423115,611174,11.229999542236328
1781072217.4800344,611688,11.380000114440918
1781072218.2191098,611969,11.40999984741211
1781072219.0870204,612310,11.329999923706055
1781072220.7610807,612963,11.460000038146973
1781072221.797131,613391,11.460000038146973
1781072222.5067997,613708,11.520000457763672
1781072223.468161,614127,11.539999961853027
1781072224.506706,614602,11.600000381469727
1781072224.348307,614927,11.619999885559082
1781072225.477368,615449,11.619999885559082
1781072226.509722,615901,11.770000457763672
1781072227.3383076,616274,11.819999694824219
1781072227.9555225,616553,11.869999885559082
1781072228.7016313,616874,11.890000343322754
1781072229.2165663,617093,11.890000343322754
1781072229.9364762,617370,11.859999656677246
1781072231.1995733,617878,11.8100004196167
1781072232.6576579,618471,11.989999771118164
1781072233.8532639,618956,11.979999542236328
1781072234.4553506,619191,11.979999542236328
1781072235.386151,619565,11.979999542236328
1781072236.4448657,620007,11.880000114440918
1781072237.7395747,620601,12.149999618530273
1781072238.6136723,621010,12.210000038146973
1781072239.2911198,621305,12.210000038146973
1781072240.2574785,621745,12.15999984741211
1781072241.5718155,622344,12.279999732971191
1781072243.6057782,623253,12.5600004196167
1781072244.5753548,623650,12.59000015258789
1781072245.1498997,623867,12.59000015258789
1781072246.214083,624275,12.40999984741211
1781072247.0061066,624595,12.3100004196167
1781072247.8738575,624944,12.350000381469727
1781072252.7084239,625262,12.289999961853027
1781072253.6870203,625691,12.289999961853027
1781072254.805651,626193,12.300000190734863
1781072255.2964592,626409,12.34000015258789
1781072255.9414253,626685,12.149999618530273
1781072256.5546434,626965,12.109999656677246
1781072256.2836611,627233,12.109999656677246
1781072257.0270936,627567,12.130000114440918
1781072257.971936,627948,12.15999984741211
1781072259.2468889,628452,12.210000038146973
1781072260.8105454,629047,12.34000015258789
1781072262.17639,629562,12.34000015258789
1781072263.611452,630138,12.289999961853027
1781072264.8781338,630638,12.430000305175781
1781072265.866865,631067,12.5
1781072266.4481256,631324,12.5
1781072267.5445688,631813,12.5
1781072268.2314432,632112,12.510000228881836
1781072269.1832204,632537,12.520000457763672
1781072269.8283799,632823,12.630000114440918
1781072270.6916163,633211,12.579999923706055
1781072271.9315188,633782,12.579999923706055
1781072273.7998111,634551,12.710000038146973
1781072274.4773262,634818,12.770000457763672
1781072275.4542625,635195,12.59000015258789
1781072276.8717163,635758,12.850000381469727
1781072278.35164,636333,12.850000381469727
1781072279.1451669,636655,12.949999809265137
1781072279.85565,636939,12.880000114440918
1781072280.9676468,637399,12.90999984741211
1781072282.037966,637866,13.0600004196167
1781072283.0221496,638289,13.0600004196167
1781072283.925934,638692,12.989999771118164
1781072284.5858014,638981,12.979999542236328
1781072285.5886073,639431,12.989999771118164
1781072286.542206,639861,13.039999961853027
1781072287.9771826,640483,13.039999961853027
1781072287.687913,640706,13.1899995803833
1781072288.2928178,640938,13.199999809265137
1781072289.4172294,641375,13.220000267028809
1781072290.673642,641869,13.359999656677246
1781072291.5474374,642204,13.359999656677246
1781072292.638572,642644,13.4399995803833
1781072293.276053,642896,13.270000457763672
1781072294.6501794,643436,13.420000076293945
1781072295.7121003,643886,13.479999542236328
1781072296.7588031,644355,13.479999542236328
1781072297.7974832,644797,13.59000015258789
1781072298.6828167,645184,13.6899995803833
1781072299.7585127,645657,13.609999656677246
1781072300.2663083,645878,13.65999984741211
1781072300.8858883,646146,13.65999984741211
1781072301.6041431,646471,13.630000114440918
1781072303.21105,647158,13.539999961853027
1781072304.3068812,647561,13.6899995803833
1781072304.9678566,647834,13.65999984741211
1781072306.7449698,648548,13.65999984741211
1781072307.915008,649006,13.800000190734863
1781072308.7234845,649302,13.90999984741211
1781072310.1421628,649831,13.930000305175781
1781072314.0436518,650062,13.770000457763672
1781072315.288906,650611,13.770000457763672
1781072316.372233,651093,13.829999923706055
1781072317.741933,651672,13.880000114440918
1781072319.4210918,652328,13.9399995803833
1781072319.3447108,652632,13.920000076293945
1781072320.9299417,653255,13.920000076293945
1781072321.652533,653547,13.970000267028809
1781072323.1169224,654152,14.029999732971191
1781072324.0240586,654505,13.989999771118164
1781072325.041993,654944,13.9399995803833
1781072326.0288467,655380,13.9399995803833
1781072326.853111,655759,13.920000076293945
1781072327.5302067,656056,13.84000015258789
1781072328.9708562,656685,13.979999542236328
1781072330.0183496,657131,14.0
1781072331.3515167,657700,14.0
1781072332.7212949,658257,14.109999656677246
1781072333.7993822,658682,14.1899995803833
1781072335.2293108,659239,14.319999694824219
1781072337.131705,660012,14.5
1781072338.1728463,660433,14.5
1781072338.961513,660734,14.369999885559082
1781072339.8197722,661068,14.329999923706055
1781072341.4816284,661770,14.399999618530273
1781072342.6612318,662298,14.399999618530273
1781072345.2030754,663422,14.399999618530273
1781072346.4603007,664001,14.649999618530273
1781072347.6113808,664477,14.760000228881836
1781072348.6083987,664867,14.90999984741211
1781072349.545361,665244,14.920000076293945
1781072350.4727147,665599,14.920000076293945
1781072351.455542,666321,14.880000114440918
1781072352.4331264,666714,14.90999984741211
1781072353.8938427,667287,15.09000015258789
1781072354.5283284,667554,15.069999694824219
1781072355.6656213,668059,15.069999694824219
1781072356.0330124,668226,15.020000457763672
1781072358.184118,669178,14.970000267028809
1781072359.222399,669643,15.359999656677246
1781072360.6082184,670249,15.4399995803833
1781072362.406762,671005,15.4399995803833
1781072363.6325548,671472,15.479999542236328
1781072365.6538393,672276,15.579999923706055
1781072367.859876,673146,15.710000038146973
1781072369.2717292,673700,15.989999771118164
1781072369.8472128,673954,15.989999771118164
1781072370.703087,674312,16.040000915527344
1781072372.1728923,674971,16.06999969482422
1781072378.199534,675464,16.100000381469727
1781072380.4350128,676365,16.280000686645508
1781072382.2041016,677079,16.280000686645508
1781072382.9345806,677719,16.510000228881836
1781072383.626514,677999,16.639999389648438
1781072384.738738,678484,16.3799991607666
1781072386.407093,679225,16.540000915527344
1781072387.710418,679802,16.540000915527344
1781072388.6139107,680202,16.739999771118164
1781072388.819162,680292,16.549999237060547
1781072390.1710382,680876,16.260000228881836
1781072391.9598,681601,16.579999923706055
1781072393.073359,682057,16.579999923706055
1781072394.884032,682778,16.670000076293945
1781072396.7293293,683511,17.010000228881836
1781072397.6693752,683892,17.059999465942383
1781072398.4644203,684200,17.079999923706055
1781072399.257031,684541,17.079999923706055
1781072400.8191442,685211,17.079999923706055
1781072401.484839,685511,17.1200008392334
1781072402.3806586,685902,17.149999618530273
1781072403.0960195,686212,17.190000534057617
1781072404.2882135,686731,17.190000534057617
1781072404.8979354,687002,17.260000228881836
1781072405.8163254,687418,17.25
1781072407.2473624,687993,17.34000015258789
1781072408.0756752,688313,17.170000076293945
1781072410.0049574,689076,17.170000076293945
1781072411.288182,689596,17.31999969482422
1781072413.2457585,690397,17.43000030517578
1781072414.1447139,690776,17.420000076293945
1781072414.4949987,690928,17.360000610351562
1781072414.0822766,691128,17.360000610351562
1781072414.9046803,691487,17.290000915527344
1781072415.8053453,691888,17.299999237060547
1781072416.7783294,692316,17.309999465942383
1781072418.0808878,692867,17.43000030517578
1781072419.4628096,693465,17.43000030517578
1781072420.7345965,693998,17.3799991607666
1781072421.9244645,694506,17.299999237060547
1781072422.5681913,694761,17.520000457763672
1781072423.5512636,695156,17.170000076293945
1781072424.3035924,695445,17.170000076293945
1781072425.5813215,695955,17.030000686645508
1781072427.5094357,696729,17.280000686645508
1781072428.4427907,697111,17.350000381469727
1781072429.7755024,697690,17.09000015258789
1781072430.3698413,697934,17.09000015258789
1781072431.5393474,698407,17.059999465942383
1781072432.0990229,698624,17.010000228881836
1781072433.935709,699380,17.200000762939453
1781072435.0384228,699828,17.299999237060547
1781072441.609739,700450,17.299999237060547
1781072442.5769832,700775,17.260000228881836
1781072443.5104208,701097,17.239999771118164
1781072444.996021,701697,17.350000381469727
1781072445.3569458,701846,17.239999771118164
1781072446.3580961,702293,17.239999771118164
1781072446.4134007,702696,17.270000457763672
1781072447.6582868,703230,17.280000686645508
1781072450.1720414,704327,17.399999618530273
1781072451.6353266,704904,17.549999237060547
1781072453.1811044,705514,17.549999237060547
1781072454.3835716,705982,17.56999969482422
1781072455.7093532,706499,17.610000610351562
1781072457.0643454,707030,17.670000076293945
1781072457.9738195,707389,17.649999618530273
1781072459.0254812,707838,17.649999618530273
1781072460.1901593,708316,17.739999771118164
1781072461.8035367,709015,18.0
1781072462.658308,709378,17.81999969482422
1781072464.7282643,710263,18.09000015258789
1781072466.141287,710834,18.09000015258789
1781072467.5348678,711399,17.979999542236328
1781072469.2854924,712092,18.020000457763672
1781072470.959423,712731,18.360000610351562
1781072472.6006637,713376,18.549999237060547
1781072473.9519463,713951,18.549999237060547
1781072474.9633572,714403,18.59000015258789
1781072476.1465182,714903,18.600000381469727
1781072477.917458,715669,18.790000915527344
1781072480.0274282,716947,19.1200008392334
1781072481.7012098,717587,19.1200008392334
1781072483.2637653,718209,19.100000381469727
1781072485.7938051,719195,19.239999771118164
1781072487.7597015,719989,19.31999969482422
1781072489.28845,720650,19.59000015258789
1781072490.3906004,721121,19.59000015258789
1781072490.9043355,721337,19.559999465942383
1781072491.8743832,721749,19.530000686645508
1781072493.90345,722633,19.760000228881836
1781072495.4203997,723492,19.920000076293945
1781072496.0903258,723881,19.920000076293945
1781072496.8137598,724294,19.920000076293945
1781072497.4052637,724638,19.8700008392334
1781072502.0695453,725177,19.780000686645508
1781072503.302205,725901,19.84000015258789
1781072504.1735766,726419,19.84000015258789
1781072505.4728281,727163,20.0
1781072506.385455,727681,20.290000915527344
1781072507.6777692,728436,20.329999923706055
1781072509.0655472,729225,20.469999313354492
1781072509.55295,729991,20.469999313354492
1781072510.3518562,730444,20.280000686645508
1781072511.2218516,730940,20.260000228881836
1781072512.226807,731512,20.309999465942383
1781072513.131711,732033,20.3799991607666
1781072513.889881,732474,20.3799991607666
1781072515.2725782,733285,20.40999984741211
1781072516.7421277,734143,20.399999618530273
1781072518.0314722,734896,20.610000610351562
1781072519.4072185,735679,20.709999084472656
1781072520.4018903,736187,20.709999084472656
1781072521.2148616,736640,20.8700008392334
1781072521.4876301,736779,20.850000381469727
1781072522.5725005,737357,20.440000534057617
1781072524.1575565,738206,20.6299991607666
1781072524.8742416,738609,20.6299991607666
1781072526.552017,739534,20.600000381469727
1781072527.6503584,740123,20.639999389648438
1781072528.78087,740744,20.610000610351562
1781072529.6402612,741211,20.5
1781072531.0166488,741996,20.5
1781072531.6059852,742323,20.739999771118164
1781072532.23801,742664,20.719999313354492
1781072532.9431133,743041,20.549999237060547
1781072535.0657303,744160,20.6299991607666
1781072536.4123485,744908,20.6299991607666
1781072537.7113833,745591,20.6200008392334
1781072538.8021126,746184,20.719999313354492
1781072539.9134412,746752,20.780000686645508
1781072540.7130885,747167,20.739999771118164
1781072540.9247584,747701,20.739999771118164
1781072541.6126351,748041,20.65999984741211
1781072542.5426304,748487,20.739999771118164
1781072543.5432775,748986,20.760000228881836
1781072545.1203237,749803,20.670000076293945
1781072550.7491446,750157,20.670000076293945
1781072551.4347947,750483,20.639999389648438
1781072553.029439,751319,20.43000030517578
1781072553.4456654,751545,20.329999923706055
1781072554.8363175,752275,20.440000534057617
1781072556.1229804,752979,20.440000534057617
1781072556.9654438,753428,20.670000076293945
1781072558.4135485,754185,20.65999984741211
1781072559.964757,754962,20.829999923706055
1781072560.7689586,755356,20.90999984741211
1781072562.2936287,756122,20.90999984741211
1781072564.519202,757214,21.040000915527344
1781072566.0191987,757912,21.479999542236328
1781072567.2028527,758492,21.579999923706055
1781072568.753846,759215,21.889999389648438
1781072569.434625,759506,21.889999389648438
1781072571.345506,760436,21.690000534057617
1781072572.2918506,760921,21.68000030517578
1781072573.016158,761768,21.940000534057617
1781072573.9724605,762263,22.110000610351562
1781072576.4053586,763498,22.110000610351562
1781072577.2175055,763901,22.59000015258789
1781072579.102458,764845,22.799999237060547
1781072580.1517875,765412,23.079999923706055
1781072580.9654307,765839,23.09000015258789
1781072582.079343,766368,23.09000015258789
1781072583.562192,767110,23.059999465942383
1781072584.8440886,767726,23.299999237060547
1781072586.8866532,768722,23.639999389648438
1781072588.4515655,769453,23.860000610351562
1781072590.0123818,770206,23.860000610351562
1781072591.1694493,770799,24.200000762939453
1781072593.156495,771853,24.100000381469727
1781072594.3723893,772463,24.3799991607666
1781072595.0017674,772793,24.350000381469727
1781072596.03165,773335,24.350000381469727
1781072597.260586,773987,24.450000762939453
1781072598.1501489,774425,24.559999465942383
1781072604.542981,775792,24.670000076293945
1781072605.919537,776499,24.889999389648438
1781072607.0759883,777087,24.889999389648438
1781072609.1962242,778059,24.989999771118164
1781072610.94151,778906,25.25
1781072612.0183747,779463,25.31999969482422
1781072613.5186887,780221,25.65999984741211
1781072614.9387715,780951,25.65999984741211
1781072615.7996593,781385,25.850000381469727
1781072617.0619116,782018,25.90999984741211
1781072618.2599757,782627,25.889999389648438
1781072619.6273496,783319,25.75
1781072620.7578728,783877,25.75
1781072621.7888303,784410,25.770000457763672
1781072623.553602,785285,25.969999313354492
1781072624.5667527,785794,26.06999969482422
1781072626.155165,786559,26.209999084472656
1781072626.9930568,786972,26.209999084472656
1781072628.4135756,787629,26.190000534057617
1781072630.169669,788487,26.1299991607666
1781072631.5609245,789187,26.700000762939453
1781072632.1882987,789503,26.479999542236328
1781072633.6157367,790255,26.479999542236328
1781072634.5435188,790718,26.579999923706055
1781072635.9535873,791430,26.670000076293945
1781072636.7546983,792288,26.530000686645508
1781072639.0691159,793469,27.010000228881836
1781072640.8942833,794383,27.010000228881836
1781072642.0306034,794942,27.18000030517578
1781072643.3449438,795581,27.170000076293945
1781072645.3107817,796533,27.239999771118164
1781072647.3096828,797511,27.299999237060547
1781072648.284387,797978,27.299999237060547
1781072650.4306765,799061,27.280000686645508
1781072651.4703832,799595,27.389999389648438
1781072659.4036574,800421,27.440000534057617
1781072660.9942148,801202,27.549999237060547
1781072662.72951,802088,27.549999237060547
1781072663.929588,802666,27.809999465942383
1781072665.3131135,803332,28.079999923706055
1781072667.846804,804538,28.309999465942383
1781072667.1783767,804628,27.979999542236328
1781072668.526689,805307,27.979999542236328
1781072669.9905288,806042,28.219999313354492
1781072671.6756766,806915,28.440000534057617
1781072672.6803906,807423,28.639999389648438
1781072674.3235548,808276,28.520000457763672
1781072676.2904193,809279,28.520000457763672
1781072677.2207525,809732,28.600000381469727
1781072679.3608558,810816,28.690000534057617
1781072681.3334188,811822,28.68000030517578
1781072681.7568336,812025,28.6200008392334
1781072683.7465317,813025,28.6200008392334
1781072685.2411401,813781,28.84000015258789
1781072686.8989778,814595,28.950000762939453
1781072689.949911,816090,29.209999084472656
1781072691.581081,816910,29.899999618530273
1781072693.8011634,818036,29.899999618530273
1781072695.7522702,819046,29.989999771118164
1781072696.970537,819680,30.399999618530273
1781072699.014289,820705,30.420000076293945
1781072699.5986085,821456,30.479999542236328
1781072700.778087,822075,30.479999542236328
1781072702.2984664,822842,30.440000534057617
1781072703.9088972,823624,30.639999389648438
1781072705.0859714,824188,30.920000076293945
1781072705.7145748,824502,30.6299991607666
1781072712.9420967,825372,30.6299991607666
1781072715.6633246,826760,30.75
1781072716.276222,827058,31.219999313354492
1781072717.8502383,827831,31.209999084472656
1781072718.815459,828319,31.1299991607666
1781072720.4088767,829131,31.1299991607666
1781072721.6909769,829772,31.239999771118164
1781072722.4711468,830140,31.3700008392334
1781072724.0665493,830923,31.469999313354492
1781072725.816202,831683,31.459999084472656
1781072728.3970292,832761,31.459999084472656
1781072730.9609232,833722,31.760000228881836
1781072732.4030018,834580,31.8799991607666
1781072734.1379187,835222,32.15999984741211
1781072736.273477,836029,32.43000030517578
1781072737.930383,836725,32.43000030517578
1781072739.6955917,837442,32.439998626708984
1781072743.9029946,839170,33.06999969482422
1781072747.7724278,840638,33.59000015258789
1781072749.7981389,841391,33.779998779296875
1781072751.9485278,842177,33.779998779296875
1781072754.1117806,843070,33.970001220703125
1781072755.2117205,843528,34.0099983215332
1781072758.1894193,844758,34.369998931884766
1781072761.117765,845859,34.88999938964844
1781072764.277008,847378,34.88999938964844
1781072766.7629209,848335,35.630001068115234
1781072768.9225502,849242,35.810001373291016
1781072780.1590812,850028,36.18000030517578
1781072782.4515715,850969,36.63999938964844
1781072785.0273898,852054,36.63999938964844
1781072786.6181686,852720,36.869998931884766
1781072789.2241025,853748,36.58000183105469
1781072791.2063627,854511,36.75
1781072794.0784874,855573,37.0
1781072795.6779904,856536,37.0
1781072797.8777518,857458,37.33000183105469
1781072800.9372408,858582,37.599998474121094
1781072802.414708,859118,37.599998474121094
1781072804.971772,860041,37.790000915527344
1781072807.1178458,860890,37.790000915527344
1781072811.041996,862343,37.65999984741211
1781072812.5881014,862916,38.0
1781072814.2540848,863511,37.90999984741211
1781072817.169105,864534,38.02000045776367
1781072820.72411,865866,38.02000045776367
1781072822.308534,866467,38.630001068115234
1781072825.3928494,867629,38.59000015258789
1781072827.2422345,868651,38.43000030517578
1781072829.4616392,869555,38.66999816894531
1781072833.0439322,870911,38.66999816894531
1781072834.8779402,871585,39.099998474121094
1781072837.7086592,872644,39.25
1781072839.8886428,873541,39.33000183105469
1781072841.4854693,874202,39.720001220703125
1781072853.5721264,875104,39.720001220703125
1781072855.0487106,875713,39.97999954223633
1781072856.8519623,876832,40.189998626708984
1781072860.0157583,878080,40.41999816894531
1781072862.20798,878876,40.540000915527344
1781072864.9127917,879897,40.540000915527344
1781072866.940586,880723,40.90999984741211
1781072870.2235653,882046,41.08000183105469
1781072871.2856166,882474,41.459999084472656
1781072872.8716702,883122,41.22999954223633
1781072875.193474,884015,41.22999954223633
1781072877.444766,884840,41.369998931884766
1781072882.1338086,886534,41.779998779296875
1781072884.4210176,887428,44.150001525878906
1781072886.4344356,888255,44.63999938964844
1781072888.8571587,889235,44.63999938964844
1781072890.470175,890099,44.88999938964844
1781072892.3381295,890774,44.869998931884766
1781072894.3003197,891492,44.939998626708984
1781072896.160447,892168,45.04999923706055
1781072899.3983667,893503,45.04999923706055
1781072903.0086102,894958,45.65999984741211
1781072905.4484396,895864,46.06999969482422
1781072907.280783,896545,45.900001525878906
1781072908.9874823,897164,46.060001373291016
1781072910.3505435,897654,46.060001373291016
1781072913.6248078,898962,46.18000030517578
1781072914.9006128,899470,46.45000076293945
1781072926.8456612,900838,46.61000061035156
1781072928.2816517,901422,46.16999816894531
1781072929.7309012,901997,46.16999816894531
1781072931.502276,902707,45.880001068115234
1781072933.6190715,903478,46.16999816894531
1781072935.5452206,904172,46.130001068115234
1781072938.9286952,905372,46.209999084472656
1781072941.4278073,906333,46.209999084472656
1781072943.315153,907081,46.54999923706055
1781072946.1019568,908173,46.5
1781072948.8817453,909211,46.77000045776367
1781072951.6421077,910192,46.900001525878906
1781072953.5738947,911219,46.900001525878906
1781072957.1959453,912676,47.25
1781072959.7032669,913642,47.529998779296875
1781072961.191023,914195,47.31999969482422
1781072964.5536249,915448,47.790000915527344
1781072966.5380092,916167,47.790000915527344
1781072969.4454262,917232,47.70000076293945
1781072973.5028625,918707,47.86000061035156
1781072974.54562,919095,48.290000915527344
1781072977.2304332,920073,48.59000015258789
1781072980.2518244,921197,48.59000015258789
1781072983.3850243,922370,48.810001373291016
1781072986.5573807,923840,49.060001373291016
1781072988.0340958,924361,49.7599983215332
1781072989.5433567,924913,49.91999816894531
1781073002.8321488,925618,49.91999816894531
1781073006.020961,926827,49.66999816894531
1781073007.6580744,927426,50.16999816894531
1781073011.8634424,928981,50.41999816894531
1781073013.4297736,929559,49.9900016784668
1781073015.140349,930503,49.9900016784668
1781073018.9680884,931893,50.27000045776367
1781073020.631526,932501,50.459999084472656
1781073023.3350933,933447,50.439998626708984
1781073027.0456018,934767,51.11000061035156
1781073030.3723412,936006,51.11000061035156
1781073033.200297,937023,51.470001220703125
1781073036.2199643,938118,51.86000061035156
1781073038.2828953,938872,52.27000045776367
1781073042.4982908,940368,53.13999938964844
1781073046.6059616,941881,53.13999938964844
1781073048.8202138,942982,53.75
1781073050.897062,943764,53.7400016784668
1781073052.823874,944454,53.90999984741211
1781073055.8398988,945531,54.33000183105469
1781073058.4480698,946434,54.33000183105469
1781073061.505481,947516,54.25
1781073064.1681118,948475,54.9900016784668
1781073068.012823,949832,55.63999938964844
1781073081.6354647,950485,55.849998474121094
1781073084.696366,951720,55.849998474121094
1781073086.1657562,952305,55.790000915527344
1781073088.9878259,953458,55.720001220703125
1781073091.1605332,954350,56.189998626708984
1781073093.2192607,955169,56.29999923706055
1781073096.286435,956381,56.29999923706055
1781073099.1115808,957521,56.70000076293945
1781073100.8118987,958209,56.41999816894531
1781073104.1978664,959562,56.400001525878906
1781073106.9680965,960669,56.77000045776367
1781073110.1024103,961956,56.77000045776367
1781073111.748852,962952,57.31999969482422
1781073113.9618676,963841,57.790000915527344
1781073118.2916875,965613,58.18000030517578
1781073120.8112574,966622,58.220001220703125
1781073123.824263,967826,58.220001220703125
1781073127.109729,969162,58.119998931884766
1781073130.537262,970514,58.66999816894531
1781073133.6727104,971617,59.65999984741211
1781073136.1562428,972501,59.77000045776367
1781073139.4307485,973655,59.77000045776367
1781073140.8795757,974166,59.95000076293945
1781073141.9013703,974847,60.130001068115234
1781073160.4027698,976955,60.38999938964844
1781073162.001423,977525,61.58000183105469
1781073165.2636862,978659,61.58000183105469
1781073168.99314,979950,61.7400016784668
1781073170.8110714,980658,61.90999984741211
1781073175.235912,982600,62.36000061035156
1781073176.8691657,983165,62.86000061035156
1781073180.544904,984553,62.86000061035156
1781073182.7544796,985439,63.290000915527344
1781073184.9673676,986324,64.0
1781073188.606993,987675,64.23999786376953
1781073190.6026576,988379,64.69999694824219
1781073193.999501,989605,64.69999694824219
1781073196.3835833,990531,65.0199966430664
1781073199.4921613,991762,65.23999786376953
1781073203.0001998,993078,65.69999694824219
1781073204.3149202,993556,65.87000274658203
1781073207.8142617,995109,65.87000274658203
1781073210.5753016,996202,65.95999908447266
1781073213.634311,997433,66.47000122070312
1781073217.3099885,998799,66.6500015258789
1781073219.872379,999708,67.47000122070312
1781073235.1646762,1000582,67.47000122070312
1781073236.5861127,1001400,67.66000366210938
1781073239.287196,1002470,67.88999938964844
1781073241.3009434,1003249,67.80999755859375
1781073244.5252185,1004505,68.04000091552734
1781073246.7304685,1005266,68.04000091552734
1781073249.7609522,1006350,67.70999908447266
1781073252.0664263,1007180,67.97000122070312
1781073254.1680408,1008018,67.79000091552734
1781073256.6549916,1008989,68.37999725341797
1781073259.5430465,1010086,68.37999725341797
1781073262.239256,1011021,68.52999877929688
1781073266.2024853,1012384,68.51000213623047
1781073268.0943453,1013077,66.6500015258789
1781073269.6190882,1014005,66.81999969482422
1781073272.5437467,1015144,66.81999969482422
1781073274.8573072,1015981,66.98999786376953
1781073277.8769267,1017048,67.12999725341797
1781073281.0805354,1018170,67.83000183105469
1781073283.6749196,1019189,68.38999938964844
1781073287.3351011,1020638,68.38999938964844
1781073290.2572553,1021668,68.55000305175781
1781073293.2084506,1022688,68.29000091552734
1781073294.581812,1023154,68.3499984741211
1781073297.777258,1024342,68.5999984741211
1781073312.4369667,1025465,68.5999984741211
1781073315.474017,1026641,68.75
1781073318.526202,1027771,69.25
1781073322.8744392,1029298,69.33000183105469
1781073324.2407014,1029760,70.4800033569336
1781073325.9287453,1030344,70.4800033569336
1781073327.1432693,1030816,70.52999877929688
1781073330.584088,1032129,70.48999786376953
1781073331.2044022,1032721,70.8499984741211
1781073333.9751716,1033697,71.04000091552734
1781073336.7427464,1034652,71.04000091552734
1781073339.5398047,1035625,71.22000122070312
1781073341.4443326,1036377,71.56999969482422
1781073344.8103125,1037709,71.5
1781073345.6079798,1038028,71.58999633789062
1781073348.6558244,1039141,71.58999633789062
1781073350.8177042,1039883,71.51000213623047
1781073354.44661,1041157,71.4800033569336
1781073358.782778,1042876,73.95999908447266
1781073361.175994,1043807,74.27999877929688
1781073364.1272628,1045202,74.27999877929688
1781073368.146381,1046629,74.7699966430664
1781073370.8518374,1047656,75.44000244140625
1781073372.7626452,1048404,75.33000183105469
1781073375.5426073,1049489,75.55000305175781
1781073391.6404862,1050785,75.55000305175781
1781073394.720735,1052173,75.86000061035156
1781073398.0871315,1053350,76.30000305175781
1781073401.3043332,1054612,76.30999755859375
1781073403.0194614,1055297,76.63999938964844
1781073406.2280307,1056509,76.63999938964844
1781073408.5534341,1057338,77.2300033569336
1781073410.0947955,1057866,77.62999725341797
1781073413.0169091,1058890,77.83999633789062
1781073416.1349785,1060120,78.05999755859375
1781073418.5845249,1061075,78.05999755859375
1781073422.5291774,1062511,78.05000305175781
1781073426.4637122,1063862,77.87000274658203
1781073428.3934903,1064867,79.12000274658203
1781073432.1361353,1066164,79.70999908447266
1781073436.289578,1067566,79.70999908447266
1781073439.8651857,1068795,80.20999908447266
1781073442.6837757,1069771,80.37999725341797
1781073444.605796,1070437,80.5
1781073446.9551997,1071276,79.9000015258789
1781073451.0135481,1072726,79.9000015258789
1781073453.7318633,1073683,80.06999969482422
1781073467.8939617,1075029,80.0
1781073473.4090283,1076914,80.88999938964844
1781073474.8324327,1077422,81.25
1781073478.541694,1078735,81.25
1781073481.016848,1079575,81.9000015258789
1781073484.7581213,1080883,81.44999694824219
1781073487.757442,1081931,81.44000244140625
1781073489.4995942,1082517,81.55999755859375
1781073491.322463,1083438,81.55999755859375
1781073496.8760788,1085365,81.80000305175781
1781073499.680126,1086307,83.0999984741211
1781073501.8769639,1087073,82.80999755859375
1781073505.742033,1088409,83.25
1781073508.0892494,1089238,83.25
1781073511.8139136,1090537,83.04000091552734
1781073513.983524,1091297,83.2300033569336
1781073517.2575858,1092433,84.41000366210938
1781073519.5610766,1093254,85.06999969482422
1781073523.3758054,1094912,85.06999969482422
1781073526.730297,1096095,86.98999786376953
1781073529.5758255,1097075,86.98999786376953
1781073533.650989,1098478,87.04000091552734
1781073534.826434,1098894,86.93000030517578
1781073554.4728327,1100452,86.93000030517578
1781073556.7957978,1101279,87.58999633789062
1781073561.5742571,1102929,87.2699966430664
1781073565.0538824,1104122,86.94000244140625
1781073567.7742295,1105066,87.58999633789062
1781073571.851929,1106493,87.58999633789062
1781073577.0120976,1108290,88.22000122070312
1781073580.7914543,1109596,90.31999969482422
1781073582.0855477,1110048,91.18000030517578
1781073585.47287,1111522,90.38999938964844
1781073589.060246,1112787,90.38999938964844
1781073591.5099537,1113591,90.4000015258789
1781073594.0927603,1114672,90.02999877929688
1781073597.0828624,1115893,89.6500015258789
1781073599.2835798,1116854,90.30999755859375
1781073603.052987,1118244,90.30999755859375
1781073605.716078,1119457,90.62999725341797
1781073607.8206267,1120473,89.93000030517578
1781073610.6475813,1121584,89.88999938964844
1781073614.3508463,1122970,90.80000305175781
1781073616.0657485,1124067,90.80000305175781
1781073617.888722,1124828,90.48999786376953
1781073630.7072535,1125865,90.62000274658203
1781073633.0083706,1126977,90.44999694824219
1781073634.7029355,1127795,90.29000091552734
1781073636.2988923,1128598,90.29000091552734
1781073639.6038995,1129990,89.7300033569336
1781073643.4993038,1131335,90.98999786376953
1781073646.1209016,1132387,91.08999633789062
1781073648.127444,1133785,92.47000122070312
1781073650.543133,1134947,92.47000122070312
1781073653.426525,1136235,92.73999786376953
1781073655.6267412,1137030,92.77999877929688
1781073659.1467211,1138249,94.62999725341797
1781073662.0808277,1139230,94.43000030517578
1781073664.7138453,1140183,94.43000030517578
1781073668.1598065,1141406,94.58999633789062
1781073669.729174,1141950,94.5
1781073674.854754,1143730,94.79000091552734
1781073676.4273822,1144309,94.93000030517578
1781073679.55995,1145407,94.93000030517578
1781073682.0992746,1146599,94.87999725341797
1781073686.8580647,1148257,95.56999969482422
1781073689.3473744,1149102,95.80999755859375
1781073702.031626,1150231,96.0199966430664
1781073706.2789779,1151707,96.0199966430664
1781073708.5967078,1152523,96.12000274658203
1781073713.4006326,1154481,96.38999938964844
1781073716.8105073,1155659,96.5199966430664
1781073719.384562,1156561,96.94999694824219
1781073723.4194374,1157993,96.94999694824219
1781073725.743453,1158795,96.91999816894531
1781073728.6961064,1159822,96.95999908447266
1781073731.9605017,1160921,97.29000091552734
1781073734.6389053,1161825,97.18000030517578
1781073737.7874608,1162905,97.18000030517578
1781073739.8224196,1163625,97.31999969482422
1781073742.929877,1164703,96.66000366210938
1781073743.8981314,1165335,96.62000274658203
1781073746.3029487,1166176,95.62000274658203
1781073749.3530254,1167258,95.62000274658203
1781073753.1612577,1168560,96.12999725341797
1781073755.91914,1169499,96.5
1781073759.0825074,1170596,98.41999816894531
1781073761.630284,1171452,98.29000091552734
1781073765.4195187,1172729,98.29000091552734
1781073768.9388087,1173951,98.41000366210938
1781073771.4651058,1174813,98.58999633789062
1781073788.4424834,1176383,98.62000274658203
1781073790.0899005,1176947,98.91999816894531
1781073792.181487,1177692,98.91999816894531
1781073794.782825,1178608,98.55999755859375
1781073797.8983371,1179697,98.63999938964844
1781073801.3182375,1180919,96.37000274658203
1781073803.1996455,1181627,96.36000061035156
1781073805.738264,1182636,96.36000061035156
1781073807.223456,1183559,96.1500015258789
1781073810.4073462,1184820,95.87000274658203
1781073814.0936117,1186262,96.02999877929688
1781073814.9616008,1186600,96.30000305175781
1781073816.10949,1187068,96.30000305175781
1781073819.6087763,1188419,95.58000183105469
1781073820.6816835,1188850,95.37999725341797
1781073823.5217571,1189960,95.11000061035156
1781073826.6064515,1191196,95.13999938964844
1781073830.3777974,1192666,95.13999938964844
1781073832.5852993,1193516,95.41999816894531
1781073836.0776727,1194901,95.0999984741211
1781073837.4086199,1195417,95.0999984741211
1781073838.8175008,1196311,94.83000183105469
1781073842.0441473,1197581,94.83000183105469
1781073843.9919636,1198331,94.98999786376953
1781073845.2988203,1198845,94.70999908447266
1781073857.8992991,1200029,93.5999984741211
1781073860.484668,1201031,92.83999633789062
1781073862.649347,1201874,92.83999633789062
1781073866.0444908,1203198,92.30999755859375
1781073869.050671,1204384,92.38999938964844
1781073869.2647505,1204818,92.2300033569336
1781073872.8026125,1206188,92.9800033569336
1781073876.1001616,1207460,92.9800033569336
1781073879.297276,1208709,92.6500015258789
1781073882.3608918,1209907,92.66000366210938
1781073885.3288884,1211052,92.16999816894531
1781073886.7359796,1211612,91.81999969482422
1781073890.3849049,1213068,91.81999969482422
1781073893.5556428,1214319,91.94999694824219
1781073894.6047428,1214726,92.16999816894531
1781073896.157742,1215329,91.51000213623047
1781073898.6068873,1216312,91.7300033569336
1781073901.1816573,1217686,91.7300033569336
1781073904.2852378,1218913,92.06999969482422
1781073908.006417,1220412,92.51000213623047
1781073909.711842,1221082,92.93000030517578
1781073912.4232159,1222152,92.33999633789062
1781073915.3439686,1223301,92.33999633789062
1781073919.3928676,1224907,92.70999908447266
1781073932.322482,1225872,95.26000213623047
1781073936.8757071,1227662,94.01000213623047
1781073938.590163,1228335,93.9000015258789
1781073941.9763305,1229667,93.9000015258789
1781073944.6210666,1230719,92.12000274658203
1781073947.403942,1231836,92.27999877929688
1781073950.861366,1233186,92.05000305175781
1781073952.5250695,1233839,92.5
1781073955.4449873,1235002,92.5
1781073957.0372522,1235623,91.94999694824219
1781073959.9826982,1236701,92.04000091552734
1781073962.222615,1237489,91.16999816894531
1781073965.102672,1238811,90.69999694824219
1781073968.6760101,1240035,90.69999694824219
1781073972.7870831,1241445,90.26000213623047
1781073975.1575968,1242237,88.94999694824219
1781073980.7360196,1244158,88.80000305175781
1781073982.8619056,1244887,88.51000213623047
1781073986.7727625,1246239,88.51000213623047
1781073990.2277663,1247502,88.97000122070312
1781073991.7435405,1248104,89.51000213623047
1781073994.0582569,1249005,89.91999816894531
1781073996.1339502,1249823,89.45999908447266
1781074009.2898226,1250499,89.45999908447266
1781074012.9980266,1251865,88.72000122070312
1781074016.2342613,1253013,89.31999969482422
1781074021.1740909,1254868,89.69000244140625
1781074021.43104,1254960,89.04000091552734
1781074024.5301104,1256187,89.04000091552734
1781074027.4932501,1257270,89.2699966430664
1781074030.77523,1258713,90.27999877929688
1781074034.3992054,1260053,90.98999786376953
1781074036.230681,1260763,91.58000183105469
1781074039.697852,1262067,91.58000183105469
1781074041.4340444,1262679,92.4000015258789
1781074045.6261306,1264152,91.44999694824219
1781074050.0175328,1265848,91.69999694824219
1781074051.499675,1266439,89.7699966430664
1781074054.8768203,1267712,89.7699966430664
1781074058.2566512,1268909,90.12000274658203
1781074058.6964025,1269365,90.30000305175781
1781074061.6833193,1270470,88.37999725341797
1781074064.3517478,1271492,89.19999694824219
1781074066.2690315,1272264,89.19999694824219
1781074069.59399,1273485,89.43000030517578
1781074087.4157305,1275103,89.2699966430664
1781074089.632787,1275901,89.37999725341797
1781074092.6854417,1277392,90.11000061035156
1781074096.1997175,1278778,90.11000061035156
1781074101.3298023,1280616,90.83000183105469
1781074105.5434475,1282117,91.69999694824219
1781074106.9321702,1282653,91.80000305175781
1781074108.607811,1283316,93.44000244140625
1781074112.6776164,1284876,93.44000244140625
1781074115.829931,1285938,94.2300033569336
1781074118.395552,1286825,94.37999725341797
1781074122.0540962,1288195,93.69999694824219
1781074124.8007305,1289615,94.61000061035156
1781074127.5498672,1290713,94.61000061035156
1781074131.8653696,1292262,95.44000244140625
1781074134.141071,1293026,96.22000122070312
1781074138.2241192,1294522,98.33999633789062
1781074141.8221416,1295934,99.30000305175781
1781074143.548627,1296616,99.30000305175781
1781074145.4390092,1297281,98.8499984741211
1781074148.2963228,1298293,99.18000030517578
1781074149.1561873,1298638,98.83000183105469
1781074163.8662024,1300015,99.43000030517578
1781074168.0108552,1301444,99.43000030517578
1781074169.764211,1302049,99.45999908447266
1781074172.0987115,1302937,98.91999816894531
1781074175.7449136,1304388,97.41000366210938
1781074178.5881443,1305483,97.44000244140625
1781074180.9087162,1306300,97.44000244140625
1781074185.8689342,1308373,97.76000213623047
1781074189.519052,1309800,97.5
1781074191.9358861,1310725,99.54000091552734
1781074194.6189554,1311687,99.2699966430664
1781074197.701264,1312801,99.2699966430664
1781074200.1255717,1313672,99.80000305175781
1781074203.2952342,1314906,99.55000305175781
1781074205.2749078,1315647,100.62000274658203
1781074209.1003532,1317107,101.13999938964844
1781074213.680708,1318692,101.13999938964844
1781074214.3832603,1318920,101.66999816894531
1781074217.558984,1320470,100.83000183105469
1781074218.9246387,1320988,101.4800033569336
1781074220.9510171,1321767,100.95999908447266
1781074223.0412512,1322553,100.95999908447266
1781074227.1248353,1323980,101.02999877929688
1781074242.185646,1325107,101.0999984741211
1781074247.1503887,1326999,102.0999984741211
1781074248.2634401,1327437,102.5
1781074250.7819197,1328727,102.5
1781074252.950074,1329461,102.66000366210938
1781074257.0295742,1330855,102.0999984741211
1781074259.4175289,1331727,102.13999938964844
1781074259.8170676,1331880,102.01000213623047
1781074263.2212636,1333193,102.01000213623047
1781074266.8108885,1334545,102.37000274658203
1781074270.1800635,1335692,105.3499984741211
1781074271.519405,1336178,105.5999984741211
1781074273.7625723,1336977,107.80000305175781
1781074278.1161954,1338707,107.80000305175781
1781074281.1967814,1340171,108.51000213623047
1781074284.8833575,1341427,108.4800033569336
1781074288.1217551,1342562,108.55000305175781
1781074289.338082,1343044,108.72000122070312
1781074291.137337,1343742,108.72000122070312
1781074294.7787004,1345182,108.66000366210938
1781074296.4864552,1345796,109.54000091552734
1781074299.4504611,1346821,109.68000030517578
1781074301.7002008,1347608,109.44000244140625
1781074304.2834349,1348585,109.44000244140625
1781074306.6068232,1349502,108.93000030517578
1781074319.9119236,1350888,109.5199966430664
1781074320.6773992,1351194,109.91000366210938
1781074322.7992299,1352021,109.56999969482422
1781074325.604704,1353063,109.56999969482422
1781074329.359984,1354400,109.20999908447266
1781074331.6635306,1355228,108.19000244140625
1781074333.2412608,1355839,107.61000061035156
1781074336.947416,1357303,108.51000213623047
1781074339.9673467,1358436,108.51000213623047
1781074343.816637,1359823,108.48999786376953
1781074346.2822156,1361028,106.5
1781074347.2416246,1361396,106.62000274658203
1781074349.9771347,1362456,105.61000061035156
1781074354.344111,1364135,105.61000061035156
1781074358.3641784,1365554,107.05000305175781
1781074360.846907,1366433,107.20999908447266
1781074364.3524587,1367797,107.72000122070312
1781074366.2471178,1368530,107.05999755859375
1781074370.037758,1369897,107.05999755859375
1781074372.5019183,1370718,106.94000244140625
1781074374.7518432,1371764,106.5199966430664
1781074376.6317568,1372483,107.20999908447266
1781074379.5330033,1373608,107.41000366210938
1781074381.4184387,1374327,107.41000366210938
1781074396.6429157,1375713,106.93000030517578
1781074399.09901,1376581,106.8499984741211
1781074401.1540427,1377309,106.16000366210938
1781074404.7298343,1378546,106.11000061035156
1781074408.3195221,1380112,106.11000061035156
1781074410.7809217,1380973,106.69000244140625
1781074414.0832942,1382164,106.4800033569336
1781074416.0500724,1382852,106.19999694824219
1781074420.2977386,1384037,107.80999755859375
1781074422.536635,1384923,107.80999755859375
1781074424.557803,1385857,107.76000213623047
1781074425.298394,1386191,107.12999725341797
1781074428.597383,1387712,108.70999908447266
1781074429.5541816,1388154,109.87000274658203
1781074431.89404,1389174,109.87000274658203
1781074435.2896411,1390686,109.55000305175781
1781074436.9630063,1391436,110.61000061035156
1781074439.0338943,1392768,110.30999755859375
1781074441.2926688,1393876,110.2300033569336
1781074443.251733,1394823,110.2300033569336
1781074446.5084984,1396084,109.73999786376953
1781074448.7591243,1397063,109.27999877929688
1781074452.042347,1398719,108.9000015258789
1781074452.7126434,1399057,109.23999786376953
1781074467.7496815,1400385,109.23999786376953
1781074469.856409,1401576,109.48999786376953
1781074474.2065878,1403117,109.52999877929688
1781074476.7366495,1404002,110.19000244140625
1781074479.0410385,1404851,109.44000244140625
1781074481.7295074,1405898,109.44000244140625
1781074485.4295874,1407347,109.72000122070312
1781074488.0104182,1408276,111.19000244140625
1781074493.138195,1410063,112.9000015258789
1781074494.9719121,1410774,112.20999908447266
1781074498.2949917,1412068,112.20999908447266
1781074501.0200317,1413099,111.97000122070312
1781074503.6400752,1414274,110.30999755859375
1781074507.5290074,1415598,110.16999816894531
1781074509.8015912,1416474,108.5
1781074514.1321723,1418137,108.5
1781074517.2842646,1419257,109.43000030517578
1781074520.0205252,1420205,109.62999725341797
1781074522.837527,1421190,109.69000244140625
1781074526.3027446,1422543,108.38999938964844
1781074529.723636,1423864,108.38999938964844
1781074544.3553016,1425116,108.18000030517578
1781074546.0433986,1425686,107.47000122070312
1781074549.6617785,1426935,105.37999725341797
1781074551.850208,1427705,104.55999755859375
1781074554.9007661,1428878,104.55999755859375
1781074558.5057614,1430309,105.37000274658203
1781074562.6926084,1431730,105.56999969482422
1781074563.554346,1431997,106.56999969482422
1781074566.3953695,1433318,106.30999755859375
1781074569.1890512,1434388,106.30999755859375
1781074572.2587702,1435582,108.4000015258789
1781074575.5370517,1436731,110.30000305175781
1781074578.9806461,1437909,110.2699966430664
1781074581.112412,1438659,110.33999633789062
1781074583.619238,1439647,110.33999633789062
1781074587.1741295,1441016,109.88999938964844
1781074589.4636698,1441912,110.76000213623047
1781074591.4997342,1442702,110.33000183105469
1781074594.4442816,1443757,110.27999877929688
1781074598.633127,1445527,110.27999877929688
1781074601.4165988,1446616,112.30000305175781
1781074605.51979,1448236,112.72000122070312
1781074606.8365276,1448735,112.38999938964844
1781074623.1271513,1450421,112.3499984741211
1781074627.532873,1451967,112.3499984741211
1781074629.5387416,1452965,113.8499984741211
1781074634.6874614,1454784,114.5999984741211
1781074637.1144774,1455647,114.97000122070312
1781074641.0321681,1457113,117.70999908447266
1781074644.5939791,1458496,117.70999908447266
1781074649.0536141,1460125,118.4800033569336
1781074653.458365,1461615,119.12999725341797
1781074654.6289814,1462024,118.52999877929688
1781074656.736017,1462843,117.88999938964844
1781074659.678804,1463997,117.88999938964844
1781074661.047589,1464853,117.68000030517578
1781074665.9651928,1466675,119.87999725341797
1781074667.7560008,1467522,120.80000305175781
1781074669.1545599,1468245,121.63999938964844
1781074671.3957145,1469359,121.63999938964844
1781074673.5305166,1470405,121.12999725341797
1781074675.83199,1471544,118.5
1781074676.8302248,1472022,118.55999755859375
1781074678.8620474,1473008,116.08999633789062
1781074682.180096,1474602,116.08999633789062
1781074694.3056092,1475994,115.97000122070312
1781074696.3934274,1477043,116.19000244140625
1781074699.3459153,1478513,116.70999908447266
1781074701.1653461,1479449,116.16000366210938
1781074703.1541438,1480479,116.16000366210938
1781074705.4681246,1481678,115.79000091552734
1781074707.1218824,1482540,116.1500015258789
1781074709.0108895,1483477,116.16999816894531
1781074711.1764197,1484376,116.45999908447266
1781074714.5257924,1485551,116.45999908447266
1781074716.864151,1486382,116.66999816894531
1781074720.1298482,1487560,115.73999786376953
1781074722.1462612,1488346,116.41000366210938
1781074724.9016926,1489770,118.01000213623047
1781074728.622881,1491130,118.01000213623047
1781074730.985299,1491941,118.30000305175781
1781074734.4808724,1493211,117.54000091552734
1781074737.514746,1494389,118.0
1781074738.1016695,1494610,117.31999969482422
1781074740.110231,1495376,117.31999969482422
1781074744.3433962,1496901,117.2300033569336
1781074747.1656268,1497830,116.97000122070312
1781074750.7239103,1499110,117.18000030517578
1781074763.81766,1500003,117.80999755859375
1781074767.6452255,1501463,117.80999755859375
1781074770.1854048,1502419,116.30999755859375
1781074773.0343518,1503377,115.95999908447266
1781074775.9004781,1504356,116.0999984741211
1781074779.2527194,1505561,117.7699966430664
1781074781.452663,1506411,117.7699966430664
1781074784.14848,1507444,117.3499984741211
1781074786.1966283,1508527,117.93000030517578
1781074789.2272599,1509541,117.22000122070312
1781074790.7289178,1510027,116.6500015258789
1781074792.7416923,1510703,116.6500015258789
1781074795.3613396,1511716,116.79000091552734
1781074797.597346,1512572,116.11000061035156
1781074801.914476,1514147,118.58999633789062
1781074802.217471,1514237,120.30000305175781
1781074805.91421,1515505,120.30000305175781
1781074809.853438,1516956,119.37999725341797
1781074813.0410397,1518193,120.2300033569336
1781074816.976557,1519628,121.08000183105469
1781074818.347709,1520383,119.51000213623047
1781074822.5329676,1521854,119.51000213623047
1781074824.8609095,1522768,120.20999908447266
1781074829.3289547,1524513,120.27999877929688
1781074844.949323,1525494,119.66000366210938
1781074847.0394576,1526252,118.0199966430664
1781074849.1275423,1527273,118.0199966430664
1781074853.3827934,1528897,118.98999786376953
1781074857.1014047,1530342,118.37000274658203
1781074859.2995973,1531119,118.38999938964844
1781074862.872916,1532329,118.52999877929688
1781074866.2064347,1533548,118.52999877929688
1781074869.7069538,1534911,118.66999816894531
1781074873.9961164,1536560,118.7300033569336
1781074877.3240879,1537724,120.73999786376953
1781074878.339164,1538070,120.68000030517578
1781074881.0177617,1539035,120.68000030517578
1781074882.9282959,1540124,121.68000030517578
1781074884.4344337,1540712,122.69000244140625
1781074885.8913183,1541270,122.08000183105469
1781074887.241921,1541798,121.72000122070312
1781074890.9502637,1543114,121.72000122070312
1781074893.9004965,1544185,121.72000122070312
1781074896.430364,1545136,120.18000030517578
1781074897.9908674,1545744,118.75
1781074900.5015047,1546719,120.5999984741211
1781074902.3281329,1547429,120.5999984741211
1781074906.3134625,1548846,120.37000274658203
1781074909.484784,1549917,120.91999816894531
1781074922.587133,1550913,123.12999725341797
1781074925.7331202,1552045,123.37999725341797
1781074929.2004192,1553392,123.37999725341797
1781074933.4522269,1554932,121.93000030517578
1781074935.9944732,1555869,122.66999816894531
1781074940.401171,1557483,123.52999877929688
1781074943.143418,1558436,124.7300033569336
1781074945.866273,1559700,124.7300033569336
1781074949.965678,1561275,125.41999816894531
1781074954.0150292,1562818,126.02999877929688
1781074957.7188787,1564097,126.75
1781074959.7236476,1564818,129.32000732421875
1781074962.6806037,1565894,129.32000732421875
1781074966.3156476,1567185,128.69000244140625
1781074969.183221,1568190,128.97999572753906
1781074972.895948,1569490,128.89999389648438
1781074975.1257982,1570282,130.42999267578125
1781074978.2110078,1571636,130.42999267578125
1781074982.0356338,1573003,130.25
1781074984.1827328,1573772,129.25
1781074999.2162123,1575188,131.17999267578125
1781074999.7067573,1575372,132.67999267578125
1781075002.6652007,1576528,132.67999267578125
1781075006.7533846,1577966,132.92999267578125
1781075007.6443262,1578279,133.0800018310547
1781075009.1624527,1579107,133.85000610351562
1781075012.0547016,1580220,134.27000427246094
1781075015.649073,1581637,134.27000427246094
1781075018.3013256,1582642,132.55999755859375
1781075021.506282,1583759,133.1999969482422
1781075024.0497694,1584656,135.2100067138672
1781075026.7712104,1585692,135.02999877929688
1781075029.720081,1586882,135.02999877929688
1781075033.8636642,1588455,136.1300048828125
1781075038.5023668,1590101,138.27000427246094
1781075039.7183232,1590872,138.6199951171875
1781075042.216368,1591840,137.88999938964844
1781075045.8958147,1593279,137.88999938964844
1781075048.1446657,1594167,138.10000610351562
1781075051.4295614,1595471,136.9499969482422
1781075053.346854,1596237,137.27000427246094
1781075055.5698981,1597125,137.42999267578125
1781075059.221569,1598568,137.42999267578125
1781075061.3720412,1599401,137.5800018310547
1781075074.4986944,1600753,135.72000122070312
1781075075.1933131,1601014,137.25999450683594
1781075078.011059,1602105,137.10000610351562
1781075080.4120584,1603028,137.10000610351562
1781075084.0094087,1604445,136.97000122070312
1781075086.5558367,1605467,138.97999572753906
1781075090.2395492,1606904,140.25
1781075092.56105,1607813,141.3800048828125
1781075095.3682008,1608909,141.3800048828125
1781075097.5571144,1609758,141.11000061035156
1781075102.0107236,1611354,141.30999755859375
1781075104.9833117,1612793,141.67999267578125
1781075106.985843,1613595,144.47000122070312
1781075109.3227026,1614513,144.47000122070312
1781075112.7866728,1615740,145.8800048828125
1781075115.1031263,1616532,145.3699951171875
1781075117.9390824,1617536,145.22999572753906
1781075120.8816333,1618662,145.5399932861328
1781075123.022369,1619490,145.5399932861328
1781075128.5619686,1621467,145.72000122070312
1781075131.8511045,1622587,148.47000122070312
1781075133.0835645,1623049,149.6699981689453
1781075135.3591995,1624277,148.4600067138672
1781075151.5792353,1625609,148.4600067138672
1781075154.008106,1626525,150.30999755859375
1781075157.8806634,1627875,150.49000549316406
1781075158.7065694,1628167,152.42999267578125
1781075162.1283545,1629416,153.30999755859375
1781075165.2050695,1630606,153.30999755859375
1781075165.6522546,1631133,154.74000549316406
1781075170.2103584,1632845,157.0
1781075174.6987374,1634423,158.7899932861328
1781075176.6613767,1635189,158.7899932861328
1781075181.01006,1636883,158.7899932861328
1781075183.7623184,1637907,159.17999267578125
1781075189.303366,1639833,159.91000366210938
1781075191.5327418,1640642,161.07000732421875
1781075193.377552,1641343,159.75
1781075197.268328,1642844,159.75
1781075201.3414917,1644578,160.6999969482422
1781075203.7038982,1645403,161.52999877929688
1781075206.9540203,1646641,162.1199951171875
1781075208.9790623,1647414,163.33999633789062
1781075212.8245676,1648910,163.33999633789062
1781075228.48446,1650023,163.92999267578125
1781075232.2689214,1651379,165.6699981689453
1781075234.0887725,1652062,163.94000244140625
1781075237.1884546,1653296,162.67999267578125
1781075239.9872622,1654394,162.67999267578125
1781075242.2813563,1655210,162.8300018310547
1781075246.3319323,1656638,161.91000366210938
1781075248.1605768,1657294,162.75
1781075251.1185288,1658454,163.02000427246094
1781075254.0085945,1659601,163.02000427246094
1781075256.7200475,1660640,162.86000061035156
1781075259.1341772,1661471,163.00999450683594
1781075260.1216903,1662146,161.5800018310547
1781075262.220298,1662875,161.89999389648438
1781075266.534953,1664547,161.89999389648438
1781075269.606708,1665744,162.77000427246094
1781075273.662335,1667170,161.8699951171875
1781075275.3859966,1667750,163.24000549316406
1781075279.5114253,1669275,163.4199981689453
1781075283.0307398,1670647,163.4199981689453
1781075285.776389,1671698,163.50999450683594
1781075287.064009,1672135,163.72000122070312
1781075291.8931682,1674621,161.64999389648438
1781075292.3600755,1674861,161.8300018310547
1781075303.933091,1676014,161.8300018310547
1781075306.5198011,1677042,161.44000244140625
1781075310.1667633,1678444,161.39999389648438
1781075313.0519874,1679488,162.3800048828125
1781075316.7783508,1680791,163.49000549316406
1781075320.03374,1681999,163.49000549316406
1781075321.7455137,1682665,163.35000610351562
1781075324.9511793,1684275,163.3800048828125
1781075328.7916493,1685729,164.16000366210938
1781075329.6555786,1686069,162.3699951171875
1781075331.757824,1686811,162.3699951171875
1781075336.052423,1688305,162.05999755859375
1781075339.47494,1689564,162.1699981689453
1781075342.100297,1690597,161.07000732421875
1781075343.2295618,1691036,160.7899932861328
1781075346.7320552,1692373,160.7899932861328
1781075350.8738103,1693849,161.16000366210938
1781075353.5716507,1694818,162.25
1781075355.7943816,1695682,163.22999572753906
1781075356.189611,1696172,161.2100067138672
1781075360.3148992,1697765,161.2100067138672
1781075363.9503214,1698990,162.05999755859375
1781075366.6822724,1699911,162.22000122070312
1781075382.0034947,1701323,161.77999877929688
1781075384.542542,1702311,160.47000122070312
1781075386.512115,1703082,160.47000122070312
1781075389.301506,1704475,160.5
1781075392.9964716,1705763,161.3699951171875
1781075397.6251981,1707423,161.10000610351562
1781075399.935283,1708319,160.5399932861328
1781075403.8281107,1709837,160.5399932861328
1781075407.1618562,1711086,159.5800018310547
1781075410.3699746,1712360,161.16000366210938
1781075415.5044162,1714210,160.5399932861328
1781075416.4800782,1714538,159.66000366210938
1781075419.0945542,1715792,159.66000366210938
1781075422.5418286,1717130,160.08999633789062
1781075427.2408068,1718899,160.5399932861328
1781075429.6941073,1719783,160.1699981689453
1781075432.1151412,1720598,161.89999389648438
1781075436.585998,1722315,161.89999389648438
1781075440.458232,1723848,162.42999267578125
1781075441.7667694,1724302,162.35000610351562
1781075454.5121841,1725937,159.55999755859375
1781075455.72888,1726509,159.5399932861328
1781075457.4759448,1727334,159.5399932861328
1781075460.1596198,1728592,158.25
1781075462.8123012,1729724,156.52000427246094
1781075465.4993536,1730722,155.77999877929688
1781075467.4525054,1731637,154.69000244140625
1781075469.9282506,1732831,154.69000244140625
1781075473.884108,1734242,156.64999389648438
1781075475.8178844,1734986,158.00999450683594
1781075478.663199,1736102,159.75
1781075480.4611266,1736948,160.38999938964844
1781075482.9404426,1738515,160.38999938964844
1781075486.2560503,1740095,160.4600067138672
1781075488.9867654,1741402,162.4199981689453
1781075489.6319962,1741712,160.5
1781075491.8970582,1742700,162.19000244140625
1781075496.3078103,1744212,162.19000244140625
1781075499.0744505,1745170,163.0399932861328
1781075505.2677176,1747316,162.52999877929688
1781075506.793378,1747847,162.27000427246094
1781075509.656738,1748833,161.7100067138672
1781075527.0411913,1750253,161.7100067138672
1781075529.694675,1751177,162.3000030517578
1781075533.4829297,1752506,161.69000244140625
1781075536.9511933,1753723,161.3800048828125
1781075537.9174647,1754061,159.57000732421875
1781075542.0654562,1755492,159.57000732421875
1781075544.8867018,1756783,159.1199951171875
1781075547.7498605,1757778,159.52999877929688
1781075552.8818254,1759560,159.9199981689453
1781075554.6908364,1760183,161.1999969482422
1781075558.4601943,1761489,161.1999969482422
1781075562.2364247,1762782,162.02999877929688
1781075566.0736847,1764143,160.55999755859375
1781075569.5292208,1765340,160.07000732421875
1781075572.4662316,1766348,160.52999877929688
1781075575.3216484,1767319,160.52999877929688
1781075576.374308,1767997,159.17999267578125
1781075580.5366945,1769437,159.25
1781075584.9064097,1770950,158.22999572753906
1781075586.7401655,1771591,158.74000549316406
1781075590.7465286,1772975,158.74000549316406
1781075593.2617326,1773855,158.0500030517578
1781075612.187066,1775644,156.57000732421875
1781075614.5773041,1776473,155.4499969482422
1781075616.8256605,1777278,155.52000427246094
1781075618.9759626,1778021,155.52000427246094
1781075623.7787445,1779707,155.32000732421875
1781075624.9457743,1780115,155.17999267578125
1781075629.5389807,1781753,154.99000549316406
1781075632.2205417,1782705,155.11000061035156
1781075636.899539,1784360,155.11000061035156
1781075638.398596,1784891,155.63999938964844
1781075643.6396892,1787032,154.58999633789062
1781075644.962543,1787477,156.00999450683594
1781075648.5040302,1788711,157.19000244140625
1781075651.8438761,1789868,157.19000244140625
1781075655.5540206,1791171,157.3800048828125
1781075657.9049811,1791983,155.7100067138672
1781075661.372687,1793191,154.92999267578125
1781075664.6278157,1794318,156.07000732421875
1781075668.4099052,1795645,156.07000732421875
1781075670.976391,1796538,156.32000732421875
1781075674.5865629,1798094,156.77999877929688
1781075676.0891302,1798625,156.7899932861328
1781075697.0864308,1800038,158.9600067138672
1781075701.6376238,1801612,158.9600067138672
1781075704.9798918,1803095,159.77000427246094
1781075707.149739,1803881,160.39999389648438
1781075709.5858722,1804742,161.27999877929688
1781075714.1608405,1806349,163.24000549316406
1781075717.8990705,1807666,163.24000549316406
1781075721.8925977,1809066,161.8000030517578
1781075724.6421757,1810018,162.4199981689453
1781075728.113776,1811222,162.61000061035156
1781075731.215751,1812293,163.42999267578125
1781075734.8111703,1813876,163.42999267578125
1781075737.7848737,1814939,165.10000610351562
1781075741.5227516,1816257,166.5399932861328
1781075745.4550598,1817640,166.64999389648438
1781075745.6861408,1817732,168.07000732421875
1781075750.5435915,1819429,168.07000732421875
1781075754.7012339,1820891,167.91000366210938
1781075757.8233895,1821995,167.1300048828125
1781075761.6040223,1823308,167.1300048828125
1781075764.2917233,1824253,167.42999267578125
1781075780.4705653,1825863,167.42999267578125
1781075784.385372,1827239,168.60000610351562
1781075787.384618,1828275,170.25999450683594
1781075791.2724242,1829659,171.0800018310547
1781075792.8477137,1830217,171.24000549316406
1781075797.091543,1831715,171.24000549316406
1781075801.1945891,1833467,172.11000061035156
1781075804.628431,1834686,172.83999633789062
1781075807.0045223,1835509,173.33999633789062
1781075810.3129442,1836675,173.07000732421875
1781075813.9537313,1837946,173.07000732421875
1781075816.722793,1838905,172.8800048828125
1781075820.9818606,1840410,170.7899932861328
1781075822.0307453,1840778,169.97000122070312
1781075824.8260016,1841770,172.52999877929688
1781075829.509867,1843707,172.52999877929688
1781075832.1860757,1844631,172.38999938964844
1781075834.865664,1845568,172.4600067138672
1781075838.5892751,1846880,171.67999267578125
1781075840.4764016,1847534,170.9199981689453
1781075843.761539,1848673,170.9199981689453
1781075846.074546,1849481,171.3000030517578
1781075863.6255777,1850756,171.58999633789062
1781075869.3226042,1852751,172.0399932861328
1781075871.0369194,1853344,173.2100067138672
1781075875.9478204,1855081,173.2100067138672
1781075879.6728287,1856400,173.36000061035156
1781075882.6768587,1857451,171.50999450683594
1781075884.8126435,1858194,169.7899932861328
1781075888.8261528,1859638,171.08999633789062
1781075892.8750129,1861374,171.08999633789062
1781075897.1099825,1862891,171.1699981689453
1781075899.8190765,1863850,170.10000610351562
1781075903.9255302,1865290,168.5800018310547
1781075904.828937,1865611,166.77000427246094
1781075907.952665,1866714,166.77000427246094
1781075910.8420584,1867730,167.44000244140625
1781075913.103264,1868534,167.86000061035156
1781075916.7361386,1869843,169.88999938964844
1781075919.7116632,1870882,170.38999938964844
1781075923.988152,1872377,170.38999938964844
1781075927.0437012,1873797,170.11000061035156
1781075928.7283564,1874392,169.92999267578125
1781075947.4610538,1875826,170.4499969482422
1781075951.0675623,1877098,170.5399932861328
1781075955.7515001,1878742,170.5399932861328
1781075957.3018417,1879610,168.86000061035156
1781075962.505996,1881429,168.07000732421875
1781075964.53786,1882149,167.0
1781075968.5880368,1883561,168.97000122070312
1781075972.499527,1884939,168.97000122070312
1781075975.2293985,1885880,169.80999755859375
1781075978.5276585,1887041,168.3699951171875
1781075981.72259,1888176,168.85000610351562
1781075985.3119578,1889432,168.02999877929688
1781075988.6076372,1890925,168.02999877929688
1781075989.8356981,1891353,168.35000610351562
1781075993.418684,1892608,166.22999572753906
1781075994.240773,1892901,166.25999450683594
1781075997.4469395,1894029,166.3800048828125
1781076000.0045097,1894928,166.3800048828125
1781076002.49951,1895805,166.16000366210938
1781076006.3175972,1897156,167.6999969482422
1781076011.0851853,1898856,169.02999877929688
1781076012.0464675,1899179,169.24000549316406
1781076028.682828,1900276,169.24000549316406
1781076032.7880673,1901723,169.3699951171875
1781076034.134102,1902196,170.75
1781076036.8533866,1903152,171.10000610351562
1781076040.6908886,1904493,171.25999450683594
1781076042.3696272,1905094,171.25999450683594
1781076047.9583907,1907067,169.6999969482422
1781076050.600255,1907995,170.33999633789062
1781076052.146411,1908864,170.19000244140625
1781076055.3178847,1909982,169.69000244140625
1781076060.0965214,1911647,169.69000244140625
1781076062.8932354,1912626,170.52999877929688
1781076067.6683114,1914317,171.22999572753906
1781076068.6492743,1914661,171.1699981689453
1781076073.073707,1916235,171.11000061035156
1781076077.145297,1917665,171.11000061035156
1781076081.1959515,1919081,172.16000366210938
1781076083.5452096,1920309,172.02999877929688
1781076086.6937816,1921926,171.7899932861328
1781076087.8628507,1922536,172.60000610351562
1781076089.6459966,1923469,172.60000610351562
1781076091.7450395,1924558,174.36000061035156
1781076101.8767686,1925743,175.05999755859375
1781076103.9617887,1926808,173.94000244140625
1781076106.0236022,1927866,175.6199951171875
1781076108.6992438,1929248,175.6199951171875
1781076111.5757039,1930712,175.7100067138672
1781076113.995909,1931950,176.77000427246094
1781076113.7673573,1932274,175.91000366210938
1781076115.5382836,1933176,174.86000061035156
1781076118.2859805,1934593,174.86000061035156
1781076120.55578,1935758,175.4499969482422
1781076123.1207855,1937077,176.17999267578125
1781076124.1869588,1937624,177.8300018310547
1781076125.4333057,1938263,177.1999969482422
1781076128.2434957,1939636,177.1999969482422
1781076131.4806273,1941182,177.1199951171875
1781076134.4306378,1942600,178.67999267578125
1781076135.7263281,1943231,178.39999389648438
1781076138.6052606,1944607,175.94000244140625
1781076141.5706573,1946112,175.94000244140625
1781076144.7180912,1947723,175.75
1781076147.688187,1949204,175.77000427246094
1781076149.2912529,1949763,175.8800048828125
1781076165.7628565,1950999,174.3300018310547
1781076169.40773,1952420,174.3300018310547
1781076172.4596076,1953616,175.1300048828125
1781076174.8945868,1954453,175.4199981689453
1781076177.6117013,1955369,173.92999267578125
1781076180.5186212,1956685,173.63999938964844
1781076185.0786614,1958383,173.63999938964844
1781076189.0910976,1959944,172.86000061035156
1781076190.992915,1960613,173.25
1781076195.5997229,1962180,174.97999572753906
1781076197.3179076,1962763,174.55999755859375
1781076200.6627114,1964075,174.55999755859375
1781076205.116666,1965804,174.75
1781076207.2748268,1966531,176.0
1781076211.6185338,1968327,176.25
1781076213.2048044,1968931,176.10000610351562
1781076217.260627,1970491,176.10000610351562
1781076220.8324997,1971786,175.6999969482422
1781076225.959584,1973548,175.7100067138672
1781076227.6547258,1974162,175.4499969482422
1781076229.681198,1974938,174.75999450683594
1781076246.8823485,1976644,174.75999450683594
1781076250.9568794,1978080,175.86000061035156
1781076253.2849977,1978858,176.1300048828125
1781076259.4912703,1981137,174.85000610351562
1781076260.8169298,1981648,176.07000732421875
1781076263.7575371,1982798,176.07000732421875
1781076268.4695864,1984364,175.9199981689453
1781076270.9907234,1985219,176.5
1781076273.9630406,1986716,176.30999755859375
1781076274.556329,1986938,175.1999969482422
1781076279.2324705,1988754,175.1999969482422
1781076283.7798429,1990327,175.7899932861328
1781076287.5723846,1991756,176.36000061035156
1781076288.9511576,1992297,178.9499969482422
1781076290.7735748,1993003,178.30999755859375
1781076293.3664913,1993985,178.30999755859375
1781076299.7032294,1996179,178.6199951171875
1781076303.8242233,1997723,178.42999267578125
1781076303.6192212,1997991,179.7100067138672
1781076307.1117039,1999345,178.5800018310547
1781076323.5811496,2000347,178.5800018310547
1781076328.269279,2001961,177.75
1781076331.086772,2003024,179.07000732421875
1781076333.466885,2003960,179.69000244140625
1781076335.654725,2005136,177.85000610351562
1781076340.4260867,2006782,177.85000610351562
1781076342.5281157,2007505,178.50999450683594
1781076344.874658,2008352,179.2100067138672
1781076350.5602708,2010564,180.4199981689453
1781076352.1181242,2011134,181.38999938964844
1781076357.574693,2013029,181.38999938964844
1781076361.5039568,2014461,182.16000366210938
1781076362.9706397,2015030,182.58999633789062
1781076367.9587743,2017228,182.27999877929688
1781076370.9480953,2018280,182.61000061035156
1781076375.1521175,2019858,182.61000061035156
1781076378.6177514,2021223,181.57000732421875
1781076382.810436,2022770,182.1999969482422
1781076385.2112913,2023612,181.72000122070312
1781076400.7509649,2025104,181.66000366210938
1781076403.8272288,2026257,181.66000366210938
1781076408.4415934,2028076,182.44000244140625
1781076412.6462479,2029564,182.88999938964844
1781076415.6532435,2030617,183.3699951171875
1781076419.0605366,2031922,181.64999389648438
1781076421.610673,2032923,181.64999389648438
1781076424.2874806,2033989,180.4499969482422
1781076427.4608793,2035101,179.6699981689453
1781076429.4838524,2035821,179.44000244140625
1781076431.609382,2036909,178.89999389648438
1781076433.7040615,2037720,178.89999389648438
1781076437.5826712,2039277,179.63999938964844
1781076439.2539783,2039890,181.75999450683594
1781076444.6230547,2041768,180.36000061035156
1781076445.5397587,2042086,181.66000366210938
1781076449.3319938,2043551,181.66000366210938
1781076454.4906445,2045531,181.72999572753906
1781076457.3293068,2046533,181.5800018310547
1781076459.4865525,2047314,180.60000610351562
1781076461.6480172,2048101,179.17999267578125
1781076464.179297,2049438,179.17999267578125
1781076479.1867542,2050212,178.6699981689453
1781076480.2035012,2050731,176.25999450683594
1781076483.1911237,2052256,175.47000122070312
1781076485.742747,2053543,175.74000549316406
1781076488.2761474,2054833,175.74000549316406
1781076491.150438,2056290,177.30999755859375
1781076493.5906308,2057539,177.07000732421875
1781076494.6416366,2058529,176.85000610351562
1781076497.062307,2059777,177.58999633789062
1781076500.1662126,2061372,177.58999633789062
1781076501.7485132,2062155,177.30999755859375
1781076504.8967853,2063733,176.64999389648438
1781076507.055847,2064842,177.38999938964844
1781076507.6309545,2065127,177.24000549316406
1781076509.019896,2065839,177.24000549316406
1781076511.4442644,2067049,177.5500030517578
1781076513.74562,2068133,177.88999938964844
1781076515.7252984,2069108,178.3800048828125
1781076518.6408634,2070566,177.77000427246094
1781076521.6978996,2072074,177.77000427246094
1781076522.9946642,2072692,176.8300018310547
1781076528.0328548,2074826,176.7899932861328
1781076548.9823008,2076133,177.02000427246094
1781076551.5952752,2077050,176.5399932861328
1781076554.4379106,2078102,176.5399932861328
1781076556.3941002,2079119,175.99000549316406
1781076557.6745112,2080246,175.80999755859375
1781076562.5356681,2082787,175.7899932861328
1781076562.8834538,2082966,177.25999450683594
1781076566.1977224,2084673,177.25999450683594
1781076569.107535,2086183,178.52000427246094
1781076571.7438142,2087472,179.11000061035156
1781076574.073028,2088554,179.2899932861328
1781076577.0401194,2089934,180.7100067138672
1781076580.3858752,2091614,180.7100067138672
1781076581.8443658,2092351,182.35000610351562
1781076584.1915162,2093472,181.32000732421875
1781076588.007435,2094828,182.38999938964844
1781076590.6255121,2096045,183.19000244140625
1781076593.7746322,2097142,183.19000244140625
1781076597.5117674,2098408,183.8699951171875
1781076601.5482614,2099820,184.10000610351562
1781076619.5433133,2100909,184.72999572753906
1781076621.2042925,2101497,186.42999267578125
1781076626.1106536,2103225,186.42999267578125
1781076629.9025743,2104529,186.7100067138672
1781076632.5555668,2105442,186.36000061035156
1781076637.6425452,2107185,187.4499969482422
1781076639.5418477,2107840,187.55999755859375
1781076644.4673285,2109531,187.55999755859375
1781076648.0018327,2110757,188.22999572753906
1781076651.0353928,2111796,187.22000122070312
1781076651.2261817,2112161,187.57000732421875
1781076653.758317,2113029,186.16000366210938
1781076659.2722688,2114961,186.16000366210938
1781076663.593606,2116458,186.57000732421875
1781076667.421117,2117783,186.00999450683594
1781076669.164438,2118366,186.02000427246094
1781076672.3351095,2119440,186.6699981689453
1781076676.925288,2120998,186.6699981689453
1781076681.4653218,2122567,186.80999755859375
1781076683.0612514,2123425,186.8699951171875
1781076686.0908973,2124466,185.7899932861328
1781076704.9471188,2125595,188.22999572753906
1781076709.243857,2127103,188.22999572753906
1781076713.4677444,2128571,187.6999969482422
1781076716.3069642,2129943,188.02000427246094
1781076718.423486,2130681,189.1300048828125
1781076720.259211,2131289,189.14999389648438
1781076723.566804,2132422,189.14999389648438
1781076728.891492,2134251,189.38999938964844
1781076730.465243,2134796,190.14999389648438
1781076733.49401,2135852,191.3000030517578
1781076737.7874105,2137328,192.91000366210938
1781076740.8992515,2138394,192.91000366210938
1781076742.4305918,2138922,190.2899932861328
1781076744.6379762,2139681,188.6999969482422
1781076748.1356878,2141189,188.1199951171875
1781076752.5510108,2142715,190.47999572753906
1781076756.136462,2143972,190.47999572753906
1781076759.8817449,2145276,191.42999267578125
1781076764.833832,2146985,190.97000122070312
1781076766.709639,2147660,191.27000427246094
1781076770.6595798,2149032,192.92999267578125
1781076792.5429435,2150646,192.92999267578125
1781076796.401511,2151981,194.88999938964844
1781076799.6112823,2153086,194.42999267578125
1781076801.1224256,2153622,195.0800018310547
1781076804.0573268,2154651,195.17999267578125
1781076808.7804239,2156308,195.17999267578125
1781076812.613968,2157940,195.1300048828125
1781076815.3835678,2158887,195.16000366210938
1781076820.9186666,2160845,195.00999450683594
1781076822.481014,2161386,194.77999877929688
1781076826.8354445,2162907,194.77999877929688
1781076830.7030745,2164229,193.08999633789062
1781076833.1817296,2165072,192.47000122070312
1781076838.8420775,2167013,192.19000244140625
1781076840.620729,2167621,192.88999938964844
1781076843.525388,2168932,192.88999938964844
1781076848.4990954,2170631,193.44000244140625
1781076853.0053327,2172174,193.75
1781076857.451319,2173702,193.75999450683594
1781076858.5732827,2174094,195.27000427246094
1781076876.734917,2175506,195.27000427246094
1781076880.0496376,2176653,195.4600067138672
1781076883.0247595,2177669,195.67999267578125
1781076885.4429722,2178509,195.5399932861328
1781076889.193187,2179821,195.1199951171875
1781076892.86819,2181100,195.1199951171875
1781076897.3689501,2182627,195.5500030517578
1781076898.5939326,2183041,196.8300018310547
1781076904.0965214,2184920,196.8000030517578
1781076904.9638288,2185516,197.52000427246094
1781076910.0706506,2187253,197.52000427246094
1781076915.8530138,2189192,197.52999877929688
1781076919.9644141,2190577,197.6999969482422
1781076921.8779826,2191228,199.02000427246094
1781076925.3606455,2192404,197.5399932861328
1781076929.0743344,2193648,197.5399932861328
1781076932.523787,2194773,198.67999267578125
1781076936.3357284,2196061,198.61000061035156
1781076939.0880334,2197335,198.08999633789062
1781076940.5179582,2197830,198.75999450683594
1781076944.560842,2199243,198.75999450683594
1781076960.184587,2200646,199.44000244140625
1781076962.7243237,2201531,200.2100067138672
1781076966.1932647,2202732,199.97999572753906
1781076968.1284602,2203732,199.47999572753906
1781076972.880536,2205358,199.47999572753906
1781076975.6509356,2206301,199.50999450683594
1781076977.0479002,2206776,198.1699981689453
1781076980.2031915,2207843,197.5
1781076984.9247015,2209471,198.92999267578125
1781076988.554646,2210723,198.92999267578125
1781076992.4507673,2212049,198.83999633789062
1781076994.7965977,2212848,200.74000549316406
1781076999.4822853,2214692,200.75999450683594
1781077001.8155997,2215491,200.9199981689453
1781077005.8366864,2216872,200.9199981689453
1781077007.6330523,2217486,200.1199951171875
1781077012.7569566,2219247,198.83999633789062
1781077015.5545535,2220218,200.0800018310547
1781077018.8779063,2221352,199.91000366210938
1781077023.861004,2223078,199.91000366210938
1781077027.971387,2224512,200.42999267578125
1781077043.9796498,2225223,200.41000366210938
1781077049.6048265,2227148,202.00999450683594
1781077052.0438783,2227970,202.89999389648438
1781077056.8337471,2229641,202.89999389648438
1781077059.8439076,2230666,203.4199981689453
1781077064.8002288,2232664,203.8800048828125
1781077066.5068593,2233256,205.3800048828125
1781077068.666021,2233989,202.42999267578125
1781077073.0963974,2235504,202.42999267578125
1781077077.4008658,2236964,201.27000427246094
1781077080.711214,2238087,202.22000122070312
1781077083.7688932,2239145,201.0399932861328
1781077085.640776,2239793,199.99000549316406
1781077090.5173185,2241480,199.99000549316406
1781077093.6817193,2242570,199.19000244140625
1781077097.0591164,2244012,199.5399932861328
1781077098.8310385,2244610,198.57000732421875
1781077101.6998553,2245610,197.88999938964844
1781077105.9472382,2247081,197.88999938964844
1781077111.3838005,2248947,197.4600067138672
1781077114.2086804,2249932,197.86000061035156
1781077130.7791088,2250512,196.44000244140625
1781077134.2043476,2251856,194.72999572753906
1781077139.3057225,2253778,194.72999572753906
1781077143.9982715,2255393,195.4499969482422
1781077148.3197472,2256956,196.14999389648438
1781077151.4503329,2258160,196.22999572753906
1781077152.9872692,2258752,196.5399932861328
1781077155.3627365,2259582,196.5399932861328
1781077157.4703116,2260603,195.77000427246094
1781077161.6526644,2262137,194.67999267578125
1781077165.0837317,2263492,195.2899932861328
1781077165.9593854,2263824,196.97000122070312
1781077170.7240374,2265594,196.97000122070312
1781077174.935104,2267039,197.0500030517578
1781077178.7164035,2268478,197.67999267578125
1781077181.2544913,2269452,197.6199951171875
1781077183.4050872,2270296,197.83999633789062
1781077187.8983552,2271929,197.83999633789062
1781077192.9687686,2274100,198.63999938964844
1781077211.2165322,2275770,198.63999938964844
1781077212.685936,2276326,200.19000244140625
1781077216.109194,2277504,198.2100067138672
1781077218.9742985,2278473,198.2100067138672
1781077223.0767808,2280384,198.41000366210938
1781077227.6204913,2282141,197.17999267578125
1781077228.9526277,2282599,196.5800018310547
1781077231.5001225,2283512,196.25999450683594
1781077234.9978297,2284696,196.25999450683594
1781077238.7885358,2286204,197.1199951171875
1781077244.6331995,2288382,198.13999938964844
1781077247.4959693,2289365,197.8000030517578
1781077249.49804,2290030,196.3699951171875
1781077252.0861475,2291394,196.3699951171875
1781077255.5048752,2293155,198.1699981689453
1781077256.6474612,2293739,200.47000122070312
1781077260.5827484,2295732,199.4499969482422
1781077260.8669116,2295869,199.17999267578125
1781077263.9177203,2297438,199.17999267578125
1781077266.3947003,2298710,200.00999450683594
1781077268.8908927,2299987,199.35000610351562
1781077283.5819418,2301439,198.8800048828125
1781077284.8178146,2301878,197.72999572753906
1781077289.250223,2303410,197.72999572753906
1781077293.565023,2305058,197.0500030517578
1781077294.5321057,2305439,198.05999755859375
1781077297.319335,2306549,199.07000732421875
1781077301.688067,2308131,199.86000061035156
1781077306.0883367,2309735,199.86000061035156
1781077308.4477649,2310655,200.97000122070312
1781077311.8265703,2311918,199.92999267578125
1781077315.4879408,2313862,198.9199981689453
1781077315.7706137,2313986,199.67999267578125
1781077318.9393184,2315436,199.67999267578125
1781077321.3427558,2316368,200.89999389648438
1781077324.890179,2317888,199.97999572753906
1781077326.7261972,2318697,200.77999877929688
1781077329.7670867,2319818,198.94000244140625
1781077332.7130969,2320957,198.94000244140625
1781077335.699611,2322431,198.82000732421875
1781077336.2280016,2322690,199.41000366210938
1781077338.1726897,2323683,200.22999572753906
1781077340.7822392,2324915,200.2899932861328
1781077353.975632,2326342,200.2899932861328
1781077356.44118,2327404,200.39999389648438
1781077360.755843,2329075,199.3000030517578
1781077363.1359923,2330016,198.91000366210938
1781077366.1079416,2331094,199.5800018310547
1781077370.2320666,2332534,199.5800018310547
1781077375.3613763,2334492,200.8800048828125
1781077378.4276986,2335690,201.75
1781077379.8777146,2336514,202.55999755859375
1781077382.2323122,2337346,201.77999877929688
1781077387.6036086,2339275,201.77999877929688
1781077390.7288425,2340475,201.94000244140625
1781077392.3968256,2341127,201.97999572753906
1781077398.1586194,2343142,202.8000030517578
1781077400.7946973,2344066,204.74000549316406
1781077403.5488622,2345141,204.74000549316406
1781077406.7849107,2346411,203.13999938964844
1781077411.8718088,2348528,202.8699951171875
1781077414.727896,2349503,204.63999938964844
1781077431.7897117,2350613,206.52999877929688
1781077436.3291914,2352420,206.52999877929688
1781077440.7159102,2353949,207.52000427246094
1781077441.5272279,2354546,207.8800048828125
1781077445.775104,2356008,209.8300018310547
1781077448.742748,2357180,209.3699951171875
1781077451.938133,2358447,209.3699951171875
1781077456.9542074,2360264,209.77999877929688
1781077458.4707015,2360821,211.57000732421875
1781077462.0791404,2362116,212.3000030517578
1781077464.8286366,2363215,209.97000122070312
1781077469.5142722,2365008,209.97000122070312
1781077473.2423196,2366330,210.52999877929688
1781077474.9227111,2367225,211.02000427246094
1781077479.345284,2368926,209.14999389648438
1781077481.1098123,2369606,209.9199981689453
1781077484.711381,2370920,209.9199981689453
1781077489.016953,2372397,209.58999633789062
1781077492.942696,2373889,210.80999755859375
1781077494.0053492,2374294,210.0500030517578
1781077508.6939752,2375452,211.5399932861328
1781077512.0680587,2376762,211.5399932861328
1781077516.591021,2378336,211.39999389648438
1781077518.0126107,2378803,212.16000366210938
1781077524.113611,2381126,211.69000244140625
1781077525.3697283,2381613,211.8800048828125
1781077530.464654,2383416,211.8800048828125
1781077533.665426,2384514,212.47000122070312
1781077537.3046694,2386276,211.57000732421875
1781077539.3482604,2387081,211.6199951171875
1781077542.983806,2388417,213.36000061035156
1781077548.2052522,2390270,213.36000061035156
1781077552.0482364,2391776,213.7899932861328
1781077552.7150826,2392035,213.4600067138672
1781077557.3934705,2393815,214.1199951171875
1781077559.5685794,2394663,212.82000732421875
1781077563.140496,2396045,212.82000732421875
1781077566.634106,2397303,212.61000061035156
1781077571.6847477,2399481,212.72999572753906
1781077572.117705,2399650,212.69000244140625
1781077589.957612,2401269,213.83999633789062
1781077592.162731,2402152,213.83999633789062
1781077595.1804106,2403212,214.3000030517578
1781077597.7093291,2404123,213.9499969482422
1781077599.8206904,2405224,215.75999450683594
1781077601.3496702,2405810,215.3800048828125
1781077605.6175847,2407506,215.3800048828125
1781077610.0737967,2409117,215.1300048828125
1781077612.60311,2409999,215.24000549316406
1781077614.817354,2410808,213.14999389648438
1781077616.4221237,2411430,213.3000030517578
1781077619.8214586,2412737,213.3000030517578
1781077624.100109,2414297,213.4199981689453
1781077628.1639755,2415698,215.8000030517578
1781077631.007206,2416717,214.47999572753906
1781077632.9848356,2417810,214.52000427246094
1781077637.0948067,2419326,214.52000427246094
1781077641.9406388,2420985,214.02000427246094
1781077645.5588627,2422293,214.61000061035156
1781077647.9637125,2423208,215.27000427246094
1781077649.374088,2423741,213.33999633789062
1781077665.257569,2425329,213.33999633789062
1781077668.7703164,2426539,212.57000732421875
1781077673.9095454,2428381,212.11000061035156
1781077675.7675326,2429100,212.10000610351562
1781077676.6612844,2429442,212.8699951171875
1781077680.9148862,2431031,212.8699951171875
1781077684.9966404,2432420,212.77000427246094
1781077687.9860291,2433452,212.77999877929688
1781077690.647274,2434469,213.72999572753906
1781077694.4659576,2436284,214.7899932861328
1781077698.5630128,2437703,214.7899932861328
1781077702.6577015,2439136,214.94000244140625
1781077705.582905,2440266,214.1999969482422
1781077711.487773,2442485,215.11000061035156
1781077712.6799574,2442874,215.11000061035156
1781077716.0061386,2444047,215.11000061035156
1781077721.288176,2446104,213.57000732421875
1781077725.1027782,2447565,214.14999389648438
1781077726.7856708,2448178,215.8000030517578
1781077728.4443257,2449039,216.0399932861328
1781077747.3630526,2450318,216.0399932861328
1781077751.4370577,2451932,215.77999877929688
1781077753.970734,2452905,216.9499969482422
1781077756.414208,2453759,216.35000610351562
1781077759.24415,2454999,216.75999450683594
1781077763.2591295,2456526,216.75999450683594
1781077767.0823703,2458021,216.72000122070312
1781077769.1795812,2458762,216.13999938964844
1781077773.455868,2460293,214.52000427246094
1781077775.3613045,2460929,214.24000549316406
1781077779.2798371,2462468,214.24000549316406
1781077783.6817234,2464171,212.60000610351562
1781077786.092264,2465019,214.67999267578125
1781077789.555697,2466223,215.88999938964844
1781077793.3463385,2467990,215.3800048828125
1781077797.4254582,2469580,215.3800048828125
1781077801.0542452,2470830,215.24000549316406
1781077804.750833,2472079,216.5800018310547
1781077807.7400303,2473250,217.02000427246094
1781077809.68844,2474010,219.0
1781077825.7295275,2475440,219.0
1781077828.1055903,2476259,218.67999267578125
1781077831.9872615,2477607,217.9499969482422
1781077833.1887975,2478028,215.88999938964844
1781077836.1906698,2479164,214.1199951171875
1781077839.8475423,2480584,214.1199951171875
1781077843.8338451,2482036,213.69000244140625
1781077847.1401834,2483217,214.80999755859375
1781077853.0357015,2485362,215.39999389648438
1781077854.9609907,2486470,217.08999633789062
1781077857.9881792,2487660,217.08999633789062
1781077861.8852296,2488969,215.2899932861328
1781077866.3204195,2490546,215.3300018310547
1781077868.8431737,2491530,214.49000549316406
1781077871.4782064,2492563,214.74000549316406
1781077876.7614439,2494479,214.74000549316406
1781077881.5199637,2496149,215.50999450683594
1781077882.1198275,2496389,216.1699981689453
1781077885.5456028,2498074,214.50999450683594
1781077886.6683507,2498514,214.05999755859375
1781077890.7196853,2499899,214.05999755859375
1781077909.1886687,2501022,214.33999633789062
1781077913.9306524,2502896,215.3300018310547
1781077915.1273658,2503373,215.00999450683594
1781077918.140773,2504799,214.8699951171875
1781077921.1790957,2505849,214.8699951171875
1781077924.6318357,2507109,213.66000366210938
1781077926.1392825,2507704,213.85000610351562
1781077929.064429,2508852,211.8300018310547
1781077931.1969004,2509678,211.6999969482422
1781077934.3616548,2510783,211.6999969482422
1781077938.9228358,2512402,211.61000061035156
1781077942.7055886,2513903,211.41000366210938
1781077944.6203146,2514653,212.24000549316406
1781077947.8265603,2515834,213.14999389648438
1781077951.319066,2517390,213.14999389648438
1781077956.5023062,2519280,212.8300018310547
1781077960.630048,2520917,212.7899932861328
1781077963.0806146,2521879,215.52000427246094
1781077966.3859422,2523102,215.07000732421875
1781077971.1619372,2524732,215.07000732421875
1781077987.398771,2526486,215.64999389648438
1781077989.4865744,2527308,215.9600067138672
1781077993.2138355,2528753,216.2100067138672
1781077995.8224628,2529699,214.77999877929688
1781077999.008533,2530825,214.77999877929688
1781078002.973026,2532340,215.3699951171875
1781078006.0687125,2533549,214.72999572753906
1781078008.17725,2534365,214.58999633789062
1781078011.3379204,2535823,214.3000030517578
1781078014.8682725,2537088,214.3000030517578
1781078018.9666355,2538729,213.0800018310547
1781078021.5339286,2539751,214.9600067138672
1781078026.6536853,2541759,214.14999389648438
1781078028.5070713,2542470,212.75999450683594
1781078031.5032194,2543485,212.75999450683594
1781078034.8402038,2544659,210.74000549316406
1781078039.8734715,2546550,210.57000732421875
1781078042.1289873,2547773,211.80999755859375
1781078043.2977417,2548206,212.72999572753906
1781078047.7678735,2549738,212.72999572753906
1781078064.3234055,2551370,213.2100067138672
1781078066.9995012,2552394,213.22999572753906
1781078069.1287587,2553224,213.13999938964844
1781078072.7146854,2554596,213.32000732421875
1781078074.9506996,2555651,213.32000732421875
1781078079.6943755,2557319,213.22999572753906
1781078082.6358428,2558448,214.1699981689453
1781078084.5275097,2559178,214.0500030517578
1781078086.8187413,2560033,214.80999755859375
1781078088.6309235,2560666,214.80999755859375
1781078092.4906352,2562033,212.8699951171875
1781078096.1845672,2563419,212.77999877929688
1781078098.6583278,2564379,213.69000244140625
1781078102.896013,2565909,214.33999633789062
1781078106.9096763,2567661,214.33999633789062
1781078110.7865663,2569215,215.58999633789062
1781078111.6418622,2569549,214.58999633789062
1781078113.6921875,2570367,214.27999877929688
1781078117.2133281,2571633,213.1699981689453
1781078121.6331167,2573146,213.1699981689453
1781078126.0910087,2574842,213.66000366210938
1781078143.6721382,2576392,212.9199981689453
1781078145.0994506,2576883,212.08999633789062
1781078147.0955253,2577616,213.47000122070312
1781078151.4403381,2579196,213.47000122070312
1781078155.688784,2580720,214.05999755859375
1781078158.7773235,2581876,213.94000244140625
1781078161.7427912,2583019,213.72999572753906
1781078163.278477,2583618,214.25999450683594
1781078167.660534,2585221,214.25999450683594
1781078170.4246888,2586487,213.92999267578125
1781078171.6884894,2586947,215.3800048828125
1781078173.9624505,2587837,213.1199951171875
1781078176.2959805,2588732,211.97999572753906
1781078180.8647208,2590361,211.97999572753906
1781078185.8889909,2592063,212.07000732421875
1781078188.1802754,2592899,212.32000732421875
1781078192.3470228,2594412,211.55999755859375
1781078193.6990962,2594919,211.8300018310547
1781078198.2344062,2596401,211.8300018310547
1781078202.3140876,2598157,212.88999938964844
1781078204.1702502,2598817,211.9499969482422
1781078206.2523072,2599611,210.8300018310547
1781078218.6464453,2601328,211.2899932861328
1781078221.7968502,2602522,211.2899932861328
1781078226.5466921,2604362,211.60000610351562
1781078229.059582,2605615,211.9199981689453
1781078232.0120597,2607158,213.32000732421875
1781078232.6288147,2607902,212.66000366210938
1781078235.8950117,2609422,212.66000366210938
1781078237.5040402,2610184,212.94000244140625
1781078241.3882535,2611997,212.22000122070312
1781078244.5236912,2613311,211.57000732421875
1781078245.5857031,2613747,212.38999938964844
1781078248.6112993,2615074,212.38999938964844
1781078251.5782216,2616242,212.14999389648438
1781078255.1405382,2617870,210.4199981689453
1781078255.618701,2618084,209.4199981689453
1781078258.4366357,2619457,209.2899932861328
1781078262.4325964,2621352,209.2899932861328
1781078264.300663,2622734,209.6699981689453
1781078265.7189348,2623448,210.3000030517578
1781078278.6291883,2625102,209.41000366210938
1781078281.3924572,2626423,208.9600067138672
1781078284.9626956,2628217,208.9600067138672
1781078287.6128273,2629419,209.7899932861328
1781078291.2905807,2631077,211.1699981689453
1781078294.068532,2632357,213.52000427246094
1781078295.5231693,2633523,215.32000732421875
1781078298.6647885,2635100,215.32000732421875
1781078302.2131503,2636787,214.5800018310547
1781078303.712407,2637567,214.9199981689453
1781078307.3181832,2639393,214.8800048828125
1781078308.490739,2639996,213.3800048828125
1781078311.8041914,2641715,213.3800048828125
1781078314.9857724,2643318,214.94000244140625
1781078316.4479496,2644033,214.49000549316406
1781078318.5286522,2645156,214.80999755859375
1781078319.3534627,2645598,215.22000122070312
1781078323.2826421,2647710,215.22000122070312
1781078324.5576153,2648353,214.75999450683594
1781078336.5075076,2650757,212.5500030517578
1781078338.2384999,2651566,214.6199951171875
1781078340.0681622,2652425,214.64999389648438
1781078342.422084,2653567,214.64999389648438
1781078345.3166857,2655048,214.2100067138672
1781078348.2032988,2656527,213.86000061035156
1781078350.7616565,2657709,214.4499969482422
1781078353.453458,2658982,213.86000061035156
1781078357.3541813,2660714,213.86000061035156
1781078358.7287116,2661300,215.38999938964844
1781078361.4289744,2662870,215.2100067138672
1781078364.2926915,2664287,217.07000732421875
1781078364.7207308,2664491,217.5399932861328
1781078369.0070376,2666476,217.5399932861328
1781078373.0919511,2668241,218.55999755859375
1781078375.8735769,2669400,218.9499969482422
1781078377.7231429,2670097,218.0399932861328
1781078380.3561747,2671328,217.64999389648438
1781078383.5784755,2672925,217.64999389648438
1781078385.6663187,2673909,217.22000122070312
1781078387.9484575,2674718,216.3800048828125
1781078402.850641,2676449,215.5800018310547
1781078404.4530203,2677169,214.50999450683594
1781078408.3084593,2678904,214.50999450683594
1781078411.4745674,2680292,214.14999389648438
1781078414.6681433,2681682,213.30999755859375
1781078417.0441933,2682647,213.1999969482422
1781078418.5627322,2683240,214.44000244140625
1781078422.1672227,2684461,214.44000244140625
1781078425.696576,2685973,214.39999389648438
1781078430.0037277,2687421,214.1199951171875
1781078430.7417476,2687664,214.0500030517578
1781078432.679382,2688314,211.58999633789062
1781078436.7068248,2689684,211.58999633789062
1781078441.6390085,2691355,213.02999877929688
1781078445.8790848,2692712,211.94000244140625
1781078448.9083638,2693708,212.25
1781078452.0908184,2694777,213.82000732421875
1781078453.769196,2695700,213.82000732421875
1781078457.68445,2697003,215.27000427246094
1781078462.0914824,2698467,215.67999267578125
1781078464.2003107,2699152,214.88999938964844
1781078465.917324,2699739,215.24000549316406
1781078482.6288886,2701574,215.24000549316406
1781078486.9100344,2703329,215.9600067138672
1781078490.0506573,2704390,216.1300048828125
1781078493.9612935,2705720,215.5800018310547
1781078495.8027174,2706327,215.94000244140625
1781078501.5044441,2708199,215.94000244140625
1781078506.6687539,2709873,216.91000366210938
1781078509.7395847,2710896,217.7100067138672
1781078513.5456314,2712188,217.0
1781078514.9939678,2712674,218.57000732421875
1781078517.892992,2713956,218.57000732421875
1781078522.6136603,2715558,219.58999633789062
1781078525.4192827,2716528,220.58999633789062
1781078533.508506,2719280,221.99000549316406
1781078534.457287,2719609,222.00999450683594
1781078539.1764126,2721211,222.00999450683594
1781078543.2125156,2722582,221.36000061035156
1781078546.5737967,2723702,221.63999938964844
1781078548.6142654,2724408,221.55999755859375
1781078565.8854742,2725719,222.8300018310547
1781078569.8151944,2727077,222.8300018310547
1781078574.5642712,2728678,222.85000610351562
1781078578.080744,2729910,222.77000427246094
1781078579.1045763,2730263,223.3800048828125
1781078582.3357668,2731667,223.0500030517578
1781078587.6789825,2733515,223.0500030517578
1781078592.9352398,2735304,223.35000610351562
1781078597.625054,2736892,223.6199951171875
1781078599.6219172,2737572,223.86000061035156
1781078602.9244304,2738699,225.22000122070312
1781078607.441206,2740226,225.22000122070312
1781078611.8739374,2741705,226.3300018310547
1781078616.2764862,2743526,225.50999450683594
1781078621.1000907,2745191,228.47000122070312
1781078621.921685,2745472,229.08999633789062
1781078627.4259186,2747376,229.08999633789062
1781078631.090773,2748632,229.5500030517578
1781078633.921833,2749644,229.10000610351562
1781078652.237342,2751063,227.99000549316406
1781078652.7820249,2751243,227.72999572753906
1781078656.402605,2752473,227.72999572753906
1781078659.882179,2753631,226.75
1781078662.8238816,2754636,226.0399932861328
1781078666.1074321,2755770,226.85000610351562
1781078669.9746368,2757092,226.02999877929688
1781078674.1747944,2758511,226.02999877929688
1781078678.692535,2760306,224.8699951171875
1781078682.6435862,2761661,224.83999633789062
1781078687.454296,2763293,224.75999450683594
1781078687.7393732,2763385,226.02000427246094
1781078690.826363,2764425,226.02000427246094
1781078694.8218803,2765776,226.02000427246094
1781078699.2839568,2767262,227.17999267578125
1781078701.4671214,2767995,229.02000427246094
1781078706.7201183,2769741,229.10000610351562
1781078710.0536978,2771172,229.10000610351562
1781078713.915234,2772520,231.41000366210938
1781078717.4187338,2773713,232.9199981689453
1781078720.3131087,2774720,232.3800048828125
1781078738.343074,2775159,232.75999450683594
1781078742.617658,2776630,232.75999450683594
1781078744.7814565,2777362,232.16000366210938
1781078748.4569693,2778566,231.36000061035156
1781078754.1997035,2780479,231.8800048828125
1781078754.730349,2780649,231.30999755859375
1781078756.927901,2781363,231.30999755859375
1781078759.0295076,2782054,229.47999572753906
1781078763.1843917,2783469,227.63999938964844
1781078765.47844,2784251,227.52000427246094
1781078766.720412,2784681,225.8699951171875
1781078770.7957904,2786376,225.8699951171875
1781078776.197876,2788236,228.3000030517578
1781078779.2723627,2789273,228.77000427246094
1781078782.5877986,2790322,228.11000061035156
1781078787.188807,2791817,228.49000549316406
1781078791.312022,2793161,228.49000549316406
1781078794.8689284,2794294,226.8699951171875
1781078800.9863296,2796342,226.92999267578125
1781078802.4664662,2797138,228.17999267578125
1781078805.1514363,2797999,229.88999938964844
1781078810.587747,2799800,229.88999938964844
1781078829.2957833,2801089,229.13999938964844
1781078832.6797454,2802245,230.30999755859375
1781078835.1422045,2803382,229.16000366210938
1781078837.2392313,2804095,229.58999633789062
1781078841.4029603,2805451,229.58999633789062
1781078846.003,2807016,229.8800048828125
1781078850.723113,2808560,229.0800018310547
1781078851.9698422,2808969,228.99000549316406
1781078854.395634,2809802,229.47999572753906
1781078859.9342864,2811637,229.47999572753906
1781078864.6269364,2813255,229.6300048828125
1781078867.5784016,2814517,230.32000732421875
1781078870.223478,2815451,229.80999755859375
1781078873.6934884,2816651,228.86000061035156
1781078878.1558886,2818133,228.86000061035156
1781078881.0339057,2819123,227.52000427246094
1781078885.5466435,2820693,226.0
1781078888.4681375,2821675,226.9199981689453
1781078891.702097,2822809,228.47000122070312
1781078896.237092,2824600,228.47000122070312
1781078912.650137,2825867,228.67999267578125
1781078913.9950976,2826327,229.13999938964844
1781078918.0170248,2827659,226.75999450683594
1781078919.5463552,2828172,228.1699981689453
1781078925.3689058,2830187,228.1699981689453
1781078927.8323581,2831027,228.77999877929688
1781078930.5534434,2832223,228.05999755859375
1781078932.744092,2832965,227.83999633789062
1781078936.0247152,2834075,226.61000061035156
1781078939.3389673,2835208,226.61000061035156
1781078945.4429727,2837300,226.44000244140625
1781078948.2028067,2838233,227.8699951171875
1781078952.525289,2839693,228.39999389648438
1781078955.7956254,2840800,231.22000122070312
1781078958.716174,2841751,231.22000122070312
1781078962.8332574,2843454,229.27999877929688
1781078966.2371974,2844596,228.82000732421875
1781078968.332004,2845335,228.10000610351562
1781078971.077566,2846744,227.97999572753906
1781078973.0759497,2847752,227.97999572753906
1781078985.3681161,2850079,227.25
1781078987.6347463,2851207,227.77999877929688
1781078991.109083,2853389,228.1699981689453
1781078991.304485,2853481,228.72999572753906
1781078994.5231156,2855040,228.72999572753906
1781078998.204785,2856723,228.6199951171875
1781078999.808686,2857481,229.72999572753906
1781079001.5754344,2858332,230.91000366210938
1781079003.7743785,2859379,229.74000549316406
1781079006.9255898,2860837,229.74000549316406
1781079010.0806181,2862266,227.9199981689453
1781079013.6623325,2863825,227.44000244140625
1781079015.7856162,2864743,229.22999572753906
1781079018.0304236,2865682,228.60000610351562
1781079021.210606,2867176,228.60000610351562
1781079023.7858326,2868847,228.7100067138672
1781079025.8859239,2869928,228.00999450683594
1781079027.7594821,2870869,227.83999633789062
1781079030.4803426,2872250,227.38999938964844
1781079033.5426009,2873843,227.38999938964844
1781079034.5357716,2874360,226.97000122070312
1781079052.2978325,2876255,226.97999572753906
1781079056.2139454,2877854,227.99000549316406
1781079059.563902,2879125,227.52999877929688
1781079063.2544105,2880950,227.52999877929688
1781079067.1835675,2882903,226.85000610351562
1781079070.9753356,2884800,228.14999389648438
1781079074.3148577,2886454,228.60000610351562
1781079074.9987757,2886798,230.00999450683594
1781079078.4679203,2888469,230.00999450683594
1781079082.0531902,2890077,230.2100067138672
1781079084.0417833,2891073,231.27000427246094
1781079087.645544,2893348,231.17999267578125
1781079087.8295639,2893440,230.05999755859375
1781079091.3409674,2895048,230.05999755859375
1781079094.7872953,2896719,229.1699981689453
1781079098.314768,2898418,230.3300018310547
1781079099.4373114,2898987,228.7899932861328
1781079101.2505572,2899897,229.33999633789062
1781079114.3801584,2901606,229.33999633789062
1781079116.386732,2902585,229.72999572753906
1781079120.3709965,2904306,230.1699981689453
1781079124.778233,2905868,232.6300048828125
1781079126.5216415,2906534,233.41000366210938
1781079130.7345586,2908082,233.41000366210938
1781079135.9932497,2909896,234.33999633789062
1781079140.2191174,2911439,235.52999877929688
1781079144.8727648,2913248,235.11000061035156
1781079145.1332793,2913340,235.4499969482422
1781079148.4868526,2915011,235.4499969482422
1781079152.5049198,2916580,236.25
1781079156.4620457,2918117,236.0800018310547
1781079158.337597,2918853,235.7899932861328
1781079162.3824728,2920445,235.3699951171875
1781079166.5978625,2922023,235.3699951171875
1781079170.761686,2923419,234.5800018310547
1781079186.1901479,2925216,233.7899932861328
1781079188.664941,2926225,234.3000030517578
1781079190.3176618,2926974,233.49000549316406
1781079193.63305,2928367,233.49000549316406
1781079197.7582986,2929995,231.91000366210938
1781079199.8580582,2930885,232.77999877929688
1781079204.1487925,2932617,233.27000427246094
1781079205.4803662,2933034,233.4199981689453
1781079207.830906,2933975,233.4199981689453
1781079209.9862185,2934980,233.52000427246094
1781079211.8799708,2936130,234.47000122070312
1781079214.2453299,2937086,234.55999755859375
1781079216.7368488,2938130,233.80999755859375
1781079220.1132507,2939664,233.80999755859375
1781079223.61357,2941342,235.5399932861328
1781079226.8477805,2942814,235.47000122070312
1781079229.0946968,2943842,235.3300018310547
1781079231.3988647,2944882,236.02999877929688
1781079235.0747502,2946447,236.02999877929688
1781079238.3846326,2947929,233.8300018310547
1781079242.109839,2949522,233.77999877929688
1781079253.381103,2950094,234.3699951171875
1781079256.7485402,2951573,234.89999389648438
1781079260.7601123,2953457,234.89999389648438
1781079264.3270822,2955017,236.97000122070312
1781079271.610052,2957527,237.25
1781079272.2384715,2957746,236.7100067138672
1781079275.6357481,2959254,235.5800018310547
1781079281.032757,2961179,235.5800018310547
1781079281.2979422,2961271,236.7100067138672
1781079284.634197,2962473,235.1199951171875
1781079288.7804766,2963973,233.60000610351562
1781079290.1439977,2964451,233.27000427246094
1781079294.0933533,2965826,233.27000427246094
1781079297.8112957,2967143,234.49000549316406
1781079302.2777534,2968734,235.08999633789062
1781079304.0246234,2969335,234.10000610351562
1781079306.982193,2970376,233.11000061035156
1781079311.2890358,2972228,233.11000061035156
1781079314.5361438,2973377,233.41000366210938
1781079316.5195754,2974071,232.25999450683594
1781079338.1565268,2976127,232.8000030517578
1781079340.5366848,2977308,234.22000122070312
1781079345.4977508,2979062,234.22000122070312
1781079349.9981477,2980656,234.89999389648438
1781079353.039466,2981763,236.4600067138672
1781079356.0727966,2982851,234.9199981689453
1781079358.9199328,2983870,234.07000732421875
1781079362.3822994,2985106,234.07000732421875
1781079368.2928882,2987213,233.1699981689453
1781079371.0148668,2988427,233.83999633789062
1781079376.1305752,2990254,235.41000366210938
1781079377.9599948,2990952,235.99000549316406
1781079383.0222728,2992775,235.99000549316406
1781079388.949807,2994863,236.55999755859375
1781079391.6419947,2995767,238.44000244140625
1781079393.880102,2996536,238.0
1781079398.7114444,2998209,239.14999389648438
1781079400.933131,2998985,239.14999389648438
1781079420.5511823,3000046,236.72000122070312
1781079425.1295774,3001639,234.83999633789062
1781079427.4814656,3002478,233.27000427246094
1781079431.1690404,3003775,231.33999633789062
1781079433.0847094,3004768,231.33999633789062
1781079437.7400446,3006389,231.17999267578125
1781079440.8046346,3007512,232.7899932861328
1781079445.0283074,3009249,231.9499969482422
1781079445.5879495,3009442,231.0
1781079449.9546869,3010917,231.0
1781079454.054635,3012338,232.83999633789062
1781079458.5131938,3013876,231.9199981689453
1781079461.2411954,3014818,232.25999450683594
1781079462.9805787,3015433,230.10000610351562
1781079467.0102293,3017176,230.10000610351562
1781079470.9244611,3018538,230.55999755859375
1781079473.215891,3019328,228.16000366210938
1781079478.386573,3021149,227.6199951171875
1781079480.5970502,3021925,228.0
1781079485.6762788,3023711,228.0
1781079502.3061142,3025271,228.4600067138672
1781079506.395033,3026675,228.22999572753906
1781079506.734968,3026799,227.1300048828125
1781079510.5192115,3028110,226.55999755859375
1781079513.252609,3029084,226.55999755859375
1781079515.6661065,3029918,226.4499969482422
1781079519.612834,3031321,225.91000366210938
1781079523.5119424,3032687,225.77000427246094
1781079525.5772905,3033425,225.3800048828125
1781079529.3590167,3035063,225.3800048828125
1781079533.523839,3036514,226.0399932861328
1781079535.8844197,3037348,226.25999450683594
1781079538.676089,3038318,225.07000732421875
1781079543.0473187,3039856,225.38999938964844
1781079548.258517,3041662,225.38999938964844
1781079553.3757713,3043432,225.6199951171875
1781079558.433112,3045195,225.60000610351562
1781079558.9981253,3045404,225.94000244140625
1781079561.6826313,3046657,224.02000427246094
1781079566.3493857,3048276,224.02000427246094
1781079569.9156165,3049521,222.86000061035156
1781079590.7532651,3051341,222.6699981689453
1781079591.4296536,3051911,222.64999389648438
1781079594.5941615,3053044,222.6300048828125
1781079597.6064053,3054095,222.6300048828125
1781079601.1469135,3055357,222.02000427246094
1781079606.2253504,3057123,221.86000061035156
1781079610.248492,3058523,220.3699951171875
1781079611.6930897,3059035,219.66000366210938
1781079616.7037601,3060755,219.66000366210938
1781079621.3686655,3062386,218.6199951171875
1781079622.2498686,3062691,218.42999267578125
1781079626.3132682,3064421,216.7899932861328
1781079629.9043512,3065678,217.44000244140625
1781079633.8867805,3067058,217.44000244140625
1781079638.6328077,3068719,217.4499969482422
1781079639.9966605,3069191,216.3800048828125
1781079644.9867342,3070928,214.55999755859375
1781079646.0240767,3071295,212.9199981689453
1781079649.8817081,3072657,212.9199981689453
1781079654.534423,3074612,213.3800048828125
1781079671.9187622,3075756,214.08999633789062
1781079674.794771,3076733,212.6199951171875
1781079678.263294,3077955,212.1699981689453
1781079682.2861342,3079395,212.1699981689453
1781079686.200186,3080762,211.61000061035156
1781079690.5072334,3082612,211.17999267578125
1781079693.6429176,3083664,211.27000427246094
1781079695.421012,3084260,212.14999389648438
1781079700.9896226,3086222,212.14999389648438
1781079705.2210891,3087664,212.92999267578125
1781079708.1676307,3088703,212.25999450683594
1781079710.1537004,3089390,213.0800018310547
1781079711.9411948,3090005,213.1699981689453
1781079716.5449193,3091658,213.1699981689453
1781079721.444006,3093700,213.05999755859375
1781079724.1648166,3094634,213.57000732421875
1781079727.4728327,3095793,212.57000732421875
1781079730.7644844,3096925,215.19000244140625
1781079734.9075994,3098354,215.19000244140625
1781079738.1905768,3099478,215.02999877929688
1781079754.2521677,3100144,216.24000549316406
1781079758.8568928,3101726,216.5399932861328
1781079760.0607743,3102147,216.4600067138672
1781079764.1543124,3103576,216.4600067138672
1781079769.7780595,3105529,216.72000122070312
1781079773.5302176,3106872,217.2100067138672
1781079774.2510543,3107125,217.5
1781079778.0324883,3108459,216.52999877929688
1781079780.632848,3109691,216.52999877929688
1781079781.9956708,3110164,215.30999755859375
1781079788.0277839,3112317,214.88999938964844
1781079788.5912268,3112517,214.94000244140625
1781079792.7508419,3113993,214.9600067138672
1781079797.434969,3115624,214.9600067138672
1781079802.6823828,3117444,214.3000030517578
1781079807.0598428,3119006,215.5500030517578
1781079809.3129106,3119797,217.24000549316406
1781079812.7647061,3121010,217.75
1781079817.197184,3122883,217.75
1781079821.235855,3124303,218.63999938964844
1781079839.5167513,3125610,219.44000244140625
1781079841.0872436,3126163,220.22999572753906
1781079843.8699415,3127423,220.77000427246094
1781079848.3047073,3128955,220.77000427246094
1781079853.273846,3130698,219.8000030517578
1781079857.1811178,3132054,221.1999969482422
1781079860.7403686,3133289,221.07000732421875
1781079862.7257733,3133986,220.64999389648438
1781079866.651564,3135357,220.64999389648438
1781079871.499338,3137040,220.74000549316406
1781079873.9857516,3137933,220.33999633789062
1781079875.6345158,3138839,221.75
1781079880.2923262,3140484,223.02000427246094
1781079882.9741216,3141418,223.02000427246094
1781079889.2518268,3143625,222.88999938964844
1781079891.8854628,3144552,222.1199951171875
1781079895.041275,3145684,221.6699981689453
1781079898.235951,3146793,221.1300048828125
1781079903.046974,3148486,221.1300048828125
1781079907.0634563,3149928,220.47999572753906
1781079935.9459167,3150937,219.5
1781079938.099243,3151688,218.60000610351562
1781079940.5515509,3152879,217.2100067138672
1781079945.653889,3154684,217.2100067138672
1781079950.278222,3156273,219.85000610351562
1781079953.743926,3157472,221.77000427246094
1781079958.9860468,3159299,221.1300048828125
1781079960.1607325,3159710,222.47000122070312
1781079962.7353203,3160621,222.47000122070312
1781079967.494314,3162308,224.38999938964844
1781079969.8835297,3163152,224.61000061035156
1781079971.0417528,3163856,224.35000610351562
1781079976.6775393,3165828,226.16000366210938
1781079981.3976655,3167511,226.16000366210938
1781079983.8923645,3168397,225.99000549316406
1781079988.6237357,3170125,225.97999572753906
1781079991.7305686,3171199,224.77000427246094
1781079995.506706,3172531,227.61000061035156
1781079999.5723405,3173951,227.61000061035156
1781080017.499971,3175750,227.5
1781080020.4813807,3176795,229.60000610351562
1781080024.9668248,3178350,231.07000732421875
1781080027.3537593,3179206,231.75
1781080032.159655,3180893,231.75
1781080034.2581718,3181948,232.11000061035156
1781080038.5150392,3183436,231.1999969482422
1781080039.621397,3183818,231.36000061035156
1781080044.7924492,3185655,232.42999267578125
1781080046.725706,3186336,232.42999267578125
1781080049.8114116,3187416,231.00999450683594
1781080054.3033433,3189007,232.3300018310547
1781080057.4066637,3190095,232.27000427246094
1781080060.6517673,3191241,233.1699981689453
1781080063.92336,3192397,233.1699981689453
1781080065.3131588,3192885,231.13999938964844
1781080072.3274026,3195675,229.9600067138672
1781080073.754255,3196182,230.72000122070312
1781080074.0134382,3196274,228.27999877929688
1781080078.7951908,3197971,228.27999877929688
1781080080.9549034,3198732,229.5
1781080099.9970174,3200765,228.13999938964844
1781080101.0742369,3201142,226.27999877929688
1781080104.1173787,3202200,227.3300018310547
1781080108.339673,3203682,227.3300018310547
1781080112.574929,3205163,227.55999755859375
1781080116.7062635,3206589,227.6999969482422
1781080118.3247342,3207158,227.3300018310547
1781080120.0749257,3207779,225.97999572753906
1781080122.229648,3208541,225.97999572753906
1781080125.9062479,3209829,226.72000122070312
1781080128.7862322,3211182,225.6999969482422
1781080130.1805654,3211670,227.35000610351562
1781080134.9552042,3213363,227.72000122070312
1781080138.2062225,3214503,227.72000122070312
1781080144.1464128,3216640,226.74000549316406
1781080146.6869104,3217522,226.7100067138672
1781080150.2765086,3218784,226.60000610351562
1781080153.829598,3220040,224.86000061035156
1781080158.7884815,3221783,224.86000061035156
1781080163.423006,3223740,225.24000549316406
1781080165.409476,3224440,226.49000549316406
1781080179.8742564,3226215,228.58999633789062
1781080180.3834214,3226469,229.9600067138672
1781080181.8511565,3227230,229.9600067138672
1781080183.0740998,3227855,228.49000549316406
1781080184.1716044,3228422,226.52000427246094
1781080186.2721536,3229501,227.77999877929688
1781080189.3917253,3231109,227.36000061035156
1781080191.3791244,3232133,227.36000061035156
1781080193.9222155,3233920,228.6699981689453
1781080196.1143029,3235046,230.0
1781080198.1669095,3236121,228.82000732421875
1781080199.5325816,3236833,227.5399932861328
1781080202.9474173,3238591,227.5399932861328
1781080204.90673,3239518,227.1199951171875
1781080207.423783,3240746,226.69000244140625
1781080211.5890388,3242638,226.14999389648438
1781080211.9127862,3242756,225.47999572753906
1781080215.3071063,3243959,225.47999572753906
1781080218.310974,3245128,226.02000427246094
1781080222.7867935,3246857,225.22999572753906
1781080223.7423542,3247495,225.61000061035156
1781080225.4494464,3248082,222.39999389648438
1781080230.2895539,3249828,222.39999389648438
1781080248.897553,3251068,222.82000732421875
1781080252.3218968,3252320,222.82000732421875
1781080255.037221,3253559,223.0399932861328
1781080258.6596153,3254813,224.50999450683594
1781080262.7898786,3256427,224.50999450683594
1781080265.5400412,3257470,225.00999450683594
1781080269.432473,3258823,224.0
1781080274.3887055,3260605,224.13999938964844
1781080276.0790696,3261268,225.47000122070312
1781080280.0676732,3262799,225.47000122070312
1781080285.0052726,3264480,226.8300018310547
1781080287.4626749,3265632,226.97999572753906
1781080289.4220173,3266386,226.57000732421875
1781080292.1862094,3267470,227.16000366210938
1781080294.7221165,3268465,227.16000366210938
1781080297.0976567,3269337,226.77000427246094
1781080298.7069817,3269895,226.9600067138672
1781080302.201322,3271114,226.10000610351562
1781080306.2003534,3272574,224.94000244140625
1781080310.112955,3274129,224.94000244140625
1781080325.5109625,3275159,224.17999267578125
1781080326.7819045,3275647,224.60000610351562
1781080329.9084659,3276778,223.6699981689453
1781080334.096527,3278289,223.22000122070312
1781080338.929264,3280191,223.22000122070312
1781080343.772852,3281845,224.02999877929688
1781080344.8598723,3282188,223.80999755859375
1781080349.6004593,3283743,224.2100067138672
1781080353.0508587,3285335,223.5
1781080358.119089,3287490,223.5
1781080361.844264,3288792,224.24000549316406
1781080368.930451,3291291,224.3000030517578
1781080369.8839834,3291621,224.02999877929688
1781080372.7723844,3292645,221.63999938964844
1781080375.9449995,3293757,221.63999938964844
1781080379.7429376,3295087,223.3300018310547
1781080381.4870741,3295704,222.66000366210938
1781080384.3476748,3297030,223.33999633789062
1781080386.573952,3297812,222.9499969482422
1781080390.3751428,3299153,222.9499969482422
1781080406.9238672,3300047,223.39999389648438
1781080410.1439323,3301192,224.25
1781080412.915172,3302173,226.5
1781080414.0333846,3302899,225.94000244140625
1781080419.3743985,3304770,225.94000244140625
1781080421.988221,3305690,225.8800048828125
1781080423.086769,3306071,224.97000122070312
1781080425.420474,3306874,225.0800018310547
1781080427.6399772,3307649,225.55999755859375
1781080431.6053557,3309017,225.55999755859375
1781080435.7561014,3310485,225.33999633789062
1781080440.683302,3312231,224.74000549316406
1781080444.1876018,3313472,227.30999755859375
1781080444.7595553,3313679,227.05999755859375
1781080447.76138,3315030,227.05999755859375
1781080451.9352438,3316483,226.8000030517578
1781080453.958644,3317178,226.39999389648438
1781080458.8376303,3318883,227.13999938964844
1781080463.1018918,3320377,226.3000030517578
1781080469.088599,3322464,226.3000030517578
1781080474.533844,3324371,226.86000061035156
1781080494.2123718,3325649,226.6999969482422
1781080497.3737006,3326742,225.39999389648438
1781080500.3881006,3327796,224.41000366210938
1781080504.338747,3329209,224.41000366210938
1781080507.8717048,3330470,225.0500030517578
1781080508.8444462,3331129,225.5
1781080512.689965,3332473,225.08999633789062
1781080516.681833,3333877,223.14999389648438
1781080519.7420359,3334968,223.14999389648438
1781080524.872685,3336758,225.77999877929688
1781080528.3920813,3338000,224.1699981689453
1781080529.1686397,3338268,224.75
1781080532.095065,3339283,223.13999938964844
1781080536.968322,3340983,223.13999938964844
1781080540.7452867,3342638,224.7899932861328
1781080543.0089395,3343434,225.32000732421875
1781080547.3798797,3344989,224.61000061035156
1781080548.0341895,3345207,227.55999755859375
1781080551.2921824,3346346,227.55999755859375
1781080556.1308482,3348036,225.0500030517578
1781080557.570001,3348539,225.1699981689453
1781080578.285236,3350529,226.30999755859375
1781080580.1015182,3351167,227.0399932861328
1781080583.487076,3352349,227.0399932861328
1781080586.7882729,3353492,226.33999633789062
1781080589.4097545,3354410,225.0399932861328
1781080592.9034076,3355654,223.3300018310547
1781080595.7970493,3356676,223.24000549316406
1781080598.8446364,3357758,223.24000549316406
1781080602.3495698,3359318,224.10000610351562
1781080607.1177628,3360988,224.1699981689453
1781080610.7798398,3362288,224.3300018310547
1781080611.9762225,3362706,224.35000610351562
1781080617.2786658,3364589,224.35000610351562
1781080619.3849657,3365328,226.22999572753906
1781080623.454255,3366765,224.4199981689453
1781080629.9236174,3369026,225.60000610351562
1781080631.1886027,3369461,226.07000732421875
1781080633.9942372,3370757,226.07000732421875
1781080638.4675138,3372287,226.4499969482422
1781080640.2474868,3372898,225.27999877929688
1781080644.0808423,3374247,224.9499969482422
1781080664.4954746,3375666,225.41000366210938
1781080667.228453,3376958,225.41000366210938
1781080672.9826088,3378970,226.47000122070312
1781080675.6739688,3379897,228.3699951171875
1781080678.2722487,3380799,228.66000366210938
1781080679.5492916,3381253,227.80999755859375
1781080681.9763377,3382106,227.80999755859375
1781080686.522341,3383686,227.0
1781080690.3144312,3384979,226.97000122070312
1781080692.9641154,3385908,227.77000427246094
1781080696.9157033,3387284,230.0800018310547
1781080700.5856752,3388886,230.0800018310547
1781080704.058469,3390088,230.42999267578125
1781080705.5286129,3390598,229.80999755859375
1781080709.444014,3391971,229.0399932861328
1781080712.94029,3393198,229.55999755859375
1781080716.3416295,3394391,229.55999755859375
1781080720.200138,3395741,229.4199981689453
1781080722.8874614,3396718,230.08999633789062
1781080726.8954115,3398145,230.07000732421875
1781080727.9135711,3398679,231.97999572753906
1781080738.6566715,3400239,231.97999572753906
1781080741.4272642,3401668,232.05999755859375
1781080743.4898188,3402735,232.77999877929688
1781080745.7256494,3403909,231.44000244140625
1781080748.2452493,3405218,229.38999938964844
1781080751.3901377,3406876,229.38999938964844
1781080753.8312647,3408163,229.25999450683594
1781080755.7633073,3409184,229.3800048828125
1781080759.174544,3410985,227.11000061035156
1781080760.6683867,3411777,226.74000549316406
1781080762.363966,3413131,226.74000549316406
1781080764.8837225,3414438,225.52999877929688
1781080767.3476062,3415723,224.35000610351562
1781080768.353621,3416243,225.0500030517578
1781080771.7268002,3418011,225.6300048828125
1781080774.8319943,3419647,225.6300048828125
1781080776.4672177,3420508,225.77999877929688
1781080777.4833026,3421036,225.55999755859375
1781080781.8265023,3423298,226.52000427246094
1781080783.9577093,3424230,226.66000366210938
1781080801.387144,3425777,226.66000366210938
1781080804.6535156,3427062,227.55999755859375
1781080808.456054,3428508,224.8800048828125
1781080809.8770816,3429000,224.6699981689453
1781080813.7298484,3430382,225.89999389648438
1781080817.9552634,3431978,225.89999389648438
1781080822.5588062,3433779,224.25999450683594
1781080826.8784986,3435587,224.07000732421875
1781080828.3744187,3436090,224.36000061035156
1781080832.0186634,3437480,224.8000030517578
1781080835.3113317,3438751,224.8000030517578
1781080839.4568412,3440305,223.4499969482422
1781080842.5653088,3441396,222.9600067138672
1781080846.9293575,3443024,222.27000427246094
1781080849.6493611,3444114,224.22000122070312
1781080853.4197893,3445555,224.22000122070312
1781080856.2292924,3446849,224.57000732421875
1781080861.7741458,3448897,223.8300018310547
1781080863.9399076,3449741,223.75
1781080883.844061,3451335,223.35000610351562
1781080886.7115834,3452450,223.35000610351562
1781080889.8919294,3453984,222.1300048828125
1781080893.5348363,3455432,221.7100067138672
1781080895.787181,3456312,221.25999450683594
1781080899.0979307,3457511,221.7100067138672
1781080900.7976434,3458122,221.7100067138672
1781080904.4610405,3459498,219.30999755859375
1781080907.7876396,3460829,218.0500030517578
1781080912.9681246,3462721,219.9499969482422
1781080915.6038482,3463663,220.1699981689453
1781080918.085122,3464545,220.1699981689453
1781080920.8370926,3466004,219.97000122070312
1781080924.4737012,3467431,218.6300048828125
1781080928.0844803,3468725,217.63999938964844
1781080930.809186,3469685,216.83999633789062
1781080935.7011552,3471573,216.83999633789062
1781080939.901897,3473213,217.36000061035156
1781080942.1894784,3474005,217.66000366210938
1781080944.7714043,3474906,215.27000427246094
1781080959.6329205,3475713,213.25
1781080962.6622343,3476845,213.25
1781080965.841959,3478078,210.3699951171875
1781080970.334727,3479743,208.0500030517578
1781080972.6626282,3480566,208.3699951171875
1781080977.4231293,3482281,209.27000427246094
1781080981.843787,3484010,209.27000427246094
1781080984.5980167,3485309,208.63999938964844
1781080987.1468627,3486218,208.5
1781080993.7018712,3488665,209.42999267578125
1781080994.8196096,3489092,211.80999755859375
1781080998.6490436,3490547,211.80999755859375
1781081002.425873,3491927,211.92999267578125
1781081007.9658637,3494004,213.0
1781081011.7319915,3495497,213.02999877929688
1781081012.229795,3495694,213.36000061035156
1781081017.3590195,3497817,213.36000061035156
1781081020.8309374,3499058,215.0
1781081037.7720423,3500394,215.52000427246094
1781081041.3485234,3501784,215.72000122070312
1781081041.6221185,3501874,215.92999267578125
1781081044.9004385,3503339,215.92999267578125
1781081046.8635197,3504017,216.89999389648438
1781081052.6760511,3506234,216.0
1781081054.1170938,3506804,215.6699981689453
1781081057.3881214,3508031,215.44000244140625
1781081060.723412,3509206,215.44000244140625
1781081062.62047,3509842,216.33999633789062
1781081065.8982892,3511094,216.5800018310547
1781081071.7327528,3513327,216.47999572753906
1781081074.6990917,3514330,218.86000061035156
1781081078.1566713,3515797,218.86000061035156
1781081082.331739,3517434,218.2899932861328
1781081085.694606,3518750,218.8699951171875
1781081087.484425,3519394,217.88999938964844
1781081090.3707535,3520401,217.33999633789062
1781081094.0550778,3521727,217.33999633789062
1781081098.6358109,3523542,216.8699951171875
1781081101.7038734,3524672,218.80999755859375
1781081121.8827484,3526351,218.1300048828125
1781081123.0547597,3526801,219.52000427246094
1781081126.6943069,3528225,219.52000427246094
1781081131.4739883,3530045,217.61000061035156
1781081135.029033,3531293,218.24000549316406
1781081135.7025716,3531519,217.6199951171875
1781081138.0750206,3532364,215.1300048828125
1781081140.894395,3533840,215.1300048828125
1781081145.0949054,3535442,214.35000610351562
1781081146.868077,3536086,214.0
1781081152.2934923,3538075,213.47000122070312
1781081155.3979042,3539174,215.5
1781081157.5117238,3539945,215.5
1781081163.1738262,3542196,216.30999755859375
1781081165.6188738,3543163,216.8699951171875
1781081167.929628,3544078,217.35000610351562
1781081171.2030005,3545245,215.39999389648438
1781081174.2152271,3546647,215.39999389648438
1781081178.5269907,3548334,214.8300018310547
1781081182.5805953,3549934,214.89999389648438
1781081199.546388,3550393,217.00999450683594
1781081203.2045028,3551682,217.24000549316406
1781081205.448021,3552847,217.24000549316406
1781081210.143985,3554741,216.25999450683594
1781081212.4098423,3555588,216.1300048828125
1781081215.609708,3556688,215.24000549316406
1781081217.131178,3557216,215.99000549316406
1781081221.9916565,3559058,215.99000549316406
1781081225.627275,3560504,216.11000061035156
1781081228.6536982,3561574,214.30999755859375
1781081231.576098,3562550,213.92999267578125
1781081232.8902407,3563008,214.9199981689453
1781081235.0825908,3564171,214.9199981689453
1781081238.8752458,3565644,213.88999938964844
1781081241.8953385,3566858,214.4499969482422
1781081244.7293742,3567918,216.7100067138672
1781081248.907385,3569410,216.4600067138672
1781081252.9126086,3570807,216.4600067138672
1781081257.75311,3572657,218.1699981689453
1781081258.624769,3573009,218.77999877929688
1781081263.077196,3574711,216.4199981689453
1781081279.6646347,3575597,214.75999450683594
1781081283.663674,3576973,214.75999450683594
1781081288.6776133,3578986,213.77000427246094
1781081292.3050578,3580359,214.60000610351562
1781081296.3186924,3581726,214.08999633789062
1781081296.621768,3581818,214.67999267578125
1781081300.330799,3583526,214.67999267578125
1781081303.47184,3584765,213.5500030517578
1781081304.7730718,3585286,214.77000427246094
1781081310.5630956,3587282,215.44000244140625
1781081310.8208427,3587374,214.10000610351562
1781081314.781042,3588848,214.10000610351562
1781081319.3228106,3590652,214.19000244140625
1781081321.3999398,3591417,214.17999267578125
1781081327.576839,3593652,213.94000244140625
1781081329.314277,3594311,214.3300018310547
1781081331.8955529,3595721,214.3300018310547
1781081336.4253006,3597444,215.5
1781081340.9139292,3599018,216.94000244140625
1781081356.8914263,3600184,217.07000732421875
1781081358.2219765,3600662,216.39999389648438
1781081361.5324967,3602190,216.39999389648438
1781081366.4777882,3604171,214.75
1781081369.2813895,3605258,216.22000122070312
1781081375.1696863,3607345,217.33999633789062
1781081375.6413944,3607516,217.88999938964844
1781081377.957985,3608423,217.88999938964844
1781081381.9417813,3609996,217.30999755859375
1781081383.327595,3610543,216.97000122070312
1781081386.1990888,3611568,216.80999755859375
1781081389.7005446,3612817,217.27999877929688
1781081393.0644782,3614444,217.27999877929688
1781081395.9498382,3615600,219.44000244140625
1781081397.5677297,3616247,221.83999633789062
1781081401.306737,3617623,221.4499969482422
1781081406.3499267,3619459,220.25
1781081410.5860305,3621137,220.25
1781081415.276091,3622899,220.5
1781081418.596627,3624072,221.6699981689453
1781081420.00351,3624559,222.3300018310547
1781081421.0915225,3624959,220.5
1781081435.0216682,3625876,220.5
1781081440.1710722,3627866,218.80999755859375
1781081444.6529543,3629515,218.69000244140625
1781081445.3359375,3629735,220.9499969482422
1781081448.3008986,3630863,221.22999572753906
1781081451.3537421,3632046,221.22999572753906
1781081455.454269,3633642,223.52999877929688
1781081456.5920217,3634340,225.3699951171875
1781081460.5924783,3635815,224.72000122070312
1781081463.1271,3636789,225.16000366210938
1781081466.3080602,3638055,225.16000366210938
1781081470.3077471,3639585,224.64999389648438
1781081472.8331296,3640492,224.44000244140625
1781081477.3687088,3642203,224.27999877929688
1781081477.6280098,3642295,223.16000366210938
1781081481.2725022,3643707,223.16000366210938
1781081485.451389,3645255,221.66000366210938
1781081487.7774315,3646379,220.05999755859375
1781081490.0683463,3647196,218.77999877929688
1781081492.992199,3648339,218.80999755859375
1781081495.1966968,3649216,218.80999755859375
1781081514.3843727,3650932,216.8800048828125
1781081518.191088,3652256,216.32000732421875
1781081519.676762,3653097,216.80999755859375
1781081523.271942,3654507,216.7899932861328
1781081525.8476973,3655516,216.7899932861328
1781081530.4513361,3657129,217.77999877929688
1781081533.241838,3658096,219.72999572753906
1781081536.9338522,3659337,218.75
1781081538.7398539,3660042,217.82000732421875
1781081542.6863222,3661576,217.82000732421875
1781081546.4548724,3662945,218.72999572753906
1781081550.452629,3664326,218.5800018310547
1781081551.4731572,3665001,219.82000732421875
1781081554.6037807,3666152,218.3699951171875
1781081558.9459515,3667820,218.3699951171875
1781081560.6647918,3668487,218.5800018310547
1781081567.007953,3670792,218.1999969482422
1781081567.7429476,3671061,219.25
1781081571.19141,3672309,219.2899932861328
1781081574.9075675,3673812,219.2899932861328
1781081590.9318116,3675408,219.08999633789062
1781081591.8934805,3675758,219.0800018310547
1781081596.7019453,3677485,217.52999877929688
1781081599.0590968,3678304,216.7899932861328
1781081603.83623,3680188,216.7899932861328
1781081606.4157858,3681202,219.1199951171875
1781081610.6181126,3682705,220.1699981689453
1781081613.5829105,3683751,220.67999267578125
1781081614.4034274,3684382,220.9199981689453
1781081618.5732813,3686068,220.9199981689453
1781081623.1274111,3687789,221.22999572753906
1781081624.461541,3688252,220.72000122070312
1781081628.2281766,3689646,219.1699981689453
1781081629.9366622,3690302,218.5800018310547
1781081633.3938768,3691684,218.5800018310547
1781081638.799679,3693719,219.0500030517578
1781081641.2775865,3694597,218.11000061035156
1781081645.5501647,3696200,217.6999969482422
1781081647.1161351,3697173,217.63999938964844
1781081651.9068136,3699032,217.63999938964844
1781081670.8098073,3700255,218.80999755859375
1781081675.3987792,3702015,220.0
1781081676.4713838,3702444,220.36000061035156
1781081679.3017285,3703924,220.3699951171875
1781081683.3568277,3705378,220.3699951171875
1781081686.4625592,3706481,220.52999877929688
1781081690.7682753,3708192,219.72000122070312
1781081693.458831,3709242,220.64999389648438
1781081697.3252103,3710636,219.91000366210938
1781081702.441973,3712487,219.91000366210938
1781081705.4680676,3713688,219.5800018310547
1781081708.0832002,3715065,219.74000549316406
1781081711.2605906,3716208,220.8000030517578
1781081714.46381,3717403,219.97000122070312
1781081719.0523355,3719195,219.97000122070312
1781081723.000437,3720572,221.3800048828125
1781081725.3428035,3721396,220.97999572753906
1781081726.757782,3721937,220.39999389648438
1781081730.9485455,3723510,219.77000427246094
1781081749.7088313,3725264,219.77000427246094
1781081754.7864032,3727111,219.61000061035156
1781081758.813957,3728562,220.52000427246094
1781081763.5940406,3730458,222.2899932861328
1781081763.8332396,3730550,223.27999877929688
1781081769.1029525,3732543,223.27999877929688
1781081772.9139874,3734229,224.5399932861328
1781081776.8483841,3735769,225.2100067138672
1781081778.731962,3736525,225.49000549316406
1781081781.3606331,3737563,225.25999450683594
1781081785.3630846,3739004,225.25999450683594
1781081789.8487134,3740623,225.07000732421875
1781081791.5309722,3741285,224.8000030517578
1781081793.7444642,3742167,224.1699981689453
1781081796.7562509,3743359,223.60000610351562
1781081799.4164765,3744283,223.60000610351562
1781081801.5589933,3745027,223.8300018310547
1781081804.2658575,3746367,222.91000366210938
1781081806.2464292,3747169,222.3800048828125
1781081808.3297036,3748007,222.75
1781081810.0290747,3748677,222.75
1781081827.2301905,3750092,219.91000366210938
1781081829.2416482,3750890,217.3800048828125
1781081833.924148,3752668,217.11000061035156
1781081837.198217,3754138,217.75999450683594
1781081840.7100174,3755511,217.75999450683594
1781081845.1060615,3757279,219.05999755859375
1781081846.8751311,3757911,219.39999389648438
1781081851.9463592,3759780,219.33999633789062
1781081854.6841474,3760750,219.52000427246094
1781081857.545071,3761908,219.52000427246094
1781081861.6594965,3763503,219.25999450683594
1781081864.4202445,3764513,220.67999267578125
1781081866.2545922,3765499,220.55999755859375
1781081870.5623522,3767189,222.57000732421875
1781081875.5931165,3769164,222.57000732421875
1781081879.9029143,3770681,222.9499969482422
1781081883.8824112,3772091,222.3699951171875
1781081885.550595,3772754,223.47999572753906
1781081889.753169,3774425,224.63999938964844
1781081909.105749,3776182,224.63999938964844
1781081913.2724423,3777748,224.2100067138672
1781081915.524481,3778631,223.9600067138672
1781081918.5526469,3779845,223.39999389648438
1781081922.8490279,3781403,226.2100067138672
1781081927.7525334,3783280,226.2100067138672
1781081930.8885758,3784870,227.85000610351562
1781081935.6568115,3786611,228.5800018310547
1781081937.1416378,3787117,229.07000732421875
1781081940.6240957,3788347,231.25999450683594
1781081944.9492674,3790036,231.25999450683594
1781081949.282132,3791687,230.86000061035156
1781081953.4059634,3793144,231.0800018310547
1781081957.4918718,3794655,231.6999969482422
1781081958.3893623,3794992,231.1300048828125
1781081961.5037897,3796542,231.1300048828125
1781081965.3864446,3797926,231.61000061035156
1781081966.6116621,3798344,231.88999938964844
1781081970.197186,3799639,229.75
1781081983.7153583,3800066,229.0800018310547
1781081987.6878335,3801506,229.0800018310547
1781081990.5120895,3802528,230.9199981689453
1781081993.0977015,3803748,230.08999633789062
1781081998.2615247,3805603,230.11000061035156
1781082000.7163224,3806477,231.0800018310547
1781082004.1174872,3807685,231.0800018310547
1781082008.993633,3809428,230.83999633789062
1781082009.7128475,3809689,231.80999755859375
1781082013.9448965,3811205,230.6999969482422
1781082018.4039116,3812804,230.11000061035156
1781082020.2676613,3813479,230.11000061035156
1781082025.0973716,3815474,228.6300048828125
1781082028.246352,3816616,228.42999267578125
1781082035.5679333,3819244,230.60000610351562
1781082036.143591,3819449,232.22999572753906
1781082041.9022758,3821514,232.22999572753906
1781082044.586158,3822475,231.72000122070312
1781082049.8907127,3824384,230.47999572753906
1781082050.837692,3824727,231.5500030517578
1781082069.5179465,3826119,232.22000122070312
1781082074.3129215,3827829,232.22000122070312
1781082078.2731133,3829244,233.0399932861328
1781082083.6359568,3831172,231.77000427246094
1781082084.6639504,3831536,232.4600067138672
1781082087.1492517,3832418,231.99000549316406
1781082090.4771144,3833934,231.99000549316406
1781082094.2372918,3835282,232.0500030517578
1781082096.7238655,3836172,231.97000122070312
1781082101.6378527,3837905,232.52999877929688
1781082103.494394,3838575,230.6300048828125
1781082105.692718,3839357,230.6300048828125
1781082111.8291478,3841570,229.2100067138672
1781082115.5783358,3842906,226.75999450683594
1781082117.9508045,3843761,226.3000030517578
1781082120.2674885,3844898,227.44000244140625
1781082125.003026,3846573,227.44000244140625
1781082129.1275904,3848025,227.41000366210938
1781082134.4374607,3849925,226.91000366210938
1781082148.695286,3850065,229.1300048828125
1781082150.4890497,3850711,226.8699951171875
1781082153.0832489,3851964,226.8699951171875
1781082158.111725,3853764,225.02000427246094
1781082159.463038,3854243,225.5500030517578
1781082162.4463773,3855306,224.9499969482422
1781082163.6247418,3855733,225.63999938964844
1781082167.783083,3857221,225.63999938964844
1781082172.373649,3858828,223.97000122070312
1781082174.102561,3859468,223.7100067138672
1781082177.6450987,3860733,223.27999877929688
1781082180.6092048,3861781,223.36000061035156
1781082183.2011817,3863031,223.36000061035156
1781082188.197827,3864850,222.88999938964844
1781082190.303641,3865607,223.24000549316406
1781082193.1399057,3866605,223.38999938964844
1781082195.0615013,3867284,223.19000244140625
1781082197.8243449,3868279,223.19000244140625
1781082201.9022808,3869703,222.97000122070312
1781082204.7272687,3870691,224.0500030517578
1781082209.0569508,3872236,223.67999267578125
1781082212.1571128,3873337,223.9600067138672
1781082214.9311893,3874665,223.9600067138672
1781082232.4484692,3876391,223.02999877929688
1781082235.9932363,3877658,223.63999938964844
1781082238.490266,3878544,224.11000061035156
1781082242.2948482,3879888,225.41000366210938
1781082244.4122546,3880649,225.41000366210938
1781082247.7365384,3882156,222.57000732421875
1781082250.5802531,3883163,221.82000732421875
1781082253.457999,3884173,220.7899932861328
1781082254.5640132,3884569,218.61000061035156
1781082258.8509839,3886118,218.61000061035156
1781082261.9936707,3887231,218.0399932861328
1781082265.9845972,3888650,216.27000427246094
1781082267.3997653,3889159,216.42999267578125
1781082269.8826754,3890047,214.39999389648438
1781082273.7431974,3891392,214.39999389648438
1781082277.4540503,3893045,215.07000732421875
1781082278.4949849,3893421,216.24000549316406
1781082284.0246608,3895379,215.14999389648438
1781082284.8407178,3895680,214.80999755859375
1781082288.8827813,3897136,214.80999755859375
1781082294.1527097,3899026,214.17999267578125
1781082312.8429852,3900489,215.9600067138672
1781082315.1837876,3901321,216.25
1781082317.73737,3902195,214.52000427246094
1781082320.446862,3903098,214.52000427246094
1781082325.0748773,3904612,214.58999633789062
1781082325.9831357,3904911,216.52000427246094
1781082330.8660614,3906519,215.97000122070312
1781082333.9537368,3907582,215.6699981689453
1781082338.9678857,3909373,215.6699981689453
1781082341.470914,3910576,216.10000610351562
1781082344.5087297,3911657,215.69000244140625
1781082346.557625,3912385,214.8300018310547
1781082350.5421844,3913811,214.6300048828125
1781082354.9507825,3915364,214.6300048828125
1781082358.6378262,3916665,215.1999969482422
1781082362.0295665,3917854,213.4499969482422
1781082364.3970804,3918704,212.0
1781082368.3413234,3920099,210.41000366210938
1781082372.165103,3921447,210.41000366210938
1781082375.707683,3923036,209.64999389648438
1781082379.3645518,3924308,208.8000030517578
1781082398.3571723,3925701,207.0500030517578
1781082400.2948134,3926389,204.75
1781082404.173664,3928087,204.75
1781082408.4565809,3929614,205.0399932861328
1781082413.3205268,3931366,205.4499969482422
1781082415.548336,3932158,204.91000366210938
1781082419.3601725,3933508,203.5
1781082424.619461,3935385,203.5
1781082429.5662367,3937113,203.02000427246094
1781082431.0441408,3937655,202.57000732421875
1781082433.455982,3938498,200.5500030517578
1781082435.905528,3939663,199.10000610351562
1781082439.9942021,3941142,199.10000610351562
1781082442.8303196,3942160,197.91000366210938
1781082447.0157752,3943630,198.02000427246094
1781082451.113328,3945088,197.99000549316406
1781082452.0263953,3945407,197.77999877929688
1781082455.526508,3946662,197.77999877929688
1781082459.597922,3948130,196.77000427246094
1781082463.8077826,3949603,196.94000244140625
1781082481.589719,3950983,198.07000732421875
1781082481.9077995,3951095,197.9199981689453
1781082485.9848044,3952551,197.9199981689453
1781082489.5580406,3953825,196.44000244140625
1781082492.1806228,3954839,198.3300018310547
1781082494.1114132,3955514,197.13999938964844
1781082498.671651,3957105,196.35000610351562
1781082499.868018,3957834,196.35000610351562
1781082503.9936414,3959299,196.57000732421875
1781082507.175703,3960420,196.1300048828125
1781082508.5275888,3960906,195.83999633789062
1781082512.273314,3962253,195.85000610351562
1781082517.5331151,3964128,195.85000610351562
1781082521.991688,3965716,198.07000732421875
1781082524.189091,3966500,197.5399932861328
1781082527.4362667,3967652,197.4499969482422
1781082530.116254,3968619,194.60000610351562
1781082532.7759414,3969853,194.60000610351562
1781082537.6612859,3971595,195.72999572753906
1781082541.0089953,3972781,196.88999938964844
1781082544.13293,3973903,196.10000610351562
1781082561.640685,3975043,195.77000427246094
1781082566.762878,3976873,195.77000427246094
1781082570.888509,3978340,195.92999267578125
1781082573.6569924,3979324,197.83999633789062
1781082579.5930138,3981439,196.82000732421875
1781082581.8906634,3982264,198.91000366210938
1781082585.407895,3983510,198.91000366210938
1781082590.600747,3985383,197.27000427246094
1781082593.533923,3986418,196.67999267578125
1781082594.2465396,3986985,197.19000244140625
1781082596.9164917,3987931,198.61000061035156
1781082600.5648015,3989212,198.61000061035156
1781082604.8620412,3990744,197.5800018310547
1781082608.5337853,3992032,198.6300048828125
1781082613.0040066,3993620,199.8000030517578
1781082617.1884065,3995088,200.55999755859375
1781082620.7235048,3996352,200.55999755859375
1781082624.5748281,3997718,199.60000610351562
1781082627.6113346,3999121,201.38999938964844
1781082629.9734077,3999937,201.41000366210938
1781082648.9322457,4001386,203.4499969482422
1781082654.062484,4003207,203.4499969482422
1781082656.623269,4004133,205.4600067138672
1781082659.6164289,4005509,204.75
1781082662.0383837,4006395,204.80999755859375
1781082663.1968863,4006804,204.24000549316406
1781082665.320422,4007561,204.24000549316406
1781082669.5114558,4009047,202.9600067138672
1781082674.318629,4010771,203.19000244140625
1781082676.7491415,4011638,203.0
1781082677.4245033,4011868,201.32000732421875
1781082680.2370558,4012835,201.32000732421875
1781082685.203706,4014573,202.8300018310547
1781082688.4974566,4015724,203.60000610351562
1781082692.816963,4017569,203.57000732421875
1781082693.0784898,4017661,203.97999572753906
1781082697.9036224,4019399,203.97999572753906
1781082701.3514888,4020616,205.16000366210938
1781082704.5758402,4021770,203.55999755859375
1781082709.624069,4023590,204.6999969482422
1781082712.919465,4024758,204.74000549316406
1781082728.5756183,4026066,204.74000549316406
1781082734.1949265,4028084,205.72999572753906
1781082738.7243516,4029687,205.5399932861328
1781082741.9583182,4030856,204.91000366210938
1781082742.7178555,4031116,204.11000061035156
1781082748.1638715,4033063,204.11000061035156
1781082751.1982996,4034449,206.10000610351562
1781082755.9505465,4036125,206.89999389648438
1781082758.6453266,4037074,208.27000427246094
1781082763.034342,4038644,209.66000366210938
1781082766.45451,4039892,209.66000366210938
1781082770.5108402,4041350,208.9199981689453
1781082772.0561085,4041906,210.0399932861328
1781082775.2372336,4043019,208.6300048828125
1781082778.9794953,4044358,210.3000030517578
1781082783.174887,4046179,210.3000030517578
1781082787.0716853,4047578,210.75999450683594
1781082792.07747,4049336,210.4499969482422
1781082793.4706216,4049829,210.74000549316406
1781082810.1105022,4051114,212.75
1781082814.4852116,4052665,212.75
1781082817.8996027,4054183,213.69000244140625
1781082821.8759065,4055599,213.27000427246094
1781082823.330213,4056126,212.94000244140625
1781082826.0244977,4057080,213.75
1781082829.8467715,4058441,213.75
1781082832.3243408,4059315,215.6199951171875
1781082835.9184272,4060596,215.07000732421875
1781082837.6348917,4061210,216.6199951171875
1781082838.273885,4061431,214.22999572753906
1781082842.9460323,4063107,214.22999572753906
1781082847.696641,4065117,213.58999633789062
1781082849.4425733,4065734,214.35000610351562
1781082852.0388458,4066664,214.9499969482422
1781082855.8151622,4068021,214.2100067138672
1781082859.539943,4069382,214.2100067138672
1781082863.2871425,4070713,215.6300048828125
1781082866.3902252,4071827,216.38999938964844
1781082868.6489065,4072639,216.60000610351562
1781082871.6275454,4073693,217.80999755859375
1781082890.0584774,4075262,217.80999755859375
1781082894.6790884,4076943,217.67999267578125
1781082897.4241126,4077920,218.47000122070312
1781082901.143168,4079246,219.30999755859375
1781082902.6364465,4079774,220.0
1781082907.4624436,4081500,220.0
1781082910.2417974,4082788,221.30999755859375
1781082914.8072317,4084395,219.22000122070312
1781082917.25232,4085264,220.47999572753906
1781082919.7260654,4086152,219.5800018310547
1781082924.0906293,4087691,219.5800018310547
1781082928.2376409,4089182,218.47000122070312
1781082929.6901484,4089705,218.6300048828125
1781082932.5358467,4090721,218.24000549316406
1781082936.173264,4091984,219.05999755859375
1781082941.104934,4093725,219.05999755859375
1781082944.0056722,4095071,220.97999572753906
1781082946.6096246,4096013,218.6999969482422
1781082950.480333,4097392,218.9600067138672
1781082954.1234267,4098742,219.7899932861328
1781082972.3705544,4100110,219.7899932861328
1781082976.1147666,4101446,221.4600067138672
1781082980.9339812,4103139,221.75
1781082985.190335,4104654,223.14999389648438
1781082985.9776978,4104931,224.10000610351562
1781082991.4870849,4106901,224.10000610351562
1781082996.5956702,4108713,225.33999633789062
1781082999.1395752,4109624,225.0800018310547
1781083001.1691954,4110358,226.55999755859375
1781083005.194331,4112102,225.9199981689453
1781083009.3733501,4113616,225.9199981689453
1781083011.4977937,4114379,226.69000244140625
1781083014.3126702,4115381,225.1999969482422
1781083016.1559036,4116048,224.8699951171875
1781083018.2359369,4116796,225.4600067138672
1781083022.7131517,4118408,225.4600067138672
1781083027.5177612,4120164,224.0399932861328
1781083029.9289548,4121025,224.00999450683594
1781083031.6201766,4121636,223.0399932861328
1781083034.0599465,4122523,224.72000122070312
1781083036.5817997,4123760,224.72000122070312
1781083057.098392,4125242,223.35000610351562
1781083058.199748,4125647,224.1300048828125
1781083064.9416738,4128075,224.9600067138672
1781083066.8925445,4128801,225.27999877929688
1781083070.2256324,4130361,225.27999877929688
1781083074.174759,4131794,225.0399932861328
1781083078.6483643,4133393,224.0
1781083082.816465,4134894,224.11000061035156
1781083085.9669816,4136022,223.30999755859375
1781083088.3693423,4136892,223.30999755859375
1781083092.7184033,4138439,224.10000610351562
1781083096.6592078,4139825,224.72999572753906
1781083099.4915247,4141139,224.97000122070312
1781083100.3130531,4141435,224.4499969482422
1781083105.2771034,4143196,224.4499969482422
1781083108.4149845,4144335,225.27000427246094
1781083113.9151776,4146305,225.24000549316406
1781083119.5910406,4148335,223.89999389648438
1781083119.9017358,4148445,223.88999938964844
1781083124.032442,4149924,223.88999938964844
1781083141.793166,4151292,224.97999572753906
1781083145.674581,4152664,224.7899932861328
1781083146.8985543,4153109,224.63999938964844
1781083149.9630613,4154188,223.1699981689453
1781083154.4200528,4155786,223.1699981689453
1781083158.418523,4157212,222.74000549316406
1781083162.4195936,4158668,222.02999877929688
1781083165.049584,4159921,222.39999389648438
1781083167.3869495,4160761,224.0500030517578
1781083171.521615,4162237,224.0500030517578
1781083174.0133555,4163128,226.6300048828125
1781083179.757335,4165159,224.1699981689453
1781083183.994256,4166666,223.9199981689453
1781083186.2287307,4167452,225.27000427246094
1781083190.446343,4168977,225.27000427246094
1781083192.39533,4169676,224.72000122070312
1781083195.5560882,4171118,222.6199951171875
1781083197.933991,4171955,221.77999877929688
1781083200.0765996,4172712,219.6199951171875
1781083202.2337708,4173497,219.6199951171875
1781083214.6741364,4175052,217.64999389648438
1781083217.956416,4176209,218.14999389648438
1781083219.1532252,4176641,217.1300048828125
1781083222.1943758,4177744,215.83999633789062
1781083225.3759282,4179205,215.83999633789062
1781083229.5474484,4180705,214.52999877929688
1781083232.371936,4181725,214.5399932861328
1781083236.4368706,4183183,215.0
1781083238.944003,4184102,214.99000549316406
1781083242.2927988,4185318,214.99000549316406
1781083243.8631938,4185870,214.35000610351562
1781083249.384312,4187840,212.47000122070312
1781083250.5725794,4188277,211.49000549316406
1781083254.2416115,4189583,211.17999267578125
1781083258.2631776,4191355,211.17999267578125
1781083260.5520675,4192171,211.89999389648438
1781083265.8943717,4194105,209.9600067138672
1781083267.629112,4194745,212.41000366210938
1781083270.6372135,4195811,211.07000732421875
1781083273.942171,4196992,211.07000732421875
1781083279.675255,4199075,210.57000732421875
1781083294.911455,4200328,210.14999389648438
1781083296.093138,4200744,211.1300048828125
1781083301.6131217,4202717,211.58999633789062
1781083305.200261,4204031,211.58999633789062
1781083310.3730118,4205905,212.00999450683594
1781083313.066936,4206864,212.3300018310547
1781083318.312519,4208740,212.47000122070312
1781083320.4689553,4209513,213.38999938964844
1781083323.0196779,4210753,213.38999938964844
1781083328.316818,4212630,214.0500030517578
1781083331.0720668,4213607,214.69000244140625
1781083333.9015455,4214609,213.72999572753906
1781083336.6362305,4215591,214.3800048828125
1781083341.4775674,4217313,214.3800048828125
1781083345.1898823,4218605,214.7899932861328
1781083349.1735532,4220036,214.55999755859375
1781083352.1170168,4221392,212.6999969482422
1781083354.210258,4222132,212.8300018310547
1781083359.5141456,4224010,212.8300018310547
1781083377.4410152,4225442,213.00999450683594
1781083381.7470832,4226982,214.13999938964844
1781083385.8585625,4228771,215.9600067138672
1781083386.110248,4228863,216.24000549316406
1781083389.6050081,4230131,216.24000549316406
1781083392.4563289,4231150,216.5399932861328
1781083396.7147355,4232710,216.5800018310547
1781083397.8416152,4233105,216.80999755859375
1781083403.33027,4235082,218.42999267578125
1781083407.3131254,4236526,218.42999267578125
1781083410.4599183,4237657,217.1199951171875
1781083415.4080374,4239448,218.58999633789062
1781083417.4043932,4240480,218.38999938964844
1781083422.1383414,4242152,220.4199981689453
1781083425.333036,4243292,220.4199981689453
1781083430.6596746,4245201,220.36000061035156
1781083434.6010194,4246607,220.25999450683594
1781083436.5043259,4247278,222.19000244140625
1781083440.5173607,4248726,222.83999633789062
1781083442.7936902,4249521,222.83999633789062
1781083458.1459446,4251134,219.75
1781083459.4477694,4251813,222.5500030517578
1781083464.0785146,4254277,222.7899932861328
1781083464.6511154,4254571,221.8699951171875
1781083467.4142478,4256024,221.8699951171875
1781083471.170004,4258019,221.0800018310547
1781083473.2463655,4259106,220.97999572753906
1781083475.6218662,4260357,220.4499969482422
1781083477.8946345,4262037,220.33999633789062
1781083481.4569793,4263937,220.33999633789062
1781083484.654208,4265615,219.6999969482422
1781083485.8320563,4266232,220.52999877929688
1781083487.2316072,4266957,220.64999389648438
1781083490.2557411,4268544,221.2100067138672
1781083493.610961,4270322,221.2100067138672
1781083496.4001548,4271770,220.69000244140625
1781083499.5666397,4273440,221.2899932861328
1781083501.7060094,4274584,222.75
1781083520.2303026,4275850,222.72000122070312
1781083524.6256495,4277377,222.72000122070312
1781083528.1301887,4278602,223.75
1781083531.5515454,4279792,223.05999755859375
1781083533.8354363,4280590,223.8300018310547
1781083536.165776,4281405,223.8699951171875
1781083539.1414826,4282457,223.8699951171875
1781083540.973466,4283097,223.8699951171875
1781083544.175683,4284530,223.3300018310547
1781083545.9677339,4285147,221.63999938964844
1781083549.304749,4286333,221.91000366210938
1781083552.6629777,4287509,221.91000366210938
1781083556.2614553,4288767,219.32000732421875
1781083558.2766993,4289470,220.64999389648438
1781083562.6803682,4290992,220.3000030517578
1781083564.6501584,4291697,220.38999938964844
1781083569.7313838,4293471,220.38999938964844
1781083573.9404676,4295280,221.2899932861328
1781083576.3347468,4296518,221.30999755859375
1781083577.96082,4297333,221.24000549316406
1781083579.416,4298047,221.77000427246094
1781083582.4012005,4299597,221.77000427246094
1781083596.6448674,4301313,222.41000366210938
1781083597.786781,4301699,223.02000427246094
1781083601.3952239,4303041,222.97000122070312
1781083601.658927,4303133,222.8000030517578
1781083604.3513846,4304573,222.8000030517578
1781083608.301356,4306029,222.97999572753906
1781083612.4249113,4307463,222.5500030517578
1781083613.9832108,4308007,222.0800018310547
1781083617.1818304,4309281,223.17999267578125
1781083620.8188937,4310727,223.17999267578125
1781083623.8550174,4311811,222.94000244140625
1781083626.5619326,4312711,223.61000061035156
1781083628.7941709,4313522,221.50999450683594
1781083632.1706517,4314680,220.74000549316406
1781083635.8004081,4316062,220.74000549316406
1781083638.2230377,4317402,219.6999969482422
1781083643.2332466,4319246,222.42999267578125
1781083644.9260993,4319806,223.5
1781083647.480848,4320691,223.16000366210938
1781083649.7001317,4321529,223.16000366210938
1781083653.3986475,4322967,224.02999877929688
1781083655.0662546,4323626,225.0500030517578
1781083673.5509968,4325296,225.1300048828125
1781083673.8311975,4325388,226.6199951171875
1781083679.0099266,4327279,226.6199951171875
1781083682.5020561,4328649,228.66000366210938
1781083684.4095216,4329392,228.3699951171875
1781083687.6119304,4330542,229.80999755859375
1781083692.8728695,4332341,232.60000610351562
1781083697.2257075,4334059,232.60000610351562
1781083698.7929044,4334688,233.85000610351562
1781083699.6986468,4335336,231.41000366210938
1781083706.3462212,4337654,229.36000061035156
1781083708.2289133,4338389,229.24000549316406
1781083712.9728348,4340253,229.24000549316406
1781083714.3956132,4340812,230.61000061035156
1781083717.7851067,4342024,231.77999877929688
1781083719.446954,4342630,231.49000549316406
1781083723.3277712,4344092,233.10000610351562
1781083728.155058,4346010,233.10000610351562
1781083732.008922,4347725,233.99000549316406
1781083734.8435342,4348715,237.25
1781083751.911191,4350021,236.57000732421875
1781083753.1585357,4350508,237.2899932861328
1781083757.5804443,4352255,237.2899932861328
1781083761.1963534,4353560,237.07000732421875
1781083763.9263043,4354913,236.07000732421875
1781083767.9054132,4356348,235.25999450683594
1781083769.1740263,4356838,234.64999389648438
1781083772.5765746,4358169,234.64999389648438
1781083775.9650216,4359469,233.77999877929688
1781083779.8787055,4360838,231.3000030517578
1781083783.0258963,4361923,230.92999267578125
1781083786.35698,4363224,231.33999633789062
1781083788.634007,4364109,231.33999633789062
1781083791.7573247,4365634,229.0
1781083793.9131045,4367243,229.4199981689453
1781083795.695385,4368179,231.14999389648438
1781083797.649204,4369195,233.47999572753906
1781083800.7838218,4370823,233.47999572753906
1781083803.1667395,4372063,232.9600067138672
1781083804.8347034,4372943,230.80999755859375
1781083818.275361,4375337,232.6999969482422
1781083819.3303862,4375884,234.25999450683594
1781083820.7060008,4376587,234.25999450683594
1781083825.6880147,4379115,232.9199981689453
1781083828.1757207,4380285,232.9199981689453
1781083830.723695,4381188,233.00999450683594
1781083833.9061296,4382449,232.0399932861328
1781083839.2004023,4384447,232.0399932861328
1781083844.8514955,4386399,232.77999877929688
1781083848.415435,4387777,233.02999877929688
1781083851.2090483,4388876,232.38999938964844
1781083854.2470613,4389988,231.3000030517578
1781083857.855248,4391247,231.3000030517578
1781083860.4962983,4392575,231.22000122070312
1781083863.2294326,4393633,231.11000061035156
1781083866.546116,4394928,229.4499969482422
1781083868.0255356,4395453,229.52000427246094
1781083872.6638,4397060,229.52000427246094
1781083874.4825592,4397708,230.72000122070312
1781083877.5590754,4398928,231.19000244140625
1781083894.128473,4400606,229.94000244140625
1781083895.2203991,4401023,229.25
1781083899.9192793,4402674,229.25
1781083902.8070173,4403673,232.0500030517578
1781083908.0344322,4405689,231.77999877929688
1781083912.10727,4407200,231.8800048828125
1781083914.2552984,4407949,231.97999572753906
1781083917.327494,4409047,231.97999572753906
1781083920.4712334,4410198,232.52000427246094
1781083920.8563635,4410338,232.24000549316406
1781083925.390937,4412432,231.44000244140625
1781083928.584023,4413546,230.8699951171875
1781083931.3942945,4414678,230.8699951171875
1781083935.468502,4416830,229.69000244140625
1781083937.2116296,4417744,229.33999633789062
1781083939.534126,4418949,228.4199981689453
1781083941.1273024,4419780,227.39999389648438
1781083944.551343,4421574,227.39999389648438
1781083947.4043992,4423081,227.94000244140625
1781083950.3351357,4424636,227.99000549316406
1781083960.5738504,4425518,227.8800048828125
1781083961.761889,4426148,227.41000366210938
1781083965.0944686,4427894,227.41000366210938
1781083967.7989128,4429254,227.1300048828125
1781083971.7637837,4430720,226.7899932861328
1781083975.0219445,4431857,226.35000610351562
1781083978.7274258,4433179,227.02999877929688
1781083982.4767685,4434507,227.02999877929688
1781083983.8664575,4434986,226.86000061035156
1781083988.5518587,4436966,225.4499969482422
1781083990.023556,4437474,226.91000366210938
1781083994.1793933,4438931,226.47999572753906
1781083999.1062808,4440680,226.47999572753906
1781084002.7374427,4441973,228.72000122070312
1781084004.8475027,4442704,227.27999877929688
1781084009.2764053,4444291,229.2100067138672
1781084013.2256982,4445680,228.8300018310547
1781084015.7410216,4446863,228.8300018310547
1781084019.6955125,4448239,229.16000366210938
1781084039.2417488,4450062,228.22999572753906
1781084041.3828366,4450801,228.86000061035156
1781084043.7553,4451646,227.69000244140625
1781084048.0420873,4453520,227.69000244140625
1781084053.1399395,4455316,228.8699951171875
1781084055.2014678,4456045,229.02000427246094
1781084061.1216443,4458143,229.2100067138672
1781084063.3425362,4458925,229.60000610351562
1781084068.9583962,4460931,229.60000610351562
1781084074.0757866,4462776,230.1999969482422
1781084076.0579426,4463492,230.6199951171875
1781084078.5206292,4464679,230.47000122070312
1781084081.9943876,4465894,230.85000610351562
1781084086.3632042,4467467,230.85000610351562
1781084089.0825324,4468449,231.25999450683594
1781084090.8929346,4469089,229.8000030517578
1781084097.6039474,4471483,231.4199981689453
1781084098.2126164,4471698,232.25999450683594
1781084101.9923863,4473057,232.25999450683594
1781084106.656643,4474704,232.24000549316406
1781084124.2300193,4475735,231.8300018310547
1781084128.0171323,4477106,231.0399932861328
1781084131.3952847,4478327,230.3699951171875
1781084136.6823914,4480183,230.3699951171875
1781084139.9452217,4481333,230.11000061035156
1781084140.7804792,4481620,229.42999267578125
1781084141.8565092,4482313,227.8000030517578
1781084144.6801038,4483321,226.6300048828125
1781084149.0113447,4484880,226.6300048828125
1781084152.1168635,4485965,227.44000244140625
1781084157.1278017,4487768,228.33999633789062
1781084160.1263518,4488822,227.89999389648438
1781084162.4132257,4489648,225.39999389648438
1781084166.725675,4491177,225.39999389648438
1781084169.6233127,4492196,226.07000732421875
1781084173.7761483,4493951,227.8800048828125
1781084176.3652616,4494875,229.4499969482422
1781084180.2750804,4496264,229.32000732421875
1781084185.4538233,4498108,229.32000732421875
1781084189.9247882,4499690,229.58999633789062
1781084207.5961926,4500430,230.83999633789062
1781084210.853283,4501591,230.6199951171875
1781084214.228437,4502770,230.0800018310547
1781084216.1772094,4503459,230.0800018310547
1781084221.0609913,4505196,229.5399932861328
1781084223.3340285,4505997,228.3000030517578
1781084225.2552445,4506674,227.1300048828125
1781084229.885701,4508326,227.02000427246094
1781084232.7907526,4509371,227.02000427246094
1781084235.8845544,4510507,227.24000549316406
1781084238.1443675,4511747,228.9199981689453
1781084240.87221,4512850,230.75999450683594
1781084244.421647,4514115,230.69000244140625
1781084249.5598686,4515973,230.69000244140625
1781084253.525717,4517523,231.8300018310547
1781084259.6210992,4519751,234.36000061035156
1781084261.3401408,4520361,234.75
1781084265.3030477,4521823,233.61000061035156
1781084269.0184095,4523664,233.61000061035156
1781084271.6001654,4524632,235.47999572753906
1781084283.6772249,4525236,233.17999267578125
1781084285.295659,4525829,230.41000366210938
1781084287.495485,4526605,227.6999969482422
1781084291.6163304,4528093,227.6999969482422
1781084293.962331,4528948,228.17999267578125
1781084298.3671594,4530583,229.44000244140625
1781084300.2418046,4531274,229.72999572753906
1781084302.1774926,4532204,226.83999633789062
1781084304.667032,4533014,226.83999633789062
1781084309.1829963,4534583,225.5800018310547
1781084311.661574,4535429,224.61000061035156
1781084317.1495419,4537383,223.13999938964844
1781084317.3980098,4537475,223.07000732421875
1781084320.166445,4538579,223.07000732421875
1781084323.2747703,4539795,223.16000366210938
1781084328.118987,4541548,221.3800048828125
1781084330.1815143,4542241,222.17999267578125
1781084332.4944773,4543395,222.50999450683594
1781084336.5154495,4544985,222.50999450683594
1781084340.5897858,4546457,223.57000732421875
1781084344.236726,4547693,223.5800018310547
1781084345.5490997,4548134,225.8000030517578
1781084349.4346988,4549595,224.02000427246094
1781084365.4440913,4551221,224.02000427246094
1781084367.9851031,4552201,224.4199981689453
1781084373.7281682,4554221,223.82000732421875
1781084377.0463555,4555429,225.61000061035156
1781084380.4967175,4556787,226.25
1781084384.8006492,4558398,226.25
1781084390.345657,4560323,224.36000061035156
1781084394.2781208,4561816,224.69000244140625
1781084396.455975,4563017,224.50999450683594
1781084398.6122928,4563807,225.4499969482422
1781084402.1179278,4565074,225.4499969482422
1781084406.3847046,4566729,224.1300048828125
1781084409.7269502,4567927,224.77000427246094
1781084411.6606414,4568610,225.9199981689453
1781084415.5918622,4570026,227.10000610351562
1781084418.1801445,4571039,227.10000610351562
1781084421.8230839,4572468,227.8000030517578
1781084425.583747,4573786,227.64999389648438
1781084427.527102,4574733,227.0399932861328
1781084443.509329,4575703,229.02999877929688
1781084446.6259947,4576944,229.02999877929688
1781084448.2743711,4577582,228.47000122070312
1781084452.164765,4579035,227.2899932861328
1781084457.8174336,4580997,228.88999938964844
1781084460.4600341,4582335,229.3300018310547
1781084464.5701082,4583923,229.3300018310547
1781084469.1618872,4585542,228.60000610351562
1781084473.2668242,4586982,229.44000244140625
1781084474.3219028,4587393,230.27999877929688
1781084477.4236844,4588617,229.91000366210938
1781084480.7644527,4589889,229.91000366210938
1781084484.7680554,4591298,230.0800018310547
1781084488.7502704,4592694,232.9199981689453
1781084491.0644126,4593877,232.19000244140625
1781084493.20518,4594629,231.74000549316406
1781084496.287705,4595816,231.74000549316406
1781084499.2144105,4596976,230.25999450683594
1781084504.1493478,4598762,230.63999938964844
1781084505.702689,4599306,228.60000610351562
1781084522.2794445,4600606,227.7100067138672
1781084527.0818763,4602467,227.7100067138672
1781084531.0413501,4604009,227.9199981689453
1781084534.9492357,4605365,229.44000244140625
1781084536.2262568,4605811,229.97000122070312
1781084538.2419517,4606533,230.74000549316406
1781084542.0263236,4608064,230.74000549316406
1781084544.2616248,4608948,230.14999389648438
1781084551.197504,4611396,229.6999969482422
1781084552.7835035,4611960,230.82000732421875
1781084556.6501977,4613836,230.32000732421875
1781084559.5623257,4614945,230.32000732421875
1781084563.225992,4616227,230.02999877929688
1781084567.1268375,4617613,228.8800048828125
1781084570.4661765,4618918,228.8800048828125
1781084574.8845632,4620611,228.22999572753906
1781084577.3671453,4621454,228.22999572753906
1781084581.4521163,4622867,225.92999267578125
1781084582.5797312,4623272,227.60000610351562
1781084585.0886352,4624611,228.67999267578125
1781084607.7572806,4626020,226.74000549316406
1781084616.85462,4629886,226.74000549316406
1781084620.2008662,4631228,227.52999877929688
1781084625.8382306,4633335,227.75999450683594
1781084627.1621525,4633819,227.91000366210938
1781084631.4769588,4635406,229.3300018310547
1781084634.1438768,4636464,229.3300018310547
1781084638.5529654,4638154,228.7100067138672
1781084641.8628395,4639282,230.16000366210938
1781084645.090258,4640411,232.1300048828125
1781084646.4279842,4640938,233.50999450683594
1781084647.505497,4641741,233.50999450683594
1781084649.0237262,4642340,231.2899932861328
1781084653.973718,4644220,232.16000366210938
1781084655.8813038,4644884,231.50999450683594
1781084660.4137046,4646537,233.0500030517578
1781084664.8866303,4648304,233.0500030517578
1781084682.412659,4650059,232.57000732421875
1781084683.6403906,4650498,234.0500030517578
1781084690.2576098,4652951,234.67999267578125
1781084691.8748398,4653581,233.8300018310547
1781084695.0512877,4654837,233.8300018310547
1781084700.9514017,4656951,233.0
1781084701.8735127,4657266,232.61000061035156
1781084707.3840315,4659425,233.91000366210938
1781084709.331307,4660190,232.63999938964844
1781084712.1907642,4661605,232.63999938964844
1781084716.9606466,4663304,233.30999755859375
1781084720.4057689,4664628,233.91000366210938
1781084723.6765716,4665771,232.9199981689453
1781084727.4125395,4667057,234.0399932861328
1781084730.9571102,4668444,234.0399932861328
1781084735.0195818,4670029,234.0500030517578
1781084737.7682245,4670997,234.08999633789062
1781084741.798289,4672424,232.8699951171875
1781084744.7093897,4673911,232.88999938964844
1781084761.1077032,4675494,232.88999938964844
1781084763.9239404,4676598,232.8000030517578
1781084768.695259,4678225,233.60000610351562
1781084772.3502612,4679543,233.5800018310547
1781084773.48177,4680345,234.5
1781084777.674714,4682012,234.5
1781084782.1291332,4683611,235.07000732421875
1781084785.251561,4684713,236.8800048828125
1781084787.6017954,4685633,239.38999938964844
1781084792.3159416,4687498,242.7899932861328
1781084797.0437837,4689167,242.7899932861328
1781084801.166677,4690604,243.82000732421875
1781084805.369833,4692256,244.7100067138672
1781084806.1492496,4692890,244.89999389648438
1781084810.1359437,4694286,247.27999877929688
1781084814.6101677,4695899,247.27999877929688
1781084817.2988822,4696945,249.9600067138672
1781084822.1607153,4698771,250.89999389648438
1781084825.4585133,4699922,251.10000610351562
1781084841.062986,4701198,251.75
1781084845.0982285,4702729,251.75
1781084849.144773,4704327,251.8300018310547
1781084853.096718,4705723,253.42999267578125
1781084855.1487505,4706483,253.67999267578125
1781084858.6866274,4707842,254.10000610351562
1781084862.6953588,4709441,254.10000610351562
1781084868.0858207,4711450,253.33999633789062
1781084871.7633612,4713090,254.74000549316406
1781084875.9608803,4714723,253.8699951171875
1781084876.7319093,4715017,255.91000366210938
1781084881.794327,4716877,255.91000366210938
1781084885.6279397,4718208,255.58999633789062
1781084888.5794623,4719332,255.89999389648438
1781084891.0749218,4720306,255.80999755859375
1781084894.4883187,4721648,254.9600067138672
1781084896.4024181,4722366,254.9600067138672
1781084901.2443001,4724410,254.1300048828125
1781084916.1472504,4725015,252.91000366210938
1781084920.9523697,4726848,252.55999755859375
1781084922.251648,4727341,251.42999267578125
1781084925.9506748,4728714,251.42999267578125
1781084929.442925,4729941,253.25
1781084934.0534823,4731945,251.77000427246094
1781084934.3219104,4732037,251.25999450683594
1781084938.9888234,4733867,251.42999267578125
1781084943.78921,4735551,251.42999267578125
1781084948.2583096,4737213,252.50999450683594
1781084952.37162,4738847,253.0500030517578
1781084955.1056082,4739872,255.72999572753906
1781084958.1527522,4740920,255.77999877929688
1781084960.388915,4741720,255.77999877929688
1781084963.6663616,4742932,254.63999938964844
1781084965.5570092,4744021,254.8800048828125
1781084967.3814363,4744729,254.35000610351562
1781084971.1043117,4746104,254.24000549316406
1781084976.209969,4747912,254.24000549316406
1781084978.37446,4748784,255.42999267578125
1781084993.6910915,4750224,255.36000061035156
1781084995.5435176,4750959,254.7100067138672
1781084997.2992947,4751997,252.8300018310547
1781085000.1562474,4753010,252.8300018310547
1781085004.942261,4754710,251.13999938964844
1781085008.36319,4756078,250.5399932861328
1781085009.9399788,4756681,250.11000061035156
1781085013.2983944,4757965,250.91000366210938
1781085016.2735074,4758989,250.91000366210938
1781085019.9837673,4760329,251.82000732421875
1781085021.5695312,4760963,250.5800018310547
1781085023.6344688,4761786,249.2899932861328
1781085026.3319752,4762861,250.11000061035156
1781085028.919874,4764145,250.11000061035156
1781085033.4374,4765733,249.49000549316406
1781085036.400999,4766860,248.97999572753906
1781085038.5558023,4767703,248.77999877929688
1781085041.7096713,4768936,250.24000549316406
1781085043.492085,4769552,250.24000549316406
1781085048.210333,4771196,247.6999969482422
1781085049.7674081,4771719,247.3300018310547
1781085052.4633932,4772739,244.7899932861328
1781085055.2739558,4773723,244.92999267578125
1781085068.7392788,4775164,244.92999267578125
1781085072.0551124,4776471,245.63999938964844
1781085075.2749474,4777775,246.66000366210938
1781085075.7508357,4777963,247.5500030517578
1781085079.0432117,4779118,247.5
1781085083.0971334,4780555,247.5
1781085086.1429868,4781737,249.92999267578125
1781085089.9243138,4783242,250.6199951171875
1781085093.2156436,4784764,250.2100067138672
1781085096.9178333,4786091,250.2899932861328
1781085100.0724185,4787295,250.2899932861328
1781085104.713034,4789157,250.14999389648438
1781085105.8614266,4789576,249.07000732421875
1781085110.9662745,4791390,249.17999267578125
1781085113.5248628,4792351,248.27000427246094
1781085118.1797614,4794222,248.27000427246094
1781085120.0374837,4794955,249.3699951171875
1781085122.2835932,4796185,248.6199951171875
1781085126.8160944,4797867,248.49000549316406
1781085127.135642,4797984,249.08999633789062
1781085129.4660263,4798825,249.08999633789062
1781085146.5106883,4800651,250.61000061035156
1781085148.4731,4801427,250.72000122070312
1781085151.5173275,4802633,250.8800048828125
1781085154.309698,4804075,250.4499969482422
1781085157.8482687,4805334,250.4499969482422
1781085162.2797022,4806974,248.35000610351562
1781085163.984921,4807652,245.67999267578125
1781085170.544427,4810177,244.02000427246094
1781085171.2623672,4810434,245.6999969482422
1781085175.4236548,4811908,245.6999969482422
1781085178.597547,4813145,245.9499969482422
1781085183.271245,4815004,244.82000732421875
1781085185.1290429,4815752,245.17999267578125
1781085188.3563175,4817315,246.47999572753906
1781085192.2666318,4818713,246.47999572753906
1781085196.346928,4820232,244.33999633789062
1781085199.9316788,4821657,242.77999877929688
1781085201.101215,4822112,243.0800018310547
1781085205.0611444,4823528,244.22999572753906
1781085208.96238,4824939,244.22999572753906
1781085221.3449688,4825649,243.02999877929688
1781085226.0623224,4827305,242.63999938964844
1781085228.8986645,4828322,242.36000061035156
1781085230.9040558,4829127,242.24000549316406
1781085235.650538,4830999,242.24000549316406
1781085238.580218,4832058,242.9499969482422
1781085243.252678,4833685,241.41000366210938
1781085245.5352817,4834560,240.3800048828125
1781085246.8895082,4835092,239.97999572753906
1781085250.2093594,4836761,239.97999572753906
1781085254.261267,4838233,238.74000549316406
1781085257.9923952,4839551,238.74000549316406
1781085258.5869792,4839774,236.7100067138672
1781085262.6941926,4841416,235.80999755859375
1781085265.8315036,4842678,235.80999755859375
1781085268.5256014,4843711,232.6999969482422
1781085272.214616,4845035,232.50999450683594
1781085276.543308,4846597,231.86000061035156
1781085279.7642827,4847858,231.8699951171875
1781085282.8742297,4849421,231.8699951171875
1781085297.268063,4850133,230.52000427246094
1781085302.7557783,4852102,227.92999267578125
1781085306.4127276,4853518,229.07000732421875
1781085308.671825,4854435,227.52000427246094
1781085311.4710493,4855534,227.52000427246094
1781085312.6303713,4856263,224.88999938964844
1781085315.6573586,4857346,222.30999755859375
1781085318.269669,4858311,220.6300048828125
1781085319.6184075,4858842,217.8300018310547
1781085322.478129,4859978,217.8300018310547
1781085327.8686755,4861992,215.94000244140625
1781085331.7872055,4863372,215.89999389648438
1781085334.6892905,4864480,216.6699981689453
1781085336.4335299,4865136,214.82000732421875
1781085341.343669,4866851,214.82000732421875
1781085344.1483269,4868191,214.4499969482422
1781085348.0553863,4869748,214.22000122070312
1781085350.8556008,4870809,214.13999938964844
1781085353.6385283,4871753,214.97000122070312
1781085357.9364579,4873240,214.97000122070312
1781085361.8067367,4874730,217.32000732421875
1781085373.815742,4875624,216.91000366210938
1781085377.0816233,4877285,217.74000549316406
1781085380.4367182,4878557,217.02999877929688
1781085384.8728492,4880100,217.02999877929688
1781085388.96056,4881594,215.77999877929688
1781085391.9792662,4882805,217.22000122070312
1781085394.0312202,4883609,217.3000030517578
1781085395.6551304,4884191,216.11000061035156
1781085400.6410766,4885913,216.11000061035156
1781085403.397513,4886916,215.64999389648438
1781085405.619287,4888166,213.6300048828125
1781085407.8743215,4889064,211.8300018310547
1781085412.3308086,4890707,211.72999572753906
1781085416.274461,4892138,211.72999572753906
1781085418.5822053,4893041,213.5500030517578
1781085421.4626744,4894164,213.17999267578125
1781085424.2492855,4895246,212.3699951171875
1781085428.017552,4896721,211.9499969482422
1781085430.1507776,4897572,211.9499969482422
1781085434.5327299,4899161,211.08999633789062
1781085436.732388,4899943,211.49000549316406
1781085453.6684332,4901291,211.61000061035156
1781085455.9926853,4902215,213.5
1781085458.9147081,4903398,213.5
1781085460.5223224,4904016,215.47000122070312
1781085467.778103,4906627,216.60000610351562
1781085468.2930963,4906823,218.1300048828125
1781085471.1853738,4908298,217.99000549316406
1781085472.6983209,4908883,217.99000549316406
1781085478.8664234,4911105,216.17999267578125
1781085480.4056811,4911660,218.94000244140625
1781085482.8570058,4912549,219.82000732421875
1781085486.2864056,4913899,219.25999450683594
1781085491.3043754,4915881,219.25999450683594
1781085496.0082214,4917710,220.1699981689453
1781085496.9136267,4918095,220.3699951171875
1781085501.351234,4920899,219.99000549316406
1781085502.215447,4921355,220.4499969482422
1781085504.9358876,4922792,220.4499969482422
1781085508.0471864,4924439,223.2899932861328
1781085522.0845675,4926150,224.39999389648438
1781085523.3018303,4926779,227.5500030517578
1781085526.295507,4928310,227.27999877929688
1781085530.1196725,4930281,227.27999877929688
1781085531.2196789,4930846,226.6199951171875
1781085534.4558628,4932936,226.99000549316406
1781085537.362167,4934388,227.14999389648438
1781085540.7082896,4936056,228.02999877929688
1781085544.0491402,4937690,228.02999877929688
1781085548.1711216,4939624,227.61000061035156
1781085549.7231653,4940440,227.88999938964844
1781085551.4115407,4941278,226.52999877929688
1781085554.2059965,4942657,227.49000549316406
1781085557.2755942,4944262,227.49000549316406
1781085560.5384398,4945906,228.17999267578125
1781085563.529165,4946953,229.33999633789062
1781085568.2582839,4949014,229.47999572753906
1781085570.5338693,4949907,231.49000549316406
1781085585.933492,4951370,231.49000549316406
1781085589.0828433,4952615,230.36000061035156
1781085592.7767854,4953891,229.77000427246094
1781085595.3843303,4955129,229.0399932861328
1781085595.7626922,4955249,229.66000366210938
1781085599.6196525,4956772,229.66000366210938
1781085601.533855,4957527,227.38999938964844
1781085604.301442,4958568,225.13999938964844
1781085606.8004668,4959439,225.02999877929688
1781085611.3563821,4961068,225.97000122070312
1781085615.0022492,4962510,225.97000122070312
1781085619.61222,4964271,228.05999755859375
1781085621.4022605,4964885,229.6999969482422
1781085625.2048564,4966247,230.57000732421875
1781085627.6640985,4967506,230.07000732421875
1781085631.8864026,4969184,230.07000732421875
1781085635.0609553,4970289,229.8000030517578
1781085639.7566125,4971913,231.02999877929688
1781085641.2734706,4972485,230.1199951171875
1781085643.4450724,4973322,230.2100067138672
1781085646.9554732,4974701,230.2100067138672
1781085663.2165346,4976223,230.9499969482422
1781085668.7157817,4978169,230.49000549316406
1781085669.5809424,4978464,231.7899932861328
1781085673.2927046,4979735,231.55999755859375
1781085676.4889808,4980950,231.55999755859375
1781085680.4851036,4982503,232.38999938964844
1781085684.2264545,4983809,232.14999389648438
1781085688.545019,4985286,233.72999572753906
1781085690.9813392,4986484,233.8000030517578
1781085696.8563418,4988564,233.8000030517578
1781085700.9177103,4990191,233.69000244140625
1781085703.679945,4991290,234.13999938964844
1781085706.9065585,4992490,234.80999755859375
1781085710.1609876,4993694,235.4199981689453
1781085712.4113903,4994481,235.4199981689453
1781085718.1033256,4996727,237.25
1781085719.763448,4997389,237.67999267578125
1781085722.059581,4998196,239.97000122070312
1781085725.6056204,4999746,239.97000122070312
1781085741.3009193,5001190,239.97000122070312
1781085743.999463,5002241,240.58999633789062
1781085747.348469,5003563,239.52000427246094
1781085751.441859,5005086,238.36000061035156
1781085753.0043592,5005947,237.9600067138672
1781085756.4691935,5007191,237.9600067138672
1781085759.4650443,5008372,237.00999450683594
1781085763.426047,5009909,239.42999267578125
1781085766.4996035,5010983,237.64999389648438
1781085769.7154534,5012107,237.47000122070312
1781085772.7271268,5013248,237.47000122070312
1781085774.868704,5014086,237.67999267578125
1781085775.2659135,5014239,239.9499969482422
1781085779.7196786,5015943,239.14999389648438
1781085783.3258288,5017211,241.64999389648438
1781085786.683521,5018784,241.64999389648438
1781085790.732203,5020339,242.9600067138672
1781085795.3083544,5021984,242.97000122070312
1781085796.705107,5022473,242.82000732421875
1781085800.9218173,5023939,244.55999755859375
1781085816.861706,5025178,244.55999755859375
1781085817.8162034,5025921,243.91000366210938
1781085823.2665813,5027976,244.38999938964844
1781085829.9009817,5030295,244.13999938964844
1781085831.3206868,5030850,244.6699981689453
1781085833.8636255,5031855,244.6699981689453
1781085837.4107456,5033203,245.2899932861328
1781085838.2587202,5033504,245.7100067138672
1781085846.646382,5036413,245.2899932861328
1781085847.8430614,5036884,247.30999755859375
1781085850.403561,5038223,247.30999755859375
1781085856.0028393,5040173,247.6300048828125
1781085859.2573955,5041270,248.13999938964844
1781085862.1372237,5042396,246.61000061035156
1781085864.9141333,5043472,247.47999572753906
1781085869.3020554,5045039,247.47999572753906
1781085871.84944,5045911,247.83999633789062
1781085876.9547822,5047764,248.33999633789062
1781085879.871162,5049294,250.10000610351562
1781085881.189319,5049804,250.33999633789062
1781085897.3879833,5050708,250.33999633789062
1781085898.8327546,5051194,248.00999450683594
1781085901.8563232,5052232,248.0
1781085907.1047091,5054205,248.25
1781085909.7733676,5055270,248.3699951171875
1781085912.7059479,5056781,248.3699951171875
1781085915.630962,5057896,247.0399932861328
1781085920.051941,5059513,246.72000122070312
1781085920.3952165,5059633,247.11000061035156
1781085924.1822236,5061072,247.07000732421875
1781085928.872706,5062960,247.07000732421875
1781085933.2621737,5064539,247.52000427246094
1781085938.0623193,5066382,246.55999755859375
1781085938.6397235,5066682,246.52999877929688
1781085941.3482673,5068109,244.92999267578125
1781085943.016289,5069470,244.92999267578125
1781085945.3138862,5070676,246.66000366210938
1781085947.240534,5071697,245.4499969482422
1781085949.4940858,5072871,246.83999633789062
1781085950.4790833,5073389,245.8000030517578
1781085951.332705,5073840,245.8000030517578
1781085953.4900656,5074984,242.80999755859375
1781085966.3064985,5076954,242.88999938964844
1781085969.3223536,5078551,243.14999389648438
1781085969.6832037,5078737,241.32000732421875
1781085973.044362,5080505,241.32000732421875
1781085975.7548015,5082434,240.67999267578125
1781085976.796995,5082979,240.5800018310547
1781085980.0466323,5084683,240.5800018310547
1781085980.9189372,5085097,238.67999267578125
1781085984.619952,5086529,238.67999267578125
1781085987.2470357,5087459,239.10000610351562
1781085991.4004726,5088942,238.55999755859375
1781085995.0774279,5090255,238.35000610351562
1781085998.4930227,5091479,238.6999969482422
1781086002.9428446,5093090,238.6999969482422
1781086005.7518604,5094436,238.52000427246094
1781086010.7677093,5096243,238.07000732421875
1781086013.4360013,5097201,239.19000244140625
1781086017.8587132,5098783,239.5
1781086020.8965805,5099900,239.5
1781086040.4660537,5100814,237.42999267578125
1781086043.333593,5101849,234.75999450683594
1781086049.3670506,5104035,233.91000366210938
1781086049.617475,5104127,232.02999877929688
1781086052.3601587,5105199,232.02999877929688
1781086056.3201818,5106581,230.5
1781086060.3186197,5107998,231.27999877929688
1781086061.9937904,5108600,230.99000549316406
1781086066.2785265,5110149,230.22000122070312
1781086070.106574,5111872,230.22000122070312
1781086072.0023391,5112560,231.97000122070312
1781086079.4949174,5115302,234.17999267578125
1781086080.0970688,5115522,235.11000061035156
1781086084.1462185,5116982,234.7899932861328
1781086086.909799,5117998,234.7899932861328
1781086091.383601,5119601,233.88999938964844
1781086094.5466273,5120743,233.85000610351562
1781086096.0868704,5121298,234.44000244140625
1781086098.6925967,5122255,234.30999755859375
1781086100.9552467,5123057,234.30999755859375
1781086102.0072994,5123742,234.07000732421875
1781086121.7602267,5125362,232.3699951171875
1781086125.1255758,5126555,232.55999755859375
1781086128.1268518,5127611,230.92999267578125
1781086132.2114305,5129062,230.92999267578125
1781086134.5684297,5130372,230.8699951171875
1781086140.0603726,5132332,231.80999755859375
1781086142.4176002,5133160,233.0399932861328
1781086144.522313,5133919,230.30999755859375
1781086147.8703861,5135236,230.30999755859375
1781086150.526994,5136286,230.27000427246094
1781086155.2342873,5137957,229.86000061035156
1781086157.7074833,5138815,229.39999389648438
1781086161.8074567,5140368,228.74000549316406
1781086164.1449,5141638,228.74000549316406
1781086168.8512301,5143355,227.41000366210938
1781086172.0208507,5144477,228.52000427246094
1781086174.511163,5145412,228.88999938964844
1781086176.698637,5146276,228.02000427246094
1781086181.1212888,5148020,228.02000427246094
1781086183.6297941,5148883,227.66000366210938
1781086201.9889607,5150796,226.8800048828125
1781086204.8385081,5151941,226.1300048828125
1781086207.8998032,5153139,225.67999267578125
1781086212.5577664,5154838,225.67999267578125
1781086216.0883553,5156090,227.77000427246094
1781086219.323552,5157213,227.6199951171875
1781086222.7935634,5158502,228.19000244140625
1781086226.3038871,5159916,228.52000427246094
1781086231.4206548,5162085,228.52000427246094
1781086234.4607944,5163154,231.11000061035156
1781086238.0559576,5164582,231.60000610351562
1781086240.1562538,5165672,230.8699951171875
1781086242.669459,5166987,232.5399932861328
1781086245.5271378,5168466,232.5399932861328
1781086248.5332127,5170039,233.94000244140625
1781086249.086074,5170321,234.44000244140625
1781086250.6099546,5171108,234.1999969482422
1781086253.8557653,5172820,233.5
1781086255.4708412,5173656,233.5
1781086266.9952888,5175558,232.13999938964844
1781086268.5577245,5176367,232.47000122070312
1781086270.8788452,5177539,231.99000549316406
1781086274.154494,5179146,232.52000427246094
1781086276.7537398,5180388,232.52000427246094
1781086278.3728812,5181124,233.60000610351562
1781086280.3735843,5182039,231.25
1781086284.6016219,5184025,231.47000122070312
1781086285.3591955,5184398,231.25999450683594
1781086286.8360004,5185134,231.25999450683594
1781086290.9391317,5187286,229.27999877929688
1781086296.081803,5189094,230.02000427246094
1781086297.4194536,5189538,230.11000061035156
1781086299.21982,5190223,229.5500030517578
1781086301.0091155,5190930,229.5500030517578
1781086302.6252763,5191558,229.7899932861328
1781086305.2573674,5192598,226.94000244140625
1781086308.1787002,5193661,226.97999572753906
1781086310.8316123,5194612,225.08999633789062
1781086315.4444733,5196299,225.08999633789062
1781086319.5037067,5197901,224.2899932861328
1781086321.5230002,5198656,224.42999267578125
1781086333.6979728,5200063,222.58999633789062
1781086335.382005,5200683,222.3000030517578
1781086339.989178,5202330,222.3000030517578
1781086344.398428,5203984,223.74000549316406
1781086345.7427442,5204522,226.50999450683594
1781086348.3591032,5205553,224.58999633789062
1781086351.20679,5206622,224.0800018310547
1781086354.732206,5208188,224.0800018310547
1781086357.8007867,5209356,225.58999633789062
1781086359.5492747,5210045,224.24000549316406
1781086363.6796875,5211683,223.86000061035156
1781086366.9753685,5212792,224.4600067138672
1781086371.5628505,5214441,224.4600067138672
1781086374.7582977,5215703,224.77000427246094
1781086375.8691614,5216136,224.7100067138672
1781086378.85739,5217310,224.27999877929688
1781086380.8201454,5218071,223.67999267578125
1781086384.3670998,5219472,223.67999267578125
1781086387.2542892,5221001,225.0
1781086390.9157097,5222310,225.08999633789062
1781086395.27189,5223862,225.97000122070312
1781086397.3607042,5224670,228.97999572753906
1781086413.5586302,5226150,228.97999572753906
1781086415.8579524,5227055,229.72000122070312
1781086417.7182267,5228099,227.2100067138672
1781086423.4933171,5230097,225.82000732421875
1781086426.7230136,5231312,226.41000366210938
1781086430.5273364,5232814,226.41000366210938
1781086433.0634873,5233771,225.80999755859375
1781086438.5236485,5235748,223.41000366210938
1781086439.2397342,5236036,223.52999877929688
1781086443.0289814,5237411,224.94000244140625
1781086447.4831045,5238975,224.94000244140625
1781086450.0549018,5240340,223.02999877929688
1781086452.1417475,5241157,221.3300018310547
1781086454.6723309,5242143,218.69000244140625
1781086458.8121562,5243637,218.8000030517578
1781086461.6752183,5244676,218.8000030517578
1781086465.437771,5246129,219.35000610351562
1781086470.30298,5247962,218.4499969482422
1781086473.687045,5249181,217.05999755859375
1781086475.9540436,5249955,216.52000427246094
1781086492.063989,5251570,216.52000427246094
1781086497.0730069,5253546,218.24000549316406
1781086499.5863938,5254434,220.22999572753906
1781086504.0083838,5255999,219.92999267578125
1781086506.438379,5256884,221.14999389648438
1781086509.9495306,5258280,221.14999389648438
1781086513.840173,5260147,222.97999572753906
1781086516.8831632,5261234,223.6699981689453
1781086518.8034167,5261913,225.66000366210938
1781086522.5440478,5263359,226.35000610351562
1781086526.2124832,5264814,226.35000610351562
1781086531.0684834,5266531,225.9600067138672
1781086531.961407,5266831,226.1199951171875
1781086538.9262946,5269472,225.47000122070312
1781086539.6334426,5269742,225.9199981689453
1781086543.553144,5271234,225.9199981689453
1781086547.1898575,5272875,225.66000366210938
1781086548.8794813,5273470,226.22999572753906
1781086552.039229,5274705,225.6699981689453
1781086570.1750329,5276490,226.44000244140625
1781086574.5790474,5278395,226.44000244140625
1781086578.4906924,5279819,226.92999267578125
1781086580.9811125,5280786,227.50999450683594
1781086583.0055952,5281515,227.30999755859375
1781086586.313401,5282741,227.07000732421875
1781086589.808682,5284115,227.07000732421875
1781086592.4403067,5285141,228.58999633789062
1781086595.2878,5286115,229.1699981689453
1781086599.479627,5287599,228.30999755859375
1781086600.916997,5288151,230.14999389648438
1781086604.0220697,5289766,230.14999389648438
1781086606.105051,5290856,231.05999755859375
1781086607.0269597,5291820,232.47000122070312
1781086609.370683,5293053,231.74000549316406
1781086612.296712,5294602,233.2100067138672
1781086615.125714,5296078,233.2100067138672
1781086617.9468572,5297541,234.47000122070312
1781086620.5679607,5298901,231.58999633789062
1781086622.2796836,5299805,232.32000732421875
1781086633.1535378,5300499,233.1999969482422
1781086636.2078044,5302079,233.1999969482422
1781086638.4322577,5303734,232.4600067138672
1781086640.6736403,5304881,232.57000732421875
1781086642.109286,5305597,232.97999572753906
1781086644.0794334,5306548,232.97999572753906
1781086646.7472115,5307842,232.97999572753906
1781086649.5677974,5309241,230.55999755859375
1781086650.838707,5309870,232.10000610351562
1781086653.4665077,5311160,231.3800048828125
1781086656.0510223,5312404,230.13999938964844
1781086658.7292585,5313662,230.13999938964844
1781086662.329651,5315438,227.69000244140625
1781086662.9553938,5315762,227.8699951171875
1781086665.3358254,5316984,230.16000366210938
1781086667.461775,5318072,227.88999938964844
1781086669.9833431,5319784,227.88999938964844
1781086674.1058056,5321427,228.44000244140625
1781086677.8434083,5322756,228.1999969482422
1781086678.4344442,5322954,230.72999572753906
1781086683.0900848,5324570,231.13999938964844
1781086699.1449232,5325966,231.13999938964844
1781086703.90946,5327978,233.8800048828125
1781086706.6766648,5328970,232.61000061035156
1781086712.1649039,5330889,232.25999450683594
1781086714.7210705,5331803,231.77000427246094
1781086717.7912042,5332888,231.77000427246094
1781086724.3388302,5335227,230.17999267578125
1781086727.2216475,5336234,232.97999572753906
1781086731.659888,5337773,232.8000030517578
1781086733.7234247,5338805,230.88999938964844
1781086737.7692316,5340247,230.88999938964844
1781086741.943125,5341738,232.7899932861328
1781086743.4399645,5342254,232.52999877929688
1781086746.429333,5343332,230.0800018310547
1781086750.2453895,5344671,229.61000061035156
1781086755.3290799,5346468,229.61000061035156
1781086760.7087634,5348374,230.99000549316406
1781086763.081792,5349206,233.6199951171875
1781086782.0354092,5350679,235.5500030517578
1781086785.1067746,5351742,235.77000427246094
1781086789.378022,5353235,235.77000427246094
1781086792.158735,5354209,235.75
1781086795.137682,5355272,237.3000030517578
1781086800.9935985,5357689,239.00999450683594
1781086801.5464113,5357891,238.75999450683594
1781086804.9689512,5359107,238.75999450683594
1781086810.4499373,5361077,239.55999755859375
1781086814.7815826,5362607,239.27000427246094
1781086817.6079943,5363604,242.14999389648438
1781086819.845862,5364377,242.7100067138672
1781086824.1468072,5365898,242.7100067138672
1781086827.8803604,5367517,242.7100067138672
1781086831.9743779,5368932,244.77999877929688
1781086833.318843,5369409,244.49000549316406
1781086836.8627648,5370656,244.19000244140625
1781086839.5501723,5371615,244.19000244140625
1781086843.3953388,5372956,243.55999755859375
1781086864.3459463,5375003,243.0800018310547
1781086865.9184294,5375556,242.69000244140625
1781086869.0678186,5376667,244.80999755859375
1781086873.4327207,5378195,244.80999755859375
1781086879.3006217,5380261,243.83999633789062
1781086882.3513033,5381320,245.4499969482422
1781086884.2020638,5381954,242.2899932861328
1781086887.8451447,5383261,240.4499969482422
1781086891.4700727,5384862,240.4499969482422
1781086893.630754,5385621,241.4499969482422
1781086900.451778,5388063,244.00999450683594
1781086902.416592,5388760,245.5500030517578
1781086905.0574698,5389690,245.1699981689453
1781086908.9907851,5391068,245.1699981689453
1781086912.0127842,5392120,245.35000610351562
1781086914.1137774,5392848,247.30999755859375
1781086917.7577686,5394170,245.00999450683594
1781086919.9914496,5394982,244.80999755859375
1781086922.0470572,5396036,244.80999755859375
1781086926.3077447,5397538,244.92999267578125
1781086928.4015992,5398285,246.8000030517578
1781086950.8450274,5400059,248.97000122070312
1781086953.822051,5401127,246.63999938964844
1781086955.579908,5402094,246.63999938964844
1781086958.3127055,5403077,244.14999389648438
1781086961.4671426,5404198,242.55999755859375
1781086962.5646648,5404591,244.0399932861328
1781086965.7409992,5405742,244.4199981689453
1781086969.8825119,5407225,244.4199981689453
1781086972.6446075,5408234,242.97000122070312
1781086978.5415814,5410343,241.52999877929688
1781086978.9614,5410496,242.80999755859375
1781086982.7798257,5411859,241.69000244140625
1781086985.982295,5413327,241.69000244140625
1781086989.6604657,5414684,241.10000610351562
1781086991.5884128,5415366,240.77999877929688
1781086995.9475696,5416943,240.00999450683594
1781086998.5162878,5417872,237.8699951171875
1781087002.5265381,5419303,237.8699951171875
1781087005.4927258,5420377,237.61000061035156
1781087011.270738,5422475,235.9600067138672
1781087016.645363,5424398,236.75
1781087017.026837,5424538,236.72999572753906
1781087035.4036596,5425669,236.72999572753906
1781087040.747547,5427586,235.4600067138672
1781087042.2735188,5428137,235.42999267578125
1781087047.0203395,5429834,236.52999877929688
1781087049.7217767,5431125,236.6699981689453
1781087054.4184453,5432821,236.6699981689453
1781087058.2721217,5434200,236.24000549316406
1781087060.3153546,5434922,236.8800048828125
1781087062.6209881,5435740,235.25
1781087065.04427,5436607,234.42999267578125
1781087068.5627048,5437843,234.42999267578125
1781087072.2811458,5439138,233.8699951171875
1781087075.9042842,5440409,233.25999450683594
1781087078.569624,5441358,233.52000427246094
1781087082.0641005,5442942,233.66000366210938
1781087086.274059,5444436,233.66000366210938
1781087090.1237376,5445791,233.0399932861328
1781087091.9492574,5446434,232.19000244140625
1781087096.808447,5448159,230.85000610351562
1781087097.197463,5448296,229.8800048828125
1781087101.3766155,5449782,229.8800048828125
1781087120.893676,5451014,229.52999877929688
1781087123.8850348,5452065,231.4600067138672
1781087127.548368,5453342,230.5399932861328
1781087131.332508,5454661,228.6300048828125
1781087135.5161812,5456148,228.6300048828125
1781087138.6132555,5457237,227.64999389648438
1781087141.608479,5458295,226.4199981689453
1781087148.3000338,5460986,226.8699951171875
1781087148.5797558,5461078,227.1699981689453
1781087155.2142851,5463424,227.1699981689453
1781087159.149022,5464821,228.80999755859375
1781087161.7348928,5465741,227.27999877929688
1781087165.4521015,5467047,227.7100067138672
1781087169.2547379,5468387,228.6999969482422
1781087174.5601876,5470251,228.6999969482422
1781087177.0153518,5471419,231.10000610351562
1781087180.3244083,5472728,228.5500030517578
1781087184.6482813,5474272,228.0
1781087200.7384148,5475439,229.0399932861328
1781087206.3587337,5477427,229.0399932861328
1781087207.726051,5478299,228.24000549316406
1781087213.0507662,5480132,226.39999389648438
1781087219.7930999,5482265,226.60000610351562
1781087220.051816,5482357,227.3699951171875
1781087223.6733656,5483678,227.3699951171875
1781087225.9744282,5484660,226.27999877929688
1781087229.1028752,5486164,227.0500030517578
1781087234.5166836,5488734,227.75999450683594
1781087235.6642575,5489273,228.38999938964844
1781087238.032254,5490773,228.38999938964844
1781087240.6478055,5492009,228.25
1781087242.5696013,5492898,225.97000122070312
1781087246.0777,5494581,224.5800018310547
1781087248.0803778,5495409,225.6699981689453
1781087251.0678575,5496711,225.6699981689453
1781087253.3245504,5497866,225.1199951171875
1781087255.6259706,5498979,224.5800018310547
1781087256.6031141,5499328,226.30999755859375
1781087272.4450188,5500448,226.07000732421875
1781087276.3025267,5501906,226.07000732421875
1781087278.8774137,5502922,224.92999267578125
1781087284.512718,5504892,224.94000244140625
1781087285.743051,5505321,223.24000549316406
1781087289.7287526,5506773,224.8699951171875
1781087293.4050405,5508208,224.8699951171875
1781087296.8558745,5509518,225.77000427246094
1781087301.5747604,5511175,225.0500030517578
1781087304.9289918,5512745,224.0500030517578
1781087305.5077486,5512970,223.11000061035156
1781087309.3356628,5514502,223.11000061035156
1781087313.1920962,5515935,222.1300048828125
1781087316.6484718,5517145,222.11000061035156
1781087319.289425,5518129,221.10000610351562
1781087323.5111806,5519809,221.8000030517578
1781087328.5503218,5521707,221.8000030517578
1781087330.8021066,5522478,222.6300048828125
1781087334.8530712,5524301,220.35000610351562
1781087352.1241336,5525125,219.4499969482422
1781087355.224202,5526321,217.99000549316406
1781087360.1534133,5528065,217.99000549316406
1781087364.460159,5529689,218.6300048828125
1781087369.3414528,5531973,219.0500030517578
1781087375.5289977,5534111,220.3800048828125
1781087377.8561993,5535030,220.6999969482422
1781087382.0472069,5536486,220.6999969482422
1781087385.117936,5537549,221.47999572753906
1781087391.4556713,5539960,220.55999755859375
1781087393.663388,5540813,223.3000030517578
1781087396.2370245,5542051,223.7100067138672
1781087400.1409812,5543390,223.7100067138672
1781087404.4385657,5545054,222.88999938964844
1781087406.7308788,5545955,221.30999755859375
1781087409.7547603,5547077,218.7899932861328
1781087411.7927215,5547800,218.25
1781087415.95411,5549212,218.25
1781087430.6587293,5550484,217.5500030517578
1781087434.898923,5552151,218.22999572753906
1781087436.3938644,5552727,220.60000610351562
1781087439.8602023,5553976,220.8699951171875
1781087443.912765,5555373,220.8699951171875
1781087447.5435653,5556741,222.32000732421875
1781087450.54695,5557916,221.16000366210938
1781087452.2863388,5558576,221.16000366210938
1781087455.918521,5559861,221.35000610351562
1781087460.7657075,5561927,221.35000610351562
1781087463.658952,5562979,224.6999969482422
1781087466.0109956,5563887,225.00999450683594
1781087470.8686492,5565693,225.89999389648438
1781087474.7069447,5567004,225.97999572753906
1781087479.2309332,5568678,225.97999572753906
1781087482.0642886,5569804,227.11000061035156
1781087486.5160935,5571458,229.36000061035156
1781087489.063625,5572343,228.6699981689453
1781087490.9085057,5573289,229.61000061035156
1781087494.7742012,5574799,229.61000061035156
1781087515.8181632,5576788,229.41000366210938
1781087517.8998175,5577474,229.36000061035156
1781087521.5957248,5578768,230.02999877929688
1781087524.1418803,5580340,232.1999969482422
1781087526.7652786,5581689,232.1999969482422
1781087529.9765158,5583370,233.72000122070312
1781087532.2386951,5584537,233.16000366210938
1781087533.6419888,5585265,232.8699951171875
1781087535.8712885,5586431,230.88999938964844
1781087538.7051513,5587923,230.88999938964844
1781087541.3374119,5589311,232.86000061035156
1781087544.652664,5591049,233.17999267578125
1781087548.577526,5593086,231.8699951171875
1781087549.4432838,5593541,231.7100067138672
1781087552.0774174,5594875,231.7100067138672
1781087554.115014,5595923,232.13999938964844
1781087556.3942995,5597557,232.00999450683594
1781087557.8472502,5598282,234.3300018310547
1781087560.425125,5599588,236.47000122070312
1781087574.823853,5600856,236.47000122070312
1781087578.3914378,5602113,234.9600067138672
1781087583.4181683,5603887,235.80999755859375
1781087587.2636366,5605548,236.35000610351562
1781087587.6459706,5605684,236.8000030517578
1781087592.4748423,5607388,236.8000030517578
1781087596.6006722,5608830,237.13999938964844
1781087599.0547047,5609700,237.7100067138672
1781087599.5958638,5609914,238.97999572753906
1781087603.0932276,5611144,237.11000061035156
1781087607.4755752,5612666,237.11000061035156
1781087611.2037973,5613948,237.3000030517578
1781087617.6596432,5616228,236.1300048828125
1781087621.054087,5617740,236.82000732421875
1781087621.3956172,5617857,237.8000030517578
1781087624.3810897,5618904,237.8000030517578
1781087629.1013417,5620582,237.67999267578125
1781087631.4846725,5621425,237.55999755859375
1781087637.0719044,5623388,236.50999450683594
1781087637.6741467,5623600,234.85000610351562
1781087640.7511966,5624692,234.85000610351562
1781087659.038215,5625447,234.32000732421875
1781087660.054458,5625796,234.3800048828125
1781087664.2281435,5627257,235.86000061035156
1781087667.7928255,5628509,236.0399932861328
1781087668.1207738,5628629,236.0399932861328
1781087670.395022,5629417,232.80999755859375
1781087674.514198,5630854,234.27000427246094
1781087678.4937513,5632246,234.4199981689453
1781087680.3995748,5633251,235.8699951171875
1781087684.7477176,5634801,235.8699951171875
1781087688.4107733,5636115,236.00999450683594
1781087691.152713,5637079,238.4199981689453
1781087693.291931,5637825,236.0500030517578
1781087697.4670973,5639305,235.19000244140625
1781087701.6674197,5640811,235.19000244140625
1781087705.7812812,5642263,235.0500030517578
1781087711.4278061,5644293,233.99000549316406
1781087712.9208784,5645122,233.77000427246094
1781087716.12879,5646278,233.17999267578125
1781087720.0265577,5647635,233.17999267578125
1781087724.308005,5649152,233.22000122070312
1781087746.3556287,5651184,234.9600067138672
1781087749.060649,5652153,236.32000732421875
1781087752.8032968,5653469,236.82000732421875
1781087756.659644,5654850,236.82000732421875
1781087762.1617064,5656856,235.8300018310547
1781087764.384037,5657646,236.55999755859375
1781087768.220235,5659003,237.0800018310547
1781087771.8451061,5660284,237.6199951171875
1781087776.4732006,5662234,237.6199951171875
1781087782.0929368,5664211,238.6999969482422
1781087785.9109433,5665549,238.44000244140625
1781087787.713279,5666186,240.22000122070312
1781087791.9318993,5667689,240.7100067138672
1781087795.8132017,5669147,240.7100067138672
1781087798.4127061,5670066,240.85000610351562
1781087801.3502576,5671104,239.32000732421875
1781087805.409583,5672535,238.1999969482422
1781087806.9851131,5673407,238.25
1781087810.863278,5674779,238.25
1781087829.4686701,5676635,239.82000732421875
1781087831.311638,5677281,239.74000549316406
1781087834.989798,5678576,240.08999633789062
1781087838.6215482,5679864,239.74000549316406
1781087842.2148008,5681453,239.74000549316406
1781087843.8655422,5682031,239.82000732421875
1781087846.721976,5683057,239.69000244140625
1781087851.3439283,5684676,241.35000610351562
1781087852.3845665,5685037,243.1199951171875
1781087857.5341477,5686843,243.1199951171875
1781087862.1495726,5688457,241.97000122070312
1781087866.0378127,5689814,241.5800018310547
1781087867.7885654,5690416,241.6199951171875
1781087872.2072895,5692277,242.02000427246094
1781087877.2312107,5694066,242.02000427246094
1781087882.003045,5695738,241.14999389648438
1781087885.473721,5696962,240.75999450683594
1781087886.324858,5697259,239.44000244140625
1781087890.2118478,5698653,238.39999389648438
1781087893.2028039,5699700,238.39999389648438
1781087910.887273,5701633,239.4600067138672
1781087914.5705085,5702926,240.19000244140625
1781087915.5695264,5703280,241.0500030517578
1781087918.5882297,5704358,241.92999267578125
1781087922.2346356,5705667,241.92999267578125
1781087925.1950123,5706743,242.86000061035156
1781087927.2159662,5707450,240.5
1781087931.3513129,5708938,240.08999633789062
1781087935.046386,5710590,242.27999877929688
1781087939.396197,5712178,242.27999877929688
1781087943.8315847,5713767,242.1199951171875
1781087947.890887,5715226,244.22000122070312
1781087951.4281328,5716466,244.5399932861328
1781087953.4518478,5717185,244.72000122070312
1781087957.619269,5718661,244.72000122070312
1781087960.8800857,5719849,242.5399932861328
1781087963.3179638,5720699,245.39999389648438
1781087968.2953057,5722789,244.61000061035156
1781087969.937868,5723376,244.8000030517578
1781087972.9709663,5724471,244.8000030517578
1781087991.5899458,5725732,243.1300048828125
1781087992.8990698,5726193,242.63999938964844
1781087995.8258674,5727222,241.47999572753906
1781087998.1812024,5728392,240.85000610351562
1781088000.840989,5729370,240.85000610351562
1781088006.8002934,5731478,242.13999938964844
1781088012.0938497,5733369,242.97000122070312
1781088014.786867,5734332,241.47000122070312
1781088017.051999,5735130,239.42999267578125
1781088020.7990263,5736457,239.42999267578125
1781088024.9349277,5737921,236.58999633789062
1781088028.1582448,5739414,238.00999450683594
1781088030.7455735,5740329,236.99000549316406
1781088034.2616742,5741561,237.38999938964844
1781088038.079784,5742901,237.38999938964844
1781088041.0637832,5743959,237.42999267578125
1781088043.9167948,5744959,234.5800018310547
1781088047.5028822,5746252,233.42999267578125
1781088049.9012516,5747094,231.6300048828125
1781088054.435038,5748723,231.6300048828125
1781088057.527857,5749809,231.75999450683594
1781088076.5606272,5752148,232.6300048828125
1781088078.2844462,5753053,233.22999572753906
1781088079.6386716,5753759,233.8000030517578
1781088082.7580144,5755398,233.8000030517578
1781088085.6912944,5756928,235.0
1781088087.6034367,5757905,234.13999938964844
1781088091.00548,5759672,233.58999633789062
1781088091.8969631,5760604,233.52000427246094
1781088095.2403677,5762343,233.52000427246094
1781088098.6432176,5764115,232.8800048828125
1781088101.0614884,5765368,233.41000366210938
1781088103.4696202,5766613,233.36000061035156
1781088104.1802216,5766966,233.08999633789062
1781088106.6932023,5768262,233.08999633789062
1781088111.069085,5770430,232.25
1781088113.1013708,5771338,233.69000244140625
1781088115.6172438,5772516,234.02999877929688
1781088119.8576527,5774149,234.05999755859375
1781088134.6164157,5775344,234.05999755859375
1781088139.8828058,5777141,234.0500030517578
1781088143.41283,5778347,234.8000030517578
1781088145.1894293,5778965,235.8300018310547
1781088149.563302,5780507,238.4199981689453
1781088153.6787694,5781986,238.4199981689453
1781088156.86972,5783429,238.91000366210938
1781088159.6088376,5784417,238.91000366210938
1781088162.609876,5785489,238.14999389648438
1781088166.5125709,5786866,238.02000427246094
1781088172.4462645,5788976,238.02000427246094
1781088177.0415354,5790599,240.25
1781088181.6584334,5792241,240.19000244140625
1781088183.5602467,5792897,239.47999572753906
1781088185.861831,5794048,238.97000122070312
1781088189.9909847,5795515,238.97000122070312
1781088192.2820404,5796339,238.6300048828125
1781088199.2381263,5798776,236.99000549316406
1781088217.8696105,5800054,239.4499969482422
1781088218.2789521,5800514,240.36000061035156
1781088222.7343862,5802088,240.36000061035156
1781088226.8426864,5803557,240.61000061035156
1781088230.7681165,5804939,241.36000061035156
1781088235.6259763,5806645,240.8800048828125
1781088237.052686,5807132,240.0399932861328
1781088241.6086626,5808717,240.0399932861328
1781088246.8003156,5810613,240.55999755859375
1781088251.1047497,5812376,240.30999755859375
1781088253.7999964,5813211,240.22000122070312
1781088256.0949347,5813999,240.74000549316406
1781088259.027995,5815056,240.74000549316406
1781088263.545315,5816643,239.75999450683594
1781088265.718959,5817322,239.57000732421875
1781088270.0051157,5818817,237.13999938964844
1781088273.6240087,5820045,237.5399932861328
1781088278.386241,5821700,237.5399932861328
1781088280.5832086,5822768,236.00999450683594
1781088283.902265,5823920,233.8000030517578
1781088303.5496118,5825789,231.92999267578125
1781088305.6434605,5826519,232.07000732421875
1781088309.0211778,5827713,232.07000732421875
1781088311.1263468,5828519,229.72000122070312
1781088316.1321344,5830799,229.52000427246094
1781088317.1674464,5831158,231.5800018310547
1781088321.5061593,5832659,232.3699951171875
1781088325.4921956,5834108,232.3699951171875
1781088328.6775966,5835378,231.7100067138672
1781088333.1310997,5837000,231.02999877929688
1781088335.3425527,5837759,230.8699951171875
1781088337.3182058,5838460,230.08999633789062
1781088340.3692427,5839605,230.08999633789062
1781088344.182252,5841115,227.8300018310547
1781088346.7927563,5842410,228.72999572753906
1781088350.379636,5843667,228.75999450683594
1781088353.775515,5844919,228.39999389648438
1781088355.9380765,5845753,228.39999389648438
1781088360.4131362,5847491,226.72999572753906
1781088362.7603023,5848302,226.24000549316406
1781088367.392956,5849940,224.0500030517578
1781088385.6965334,5851242,223.8699951171875
1781088388.6270046,5852774,223.8699951171875
1781088391.2971106,5854160,223.00999450683594
1781088394.5795662,5855841,222.72999572753906
1781088395.3499107,5856228,223.64999389648438
1781088397.5346994,5857355,224.8000030517578
1781088400.9117715,5859093,224.8000030517578
1781088402.0266013,5859658,224.75
1781088405.6930292,5861537,223.69000244140625
1781088406.9550946,5862640,224.61000061035156
1781088408.5041316,5863419,223.8800048828125
1781088410.0906844,5864234,223.8800048828125
1781088413.420205,5865967,221.9499969482422
1781088414.4133844,5866473,222.6199951171875
1781088415.4896197,5867019,219.83999633789062
1781088418.2271423,5868417,219.05999755859375
1781088419.9013903,5869279,219.05999755859375
1781088422.461399,5870591,216.92999267578125
1781088423.965729,5871363,215.35000610351562
1781088426.9069161,5872872,213.86000061035156
1781088429.8342786,5874299,215.0
1781088441.4747918,5875211,215.0
1781088445.5019467,5876614,214.17999267578125
1781088449.8135457,5878223,213.0
1781088451.726747,5878983,212.3800048828125
1781088454.7175877,5880160,212.6300048828125
1781088459.3862689,5881832,212.6300048828125
1781088464.1668713,5883495,214.52000427246094
1781088469.7154675,5885529,214.85000610351562
1781088470.3564427,5885772,217.00999450683594
1781088471.8404222,5886749,217.63999938964844
1781088476.4898524,5888488,217.63999938964844
1781088479.4142199,5889536,217.1999969482422
1781088483.2377367,5890925,216.1699981689453
1781088485.7525287,5891937,217.83999633789062
1781088489.069125,5893264,219.1699981689453
1781088491.721971,5894224,219.1699981689453
1781088497.4866152,5896322,218.99000549316406
1781088499.695428,5897193,219.75
1781088500.2443998,5897401,219.1199951171875
1781088504.3679032,5899354,221.42999267578125
1781088523.1485274,5900434,221.42999267578125
1781088527.6176007,5902097,219.60000610351562
1781088528.338115,5902372,222.0399932861328
1781088533.8559256,5904810,224.42999267578125
1781088537.0250747,5905931,226.1199951171875
1781088540.1172712,5907022,226.1199951171875
1781088545.0109005,5908934,226.17999267578125
1781088546.4948974,5909504,225.22000122070312
1781088551.0548975,5911164,222.89999389648438
1781088553.346545,5911943,222.52000427246094
1781088557.5626192,5913537,222.52000427246094
1781088561.2368429,5914974,223.4499969482422
1781088564.7009444,5916267,224.67999267578125
1781088565.5410895,5916867,225.11000061035156
1781088568.5889597,5917916,224.30999755859375
1781088572.7940881,5919514,224.30999755859375
1781088576.7947457,5921086,225.44000244140625
1781088582.094643,5922980,224.3000030517578
1781088584.0389433,5923655,225.80999755859375
1781088600.5533855,5925031,228.24000549316406
1781088604.7245862,5926667,228.24000549316406
1781088609.2407653,5928294,228.6199951171875
1781088610.546105,5928765,227.27999877929688
1781088614.2289758,5930185,224.7100067138672
1781088615.522593,5930656,224.94000244140625
1781088618.914935,5931882,224.94000244140625
1781088623.8077712,5933763,224.30999755859375
1781088627.2412775,5935095,225.4600067138672
1781088629.873419,5936458,223.72999572753906
1781088631.2338543,5936995,222.67999267578125
1781088635.1519024,5938516,222.67999267578125
1781088639.6899345,5940122,223.25999450683594
1781088642.2006142,5941021,224.6999969482422
1781088646.219877,5942599,225.22000122070312
1781088650.2075517,5944213,225.17999267578125
1781088655.5186992,5946097,225.17999267578125
1781088659.93631,5947737,225.91000366210938
1781088663.7250028,5949605,225.1199951171875
1781088682.0066695,5950966,227.30999755859375
1781088684.6918504,5951899,226.2100067138672
1781088689.8139815,5953749,226.2100067138672
1781088692.1099625,5955003,227.1699981689453
1781088697.2619054,5956956,226.64999389648438
1781088698.7492614,5957466,226.4600067138672
1781088700.5767035,5958113,224.13999938964844
1781088705.1350782,5959756,224.13999938964844
1781088709.0558326,5961290,224.50999450683594
1781088711.5071964,5962240,223.7100067138672
1781088716.8348894,5964126,223.07000732421875
1781088718.3636572,5964660,224.00999450683594
1781088722.7826147,5966378,224.00999450683594
1781088725.3502603,5967768,224.8300018310547
1781088729.1959965,5969117,225.44000244140625
1781088732.134514,5970143,224.83999633789062
1781088735.618231,5971432,223.4600067138672
1781088739.1769106,5972795,223.4600067138672
1781088742.936559,5974134,225.57000732421875
1781088762.6409514,5975841,226.19000244140625
1781088764.4939275,5976557,227.7100067138672
1781088766.9037502,5977507,226.19000244140625
1781088771.1866624,5979119,226.19000244140625
1781088775.418603,5980642,227.1300048828125
1781088781.1426156,5982817,229.72000122070312
1781088781.7737126,5983066,232.02000427246094
1781088786.3031328,5984820,231.7100067138672
1781088789.8306851,5986421,231.7100067138672
1781088792.1323142,5987249,233.9199981689453
1781088794.780695,5988310,235.30999755859375
1781088798.3429074,5989709,234.0399932861328
1781088800.0741642,5990401,234.08999633789062
1781088805.0586452,5992228,234.08999633789062
1781088809.1663084,5993734,234.5
1781088812.7239747,5995142,235.08999633789062
1781088814.8638809,5995994,235.38999938964844
1781088817.6562407,5997065,235.6999969482422
1781088820.2504926,5998318,235.6999969482422
1781088823.707316,5999566,236.55999755859375
1781088842.359805,6001416,237.10000610351562
1781088843.9878495,6002018,236.97999572753906
1781088848.247477,6003541,237.8000030517578
1781088850.7449076,6004822,237.8000030517578
1781088855.5584564,6006752,238.3300018310547
1781088857.8028872,6007597,239.97999572753906
1781088863.6395583,6009710,241.13999938964844
1781088864.7957633,6010111,240.4600067138672
1781088868.5407324,6011586,240.4600067138672
1781088872.4911036,6013156,241.8699951171875
1781088874.199205,6013729,242.0500030517578
1781088877.521445,6014908,241.9499969482422
1781088882.0353587,6016929,243.30999755859375
1781088886.0602295,6018542,243.30999755859375
1781088889.8970578,6019931,242.75
1781088893.4543078,6021139,244.35000610351562
1781088896.240073,6022145,242.5
1781088897.312767,6022556,242.75999450683594
1781088899.1442761,6023250,242.75999450683594
1781088903.0938807,6024708,243.3300018310547
1781088921.7112038,6026785,244.6699981689453
1781088925.0943844,6027997,246.7100067138672
1781088926.0871348,6028401,246.13999938964844
1781088929.5962896,6030055,246.13999938964844
1781088933.0290217,6031607,248.36000061035156
1781088936.0301604,6032968,247.92999267578125
1781088937.1533067,6033480,249.0399932861328
1781088939.6633077,6034691,247.99000549316406
1781088942.9899738,6036347,247.99000549316406
1781088944.0606596,6037325,248.63999938964844
1781088946.6437998,6038620,249.17999267578125
1781088949.9064906,6040226,249.4600067138672
1781088952.0233128,6041198,249.0
1781088955.5796611,6042917,249.0
1781088958.3770573,6044323,248.69000244140625
1781088960.0685918,6045138,246.80999755859375
1781088962.9887452,6046557,246.80999755859375
1781088966.8359134,6048492,247.1300048828125
1781088984.6712663,6050273,247.1300048828125
1781088988.7655573,6051626,246.77999877929688
1781088994.0456202,6053530,247.13999938964844
1781088996.2338839,6054467,245.7100067138672
1781088998.0138922,6055414,245.80999755859375
1781089002.1587415,6057611,245.80999755859375
1781089004.3738666,6058749,248.64999389648438
1781089007.597495,6060450,248.00999450683594
1781089008.675374,6061501,248.16000366210938
1781089009.585403,6061982,244.8300018310547
1781089012.1484478,6063351,244.8300018310547
1781089014.1337175,6064407,245.19000244140625
1781089016.7915335,6065806,243.57000732421875
1781089018.6492312,6066797,241.91000366210938
1781089021.5723352,6068346,241.3300018310547
1781089022.7923698,6068935,241.3300018310547
1781089027.6949785,6071311,239.99000549316406
1781089030.4508324,6072650,239.74000549316406
1781089032.6692379,6073733,240.4199981689453
1781089032.9785087,6073874,239.5800018310547
1781089038.9007285,6075530,239.5800018310547
1781089040.6169362,6076386,238.7899932861328
1781089043.7353854,6077940,236.2899932861328
1781089045.8787446,6078915,236.44000244140625
1781089048.752389,6080385,236.67999267578125
1781089051.304186,6081610,236.67999267578125
1781089054.1859374,6082882,236.50999450683594
1781089059.715581,6084935,236.80999755859375
1781089060.7703717,6085369,236.52000427246094
1781089062.6755123,6086260,234.10000610351562
1781089064.6611028,6087120,234.10000610351562
1781089067.8287323,6088630,233.69000244140625
1781089069.7269692,6089558,233.22000122070312
1781089073.1256158,6091408,234.5
1781089074.336662,6091821,235.74000549316406
1781089077.5189297,6093337,235.74000549316406
1781089082.2601576,6095068,237.6699981689453
1781089084.5455856,6096116,237.39999389648438
1781089087.3142223,6097469,238.44000244140625
1781089088.9056454,6098277,238.5500030517578
1781089091.9109783,6099870,238.5500030517578
1781089107.25463,6101296,238.7899932861328
1781089109.090918,6101968,237.36000061035156
1781089112.6307008,6103202,236.24000549316406
1781089116.6454651,6104658,235.63999938964844
1781089120.3530157,6106123,235.63999938964844
1781089124.3827055,6107690,234.74000549316406
1781089127.510275,6108797,235.80999755859375
1781089129.9093516,6109633,235.32000732421875
1781089133.5733027,6111293,236.1300048828125
1781089135.2857795,6111969,236.1300048828125
1781089138.883831,6113454,233.82000732421875
1781089141.6078174,6114862,233.52000427246094
1781089145.8545578,6117050,233.05999755859375
1781089146.2653253,6117255,235.24000549316406
1781089149.1334298,6118736,235.24000549316406
1781089151.4267392,6119934,234.91000366210938
1781089152.9209073,6120674,235.52999877929688
1781089155.6930685,6122025,236.6699981689453
1781089158.2591364,6123183,235.61000061035156
1781089161.513354,6124776,235.61000061035156
1781089169.290612,6125590,235.08999633789062
1781089175.10069,6127774,234.5399932861328
1781089177.7373018,6128805,235.02999877929688
1781089179.8860414,6129613,236.24000549316406
1781089185.072991,6131450,236.24000549316406
1781089188.0702102,6132578,236.94000244140625
1781089194.9405947,6134940,235.91000366210938
1781089195.9776306,6135338,235.77999877929688
1781089197.8791611,6136442,234.63999938964844
1781089201.6257272,6137893,234.63999938964844
1781089205.4021046,6139167,233.63999938964844
1781089206.9914474,6139715,232.58999633789062
1781089210.7476807,6141035,230.67999267578125
1781089212.8285081,6141842,230.00999450683594
1781089217.1896234,6143548,230.00999450683594
1781089221.532666,6145036,229.0399932861328
1781089224.0347323,6145907,228.77000427246094
1781089227.27086,6147137,229.47000122070312
1781089229.3250854,6148313,229.6999969482422
1781089231.8708613,6149282,229.6999969482422
1781089251.6637945,6151094,227.0500030517578
1781089254.9457383,6152292,226.50999450683594
1781089258.9722795,6153751,225.92999267578125
1781089259.7631342,6154021,225.2100067138672
1781089261.924588,6155128,225.2100067138672
1781089266.8040955,6157063,225.2100067138672
1781089268.631796,6157795,225.63999938964844
1781089273.1844356,6159418,225.1699981689453
1781089274.6260655,6159909,223.1999969482422
1781089279.105276,6161502,223.1999969482422
1781089281.1861,6162247,224.50999450683594
1781089284.524715,6163407,221.35000610351562
1781089286.5249228,6164183,220.27999877929688
1781089288.7335875,6165047,218.7899932861328
1781089291.5300581,6166503,218.7899932861328
1781089296.3525336,6168184,218.39999389648438
1781089299.712245,6169358,218.39999389648438
1781089302.0596597,6170296,218.24000549316406
1781089303.8997433,6171015,216.61000061035156
1781089308.874704,6172904,216.61000061035156
1781089312.8830729,6174323,218.1699981689453
1781089328.7445037,6175313,218.0500030517578
1781089332.7661183,6176903,220.11000061035156
1781089335.7596943,6178055,221.47999572753906
1781089339.1991236,6179271,221.47999572753906
1781089344.17387,6181087,223.3000030517578
1781089344.6082833,6181256,222.2899932861328
1781089347.8400478,6182512,222.30999755859375
1781089350.4994144,6183543,222.3699951171875
1781089354.6888509,6185343,222.3699951171875
1781089359.3229985,6187022,222.52000427246094
1781089361.6669621,6187956,222.24000549316406
1781089365.712414,6189504,221.05999755859375
1781089370.091529,6191018,222.42999267578125
1781089374.6466796,6192723,222.42999267578125
1781089377.9475744,6194028,223.89999389648438
1781089379.9683957,6194830,223.47999572753906
1781089382.1140847,6195584,221.88999938964844
1781089385.048259,6196607,221.44000244140625
1781089387.6500022,6197894,221.44000244140625
1781089409.2061582,6200207,221.80999755859375
1781089410.1778092,6200564,224.17999267578125
1781089414.3658314,6201999,224.2899932861328
1781089417.8104684,6203659,223.4499969482422
1781089421.8341978,6205279,223.4499969482422
1781089426.1046607,6206816,224.27000427246094
1781089430.3209112,6208269,223.89999389648438
1781089434.4209428,6209876,225.58999633789062
1781089437.2027307,6210968,226.32000732421875
1781089439.8895772,6211945,226.32000732421875
1781089443.5346975,6213237,225.4499969482422
1781089447.8767037,6214861,223.1199951171875
1781089449.7878618,6215628,223.4499969482422
1781089451.1481705,6216538,226.13999938964844
1781089454.9478014,6217948,226.13999938964844
1781089458.4921398,6219218,227.52999877929688
1781089460.1584795,6219890,228.41000366210938
1781089463.5313323,6221248,229.5800018310547
1781089468.0916357,6222856,229.83999633789062
1781089473.5406494,6224888,229.83999633789062
1781089485.4071794,6225471,231.10000610351562
1781089489.8723516,6227231,230.19000244140625
1781089492.3947837,6228232,229.97000122070312
1781089494.380201,6228974,230.02000427246094
1781089498.604242,6230500,230.02000427246094
1781089501.5675404,6231561,230.6199951171875
1781089505.954246,6233313,232.52999877929688
1781089508.7907064,6234406,232.60000610351562
1781089511.1287148,6235245,231.55999755859375
1781089512.8260493,6235856,231.55999755859375
1781089514.9562697,6236964,228.82000732421875
1781089518.5346,6238396,229.13999938964844
1781089519.2065284,6238655,228.33999633789062
1781089521.6769798,6239634,228.88999938964844
1781089525.8747141,6241123,228.88999938964844
1781089531.2855291,6243066,228.75999450683594
1781089535.1464264,6244513,229.72000122070312
1781089536.8374984,6245183,230.1199951171875
1781089539.1698732,6246102,228.7100067138672
1781089542.4974926,6247356,228.7100067138672
1781089545.9048233,6248861,227.3300018310547
1781089548.642236,6249871,226.36000061035156
1781089567.5329492,6251626,226.3000030517578
1781089570.5253015,6252747,226.7100067138672
1781089572.8535507,6253542,226.7100067138672
1781089576.4142797,6255089,224.24000549316406
1781089577.2953022,6255408,224.0399932861328
1781089580.9814909,6256880,224.44000244140625
1781089584.8274908,6258372,225.24000549316406
1781089590.6171737,6260371,225.24000549316406
1781089595.185534,6262089,226.47000122070312
1781089598.5728474,6263417,226.25
1781089598.9746318,6263570,225.36000061035156
1781089602.7024796,6264894,224.9499969482422
1781089607.5071027,6266595,224.9499969482422
1781089610.075617,6267957,226.94000244140625
1781089612.542756,6268956,229.4199981689453
1781089613.900842,6269477,229.27999877929688
1781089616.3696601,6270328,227.0
1781089619.2798736,6271336,227.0
1781089625.5566168,6273638,225.66000366210938
1781089627.8018095,6274407,226.0500030517578
1781089639.0522888,6276145,225.7899932861328
1781089640.153982,6276896,226.7100067138672
1781089644.0876899,6278256,226.7100067138672
1781089649.4664552,6280188,227.38999938964844
1781089651.2949698,6280892,228.27000427246094
1781089653.6259537,6281796,226.58999633789062
1781089657.9232578,6283469,226.77000427246094
1781089661.5949461,6284700,226.77000427246094
1781089666.5315168,6286421,224.72999572753906
1781089670.5042682,6288310,224.9199981689453
1781089674.1910157,6289699,225.1699981689453
1781089676.189224,6290407,227.52999877929688
1781089680.2791996,6291834,227.52999877929688
1781089682.5438228,6292728,227.1699981689453
1781089685.3848107,6293847,227.25
1781089688.9397047,6295210,228.52999877929688
1781089691.5782766,6296140,228.99000549316406
1781089692.941799,6296640,228.99000549316406
1781089697.6074674,6298401,227.47999572753906
1781089699.3890548,6299098,227.4499969482422
1781089716.7405486,6300624,227.8800048828125
1781089717.5812058,6300931,226.27000427246094
1781089721.0680537,6302213,226.27000427246094
1781089726.104789,6304079,228.47999572753906
1781089729.2230682,6305333,229.08999633789062
1781089734.4472058,6307658,228.75
1781089735.026178,6307858,229.6999969482422
1781089738.7039776,6309221,229.6999969482422
1781089742.7903054,6310829,229.25999450683594
1781089744.8384438,6311630,228.8300018310547
1781089749.6014616,6313449,228.44000244140625
1781089752.6785696,6314667,229.52000427246094
1781089755.86903,6315867,229.52000427246094
1781089760.2105927,6317431,228.74000549316406
1781089761.7603323,6318003,230.52000427246094
1781089767.2647326,6320431,230.30999755859375
1781089768.9024127,6320981,231.47999572753906
1781089773.1398456,6322425,231.47999572753906
1781089777.0061822,6323903,230.2100067138672
1781089796.1066937,6325573,229.92999267578125
1781089797.616626,6326396,230.80999755859375
1781089800.8024857,6327491,231.9600067138672
1781089805.8266482,6329373,231.9600067138672
1781089810.2897658,6331105,231.66000366210938
1781089815.2904232,6332836,231.10000610351562
1781089817.291964,6333517,230.52000427246094
1781089821.2619498,6335033,229.35000610351562
1781089825.4405003,6336671,229.35000610351562
1781089827.5536423,6337388,229.89999389648438
1781089831.3927953,6339018,230.19000244140625
1781089832.6095588,6339450,230.89999389648438
1781089835.8649478,6340745,230.7899932861328
1781089839.1342697,6342029,230.7899932861328
1781089843.7205234,6343690,231.05999755859375
1781089848.4488769,6345374,232.33999633789062
1781089850.8284945,6346309,234.41000366210938
1781089852.2275276,6346865,234.08999633789062
1781089854.6145558,6347794,234.08999633789062
1781089860.2807536,6349789,233.6199951171875
1781089871.311811,6351424,232.92999267578125
1781089872.5542266,6352063,234.97999572753906
1781089874.5724173,6353102,236.27999877929688
1781089877.5925393,6354681,236.27999877929688
1781089880.592622,6356213,234.80999755859375
1781089881.851486,6356857,233.75
1781089883.8548534,6357890,230.57000732421875
1781089885.744726,6358851,230.6999969482422
1781089888.7980506,6360417,230.6999969482422
1781089891.1994026,6361659,230.19000244140625
1781089891.8740985,6362003,231.16000366210938
1781089894.54734,6363849,230.72000122070312
1781089896.4069643,6364805,230.32000732421875
1781089898.9469981,6366109,230.32000732421875
1781089902.589458,6367992,229.27000427246094
1781089903.6603208,6368545,231.4499969482422
1781089905.2009792,6369343,229.77999877929688
1781089906.9793358,6370266,228.02000427246094
1781089909.5216405,6371587,228.02000427246094
1781089912.0527232,6372896,226.2899932861328
1781089914.1641219,6374006,226.6199951171875
1781089915.7488375,6374790,224.94000244140625
1781089931.564384,6375767,222.55999755859375
1781089934.6630554,6376878,222.55999755859375
1781089937.411398,6377847,220.24000549316406
1781089940.2904193,6378900,222.6699981689453
1781089943.3631845,6380116,223.14999389648438
1781089945.8489425,6381114,224.72999572753906
1781089949.9604583,6382621,224.72999572753906
1781089954.7380638,6384336,223.4499969482422
1781089955.410495,6384604,223.42999267578125
1781089958.0761948,6386030,222.11000061035156
1781089961.7976084,6387445,223.8000030517578
1781089966.2328198,6389098,223.8000030517578
1781089969.9359264,6390572,225.6999969482422
1781089972.6134994,6391552,224.67999267578125
1781089975.2773318,6392465,223.33999633789062
1781089978.0343068,6393432,224.66000366210938
1781089981.9388738,6394927,224.66000366210938
1781089986.9767919,6396820,224.2899932861328
1781089989.1166415,6397912,224.94000244140625
1781089991.6022081,6398775,225.32000732421875
1781089994.3499877,6399802,225.27999877929688
1781090011.2679527,6400933,225.27999877929688
1781090017.0318894,6403144,226.02999877929688
1781090018.5264673,6403967,226.75999450683594
1781090020.50586,6404680,224.97999572753906
1781090024.9748979,6406347,223.22000122070312
1781090028.6611726,6407825,223.22000122070312
1781090031.361226,6408819,224.6199951171875
1781090035.486918,6410311,224.22999572753906
1781090041.0560088,6412445,224.8699951171875
1781090041.6979659,6412686,223.1699981689453
1781090045.725825,6414214,223.1699981689453
1781090050.1114502,6415731,223.3300018310547
1781090051.8377938,6416686,222.97999572753906
1781090055.7887335,6418261,222.0399932861328
1781090057.391575,6418907,222.22000122070312
1781090063.0630195,6421008,222.22000122070312
1781090066.5580893,6422282,223.08999633789062
1781090070.5326836,6423850,221.0800018310547
1781090073.2505498,6424947,220.92999267578125
1781090087.965491,6426225,223.55999755859375
1781090091.316525,6427420,223.55999755859375
1781090094.931095,6428708,225.25
1781090099.3783467,6430461,224.5399932861328
1781090100.9924457,6431099,224.8300018310547
1781090101.243519,6431191,224.52000427246094
1781090104.2407813,6432349,224.52000427246094
1781090106.2851968,6433079,224.08999633789062
1781090111.6385632,6435038,221.25
1781090113.137215,6435982,222.1199951171875
1781090114.7176502,6436607,220.55999755859375
1781090117.5330012,6437657,220.55999755859375
1781090121.1726394,6439020,219.60000610351562
1781090124.844291,6440495,219.86000061035156
1781090128.1240246,6441702,220.0
1781090130.0527132,6442393,219.85000610351562
1781090133.7331917,6443739,219.85000610351562
1781090137.7419095,6445331,219.5
1781090142.2285817,6447044,220.33999633789062
1781090144.4275637,6448148,220.0500030517578
1781090145.7629175,6448603,218.7100067138672
1781090162.8444567,6450507,218.7100067138672
1781090164.093724,6450993,221.22000122070312
1781090167.0201902,6452131,219.61000061035156
1781090168.7907407,6452819,217.97999572753906
1781090172.0097055,6453982,219.74000549316406
1781090174.65332,6454912,219.74000549316406
1781090176.9883862,6456089,217.35000610351562
1781090182.0035684,6458075,216.39999389648438
1781090183.7327332,6458740,217.1699981689453
1781090188.0018456,6460528,217.1999969482422
1781090189.8901913,6461500,217.1999969482422
1781090191.7422743,6462453,216.1699981689453
1781090194.7888787,6464037,214.3699951171875
1781090195.9977965,6464657,214.3699951171875
1781090198.6073422,6466003,214.72999572753906
1781090201.2412598,6467355,214.72999572753906
1781090204.543906,6469059,214.92999267578125
1781090207.016379,6470329,215.60000610351562
1781090208.8797264,6471756,216.44000244140625
1781090209.9711637,6472328,217.1999969482422
1781090212.4868639,6473642,217.1999969482422
1781090213.0724065,6473942,218.25
1781090224.94373,6475344,218.74000549316406
1781090227.579119,6476538,216.6300048828125
1781090230.7281923,6478038,216.75999450683594
1781090234.0287957,6479589,216.75999450683594
1781090237.6168466,6481075,215.14999389648438
1781090240.6395266,6482805,215.49000549316406
1781090243.2584689,6484065,216.9199981689453
1781090245.512417,6485191,218.07000732421875
1781090248.2576516,6486553,218.07000732421875
1781090250.002598,6487427,216.3699951171875
1781090253.8728468,6489367,216.67999267578125
1781090254.6909935,6489759,215.83999633789062
1781090257.4291582,6491150,214.88999938964844
1781090258.9035726,6491787,214.88999938964844
1781090263.5630689,6493464,212.88999938964844
1781090266.6103356,6494531,212.91000366210938
1781090271.1539922,6496279,210.27999877929688
1781090272.8762758,6497295,211.16000366210938
1781090277.8521318,6499045,211.16000366210938
1781090294.9366612,6500533,211.02000427246094
1781090299.3123507,6502190,211.91000366210938
1781090301.2610948,6502970,210.9499969482422
1781090303.3978217,6504138,210.9199981689453
1781090308.1947138,6505800,210.9199981689453
1781090309.3576705,6506191,211.94000244140625
1781090313.1727815,6507627,209.55999755859375
1781090315.0605469,6508369,212.1300048828125
1781090318.4571333,6509682,212.14999389648438
1781090322.6152928,6511122,212.14999389648438
1781090326.7981422,6512604,212.32000732421875
1781090330.9707162,6514227,211.44000244140625
1781090333.2440655,6515101,210.77999877929688
1781090334.6648872,6515915,210.58999633789062
1781090339.05875,6517406,210.58999633789062
1781090342.6376586,6518754,211.30999755859375
1781090345.831872,6519998,210.8000030517578
1781090349.328559,6521281,212.3699951171875
1781090351.6159158,6522057,212.35000610351562
1781090354.7664235,6523170,212.35000610351562
1781090358.8023639,6524712,214.30999755859375
1781090374.2770197,6526453,214.50999450683594
1781090376.365556,6527271,216.2899932861328
1781090380.1514406,6528667,219.27000427246094
1781090382.474187,6529460,219.27000427246094
1781090388.555726,6531711,219.27000427246094
1781090392.1421998,6533124,218.50999450683594
1781090393.9175537,6533797,220.22000122070312
1781090397.62975,6535061,219.39999389648438
1781090401.2871263,6536655,219.39999389648438
1781090403.6656923,6537586,220.10000610351562
1781090407.3741558,6539044,220.10000610351562
1781090409.0372145,6539629,220.6199951171875
1781090411.9985168,6540654,219.5500030517578
1781090417.3887367,6542630,219.5500030517578
1781090421.3489244,6544211,220.60000610351562
1781090422.8888743,6544807,221.19000244140625
1781090427.606076,6546402,223.52000427246094
1781090430.8608627,6547895,224.41000366210938
1781090434.9809444,6549503,224.41000366210938
1781090451.84763,6550678,225.50999450683594
1781090454.4923441,6551598,225.4600067138672
1781090460.2388194,6553629,224.47000122070312
1781090460.60881,6554129,225.41000366210938
1781090464.317991,6555588,225.41000366210938
1781090468.0046618,6556959,226.00999450683594
1781090472.7060182,6558583,225.39999389648438
1781090475.689802,6559682,227.66000366210938
1781090477.4559212,6560372,228.72999572753906
1781090480.3650043,6561516,228.72999572753906
1781090482.4656494,6562265,228.3300018310547
1781090488.9265835,6564652,229.8000030517578
1781090491.0569873,6565386,230.22999572753906
1781090491.9450095,6565687,230.7899932861328
1781090494.7637012,6567012,230.7899932861328
1781090499.4881833,6568828,230.5399932861328
1781090501.9893115,6569808,231.30999755859375
1781090504.596665,6570765,233.32000732421875
1781090508.6693037,6572180,234.0399932861328
1781090512.52392,6573585,234.0399932861328
1781090515.2292457,6574648,233.8000030517578
1781090528.2345452,6575251,235.11000061035156
1781090530.4901493,6576138,233.25
1781090535.404765,6577964,232.72999572753906
1781090539.484322,6579353,232.72999572753906
1781090543.772355,6580999,232.75999450683594
1781090545.5132186,6581683,234.27000427246094
1781090548.5561283,6582841,233.1999969482422
1781090552.2121522,6584097,232.83999633789062
1781090555.6615345,6585649,232.83999633789062
1781090558.3000164,6586683,234.0500030517578
1781090560.8923523,6587706,235.67999267578125
1781090563.4382565,6588645,236.32000732421875
1781090567.883761,6590177,236.3699951171875
1781090572.227674,6591774,236.3699951171875
1781090575.0599792,6592881,238.57000732421875
1781090578.0810819,6594027,238.74000549316406
1781090579.6873467,6594571,237.38999938964844
1781090584.1318781,6596110,236.10000610351562
1781090587.1095848,6597600,236.10000610351562
1781090590.6944916,6599033,238.0800018310547
1781090607.084439,6600002,236.72000122070312
1781090610.2441049,6601106,235.67999267578125
1781090614.1547427,6602558,237.02999877929688
1781090617.9539747,6604044,237.02999877929688
1781090619.1319017,6604827,236.36000061035156
1781090623.712117,6606414,238.60000610351562
1781090625.4356189,6607004,237.99000549316406
1781090627.8104737,6607932,236.75999450683594
1781090631.3644197,6609334,236.75999450683594
1781090633.8649347,6610291,238.16000366210938
1781090637.5998085,6611619,239.4199981689453
1781090639.7795057,6612365,239.5399932861328
1781090643.5355675,6613811,239.47999572753906
1781090647.7582636,6615451,239.47999572753906
1781090650.2646098,6616664,241.75999450683594
1781090655.4788153,6618540,242.5500030517578
1781090656.0905395,6618759,243.91000366210938
1781090659.286019,6620020,241.7100067138672
1781090662.8289464,6621378,241.7100067138672
1781090667.1365948,6622858,240.36000061035156
1781090668.8216052,6623468,240.5399932861328
1781090672.6125913,6624923,240.72000122070312
1781090687.5830705,6625691,240.64999389648438
1781090691.1919618,6627119,240.64999389648438
1781090695.535792,6628603,240.99000549316406
1781090698.1439419,6629536,241.07000732421875
1781090701.0363436,6630638,242.58999633789062
1781090705.334395,6632340,241.41000366210938
1781090710.7784119,6634264,241.41000366210938
1781090712.5464623,6634880,242.60000610351562
1781090714.6412318,6635958,242.6300048828125
1781090719.045596,6637672,241.2899932861328
1781090719.762586,6637958,238.6199951171875
1781090723.5737522,6639306,238.6199951171875
1781090729.018684,6641213,240.02000427246094
1781090731.7876253,6642308,240.00999450683594
1781090734.2816205,6643278,240.85000610351562
1781090737.4936638,6644467,241.44000244140625
1781090739.772064,6645257,241.44000244140625
1781090742.6303623,6646230,240.6300048828125
1781090745.6063704,6647745,240.10000610351562
1781090747.8368711,6648621,239.72999572753906
1781090750.0878844,6649511,238.8800048828125
1781090762.1277742,6651026,238.8800048828125
1781090766.2842631,6652613,239.3000030517578
1781090768.7939117,6653473,239.32000732421875
1781090775.8265686,6656089,240.42999267578125
1781090776.093816,6656181,239.33999633789062
1781090778.7613459,6657582,239.33999633789062
1781090782.9397354,6659070,239.57000732421875
1781090784.3946626,6659594,241.6999969482422
1781090787.9365418,6660789,240.5399932861328
1781090790.5926983,6661839,240.1199951171875
1781090794.29164,6663295,240.1199951171875
1781090795.9509666,6663952,239.55999755859375
1781090797.9287844,6664735,237.16000366210938
1781090800.9834929,6665834,236.6300048828125
1781090804.7157257,6667135,235.27999877929688
1781090807.9158537,6668724,235.27999877929688
1781090813.2158828,6670616,236.0500030517578
1781090817.5527503,6672233,236.85000610351562
1781090818.1244617,6672452,237.63999938964844
1781090820.7619512,6673494,239.4199981689453
1781090836.9703012,6675003,239.4199981689453
1781090839.3567567,6676146,240.22000122070312
1781090844.6652477,6678054,238.9499969482422
1781090847.9954631,6679384,239.02000427246094
1781090849.3866022,6679937,238.8800048828125
1781090853.401786,6681421,238.8800048828125
1781090858.1416016,6683102,241.2899932861328
1781090862.338222,6684728,241.97999572753906
1781090865.5364459,6685975,239.61000061035156
1781090867.1935525,6686606,240.17999267578125
1781090870.9646804,6688294,240.17999267578125
1781090873.1037412,6689053,239.97999572753906
1781090878.2836785,6691138,238.47999572753906
1781090881.3117497,6692261,239.11000061035156
1781090883.682003,6693092,238.7899932861328
1781090887.9879436,6694574,238.7899932861328
1781090892.015502,6696153,239.08999633789062
1781090896.3342552,6697851,238.9199981689453
1781090898.6866941,6698697,239.22999572753906
1781090915.0337393,6700029,238.97000122070312
1781090919.0479453,6701486,238.97000122070312
1781090922.3207304,6702779,238.3300018310547
1781090924.533182,6703632,238.5500030517578
1781090929.5816772,6705372,239.5800018310547
1781090931.9296184,6706179,238.5
1781090936.0789428,6708186,238.5
1781090941.0972779,6710053,238.4199981689453
1781090944.5754886,6711287,240.10000610351562
1781090946.5168567,6711972,238.5
1781090949.4593737,6713162,236.75
1781090953.258723,6714668,236.75
1781090956.5952346,6715903,237.17999267578125
1781090959.676341,6716983,237.1300048828125
1781090962.1736624,6717927,235.22000122070312
1781090965.4784913,6719235,235.7899932861328
1781090968.173402,6720640,235.7899932861328
1781090971.9932761,6722009,235.50999450683594
1781090972.4973316,6722188,235.8000030517578
1781090978.682723,6724672,235.72000122070312
1781090997.0226161,6725744,235.61000061035156
1781090998.3911734,6726575,235.61000061035156
1781091002.2953887,6728000,235.3300018310547
1781091008.8405445,6730601,233.77000427246094
1781091012.3632445,6731838,236.13999938964844
1781091013.3167431,6732169,235.99000549316406
1781091019.1756642,6734370,235.99000549316406
1781091022.3198628,6735629,236.0800018310547
1781091024.92156,6736613,234.8000030517578
1781091027.871296,6737642,235.6300048828125
1781091030.9758036,6739052,234.77999877929688
1781091035.7089581,6740898,234.77999877929688
1781091039.9686038,6742499,234.8300018310547
1781091044.0527086,6743941,236.08999633789062
1781091046.7317462,6744989,235.66000366210938
1781091048.227051,6745769,235.75
1781091051.3221264,6747387,235.75
1781091053.3768284,6748479,236.07000732421875
1781091065.3797505,6750255,236.38999938964844
1781091067.5556118,6751374,237.72999572753906
1781091070.128816,6752715,237.64999389648438
1781091073.4576178,6754472,237.64999389648438
1781091074.854416,6755205,236.8800048828125
1781091077.0430193,6756362,235.3699951171875
1781091079.696685,6757726,236.4600067138672
1781091081.6654613,6758745,235.08999633789062
1781091085.2850869,6760637,235.08999633789062
1781091087.206614,6761591,235.72999572753906
1781091090.27611,6763015,234.0500030517578
1781091091.764132,6763725,235.99000549316406
1781091094.3173387,6765408,237.1999969482422
1781091097.6350265,6767002,237.1999969482422
1781091100.8737142,6768521,238.82000732421875
1781091104.0045838,6769969,237.47000122070312
1781091105.2441664,6770506,237.3800048828125
1781091108.3134823,6771880,237.49000549316406
1781091111.1900518,6773211,237.49000549316406
1781091114.230085,6774661,237.05999755859375
1781091126.2902467,6775848,238.69000244140625
1781091130.059935,6777601,237.25999450683594
1781091131.5601575,6778339,238.88999938964844
1781091134.1816752,6779534,238.88999938964844
1781091136.8532355,6780775,241.5
1781091140.1487355,6782385,240.4199981689453
1781091143.4999127,6784015,240.86000061035156
1781091145.735768,6785063,239.1300048828125
1781091149.0196712,6786625,239.1300048828125
1781091151.1737754,6787654,237.74000549316406
1781091153.115233,6788563,237.33999633789062
1781091156.3311448,6790538,235.16000366210938
1781091157.7269366,6791216,235.97000122070312
1781091161.384799,6792937,235.97000122070312
1781091164.0431664,6794268,236.44000244140625
1781091166.492633,6795446,236.7100067138672
1781091167.4307945,6795904,236.55999755859375
1781091170.3922293,6797261,239.69000244140625
1781091173.8622854,6798799,239.69000244140625
1781091176.3501456,6799979,238.75999450683594
1781091193.1511977,6802131,237.39999389648438
1781091195.2807944,6802974,237.72000122070312
1781091198.0024793,6804010,236.7100067138672
1781091202.564485,6805579,236.7100067138672
1781091207.1182327,6807248,239.02000427246094
1781091209.2905617,6808111,238.88999938964844
1781091215.2314816,6810340,241.74000549316406
1781091216.1359713,6810652,242.39999389648438
1781091220.1605058,6812405,242.39999389648438
1781091223.179464,6813594,243.38999938964844
1781091225.5370784,6814498,242.0500030517578
1781091231.7864268,6816685,241.67999267578125
1781091232.3990598,6816891,242.19000244140625
1781091235.9115305,6818146,242.19000244140625
1781091239.7534587,6819654,242.32000732421875
1781091241.7993603,6820465,242.11000061035156
1781091246.0074642,6821899,242.4600067138672
1781091248.7149904,6822806,241.0500030517578
1781091251.2202597,6824096,241.0500030517578
1781091269.9398513,6825643,240.9199981689453
1781091273.8427045,6827044,243.10000610351562
1781091276.4512503,6828005,244.99000549316406
1781091280.0627995,6829418,245.33999633789062
1781091283.468486,6831029,245.33999633789062
1781091287.336136,6832356,244.00999450683594
1781091293.625693,6834557,243.60000610351562
1781091295.958226,6835475,243.75999450683594
1781091298.1848586,6836351,243.88999938964844
1781091302.5069158,6837937,243.88999938964844
1781091306.6206865,6839371,242.5
1781091311.064432,6841066,242.30999755859375
1781091313.094055,6841861,242.6199951171875
1781091315.841735,6843248,241.22999572753906
1781091319.2632792,6844474,241.22999572753906
1781091324.788542,6846512,239.7100067138672
1781091328.1523788,6847826,239.6999969482422
1781091331.171755,6848977,240.6999969482422
1781091333.2559206,6849724,239.83999633789062
1781091352.0546331,6851597,239.83999633789062
1781091355.3812368,6852900,240.52999877929688
1781091362.7301657,6855622,242.19000244140625
1781091367.7285118,6857389,243.00999450683594
1781091368.3933086,6857650,244.1199951171875
1781091370.973939,6858676,244.1199951171875
1781091375.6927917,6860452,243.10000610351562
1781091376.0988076,6860911,244.27000427246094
1781091379.9632652,6862241,242.3000030517578
1781091382.7694116,6863295,242.1199951171875
1781091385.6888092,6864443,242.1199951171875
1781091387.423001,6865116,240.8699951171875
1781091391.2132132,6866489,239.35000610351562
1781091397.2277088,6868612,239.47000122070312
1781091397.4815454,6868704,240.1999969482422
1781091400.9541633,6870054,240.1999969482422
1781091404.5445867,6871425,240.5
1781091408.0363054,6872666,238.1199951171875
1781091409.4103837,6873447,240.3000030517578
1781091412.9662008,6874801,241.94000244140625
1781091431.7418594,6876582,241.94000244140625
1781091435.78973,6878070,242.02000427246094
1781091439.4144151,6879734,242.7899932861328
1781091443.4810038,6881355,244.61000061035156
1781091444.3780086,6881707,245.72999572753906
1781091447.2529914,6882826,245.72999572753906
1781091451.9264715,6884459,246.2899932861328
1781091455.0157084,6885556,246.58999633789062
1781091458.573689,6886946,245.8699951171875
1781091460.833372,6887820,244.89999389648438
1781091466.9312978,6890002,244.89999389648438
1781091469.163944,6890783,245.0800018310547
1781091473.4279494,6892809,244.85000610351562
1781091475.4154036,6893599,244.6300048828125
1781091477.65799,6894438,245.1300048828125
1781091480.721756,6895500,245.1300048828125
1781091481.6741877,6895825,242.72000122070312
1781091485.3674014,6897191,240.86000061035156
1781091487.3144975,6897967,238.33999633789062
1781091490.9054224,6899383,238.33999633789062
1781091509.1505477,6900912,238.33999633789062
1781091514.2524066,6902782,236.8800048828125
1781091518.7531853,6904577,236.0800018310547
1781091519.1917372,6904746,237.0
1781091524.004793,6906525,237.92999267578125
1781091525.7876632,6907165,237.92999267578125
1781091528.7463784,6908212,237.24000549316406
1781091532.7768085,6909806,235.0
1781091534.588539,6910521,235.58999633789062
1781091536.5785692,6911597,236.1199951171875
1781091540.7177575,6913057,236.1199951171875
1781091545.0210843,6914697,236.38999938964844
1781091548.656149,6916141,238.97999572753906
1781091550.3146243,6916774,239.3699951171875
1781091553.5707433,6917948,239.10000610351562
1781091558.1250637,6919621,239.10000610351562
1781091560.1679983,6920432,238.86000061035156
1781091562.2679172,6921272,239.7100067138672
1781091565.4267435,6922818,238.55999755859375
1781091568.7041225,6924054,238.6699981689453
1781091585.1857882,6925286,238.6699981689453
1781091586.5862625,6925833,236.39999389648438
1781091590.9299867,6927452,235.8300018310547
1781091592.7901034,6928082,235.49000549316406
1781091596.8119903,6929490,235.77000427246094
1781091597.9801264,6930312,235.77000427246094
1781091601.8834407,6931842,236.58999633789062
1781091604.341668,6932745,236.3699951171875
1781091607.0002573,6933691,236.16000366210938
1781091611.4171975,6935215,236.74000549316406
1781091614.968277,6936612,236.74000549316406
1781091619.363227,6938310,236.41000366210938
1781091621.8377938,6939180,237.64999389648438
1781091625.8053932,6940549,235.3800048828125
1781091626.3795888,6940754,236.5399932861328
1781091629.4339287,6941967,236.5399932861328
1781091631.4275637,6943102,237.8699951171875
1781091632.9190729,6943672,238.75
1781091636.5466018,6944959,238.75
1781091639.7206516,6946069,237.0399932861328
1781091644.1779644,6947810,237.0399932861328
1781091647.639905,6949159,236.1199951171875
1781091663.3231053,6950485,236.30999755859375
1781091669.4996874,6952698,236.97999572753906
1781091669.7317228,6952790,236.25
1781091673.8805497,6954437,236.25
1781091678.0767183,6956029,237.11000061035156
1781091681.4767132,6957190,239.02999877929688
1781091686.3327546,6959009,237.8000030517578
1781091687.7558203,6959563,238.67999267578125
1781091690.2746255,6960558,238.67999267578125
1781091691.9638095,6961553,236.5500030517578
1781091698.6301801,6963960,235.75
1781091699.121303,6964149,235.1199951171875
1781091702.5251732,6965388,235.02000427246094
1781091704.6111412,6966205,235.02000427246094
1781091709.5788884,6968195,233.91000366210938
1781091711.7968526,6968999,235.22000122070312
1781091713.6761189,6969646,235.8000030517578
1781091716.3898416,6970589,233.9499969482422
1781091719.7521188,6971879,233.9499969482422
1781091723.834655,6973405,232.75
1781091743.9848733,6975226,233.83999633789062
1781091749.049281,6977042,234.49000549316406
1781091749.288561,6977134,236.39999389648438
1781091752.4279103,6978267,236.39999389648438
1781091755.272147,6979599,237.8800048828125
1781091756.8852468,6980156,236.30999755859375
1781091758.607823,6980765,232.89999389648438
1781091761.0518746,6981638,232.0
1781091767.0831268,6983825,232.0
1781091771.0627332,6985244,233.5500030517578
1781091774.2678936,6986395,234.6300048828125
1781091775.6688027,6986894,234.27000427246094
1781091777.705721,6987608,233.5800018310547
1781091782.7513077,6989450,233.5800018310547
1781091785.4761813,6990424,233.80999755859375
1781091787.3105924,6991082,233.27999877929688
1781091791.9775498,6993100,231.91000366210938
1781091794.427429,6993959,230.88999938964844
1781091798.8409443,6995525,230.88999938964844
1781091802.5608957,6996879,231.89999389648438
1781091805.5583713,6997965,230.47000122070312
1781091809.5667956,6999396,230.8800048828125
1781091810.8996148,6999874,230.74000549316406
1781091830.3939674,7001431,230.74000549316406
1781091834.2769282,7002848,229.6699981689453
1781091837.0762763,7003814,227.88999938964844
1781091839.396282,7004586,224.86000061035156
1781091842.1479225,7005587,224.25999450683594
1781091845.7168627,7007160,224.25999450683594
1781091848.628188,7008584,224.66000366210938
1781091852.5988572,7010490,223.74000549316406
1781091853.7808695,7011042,224.8699951171875
1781091855.978367,7012149,224.50999450683594
1781091859.49679,7013854,224.50999450683594
1781091863.634882,7015866,226.2100067138672
1781091865.1916754,7016695,227.17999267578125
1781091867.5232031,7017898,227.41000366210938
1781091870.0032392,7019189,227.66000366210938
1781091871.8790808,7020157,227.66000366210938
1781091875.7886145,7022198,227.1999969482422
1781091877.6397479,7023189,229.32000732421875
1781091878.4026937,7023592,229.05999755859375
1781091902.039811,7025257,228.36000061035156
1781091905.7194898,7026558,228.36000061035156
1781091909.6297886,7028084,227.1300048828125
1781091912.9097092,7029364,227.4499969482422
1781091914.7486887,7030357,226.75999450683594
1781091918.1700144,7031652,226.52999877929688
1781091922.1833687,7033122,226.52999877929688
1781091926.7623296,7034732,226.36000061035156
1781091929.679751,7035858,226.58999633789062
1781091931.757461,7036669,227.05999755859375
1781091934.0688941,7037586,227.69000244140625
1781091938.0371342,7038992,227.69000244140625
1781091942.5895321,7040612,227.47999572753906
1781091943.6334774,7041014,229.25
1781091945.0714922,7041937,227.1699981689453
1781091946.9158857,7042667,224.41000366210938
1781091951.4263117,7044355,224.41000366210938
1781091953.873317,7045495,225.32000732421875
1781091955.8329837,7046525,228.0
1781091958.5684676,7047965,230.33999633789062
1781091961.3193674,7049406,232.30999755859375
1781091975.2307086,7051350,232.30999755859375
1781091977.0284734,7052774,232.80999755859375
1781091979.0930579,7053853,231.77000427246094
1781091983.4984705,7055894,231.3300018310547
1781091983.8784714,7056040,230.8800048828125
1781091986.5417798,7057294,230.8800048828125
1781091991.8639627,7059520,231.10000610351562
1781091993.9512372,7060274,233.41000366210938
1781091999.6539695,7062464,232.25
1781092001.0374439,7063014,233.42999267578125
1781092005.5976133,7064726,233.42999267578125
1781092009.3519144,7066422,233.5800018310547
1781092012.104867,7067495,233.27000427246094
1781092017.6516137,7069697,233.85000610351562
1781092018.9960706,7070188,235.91000366210938
1781092020.9782827,7070865,235.91000366210938
1781092027.7047513,7073379,236.1999969482422
1781092045.200461,7075378,237.32000732421875
1781092049.202451,7076816,238.41000366210938
1781092049.4655867,7076902,238.60000610351562
1781092054.1272504,7078614,238.60000610351562
1781092057.340209,7079881,239.5800018310547
1781092059.864254,7080894,239.33999633789062
1781092063.103154,7082074,238.05999755859375
1781092066.493282,7083273,236.0
1781092070.053354,7084566,236.0
1781092072.5647798,7085833,234.72999572753906
1781092075.5899413,7086876,235.27000427246094
1781092077.8373492,7087724,234.27999877929688
1781092081.1068213,7088999,234.5500030517578
1781092085.611013,7090662,234.5500030517578
1781092087.7159212,7091396,234.77000427246094
1781092090.6818473,7092416,232.22000122070312
1781092094.0373325,7093692,233.27999877929688
1781092098.7579699,7095542,234.88999938964844
1781092101.675228,7096576,234.88999938964844
1781092104.0926895,7097716,234.86000061035156
1781092109.7134078,7099868,233.9600067138672
1781092126.6196856,7100611,236.72000122070312
1781092128.1943412,7101191,235.8000030517578
1781092131.838141,7102459,235.8000030517578
1781092135.9225297,7104251,236.3699951171875
1781092138.6555963,7105309,236.1699981689453
1781092142.4576802,7106761,234.1999969482422
1781092142.8122282,7106881,233.44000244140625
1781092148.379931,7108828,233.44000244140625
1781092153.6484368,7110834,232.69000244140625
1781092155.2662225,7111476,232.57000732421875
1781092161.5072849,7113837,233.4499969482422
1781092163.226547,7114444,233.75999450683594
1781092166.4718256,7115918,233.75999450683594
1781092169.6145518,7117158,235.14999389648438
1781092173.2643385,7118617,237.35000610351562
1781092175.9115283,7119581,237.35000610351562
1781092179.4377449,7120926,237.25
1781092182.987197,7122320,237.25
1781092184.3141031,7122835,237.77000427246094
1781092188.7387712,7124434,235.3699951171875
1781092189.697664,7124759,235.02000427246094
1781092205.44579,7125438,234.1999969482422
1781092209.5696702,7126961,234.1999969482422
1781092212.035779,7127883,234.38999938964844
1781092214.1565852,7128622,232.24000549316406
1781092215.9854083,7129198,229.94000244140625
1781092220.0941849,7130641,230.1300048828125
1781092224.353197,7132303,230.1300048828125
1781092227.1809487,7133403,229.49000549316406
1781092230.0347188,7134810,232.2899932861328
1781092232.6151361,7135723,232.77999877929688
1781092236.0831892,7136985,235.30999755859375
1781092239.1045449,7138166,235.30999755859375
1781092243.007192,7139686,232.72000122070312
1781092247.2205467,7141212,231.27999877929688
1781092247.9890018,7141483,231.9499969482422
1781092251.528442,7142756,230.80999755859375
1781092255.8579912,7144487,230.80999755859375
1781092257.2584758,7145045,231.4600067138672
1781092260.6495688,7146644,231.47999572753906
1781092264.505546,7148018,230.7100067138672
1781092266.3176496,7148702,232.3699951171875
1781092282.3610327,7150182,232.3699951171875
1781092283.5747414,7150657,232.02999877929688
1781092288.7082095,7152633,230.5500030517578
1781092289.448291,7152903,231.25999450683594
1781092292.4268782,7153976,230.0800018310547
1781092295.403952,7155434,230.0800018310547
1781092299.0300908,7156888,230.66000366210938
1781092302.8873682,7158387,231.97000122070312
1781092304.6065254,7158989,232.3800048828125
1781092306.7579987,7159766,232.7100067138672
1781092309.5686843,7160793,232.7100067138672
1781092313.7741556,7162459,232.22999572753906
1781092315.9266622,7163315,232.47999572753906
1781092321.3919034,7165298,232.91000366210938
1781092322.0619006,7165542,233.3699951171875
1781092324.1938596,7166338,233.3699951171875
1781092326.554944,7167663,233.47000122070312
1781092331.021489,7169406,232.72000122070312
1781092331.7724862,7169673,232.0
1781092335.5519814,7171031,230.8300018310547
1781092340.4740775,7172818,230.8300018310547
1781092344.619422,7174466,231.64999389648438
1781092358.9844773,7175208,230.13999938964844
1781092360.8917286,7175910,229.4499969482422
1781092364.4785528,7177176,229.9199981689453
1781092370.2237267,7179344,229.9199981689453
1781092372.92825,7180386,232.27000427246094
1781092378.172423,7182293,231.80999755859375
1781092380.3124957,7183065,231.8000030517578
1781092384.2973573,7184545,230.8000030517578
1781092387.7272348,7186265,230.8000030517578
1781092390.9611835,7187445,230.7100067138672
1781092395.5950139,7189073,230.1300048828125
1781092398.3493118,7190135,229.10000610351562
1781092400.3283691,7190929,230.27999877929688
1781092403.329795,7192122,230.27999877929688
1781092406.1612387,7193119,230.14999389648438
1781092413.258776,7195698,229.02999877929688
1781092415.2479367,7196477,232.0800018310547
1781092418.3126378,7198084,235.10000610351562
1781092422.614858,7199653,235.10000610351562
1781092441.2716463,7201335,236.86000061035156
1781092444.2394373,7202415,236.8000030517578
1781092445.6746535,7202915,237.49000549316406
1781092449.8393404,7204436,236.58999633789062
1781092453.1556728,7206132,236.58999633789062
1781092458.1324894,7207980,237.5399932861328
1781092460.6423867,7208883,239.5800018310547
1781092465.8450778,7210807,238.52000427246094
1781092467.6582327,7211513,238.97000122070312
1781092470.659153,7212715,238.97000122070312
1781092475.073007,7214299,238.89999389648438
1781092477.6568556,7215203,238.8699951171875
1781092481.9759312,7216858,238.44000244140625
1781092481.6806898,7217116,236.49000549316406
1781092484.3231096,7218163,236.49000549316406
1781092489.5069573,7220019,236.2100067138672
1781092493.4743276,7221452,236.58999633789062
1781092496.3290486,7222545,235.52999877929688
1781092500.1036835,7223914,234.94000244140625
1781092503.0273015,7224947,234.94000244140625
1781092523.0359313,7226432,232.5
1781092526.647391,7228098,230.9499969482422
1781092527.1594644,7228344,231.6999969482422
1781092529.955231,7229786,231.47000122070312
1781092533.6215947,7231708,231.47000122070312
1781092535.8673422,7232869,232.30999755859375
1781092538.872133,7234431,234.02000427246094
1781092541.8797243,7235988,233.6999969482422
1781092542.7175384,7236424,234.27000427246094
1781092544.9133275,7238034,234.27000427246094
1781092546.7912648,7239017,232.8800048828125
1781092547.5898817,7239432,230.8000030517578
1781092548.779673,7240045,230.07000732421875
1781092551.6176476,7241517,229.44000244140625
1781092553.4775941,7242471,229.44000244140625
1781092554.9217215,7243218,229.00999450683594
1781092558.0357594,7244819,228.91000366210938
1781092559.2121158,7245405,229.4600067138672
1781092561.725041,7246705,228.19000244140625
1781092564.3991911,7248090,228.19000244140625
1781092567.3163798,7249594,228.1999969482422
1781092577.1260118,7250834,228.3800048828125
1781092580.2813988,7252470,227.91000366210938
1781092581.1426916,7252910,230.4199981689453
1781092583.3104582,7254045,230.4199981689453
1781092585.8827546,7255394,231.30999755859375
1781092589.9884431,7257500,231.3800048828125
1781092591.4454029,7258240,233.1699981689453
1781092593.694343,7259310,232.08999633789062
1781092595.9946096,7260410,232.08999633789062
1781092599.7721367,7262287,230.5399932861328
1781092602.4652581,7263612,231.85000610351562
1781092605.8476703,7265031,231.17999267578125
1781092607.8532705,7266082,231.75999450683594
1781092612.396699,7267731,231.75999450683594
1781092616.0202625,7269069,231.47999572753906
1781092619.9089186,7270494,231.38999938964844
1781092624.5017567,7272114,231.2100067138672
1781092625.54048,7272489,230.39999389648438
1781092629.4798415,7273930,230.39999389648438
1781092632.4689553,7274957,229.97999572753906
1781092651.3500059,7277193,233.25
1781092651.854947,7277383,232.39999389648438
1781092654.6545208,7278414,235.33999633789062
1781092658.0255857,7279669,235.33999633789062
1781092661.552982,7280933,236.7899932861328
1781092662.5429265,7281290,238.3699951171875
1781092666.6966681,7282759,238.60000610351562
1781092670.5929232,7284174,238.57000732421875
1781092673.4986475,7285535,238.57000732421875
1781092677.4011672,7286895,238.25
1781092678.6119819,7287315,236.6199951171875
1781092682.494317,7288636,236.64999389648438
1781092683.3231142,7288905,233.3800048828125
1781092688.1822693,7290791,233.3800048828125
1781092689.234196,7291318,234.6999969482422
1781092692.9095078,7293243,233.58999633789062
1781092693.2750385,7293417,232.91000366210938
1781092696.8656495,7295084,235.0399932861328
1781092699.333159,7296311,235.0399932861328
1781092702.2995052,7297802,234.5500030517578
1781092704.306094,7299081,235.92999267578125
1781092705.1624026,7299406,238.1199951171875
1781092720.432088,7300648,238.10000610351562
1781092724.7830832,7302321,238.10000610351562
1781092729.2967424,7303827,237.92999267578125
1781092730.224499,7304147,241.05999755859375
1781092734.8470573,7306259,239.77999877929688
1781092736.9879756,7307114,241.16000366210938
1781092742.2747378,7308962,241.16000366210938
1781092746.3569338,7310395,241.1199951171875
1781092751.6209874,7312265,241.2100067138672
1781092756.2509449,7313829,242.07000732421875
1781092757.2815437,7314185,242.0399932861328
1781092762.0748882,7315826,242.0399932861328
1781092765.5943272,7317029,242.67999267578125
1781092768.5866494,7318383,242.61000061035156
1781092772.2523658,7319628,242.1300048828125
1781092775.100963,7320598,241.6300048828125
1781092778.9898016,7321879,241.6300048828125
1781092783.6713157,7323514,242.0
1781092785.812086,7324244,242.02999877929688
1781092804.1951635,7326126,242.8000030517578
1781092807.431803,7327247,244.22000122070312
1781092810.6222003,7328349,244.22000122070312
1781092816.3707376,7330363,243.77999877929688
1781092821.1151109,7332028,245.55999755859375
1781092824.252276,7333126,246.6199951171875
1781092825.262039,7333590,247.97000122070312
1781092827.6661637,7334828,247.97000122070312
1781092830.373549,7336655,247.41000366210938
1781092831.4906306,7337210,247.3300018310547
1781092835.0886598,7339077,248.3000030517578
1781092837.6974802,7340410,248.58999633789062
1781092840.407461,7341818,248.58999633789062
1781092843.0406437,7343174,248.22000122070312
1781092845.6091108,7344495,245.9199981689453
1781092849.6058536,7346589,246.52999877929688
1781092850.1066477,7346849,246.61000061035156
1781092852.978278,7348292,246.61000061035156
1781092856.476951,7349962,247.17999267578125
1781092870.6784627,7351209,248.72000122070312
1781092873.4920166,7352426,248.94000244140625
1781092878.632124,7354311,248.7100067138672
1781092881.6147242,7355528,248.7100067138672
1781092885.2567198,7357224,246.6699981689453
1781092886.381236,7357749,246.19000244140625
1781092889.6153061,7359367,245.74000549316406
1781092891.8983512,7360904,244.47999572753906
1781092895.6406832,7362646,244.47999572753906
1781092899.9866896,7364185,243.30999755859375
1781092902.816685,7365170,242.6699981689453
1781092907.5939522,7366819,242.4499969482422
1781092908.7715676,7367247,243.05999755859375
1781092911.8690836,7368402,243.05999755859375
1781092916.0968246,7370434,244.02999877929688
1781092917.0427108,7370885,242.5500030517578
1781092919.4007103,7372018,241.8699951171875
1781092922.811471,7373652,244.19000244140625
1781092940.37275,7375510,244.19000244140625
1781092942.064282,7376103,245.2100067138672
1781092946.849922,7377820,244.16000366210938
1781092952.2642944,7379718,244.63999938964844
1781092953.5115693,7380146,244.77999877929688
1781092956.601055,7381505,244.77999877929688
1781092959.1735344,7382405,246.44000244140625
1781092964.1481118,7384153,246.9199981689453
1781092969.5605671,7386046,246.6300048828125
1781092972.5168347,7387080,244.9600067138672
1781092976.7361426,7388623,244.9600067138672
1781092980.6184478,7389988,245.36000061035156
1781092984.1587443,7391271,246.17999267578125
1781092985.558247,7391774,246.7899932861328
1781092988.526581,7393200,247.5800018310547
1781092993.2304633,7394874,247.5800018310547
1781092997.0702426,7396237,249.63999938964844
1781092997.4368925,7396355,251.9499969482422
1781093001.780916,7397879,254.41000366210938
1781093006.2267272,7399486,254.19000244140625
1781093022.1748312,7401420,254.19000244140625
1781093025.9198895,7402761,253.8699951171875
1781093029.6817756,7404146,255.66000366210938
1781093031.48107,7404781,255.02000427246094
1781093034.8027477,7405991,254.61000061035156
1781093038.58739,7407351,254.61000061035156
1781093041.8290536,7408474,253.42999267578125
1781093047.5131056,7410524,252.19000244140625
1781093048.0505042,7410693,252.72000122070312
1781093051.0882668,7412039,252.22999572753906
1781093051.6017954,7412208,252.22999572753906
1781093057.0896773,7414316,248.8699951171875
1781093060.8085845,7415665,250.07000732421875
1781093061.3668504,7415867,250.10000610351562
1781093065.1759717,7417300,252.47000122070312
1781093068.668873,7418697,252.47000122070312
1781093072.178406,7420042,254.52000427246094
1781093076.9472675,7421735,251.5
1781093078.9916897,7422440,251.22000122070312
1781093081.3315768,7423723,250.0399932861328
1781093098.6527443,7425365,250.0399932861328
1781093102.73153,7426998,250.17999267578125
1781093107.8942559,7428968,249.72999572753906
1781093110.8313282,7429996,250.35000610351562
1781093113.0322,7430780,249.9499969482422
1781093114.862751,7431853,249.9499969482422
1781093122.9683673,7434990,250.60000610351562
1781093125.5198956,7435898,249.66000366210938
1781093127.474948,7436591,249.92999267578125
1781093129.4832053,7437364,247.16000366210938
1781093130.854177,7437890,247.16000366210938
1781093134.1270015,7439202,244.27999877929688
1781093137.205864,7440355,243.75999450683594
1781093141.6690872,7441933,245.25
1781093142.7550952,7442319,245.38999938964844
1781093146.6945872,7444101,245.38999938964844
1781093150.191909,7445362,245.3000030517578
1781093153.2578993,7446483,245.49000549316406
1781093154.488501,7446962,245.50999450683594
1781093158.4491951,7448539,247.24000549316406
1781093161.620214,7449767,247.24000549316406
1781093175.853939,7450831,247.1699981689453
1781093179.1668422,7452346,248.63999938964844
1781093182.5596557,7453539,247.85000610351562
1781093184.1863341,7454157,246.1300048828125
1781093187.280562,7455383,246.1300048828125
1781093191.2015886,7456890,246.47000122070312
1781093192.7912407,7457444,246.60000610351562
1781093196.155935,7458668,245.6300048828125
1781093201.0997553,7460574,246.30999755859375
1781093204.7624412,7462029,246.30999755859375
1781093208.1155672,7463567,245.50999450683594
1781093209.9668527,7464225,245.4199981689453
1781093216.5920258,7466586,246.33999633789062
1781093218.852001,7467431,247.42999267578125
1781093224.028833,7469402,247.42999267578125
1781093228.5188973,7471175,248.77000427246094
1781093232.5862124,7472646,247.9600067138672
1781093234.7735167,7473432,248.5800018310547
1781093237.7310529,7474469,248.61000061035156
1781093255.063667,7475791,248.61000061035156
1781093256.4565961,7476362,246.3300018310547
1781093260.6162634,7477964,244.3000030517578
1781093264.1129887,7479209,244.24000549316406
1781093267.734854,7480548,245.11000061035156
1781093270.9574482,7481847,245.11000061035156
1781093272.9460592,7483017,243.4499969482422
1781093275.9875717,7484093,244.77000427246094
1781093276.713293,7484343,244.83999633789062
1781093281.8295026,7486142,243.86000061035156
1781093286.260042,7487885,243.86000061035156
1781093290.310857,7489452,243.5500030517578
1781093293.4001293,7490559,242.3000030517578
1781093295.604853,7491347,239.94000244140625
1781093298.2237382,7492338,237.7100067138672
1781093302.4095004,7493999,237.7100067138672
1781093304.3376112,7495073,237.7899932861328
1781093307.7593338,7496277,238.47999572753906
1781093311.76035,7497734,236.02000427246094
1781093315.1973693,7499096,236.3300018310547
1781093332.5604167,7500296,236.3300018310547
1781093333.9061797,7501193,235.60000610351562
1781093336.449687,7502198,236.11000061035156
1781093339.1055694,7503130,235.8800048828125
1781093341.0414195,7503833,234.77000427246094
1781093345.8194199,7505588,234.77000427246094
1781093349.9266012,7507207,234.41000366210938
1781093352.4244697,7508152,233.6999969482422
1781093354.5590906,7508928,232.7100067138672
1781093356.6731951,7509677,229.66000366210938
1781093361.1116662,7511325,229.66000366210938
1781093363.0474904,7512078,231.1699981689453
1781093368.3093553,7514384,229.22999572753906
1781093370.7953146,7515236,229.05999755859375
1781093373.495715,7516204,231.19000244140625
1781093377.9137304,7517968,231.19000244140625
1781093382.05507,7519546,232.82000732421875
1781093384.3655567,7520354,232.5399932861328
1781093384.9639094,7520558,233.75
1781093388.8919535,7521941,231.7899932861328
1781093392.1835494,7523272,231.7899932861328
1781093396.43103,7524933,231.08999633789062
1781093411.7544007,7525921,231.42999267578125
1781093414.8262908,7527010,233.5800018310547
1781093417.5265796,7528031,232.72999572753906
1781093422.711755,7529968,232.72999572753906
1781093426.9004104,7531428,231.39999389648438
1781093429.9897718,7532964,232.33999633789062
1781093430.9366093,7533319,232.5500030517578
1781093436.2418537,7535321,232.25
1781093441.3973935,7537072,232.25
1781093443.5267053,7537829,232.9499969482422
1781093449.9435048,7540316,232.5399932861328
1781093451.4863346,7540870,233.05999755859375
1781093454.484405,7541975,234.0
1781093457.0635102,7542887,234.0
1781093460.8916962,7544340,231.05999755859375
1781093464.8577878,7546179,229.52000427246094
1781093465.702458,7546486,230.97999572753906
1781093469.0731273,7547690,230.92999267578125
1781093473.333405,7549239,230.92999267578125
1781093490.5487387,7550592,231.3800048828125
1781093493.2529826,7552037,231.22000122070312
1781093493.8182821,7552258,231.97999572753906
1781093496.861168,7553302,232.6199951171875
1781093501.489771,7554915,232.6199951171875
1781093505.386007,7556431,233.9600067138672
1781093507.1733239,7557131,233.3800048828125
1781093513.4723628,7559425,234.4600067138672
1781093513.7341433,7559517,235.55999755859375
1781093517.5477014,7560877,235.55999755859375
1781093521.4038866,7562391,234.83999633789062
1781093523.2065485,7563068,235.33999633789062
1781093526.5238438,7564585,233.86000061035156
1781093530.6836488,7566027,232.57000732421875
1781093534.6819427,7567565,232.57000732421875
1781093536.5931573,7568293,235.41000366210938
1781093539.632295,7569430,232.22999572753906
1781093541.9228039,7570229,230.27000427246094
1781093544.6892297,7571209,227.39999389648438
1781093548.1787953,7572497,227.39999389648438
1781093551.3580809,7573738,227.25999450683594
1781093553.7228842,7574667,227.3699951171875
1781093570.0812025,7576272,226.2899932861328
1781093570.9277072,7576570,226.14999389648438
1781093573.485901,7577437,226.14999389648438
1781093576.8095043,7578660,225.05999755859375
1781093580.9680214,7580281,222.63999938964844
1781093582.4132764,7580837,220.6999969482422
1781093585.1272774,7581817,220.07000732421875
1781093588.9401698,7583498,220.07000732421875
1781093593.4918153,7585274,218.97999572753906
1781093597.5054147,7587014,220.47999572753906
1781093598.5532908,7587562,220.92999267578125
1781093600.5147915,7588602,221.39999389648438
1781093603.8536954,7590354,221.39999389648438
1781093606.6441896,7591821,223.94000244140625
1781093609.853952,7593521,225.27000427246094
1781093610.4745436,7593840,225.13999938964844
1781093612.2600026,7594786,222.52000427246094
1781093614.7605755,7596096,222.52000427246094
1781093617.7084575,7597640,222.6300048828125
1781093618.2933424,7598423,223.1699981689453
1781093620.4297564,7599540,224.42999267578125
1781093634.2186527,7601077,224.30999755859375
1781093637.3051856,7602174,224.30999755859375
1781093641.6029727,7603836,223.8300018310547
1781093645.8759515,7605966,225.36000061035156
1781093650.3553054,7608126,226.9199981689453
1781093650.4168532,7608627,227.67999267578125
1781093653.52578,7610246,227.67999267578125
1781093655.495698,7611233,227.44000244140625
1781093659.3917909,7612820,225.44000244140625
1781093662.272685,7613899,226.6699981689453
1781093667.278641,7615682,226.8699951171875
1781093671.3219004,7617250,226.8699951171875
1781093674.7858603,7619033,229.0800018310547
1781093677.051549,7620203,227.4199981689453
1781093679.178348,7621313,226.74000549316406
1781093680.0772626,7621781,225.91000366210938
1781093681.8291328,7623154,225.91000366210938
1781093683.7054615,7624053,223.55999755859375
1781093700.2267141,7625746,222.50999450683594
1781093701.1692493,7626112,220.99000549316406
1781093704.4519095,7627310,221.0
1781093708.1724808,7628616,221.0
1781093712.892915,7630707,222.5500030517578
1781093716.9951363,7632312,225.74000549316406
1781093719.8661609,7633356,225.77000427246094
1781093721.6848934,7633994,224.82000732421875
1781093724.2853842,7634898,224.82000732421875
1781093727.452066,7636118,223.88999938964844
1781093729.8274531,7637046,221.33999633789062
1781093733.1627274,7638331,221.25
1781093736.6924143,7639584,221.8300018310547
1781093739.7174904,7640609,221.8300018310547
1781093741.4567695,7641283,219.6300048828125
1781093744.543108,7642889,217.89999389648438
1781093747.0717041,7643870,219.52000427246094
1781093751.0417356,7645269,220.67999267578125
1781093755.9592159,7647076,220.67999267578125
1781093759.2871566,7648373,219.77999877929688
1781093762.8599005,7649761,218.72000122070312
1781093779.4209166,7650594,219.39999389648438
1781093781.9312208,7651445,217.0800018310547
1781093786.4056284,7653114,217.0800018310547
1781093789.687302,7654407,218.19000244140625
1781093791.9260683,7655251,218.6199951171875
1781093798.0775197,7657449,219.0800018310547
1781093800.2449377,7658305,219.6999969482422
1781093803.238996,7659489,219.6999969482422
1781093804.4314666,7659959,218.6300048828125
1781093807.4325314,7661085,216.5500030517578
1781093808.3327134,7661693,214.80999755859375
1781093812.3558457,7663107,216.7899932861328
1781093816.7268615,7664825,216.7899932861328
1781093820.090337,7666145,217.4199981689453
1781093823.6346476,7667393,219.11000061035156
1781093826.426797,7668368,217.39999389648438
1781093828.270641,7669046,216.63999938964844
1781093833.8665817,7671302,216.63999938964844
1781093835.900467,7672080,216.77000427246094
1781093839.0443687,7673229,214.85000610351562
1781093857.524603,7675185,215.67999267578125
1781093859.4922118,7675961,217.30999755859375
1781093863.2100646,7677451,217.30999755859375
1781093866.079871,7678519,217.75
1781093871.245405,7680334,219.0500030517578
1781093873.3397038,7681499,219.47000122070312
1781093877.1316874,7683003,220.39999389648438
1781093880.0729003,7684187,220.39999389648438
1781093884.1656835,7685809,220.7100067138672
1781093887.583925,7687042,221.32000732421875
1781093888.358884,7687302,219.6999969482422
1781093891.860257,7688525,218.22000122070312
1781093896.073674,7690167,218.22000122070312
1781093899.6115887,7691560,217.3800048828125
1781093902.3546278,7692883,218.11000061035156
1781093904.717467,7693693,217.60000610351562
1781093908.6151829,7695129,217.3699951171875
1781093910.524814,7695880,217.3699951171875
1781093914.5420837,7697444,217.3699951171875
1781093917.8740356,7698608,218.11000061035156
1781093918.4659307,7698808,215.91000366210938
1781093934.309824,7700073,214.4199981689453
1781093939.001589,7702135,214.4199981689453
1781093943.2061684,7703748,214.2899932861328
1781093943.9657195,7704012,214.6300048828125
1781093950.5979598,7706298,213.05999755859375
1781093952.288982,7706914,213.00999450683594
1781093956.3538585,7708544,213.00999450683594
1781093958.3697896,7709346,212.94000244140625
1781093963.4689689,7711182,211.6699981689453
1781093968.1444695,7713295,212.57000732421875
1781093968.8272274,7713574,212.5800018310547
1781093972.2614927,7714945,212.5800018310547
1781093975.7941918,7716197,212.7899932861328
1781093979.3738716,7717480,213.0500030517578
1781093982.2474775,7718564,212.5500030517578
1781093984.838145,7719590,213.24000549316406
1781093988.6612957,7721088,213.24000549316406
1781093993.8953848,7722913,213.3300018310547
1781093996.9211645,7724433,215.77000427246094
1781094015.2362866,7725420,217.50999450683594
1781094018.5961256,7726669,218.88999938964844
1781094022.0330544,7727861,218.88999938964844
1781094026.3834412,7729470,217.33999633789062
1781094029.0055447,7730505,218.72999572753906
1781094031.0394971,7731675,220.58999633789062
1781094033.531206,7732532,222.44000244140625
1781094036.6314678,7733635,222.44000244140625
1781094039.4870894,7734641,224.27999877929688
1781094044.2159488,7736516,223.9600067138672
1781094046.8684316,7737520,224.89999389648438
1781094048.7087793,7738171,226.72999572753906
1781094053.7943695,7739934,226.72999572753906
1781094058.0340893,7741616,226.1699981689453
1781094059.290248,7742096,225.35000610351562
1781094064.9492388,7744483,223.08999633789062
1781094065.5515606,7744689,225.42999267578125
1781094070.5083745,7746533,225.42999267578125
1781094073.9780757,7747888,224.47999572753906
1781094075.782452,7748600,223.69000244140625
1781094077.620882,7749233,225.02000427246094
1781094091.6693332,7750478,226.58999633789062
1781094095.8376074,7751943,226.58999633789062
1781094098.4488668,7752894,225.3800048828125
1781094099.8832707,7753475,223.00999450683594
1781094101.8002393,7754222,221.44000244140625
1781094104.7326293,7755355,223.4600067138672
1781094109.2176573,7756930,223.4600067138672
1781094112.3309731,7758024,223.22999572753906
1781094114.8991299,7759024,222.41000366210938
1781094119.514037,7760836,222.75
1781094123.733822,7762328,222.69000244140625
1781094127.1507714,7763855,222.69000244140625
1781094129.8593702,7764916,222.64999389648438
1781094134.0127194,7766554,224.19000244140625
1781094136.3663383,7767454,223.61000061035156
1781094139.8916502,7768796,222.0399932861328
1781094144.4320114,7770354,222.0399932861328
1781094146.7565563,7771175,221.39999389648438
1781094149.374657,7772198,220.3800048828125
1781094153.5772147,7773864,221.10000610351562
1781094171.1803746,7775395,219.7899932861328
1781094176.484896,7777331,219.7899932861328
1781094181.0200663,7779069,220.8800048828125
1781094183.530923,7779958,223.75
1781094187.2290819,7781454,223.57000732421875
1781094190.9235737,7782749,224.4199981689453
1781094195.719364,7784428,224.4199981689453
1781094199.4891572,7785724,223.88999938964844
1781094204.1545105,7787538,221.85000610351562
1781094207.435644,7788826,221.55999755859375
1781094210.1049144,7789745,222.30999755859375
1781094215.2562957,7791560,222.30999755859375
1781094217.8218877,7792574,224.3300018310547
1781094221.3565104,7794347,225.80999755859375
1781094222.1099052,7794624,225.47999572753906
1781094226.6907043,7796203,224.00999450683594
1781094230.7621427,7797688,224.00999450683594
1781094234.9497433,7799344,226.41000366210938
1781094236.5281713,7799965,228.72000122070312
1781094255.520475,7802112,227.55999755859375
1781094257.9376137,7802972,227.25999450683594
1781094259.9878106,7803748,227.25999450683594
1781094262.9646728,7804930,227.36000061035156
1781094267.3188658,7806644,226.77000427246094
1781094268.5584111,7807133,228.3300018310547
1781094273.8831565,7809077,231.6699981689453
1781094278.0032103,7810488,231.6699981689453
1781094280.9695847,7812016,230.89999389648438
1781094285.6379461,7813828,232.13999938964844
1781094287.5711572,7814505,233.0399932861328
1781094290.61533,7815690,232.5500030517578
1781094292.6351254,7816370,232.5500030517578
1781094298.7914257,7818536,231.5
1781094301.3627322,7819540,234.10000610351562
1781094305.743867,7821249,235.97999572753906
1781094307.0568228,7821705,236.33999633789062
1781094311.4711337,7823276,236.33999633789062
1781094313.892821,7824440,235.9499969482422
1781094332.0590415,7826381,235.08999633789062
1781094332.4798856,7826548,236.86000061035156
1781094336.078045,7828264,237.16000366210938
1781094338.856951,7829701,237.16000366210938
1781094340.4362571,7830502,235.1300048828125
1781094343.5517902,7832105,236.64999389648438
1781094344.1834612,7832903,236.47000122070312
1781094345.7090595,7833677,235.8800048828125
1781094348.6548855,7835203,235.8800048828125
1781094350.8272028,7836322,234.4600067138672
1781094354.6877785,7838292,232.88999938964844
1781094355.9546268,7838940,232.14999389648438
1781094358.7671351,7840375,230.74000549316406
1781094362.453364,7842240,230.74000549316406
1781094364.557227,7843316,231.42999267578125
1781094368.5877497,7845325,229.75
1781094369.1524553,7845584,231.25999450683594
1781094372.0384455,7846866,232.0399932861328
1781094375.23456,7848440,232.0399932861328
1781094376.3475227,7849527,232.41000366210938
1781094394.5659497,7851180,233.8699951171875
1781094397.6588848,7852274,234.05999755859375
1781094402.0756373,7853841,233.97000122070312
1781094406.8136613,7855551,233.97000122070312
1781094408.4300425,7856486,236.32000732421875
1781094413.591467,7858318,236.82000732421875
1781094415.983942,7859164,238.32000732421875
1781094418.6032193,7860121,239.64999389648438
1781094421.1621785,7861066,239.64999389648438
1781094422.3246114,7861487,236.92999267578125
1781094426.602925,7863004,235.74000549316406
1781094427.8620749,7863456,234.14999389648438
1781094432.5841568,7865169,234.64999389648438
1781094436.4869134,7866565,234.64999389648438
1781094439.8144593,7868060,233.66000366210938
1781094442.6787329,7869070,236.5399932861328
1781094449.2277143,7871387,234.64999389648438
1781094449.4752033,7871479,235.02999877929688
1781094453.9420846,7873096,235.02999877929688
1781094458.4006846,7874686,237.4499969482422
1781094474.994018,7875908,238.52000427246094
1781094476.4525363,7876415,238.36000061035156
1781094479.5888736,7877529,237.63999938964844
1781094483.7185984,7879036,237.63999938964844
1781094487.8470972,7880493,237.30999755859375
1781094490.592174,7881475,235.6199951171875
1781094494.2458365,7882798,236.7899932861328
1781094497.9281435,7884135,237.83999633789062
1781094502.1002793,7885614,237.83999633789062
1781094504.662325,7886843,239.39999389648438
1781094508.6425881,7888251,239.8800048828125
1781094509.4062583,7888514,239.97000122070312
1781094513.3953834,7889918,237.97999572753906
1781094517.4631937,7891342,237.97999572753906
1781094521.4200487,7892731,238.3000030517578
1781094523.4322345,7893439,240.2899932861328
1781094526.2812412,7894437,240.3000030517578
1781094529.6978855,7895667,238.8300018310547
1781094533.8048112,7897429,238.8300018310547
1781094538.0593317,7898940,240.0500030517578
1781094556.922618,7900166,239.19000244140625
1781094559.8371408,7901172,241.17999267578125
1781094563.9518733,7902640,241.17999267578125
1781094565.8859406,7903649,241.17999267578125
1781094569.7783253,7905030,240.16000366210938
1781094572.3723168,7905913,240.32000732421875
1781094574.8025432,7906783,237.80999755859375
1781094577.8844795,7907871,238.5500030517578
1781094582.0564198,7909355,238.5500030517578
1781094584.8920846,7910341,239.9600067138672
1781094588.3434172,7911540,241.66000366210938
1781094593.8361259,7913459,244.3699951171875
1781094595.03568,7913886,242.3000030517578
1781094598.0117483,7915268,242.3000030517578
1781094600.91084,7916331,243.63999938964844
1781094605.198259,7917846,244.0
1781094608.4846787,7919041,242.9499969482422
1781094611.091573,7919959,241.60000610351562
1781094614.3627176,7921085,241.60000610351562
1781094617.9737236,7922358,239.60000610351562
1781094624.8660696,7924762,241.11000061035156
1781094625.5262187,7924995,240.61000061035156
1781094646.8898828,7926410,240.05999755859375
1781094650.8598304,7927954,240.05999755859375
1781094652.162597,7928473,240.66000366210938
1781094656.0345674,7929905,240.41000366210938
1781094659.9685514,7931323,240.49000549316406
1781094662.9833627,7932799,241.1699981689453
1781094666.9923496,7934392,241.1699981689453
1781094670.7153008,7935788,241.57000732421875
1781094675.6573973,7937572,239.64999389648438
1781094678.4151,7938639,240.2899932861328
1781094680.0482998,7939268,239.16000366210938
1781094684.5950303,7940942,239.16000366210938
1781094688.8767269,7942500,240.0800018310547
1781094689.6254785,7942794,241.24000549316406
1781094692.030242,7944095,239.64999389648438
1781094695.181146,7945325,239.1300048828125
1781094699.575282,7946894,239.1300048828125
1781094703.5912328,7948376,239.91000366210938
1781094707.161848,7949773,239.92999267578125
1781094720.7508767,7950597,240.2100067138672
1781094723.561391,7952053,242.61000061035156
1781094728.3276825,7953773,242.61000061035156
1781094730.1939442,7954424,242.3800048828125
1781094733.3904476,7955666,240.25
1781094736.1717093,7956771,240.07000732421875
1781094738.831045,7957822,238.75999450683594
1781094743.293896,7959449,238.75999450683594
1781094746.430853,7960575,238.7100067138672
1781094750.2082183,7962063,237.7100067138672
1781094751.7594612,7962647,238.0800018310547
1781094753.117885,7963181,234.9600067138672
1781094756.101771,7964617,234.9600067138672
1781094758.7503505,7965558,235.30999755859375
1781094760.0226173,7966037,233.3000030517578
1781094762.9532037,7967585,229.99000549316406
1781094763.6441433,7967946,227.9499969482422
1781094766.049817,7969213,227.9499969482422
1781094769.2881486,7970897,230.5800018310547
1781094771.9088712,7972256,231.27000427246094
1781094775.6383393,7974207,230.3300018310547
1781094776.0425022,7974412,231.36000061035156
1781094787.2536259,7975888,231.36000061035156
1781094788.0231214,7976287,231.4499969482422
1781094791.3413517,7978023,230.86000061035156
1781094794.0915587,7979484,231.69000244140625
1781094796.941567,7980958,231.86000061035156
1781094800.124139,7982625,231.86000061035156
1781094803.2280025,7984258,232.4499969482422
1781094804.4065964,7984885,232.7899932861328
1781094807.8254676,7986620,230.4600067138672
1781094808.8243372,7987138,231.44000244140625
1781094811.780386,7988613,231.44000244140625
1781094813.8379633,7989635,232.38999938964844
1781094817.1714969,7991273,231.9199981689453
1781094818.317545,7992268,231.49000549316406
1781094820.4288638,7993259,232.6999969482422
1781094823.2082138,7994611,232.6999969482422
1781094825.5945876,7995800,231.5
1781094829.4740083,7997351,230.8699951171875
1781094833.066219,7998680,231.3699951171875
1781094835.3303745,7999502,231.8000030517578
1781094852.7297,8000906,231.8000030517578
1781094857.2701006,8002534,231.25
1781094860.3629735,8003613,229.9600067138672
1781094862.0196075,8004210,228.02000427246094
1781094865.2885907,8005522,227.75999450683594
1781094868.8618546,8006931,227.75999450683594
1781094872.843633,8008317,227.47999572753906
1781094875.2630048,8009179,225.66000366210938
1781094876.9010656,8009757,223.83999633789062
1781094879.6437836,8010822,223.24000549316406
1781094882.439487,8012270,223.24000549316406
1781094886.2030585,8013611,225.47999572753906
1781094887.6901538,8014130,226.77000427246094
1781094889.548882,8014804,226.85000610351562
1781094892.466963,8015880,225.7100067138672
1781094896.6712048,8017557,225.7100067138672
1781094901.0445411,8019125,225.10000610351562
1781094904.9582167,8020483,224.25999450683594
1781094906.1706035,8020884,225.6699981689453
1781094908.9982991,8021985,224.30999755859375
1781094911.9385211,8023133,224.30999755859375
1781094914.5950856,8024496,223.24000549316406
1781094930.086769,8025396,221.0399932861328
1781094932.9709742,8026408,221.1199951171875
1781094935.5111125,8027322,222.02000427246094
1781094938.4773638,8028468,222.02000427246094
1781094941.154965,8029462,220.1699981689453
1781094944.0775661,8030973,220.58999633789062
1781094948.0832555,8032503,220.5800018310547
1781094949.8458905,8033109,220.83999633789062
1781094954.185183,8034617,220.83999633789062
1781094958.2213714,8036142,221.72000122070312
1781094961.3570926,8037368,220.60000610351562
1781094965.661856,8038907,220.72000122070312
1781094968.593984,8039936,222.17999267578125
1781094972.242181,8041302,222.17999267578125
1781094975.2969656,8042874,221.64999389648438
1781094979.8365996,8044516,221.1300048828125
1781094983.9786048,8045960,222.85000610351562
1781094985.117926,8046353,225.24000549316406
1781094988.409414,8047647,225.24000549316406
1781094992.7684033,8049361,222.92999267578125
1781095009.9894907,8050553,222.1300048828125
1781095012.056872,8051270,221.27999877929688
1781095014.6021037,8052220,219.08999633789062
1781095018.7739987,8053877,219.08999633789062
1781095023.1266365,8055480,220.5399932861328
1781095027.296545,8056944,220.3000030517578
1781095028.7565625,8057438,221.32000732421875
1781095031.4481182,8058498,219.27999877929688
1781095035.3391273,8060008,219.27999877929688
1781095039.16771,8061350,219.6199951171875
1781095042.3020525,8062794,219.2100067138672
1781095044.8828177,8063756,219.67999267578125
1781095045.909972,8064137,220.1300048828125
1781095048.428979,8065127,220.1300048828125
1781095053.8353095,8067163,218.94000244140625
1781095055.949227,8067882,218.35000610351562
1781095061.109186,8069875,219.22000122070312
1781095064.3133836,8071105,220.7899932861328
1781095068.5701342,8072624,220.7899932861328
1781095071.8593671,8074038,222.1199951171875
1781095072.6371112,8074346,222.42999267578125
1781095092.4606552,8076614,221.92999267578125
1781095093.0628655,8076842,222.64999389648438
1781095097.3636792,8078360,222.64999389648438
1781095101.645713,8079886,220.11000061035156
1781095101.5963356,8080235,223.5
1781095104.9663348,8081561,220.86000061035156
1781095107.7227247,8082654,221.3800048828125
1781095110.3216925,8083575,221.3800048828125
1781095113.615356,8084723,220.44000244140625
1781095116.5578856,8085757,219.82000732421875
1781095121.253039,8087614,221.38999938964844
1781095122.9943113,8088311,221.19000244140625
1781095126.8089528,8089644,221.19000244140625
1781095128.8462913,8090371,220.47000122070312
1781095133.7522492,8092546,218.14999389648438
1781095135.1189337,8093083,218.94000244140625
1781095138.2911518,8094307,217.77999877929688
1781095142.4423602,8095689,217.77999877929688
1781095147.1658685,8097368,217.13999938964844
1781095149.6694577,8098375,218.3000030517578
1781095152.7710242,8099604,218.50999450683594
1781095168.5275059,8100908,215.88999938964844
1781095171.6244445,8102497,215.88999938964844
1781095173.8362195,8103639,216.07000732421875
1781095176.0844698,8104802,218.60000610351562
1781095177.6206174,8105598,219.60000610351562
1781095180.1007733,8106876,220.77000427246094
1781095182.9996657,8108359,220.77000427246094
1781095186.5941818,8110234,221.36000061035156
1781095189.0046778,8111490,222.91000366210938
1781095190.2417727,8112116,221.47999572753906
1781095192.5793176,8113323,223.72000122070312
1781095195.0455081,8114593,223.72000122070312
1781095196.7011197,8115440,222.0800018310547
1781095200.865484,8118070,224.5
1781095201.304005,8118293,226.8699951171875
1781095203.3074517,8119331,229.66000366210938
1781095206.2169027,8120837,229.66000366210938
1781095208.6056855,8122066,227.64999389648438
1781095211.6413836,8123631,226.25999450683594
1781095212.10054,8123862,226.4499969482422
1781095231.0900903,8125594,224.8300018310547
1781095235.3002067,8127078,224.8300018310547
1781095239.0914323,8128398,224.74000549316406
1781095240.6612165,8128938,224.9499969482422
1781095244.5048232,8130308,222.6199951171875
1781095248.3228598,8131677,222.16000366210938
1781095252.337169,8133085,222.16000366210938
1781095256.9276876,8134683,220.55999755859375
1781095257.9690402,8135035,221.5800018310547
1781095260.4583788,8135898,223.52000427246094
1781095263.7188957,8137039,220.75999450683594
1781095265.5958319,8137687,220.75999450683594
1781095268.6966348,8138772,219.92999267578125
1781095269.8546486,8139183,221.8000030517578
1781095273.7762094,8140554,221.2899932861328
1781095276.317107,8141911,220.5500030517578
1781095280.233755,8143297,220.5500030517578
1781095285.335502,8145081,218.99000549316406
1781095289.0831375,8146383,220.55999755859375
1781095289.8939881,8146669,219.94000244140625
1781095292.646889,8147640,218.35000610351562
1781095296.9792159,8149169,218.35000610351562
1781095298.7565136,8149784,218.60000610351562
1781095324.5581703,8151474,218.94000244140625
1781095330.5265276,8153544,220.16000366210938
1781095333.0956433,8154436,221.8000030517578
1781095337.8070867,8156074,221.8000030517578
1781095342.3465762,8158003,222.14999389648438
1781095345.4728465,8159082,224.3300018310547
1781095347.5796037,8159826,225.92999267578125
1781095350.5656736,8160868,225.99000549316406
1781095354.9823508,8162418,225.99000549316406
1781095357.3564682,8163235,226.08999633789062
1781095364.4724913,8165742,225.38999938964844
1781095368.361903,8167111,228.82000732421875
1781095369.8742306,8167965,229.5
1781095373.776834,8169328,229.5
1781095375.571446,8169953,229.94000244140625
1781095379.1167223,8171173,227.88999938964844
1781095381.409016,8171984,228.30999755859375
1781095384.2357605,8172983,228.9199981689453
1781095407.6778166,8175008,228.9199981689453
1781095412.26966,8176604,229.92999267578125
1781095416.2097344,8177990,231.35000610351562
1781095419.3489604,8179096,231.4600067138672
1781095421.7546968,8179950,233.10000610351562
1781095426.969163,8181775,233.10000610351562
1781095430.8538945,8183165,235.32000732421875
1781095432.9032307,8184201,236.17999267578125
1781095436.295423,8185405,233.9499969482422
1781095439.7461216,8186622,233.83999633789062
1781095443.919347,8188080,233.83999633789062
1781095447.154822,8189198,231.49000549316406
1781095450.0650492,8190219,231.3000030517578
1781095450.990303,8190554,231.41000366210938
1781095454.334375,8191751,231.13999938964844
1781095458.5400748,8193222,231.13999938964844
1781095463.4472752,8194940,231.57000732421875
1781095466.073868,8196166,232.63999938964844
1781095467.3667417,8196619,230.6199951171875
1781095471.7666197,8198160,229.5800018310547
1781095474.5311272,8199133,229.5800018310547
1781095494.3134868,8200276,229.4499969482422
1781095496.7100134,8201446,230.8000030517578
1781095501.3934124,8203114,231.72000122070312
1781095504.2616525,8204110,234.13999938964844
1781095508.222694,8205489,234.13999938964844
1781095512.986557,8207180,235.05999755859375
1781095516.3647096,8208371,235.25
1781095519.563819,8209465,236.47000122070312
1781095522.6037886,8210521,238.7100067138672
1781095526.3435636,8211848,238.7100067138672
1781095529.556793,8213304,236.42999267578125
1781095531.96218,8214144,236.61000061035156
1781095536.626606,8215782,236.74000549316406
1781095538.675471,8216499,236.35000610351562
1781095543.0881734,8218020,236.35000610351562
1781095546.9694977,8219369,237.42999267578125
1781095551.8940334,8221087,237.6199951171875
1781095553.2892692,8221573,237.35000610351562
1781095557.127133,8222912,236.5800018310547
1781095560.3240058,8224343,236.5800018310547
1781095577.4916053,8226089,237.3699951171875
1781095580.277621,8227074,234.97000122070312
1781095582.2917411,8227769,235.5800018310547
1781095585.6932564,8228951,234.85000610351562
1781095589.3659325,8230236,234.85000610351562
1781095592.4293406,8231620,234.8000030517578
1781095597.372026,8233369,232.94000244140625
1781095598.0668972,8233617,234.80999755859375
1781095601.2289617,8234738,233.8699951171875
1781095607.1074834,8236819,233.8699951171875
1781095610.160487,8237901,235.11000061035156
1781095615.9618511,8239953,235.58999633789062
1781095617.4711154,8240468,234.27999877929688
1781095622.0918522,8242089,235.0500030517578
1781095625.8022974,8243747,235.0500030517578
1781095630.9454985,8245585,235.92999267578125
1781095634.7716343,8246924,238.1699981689453
1781095638.5074503,8248240,239.57000732421875
1781095642.5626183,8249683,240.16000366210938
1781095660.614002,8251522,240.16000366210938
1781095663.6281912,8252592,240.3699951171875
1781095668.4743626,8254307,238.02999877929688
1781095669.119699,8254551,237.22999572753906
1781095672.2098892,8255748,239.7100067138672
1781095674.7459528,8256668,239.7100067138672
1781095681.042426,8258894,239.75999450683594
1781095685.5804868,8260833,238.8000030517578
1781095688.567629,8261896,239.86000061035156
1781095692.9459243,8263471,241.52000427246094
1781095696.9736235,8264919,241.52000427246094
1781095699.5862794,8265852,240.80999755859375
1781095704.8838384,8267750,239.0
1781095710.752245,8269857,239.3699951171875
1781095712.6141288,8270529,239.8000030517578
1781095716.35049,8271863,239.8000030517578
1781095718.5279436,8272952,240.7899932861328
1781095720.6207721,8273682,240.08999633789062
1781095739.9098296,8275634,240.6300048828125
1781095743.0426226,8276752,240.19000244140625
1781095747.1003008,8278181,240.19000244140625
1781095750.7689607,8279834,241.7100067138672
1781095755.0220735,8281349,241.22999572753906
1781095757.1500232,8282097,241.99000549316406
1781095762.3932743,8283974,242.8300018310547
1781095767.7210362,8285870,242.8300018310547
1781095770.171941,8286743,242.75999450683594
1781095777.3744543,8289290,244.6300048828125
1781095781.2265167,8290983,246.4199981689453
1781095781.9695523,8291243,246.72999572753906
1781095785.1546392,8292367,246.72999572753906
1781095788.859503,8293704,249.1999969482422
1781095792.1619728,8294846,247.58999633789062
1781095794.8473172,8295785,247.44000244140625
1781095798.0856133,8296925,248.9499969482422
1781095802.5156791,8298509,248.9499969482422
1781095821.9772544,8300207,248.39999389648438
1781095824.3172066,8301014,247.2100067138672
1781095825.2986345,8301365,246.14999389648438
1781095829.3164613,8302779,245.25999450683594
1781095832.0682745,8303764,245.25999450683594
1781095835.7664652,8305060,246.0
1781095841.5992622,8307121,246.52000427246094
1781095843.3021529,8307714,245.33999633789062
1781095845.1405714,8308676,247.32000732421875
1781095849.0039492,8310019,247.32000732421875
1781095853.9133146,8311716,247.1199951171875
1781095855.1140175,8312139,247.99000549316406
1781095858.7971735,8313437,246.94000244140625
1781095864.221408,8315348,247.08999633789062
1781095868.2725594,8316779,247.08999633789062
1781095870.6693387,8317634,246.0
1781095874.6103797,8319374,245.41000366210938
1781095877.6569617,8320448,244.9600067138672
1781095879.388964,8321057,244.19000244140625
1781095883.920349,8322664,244.19000244140625
1781095887.1153936,8323779,243.3699951171875
1781095905.8222065,8325072,243.61000061035156
1781095906.9331863,8325778,241.25999450683594
1781095910.286227,8326987,240.77000427246094
1781095913.7405665,8328211,240.77000427246094
1781095917.1773763,8329419,240.8699951171875
1781095922.2291112,8331213,244.00999450683594
1781095927.704822,8333148,242.10000610351562
1781095927.9432907,8333240,240.4199981689453
1781095930.9682424,8334310,240.4199981689453
1781095937.0197194,8336494,237.9199981689453
1781095941.5470035,8338470,239.3000030517578
1781095942.936048,8338957,241.27999877929688
1781095945.94368,8340036,238.6999969482422
1781095949.7183747,8341385,238.6999969482422
1781095954.8673332,8343242,238.49000549316406
1781095956.836632,8343942,238.99000549316406
1781095959.8539627,8345018,238.99000549316406
1781095963.2051148,8346204,237.8699951171875
1781095965.7936964,8347114,237.8699951171875
1781095969.0646565,8348610,237.3800048828125
1781095971.6174774,8349510,238.5800018310547
1781095995.4885392,8351587,238.02000427246094
1781095995.755963,8351673,237.41000366210938
1781096001.5754423,8354065,237.41000366210938
1781096002.2678816,8354310,237.75
1781096006.4516277,8355835,234.8300018310547
1781096008.8211148,8356684,235.8699951171875
1781096011.0613277,8357494,235.91000366210938
1781096014.8294034,8358834,235.91000366210938
1781096018.3522098,8360090,238.0500030517578
1781096021.3009872,8361137,236.4600067138672
1781096026.0571918,8362825,236.72000122070312
1781096026.9845273,8363163,235.3699951171875
1781096032.259129,8365065,235.3699951171875
1781096034.3427305,8366118,234.99000549316406
1781096037.8371,8367364,234.08999633789062
1781096038.2799323,8367518,232.9199981689453
1781096042.4996376,8369046,232.4600067138672
1781096045.790422,8370209,232.4600067138672
1781096048.3389914,8371110,233.66000366210938
1781096054.0575871,8373141,235.66000366210938
1781096058.0320494,8374564,233.25
1781096081.3666775,8376405,235.24000549316406
1781096086.2399592,8378124,235.24000549316406
1781096091.021419,8379838,235.4199981689453
1781096092.9742796,8380529,235.22999572753906
1781096096.8726754,8382230,234.82000732421875
1781096101.7278414,8383962,235.25
1781096105.7272859,8385425,235.25
1781096109.2588978,8386710,235.14999389648438
1781096113.3758805,8388163,237.19000244140625
1781096117.7061725,8389697,235.25999450683594
1781096120.313905,8390617,237.22999572753906
1781096123.3526094,8391695,237.22999572753906
1781096126.0088575,8392633,238.85000610351562
1781096129.7837586,8394310,239.60000610351562
1781096130.671692,8394626,240.02000427246094
1781096135.1485841,8396193,241.60000610351562
1781096138.9048765,8397555,241.60000610351562
1781096142.4807742,8398826,240.94000244140625
1781096162.8143668,8400810,243.41000366210938
1781096167.2874868,8402258,243.58999633789062
1781096168.7128804,8402723,243.7100067138672
1781096173.5113237,8404344,243.7100067138672
1781096178.172476,8405965,244.30999755859375
1781096181.8300273,8407641,244.2899932861328
1781096182.919264,8408203,243.1199951171875
1781096185.4816494,8409527,244.8800048828125
1781096188.3448079,8411008,244.8800048828125
1781096190.1814167,8412442,244.1300048828125
1781096194.060432,8414459,246.17999267578125
1781096197.3630323,8416146,246.83999633789062
1781096197.8711927,8416401,246.02000427246094
1781096199.7820108,8417401,246.02000427246094
1781096203.3569026,8419261,245.00999450683594
1781096207.3684447,8421254,244.17999267578125
1781096211.238658,8422769,243.1699981689453
1781096212.7331095,8423360,242.57000732421875
1781096230.5764432,8425247,242.57000732421875
1781096234.8270621,8426752,243.4600067138672
1781096238.3727605,8428116,246.72999572753906
1781096239.073459,8428390,246.42999267578125
1781096242.1013632,8429583,245.77000427246094
1781096246.523488,8431200,245.77000427246094
1781096251.4231293,8432947,244.82000732421875
1781096254.7576814,8434656,244.47999572753906
1781096258.0200937,8435916,244.8699951171875
1781096260.7873366,8436900,244.38999938964844
1781096265.1838331,8438462,244.38999938964844
1781096269.3055513,8440041,244.07000732421875
1781096272.9634378,8441337,245.05999755859375
1781096275.4519596,8442214,245.5500030517578
1781096277.111359,8442782,243.35000610351562
1781096280.45533,8443979,243.35000610351562
1781096284.8767583,8445855,241.4600067138672
1781096286.7811759,8446534,241.61000061035156
1781096290.82746,8447949,239.64999389648438
1781096293.9049568,8448999,239.3800048828125
1781096309.382066,8450424,239.3800048828125
1781096311.6102805,8451561,238.2100067138672
1781096314.5487473,8453085,239.47000122070312
1781096316.2921486,8454448,238.85000610351562
1781096319.259211,8455983,239.8000030517578
1781096322.002103,8457400,239.8000030517578
1781096324.796748,8458850,240.85000610351562
1781096327.3071604,8460147,241.58999633789062
1781096328.9909801,8461001,243.08999633789062
1781096331.3165603,8462195,243.55999755859375
1781096334.3599021,8463776,243.55999755859375
1781096338.069791,8465705,243.77999877929688
1781096339.9068918,8466638,243.10000610351562
1781096341.688761,8467526,244.27999877929688
1781096344.5491128,8468778,244.1999969482422
1781096348.0236409,8470339,244.1999969482422
1781096349.634752,8471254,243.9600067138672
1781096354.6891668,8473060,242.1199951171875
1781096355.9660056,8473518,244.16000366210938
1781096359.63795,8474813,243.5500030517578
1781096382.2335925,8476364,243.5500030517578
1781096386.631214,8477962,243.72000122070312
1781096390.0012124,8479154,242.94000244140625
1781096392.3532665,8479997,244.33999633789062
1781096396.3831747,8481420,245.92999267578125
1781096400.207464,8482765,245.92999267578125
1781096405.0952313,8484498,245.11000061035156
1781096407.2778678,8485263,245.4600067138672
1781096410.9007967,8486576,246.4499969482422
1781096411.9441752,8487275,244.47999572753906
1781096415.6153047,8488599,244.47999572753906
1781096419.9545228,8490143,244.52000427246094
1781096425.0109487,8491950,244.66000366210938
1781096425.4883804,8492117,246.19000244140625
1781096429.1520743,8493401,246.60000610351562
1781096433.416792,8494901,246.60000610351562
1781096436.7144117,8496077,249.5399932861328
1781096438.7383027,8496799,248.55999755859375
1781096442.7811005,8498232,249.1199951171875
1781096460.3676767,8500021,251.69000244140625
1781096463.8152108,8501240,251.69000244140625
1781096468.5626433,8502884,251.02000427246094
1781096471.3462257,8503892,249.22999572753906
1781096472.3581004,8504250,248.6199951171875
1781096475.3884816,8505637,250.77000427246094
1781096479.563395,8507092,250.77000427246094
1781096482.083107,8507973,253.50999450683594
1781096484.2709222,8508760,252.17999267578125
1781096488.710284,8510316,252.1199951171875
1781096492.2073956,8511544,252.35000610351562
1781096496.4148731,8513030,252.35000610351562
1781096502.3289027,8515122,252.52999877929688
1781096505.5466094,8516613,254.25999450683594
1781096507.8338888,8517421,254.74000549316406
1781096511.5052547,8518739,255.4600067138672
1781096514.9403772,8519978,255.4600067138672
1781096519.6549432,8521637,254.97000122070312
1781096524.4011698,8523328,255.6699981689453
1781096525.366198,8523660,255.38999938964844
1781096529.0336955,8524980,256.3800048828125
1781096549.573468,8526322,256.3800048828125
1781096554.366656,8528025,256.5199890136719
1781096559.51921,8529879,257.94000244140625
1781096561.8558474,8530701,259.25
1781096564.6307995,8531686,258.55999755859375
1781096567.3202822,8532631,258.55999755859375
1781096569.9995885,8533934,258.80999755859375
1781096575.199441,8535786,256.7699890136719
1781096578.4063454,8536930,257.1400146484375
1781096579.2587035,8537233,254.52000427246094
1781096583.3271155,8538680,254.52000427246094
1781096585.6742265,8539518,255.02000427246094
1781096588.3431022,8540483,254.38999938964844
1781096593.6246903,8542343,255.58999633789062
1781096594.6302173,8542695,256.0400085449219
1781096596.0401547,8543192,256.0400085449219
1781096600.6729646,8545197,253.75999450683594
1781096604.1286557,8546436,253.52999877929688
1781096607.5626018,8547663,255.1999969482422
1781096610.084369,8548557,254.9199981689453
1781096614.1001163,8549996,254.9199981689453
1781096633.8724413,8551541,255.19000244140625
1781096636.478779,8552460,255.24000549316406
1781096639.2852478,8553455,254.64999389648438
1781096644.4809022,8555340,255.16000366210938
1781096647.8142717,8556528,255.16000366210938
1781096652.966793,8558359,253.22000122070312
1781096655.1536098,8559136,252.75
1781096660.387432,8560979,253.8300018310547
1781096662.5342991,8561735,253.57000732421875
1781096664.7139168,8562836,253.57000732421875
1781096668.4955,8564189,253.11000061035156
1781096673.523802,8565934,253.39999389648438
1781096676.4799144,8566969,254.35000610351562
1781096678.4602182,8567664,252.3300018310547
1781096683.1506913,8569314,252.3300018310547
1781096685.2106774,8570046,252.72999572753906
1781096686.6290543,8570526,250.0800018310547
1781096693.8640158,8573087,250.50999450683594
1781096694.2553027,8573220,250.88999938964844
1781096695.614917,8574025,250.88999938964844
1781096715.2027354,8575919,250.47999572753906
1781096720.5443304,8577780,251.58999633789062
1781096722.0565248,8578320,251.86000061035156
1781096725.9836764,8579699,252.3000030517578
1781096727.8535836,8580695,252.3000030517578
1781096731.15304,8581855,251.5
1781096732.5815053,8582354,250.61000061035156
1781096739.675254,8584821,251.1999969482422
1781096739.9375765,8584913,250.8300018310547
1781096742.9576576,8586009,250.8300018310547
1781096747.9497912,8587765,251.99000549316406
1781096751.3667402,8588968,252.39999389648438
1781096753.8115678,8589815,250.36000061035156
1781096757.712418,8591173,249.58999633789062
1781096759.958843,8592294,249.58999633789062
1781096764.7653725,8593974,249.85000610351562
1781096766.676046,8594638,249.63999938964844
1781096771.565818,8596411,249.19000244140625
1781096775.15791,8597693,251.97000122070312
1781096778.9271746,8599008,251.97000122070312
1781096794.4074366,8600992,251.83999633789062
1781096799.2421649,8602685,251.1300048828125
1781096800.5553098,8603153,252.99000549316406
1781096804.659311,8604584,253.10000610351562
1781096808.1117327,8605799,253.10000610351562
1781096810.3540823,8606585,254.0399932861328
1781096814.2213848,8607934,251.07000732421875
1781096817.6856844,8609156,252.1999969482422
1781096820.8337345,8610269,249.8800048828125
1781096823.7544513,8611611,249.8800048828125
1781096827.8508084,8613049,248.13999938964844
1781096831.0517333,8614216,246.8300018310547
1781096836.0139809,8615950,247.94000244140625
1781096838.7391057,8616894,248.61000061035156
1781096842.4178374,8618286,248.61000061035156
1781096845.7323687,8619430,250.19000244140625
1781096850.2177608,8621033,250.24000549316406
1781096851.8208368,8621638,248.30999755859375
1781096853.3855689,8622160,246.19000244140625
1781096856.3193893,8623525,246.19000244140625
1781096874.0093658,8625159,245.69000244140625
1781096875.2601402,8625582,246.77000427246094
1781096879.5533233,8627158,246.77000427246094
1781096884.3247988,8628826,247.39999389648438
1781096888.8429358,8630771,247.39999389648438
1781096892.1359859,8631915,248.5800018310547
1781096894.686664,8632819,249.16000366210938
1781096897.0192702,8633678,247.1999969482422
1781096901.168103,8635099,247.75
1781096904.6572785,8636312,247.75
1781096906.8670871,8637084,247.5399932861328
1781096915.5819664,8640081,247.57000732421875
1781096916.1757548,8640287,247.97000122070312
1781096919.2013113,8641671,250.6300048828125
1781096923.032518,8643010,250.6300048828125
1781096926.020497,8644058,250.97999572753906
1781096929.5631454,8645731,249.72000122070312
1781096930.57443,8646218,248.32000732421875
1781096933.5833354,8647684,249.42999267578125
1781096937.587644,8649544,249.42999267578125
1781096949.484695,8650866,247.42999267578125
1781096953.3501735,8652769,247.9600067138672
1781096954.629013,8653408,246.35000610351562
1781096956.687323,8654425,245.25999450683594
1781096958.0247746,8655087,245.25999450683594
1781096961.32898,8656655,245.16000366210938
1781096962.0674317,8656986,246.17999267578125
1781096965.6948016,8658617,246.7100067138672
1781096967.6026866,8659447,244.32000732421875
1781096971.2803006,8661258,244.32000732421875
1781096974.3819005,8662352,243.33999633789062
1781096976.4015062,8663052,244.4600067138672
1781096979.1149068,8663992,244.94000244140625
1781096982.8217692,8665604,246.5399932861328
1781096987.9304316,8667375,246.5399932861328
1781096991.1053894,8668458,246.83999633789062
1781096994.5261629,8669670,248.10000610351562
1781096997.382468,8670714,247.39999389648438
1781096998.8608108,8671226,244.6300048828125
1781097002.3134074,8672419,244.6300048828125
1781097005.5491405,8673526,243.57000732421875
1781097009.5015275,8674897,242.7100067138672
1781097030.796853,8676612,243.25
1781097034.5603366,8677899,242.2899932861328
1781097038.4454784,8679272,242.2899932861328
1781097042.5089858,8681004,240.6699981689453
1781097045.2179587,8681923,240.4499969482422
1781097049.7288952,8683458,238.0399932861328
1781097053.0780327,8684639,238.94000244140625
1781097055.2376544,8685407,238.94000244140625
1781097059.6341631,8687273,237.02999877929688
1781097061.9758046,8688369,238.83999633789062
1781097064.77103,8689781,240.47000122070312
1781097068.4157367,8691508,241.82000732421875
1781097072.063642,8693204,241.82000732421875
1781097075.320975,8694925,242.22999572753906
1781097076.638617,8695538,242.47999572753906
1781097080.9268954,8697567,241.41000366210938
1781097082.8442042,8698504,240.50999450683594
1781097095.6692903,8700132,240.50999450683594
1781097097.583376,8701013,243.27000427246094
1781097100.0003855,8702241,243.1699981689453
1781097101.6593812,8703023,242.11000061035156
1781097104.9681773,8704542,241.83999633789062
1781097107.1922753,8705953,241.83999633789062
1781097109.8639228,8707030,240.8300018310547
1781097116.8076763,8709445,240.99000549316406
1781097117.8403277,8709804,240.27999877929688
1781097122.9649746,8711791,239.69000244140625
1781097127.0213885,8713369,239.69000244140625
1781097128.8552046,8714273,240.7100067138672
1781097133.9196358,8716686,240.3800048828125
1781097135.6391454,8717488,240.14999389648438
1781097137.3850253,8718754,239.8699951171875
1781097139.9643373,8720090,239.8699951171875
1781097142.549451,8721471,238.61000061035156
1781097143.758955,8722116,238.0500030517578
1781097146.2606826,8723438,237.38999938964844
1781097148.2419536,8724406,239.27999877929688
1781097158.5669873,8725869,239.27999877929688
1781097161.5818343,8727320,239.42999267578125
1781097162.15064,8727586,242.24000549316406
1781097164.6861908,8728817,239.61000061035156
1781097165.80762,8729375,236.6300048828125
1781097169.1164386,8730923,236.6300048828125
1781097169.0655549,8731321,237.0399932861328
1781097174.2080085,8733733,234.83999633789062
1781097174.8124707,8734020,235.00999450683594
1781097177.0981944,8735099,232.05999755859375
1781097178.5516677,8735828,232.05999755859375
1781097182.433328,8737802,232.50999450683594
1781097184.5023682,8738834,232.39999389648438
1781097188.7107418,8740932,231.14999389648438
1781097189.7309544,8741452,232.3300018310547
1781097192.611264,8742938,232.3300018310547
1781097194.7550645,8744059,232.67999267578125
1781097196.4140568,8744932,231.94000244140625
1781097199.7019792,8746657,231.8000030517578
1781097199.889214,8746749,231.97999572753906
1781097202.144177,8748326,231.97999572753906
1781097203.5011177,8748983,232.30999755859375
1781097216.6570737,8750964,232.61000061035156
1781097218.9230843,8752116,232.33999633789062
1781097220.4354286,8752885,231.8699951171875
1781097222.2194705,8753812,231.8699951171875
1781097225.4990525,8755468,231.41000366210938
1781097226.603983,8756020,230.85000610351562
1781097231.712128,8759126,231.1199951171875
1781097231.895007,8759216,231.1300048828125
1781097234.2393818,8760346,231.1300048828125
1781097236.1781762,8761273,230.80999755859375
1781097239.4565258,8762835,232.83999633789062
1781097243.290601,8764461,231.4199981689453
1781097243.5308974,8764553,232.7899932861328
1781097248.1996849,8766480,232.7899932861328
1781097250.9783928,8767799,235.44000244140625
1781097253.10105,8768843,236.8800048828125
1781097254.6838555,8769602,235.08999633789062
1781097257.5106294,8771052,235.85000610351562
1781097260.932291,8772810,235.85000610351562
1781097263.0977895,8773908,235.60000610351562
1781097278.8858707,8775519,234.7100067138672
1781097280.3517668,8776024,237.07000732421875
1781097284.5560071,8777483,238.5800018310547
1781097289.337999,8779148,238.5800018310547
1781097293.5711236,8780601,239.91000366210938
1781097294.926604,8781388,239.3000030517578
1781097297.8020709,8782459,238.97000122070312
1781097302.093699,8783948,237.72000122070312
1781097306.1994429,8785384,237.72000122070312
1781097309.3123133,8786449,238.47999572753906
1781097312.8273575,8787683,237.42999267578125
1781097313.2575798,8787838,237.30999755859375
1781097315.3212047,8788561,234.36000061035156
1781097319.609475,8790049,234.36000061035156
1781097324.0619872,8791629,235.60000610351562
1781097327.3204947,8793151,234.50999450683594
1781097331.5144978,8794627,235.13999938964844
1781097332.2727098,8794885,234.0800018310547
1781097336.9096835,8796489,234.0800018310547
1781097341.5937948,8798129,234.25
1781097346.1164823,8799723,234.8000030517578
1781097361.4842346,8800928,236.55999755859375
1781097363.8309107,8802091,237.60000610351562
1781097366.5252666,8803422,237.60000610351562
1781097369.59397,8804866,237.02999877929688
1781097373.0544362,8806524,235.86000061035156
1781097375.3806374,8807595,236.6300048828125
1781097378.6333709,8809128,236.63999938964844
1781097381.3894331,8810432,236.63999938964844
1781097383.01363,8811227,235.61000061035156
1781097386.6604664,8813012,233.63999938964844
1781097390.1647692,8814587,234.66000366210938
1781097390.486991,8815179,236.3000030517578
1781097393.4017465,8816620,236.3000030517578
1781097396.643279,8818098,235.25999450683594
1781097401.4795914,8820466,235.5399932861328
1781097402.360511,8820890,235.55999755859375
1781097403.846545,8821598,232.92999267578125
1781097406.5646055,8822937,232.92999267578125
1781097410.573999,8824904,231.36000061035156
1781097424.990424,8826358,231.6699981689453
1781097426.771574,8827072,231.85000610351562
1781097429.0706697,8828032,232.80999755859375
1781097432.8909924,8829577,232.80999755859375
1781097436.9797783,8831075,233.88999938964844
1781097440.2607667,8832271,235.99000549316406
1781097442.6696205,8833253,235.75
1781097445.5716207,8834454,236.10000610351562
1781097449.8925438,8836107,236.10000610351562
1781097452.7805526,8837490,236.5500030517578
1781097454.1521235,8838039,235.19000244140625
1781097458.3807259,8839779,238.3699951171875
1781097460.7705874,8840721,236.91000366210938
1781097465.5086422,8842434,236.91000366210938
1781097469.1054018,8843836,238.44000244140625
1781097472.008884,8845031,236.85000610351562
1781097473.4377584,8845614,234.8699951171875
1781097477.1969736,8847066,234.3699951171875
1781097480.4450028,8848254,234.3699951171875
1781097484.1061723,8849718,232.27000427246094
1781097500.1705155,8851047,232.32000732421875
1781097502.5515606,8851985,232.1699981689453
1781097503.7640653,8852435,232.22999572753906
1781097507.087007,8853658,232.22999572753906
1781097510.851875,8855151,230.72000122070312
1781097514.5287085,8856667,229.85000610351562
1781097515.9830558,8857566,231.32000732421875
1781097518.5295188,8858464,231.82000732421875
1781097523.3250418,8860250,231.82000732421875
1781097523.9980824,8860522,234.10000610351562
1781097529.8822138,8862860,234.38999938964844
1781097536.1175454,8865101,235.86000061035156
1781097537.4381506,8865586,235.39999389648438
1781097540.862411,8866977,235.39999389648438
1781097542.9262972,8867812,237.22000122070312
1781097545.6392572,8868803,234.47999572753906
1781097547.8186376,8870021,233.1199951171875
1781097550.718799,8871221,233.27000427246094
1781097554.8671746,8872839,233.27000427246094
1781097558.7889054,8874256,234.25999450683594
1781097574.865072,8875496,233.14999389648438
1781097578.947333,8876909,234.25999450683594
1781097579.8009615,8877533,232.02999877929688
1781097581.7563868,8878234,232.02999877929688
1781097586.3953013,8879872,231.8300018310547
1781097589.486953,8880970,232.02000427246094
1781097591.5820808,8881718,232.66000366210938
1781097594.9659555,8882912,235.47000122070312
1781097598.5671787,8884252,235.47000122070312
1781097604.6714296,8886425,235.8800048828125
1781097607.0927196,8887274,238.52000427246094
1781097610.6619906,8888881,238.8300018310547
1781097613.9854457,8890062,242.1199951171875
1781097618.39068,8891608,242.1199951171875
1781097621.9704487,8892865,242.97999572753906
1781097629.0512922,8895434,242.50999450683594
1781097631.3907883,8896252,244.25
1781097634.5746627,8897364,243.85000610351562
1781097638.1635396,8898814,243.85000610351562
1781097650.5789618,8900542,244.0
1781097652.1170282,8901304,245.22000122070312
1781097656.1975079,8903237,245.72000122070312
1781097657.8593674,8903991,247.07000732421875
1781097659.897329,8905581,247.07000732421875
1781097663.5922742,8907396,246.9499969482422
1781097666.0385265,8908553,246.60000610351562
1781097669.3053536,8910088,246.9600067138672
1781097670.1988945,8910508,246.6300048828125
1781097673.467877,8912052,246.6300048828125
1781097677.4845192,8913976,249.0
1781097679.1382515,8914764,250.35000610351562
1781097681.8790677,8915987,249.86000061035156
1781097684.4390855,8917060,249.61000061035156
1781097687.0153413,8918224,249.61000061035156
1781097688.9936883,8919122,249.19000244140625
1781097689.2400272,8919669,247.2100067138672
1781097691.2761686,8920590,247.08999633789062
1781097696.1327987,8922412,247.97999572753906
1781097699.970788,8924220,247.97999572753906
1781097719.7571018,8925661,247.05999755859375
1781097724.485883,8927651,246.25
1781097726.6402345,8928420,247.88999938964844
1781097730.1989267,8929686,246.3800048828125
1781097735.8096342,8931653,246.3800048828125
1781097740.1118855,8933152,246.85000610351562
1781097744.2706413,8934594,248.19000244140625
1781097748.135803,8936077,247.38999938964844
1781097748.404376,8936169,248.3300018310547
1781097752.3486955,8937849,248.3300018310547
1781097758.6599135,8940028,248.49000549316406
1781097763.0005171,8941518,249.88999938964844
1781097765.0327902,8942226,249.52999877929688
1781097768.1642392,8943319,249.47999572753906
1781097771.4780016,8944465,249.47999572753906
1781097777.0997458,8946453,248.72000122070312
1781097779.9220676,8947858,250.6199951171875
1781097781.0379632,8948415,252.63999938964844
1781097793.6318438,8950215,256.0400085449219
1781097797.4836648,8952066,256.0400085449219
1781097800.6877265,8953327,256.9599914550781
1781097802.0569165,8953797,256.3399963378906
1781097804.9943304,8955106,255.2100067138672
1781097809.8450727,8957255,255.97999572753906
1781097812.8623378,8958677,255.97999572753906
1781097815.2213378,8959789,256.4599914550781
1781097817.6405768,8961211,254.25999450683594
1781097819.0624259,8961824,252.89999389648438
1781097821.32403,8962750,251.88999938964844
1781097823.7290528,8963719,251.88999938964844
1781097827.78964,8965124,251.2100067138672
1781097832.5278783,8966883,251.72999572753906
1781097833.003748,8967063,251.89999389648438
1781097837.760907,8968887,252.39999389648438
1781097841.6475987,8970381,252.39999389648438
1781097845.2094371,8972126,252.19000244140625
1781097847.1756978,8973609,254.11000061035156
1781097859.9721255,8975759,254.60000610351562
1781097860.2071671,8975845,253.88999938964844
1781097863.779044,8977230,253.88999938964844
1781097869.6066525,8979416,255.7899932861328
1781097870.7946053,8979973,255.8300018310547
1781097873.010478,8980971,255.49000549316406
1781097876.59309,8982604,256.2300109863281
1781097878.5021143,8984011,256.2300109863281
1781097881.7572598,8985662,256.8800048828125
1781097884.4245174,8987025,256.4700012207031
1781097885.6148474,8987659,256.82000732421875
1781097887.8693643,8988867,258.3800048828125
1781097891.9646254,8990835,258.3800048828125
1781097895.0740006,8992342,259.3599853515625
1781097897.4772806,8993472,259.1099853515625
1781097899.6675406,8994552,256.75
1781097900.6368768,8995035,255.1699981689453
1781097902.3332462,8995899,255.1699981689453
1781097904.2355359,8996844,255.69000244140625
1781097907.3356187,8998392,254.4499969482422
1781097909.0969064,8999271,254.00999450683594
1781097921.8082032,9000798,255.2100067138672
1781097924.9419048,9002432,255.2100067138672
1781097927.8962715,9003886,256.7300109863281
1781097929.4825613,9004722,257.3299865722656
1781097932.8007078,9006492,258.0199890136719
1781097933.3654947,9006792,258.5899963378906
1781097936.3778627,9008338,258.5899963378906
1781097938.3721378,9009373,260.2900085449219
1781097941.420193,9011469,258.5299987792969
1781097942.5515995,9012056,259.0199890136719
1781097947.3561027,9014552,260.9700012207031
1781097949.5365427,9015713,260.9700012207031
1781097950.084588,9015998,261.1499938964844
1781097954.242553,9018238,261.0
1781097954.6186533,9018435,261.1199951171875
1781097956.7892306,9019595,260.4200134277344
1781097960.0641067,9021234,260.4200134277344
1781097961.8568234,9022161,258.7799987792969
1781097965.0245845,9023839,258.19000244140625
1781097966.9423616,9024855,258.739990234375
1781097979.3240733,9025864,258.9700012207031
1781097984.335157,9027547,258.9700012207031
1781097987.1200862,9028499,258.9200134277344
1781097988.1272886,9028878,259.5
1781097992.022314,9030574,261.2099914550781
1781097994.2480783,9031516,259.0400085449219
1781097997.342604,9032827,259.0400085449219
1781098000.818518,9034370,258.010009765625
1781098001.5047505,9034712,258.5899963378906
1781098002.865234,9035420,255.60000610351562
1781098004.3935213,9036207,256.239990234375
1781098006.8616593,9037907,256.239990234375
1781098009.9428277,9039444,256.69000244140625
1781098012.6188264,9040787,257.0899963378906
1781098013.9864588,9041521,258.5400085449219
1781098016.8461332,9043013,257.0799865722656
1781098020.1327946,9044666,257.0799865722656
1781098022.845709,9046098,257.70001220703125
1781098025.047182,9047224,258.1099853515625
1781098027.6936276,9048582,258.1000061035156
1781098029.885857,9049732,257.9100036621094
1781098040.4569585,9051354,257.9100036621094
1781098042.9924645,9052695,256.25
1781098044.5734859,9053526,255.32000732421875
1781098047.1465755,9054792,252.36000061035156
1781098049.0075955,9055690,252.24000549316406
1781098051.4127727,9056926,252.24000549316406
1781098053.6033027,9058094,251.72999572753906
1781098054.374263,9058507,250.1199951171875
1781098058.5733938,9060661,250.14999389648438
1781098060.2938132,9061543,247.72999572753906
1781098062.9007978,9062916,247.72999572753906
1781098064.6872368,9063814,245.8300018310547
1781098067.0879855,9065025,246.10000610351562
1781098067.7461405,9065848,245.4600067138672
1781098069.6111994,9066851,245.42999267578125
1781098072.4882286,9068401,245.42999267578125
1781098075.0859597,9069713,244.44000244140625
1781098078.701301,9071443,242.33999633789062
1781098079.2671804,9071736,243.42999267578125
1781098081.367653,9072837,241.6999969482422
1781098084.6311834,9074493,241.6999969482422
1781098096.0784316,9075522,242.97999572753906
1781098098.512337,9076800,245.52999877929688
1781098100.6925914,9078350,247.57000732421875
1781098102.456763,9079238,245.91000366210938
1781098105.5446603,9080813,245.91000366210938
1781098108.2004063,9082118,246.08999633789062
1781098110.1560416,9083144,247.1699981689453
1781098111.9918187,9084113,246.49000549316406
1781098114.902787,9085609,248.2899932861328
1781098118.7590976,9087556,248.2899932861328
1781098120.4618556,9088439,248.7100067138672
1781098124.069632,9090279,248.8699951171875
1781098126.515262,9091580,249.4199981689453
1781098129.0444398,9092884,249.16000366210938
1781098131.2776842,9094522,249.16000366210938
1781098134.0655713,9095946,249.74000549316406
1781098135.8735688,9096743,248.50999450683594
1781098139.9363894,9098480,248.92999267578125
1781098157.3307536,9100068,250.39999389648438
1781098161.9306998,9101956,250.39999389648438
1781098164.3146389,9103669,249.82000732421875
1781098168.1932626,9105583,249.8800048828125
1781098168.65984,9105826,250.57000732421875
1781098171.4308805,9107265,248.80999755859375
1781098174.622223,9108947,248.80999755859375
1781098177.5156364,9110426,248.38999938964844
1781098179.0175307,9111200,249.1199951171875
1781098181.9404361,9112684,249.8000030517578
1781098183.504856,9113490,249.67999267578125
1781098186.8269246,9115271,249.67999267578125
1781098189.2669172,9116540,247.89999389648438
1781098190.6168354,9117239,250.50999450683594
1781098192.7339528,9118324,250.30999755859375
1781098194.4849474,9119651,248.35000610351562
1781098197.066972,9120902,248.35000610351562
1781098199.1709802,9121911,250.83999633789062
1781098201.4545724,9123079,249.38999938964844
1781098203.1556482,9123940,248.10000610351562
1781098217.8754394,9125092,248.57000732421875
1781098221.1386468,9126302,248.57000732421875
1781098224.8481514,9127725,248.64999389648438
1781098226.1685736,9128508,249.24000549316406
1781098229.742589,9130170,249.41000366210938
1781098232.143543,9131314,250.3800048828125
1781098235.4662116,9132922,250.3800048828125
1781098239.2267063,9134521,250.3699951171875
1781098241.7082207,9135609,250.6199951171875
1781098246.466899,9137470,249.08999633789062
1781098247.6476226,9137886,250.63999938964844
1781098251.5291722,9139270,250.63999938964844
1781098257.2231293,9141349,249.61000061035156
1781098258.9060934,9142328,249.39999389648438
1781098260.2572534,9142815,246.86000061035156
1781098265.8739052,9144822,247.47999572753906
1781098271.0822575,9146748,247.47999572753906
1781098273.5195756,9147610,246.64999389648438
1781098276.574186,9148662,247.02000427246094
1781098284.8148685,9150181,248.83999633789062
1781098287.2557356,9151048,250.7899932861328
1781098290.1119118,9152505,250.7899932861328
1781098291.2097335,9152896,250.57000732421875
1781098293.3051777,9153646,250.47999572753906
1781098300.0836592,9156086,248.07000732421875
1781098300.3363535,9156178,247.77999877929688
1781098304.4402971,9157626,247.77999877929688
1781098309.3846679,9159388,245.77000427246094
1781098314.411768,9161171,245.5500030517578
1781098315.7708788,9161646,247.16000366210938
1781098318.5856965,9162754,247.2899932861328
1781098321.8357453,9164231,247.2899932861328
1781098326.1681771,9165786,245.66000366210938
1781098328.302651,9166542,247.00999450683594
1781098332.9456303,9168229,246.27999877929688
1781098336.3388243,9169433,245.35000610351562
1781098340.9869275,9171072,245.35000610351562
1781098346.9496338,9173194,246.77000427246094
1781098350.6604464,9174623,248.57000732421875
1781098362.2194378,9175892,248.7100067138672
1781098364.230036,9176928,249.16000366210938
1781098367.3770556,9178544,249.16000366210938
1781098368.9905233,9179377,249.64999389648438
1781098373.9630702,9181911,248.97000122070312
1781098380.0982943,9184900,248.4499969482422
1781098381.0739732,9185408,248.80999755859375
1781098383.2115703,9187001,248.80999755859375
1781098384.9453394,9187904,248.1999969482422
1781098389.2652307,9190144,250.1199951171875
1781098390.273311,9190658,249.33999633789062
1781098392.9042091,9192026,250.19000244140625
1781098394.915423,9193071,250.19000244140625
1781098396.7289433,9194002,251.44000244140625
1781098401.3021584,9196298,250.2899932861328
1781098401.8751764,9196577,253.52999877929688
1781098405.5704975,9198491,254.6300048828125
1781098419.2884161,9200346,254.6300048828125
1781098422.8445282,9201694,254.00999450683594
1781098424.77914,9202352,253.00999450683594
1781098427.2433364,9203478,251.11000061035156
1781098430.263683,9205013,253.16000366210938
1781098433.5393703,9206699,253.16000366210938
1781098435.741874,9207788,253.35000610351562
1781098439.061988,9209298,252.41000366210938
1781098440.3450477,9209943,251.49000549316406
1781098443.8042758,9211617,251.25
1781098446.5470004,9212943,251.25
1781098448.0047877,9214106,250.75999450683594
1781098451.9442546,9215924,250.69000244140625
1781098452.7153947,9216310,254.14999389648438
1781098456.2350771,9218222,254.50999450683594
1781098459.043686,9219752,254.50999450683594
1781098462.8726609,9221811,253.75999450683594
1781098464.117932,9222473,254.9600067138672
1781098482.0359237,9225171,255.67999267578125
1781098482.9110682,9225496,258.75
1781098486.1452565,9226759,258.75
1781098491.8963792,9228768,260.95001220703125
1781098496.7051673,9230464,261.5799865722656
1781098498.4726253,9231109,262.5199890136719
1781098501.3695734,9232448,263.17999267578125
1781098503.3494236,9233356,263.17999267578125
1781098504.3782253,9233822,263.19000244140625
1781098508.592805,9235870,262.3900146484375
1781098509.8242884,9236464,261.8900146484375
1781098511.6795325,9237865,263.1600036621094
1781098515.0686464,9239586,263.1600036621094
1781098518.05488,9241069,261.3500061035156
1781098520.6343348,9242372,261.05999755859375
1781098522.9179294,9243503,261.4800109863281
1781098524.577753,9244337,263.1400146484375
1781098527.9767158,9245982,263.1400146484375
1781098530.8635983,9247402,263.2300109863281
1781098533.861791,9248939,262.1499938964844
1781098534.3101876,9249172,262.2799987792969
1781098545.7317274,9250565,260.54998779296875
1781098548.9404488,9252074,260.54998779296875
1781098551.9056141,9253522,259.8500061035156
1781098552.322135,9253721,259.1499938964844
1781098554.7864878,9254892,256.19000244140625
1781098557.685806,9256231,256.5799865722656
1781098560.4379063,9257452,256.5799865722656
1781098564.2584937,9258938,255.27999877929688
1781098567.4523728,9260486,255.9499969482422
1781098567.7503846,9260628,255.8000030517578
1781098571.9423327,9262502,253.67999267578125
1781098572.8065293,9262871,253.67999267578125
1781098575.5504549,9264499,251.33999633789062
1781098576.302994,9264839,251.11000061035156
1781098579.7095094,9266297,250.47000122070312
1781098582.7755985,9267639,251.10000610351562
1781098585.1507506,9268842,251.10000610351562
1781098588.1956828,9270273,250.1199951171875
1781098590.7425947,9271464,249.1699981689453
1781098594.4335115,9273279,248.72999572753906
1781098594.6346378,9273371,248.52000427246094
1781098607.428146,9275284,248.52000427246094
1781098610.579353,9276852,250.02999877929688
1781098611.4279768,9277264,249.77999877929688
1781098613.2073195,9278173,250.3300018310547
1781098615.7522283,9279444,253.02999877929688
1781098619.0285044,9281012,253.02999877929688
1781098621.4463532,9282263,252.8699951171875
1781098623.6213777,9283382,253.4199981689453
1781098627.9170067,9285593,254.6300048828125
1781098628.1341097,9285685,253.72000122070312
1781098631.3248346,9287258,253.72000122070312
1781098633.9632814,9288562,254.5500030517578
1781098636.301345,9290310,253.77000427246094
1781098637.7628493,9291091,253.02000427246094
1781098639.9674325,9292239,252.22000122070312
1781098642.9920208,9293810,252.22000122070312
1781098645.2790642,9294975,250.77000427246094
1781098646.7866967,9295705,248.41000366210938
1781098652.107071,9298140,248.8000030517578
1781098653.3531044,9298709,248.82000732421875
1781098666.6294978,9300560,248.82000732421875
1781098668.409622,9301893,249.10000610351562
1781098671.520681,9303463,249.25999450683594
1781098673.187754,9304358,250.05999755859375
1781098673.9129372,9304749,248.50999450683594
1781098676.8540308,9306218,248.50999450683594
1781098678.4527411,9306887,249.6300048828125
1781098683.521895,9309381,247.69000244140625
1781098684.5651133,9309914,248.9600067138672
1781098686.5820715,9310917,247.0
1781098687.6717486,9311446,247.0
1781098691.2955859,9313300,247.3000030517578
1781098693.053498,9314166,248.1999969482422
1781098694.1831126,9314726,247.66000366210938
1781098697.6682122,9316491,249.57000732421875
1781098700.264786,9318250,249.57000732421875
1781098703.0699494,9319662,250.58999633789062
1781098706.3864582,9321323,250.86000061035156
1781098708.9379277,9322502,249.55999755859375
1781098710.2608023,9323143,248.88999938964844
1781098712.73796,9324358,248.88999938964844
1781098730.2433887,9326163,249.24000549316406
1781098733.135836,9327625,248.63999938964844
1781098735.5159307,9328447,249.49000549316406
1781098739.020799,9329616,248.2899932861328
1781098743.4599383,9331260,248.2899932861328
1781098745.9030097,9332169,248.1199951171875
1781098751.7052774,9334212,247.94000244140625
1781098755.4030068,9335480,246.60000610351562
1781098758.0290282,9336482,245.94000244140625
1781098762.1183016,9338393,245.94000244140625
1781098767.9939978,9340353,245.77000427246094
1781098769.3700907,9340811,247.5800018310547
1781098773.7826777,9342459,248.02999877929688
1781098775.8085084,9343217,246.1999969482422
1781098779.8158526,9344664,246.1999969482422
1781098781.3742514,9345179,246.7100067138672
1781098783.6084964,9345913,244.07000732421875
1781098788.848578,9347811,244.27999877929688
1781098789.9932237,9348228,243.83999633789062
1781098793.0142348,9349362,243.83999633789062
1781098810.9339519,9350768,244.2899932861328
1781098812.5956073,9351361,245.72000122070312
1781098817.7244732,9353285,243.36000061035156
1781098819.0333407,9353799,241.10000610351562
1781098822.3675513,9355063,241.10000610351562
1781098827.127383,9356940,241.1699981689453
1781098830.4678025,9358161,241.6300048828125
1781098831.5645525,9358567,242.82000732421875
1781098836.0529637,9360283,242.0
1781098840.018604,9361675,242.0
1781098844.4736626,9363243,239.85000610351562
1781098847.62213,9364457,239.5500030517578
1781098850.7636876,9365668,239.63999938964844
1781098853.2700436,9366541,239.55999755859375
1781098856.8790586,9368153,239.55999755859375
1781098859.4221075,9369078,239.89999389648438
1781098863.7532463,9370744,238.8300018310547
1781098864.652946,9371094,238.52999877929688
1781098867.6236699,9372114,236.89999389648438
1781098872.4194963,9373728,236.89999389648438
1781098889.247974,9375455,236.7899932861328
1781098890.3074756,9375860,236.50999450683594
1781098894.1016388,9377272,237.27999877929688
1781098897.1002731,9378287,236.4600067138672
1781098901.6689093,9379821,236.4600067138672
1781098904.94558,9381028,234.61000061035156
1781098908.6153774,9382790,233.8699951171875
1781098909.6178708,9383284,232.83999633789062
1781098911.4635613,9384152,232.9600067138672
1781098915.1676333,9385947,232.9600067138672
1781098918.9542532,9387720,233.92999267578125
1781098921.4856505,9389394,236.69000244140625
1781098922.5683763,9389902,236.3800048828125
1781098925.3910286,9391176,237.83999633789062
1781098927.9573646,9392410,237.83999633789062
1781098930.9932654,9393998,238.85000610351562
1781098933.358231,9395238,239.47999572753906
1781098933.7854884,9395458,238.00999450683594
1781098937.0221617,9397061,236.32000732421875
1781098940.5446267,9398856,236.32000732421875
1781098953.482983,9400606,236.57000732421875
1781098956.261515,9402011,237.97000122070312
1781098958.2941954,9403027,238.8300018310547
1781098959.5210433,9403648,239.4499969482422
1781098961.0307176,9404425,239.4499969482422
1781098965.0520535,9406497,238.69000244140625
1781098967.7776637,9407953,239.67999267578125
1781098969.6179287,9408929,242.10000610351562
1781098971.5964622,9409947,242.0
1781098973.6004248,9410944,242.0
1781098977.2772853,9412836,240.27000427246094
1781098980.2044592,9414300,240.1199951171875
1781098982.0942833,9415292,240.52000427246094
1781098982.9468544,9416176,241.47000122070312
1781098986.2580001,9417858,241.47000122070312
1781098989.5866792,9419579,244.02000427246094
1781098992.9675167,9421297,243.9199981689453
1781098994.5349147,9422096,243.9199981689453
1781098995.8049107,9422749,243.52000427246094
1781098998.4904742,9424114,243.52000427246094
1781099012.1386123,9425078,245.32000732421875
1781099015.0783684,9426436,246.38999938964844
1781099018.9495153,9427788,245.66000366210938
1781099022.488554,9429027,246.1999969482422
1781099025.6750581,9430456,246.1999969482422
1781099029.1512837,9432277,244.41000366210938
1781099032.3246443,9433614,245.02999877929688
1781099035.0607665,9434988,245.0800018310547
1781099037.4416728,9435898,244.58999633789062
1781099039.9584978,9437072,244.58999633789062
1781099044.6033866,9439451,244.9499969482422
1781099045.8969405,9440111,246.1999969482422
1781099047.2284117,9441259,243.39999389648438
1781099049.6728475,9442502,243.52000427246094
1781099052.768682,9444081,243.52000427246094
1781099055.9283378,9445690,245.13999938964844
1781099058.0648475,9446792,244.44000244140625
1781099058.9042358,9447210,244.7899932861328
1781099063.1037934,9449234,245.39999389648438
1781099076.3331237,9450933,245.39999389648438
1781099077.848422,9452127,247.07000732421875
1781099081.7563531,9454148,247.25
1781099083.51962,9455045,248.52000427246094
1781099084.9179363,9455756,247.10000610351562
1781099088.533709,9457598,247.10000610351562
1781099091.8996584,9459340,248.7100067138672
1781099093.9858668,9460412,248.8300018310547
1781099095.1518655,9460949,248.69000244140625
1781099098.1239202,9462290,250.0399932861328
1781099100.9301736,9463588,250.0399932861328
1781099102.45244,9464356,249.27999877929688
1781099106.3897843,9466342,248.5500030517578
1781099107.2204676,9466745,248.39999389648438
1781099109.457815,9467827,250.57000732421875
1781099111.2600994,9469192,250.57000732421875
1781099113.4445229,9470219,249.6300048828125
1781099116.8589709,9471756,250.36000061035156
1781099120.0263224,9473237,251.97000122070312
1781099123.0085995,9474703,251.30999755859375
1781099140.9590547,9476397,251.30999755859375
1781099141.9177403,9477355,252.4499969482422
1781099144.8280084,9478801,250.2899932861328
1781099147.6136904,9480181,251.7100067138672
1781099149.0416486,9480865,250.25
1781099151.9291403,9482366,250.25
1781099154.1787663,9483570,251.38999938964844
1781099155.1331239,9484068,253.02999877929688
1781099158.4724717,9485463,251.94000244140625
1781099160.9976397,9486627,252.6699981689453
1781099163.7431614,9487944,252.6699981689453
1781099167.3927736,9489691,252.3300018310547
1781099170.5870566,9491132,252.6300048828125
1781099173.2018068,9492702,254.44000244140625
1781099173.400098,9492794,254.89999389648438
1781099176.700874,9494335,254.89999389648438
1781099178.3566887,9495135,255.5399932861328
1781099181.0690732,9496439,254.6199951171875
1781099182.8436968,9497075,251.6999969482422
1781099188.2078578,9498913,253.32000732421875
1781099208.473483,9500751,253.32000732421875
1781099211.579706,9501861,253.32000732421875
1781099217.1175203,9504008,255.61000061035156
1781099218.3830545,9504515,254.94000244140625
1781099221.2642093,9505908,255.8800048828125
1781099224.2376242,9507376,255.8800048828125
1781099225.4724684,9507957,255.88999938964844
1781099228.3258576,9509297,256.0
1781099231.431235,9510550,258.19000244140625
1781099233.2652416,9511344,260.69000244140625
1781099236.8540585,9513071,260.69000244140625
1781099239.2186546,9513973,261.30999755859375
1781099243.2295725,9515304,260.1000061035156
1781099245.635495,9516124,260.739990234375
1781099248.7779653,9517197,260.54998779296875
1781099251.9103422,9518377,260.54998779296875
1781099255.6780148,9519794,260.3699951171875
1781099259.744822,9521201,259.6300048828125
1781099261.7352793,9521903,259.7099914550781
1781099264.9925227,9523160,259.2699890136719
1781099268.255771,9524782,259.2699890136719
1781099284.0392277,9525698,259.3399963378906
1781099287.7685692,9526948,259.3599853515625
1781099292.144396,9528478,258.7099914550781
1781099294.0264208,9529178,258.19000244140625
1781099297.9449768,9530677,258.19000244140625
1781099299.1222892,9531416,259.3900146484375
1781099302.7259026,9532665,257.6700134277344
1781099305.8465688,9533756,254.30999755859375
1781099308.5240877,9534735,252.39999389648438
1781099311.4363797,9535868,252.39999389648438
1781099313.2159374,9536559,253.39999389648438
1781099316.6890266,9537839,253.85000610351562
1781099321.440288,9539534,252.33999633789062
1781099323.200038,9540134,251.8300018310547
1781099327.9711735,9541826,251.8300018310547
1781099330.3956783,9543089,252.3000030517578
1781099332.9621162,9544051,251.14999389648438
1781099335.3620129,9544890,251.4199981689453
1781099339.0658283,9546221,249.02999877929688
1781099344.0408554,9547966,249.02999877929688
1781099347.359306,9549058,249.50999450683594
1781099348.210896,9549362,246.9199981689453
1781099362.2131066,9550822,245.61000061035156
1781099364.8688967,9552197,245.4199981689453
1781099368.178903,9553483,245.4199981689453
1781099371.662723,9555194,244.3800048828125
1781099374.1981199,9556462,243.4600067138672
1781099377.588654,9558109,243.0500030517578
1781099381.0407536,9559674,243.97000122070312
1781099384.9510098,9561219,243.97000122070312
1781099388.5937676,9562843,244.27000427246094
1781099391.0016818,9563678,243.9199981689453
1781099393.960962,9565038,241.6199951171875
1781099395.4426954,9565551,241.33999633789062
1781099400.3787673,9567325,241.33999633789062
1781099405.984507,9569241,243.74000549316406
1781099408.771229,9570214,244.52000427246094
1781099413.366465,9571819,241.75999450683594
1781099414.2887917,9572141,241.6199951171875
1781099418.2772362,9573545,241.6199951171875
1781099437.0565393,9575222,242.58999633789062
1781099440.5635028,9576469,241.72999572753906
1781099443.0289042,9577350,242.4499969482422
1781099448.003132,9579097,243.22999572753906
1781099451.7023954,9580392,243.22999572753906
1781099454.92719,9581532,243.0399932861328
1781099458.4262989,9583137,243.41000366210938
1781099462.4387639,9584539,244.02000427246094
1781099465.1570568,9585476,244.5
1781099468.4131894,9586602,244.5
1781099472.6632066,9588099,245.41000366210938
1781099476.8314984,9589580,242.0
1781099479.9763231,9590689,242.92999267578125
1781099482.6690934,9591627,242.4600067138672
1781099486.7932503,9593063,242.4600067138672
1781099489.2761574,9594257,242.47000122070312
1781099493.3575158,9595682,241.8699951171875
1781099497.05868,9596959,244.4199981689453
1781099497.4114301,9597082,245.08999633789062
1781099500.7898679,9598260,245.08999633789062
1781099520.2494493,9600250,244.27000427246094
1781099522.797554,9601463,245.3800048828125
1781099524.2372699,9601969,244.38999938964844
1781099527.474721,9603094,243.13999938964844
1781099531.9194303,9604653,243.13999938964844
1781099536.6310565,9606318,242.6300048828125
1781099538.6649444,9607029,242.9199981689453
1781099542.5119216,9608387,243.0800018310547
1781099544.225163,9608999,242.24000549316406
1781099546.040664,9609650,242.24000549316406
1781099550.6216037,9611260,239.0
1781099553.7514672,9612683,238.97999572753906
1781099557.234755,9613965,239.49000549316406
1781099561.683661,9615451,238.67999267578125
1781099567.7196975,9617529,238.67999267578125
1781099572.8514807,9619309,239.97999572753906
1781099577.9979305,9621014,242.3800048828125
1781099580.3783257,9621891,242.2100067138672
1781099581.7091427,9622348,239.8699951171875
1781099585.5497584,9623999,239.8699951171875
1781099604.834525,9625082,239.8000030517578
1781099609.6364856,9626803,238.52999877929688
1781099612.837705,9627878,239.30999755859375
1781099614.681142,9628842,237.7100067138672
1781099618.2834594,9630389,237.7100067138672
1781099620.0957394,9631275,236.33999633789062
1781099622.1963258,9632321,236.8699951171875
1781099625.3383613,9633856,234.2100067138672
1781099627.6859732,9634868,235.89999389648438
1781099630.9712236,9636356,235.89999389648438
1781099633.4766004,9637576,235.02999877929688
1781099636.957986,9639182,233.22000122070312
1781099640.0034816,9640567,234.2100067138672
1781099641.367314,9641234,233.42999267578125
1781099644.8689263,9642959,233.42999267578125
1781099647.0068796,9644536,234.57000732421875
1781099650.6463428,9646420,232.6999969482422
1781099650.9911172,9646587,232.3000030517578
1781099653.5234778,9647806,230.13999938964844
1781099657.1854491,9649551,230.13999938964844
1781099673.4094603,9650985,229.47999572753906
1781099674.6595113,9651576,230.41000366210938
1781099679.3146894,9654197,232.19000244140625
1781099679.9510164,9654498,231.75999450683594
1781099683.456406,9656261,231.75999450683594
1781099685.5248728,9657288,231.13999938964844
1781099691.209598,9659989,230.10000610351562
1781099691.8056314,9660260,230.6999969482422
1781099694.9372258,9661746,231.89999389648438
1781099697.9853399,9663151,231.89999389648438
1781099702.6325977,9665222,230.25
1781099704.1439352,9665725,230.6199951171875
1781099708.5978334,9667226,229.08999633789062
1781099711.0675802,9668507,228.44000244140625
1781099716.672937,9670363,228.44000244140625
1781099719.362813,9671332,229.0800018310547
1781099723.6309218,9672952,227.39999389648438
1781099726.9785001,9674172,226.39999389648438
1781099728.760014,9674831,226.16000366210938
1781099748.746999,9676390,226.16000366210938
1781099753.0239124,9678032,228.0500030517578
1781099756.3438811,9679213,227.6999969482422
1781099761.8041015,9681358,228.27999877929688
1781099762.006403,9681450,228.6199951171875
1781099765.2861316,9682968,228.6199951171875
1781099767.5154498,9683991,229.6999969482422
1781099771.1294134,9685667,232.52000427246094
1781099772.4821918,9686759,232.35000610351562
1781099775.1216335,9688054,234.61000061035156
1781099777.4110713,9689186,234.61000061035156
1781099780.9007785,9690878,235.3699951171875
1781099782.5977418,9691643,237.22999572753906
1781099787.1281767,9693812,239.61000061035156
1781099787.443891,9693957,242.0
1781099791.2157328,9695768,242.0
1781099793.9964995,9697126,242.80999755859375
1781099794.9746964,9697584,242.0800018310547
1781099797.6512814,9698787,244.47999572753906
1781099809.2894323,9700594,245.52999877929688
1781099813.1692696,9702310,245.52999877929688
1781099816.2571638,9703739,245.86000061035156
1781099818.6043928,9704747,246.77000427246094
1781099821.5019674,9706210,247.13999938964844
1781099822.9913192,9706948,249.22000122070312
1781099826.1535456,9708507,249.22000122070312
1781099828.9467509,9709911,249.3000030517578
1781099832.1330898,9711524,249.8000030517578
1781099832.368961,9711640,251.36000061035156
1781099835.9559534,9713149,252.6699981689453
1781099836.3977413,9713749,252.6699981689453
1781099839.915222,9715382,251.1199951171875
1781099842.4579146,9716635,250.92999267578125
1781099843.4016154,9717089,250.0500030517578
1781099844.912506,9717838,246.55999755859375
1781099847.9486217,9719279,246.55999755859375
1781099851.341084,9720904,247.19000244140625
1781099852.9434025,9721665,247.10000610351562
1781099855.5898023,9722964,249.92999267578125
1781099857.7724857,9723985,247.49000549316406
1781099875.4022484,9725932,247.49000549316406
1781099880.0306375,9727645,248.3699951171875
1781099883.3155663,9728822,247.25
1781099887.8034194,9730392,248.72999572753906
1781099891.1910925,9731630,249.47000122070312
1781099894.6691134,9733132,249.47000122070312
1781099897.5139096,9734289,249.27999877929688
1781099901.9326055,9736448,249.4600067138672
1781099902.4116113,9736610,248.75999450683594
1781099906.0903957,9738033,248.27999877929688
1781099909.2533762,9739665,248.27999877929688
1781099912.0101502,9741080,248.8800048828125
1781099913.48618,9741714,248.44000244140625
1781099916.7073555,9743314,247.24000549316406
1781099919.3717554,9744558,245.86000061035156
1781099921.7165835,9745776,245.86000061035156
1781099925.5117667,9747737,246.44000244140625
1781099927.8051975,9748943,247.97999572753906
1781099929.0134497,9749498,246.35000610351562
1781099939.3754866,9750226,244.27000427246094
1781099942.8146756,9751983,244.27000427246094
1781099945.0688374,9753096,243.47000122070312
1781099945.9122741,9753526,243.36000061035156
1781099949.55767,9755324,240.58999633789062
1781099950.199881,9755608,240.1999969482422
1781099954.673443,9757561,240.1999969482422
1781099957.1350784,9758778,240.44000244140625
1781099958.493694,9759501,240.27000427246094
1781099960.730046,9760701,241.6300048828125
1781099962.4734693,9762086,242.02999877929688
1781099966.1530185,9763932,242.02999877929688
1781099969.3801181,9765597,241.9199981689453
1781099973.1537814,9767626,242.9199981689453
1781099975.6062107,9768845,242.42999267578125
1781099976.33777,9769213,244.02000427246094
1781099978.6010058,9770307,244.02000427246094
1781099982.3820922,9772106,246.5800018310547
1781099984.8357213,9773222,246.57000732421875
1781100000.0948648,9775033,247.69000244140625
1781100002.11848,9775692,246.11000061035156
1781100003.9973617,9776509,246.11000061035156
1781100006.613197,9777648,242.47999572753906
1781100009.7291217,9779086,241.6999969482422
1781100011.7453003,9780016,239.75
1781100013.9165907,9780997,241.47000122070312
1781100018.4829566,9782938,241.47000122070312
1781100019.2914047,9783347,243.64999389648438
1781100022.0675404,9784707,244.5399932861328
1781100024.649273,9785953,244.77999877929688
1781100026.3273623,9787155,244.52999877929688
1781100031.3264074,9789189,244.52999877929688
1781100034.270657,9790217,245.41000366210938
1781100038.4081268,9792059,246.52000427246094
1781100040.5591464,9793166,247.6199951171875
1781100041.3520496,9793538,248.1199951171875
1781100045.1871448,9794983,248.1199951171875
1781100048.9421072,9796263,247.77999877929688
1781100054.0785306,9798153,248.52000427246094
1781100056.3692508,9799395,249.30999755859375
1781100071.9755414,9800502,250.30999755859375
1781100075.2988412,9801620,250.30999755859375
1781100079.065374,9802875,247.32000732421875
1781100080.629003,9803394,248.47999572753906
1781100085.3359694,9805222,249.44000244140625
1781100087.729283,9806481,250.3699951171875
1781100093.1347122,9808427,250.3699951171875
1781100097.2277184,9810009,249.72000122070312
1781100098.3496268,9810440,248.5
1781100101.9811232,9811848,246.69000244140625
1781100106.143735,9813343,247.16000366210938
1781100108.9722128,9814346,247.16000366210938
1781100110.9807973,9815076,244.9199981689453
1781100112.9514081,9815803,244.13999938964844
1781100117.4742384,9817661,244.69000244140625
1781100119.380082,9818946,244.22999572753906
1781100122.5356917,9820438,244.22999572753906
1781100125.0999825,9821703,245.77999877929688
1781100125.8047342,9822041,246.32000732421875
1781100129.5519507,9823894,244.83999633789062
1781100129.8429143,9824040,244.3800048828125
1781100147.1596496,9825662,244.3800048828125
1781100151.6296785,9827280,243.33999633789062
1781100151.813253,9827725,245.77000427246094
1781100156.643412,9829612,246.74000549316406
1781100158.9124951,9830392,247.25999450683594
1781100161.20588,9831218,247.25999450683594
1781100165.7751846,9832909,246.44000244140625
1781100169.064252,9834206,247.4499969482422
1781100170.7226617,9834859,246.4199981689453
1781100173.7807493,9835964,246.24000549316406
1781100178.34722,9837558,246.24000549316406
1781100181.7752864,9838841,246.25
1781100185.2464495,9840546,245.8000030517578
1781100186.9685533,9841178,245.86000061035156
1781100189.4738755,9842049,245.91000366210938
1781100192.9313657,9843317,245.91000366210938
1781100195.7206545,9844397,243.67999267578125
1781100201.1662962,9846414,243.8000030517578
1781100205.5740669,9847948,243.82000732421875
1781100210.1011276,9849678,243.27999877929688
1781100224.8603055,9850645,243.27999877929688
1781100229.7312303,9852459,242.32000732421875
1781100234.1050892,9853985,243.0500030517578
1781100237.4664192,9855247,243.6699981689453
1781100238.6994944,9855712,240.42999267578125
1781100243.983364,9857700,240.42999267578125
1781100246.9569845,9859053,239.50999450683594
1781100249.0072005,9859769,240.2899932861328
1781100250.929398,9860457,237.08999633789062
1781100254.2308311,9861721,236.63999938964844
1781100257.6903002,9863056,236.63999938964844
1781100262.9912226,9864867,236.52999877929688
1781100265.9589915,9865923,237.9499969482422
1781100268.4956608,9866911,238.94000244140625
1781100271.0619605,9867910,236.6699981689453
1781100275.8992834,9869605,236.6699981689453
1781100279.2999268,9871093,238.33999633789062
1781100283.4594429,9872731,238.49000549316406
1781100285.9344497,9873686,240.72999572753906
1781100288.8598142,9874710,243.2899932861328
1781100308.719613,9876224,243.2899932861328
1781100311.2684174,9877533,241.74000549316406
1781100315.3170688,9879061,240.9600067138672
1781100319.2497966,9880377,239.2100067138672
1781100319.5320048,9880469,241.77000427246094
1781100323.4916563,9881861,241.77000427246094
1781100328.0845556,9883642,239.0
1781100329.8535345,9884250,238.97000122070312
1781100336.9950457,9886683,238.85000610351562
1781100339.6938572,9887650,238.9199981689453
1781100343.1556354,9889581,238.9199981689453
1781100345.121896,9890455,239.58999633789062
1781100349.429481,9892320,237.60000610351562
1781100350.907087,9893004,237.42999267578125
1781100353.660955,9894455,238.25999450683594
1781100357.0089595,9896159,238.25999450683594
1781100359.5021815,9897429,237.1699981689453
1781100362.855347,9899082,237.2899932861328
1781100376.0035002,9900151,237.9600067138672
1781100379.3921275,9901459,238.2899932861328
1781100383.9005728,9903134,238.2899932861328
1781100387.7549667,9904384,238.50999450683594
1781100390.6885722,9905417,238.92999267578125
1781100393.8377154,9906633,238.63999938964844
1781100397.2659516,9907970,240.1999969482422
1781100399.4994025,9908796,240.1999969482422
1781100403.512131,9910407,238.0399932861328
1781100403.8403745,9910837,237.0500030517578
1781100407.1806128,9912113,239.44000244140625
1781100409.2086997,9913083,237.4499969482422
1781100411.7587466,9914326,237.4499969482422
1781100414.646409,9915731,236.57000732421875
1781100417.930416,9917325,237.47000122070312
1781100418.5667787,9917636,237.82000732421875
1781100420.848461,9918705,237.50999450683594
1781100424.2105346,9920053,237.50999450683594
1781100427.9563367,9921333,237.86000061035156
1781100431.2700844,9922707,237.13999938964844
1781100432.9099433,9923422,236.2899932861328
1781100435.208937,9924345,234.16000366210938
1781100452.0211418,9926274,234.16000366210938
1781100457.6491234,9928198,234.41000366210938
1781100459.8044536,9929083,234.27999877929688
1781100461.2544274,9929763,234.4199981689453
1781100463.8405068,9931079,235.88999938964844
1781100467.0099192,9932756,235.88999938964844
1781100469.5097816,9934517,238.33999633789062
1781100471.6207125,9935523,238.61000061035156
1781100473.7768974,9936501,239.05999755859375
1781100475.7927763,9937540,237.8300018310547
1781100478.3503764,9938858,237.8300018310547
1781100479.4675243,9939436,237.50999450683594
1781100480.4367023,9939929,236.49000549316406
1781100483.1985228,9941345,236.10000610351562
1781100485.865446,9942726,236.77000427246094
1781100487.3647451,9943489,236.77000427246094
1781100490.0699809,9944762,233.97999572753906
1781100493.1740088,9946341,234.72000122070312
1781100495.9501085,9947564,234.4499969482422
1781100497.971405,9948554,233.80999755859375
1781100513.0990324,9950234,233.80999755859375
1781100514.6610458,9950869,234.6999969482422
1781100517.5409317,9952139,235.52999877929688
1781100520.741563,9953478,234.67999267578125
1781100522.952223,9954448,232.77000427246094
1781100527.2227423,9956295,232.77000427246094
1781100530.1921852,9958088,234.3000030517578
1781100533.2012596,9959544,234.42999267578125
1781100535.0579817,9960461,232.16000366210938
1781100536.140352,9961037,231.6300048828125
1781100539.9986813,9962768,231.6300048828125
1781100542.976865,9964133,231.55999755859375
1781100544.5579507,9964913,231.6199951171875
1781100549.2764654,9967044,233.19000244140625
1781100549.4853923,9967134,231.92999267578125
1781100553.813998,9969128,231.92999267578125
1781100556.3084826,9970245,234.74000549316406
1781100561.340346,9972601,237.1999969482422
1781100563.272884,9973390,236.13999938964844
1781100564.7375312,9974096,235.67999267578125
1781100576.9154856,9975092,235.67999267578125
1781100578.537532,9975822,234.17999267578125
1781100582.2077415,9977652,233.80999755859375
1781100587.0500278,9979956,236.94000244140625
1781100588.735846,9980754,236.8800048828125
1781100590.8135433,9981742,236.8800048828125
1781100593.0651965,9983224,235.11000061035156
1781100594.30171,9983808,234.74000549316406
1781100597.5951412,9985324,234.97999572753906
1781100599.1784294,9986025,232.5399932861328
1781100601.0699222,9986863,232.5399932861328
1781100604.9165235,9988729,231.4499969482422
1781100605.8414738,9989183,232.3699951171875
1781100608.7441635,9990507,233.14999389648438
1781100611.7139816,9991812,230.97000122070312
1781100614.7373633,9993271,230.97000122070312
1781100618.2939835,9994963,231.50999450683594
1781100621.3156981,9996424,229.97999572753906
1781100621.878324,9996688,230.05999755859375
1781100624.7705746,9998135,229.61000061035156
1781100627.3896663,9999961,229.61000061035156
