Wall time,Step,Value
1781071073.4453254,136,895.0
1781071073.5421762,301,1209.0
1781071073.6392515,464,1341.0
1781071073.718932,607,1425.0
1781071073.7736714,697,1450.0
1781071073.848001,833,1501.0
1781071073.9195971,953,1522.0
1781071074.0234184,1045,1431.0
1781071074.0811224,1133,1438.0
1781071074.1345866,1221,1451.0
1781071074.250277,1438,1502.0
1781071074.3277614,1574,1521.0
1781071074.4108148,1711,1531.0
1781071074.4662821,1803,1536.0
1781071074.6288588,2096,1569.0
1781071074.683071,2186,1572.0
1781071074.803927,2402,1590.0
1781071074.8598838,2494,1591.0
1781071074.91888,2584,1589.0
1781071074.9733407,2676,1592.0
1781071075.0285726,2768,1595.0
1781071075.08696,2858,1593.0
1781071075.1980608,3042,1597.0
1781071075.3610148,3333,1611.0
1781071075.4702518,3522,1617.0
1781071075.5223894,3614,1621.0
1781071075.5853455,3706,1616.0
1781071075.6563923,3826,1619.0
1781071075.7192101,3918,1615.0
1781071075.7839818,4010,1609.0
1781071075.8413248,4100,1609.0
1781071075.9883015,4340,1610.0
1781071076.1340475,4580,1612.0
1781071076.2505786,4769,1612.0
1781071076.3075578,4857,1611.0
1781071076.3867214,4993,1614.0
1781071076.4499567,5081,1609.0
1781071076.502199,5169,1610.0
1781071076.5789998,5288,1609.0
1781071076.6409378,5380,1607.0
1781071076.717313,5519,1611.0
1781071076.776409,5609,1610.0
1781071076.8325868,5699,1610.0
1781071076.9340713,5866,1611.0
1781071076.9939308,5956,1609.0
1781071077.04637,6048,1611.0
1781071077.1451464,6213,1612.0
1781071077.2031877,6303,1612.0
1781071077.2555492,6389,1612.0
1781071077.358787,6556,1612.0
1781071077.4147797,6648,1613.0
1781071077.5099022,6814,1615.0
1781071077.5695152,6904,1614.0
1781071077.629702,6994,1612.0
1781071077.6879876,7084,1611.0
1781071077.7573647,7201,1613.0
1781071077.8177059,7293,1611.0
1781071077.8795388,7385,1610.0
1781071077.9328773,7475,1611.0
1781071078.0426543,7658,1612.0
1781071078.1969554,7920,1615.0
1781071078.2827413,8056,1614.0
1781071078.3681927,8194,1614.0
1781071078.455105,8335,1614.0
1781071078.5133398,8425,1613.0
1781071078.5634513,8515,1615.0
1781071078.6232944,8605,1614.0
1781071078.7526083,8816,1614.0
1781071078.8724365,9032,1618.0
1781071078.9739792,9196,1618.0
1781071079.0565479,9332,1619.0
1781071079.1118708,9420,1618.0
1781071079.2110438,9583,1619.0
1781071079.33948,9799,1620.0
1781071079.4330676,9965,1623.0
1781071079.4858897,10053,1623.0
1781071079.550625,10145,1621.0
1781071079.6127822,10237,1619.0
1781071079.7680612,10501,1621.0
1781071079.8361733,10619,1622.0
1781071079.920451,10756,1623.0
1781071079.984646,10848,1621.0
1781071080.043545,10940,1620.0
1781071080.1180472,11058,1620.0
1781071080.1930673,11176,1619.0
1781071080.2466364,11266,1620.0
1781071080.3415263,11404,1618.0
1781071080.4267893,11542,1617.0
1781071080.4820004,11634,1618.0
1781071080.539233,11726,1618.0
1781071080.6136487,11862,1620.0
1781071080.6684072,11952,1620.0
1781071080.7224011,12040,1620.0
1781071080.7842736,12132,1619.0
1781071080.855957,12250,1619.0
1781071080.93568,12384,1620.0
1781071080.9900236,12476,1620.0
1781071081.0730343,12617,1621.0
1781071081.129907,12707,1621.0
1781071081.2004352,12825,1621.0
1781071081.2902348,12990,1624.0
1781071081.3628218,13108,1624.0
1781071081.4330988,13228,1625.0
1781071081.5025396,13348,1625.0
1781071081.572775,13468,1626.0
1781071081.6242151,13558,1627.0
1781071081.681222,13646,1626.0
1781071081.802542,13859,1628.0
1781071081.9060144,14044,1630.0
1781071081.979559,14164,1630.0
1781071082.035513,14256,1630.0
1781071082.0951498,14348,1630.0
1781071082.1513085,14440,1630.0
1781071082.2602997,14626,1631.0
1781071082.3908176,14861,1633.0
1781071082.4445362,14951,1633.0
1781071082.5026474,15041,1633.0
1781071082.5606613,15131,1632.0
1781071082.614187,15221,1632.0
1781071082.6692448,15313,1633.0
1781071082.74273,15449,1634.0
1781071082.8301594,15596,1635.0
1781071082.8873508,15688,1635.0
1781071082.9676907,15827,1635.0
1781071083.0271325,15919,1635.0
1781071083.1423101,16107,1635.0
1781071083.2186527,16225,1634.0
1781071083.2816312,16315,1633.0
1781071083.3706532,16451,1632.0
1781071083.4338155,16541,1631.0
1781071083.6310668,16879,1632.0
1781071083.770749,17112,1633.0
1781071083.824719,17202,1633.0
1781071083.9034514,17336,1633.0
1781071083.9633336,17428,1633.0
1781071084.0547612,17595,1635.0
1781071084.2390406,17907,1635.0
1781071084.2945836,17999,1636.0
1781071084.3489347,18089,1636.0
1781071084.4029431,18177,1636.0
1781071084.4830735,18325,1637.0
1781071084.59799,18536,1639.0
1781071084.6517682,18626,1639.0
1781071084.7233863,18746,1640.0
1781071084.779822,18838,1640.0
1781071084.8829463,19031,1642.0
1781071084.9416258,19123,1641.0
1781071085.1112905,19421,1643.0
1781071085.215502,19608,1644.0
1781071085.2720163,19700,1644.0
1781071085.322948,19790,1645.0
1781071085.4356341,19986,1645.0
1781071085.4920952,20076,1645.0
1781071085.570121,20196,1645.0
1781071085.66426,20365,1646.0
1781071085.7540143,20532,1647.0
1781071085.8598924,20717,1648.0
1781071085.980882,20932,1649.0
1781071086.067158,21073,1649.0
1781071086.122789,21163,1649.0
1781071086.1804657,21255,1649.0
1781071086.2917511,21442,1649.0
1781071086.3494697,21528,1648.0
1781071086.4397829,21666,1648.0
1781071085.6279356,21756,1763.0
1781071085.6865587,21848,1762.0
1781071085.810214,22042,1760.0
1781071085.8688347,22134,1760.0
1781071085.975306,22321,1760.0
1781071086.0737236,22486,1759.0
1781071086.1396322,22604,1759.0
1781071086.2008588,22694,1758.0
1781071086.262389,22784,1756.0
1781071086.3269916,22876,1755.0
1781071086.3966024,22966,1752.0
1781071086.4973369,23131,1751.0
1781071086.5991168,23295,1750.0
1781071086.688526,23435,1749.0
1781071086.7905512,23600,1748.0
1781071086.872188,23736,1748.0
1781071086.9291027,23828,1747.0
1781071087.1011984,24114,1746.0
1781071087.1629283,24202,1744.0
1781071087.2234585,24294,1743.0
1781071087.2847235,24382,1742.0
1781071087.3411577,24470,1741.0
1781071087.4207225,24590,1740.0
1781071087.4833457,24680,1739.0
1781071087.5852196,24847,1738.0
1781071087.6671846,24981,1737.0
1781071088.879794,25071,1608.0
1781071088.9701233,25234,1609.0
1781071089.0865917,25427,1609.0
1781071089.1489327,25519,1609.0
1781071089.2136726,25611,1608.0
1781071089.3067904,25778,1609.0
1781071089.4086459,25951,1610.0
1781071089.5207021,26145,1611.0
1781071089.575167,26235,1611.0
1781071089.633022,26325,1611.0
1781071089.7310467,26490,1611.0
1781071089.792135,26582,1611.0
1781071089.8791149,26718,1610.0
1781071089.9535086,26836,1610.0
1781071090.0176926,26926,1609.0
1781071090.12227,27111,1610.0
1781071090.2275898,27278,1610.0
1781071090.3665462,27496,1610.0
1781071090.4697154,27661,1610.0
1781071090.615842,27896,1610.0
1781071090.7223127,28084,1611.0
1781071090.7829506,28170,1610.0
1781071090.904031,28363,1610.0
1781071091.0143833,28550,1611.0
1781071091.1119864,28717,1611.0
1781071091.262782,28930,1609.0
1781071091.416519,29154,1608.0
1781071091.5074484,29290,1608.0
1781071091.704651,29604,1607.0
1781071091.8543,29837,1607.0
1781071091.9146402,29927,1607.0
1781071091.9836144,30019,1606.0
1781071092.0651183,30137,1605.0
1781071092.128793,30227,1604.0
1781071092.2157512,30365,1604.0
1781071092.2764962,30457,1604.0
1781071092.3870144,30624,1603.0
1781071092.4505947,30716,1603.0
1781071092.5176675,30808,1602.0
1781071092.683277,31070,1602.0
1781071092.856836,31383,1604.0
1781071092.9123476,31473,1604.0
1781071093.0126991,31634,1604.0
1781071093.171785,31906,1605.0
1781071093.255219,32042,1605.0
1781071093.3551104,32228,1606.0
1781071093.410871,32320,1606.0
1781071093.5122957,32485,1606.0
1781071093.5960066,32621,1606.0
1781071093.6901426,32786,1607.0
1781071093.7868009,32951,1607.0
1781071093.876911,33087,1607.0
1781071094.0125628,33323,1608.0
1781071094.0856113,33441,1608.0
1781071094.140408,33529,1608.0
1781071094.1909368,33619,1608.0
1781071094.330026,33852,1609.0
1781071094.3837225,33940,1609.0
1781071094.4542215,34056,1609.0
1781071094.5713665,34251,1609.0
1781071094.6638038,34419,1610.0
1781071094.72214,34511,1610.0
1781071094.7788045,34603,1610.0
1781071094.9004934,34819,1611.0
1781071094.963557,34907,1610.0
1781071095.0137453,34997,1611.0
1781071095.085166,35115,1611.0
1781071095.1427803,35207,1611.0
1781071095.2413325,35374,1611.0
1781071095.3763237,35621,1613.0
1781071095.4810658,35807,1613.0
1781071095.6035542,36004,1613.0
1781071095.6979587,36156,1613.0
1781071095.7510905,36246,1613.0
1781071095.8270216,36366,1613.0
1781071095.9167485,36530,1614.0
1781071095.9738452,36622,1614.0
1781071096.028296,36712,1614.0
1781071096.0836966,36804,1614.0
1781071096.1611998,36923,1614.0
1781071096.2357605,37058,1615.0
1781071096.3300445,37223,1615.0
1781071096.4026713,37343,1615.0
1781071096.463697,37433,1615.0
1781071096.5796452,37633,1616.0
1781071096.6585531,37771,1616.0
1781071096.7859612,38002,1617.0
1781071096.8705907,38151,1618.0
1781071096.9263284,38241,1618.0
1781071096.9858723,38331,1617.0
1781071097.0372121,38423,1618.0
1781071097.131868,38588,1618.0
1781071097.2030141,38704,1618.0
1781071097.256614,38794,1618.0
1781071097.3399715,38940,1619.0
1781071097.4377751,39105,1619.0
1781071097.4907782,39195,1619.0
1781071097.5772526,39331,1619.0
1781071097.661962,39469,1619.0
1781071097.772669,39657,1620.0
1781071097.8459263,39775,1619.0
1781071097.906912,39867,1619.0
1781071097.996248,40007,1619.0
1781071098.0585604,40099,1619.0
1781071098.2070043,40363,1620.0
1781071098.3555355,40639,1621.0
1781071098.4857004,40857,1621.0
1781071098.5992873,41046,1621.0
1781071098.6781583,41164,1621.0
1781071098.7323594,41254,1621.0
1781071098.7832875,41344,1621.0
1781071098.8704753,41484,1621.0
1781071098.9741237,41668,1622.0
1781071099.0364213,41760,1622.0
1781071099.0944853,41848,1621.0
1781071099.1506975,41940,1621.0
1781071099.2539911,42105,1621.0
1781071099.333174,42243,1622.0
1781071099.4388783,42414,1622.0
1781071099.500605,42504,1621.0
1781071099.559049,42594,1621.0
1781071099.6721056,42791,1622.0
1781071099.727491,42883,1622.0
1781071099.7860725,42975,1622.0
1781071099.8435383,43067,1622.0
1781071099.8951688,43157,1622.0
1781071099.978446,43295,1622.0
1781071100.0788953,43462,1622.0
1781071100.1897008,43644,1622.0
1781071100.268593,43765,1622.0
1781071100.4301083,44053,1623.0
1781071100.4884827,44143,1623.0
1781071100.549599,44233,1622.0
1781071100.6559193,44399,1622.0
1781071100.7143056,44489,1622.0
1781071100.7837985,44609,1622.0
1781071100.8484464,44701,1622.0
1781071100.9097126,44791,1621.0
1781071101.0210476,44978,1622.0
1781071101.1497226,45213,1623.0
1781071101.242479,45378,1623.0
1781071101.2985182,45468,1623.0
1781071101.4007373,45631,1623.0
1781071101.501559,45797,1623.0
1781071101.5611908,45887,1623.0
1781071101.6636474,46073,1623.0
1781071101.7257702,46163,1623.0
1781071101.7883599,46253,1623.0
1781071101.8957016,46438,1623.0
1781071101.9523778,46528,1623.0
1781071102.0508296,46693,1623.0
1781071102.1126857,46783,1623.0
1781071102.1917655,46919,1623.0
1781071102.2502177,47011,1623.0
1781071102.310302,47103,1623.0
1781071102.365528,47195,1623.0
1781071102.4741583,47382,1623.0
1781071102.6132178,47624,1624.0
1781071102.6741447,47716,1624.0
1781071102.7318692,47802,1623.0
1781071102.7866018,47894,1623.0
1781071102.8436458,47982,1623.0
1781071102.906941,48070,1623.0
1781071103.0128696,48253,1623.0
1781071103.0912898,48389,1623.0
1781071103.1417358,48479,1624.0
1781071103.1971133,48567,1624.0
1781071103.2506244,48657,1624.0
1781071103.3042376,48747,1624.0
1781071103.3574917,48835,1624.0
1781071103.4315658,48972,1624.0
1781071103.485361,49062,1624.0
1781071103.5790753,49227,1625.0
1781071103.6351445,49317,1625.0
1781071103.6921127,49407,1625.0
1781071103.8256671,49642,1625.0
1781071103.9055238,49778,1626.0
1781071103.997265,49941,1626.0
1781071104.5118861,50031,1602.0
1781071104.567002,50123,1602.0
1781071104.6208093,50215,1602.0
1781071104.675578,50307,1603.0
1781071104.7580345,50443,1603.0
1781071104.8128026,50533,1603.0
1781071104.890934,50673,1603.0
1781071104.9839544,50838,1604.0
1781071105.0430117,50930,1604.0
1781071105.1020548,51022,1604.0
1781071105.1627324,51110,1603.0
1781071105.218924,51202,1603.0
1781071105.2688072,51292,1604.0
1781071105.326171,51382,1604.0
1781071105.384712,51472,1603.0
1781071105.511365,51701,1604.0
1781071105.666317,51989,1605.0
1781071105.7250175,52081,1605.0
1781071105.8041608,52215,1606.0
1781071105.9150617,52404,1606.0
1781071105.9730456,52496,1606.0
1781071106.0850174,52690,1606.0
1781071106.1421878,52782,1606.0
1781071106.2176104,52916,1607.0
1781071106.3239145,53107,1607.0
1781071106.3788593,53199,1607.0
1781071106.4328094,53291,1608.0
1781071106.5717876,53555,1609.0
1781071106.6497252,53695,1609.0
1781071106.7043366,53785,1609.0
1781071106.8020294,53950,1610.0
1781071106.8560987,54038,1610.0
1781071106.9306705,54176,1610.0
1781071107.0107665,54319,1611.0
1781071107.088291,54455,1611.0
1781071107.1421344,54545,1611.0
1781071107.2591853,54761,1612.0
1781071107.431318,55077,1613.0
1781071107.526837,55246,1613.0
1781071107.5804467,55336,1613.0
1781071107.6359894,55428,1613.0
1781071107.704675,55548,1614.0
1781071107.7556973,55640,1614.0
1781071107.884937,55873,1615.0
1781071107.9398975,55963,1615.0
1781071107.996488,56055,1615.0
1781071108.0524886,56147,1615.0
1781071108.152041,56334,1616.0
1781071108.2106194,56426,1615.0
1781071108.2828434,56549,1616.0
1781071108.3361976,56637,1616.0
1781071108.3903265,56727,1616.0
1781071108.4434025,56819,1616.0
1781071108.5000453,56909,1616.0
1781071108.5757482,57029,1616.0
1781071108.6301708,57119,1616.0
1781071108.7568874,57352,1617.0
1781071108.8211234,57472,1617.0
1781071108.8761525,57564,1617.0
1781071108.9345193,57654,1617.0
1781071109.0126147,57789,1617.0
1781071109.1348298,58004,1618.0
1781071109.189897,58094,1618.0
1781071109.2603352,58212,1618.0
1781071109.3193817,58304,1618.0
1781071109.378041,58396,1618.0
1781071109.436804,58486,1618.0
1781071109.4880517,58578,1618.0
1781071109.6934512,58936,1619.0
1781071109.8191063,59152,1619.0
1781071109.8728871,59242,1619.0
1781071109.9934397,59451,1619.0
1781071110.0497382,59543,1619.0
1781071110.1090631,59633,1619.0
1781071110.2209747,59819,1619.0
1781071110.283045,59909,1619.0
1781071110.3997664,60107,1619.0
1781071110.4774613,60246,1620.0
1781071110.5554385,60366,1620.0
1781071110.6275597,60486,1620.0
1781071110.6864393,60576,1619.0
1781071110.744078,60666,1619.0
1781071110.8360703,60831,1620.0
1781071110.9625251,61044,1620.0
1781071111.0167592,61134,1620.0
1781071111.1094487,61299,1620.0
1781071111.166855,61391,1620.0
1781071111.2227302,61481,1620.0
1781071111.3027983,61599,1620.0
1781071111.4151604,61794,1620.0
1781071111.4718277,61884,1620.0
1781071111.5287738,61972,1620.0
1781071111.5854754,62060,1620.0
1781071111.6410394,62152,1620.0
1781071111.7940583,62432,1621.0
1781071111.90223,62619,1621.0
1781071111.963203,62709,1621.0
1781071112.0545392,62876,1622.0
1781071112.1365476,63016,1622.0
1781071112.2251492,63163,1622.0
1781071112.3766816,63428,1622.0
1781071112.443688,63546,1623.0
1781071112.5008705,63638,1623.0
1781071112.5873108,63772,1622.0
1781071112.6442597,63864,1622.0
1781071112.7547965,64047,1623.0
1781071112.8133626,64135,1622.0
1781071112.893552,64272,1623.0
1781071112.965823,64390,1623.0
1781071113.0260613,64482,1622.0
1781071113.1203113,64647,1623.0
1781071113.300622,64966,1623.0
1781071113.3522716,65056,1624.0
1781071113.4070454,65148,1624.0
1781071113.491149,65294,1624.0
1781071113.5511568,65386,1624.0
1781071113.609529,65478,1624.0
1781071113.6627944,65568,1624.0
1781071113.720534,65658,1624.0
1781071113.7839384,65750,1623.0
1781071113.845398,65838,1623.0
1781071113.9273086,65974,1623.0
1781071113.9861934,66066,1623.0
1781071114.0480504,66156,1623.0
1781071114.108887,66248,1623.0
1781071114.1651134,66338,1623.0
1781071114.2493465,66477,1623.0
1781071114.3544934,66661,1623.0
1781071114.4148552,66753,1623.0
1781071114.5030665,66889,1623.0
1781071114.6066835,67054,1623.0
1781071114.6661277,67144,1622.0
1781071114.7306828,67260,1623.0
1781071114.8088934,67380,1623.0
1781071114.8774903,67498,1623.0
1781071114.9511,67619,1623.0
1781071115.039475,67782,1623.0
1781071115.0929828,67872,1623.0
1781071115.1754267,68012,1623.0
1781071115.2816386,68205,1624.0
1781071115.374386,68370,1624.0
1781071115.4792387,68557,1625.0
1781071115.5553834,68693,1625.0
1781071115.6525,68858,1625.0
1781071115.707295,68950,1625.0
1781071115.8084004,69115,1625.0
1781071115.9143853,69304,1626.0
1781071115.978444,69422,1626.0
1781071116.0865397,69617,1626.0
1781071116.1723433,69755,1626.0
1781071116.2269654,69847,1626.0
1781071116.3058648,69982,1627.0
1781071116.363214,70072,1626.0
1781071116.4208388,70162,1626.0
1781071116.4988782,70296,1627.0
1781071116.5525055,70388,1627.0
1781071116.6064959,70478,1627.0
1781071116.6557317,70568,1627.0
1781071116.7521465,70733,1627.0
1781071116.8308675,70873,1627.0
1781071116.935369,71058,1628.0
1781071116.9892657,71148,1628.0
1781071117.0390043,71240,1628.0
1781071117.1146464,71374,1628.0
1781071117.2336397,71587,1629.0
1781071117.3087096,71707,1629.0
1781071117.361708,71797,1629.0
1781071117.4254808,71915,1629.0
1781071117.4809728,72007,1629.0
1781071117.5838585,72192,1629.0
1781071117.6454482,72284,1629.0
1781071117.7016277,72374,1629.0
1781071117.7559032,72462,1629.0
1781071117.916611,72744,1630.0
1781071117.9972017,72887,1630.0
1781071118.1009405,73072,1630.0
1781071117.3002949,73160,1662.0
1781071117.3749716,73298,1662.0
1781071117.4288664,73388,1662.0
1781071117.4853852,73478,1662.0
1781071117.568052,73614,1662.0
1781071117.6201017,73704,1662.0
1781071117.70987,73869,1663.0
1781071117.777147,73989,1663.0
1781071117.8751147,74156,1663.0
1781071117.9554417,74296,1663.0
1781071118.038466,74432,1663.0
1781071118.0892808,74524,1663.0
1781071118.1600626,74644,1663.0
1781071118.2630672,74832,1664.0
1781071118.8190577,75019,1647.0
1781071118.8747184,75111,1647.0
1781071118.9558756,75252,1647.0
1781071119.0273464,75372,1648.0
1781071119.1132836,75510,1647.0
1781071119.2055116,75674,1648.0
1781071119.2756627,75792,1648.0
1781071119.3275313,75882,1648.0
1781071119.381182,75970,1648.0
1781071119.4640167,76108,1648.0
1781071119.5426185,76246,1648.0
1781071119.6176746,76378,1648.0
1781071119.6702154,76470,1648.0
1781071119.7516582,76606,1648.0
1781071119.849946,76770,1648.0
1781071119.9628563,76955,1648.0
1781071120.0464764,77094,1648.0
1781071120.1436028,77262,1649.0
1781071120.2459466,77429,1649.0
1781071120.3294735,77565,1649.0
1781071120.388411,77657,1648.0
1781071120.4685252,77796,1649.0
1781071120.5230193,77884,1649.0
1781071120.580172,77974,1648.0
1781071120.6650844,78111,1648.0
1781071120.8034468,78347,1649.0
1781071120.8899875,78482,1648.0
1781071120.9468534,78574,1648.0
1781071121.007797,78664,1648.0
1781071121.069775,78756,1648.0
1781071121.1432242,78876,1648.0
1781071121.1966794,78966,1648.0
1781071121.2792964,79113,1648.0
1781071121.337823,79205,1648.0
1781071121.5087225,79511,1649.0
1781071121.5689485,79603,1648.0
1781071121.627781,79693,1648.0
1781071121.6762602,79783,1648.0
1781071121.7797663,79954,1648.0
1781071121.8338165,80042,1648.0
1781071121.8917265,80134,1648.0
1781071121.9501197,80224,1648.0
1781071122.0062568,80316,1648.0
1781071122.074909,80434,1648.0
1781071122.200126,80647,1648.0
1781071122.342938,80891,1649.0
1781071122.415092,81009,1649.0
1781071122.482546,81129,1649.0
1781071122.6502979,81421,1649.0
1781071122.733161,81556,1649.0
1781071122.790073,81644,1649.0
1781071122.8511205,81734,1649.0
1781071122.9085429,81826,1649.0
1781071123.0944924,82155,1649.0
1781071123.1553934,82245,1649.0
1781071123.2150116,82335,1649.0
1781071123.3291836,82528,1649.0
1781071123.4278402,82698,1649.0
1781071123.528367,82863,1649.0
1781071123.6393774,83047,1649.0
1781071123.7415874,83211,1649.0
1781071123.8088415,83329,1649.0
1781071123.8614357,83419,1649.0
1781071123.9156077,83509,1649.0
1781071124.0293067,83701,1649.0
1781071124.1594381,83926,1649.0
1781071124.2152789,84018,1649.0
1781071124.283901,84136,1650.0
1781071124.3434324,84228,1649.0
1781071124.4562943,84419,1649.0
1781071124.5339937,84560,1650.0
1781071124.593121,84652,1650.0
1781071124.6744218,84770,1649.0
1781071124.7704866,84935,1649.0
1781071124.8286424,85021,1649.0
1781071124.9447947,85207,1649.0
1781071125.0070927,85297,1649.0
1781071125.0618873,85385,1649.0
1781071125.1223369,85477,1649.0
1781071125.182969,85567,1649.0
1781071125.2562025,85688,1649.0
1781071125.3128433,85780,1648.0
1781071125.3695645,85872,1648.0
1781071125.4295208,85960,1648.0
1781071125.5326571,86128,1648.0
1781071125.5939734,86218,1648.0
1781071125.7248032,86463,1649.0
1781071125.7889912,86581,1649.0
1781071125.8443925,86673,1649.0
1781071125.927674,86811,1649.0
1781071126.0038548,86947,1649.0
1781071126.0599823,87039,1649.0
1781071126.2203128,87352,1650.0
1781071126.3456252,87572,1650.0
1781071126.3995578,87664,1650.0
1781071126.454783,87756,1650.0
1781071126.5232966,87876,1650.0
1781071126.6158524,88040,1651.0
1781071126.671429,88132,1651.0
1781071126.7719316,88314,1651.0
1781071126.8265321,88404,1651.0
1781071126.9047458,88540,1651.0
1781071127.031341,88775,1651.0
1781071127.1115465,88916,1652.0
1781071127.2099843,89081,1652.0
1781071127.2676368,89171,1652.0
1781071127.3698921,89351,1652.0
1781071127.4592867,89517,1652.0
1781071127.6085382,89782,1652.0
1781071127.6889274,89920,1653.0
1781071127.743394,90010,1653.0
1781071127.7996356,90102,1653.0
1781071127.851361,90194,1653.0
1781071127.906869,90286,1653.0
1781071127.9618855,90376,1653.0
1781071128.018024,90468,1653.0
1781071128.1355717,90683,1653.0
1781071128.1860113,90775,1653.0
1781071128.295567,90960,1653.0
1781071128.4154973,91149,1653.0
1781071128.4724052,91241,1653.0
1781071128.577288,91427,1653.0
1781071128.6552277,91563,1653.0
1781071128.7342074,91704,1654.0
1781071128.8183875,91843,1654.0
1781071128.8764505,91935,1654.0
1781071128.9343014,92025,1653.0
1781071128.9866147,92113,1653.0
1781071129.0557237,92233,1654.0
1781071129.2047553,92499,1654.0
1781071129.2895646,92635,1654.0
1781071129.3457048,92727,1654.0
1781071129.3956761,92817,1654.0
1781071129.535493,93050,1654.0
1781071129.6346443,93215,1654.0
1781071129.6902666,93307,1654.0
1781071129.7463336,93397,1654.0
1781071129.8195767,93533,1654.0
1781071129.8967738,93669,1654.0
1781071129.9806466,93805,1654.0
1781071130.0344107,93895,1654.0
1781071130.1527839,94108,1655.0
1781071130.203696,94200,1655.0
1781071130.259667,94292,1655.0
1781071130.3585892,94456,1655.0
1781071130.431377,94574,1655.0
1781071130.5257545,94739,1655.0
1781071130.6183674,94908,1655.0
1781071130.7068903,95052,1655.0
1781071130.774277,95170,1655.0
1781071130.8681474,95336,1655.0
1781071130.9229696,95426,1655.0
1781071130.9957516,95561,1656.0
1781071131.069706,95680,1656.0
1781071131.136907,95797,1656.0
1781071131.1935976,95889,1656.0
1781071131.267367,96003,1655.0
1781071131.3700125,96186,1656.0
1781071131.4241805,96276,1656.0
1781071131.479512,96368,1656.0
1781071131.6339312,96642,1656.0
1781071131.7079298,96758,1656.0
1781071131.7812586,96878,1656.0
1781071131.8398864,96970,1656.0
1781071131.901829,97062,1656.0
1781071131.962852,97154,1655.0
1781071132.0222263,97242,1655.0
1781071132.1149023,97409,1656.0
1781071132.223499,97594,1656.0
1781071132.2941604,97714,1656.0
1781071132.3483508,97806,1656.0
1781071132.406253,97898,1656.0
1781071132.461691,97988,1656.0
1781071132.5722883,98172,1656.0
1781071132.6687622,98337,1656.0
1781071132.7753718,98507,1656.0
1781071132.8612232,98643,1655.0
1781071132.9412394,98781,1656.0
1781071133.0008879,98873,1655.0
1781071133.101052,99038,1655.0
1781071133.160879,99128,1655.0
1781071133.2353313,99248,1655.0
1781071133.3363323,99387,1655.0
1781071133.4453666,99523,1654.0
1781071133.5066075,99613,1654.0
1781071133.5612447,99701,1654.0
1781071133.6227365,99793,1654.0
1781071133.6776083,99883,1654.0
1781071133.7364457,99973,1653.0
1781071135.09727,100065,1619.0
1781071135.6044576,100300,1609.0
1781071135.9029777,100441,1604.0
1781071136.174316,100559,1599.0
1781071136.4797263,100697,1593.0
1781071136.6740494,100787,1590.0
1781071136.94608,100905,1585.0
1781071137.142585,100997,1581.0
1781071137.4250536,101138,1577.0
1781071137.6323438,101230,1573.0
1781071137.9132197,101369,1568.0
1781071138.1004264,101459,1565.0
1781071138.4764485,101649,1559.0
1781071139.0895758,101964,1549.0
1781071139.3762493,102106,1545.0
1781071139.5647566,102196,1542.0
1781071139.741318,102286,1539.0
1781071140.0103493,102422,1535.0
1781071140.308801,102577,1530.0
1781071140.4679542,102667,1528.0
1781071140.9018524,102902,1522.0
1781071141.3158553,103122,1515.0
1781071141.4902117,103214,1513.0
1781071141.981764,103478,1506.0
1781071142.202822,103598,1503.0
1781071142.5959797,103812,1497.0
1781071142.81878,103932,1494.0
1781071142.9991703,104024,1492.0
1781071143.2482846,104162,1488.0
1781071143.5385718,104323,1485.0
1781071143.8941956,104511,1480.0
1781071144.128955,104629,1477.0
1781071144.30091,104719,1474.0
1781071144.5997107,104884,1470.0
1781071145.0149643,105099,1465.0
1781071145.188998,105191,1463.0
1781071145.4377165,105329,1459.0
1781071145.6797302,105463,1456.0
1781071146.2389934,105733,1449.0
1781071146.4263258,105825,1447.0
1781071146.5936012,105915,1444.0
1781071146.7947953,106005,1442.0
1781071147.492519,106349,1433.0
1781071147.738352,106466,1430.0
1781071148.1848793,106681,1424.0
1781071148.6623652,106914,1418.0
1781071149.1649363,107155,1412.0
1781071149.3641658,107245,1409.0
1781071149.556338,107333,1407.0
1781071149.0143268,107520,1419.0
1781071149.2144964,107612,1417.0
1781071149.4153144,107704,1414.0
1781071149.6155097,107794,1412.0
1781071149.8876812,107932,1409.0
1781071150.0844877,108024,1406.0
1781071150.2798095,108114,1404.0
1781071150.5712063,108252,1400.0
1781071150.853736,108387,1397.0
1781071151.0613606,108479,1394.0
1781071151.385529,108644,1391.0
1781071151.6575286,108780,1388.0
1781071151.8642912,108870,1385.0
1781071152.1426651,109006,1382.0
1781071152.3200824,109096,1380.0
1781071152.488581,109188,1378.0
1781071152.6642609,109278,1376.0
1781071152.8462415,109370,1374.0
1781071153.00796,109462,1373.0
1781071153.2091737,109554,1370.0
1781071153.5417776,109738,1367.0
1781071153.7903104,109872,1364.0
1781071154.059377,110011,1362.0
1781071154.2794263,110129,1359.0
1781071154.699633,110364,1355.0
1781071154.971314,110507,1352.0
1781071155.32514,110695,1349.0
1781071155.510058,110785,1347.0
1781071155.6918428,110873,1345.0
1781071156.027938,111061,1342.0
1781071156.2934852,111197,1339.0
1781071156.4729521,111289,1337.0
1781071156.7760851,111452,1335.0
1781071157.0364518,111588,1332.0
1781071157.403129,111776,1328.0
1781071157.5751805,111864,1327.0
1781071157.8432229,112005,1324.0
1781071158.028834,112097,1322.0
1781071158.2537098,112215,1320.0
1781071158.6034853,112400,1317.0
1781071159.1010053,112664,1312.0
1781071159.3899064,112811,1310.0
1781071159.5571253,112901,1308.0
1781071159.7470288,112993,1306.0
1781071160.0308797,113130,1304.0
1781071160.3077319,113266,1301.0
1781071160.582524,113403,1299.0
1781071160.9713876,113589,1295.0
1781071161.1625354,113679,1293.0
1781071161.7209566,113964,1288.0
1781071161.912579,114052,1286.0
1781071162.5464668,114359,1281.0
1781071162.9317427,114546,1277.0
1781071163.1150067,114636,1276.0
1781071163.3906276,114774,1273.0
1781071163.6532042,114891,1271.0
1781071163.8368943,114983,1269.0
1781071164.0485318,115075,1267.0
1781071164.2258334,115163,1266.0
1781071164.4581056,115283,1264.0
1781071164.648148,115375,1262.0
1781071164.9298122,115516,1260.0
1781071165.1393697,115606,1258.0
1781071165.3174188,115696,1257.0
1781071165.5049422,115788,1255.0
1781071165.797512,115924,1253.0
1781071166.1626976,116091,1250.0
1781071166.513434,116259,1247.0
1781071166.707329,116351,1245.0
1781071167.0317247,116516,1242.0
1781071167.3011105,116655,1240.0
1781071167.6587164,116843,1238.0
1781071168.081041,117058,1234.0
1781071168.2709403,117146,1233.0
1781071168.4444313,117236,1232.0
1781071168.6189096,117328,1230.0
1781071168.950483,117493,1228.0
1781071169.1207972,117583,1227.0
1781071169.2886834,117671,1225.0
1781071169.5506625,117807,1223.0
1781071169.7407336,117897,1222.0
1781071169.977243,118018,1220.0
1781071170.2064455,118110,1218.0
1781071170.6459277,118324,1215.0
1781071171.1623962,118588,1211.0
1781071171.4922965,118753,1209.0
1781071171.6721184,118843,1208.0
1781071171.9434311,118980,1206.0
1781071172.1290548,119070,1204.0
1781071172.4854581,119255,1202.0
1781071172.73264,119373,1200.0
1781071172.9040911,119461,1199.0
1781071173.3228154,119676,1196.0
1781071173.5511422,119796,1194.0
1781071173.7934506,119916,1193.0
1781071173.9943662,120006,1191.0
1781071174.2817976,120144,1189.0
1781071174.5561452,120265,1187.0
1781071174.7463734,120357,1186.0
1781071174.9319818,120449,1185.0
1781071175.220823,120597,1183.0
1781071175.405602,120689,1181.0
1781071175.5697355,120779,1180.0
1781071175.7183325,120867,1180.0
1781071175.9912279,121003,1178.0
1781071176.2158535,121123,1176.0
1781071176.613513,121308,1174.0
1781071176.9760597,121495,1171.0
1781071177.5716124,121807,1168.0
1781071177.8446639,121943,1166.0
1781071178.0251503,122033,1165.0
1781071178.1978898,122123,1164.0
1781071178.452475,122241,1162.0
1781071178.6334124,122331,1161.0
1781071178.8991823,122470,1159.0
1781071179.1128762,122562,1158.0
1781071179.4168077,122701,1156.0
1781071179.847674,122896,1153.0
1781071180.2333133,123080,1150.0
1781071180.4079216,123172,1149.0
1781071180.742411,123339,1147.0
1781071181.036848,123476,1146.0
1781071181.2473898,123568,1144.0
1781071180.706377,123702,1151.0
1781071180.9706013,123836,1150.0
1781071181.2521915,123972,1148.0
1781071181.4395282,124064,1147.0
1781071181.6268578,124154,1146.0
1781071181.8139515,124244,1144.0
1781071182.00036,124336,1143.0
1781071182.1666126,124426,1142.0
1781071182.4838355,124593,1141.0
1781071182.868411,124782,1138.0
1781071183.0381498,124874,1137.0
1781071184.1739812,125087,1128.0
1781071184.4432225,125223,1126.0
1781071184.8169537,125414,1124.0
1781071185.1736746,125581,1122.0
1781071185.4493415,125714,1120.0
1781071185.6387737,125802,1119.0
1781071185.8811092,125920,1118.0
1781071186.0869946,126012,1117.0
1781071186.5109298,126197,1114.0
1781071186.8654678,126360,1112.0
1781071187.1466112,126496,1111.0
1781071187.3393996,126584,1109.0
1781071187.5402138,126676,1108.0
1781071187.750341,126766,1107.0
1781071188.0061088,126886,1106.0
1781071188.3768067,127072,1104.0
1781071188.6650476,127208,1102.0
1781071188.85322,127300,1101.0
1781071189.038194,127386,1100.0
1781071189.2417824,127474,1099.0
1781071189.76845,127736,1096.0
1781071190.3038716,127982,1093.0
1781071190.4795582,128072,1092.0
1781071190.656422,128164,1092.0
1781071190.964246,128300,1090.0
1781071191.2288926,128440,1089.0
1781071191.4095266,128530,1088.0
1781071191.6654952,128666,1086.0
1781071191.9367383,128805,1085.0
1781071192.2444515,128966,1084.0
1781071192.4230103,129056,1083.0
1781071192.8397145,129269,1081.0
1781071193.1202796,129407,1079.0
1781071193.4002914,129543,1078.0
1781071193.694951,129683,1077.0
1781071194.1651454,129941,1075.0
1781071194.3545387,130031,1074.0
1781071194.6243913,130167,1072.0
1781071195.0220156,130364,1070.0
1781071195.251369,130484,1069.0
1781071195.4173942,130574,1069.0
1781071195.5999951,130664,1068.0
1781071195.7754211,130752,1067.0
1781071195.9514139,130842,1066.0
1781071196.2251453,130982,1065.0
1781071196.407396,131074,1064.0
1781071196.5829651,131164,1063.0
1781071196.761996,131252,1063.0
1781071197.0231922,131372,1061.0
1781071197.2085867,131462,1060.0
1781071197.5905306,131648,1059.0
1781071197.9249675,131814,1057.0
1781071198.2856889,132001,1056.0
1781071198.481056,132091,1055.0
1781071198.8591757,132286,1053.0
1781071199.0282001,132378,1052.0
1781071199.3729286,132559,1051.0
1781071199.7651784,132758,1049.0
1781071199.9394667,132848,1048.0
1781071200.1352642,132936,1048.0
1781071200.4826174,133104,1046.0
1781071200.9436474,133317,1044.0
1781071201.3747106,133504,1042.0
1781071201.6810944,133640,1040.0
1781071202.009562,133803,1039.0
1781071202.3335283,133957,1038.0
1781071202.620558,134093,1036.0
1781071202.8059053,134183,1036.0
1781071203.2408547,134396,1034.0
1781071203.4618766,134486,1033.0
1781071203.6541204,134578,1032.0
1781071203.861691,134670,1031.0
1781071204.1046815,134786,1030.0
1781071204.2998767,134876,1029.0
1781071204.500421,134966,1028.0
1781071204.7187555,135058,1027.0
1781071205.062193,135225,1026.0
1781071205.2683427,135315,1025.0
1781071205.5599687,135455,1024.0
1781071206.1494172,135740,1021.0
1781071206.3348842,135830,1020.0
1781071206.6685832,135966,1019.0
1781071207.1423416,136201,1017.0
1781071207.5089176,136368,1016.0
1781071207.7125704,136458,1015.0
1781071208.2584693,136722,1013.0
1781071208.4412985,136814,1012.0
1781071208.7677972,136981,1011.0
1781071209.045459,137121,1010.0
1781071209.2271824,137213,1009.0
1781071209.3999634,137305,1008.0
1781071209.7207174,137470,1007.0
1781071209.9135692,137558,1006.0
1781071210.0867457,137648,1006.0
1781071210.275276,137734,1005.0
1781071210.4562337,137826,1004.0
1781071210.8939943,138039,1003.0
1781071211.2927063,138252,1001.0
1781071211.5398812,138370,1000.0
1781071211.7295551,138460,1000.0
1781071211.9190428,138552,999.0
1781071212.4570942,138820,997.0
1781071212.7305098,138956,996.0
1781071212.9466834,139046,995.0
1781071212.2754948,139136,1001.0
1781071212.4632506,139228,1000.0
1781071212.6557205,139320,999.0
1781071212.9401956,139458,998.0
1781071213.4182534,139706,997.0
1781071213.6744914,139830,996.0
1781071213.8410854,139918,995.0
1781071214.1321504,140064,994.0
1781071214.3143861,140156,993.0
1781071214.6322644,140319,992.0
1781071214.8096046,140409,992.0
1781071215.0032015,140499,991.0
1781071215.2263987,140591,990.0
1781071215.4173584,140683,989.0
1781071215.624371,140773,989.0
1781071215.8249817,140863,988.0
1781071216.161708,141028,987.0
1781071216.4719977,141166,985.0
1781071216.662464,141258,985.0
1781071216.8578672,141350,984.0
1781071217.2277846,141513,983.0
1781071217.439428,141601,982.0
1781071217.6472428,141693,981.0
1781071217.9614227,141844,980.0
1781071218.148657,141934,979.0
1781071218.363947,142026,979.0
1781071218.8168776,142241,977.0
1781071219.1098404,142382,976.0
1781071219.6650407,142642,974.0
1781071220.0619907,142829,973.0
1781071220.251224,142919,972.0
1781071220.4413779,143011,971.0
1781071221.1331773,143324,969.0
1781071221.3400154,143414,968.0
1781071221.8793645,143675,966.0
1781071222.0589218,143765,966.0
1781071222.242553,143855,965.0
1781071222.6948075,144050,964.0
1781071223.1318212,144269,962.0
1781071223.6459613,144533,961.0
1781071223.8840606,144655,960.0
1781071224.067804,144743,959.0
1781071224.391423,144906,959.0
1781071224.75292,145094,957.0
1781071224.9321754,145186,957.0
1781071225.1111531,145278,956.0
1781071225.3009188,145366,956.0
1781071225.5238574,145484,955.0
1781071225.6861336,145572,955.0
1781071225.8656507,145664,954.0
1781071226.0352445,145754,954.0
1781071226.2133946,145846,953.0
1781071226.3980255,145936,953.0
1781071226.6065826,146028,952.0
1781071226.8134704,146120,951.0
1781071227.0009987,146212,951.0
1781071227.209936,146302,950.0
1781071227.3894823,146392,950.0
1781071227.6900036,146529,949.0
1781071227.9131575,146619,948.0
1781071228.1848285,146739,947.0
1781071228.5563188,146905,946.0
1781071228.933887,147074,944.0
1781071229.1651683,147162,944.0
1781071229.4900548,147302,943.0
1781071229.8482916,147471,941.0
1781071230.4004877,147735,940.0
1781071230.792468,147900,939.0
1781071231.0349019,148020,938.0
1781071231.3172567,148138,937.0
1781071231.5906987,148260,936.0
1781071232.0145721,148471,935.0
1781071232.2250712,148561,934.0
1781071232.4369435,148651,934.0
1781071232.6313982,148741,933.0
1781071233.0064573,148906,932.0
1781071233.1968296,148998,931.0
1781071233.3964117,149090,931.0
1781071234.0384898,149401,929.0
1781071234.5663369,149663,928.0
1781071234.7590451,149753,927.0
1781071234.9415112,149843,926.0
1781071235.1272902,149933,926.0
1781071236.156436,150023,921.0
1781071236.6239765,150268,920.0
1781071236.9621704,150429,919.0
1781071237.138085,150521,918.0
1781071237.3122635,150611,918.0
1781071237.483027,150701,917.0
1781071237.9089284,150916,916.0
1781071238.38342,151154,915.0
1781071238.735317,151322,914.0
1781071239.0126252,151457,913.0
1781071239.2783923,151596,913.0
1781071239.5324373,151716,912.0
1781071239.8290231,151856,911.0
1781071239.999224,151944,911.0
1781071240.1968427,152034,910.0
1781071240.3783424,152124,910.0
1781071240.7073054,152291,909.0
1781071241.2993793,152583,908.0
1781071241.639597,152752,907.0
1781071241.965677,152893,906.0
1781071242.2745733,153031,905.0
1781071242.9691784,153346,903.0
1781071243.1643307,153436,903.0
1781071243.7295527,153700,901.0
1781071244.3764663,153994,900.0
1781071243.8194666,154133,903.0
1781071244.0385113,154225,903.0
1781071244.235256,154315,902.0
1781071244.4334888,154403,902.0
1781071245.0113459,154686,900.0
1781071245.3326697,154825,899.0
1781071245.5368552,154917,899.0
1781071245.8747492,155078,898.0
1781071246.07705,155170,898.0
1781071246.2816482,155262,897.0
1781071246.6617188,155427,896.0
1781071246.8826356,155519,895.0
1781071247.5220094,155793,894.0
1781071247.8344471,155931,893.0
1781071248.04171,156023,892.0
1781071248.4041567,156188,891.0
1781071248.7613776,156353,891.0
1781071249.1349063,156540,890.0
1781071249.8728342,156906,888.0
1781071250.1583316,157052,887.0
1781071250.3562915,157142,887.0
1781071250.5535014,157234,887.0
1781071251.1485448,157543,885.0
1781071251.5137954,157728,885.0
1781071251.7125604,157818,884.0
1781071252.1281483,158015,883.0
1781071252.4238164,158149,882.0
1781071252.8631592,158378,881.0
1781071253.0548658,158470,881.0
1781071253.6090722,158742,880.0
1781071253.8073132,158834,879.0
1781071254.1729205,159018,879.0
1781071254.6810846,159262,878.0
1781071255.0245209,159431,877.0
1781071255.3375993,159598,876.0
1781071255.5675466,159690,876.0
1781071256.135021,159954,874.0
1781071256.323027,160042,874.0
1781071256.5072837,160132,874.0
1781071256.9277449,160318,873.0
1781071257.3803973,160532,872.0
1781071257.7779965,160697,871.0
1781071258.3767903,160986,869.0
1781071258.7441344,161151,868.0
1781071259.0663981,161289,868.0
1781071259.492638,161475,867.0
1781071259.736008,161565,866.0
1781071260.2771032,161778,865.0
1781071260.6383975,161943,864.0
1781071260.882817,162065,863.0
1781071261.1676874,162202,863.0
1781071261.538453,162372,862.0
1781071261.9125485,162538,861.0
1781071262.1093934,162628,861.0
1781071262.558229,162829,860.0
1781071263.0898976,163077,859.0
1781071263.6079736,163313,858.0
1781071263.926864,163466,857.0
1781071264.4640238,163743,856.0
1781071264.9912565,164010,855.0
1781071265.3564816,164196,854.0
1781071265.5406287,164288,854.0
1781071265.741841,164380,854.0
1781071266.374604,164695,852.0
1781071266.8157072,164912,852.0
1781071267.2747521,165127,851.0
1781071267.8711674,165419,850.0
1781071268.4567895,165706,849.0
1781071268.8048792,165871,848.0
1781071269.070001,165991,847.0
1781071269.39191,166153,847.0
1781071269.8739996,166385,846.0
1781071270.1888661,166536,845.0
1781071270.3720717,166626,845.0
1781071270.5743167,166716,845.0
1781071270.8324895,166836,844.0
1781071271.0495286,166928,844.0
1781071271.2547274,167018,843.0
1781071271.5284977,167138,843.0
1781071271.7828138,167256,842.0
1781071272.4600477,167568,841.0
1781071272.7604692,167707,840.0
1781071272.973093,167799,840.0
1781071273.4501204,168030,839.0
1781071273.7857926,168195,838.0
1781071273.9821215,168285,838.0
1781071274.218951,168403,838.0
1781071274.5362759,168550,837.0
1781071274.9222426,168718,836.0
1781071275.2781167,168887,836.0
1781071275.6812327,169074,835.0
1781071276.0518684,169245,834.0
1781071275.5721576,169415,837.0
1781071275.9487393,169581,836.0
1781071276.4401383,169796,835.0
1781071277.023292,170049,834.0
1781071277.3625078,170216,834.0
1781071278.0243695,170531,832.0
1781071278.3124228,170669,832.0
1781071278.8518314,170933,831.0
1781071279.2015586,171102,830.0
1781071279.6525962,171316,830.0
1781071279.8339334,171404,829.0
1781071280.239795,171619,829.0
1781071280.5056584,171737,828.0
1781071280.9230344,171950,828.0
1781071281.196028,172088,827.0
1781071281.7116163,172327,826.0
1781071281.895763,172417,826.0
1781071282.2190747,172583,826.0
1781071282.5566316,172750,825.0
1781071282.811381,172868,825.0
1781071283.021879,172958,824.0
1781071283.3041458,173095,824.0
1781071283.5648866,173215,823.0
1781071283.76371,173305,823.0
1781071284.0442674,173441,822.0
1781071284.5169978,173678,822.0
1781071284.784239,173818,821.0
1781071285.1293776,173980,821.0
1781071285.6120899,174192,820.0
1781071286.3068974,174508,819.0
1781071286.504943,174598,818.0
1781071286.6900895,174688,818.0
1781071286.9555192,174810,818.0
1781071288.2460186,175010,814.0
1781071288.494479,175130,813.0
1781071288.847502,175297,813.0
1781071289.0402417,175389,812.0
1781071289.234561,175479,812.0
1781071289.5224957,175620,812.0
1781071289.8047707,175740,811.0
1781071290.0239897,175830,811.0
1781071290.4193833,175997,810.0
1781071291.1460967,176335,809.0
1781071291.838979,176664,808.0
1781071292.230802,176853,807.0
1781071292.8930871,177172,806.0
1781071293.1704857,177308,806.0
1781071293.372135,177398,806.0
1781071293.564628,177488,805.0
1781071293.9862902,177688,805.0
1781071294.5141594,177949,804.0
1781071295.2095106,178295,803.0
1781071295.73123,178545,802.0
1781071295.9114888,178633,802.0
1781071296.2827134,178826,801.0
1781071296.8275285,179096,801.0
1781071297.4644678,179413,800.0
1781071297.8462863,179601,799.0
1781071298.0276961,179693,799.0
1781071298.1998212,179783,799.0
1781071298.5552628,179948,798.0
1781071298.7400641,180040,798.0
1781071299.003776,180178,798.0
1781071299.2747703,180314,797.0
1781071299.6381986,180501,797.0
1781071299.8995209,180640,797.0
1781071300.4150867,180900,796.0
1781071300.8396587,181097,795.0
1781071301.039397,181189,795.0
1781071301.3568535,181340,795.0
1781071302.0743601,181652,793.0
1781071302.467016,181816,793.0
1781071302.760645,181957,792.0
1781071302.9473767,182047,792.0
1781071303.307904,182214,792.0
1781071303.8354197,182450,791.0
1781071304.1126683,182570,790.0
1781071304.2970905,182662,790.0
1781071304.5084743,182754,790.0
1781071304.993333,182972,789.0
1781071305.557287,183241,788.0
1781071305.7522707,183331,788.0
1781071305.9639268,183423,788.0
1781071306.3234813,183588,787.0
1781071306.963862,183884,786.0
1781071307.5857413,184173,786.0
1781071307.802812,184263,785.0
1781071307.2544098,184402,788.0
1781071307.6624808,184569,787.0
1781071307.8762267,184661,787.0
1781071308.1979332,184798,786.0
1781071308.3659306,184890,786.0
1781071308.555882,184982,786.0
1781071308.953489,185171,785.0
1781071309.5449584,185461,785.0
1781071309.7317147,185549,784.0
1781071309.919227,185639,784.0
1781071310.3473642,185837,783.0
1781071310.7538905,186050,783.0
1781071311.3386445,186343,782.0
1781071311.7024689,186532,782.0
1781071312.2906115,186828,781.0
1781071312.6440918,186994,781.0
1781071313.0845056,187210,780.0
1781071313.372597,187347,780.0
1781071313.5776026,187437,780.0
1781071313.8376887,187574,779.0
1781071314.3222575,187820,779.0
1781071314.494194,187910,779.0
1781071314.6772447,188000,778.0
1781071315.1904674,188248,778.0
1781071315.6135857,188433,777.0
1781071315.9253035,188569,777.0
1781071316.1834733,188689,776.0
1781071316.5723693,188854,776.0
1781071317.066778,189068,775.0
1781071317.3286538,189188,775.0
1781071317.6875381,189354,774.0
1781071318.0097752,189496,774.0
1781071318.3762164,189667,773.0
1781071318.8625867,189880,773.0
1781071319.045904,189968,773.0
1781071319.8293698,190307,771.0
1781071320.256873,190495,771.0
1781071320.7365499,190684,770.0
1781071321.4917111,191022,769.0
1781071321.9206908,191223,769.0
1781071322.1347823,191309,768.0
1781071322.329508,191399,768.0
1781071322.675268,191563,768.0
1781071323.1635118,191800,767.0
1781071323.357226,191892,767.0
1781071323.671557,192043,767.0
1781071323.9696548,192181,766.0
1781071324.162605,192271,766.0
1781071324.4042919,192391,766.0
1781071324.9471283,192655,765.0
1781071325.2555208,192796,765.0
1781071325.6977303,193000,764.0
1781071326.072911,193191,764.0
1781071326.2658308,193283,764.0
1781071326.5507603,193431,763.0
1781071327.2262807,193775,763.0
1781071327.623052,193967,762.0
1781071328.0200622,194152,762.0
1781071328.2160363,194240,761.0
1781071328.6708503,194470,761.0
1781071329.2198312,194738,760.0
1781071329.796313,195002,760.0
1781071330.2462935,195219,759.0
1781071330.861527,195487,758.0
1781071331.223983,195652,758.0
1781071331.7056003,195865,757.0
1781071332.2200668,196101,757.0
1781071332.7481084,196337,756.0
1781071333.1231968,196525,756.0
1781071333.4025326,196643,756.0
1781071333.731617,196783,755.0
1781071334.2238753,196996,754.0
1781071334.902189,197315,754.0
1781071335.7697697,197686,753.0
1781071336.0768046,197826,752.0
1781071336.4925368,197999,752.0
1781071336.8113613,198137,751.0
1781071337.058645,198255,751.0
1781071337.3161783,198375,751.0
1781071337.7521782,198586,750.0
1781071338.2353497,198821,750.0
1781071338.6651866,199037,750.0
1781071338.8680336,199129,749.0
1781071339.171463,199265,749.0
1781071338.6860268,199452,751.0
1781071339.1527894,199665,751.0
1781071339.524979,199834,750.0
1781071340.7247462,200001,747.0
1781071340.9388347,200093,747.0
1781071341.5992582,200408,746.0
1781071341.787397,200496,746.0
1781071342.3135858,200743,746.0
1781071342.5042317,200833,746.0
1781071342.9496138,201045,745.0
1781071343.3551652,201238,745.0
1781071343.619432,201360,744.0
1781071344.0356808,201560,744.0
1781071344.4351559,201742,744.0
1781071344.8012173,201911,743.0
1781071345.4954321,202235,742.0
1781071345.7276516,202327,742.0
1781071346.296274,202556,741.0
1781071346.6695416,202724,741.0
1781071347.1019905,202921,741.0
1781071347.5141478,203108,740.0
1781071347.8787892,203276,740.0
1781071348.1529174,203396,739.0
1781071348.365156,203486,739.0
1781071348.7549832,203673,739.0
1781071349.2031722,203859,738.0
1781071349.6917129,204074,738.0
1781071350.1064365,204262,737.0
1781071350.304239,204352,737.0
1781071350.5338144,204444,737.0
1781071350.8599584,204581,737.0
1781071351.3523674,204796,736.0
1781071351.7126431,204963,736.0
1781071352.0406578,205127,735.0
1781071352.3357878,205245,735.0
1781071352.7775073,205460,735.0
1781071353.0872958,205597,734.0
1781071353.689323,205878,734.0
1781071353.8670077,205968,734.0
1781071354.3078518,206184,733.0
1781071354.6536753,206348,733.0
1781071354.8433769,206440,733.0
1781071355.2532394,206635,732.0
1781071355.6778069,206861,732.0
1781071356.0988123,207125,732.0
1781071356.3627212,207275,732.0
1781071356.6589704,207442,732.0
1781071357.045391,207690,731.0
1781071357.2613926,207826,731.0
1781071357.4819984,207965,731.0
1781071357.6777256,208081,731.0
1781071357.9797146,208252,731.0
1781071358.2213004,208374,731.0
1781071358.4355884,208492,731.0
1781071358.7479897,208678,731.0
1781071358.9432988,208798,730.0
1781071359.4122868,209092,730.0
1781071359.8722506,209359,730.0
1781071360.3536801,209630,730.0
1781071360.777084,209877,730.0
1781071361.047295,210044,729.0
1781071361.2536263,210164,729.0
1781071361.572236,210358,729.0
1781071361.772676,210476,729.0
1781071361.9411001,210568,729.0
1781071362.523064,210915,729.0
1781071362.7708576,211054,729.0
1781071363.0086052,211190,728.0
1781071363.3789997,211407,728.0
1781071363.5387936,211499,728.0
1781071364.0190215,211788,728.0
1781071364.2296767,211904,728.0
1781071364.7062032,212191,728.0
1781071365.0697405,212406,727.0
1781071365.2689855,212526,727.0
1781071365.5264087,212691,727.0
1781071365.9739306,212950,727.0
1781071366.1372461,213040,727.0
1781071366.2926705,213130,727.0
1781071366.7475824,213392,727.0
1781071367.1017237,213606,727.0
1781071367.5484586,213852,726.0
1781071367.8106592,214002,726.0
1781071368.092166,214168,726.0
1781071368.2913005,214290,726.0
1781071368.6300485,214503,726.0
1781071368.8629787,214643,726.0
1781071369.06209,214763,726.0
1781071369.247271,214881,726.0
1781071369.5900424,215092,725.0
1781071369.8111398,215228,725.0
1781071370.1757655,215425,725.0
1781071370.3659253,215543,725.0
1781071370.6294723,215693,725.0
1781071370.952877,215879,725.0
1781071370.5201364,216123,727.0
1781071371.099887,216467,726.0
1781071371.3529208,216610,726.0
1781071371.6172955,216776,726.0
1781071372.0962598,217068,726.0
1781071372.261728,217160,726.0
1781071372.9677513,217565,726.0
1781071373.4065623,217833,725.0
1781071374.1234891,218253,725.0
1781071374.4128075,218423,725.0
1781071374.8675776,218691,725.0
1781071375.4720643,219054,724.0
1781071375.8697352,219291,724.0
1781071376.265276,219524,724.0
1781071376.6448553,219747,724.0
1781071377.1277223,220028,724.0
1781071377.4510028,220217,724.0
1781071377.7652726,220403,723.0
1781071378.0960035,220581,723.0
1781071378.28529,220697,723.0
1781071378.535401,220861,723.0
1781071378.770605,221001,723.0
1781071379.1154125,221214,723.0
1781071379.5320406,221460,723.0
1781071379.7421734,221582,723.0
1781071380.1108222,221805,722.0
1781071380.3151278,221928,722.0
1781071380.6245594,222093,722.0
1781071381.1623335,222415,722.0
1781071381.5831313,222687,722.0
1781071381.77705,222807,722.0
1781071382.0216215,222951,722.0
1781071382.327395,223137,722.0
1781071382.9298885,223502,721.0
1781071383.294591,223723,721.0
1781071383.4957604,223843,721.0
1781071383.698015,223959,721.0
1781071383.8938158,224077,721.0
1781071384.1007237,224197,721.0
1781071384.4730628,224411,721.0
1781071384.8312964,224624,721.0
1781071385.0464327,224741,720.0
1781071385.3740928,224938,720.0
1781071386.7276437,225202,718.0
1781071386.9904344,225368,718.0
1781071387.45654,225652,718.0
1781071387.6094034,225742,718.0
1781071387.8177016,225862,718.0
1781071388.185737,226080,717.0
1781071388.4687743,226244,717.0
1781071389.1000912,226619,717.0
1781071389.4274583,226819,717.0
1781071389.8945117,227109,717.0
1781071390.32347,227373,717.0
1781071390.8019853,227675,717.0
1781071391.2652566,227968,716.0
1781071391.4324975,228058,716.0
1781071391.733344,228256,716.0
1781071392.0836182,228457,716.0
1781071392.373167,228625,716.0
1781071392.7427814,228855,716.0
1781071393.2440572,229176,716.0
1781071393.5930927,229381,716.0
1781071393.8984883,229569,716.0
1781071394.0639489,229661,715.0
1781071394.5151632,229917,715.0
1781071394.717352,230037,715.0
1781071394.9859822,230201,715.0
1781071395.186706,230322,715.0
1781071395.4178889,230467,715.0
1781071395.7893112,230683,715.0
1781071396.1290746,230897,715.0
1781071396.4084382,231082,715.0
1781071396.6440265,231230,715.0
1781071397.0388157,231466,714.0
1781071397.3988183,231677,714.0
1781071397.687201,231862,714.0
1781071397.911489,232003,714.0
1781071398.295661,232217,714.0
1781071398.6186242,232406,714.0
1781071398.898051,232586,714.0
1781071399.1266978,232724,714.0
1781071399.4330187,232889,714.0
1781071399.8735287,233152,713.0
1781071400.331788,233419,713.0
1781071400.5735085,233560,713.0
1781071401.2540746,233956,713.0
1781071401.9313293,234393,713.0
1781071402.4975636,234764,713.0
1781071402.6485057,234856,713.0
1781071402.1209052,235081,714.0
1781071402.3516285,235235,714.0
1781071402.536235,235355,714.0
1781071402.879107,235579,714.0
1781071403.2739387,235834,714.0
1781071403.6897652,236076,714.0
1781071403.9187057,236194,714.0
1781071404.2322664,236365,714.0
1781071404.4235322,236481,714.0
1781071404.692819,236647,714.0
1781071405.2118018,236986,713.0
1781071405.5424998,237184,713.0
1781071405.9793186,237448,713.0
1781071406.2423122,237597,713.0
1781071406.7563443,237918,713.0
1781071407.008332,238083,713.0
1781071407.4418764,238356,713.0
1781071407.6399083,238478,713.0
1781071408.0930455,238750,713.0
1781071408.6462407,239083,712.0
1781071409.0410168,239317,712.0
1781071409.3664181,239503,712.0
1781071409.793892,239762,712.0
1781071410.07189,239930,712.0
1781071410.3752222,240113,712.0
1781071410.9839058,240487,712.0
1781071411.4257605,240754,712.0
1781071411.7987149,240973,711.0
1781071412.1637363,241191,711.0
1781071412.4521875,241359,711.0
1781071412.601674,241449,711.0
1781071413.0261908,241686,711.0
1781071413.443946,241939,711.0
1781071413.8495722,242168,711.0
1781071414.2410808,242393,710.0
1781071414.6942508,242660,710.0
1781071415.2329698,242974,710.0
1781071415.720922,243259,710.0
1781071416.0432405,243448,710.0
1781071416.5568423,243735,710.0
1781071416.7132344,243823,709.0
1781071417.130981,244053,709.0
1781071417.7234628,244409,709.0
1781071417.9864094,244550,709.0
1781071418.2788498,244716,709.0
1781071418.5260386,244852,709.0
1781071419.1286602,245208,709.0
1781071419.3112197,245328,709.0
1781071419.5787594,245496,708.0
1781071419.9528317,245736,708.0
1781071420.2343454,245903,708.0
1781071420.566182,246100,708.0
1781071420.9500341,246344,708.0
1781071421.1346276,246464,708.0
1781071421.4362977,246648,708.0
1781071421.7731342,246848,708.0
1781071422.3742461,247208,708.0
1781071422.7576814,247436,708.0
1781071423.0311704,247600,707.0
1781071423.6507485,247988,707.0
1781071423.9106965,248152,707.0
1781071424.079745,248244,707.0
1781071424.4694576,248476,707.0
1781071424.9125957,248745,707.0
1781071425.3884108,249035,707.0
1781071425.84048,249335,707.0
1781071426.2184138,249579,707.0
1781071426.5767522,249806,707.0
1781071426.7799582,249928,707.0
1781071428.0913517,250108,704.0
1781071428.317355,250245,704.0
1781071428.6778464,250462,704.0
1781071429.2893298,250809,704.0
1781071430.0615685,251272,704.0
1781071430.254127,251392,704.0
1781071430.5187774,251556,704.0
1781071431.1096392,251917,704.0
1781071431.3990328,252102,703.0
1781071431.6340308,252240,703.0
1781071432.1039925,252540,703.0
1781071432.4311495,252739,703.0
1781071432.9604754,253082,703.0
1781071433.4804559,253407,703.0
1781071433.943685,253684,703.0
1781071434.3313541,253922,703.0
1781071433.8712149,254183,704.0
1781071434.3270726,254458,704.0
1781071434.8662307,254773,704.0
1781071435.0923946,254912,704.0
1781071435.2509282,255004,704.0
1781071435.6157222,255244,704.0
1781071435.8094244,255366,704.0
1781071436.13329,255581,704.0
1781071436.4792917,255799,704.0
1781071436.8526397,256019,704.0
1781071437.084666,256165,704.0
1781071437.4030602,256354,704.0
1781071437.8986053,256648,703.0
1781071438.2159321,256829,703.0
1781071438.4257724,256947,703.0
1781071438.7418008,257135,703.0
1781071438.972016,257272,703.0
1781071439.2169375,257413,703.0
1781071439.5462017,257612,703.0
1781071439.8281336,257763,703.0
1781071440.247218,258005,703.0
1781071440.5826726,258190,702.0
1781071440.9442112,258403,702.0
1781071441.4169853,258691,702.0
1781071441.975441,259019,702.0
1781071442.5773232,259411,702.0
1781071443.0223844,259698,702.0
1781071443.3868718,259931,702.0
1781071443.768145,260181,702.0
1781071444.1803405,260454,702.0
1781071444.510212,260671,702.0
1781071444.878515,260909,702.0
1781071445.1866457,261104,702.0
1781071445.7701612,261474,701.0
1781071446.160696,261736,701.0
1781071446.5338745,261984,701.0
1781071446.7627225,262119,701.0
1781071447.098001,262336,701.0
1781071447.3445973,262486,701.0
1781071447.5441887,262606,701.0
1781071448.2333703,263011,701.0
1781071448.8689911,263400,701.0
1781071449.2104523,263623,701.0
1781071449.4932804,263808,701.0
1781071450.108968,264209,701.0
1781071450.5384326,264495,701.0
1781071450.7606893,264633,701.0
1781071450.9566917,264753,701.0
1781071451.3832788,264953,700.0
1781071451.6408772,265073,700.0
1781071452.1747093,265282,700.0
1781071452.897178,265612,699.0
1781071453.1586378,265734,699.0
1781071453.443073,265870,699.0
1781071453.8516223,266055,699.0
1781071454.630904,266410,698.0
1781071455.1838143,266663,698.0
1781071455.5773883,266843,698.0
1781071456.1096,267081,697.0
1781071456.8200185,267419,697.0
1781071457.3360403,267654,696.0
1781071458.0989022,268015,696.0
1781071458.6221006,268268,696.0
1781071459.475148,268679,695.0
1781071459.9299269,268870,695.0
1781071460.5212483,269101,694.0
1781071460.9955711,269321,694.0
1781071461.5120437,269539,694.0
1781071461.951778,269739,694.0
1781071462.7745838,270085,693.0
1781071463.107502,270225,693.0
1781071463.4609687,270375,692.0
1781071463.8189597,270526,692.0
1781071464.0612109,270616,692.0
1781071464.558417,270829,692.0
1781071465.1406372,271094,691.0
1781071465.8229647,271398,691.0
1781071465.4605966,271612,692.0
1781071466.1730292,271918,692.0
1781071466.8372784,272229,691.0
1781071467.263496,272426,691.0
1781071467.6481864,272610,691.0
1781071468.4604251,272995,690.0
1781071468.8220243,273162,690.0
1781071469.2821,273383,690.0
1781071469.7783654,273619,690.0
1781071470.1303303,273761,689.0
1781071470.5248806,273943,689.0
1781071470.7581809,274035,689.0
1781071470.9676921,274127,689.0
1781071471.4196115,274340,689.0
1781071471.6767128,274458,688.0
1781071472.0927422,274659,688.0
1781071472.5666773,274876,688.0
1781071474.199564,275045,686.0
1781071474.6198432,275230,685.0
1781071475.3761244,275545,685.0
1781071475.9896905,275808,684.0
1781071476.7681582,276102,684.0
1781071477.946591,276588,683.0
1781071478.5477307,276838,683.0
1781071479.2163277,277113,682.0
1781071479.5277793,277236,682.0
1781071479.832341,277356,682.0
1781071480.1426878,277476,682.0
1781071480.782909,277723,681.0
1781071481.1942618,277899,681.0
1781071481.7409039,278145,680.0
1781071482.3473182,278452,680.0
1781071482.531278,278544,680.0
1781071483.221824,278889,680.0
1781071483.6057503,279066,680.0
1781071484.05217,279280,679.0
1781071484.3835268,279431,679.0
1781071485.0502431,279742,679.0
1781071485.5172188,279988,679.0
1781071486.0081005,280203,678.0
1781071486.4375758,280404,678.0
1781071487.2200353,280776,678.0
1781071487.8560684,281067,677.0
1781071488.3832197,281309,677.0
1781071488.9380615,281568,677.0
1781071489.4941719,281813,677.0
1781071490.1836753,282131,676.0
1781071490.5186274,282270,676.0
1781071491.2466097,282580,676.0
1781071491.6935115,282765,675.0
1781071492.184537,282989,675.0
1781071492.9151397,283319,675.0
1781071493.4985712,283565,674.0
1781071494.036428,283780,674.0
1781071494.5691605,283995,674.0
1781071494.9756985,284173,673.0
1781071495.4854527,284407,673.0
1781071495.8244493,284547,673.0
1781071496.0268033,284639,673.0
1781071496.390665,284800,673.0
1781071497.0438275,285086,672.0
1781071497.3323686,285206,672.0
1781071496.894337,285403,673.0
1781071497.255519,285567,673.0
1781071497.6917849,285764,673.0
1781071498.2135146,286000,673.0
1781071498.5884204,286167,672.0
1781071499.1714056,286429,672.0
1781071499.9477422,286794,672.0
1781071500.4990096,287059,671.0
1781071500.843108,287227,671.0
1781071501.4127896,287491,671.0
1781071501.742914,287638,671.0
1781071502.1990993,287857,671.0
1781071502.4017472,287947,671.0
1781071502.986084,288215,670.0
1781071503.497955,288435,670.0
1781071504.1837199,288736,670.0
1781071504.6653557,288935,669.0
1781071505.0492957,289104,669.0
1781071505.657035,289353,669.0
1781071505.8631299,289445,669.0
1781071506.2289,289598,668.0
1781071506.7179778,289828,668.0
1781071507.4425564,290166,668.0
1781071507.905399,290379,668.0
1781071508.6343303,290723,667.0
1781071509.144257,290969,667.0
1781071509.482103,291118,667.0
1781071509.6903927,291210,667.0
1781071509.8977163,291300,667.0
1781071510.695272,291636,666.0
1781071511.5833614,291978,666.0
1781071512.3291616,292306,665.0
1781071512.6810887,292454,665.0
1781071513.3249454,292749,665.0
1781071514.4250815,293217,664.0
1781071514.8726842,293401,664.0
1781071515.1322746,293519,664.0
1781071515.3866844,293637,664.0
1781071515.7771628,293804,663.0
1781071516.274841,294019,663.0
1781071516.7621198,294240,663.0
1781071517.445796,294550,663.0
1781071518.0773907,294838,662.0
1781071518.6332214,295086,662.0
1781071519.0592725,295286,662.0
1781071519.3692281,295425,662.0
1781071519.8656895,295658,662.0
1781071520.122035,295778,661.0
1781071520.316073,295870,661.0
1781071520.6211016,296011,661.0
1781071521.2543492,296300,661.0
1781071521.5552564,296436,661.0
1781071521.8301322,296558,661.0
1781071522.46969,296844,660.0
1781071522.7615108,296964,660.0
1781071523.1646495,297131,660.0
1781071524.1254115,297530,659.0
1781071524.7540922,297797,659.0
1781071525.1324217,297962,659.0
1781071525.4141326,298080,659.0
1781071525.7968922,298245,659.0
1781071526.4165812,298508,658.0
1781071527.271766,298869,658.0
1781071527.6415365,299038,658.0
1781071528.1880581,299286,657.0
1781071528.774526,299553,657.0
1781071529.0544522,299673,657.0
1781071528.600333,299872,658.0
1781071530.2791495,300133,656.0
1781071530.7787044,300373,656.0
1781071531.0402057,300491,656.0
1781071531.9525704,300931,656.0
1781071532.4993846,301188,655.0
1781071533.2844894,301567,655.0
1781071534.094966,301936,655.0
1781071534.6129613,302162,654.0
1781071535.2198832,302431,654.0
1781071535.945862,302745,654.0
1781071536.3726249,302940,654.0
1781071537.0027132,303201,653.0
1781071537.6046932,303476,653.0
1781071538.105135,303687,653.0
1781071538.72468,303953,653.0
1781071539.3336778,304216,652.0
1781071540.0039399,304502,652.0
1781071540.9476404,304898,651.0
1781071541.3269198,305051,651.0
1781071542.1216176,305405,651.0
1781071542.6242478,305631,651.0
1781071543.0127451,305796,651.0
1781071543.385839,305960,650.0
1781071543.7480056,306125,650.0
1781071543.9456863,306215,650.0
1781071544.582702,306501,650.0
1781071544.9640317,306667,650.0
1781071545.3080113,306836,650.0
1781071545.6312027,306985,649.0
1781071546.0123436,307168,649.0
1781071546.710397,307465,649.0
1781071547.222739,307691,649.0
1781071547.7664237,307951,649.0
1781071548.1699111,308146,648.0
1781071548.8041177,308439,648.0
1781071549.1921773,308609,648.0
1781071549.9382942,308914,648.0
1781071550.6476655,309220,647.0
1781071551.1023993,309405,647.0
1781071551.5750356,309601,647.0
1781071552.3737328,309942,646.0
1781071552.931416,310176,646.0
1781071553.6740093,310477,646.0
1781071554.3782554,310776,645.0
1781071554.7874537,310942,645.0
1781071555.5514894,311280,645.0
1781071556.1515899,311515,645.0
1781071556.4114907,311636,645.0
1781071556.7819653,311804,644.0
1781071557.0109444,311894,644.0
1781071557.413301,312080,644.0
1781071558.1649382,312428,644.0
1781071558.6665328,312653,644.0
1781071559.3439364,312975,643.0
1781071559.816317,313189,643.0
1781071560.503654,313512,643.0
1781071560.3681753,313834,644.0
1781071560.9520311,314104,644.0
1781071561.4497888,314324,643.0
1781071561.8253806,314491,643.0
1781071562.538953,314837,643.0
1781071562.9697168,315025,643.0
1781071563.5442162,315271,643.0
1781071564.0722983,315490,642.0
1781071564.842961,315835,642.0
1781071565.2530754,316005,642.0
1781071566.0940716,316360,641.0
1781071566.7991762,316649,641.0
1781071567.8060062,317084,641.0
1781071568.1003835,317204,641.0
1781071568.4842694,317372,640.0
1781071568.8660862,317511,640.0
1781071569.2100177,317659,640.0
1781071569.697969,317856,640.0
1781071570.2437346,318099,640.0
1781071571.0146608,318445,639.0
1781071571.7052379,318763,639.0
1781071571.955946,318881,639.0
1781071572.2239714,319001,639.0
1781071572.6207402,319187,639.0
1781071573.6046817,319650,638.0
1781071574.341452,319991,638.0
1781071574.9612432,320289,638.0
1781071575.3514268,320470,638.0
1781071576.001875,320776,638.0
1781071576.5043535,321018,637.0
1781071576.851,321187,637.0
1781071577.1529355,321328,637.0
1781071577.8163552,321638,637.0
1781071578.3147144,321851,637.0
1781071579.2934668,322258,636.0
1781071579.7537518,322460,636.0
1781071580.079772,322580,636.0
1781071580.566873,322779,636.0
1781071581.0002248,322957,636.0
1781071581.4011722,323125,635.0
1781071581.6883595,323244,635.0
1781071581.970182,323364,635.0
1781071582.358823,323529,635.0
1781071582.7380567,323695,635.0
1781071583.4967535,323986,635.0
1781071584.1517446,324260,634.0
1781071584.6962001,324480,634.0
1781071585.3603778,324759,634.0
1781071587.7714293,325008,631.0
1781071588.1768622,325197,631.0
1781071588.64537,325439,631.0
1781071588.9413729,325591,631.0
1781071589.369209,325805,631.0
1781071589.787893,325998,631.0
1781071590.3883808,326281,630.0
1781071591.2883599,326711,630.0
1781071591.6930108,326892,630.0
1781071592.2172096,327140,630.0
1781071591.9796555,327410,631.0
1781071592.4682083,327623,631.0
1781071592.9771667,327837,630.0
1781071593.360763,328004,630.0
1781071594.172391,328343,630.0
1781071594.856435,328641,630.0
1781071595.274989,328810,629.0
1781071595.7767112,329022,629.0
1781071596.5292668,329365,629.0
1781071597.1738367,329650,629.0
1781071597.8774242,329937,628.0
1781071598.2524018,330102,628.0
1781071599.110086,330457,628.0
1781071599.404394,330577,628.0
1781071599.7016976,330713,628.0
1781071600.02088,330851,628.0
1781071600.5906973,331113,627.0
1781071601.2916017,331436,627.0
1781071601.863442,331708,627.0
1781071602.187359,331856,627.0
1781071602.6142797,332053,627.0
1781071602.9545498,332218,627.0
1781071603.8063858,332609,626.0
1781071604.2383704,332794,626.0
1781071604.6345003,332975,626.0
1781071605.0190368,333160,626.0
1781071605.3132048,333305,626.0
1781071606.1185884,333690,626.0
1781071606.708634,333960,626.0
1781071607.5473638,334319,625.0
1781071608.1112576,334559,625.0
1781071608.4123433,334677,625.0
1781071609.061463,334942,625.0
1781071609.8865917,335308,624.0
1781071610.4355133,335537,624.0
1781071611.2819624,335882,624.0
1781071611.5507572,336002,624.0
1781071612.1411343,336247,624.0
1781071612.7559943,336512,623.0
1781071613.0381715,336632,623.0
1781071613.8612204,336950,623.0
1781071614.7412763,337346,623.0
1781071615.1335359,337516,622.0
1781071615.806103,337800,622.0
1781071616.1917806,337967,622.0
1781071617.143415,338415,622.0
1781071617.5595076,338608,622.0
1781071617.9856594,338796,621.0
1781071618.258567,338918,621.0
1781071618.7354372,339148,621.0
1781071619.0059984,339268,621.0
1781071619.509832,339485,621.0
1781071619.9027464,339670,621.0
1781071620.5528238,339937,621.0
1781071621.1240568,340204,621.0
1781071621.4277868,340342,620.0
1781071622.4383938,340768,620.0
1781071623.0706508,341040,620.0
1781071623.6100016,341253,620.0
1781071623.625242,341608,620.0
1781071623.8528814,341698,620.0
1781071624.3376448,341893,620.0
1781071625.4369411,342382,620.0
1781071625.9910781,342606,619.0
1781071626.4363248,342793,619.0
1781071627.0050979,343036,619.0
1781071627.3365896,343177,619.0
1781071627.8585756,343405,619.0
1781071628.3705075,343621,619.0
1781071628.957891,343894,618.0
1781071629.2647815,344041,618.0
1781071629.5701609,344177,618.0
1781071630.2942162,344499,618.0
1781071630.8394802,344733,618.0
1781071631.734496,345142,618.0
1781071632.5318756,345492,617.0
1781071632.9935737,345689,617.0
1781071633.6062899,345969,617.0
1781071634.2732184,346276,617.0
1781071635.1523113,346670,617.0
1781071635.608223,346865,616.0
1781071636.057092,347050,616.0
1781071636.3580601,347170,616.0
1781071636.8662343,347368,616.0
1781071637.3317838,347561,616.0
1781071637.8204434,347777,616.0
1781071638.2228615,347947,615.0
1781071638.6690786,348136,615.0
1781071639.3620443,348410,615.0
1781071639.6255379,348528,615.0
1781071640.1950846,348748,615.0
1781071640.8137753,349010,614.0
1781071641.2803843,349203,614.0
1781071641.9746408,349494,614.0
1781071642.6954842,349783,614.0
1781071643.0481586,349934,614.0
1781071645.4932232,350235,612.0
1781071646.3533094,350605,611.0
1781071646.6879156,350740,611.0
1781071647.231326,350998,611.0
1781071647.8747272,351405,611.0
1781071648.2927248,351672,611.0
1781071648.7191646,351944,611.0
1781071649.1661148,352225,611.0
1781071649.6252925,352512,611.0
1781071649.8149269,352632,611.0
1781071650.284972,352937,611.0
1781071650.4424613,353027,611.0
1781071650.7263165,353202,611.0
1781071651.4466782,353659,611.0
1781071651.8693917,353920,611.0
1781071652.3417892,354207,611.0
1781071652.9481432,354583,611.0
1781071653.1988654,354733,611.0
1781071653.4634283,354900,611.0
1781071653.855804,355143,611.0
1781071654.2792175,355416,611.0
1781071654.8000436,355741,611.0
1781071655.4066124,356140,611.0
1781071655.1412334,356528,612.0
1781071655.6541193,356850,612.0
1781071655.962902,357040,612.0
1781071656.5202155,357377,612.0
1781071656.9885557,357672,612.0
1781071657.557645,358036,612.0
1781071658.017314,358329,612.0
1781071658.3764756,358545,612.0
1781071659.2691767,359108,612.0
1781071659.5743873,359290,612.0
1781071659.7888927,359428,612.0
1781071660.3722923,359787,612.0
1781071660.8898737,360110,612.0
1781071661.1518629,360276,612.0
1781071661.602811,360557,612.0
1781071662.0415268,360832,612.0
1781071662.4582477,361082,612.0
1781071662.7777684,361279,612.0
1781071663.1646218,361520,612.0
1781071663.5250056,361746,612.0
1781071664.0783947,362097,612.0
1781071664.740338,362510,612.0
1781071665.2703662,362836,612.0
1781071665.7971292,363164,612.0
1781071666.3327336,363496,612.0
1781071666.691446,363711,612.0
1781071667.7308123,364369,612.0
1781071667.9865963,364531,612.0
1781071668.3901112,364789,612.0
1781071669.0787323,365233,613.0
1781071669.3991842,365444,613.0
1781071669.7407792,365664,613.0
1781071670.0757453,365878,613.0
1781071670.613591,366222,613.0
1781071670.9065607,366404,613.0
1781071671.1997821,366590,613.0
1781071671.5574195,366815,613.0
1781071671.8916988,367032,613.0
1781071672.2354286,367254,613.0
1781071672.3782556,367344,613.0
1781071672.93305,367696,613.0
1781071673.2454808,367896,613.0
1781071673.83462,368274,613.0
1781071674.2430863,368535,613.0
1781071674.858047,368933,613.0
1781071675.3396416,369244,613.0
1781071675.9464593,369620,613.0
1781071676.266498,369818,613.0
1781071676.4708152,369938,613.0
1781071677.0100636,370288,613.0
1781071677.4404953,370552,613.0
1781071677.7983973,370773,613.0
1781071678.0000172,370893,613.0
1781071678.337399,371109,613.0
1781071678.7158213,371351,613.0
1781071679.4820604,371837,613.0
1781071679.7682245,372019,613.0
1781071680.2844992,372353,613.0
1781071680.5241685,372504,613.0
1781071680.7892113,372669,613.0
1781071681.209311,372934,613.0
1781071681.506241,373122,613.0
1781071681.9022446,373371,613.0
1781071682.131497,373511,613.0
1781071682.8716116,373983,613.0
1781071683.288843,374247,613.0
1781071683.8792555,374627,613.0
1781071684.132476,374792,613.0
1781071686.012471,375032,612.0
1781071686.368726,375253,612.0
1781071686.6368654,375420,612.0
1781071687.1797,375767,612.0
1781071687.3650677,375887,612.0
1781071686.7360294,376036,612.0
1781071687.1635401,376308,613.0
1781071687.7220883,376666,613.0
1781071688.228428,376994,613.0
1781071688.5797737,377219,613.0
1781071689.0053878,377489,613.0
1781071689.3529649,377714,613.0
1781071689.7255898,377963,613.0
1781071690.1332247,378235,613.0
1781071690.7929265,378666,613.0
1781071691.0161643,378808,613.0
1781071691.5333548,379141,613.0
1781071692.0341368,379466,613.0
1781071692.4192746,379703,613.0
1781071692.656619,379852,613.0
1781071692.9376764,380019,613.0
1781071693.2565823,380212,613.0
1781071693.6483443,380457,613.0
1781071694.1180944,380745,613.0
1781071694.495788,380989,613.0
1781071694.9363036,381277,613.0
1781071695.2531679,381474,613.0
1781071695.4009745,381566,613.0
1781071695.7416472,381792,613.0
1781071695.980178,381943,613.0
1781071696.1656687,382060,613.0
1781071696.6608634,382378,613.0
1781071697.1902173,382727,613.0
1781071697.7197711,383067,613.0
1781071698.2231412,383392,613.0
1781071698.8183532,383780,613.0
1781071699.6373696,384318,613.0
1781071700.2774043,384739,613.0
1781071700.5879304,384940,613.0
1781071700.8438237,385108,613.0
1781071701.3170216,385419,613.0
1781071701.6901875,385654,613.0
1781071702.4395623,386154,613.0
1781071702.8820455,386443,613.0
1781071703.1549628,386613,613.0
1781071703.5619674,386879,613.0
1781071703.9175081,387112,613.0
1781071704.1051908,387234,613.0
1781071704.7279978,387649,613.0
1781071705.1135495,387905,613.0
1781071705.3982596,388091,613.0
1781071705.8021526,388359,613.0
1781071706.0614345,388523,614.0
1781071706.5067093,388811,614.0
1781071706.7642238,388976,614.0
1781071707.125829,389204,614.0
1781071707.5130467,389457,614.0
1781071707.7587607,389622,614.0
1781071708.3801582,390023,614.0
1781071708.8284624,390308,614.0
1781071709.1258092,390492,614.0
1781071709.320129,390610,614.0
1781071709.5730548,390776,614.0
1781071709.7620478,390896,614.0
1781071710.0606213,391085,614.0
1781071710.3320508,391253,614.0
1781071710.5885215,391419,614.0
1781071711.4005601,391906,614.0
1781071711.9637969,392272,614.0
1781071712.4688234,392567,614.0
1781071712.884564,392808,614.0
1781071713.4199173,393132,614.0
1781071713.9439294,393350,613.0
1781071714.31862,393513,613.0
1781071714.8427763,393727,613.0
1781071715.204265,393880,613.0
1781071716.001302,394209,613.0
1781071717.051763,394631,613.0
1781071717.7720404,394930,612.0
1781071718.1200478,395071,612.0
1781071718.8697407,395367,612.0
1781071718.4845629,395563,613.0
1781071718.939257,395750,612.0
1781071719.7648947,396104,612.0
1781071720.5220006,396413,612.0
1781071721.0026321,396633,612.0
1781071721.5102017,396849,612.0
1781071722.1497455,397122,612.0
1781071723.0135615,397499,611.0
1781071723.9278283,397921,611.0
1781071724.4196048,398139,611.0
1781071724.8304873,398339,611.0
1781071725.3800478,398590,611.0
1781071726.1074426,398902,611.0
1781071726.8255706,399228,610.0
1781071727.358599,399467,610.0
1781071727.729761,399635,610.0
1781071728.0692575,399773,610.0
1781071728.5426176,399968,610.0
1781071731.0032573,400247,608.0
1781071731.8177016,400614,608.0
1781071732.209696,400779,608.0
1781071732.8588655,401054,608.0
1781071733.388573,401255,607.0
1781071734.0963147,401532,607.0
1781071734.7552187,401797,607.0
1781071735.4511514,402087,607.0
1781071735.6589007,402175,607.0
1781071736.6249013,402626,606.0
1781071737.508999,403023,606.0
1781071738.2537088,403346,606.0
1781071739.064482,403704,606.0
1781071739.5429425,403917,606.0
1781071740.191915,404197,606.0
1781071741.2642555,404653,605.0
1781071742.0094724,404994,605.0
1781071742.891222,405387,605.0
1781071743.7378736,405721,605.0
1781071744.5023575,406013,604.0
1781071745.187285,406292,604.0
1781071745.5073845,406428,604.0
1781071746.2492003,406732,604.0
1781071747.1633835,407092,604.0
1781071748.1865685,407493,603.0
1781071749.1350644,407859,603.0
1781071749.9829962,408185,603.0
1781071750.670205,408484,603.0
1781071750.0112069,408574,603.0
1781071750.8772495,408973,603.0
1781071751.3986266,409225,603.0
1781071751.7943687,409413,603.0
1781071752.3087397,409662,603.0
1781071753.1635008,410084,603.0
1781071753.9762206,410471,603.0
1781071754.9655654,410947,602.0
1781071755.5688763,411247,602.0
1781071756.6437242,411779,602.0
1781071757.716818,412269,602.0
1781071758.3519623,412524,602.0
1781071758.7359424,412688,602.0
1781071759.4751797,412967,601.0
1781071759.9945145,413186,601.0
1781071760.5806248,413425,601.0
1781071761.6325288,413864,601.0
1781071762.659462,414270,600.0
1781071763.7403376,414731,600.0
1781071764.2925496,414957,600.0
1781071764.7313497,415156,600.0
1781071765.4173944,415456,600.0
1781071765.8562586,415650,600.0
1781071766.8261707,416084,599.0
1781071767.465465,416351,599.0
1781071768.0482795,416619,599.0
1781071768.73379,416919,599.0
1781071769.866408,417404,599.0
1781071770.2749498,417578,599.0
1781071770.8385344,417820,598.0
1781071771.1719663,417959,598.0
1781071772.0717814,418326,598.0
1781071772.7002575,418590,598.0
1781071773.2754102,418834,598.0
1781071773.653785,418984,598.0
1781071774.4402523,419322,598.0
1781071775.0388896,419564,597.0
1781071775.5139153,419754,597.0
1781071776.6481502,420206,597.0
1781071777.3728683,420517,597.0
1781071778.1076336,420829,597.0
1781071779.3683124,421345,596.0
1781071779.6552687,421463,596.0
1781071780.1990006,421711,596.0
1781071780.5714679,421881,596.0
1781071780.9813144,422070,596.0
1781071781.1816084,422160,596.0
1781071781.5074224,422308,596.0
1781071782.1987216,422609,596.0
1781071782.1820247,422969,596.0
1781071782.614073,423165,596.0
1781071782.9860084,423343,596.0
1781071783.433106,423555,596.0
1781071784.2820652,423940,596.0
1781071784.9463305,424245,596.0
1781071785.6091282,424569,596.0
1781071786.4074762,424937,595.0
1781071789.4891508,425387,593.0
1781071789.9084456,425542,593.0
1781071790.8536108,425914,593.0
1781071791.7752407,426274,593.0
1781071792.0321696,426366,593.0
1781071793.1265423,426802,592.0
1781071794.2626457,427347,592.0
1781071794.631043,427532,592.0
1781071795.39651,427898,592.0
1781071796.4245563,428381,592.0
1781071797.0134308,428645,592.0
1781071797.6330743,428948,592.0
1781071797.9546118,429101,592.0
1781071798.4456966,429344,592.0
1781071798.939798,429579,591.0
1781071799.5437617,429873,591.0
1781071800.167525,430164,591.0
1781071800.880364,430512,591.0
1781071801.6365044,430878,591.0
1781071802.09077,431072,591.0
1781071802.5847466,431288,591.0
1781071803.342015,431618,591.0
1781071804.392335,432080,591.0
1781071804.8289785,432261,590.0
1781071805.778237,432645,590.0
1781071806.117314,432781,590.0
1781071806.465829,432917,590.0
1781071806.7890637,433035,590.0
1781071807.1356642,433171,590.0
1781071807.6647477,433388,590.0
1781071808.399842,433689,589.0
1781071809.1865802,434010,589.0
1781071809.823717,434269,589.0
1781071810.2499988,434456,589.0
1781071810.9549327,434768,589.0
1781071811.6010613,435042,589.0
1781071812.6151826,435516,589.0
1781071813.0245268,435702,589.0
1781071813.5340252,435950,588.0
1781071813.3313155,436270,589.0
1781071813.9601972,436570,589.0
1781071814.6026225,436893,589.0
1781071815.0745173,437122,589.0
1781071815.537663,437337,589.0
1781071816.1701593,437634,589.0
1781071816.5580723,437799,589.0
1781071817.3553896,438105,588.0
1781071818.027654,438382,588.0
1781071818.9505394,438739,588.0
1781071819.6269302,439015,588.0
1781071819.978354,439158,588.0
1781071820.6963654,439434,587.0
1781071821.4336886,439721,587.0
1781071822.1012423,440000,587.0
1781071822.911032,440310,587.0
1781071823.483526,440542,587.0
1781071823.7853646,440664,587.0
1781071824.307641,440879,587.0
1781071825.0741606,441213,586.0
1781071825.8332362,441585,586.0
1781071826.3276787,441823,586.0
1781071827.1461837,442221,586.0
1781071827.5300713,442388,586.0
1781071828.0538542,442633,586.0
1781071828.5500176,442866,586.0
1781071829.3812597,443272,586.0
1781071829.8869128,443502,586.0
1781071830.4055617,443750,586.0
1781071830.9140356,443991,586.0
1781071831.1722205,444111,585.0
1781071831.6155581,444307,585.0
1781071832.6805968,444759,585.0
1781071833.3146877,445002,585.0
1781071833.9244578,445250,585.0
1781071834.1977594,445342,585.0
1781071835.1788943,445736,585.0
1781071836.0397508,446053,584.0
1781071836.9583738,446397,584.0
1781071837.6603,446682,584.0
1781071838.456196,446980,584.0
1781071838.9137993,447165,584.0
1781071839.7496994,447542,583.0
1781071840.2459428,447772,583.0
1781071841.4394994,448334,583.0
1781071842.3648634,448760,583.0
1781071843.0132477,449056,583.0
1781071843.6913605,449382,583.0
1781071844.2731547,449646,583.0
1781071844.731337,449863,583.0
1781071846.5521026,450109,582.0
1781071846.8610415,450225,582.0
1781071847.432371,450438,581.0
1781071848.0461311,450676,581.0
1781071848.532047,450878,581.0
1781071849.1546686,451126,581.0
1781071849.8465889,451394,581.0
1781071850.1944907,451532,581.0
1781071850.5836,451699,581.0
1781071851.6098378,452122,580.0
1781071851.8214872,452212,580.0
1781071852.5914965,452516,580.0
1781071853.0278032,452681,580.0
1781071853.4603791,452862,580.0
1781071853.7515872,452983,580.0
1781071854.481991,453306,580.0
1781071855.0030699,453550,580.0
1781071856.2446613,454142,580.0
1781071856.6533635,454338,579.0
1781071857.5399864,454753,579.0
1781071857.858183,454900,579.0
1781071858.687479,455297,579.0
1781071859.3934448,455639,579.0
1781071859.828981,455845,579.0
1781071860.213325,456032,579.0
1781071860.708535,456262,579.0
1781071861.3662555,456566,579.0
1781071861.9356604,456835,579.0
1781071862.6772017,457192,579.0
1781071863.7645278,457696,579.0
1781071864.171456,457894,578.0
1781071864.6890588,458142,578.0
1781071865.152495,458355,578.0
1781071865.4353323,458501,578.0
1781071866.0430126,458797,578.0
1781071866.3595157,458950,578.0
1781071867.206813,459341,578.0
1781071868.2758136,459846,578.0
1781071869.081009,460227,578.0
1781071870.0257456,460676,578.0
1781071870.9241679,461118,578.0
1781071871.7116802,461494,578.0
1781071872.2897255,461769,577.0
1781071872.644163,461938,577.0
1781071873.0289514,462105,577.0
1781071873.7278786,462399,577.0
1781071874.6594248,462751,577.0
1781071875.4706798,463103,577.0
1781071876.326986,463454,577.0
1781071876.802748,463639,577.0
1781071876.4463189,463838,577.0
1781071876.9739149,464033,577.0
1781071877.8361208,464350,577.0
1781071878.7559214,464715,576.0
1781071879.8877966,465176,576.0
1781071880.7272615,465563,576.0
1781071881.3401635,465853,576.0
1781071881.956422,466143,576.0
1781071883.0620675,466669,576.0
1781071883.4587653,466864,576.0
1781071884.221529,467222,576.0
1781071884.8096404,467510,576.0
1781071885.1001105,467647,576.0
1781071885.7542865,467959,575.0
1781071886.3541548,468244,575.0
1781071886.8888845,468483,575.0
1781071887.5083876,468742,575.0
1781071888.1852841,469033,575.0
1781071888.9210575,469356,575.0
1781071889.8828564,469743,575.0
1781071890.216969,469863,575.0
1781071890.709042,470060,575.0
1781071891.7134597,470432,574.0
1781071892.5679243,470755,574.0
1781071893.7062638,471200,574.0
1781071894.348276,471446,574.0
1781071894.9454365,471692,574.0
1781071895.2334201,471810,574.0
1781071895.7828603,472077,573.0
1781071896.2162104,472277,573.0
1781071896.7943583,472555,573.0
1781071897.0829673,472691,573.0
1781071897.8741899,473072,573.0
1781071898.264313,473260,573.0
1781071898.8383532,473537,573.0
1781071899.326699,473766,573.0
1781071899.9416845,474070,573.0
1781071900.6975005,474414,573.0
1781071901.0051925,474555,573.0
1781071901.680883,474880,573.0
1781071904.9993882,475338,571.0
1781071905.390579,475526,571.0
1781071905.8352633,475745,571.0
1781071906.4394467,476040,571.0
1781071907.2845492,476407,571.0
1781071907.6236203,476546,571.0
1781071908.2344623,476820,571.0
1781071908.851934,477079,570.0
1781071908.9982774,477525,571.0
1781071909.5436902,477771,571.0
1781071910.2921748,478098,571.0
1781071911.2220373,478509,571.0
1781071912.6776457,479097,570.0
1781071914.0489063,479669,570.0
1781071914.5624576,479892,570.0
1781071915.5452943,480319,570.0
1781071916.1935413,480602,570.0
1781071916.5938559,480770,570.0
1781071917.378151,481133,570.0
1781071918.2392378,481547,569.0
1781071919.0597272,481939,569.0
1781071919.9603167,482361,569.0
1781071920.5101447,482613,569.0
1781071921.08241,482878,569.0
1781071921.2793984,482968,569.0
1781071922.2675598,483389,569.0
1781071923.5343704,483909,569.0
1781071924.0455008,484132,569.0
1781071924.5566502,484355,568.0
1781071925.4119291,484738,568.0
1781071926.1003582,485035,568.0
1781071926.7263386,485300,568.0
1781071927.8829238,485781,568.0
1781071928.8454573,486203,568.0
1781071929.673192,486583,568.0
1781071930.5049431,486977,568.0
1781071931.2098877,487294,567.0
1781071932.080792,487702,567.0
1781071932.6805868,487985,567.0
1781071933.0365689,488149,567.0
1781071933.5532095,488394,567.0
1781071934.2472591,488716,567.0
1781071935.1403208,489134,567.0
1781071935.9530323,489509,567.0
1781071936.9528155,489983,567.0
1781071937.5986984,490283,567.0
1781071938.0511384,490498,567.0
1781071939.316283,491090,567.0
1781071939.8455267,491335,566.0
1781071939.9135177,491795,567.0
1781071940.4563563,492047,567.0
1781071941.0364165,492310,567.0
1781071941.9677029,492745,567.0
1781071942.283117,492884,567.0
1781071942.5721986,493024,567.0
1781071943.1180034,493271,567.0
1781071943.8859522,493634,567.0
1781071944.5082045,493924,566.0
1781071945.350166,494305,566.0
1781071946.1042874,494650,566.0
1781071946.745138,494937,566.0
1781071947.349208,495226,566.0
1781071948.1636956,495611,566.0
1781071948.735026,495866,566.0
1781071948.976003,495982,566.0
1781071949.5542042,496256,566.0
1781071950.3398905,496621,566.0
1781071950.7844381,496840,566.0
1781071950.9931185,496928,566.0
1781071951.4516726,497155,566.0
1781071951.9864018,497400,566.0
1781071952.7705193,497767,565.0
1781071953.4068244,498056,565.0
1781071954.1787798,498431,565.0
1781071954.9594448,498812,565.0
1781071955.931659,499276,565.0
1781071956.4498,499525,565.0
1781071957.2195907,499885,565.0
1781071960.5432224,500150,563.0
1781071960.7601988,500242,563.0
1781071961.4099133,500525,563.0
1781071962.2361174,500930,563.0
1781071962.491914,501051,563.0
1781071963.199394,501379,563.0
1781071963.9944832,501740,563.0
1781071964.7581515,502094,563.0
1781071965.3343923,502364,563.0
1781071966.15227,502751,563.0
1781071966.6441004,502982,563.0
1781071967.448514,503369,562.0
1781071968.0936136,503663,562.0
1781071968.7305803,503963,562.0
1781071969.258493,504216,562.0
1781071969.860065,504492,562.0
1781071970.627048,504840,562.0
1781071970.9128177,504978,562.0
1781071971.4650803,505665,562.0
1781071972.503341,506145,562.0
1781071973.127718,506435,562.0
1781071973.974904,506833,562.0
1781071974.6908362,507172,562.0
1781071974.9493818,507292,562.0
1781071976.0586178,507800,562.0
1781071976.3599703,507938,562.0
1781071976.731218,508106,562.0
1781071977.7165263,508563,562.0
1781071978.2024415,508784,562.0
1781071978.6937118,509019,562.0
1781071979.2149987,509253,562.0
1781071979.8253448,509531,562.0
1781071980.36306,509780,562.0
1781071981.0390441,510078,561.0
1781071981.2600129,510170,561.0
1781071981.7157102,510336,561.0
1781071981.9605474,510428,561.0
1781071983.2122555,510909,561.0
1781071983.7513208,511130,561.0
1781071984.2669923,511348,561.0
1781071984.8281038,511591,561.0
1781071985.385874,511841,561.0
1781071986.2444634,512197,561.0
1781071986.944981,512492,560.0
1781071987.5348237,512725,560.0
1781071988.265696,513048,560.0
1781071989.0490081,513387,560.0
1781071989.665682,513667,560.0
1781071990.6283746,514103,560.0
1781071991.793513,514643,560.0
1781071992.7177575,515072,560.0
1781071993.8795776,515620,560.0
1781071994.5887334,515931,560.0
1781071995.4740777,516343,559.0
1781071996.3184595,516720,559.0
1781071997.1916175,517117,559.0
1781071998.0365663,517498,559.0
1781071998.5740657,517748,559.0
1781071999.4789512,518147,559.0
1781072000.0262978,518392,559.0
1781072000.6623924,518681,559.0
1781072002.3191526,519453,559.0
1781072002.925428,519718,559.0
1781072002.9335916,520114,559.0
1781072003.277215,520254,559.0
1781072003.6673853,520434,559.0
1781072004.7089708,520898,559.0
1781072005.4350507,521235,559.0
1781072006.0042617,521492,559.0
1781072006.7313323,521824,559.0
1781072007.7240407,522270,558.0
1781072008.4129696,522566,558.0
1781072008.98492,522829,558.0
1781072009.7695322,523195,558.0
1781072010.6000464,523570,558.0
1781072011.138332,523815,558.0
1781072011.9447901,524187,558.0
1781072012.7119157,524536,558.0
1781072013.5856776,524923,558.0
1781072015.9235704,525092,557.0
1781072016.798607,525476,556.0
1781072017.4228823,525768,556.0
1781072018.5784264,526303,556.0
1781072019.2869065,526619,556.0
1781072019.8568192,526885,556.0
1781072020.8289692,527326,556.0
1781072021.1270087,527466,556.0
1781072021.528123,527643,556.0
1781072022.4327838,528049,556.0
1781072022.9781537,528294,556.0
1781072023.186334,528386,556.0
1781072024.2600253,528895,556.0
1781072024.6177015,529057,556.0
1781072025.097819,529282,556.0
1781072025.865794,529644,556.0
1781072026.7150512,530037,555.0
1781072027.7353575,530519,555.0
1781072028.4910688,530876,555.0
1781072029.6911578,531414,555.0
1781072030.6510224,531865,555.0
1781072031.0891843,532058,555.0
1781072031.4226537,532207,555.0
1781072031.9551568,532449,555.0
1781072033.0925515,532966,555.0
1781072034.040826,533386,555.0
1781072034.7891161,533730,555.0
1781072034.7608407,534105,555.0
1781072035.7777948,534580,555.0
1781072036.4862318,534909,555.0
1781072037.5854843,535424,555.0
1781072038.1927915,535697,555.0
1781072039.0810888,536093,555.0
1781072039.7890418,536411,555.0
1781072040.7841554,536860,554.0
1781072041.6664965,537265,554.0
1781072042.9219344,537800,554.0
1781072043.8697925,538183,554.0
1781072044.379669,538401,554.0
1781072045.5485616,538872,554.0
1781072046.9298701,539502,554.0
1781072047.1155214,539594,554.0
1781072047.568532,539802,554.0
1781072048.3411968,540162,553.0
1781072049.8474996,540861,553.0
1781072050.4880013,541154,553.0
1781072051.4767678,541603,553.0
1781072051.7986236,541754,553.0
1781072053.2466052,542394,553.0
1781072054.1091847,542760,553.0
1781072055.2649295,543241,553.0
1781072057.1092408,543981,552.0
1781072057.454694,544128,552.0
1781072057.8987265,544310,552.0
1781072058.507845,544561,552.0
1781072058.7113216,544653,552.0
1781072059.6711864,545059,552.0
1781072060.5585628,545412,552.0
1781072061.1515837,545673,552.0
1781072062.0287092,546077,552.0
1781072062.9096947,546496,552.0
1781072063.7111726,546864,552.0
1781072064.445395,547209,552.0
1781072065.4072773,547665,552.0
1781072065.7294328,547806,551.0
1781072066.2338839,548032,551.0
1781072066.8999722,548330,551.0
1781072066.8631718,548714,552.0
1781072067.6908154,549081,552.0
1781072068.282134,549321,552.0
1781072068.6362634,549472,552.0
1781072072.8093925,550038,550.0
1781072074.1338637,550577,550.0
1781072075.1104474,550995,549.0
1781072075.587768,551207,549.0
1781072076.5552034,551656,549.0
1781072077.3510988,552018,549.0
1781072078.3733702,552479,549.0
1781072079.5497034,553033,549.0
1781072080.2656307,553348,549.0
1781072081.2008233,553767,549.0
1781072081.7354,554011,549.0
1781072082.0008562,554129,549.0
1781072082.446208,554313,549.0
1781072083.104031,554593,549.0
1781072084.4452002,555185,549.0
1781072085.0118897,555432,548.0
1781072086.0626445,555896,548.0
1781072086.818641,556187,548.0
1781072087.7007532,556523,548.0
1781072088.4986157,556801,548.0
1781072089.1964178,557068,548.0
1781072089.8743744,557333,548.0
1781072090.9973307,557823,548.0
1781072091.3535686,558000,548.0
1781072091.9543145,558284,548.0
1781072092.9212065,558727,547.0
1781072094.0446973,559241,547.0
1781072094.6240146,559507,547.0
1781072096.0723288,560176,547.0
1781072097.040038,560609,547.0
1781072098.232214,561108,547.0
1781072098.5300105,561228,547.0
1781072098.098415,561409,547.0
1781072098.6888108,561657,547.0
1781072099.4438186,561955,547.0
1781072100.6316273,562460,547.0
1781072101.7113066,562919,547.0
1781072102.2136123,563120,547.0
1781072103.4135635,563610,547.0
1781072103.6781223,563728,547.0
1781072104.7174878,564186,546.0
1781072105.4172971,564526,546.0
1781072106.03216,564806,546.0
1781072107.510233,565485,546.0
1781072108.088894,565749,546.0
1781072108.378548,565888,546.0
1781072109.3454914,566337,546.0
1781072110.2165542,566725,546.0
1781072111.041048,567101,546.0
1781072111.3791726,567254,546.0
1781072112.13329,567587,546.0
1781072112.6056361,567812,546.0
1781072113.0142968,568000,546.0
1781072113.539117,568234,546.0
1781072114.4154646,568625,546.0
1781072114.6986344,568759,546.0
1781072115.448868,569108,546.0
1781072116.360609,569529,546.0
1781072116.8421109,569742,545.0
1781072117.594118,570082,545.0
1781072118.5971165,570532,545.0
1781072119.311364,570845,545.0
1781072120.2546048,571279,545.0
1781072121.1098413,571671,545.0
1781072122.0429711,572110,545.0
1781072122.455337,572292,545.0
1781072123.2712033,572671,545.0
1781072123.910106,572972,545.0
1781072125.019643,573492,545.0
1781072125.7153716,573801,545.0
1781072126.349424,574091,545.0
1781072127.7386675,574736,545.0
1781072131.216089,575282,543.0
1781072131.804699,575559,543.0
1781072132.3483222,575790,543.0
1781072133.513686,576316,543.0
1781072134.3187401,576698,543.0
1781072135.2838655,577126,543.0
1781072136.0154994,577460,543.0
1781072137.4442997,578099,543.0
1781072137.997793,578347,543.0
1781072138.446452,578540,543.0
1781072139.2795656,578915,543.0
1781072139.8966873,579194,543.0
1781072140.2888646,579378,542.0
1781072141.3357415,579865,542.0
1781072142.6388397,580454,542.0
1781072143.3274233,580772,542.0
1781072143.933197,581046,542.0
1781072144.331447,581213,542.0
1781072145.1144254,581573,542.0
1781072145.9978716,581967,542.0
1781072146.755628,582310,542.0
1781072147.1362822,582482,542.0
1781072147.7797673,582765,542.0
1781072149.04815,583253,542.0
1781072150.0130928,583656,542.0
1781072150.8200862,583982,541.0
1781072152.6798925,584742,541.0
1781072154.1373236,585335,541.0
1781072154.9181242,585654,541.0
1781072155.8577676,586047,541.0
1781072156.332785,586266,541.0
1781072157.4104795,586751,541.0
1781072158.2727814,587141,541.0
1781072159.7257109,587811,541.0
1781072160.6131577,588208,540.0
1781072161.2330165,588875,541.0
1781072161.8203416,589143,541.0
1781072162.837692,589575,541.0
1781072163.3277798,589773,541.0
1781072163.9421055,590016,540.0
1781072164.9634342,590441,540.0
1781072165.346453,590591,540.0
1781072166.1660867,590919,540.0
1781072166.5135846,591057,540.0
1781072166.7480307,591149,540.0
1781072167.9020042,591593,540.0
1781072169.2421415,592113,540.0
1781072170.3400755,592565,540.0
1781072170.6400332,592701,540.0
1781072171.1944587,592945,540.0
1781072171.9827232,593294,540.0
1781072172.5765493,593549,539.0
1781072173.323949,593885,539.0
1781072173.9845402,594178,539.0
1781072174.610293,594461,539.0
1781072175.472117,594849,539.0
1781072176.5020041,595296,539.0
1781072177.4461524,595723,539.0
1781072178.1259918,596007,539.0
1781072179.5858104,596597,539.0
1781072179.840656,596689,539.0
1781072180.4969983,596952,539.0
1781072182.178921,597650,538.0
1781072183.5658648,598211,538.0
1781072184.9368508,598736,538.0
1781072186.198082,599228,538.0
1781072187.0631943,599577,538.0
1781072191.079691,600060,536.0
1781072192.3125772,600581,536.0
1781072193.2957218,601027,536.0
1781072193.2203836,601414,537.0
1781072195.0198965,602246,536.0
1781072196.1744246,602766,536.0
1781072197.1346066,603197,536.0
1781072198.1701944,603673,536.0
1781072199.5437303,604215,536.0
1781072200.449138,604569,536.0
1781072201.243584,604883,536.0
1781072202.4061635,605359,536.0
1781072203.0306435,605587,536.0
1781072203.7359219,605866,535.0
1781072204.5538955,606173,535.0
1781072205.6903336,606615,535.0
1781072206.4666297,606939,535.0
1781072207.3307552,607332,535.0
1781072208.270052,607739,535.0
1781072209.402613,608247,535.0
1781072210.6387563,608792,535.0
1781072211.137372,609014,535.0
1781072212.380406,609585,535.0
1781072213.1278718,609928,535.0
1781072213.62412,610156,535.0
1781072214.577204,610519,534.0
1781072215.110487,610737,534.0
1781072216.242326,611174,534.0
1781072217.480052,611688,534.0
1781072218.2191584,611969,534.0
1781072219.087033,612310,534.0
1781072220.7610953,612963,534.0
1781072221.7971456,613391,534.0
1781072222.506818,613708,534.0
1781072223.4681764,614127,533.0
1781072224.5067205,614602,533.0
1781072224.3483207,614927,534.0
1781072225.4773831,615449,534.0
1781072226.5097353,615901,534.0
1781072227.3383217,616274,534.0
1781072227.9555361,616553,533.0
1781072228.701649,616874,533.0
1781072229.216578,617093,533.0
1781072229.9365263,617370,533.0
1781072231.1995902,617878,533.0
1781072232.6576712,618471,533.0
1781072233.8532789,618956,533.0
1781072234.4553668,619191,533.0
1781072235.3861659,619565,533.0
1781072236.4448783,620007,533.0
1781072237.7395883,620601,532.0
1781072238.613687,621010,532.0
1781072239.2911344,621305,532.0
1781072240.257512,621745,532.0
1781072241.5718284,622344,532.0
1781072243.6057906,623253,532.0
1781072244.5753675,623650,532.0
1781072245.1499135,623867,532.0
1781072246.2140982,624275,532.0
1781072247.0061207,624595,532.0
1781072247.8739018,624944,532.0
1781072252.7084403,625262,530.0
1781072253.687035,625691,530.0
1781072254.8056648,626193,529.0
1781072255.2964725,626409,529.0
1781072255.9414384,626685,529.0
1781072256.5546587,626965,529.0
1781072256.2836738,627233,530.0
1781072257.0271068,627567,530.0
1781072257.9719505,627948,530.0
1781072259.2469046,628452,529.0
1781072260.8105605,629047,529.0
1781072262.1764033,629562,529.0
1781072263.6114652,630138,529.0
1781072264.8781478,630638,529.0
1781072265.86688,631067,529.0
1781072266.4481397,631324,529.0
1781072267.5445855,631813,529.0
1781072268.2314582,632112,528.0
1781072269.1832335,632537,528.0
1781072269.8283973,632823,528.0
1781072270.6916316,633211,528.0
1781072271.9315336,633782,528.0
1781072273.7998362,634551,528.0
1781072274.4773376,634818,528.0
1781072275.4542787,635195,528.0
1781072276.8717637,635758,528.0
1781072278.3516564,636333,528.0
1781072279.1452034,636655,527.0
1781072279.8556626,636939,527.0
1781072280.9676783,637399,527.0
1781072282.0379806,637866,527.0
1781072283.0221627,638289,527.0
1781072283.925948,638692,527.0
1781072284.585815,638981,527.0
1781072285.588622,639431,527.0
1781072286.5422206,639861,527.0
1781072287.9771976,640483,527.0
1781072287.687928,640706,527.0
1781072288.292831,640938,527.0
1781072289.4172785,641375,527.0
1781072290.6736565,641869,527.0
1781072291.5474539,642204,527.0
1781072292.6385858,642644,527.0
1781072293.2760677,642896,526.0
1781072294.6501937,643436,526.0
1781072295.7121155,643886,526.0
1781072296.7588181,644355,526.0
1781072297.797506,644797,526.0
1781072298.682831,645184,526.0
1781072299.7585316,645657,526.0
1781072300.2663221,645878,526.0
1781072300.88593,646146,526.0
1781072301.6041794,646471,526.0
1781072303.2110648,647158,526.0
1781072304.3068945,647561,526.0
1781072304.967877,647834,525.0
1781072306.7449884,648548,525.0
1781072307.9150236,649006,525.0
1781072308.7234983,649302,525.0
1781072310.1421766,649831,525.0
1781072314.043668,650062,523.0
1781072315.2889194,650611,523.0
1781072316.372246,651093,523.0
1781072317.7419472,651672,523.0
1781072319.4211063,652328,523.0
1781072319.344738,652632,523.0
1781072320.9299572,653255,523.0
1781072321.6525466,653547,523.0
1781072323.1169367,654152,523.0
1781072324.0240724,654505,523.0
1781072325.0420063,654944,523.0
1781072326.0288615,655380,523.0
1781072326.8531253,655759,523.0
1781072327.530221,656056,523.0
1781072328.9708705,656685,522.0
1781072330.0183685,657131,522.0
1781072331.3515344,657700,522.0
1781072332.7213118,658257,522.0
1781072333.7994,658682,522.0
1781072335.2293262,659239,522.0
1781072337.131721,660012,522.0
1781072338.1728609,660433,522.0
1781072338.9615266,660734,522.0
1781072339.8197863,661068,521.0
1781072341.4816422,661770,521.0
1781072342.6612473,662298,521.0
1781072345.203089,663422,521.0
1781072346.460314,664001,521.0
1781072347.6113985,664477,521.0
1781072348.6084144,664867,521.0
1781072349.5453792,665244,521.0
1781072350.472736,665599,521.0
1781072351.4555647,666321,521.0
1781072352.4331417,666714,521.0
1781072353.8938572,667287,521.0
1781072354.528343,667554,521.0
1781072355.6656468,668059,520.0
1781072356.0330255,668226,520.0
1781072358.1841328,669178,520.0
1781072359.2224126,669643,520.0
1781072360.6082327,670249,520.0
1781072362.4067752,671005,520.0
1781072363.6325688,671472,520.0
1781072365.653855,672276,520.0
1781072367.8598957,673146,519.0
1781072369.271747,673700,519.0
1781072369.8472297,673954,519.0
1781072370.7030997,674312,519.0
1781072372.1729066,674971,519.0
1781072378.1995506,675464,517.0
1781072380.4350276,676365,517.0
1781072382.2041173,677079,517.0
1781072382.934593,677719,517.0
1781072383.6265311,677999,517.0
1781072384.7387536,678484,517.0
1781072386.407107,679225,517.0
1781072387.710435,679802,517.0
1781072388.6139257,680202,517.0
1781072388.8191743,680292,517.0
1781072390.17108,680876,517.0
1781072391.9598126,681601,516.0
1781072393.073373,682057,516.0
1781072394.8840458,682778,516.0
1781072396.7293427,683511,516.0
1781072397.669391,683892,516.0
1781072398.4644358,684200,516.0
1781072399.257046,684541,516.0
1781072400.8191593,685211,516.0
1781072401.4848533,685511,516.0
1781072402.3806715,685902,516.0
1781072403.0960333,686212,516.0
1781072404.2882285,686731,515.0
1781072404.8979495,687002,515.0
1781072405.81634,687418,515.0
1781072407.2473762,687993,515.0
1781072408.0756893,688313,515.0
1781072410.004971,689076,515.0
1781072411.2882183,689596,515.0
1781072413.2457771,690397,515.0
1781072414.144729,690776,515.0
1781072414.4950142,690928,515.0
1781072414.0823004,691128,515.0
1781072414.9046943,691487,515.0
1781072415.8053586,691888,515.0
1781072416.7783427,692316,515.0
1781072418.080902,692867,515.0
1781072419.4628227,693465,515.0
1781072420.7346098,693998,515.0
1781072421.9244814,694506,514.0
1781072422.5682096,694761,514.0
1781072423.5512784,695156,514.0
1781072424.3036098,695445,514.0
1781072425.5813348,695955,514.0
1781072427.5094726,696729,514.0
1781072428.4428048,697111,514.0
1781072429.7755163,697690,514.0
1781072430.3698552,697934,514.0
1781072431.539362,698407,514.0
1781072432.0990376,698624,514.0
1781072433.9357228,699380,514.0
1781072435.0384376,699828,513.0
1781072441.6097546,700450,511.0
1781072442.5769975,700775,511.0
1781072443.5104332,701097,511.0
1781072444.9960349,701697,511.0
1781072445.3569636,701846,511.0
1781072446.3581097,702293,511.0
1781072446.4134154,702696,511.0
1781072447.6582997,703230,511.0
1781072450.1720583,704327,511.0
1781072451.6353443,704904,511.0
1781072453.1811175,705514,511.0
1781072454.383595,705982,511.0
1781072455.709369,706499,511.0
1781072457.0643582,707030,510.0
1781072457.9738352,707389,510.0
1781072459.0254946,707838,510.0
1781072460.1901736,708316,510.0
1781072461.8035498,709015,510.0
1781072462.658321,709378,510.0
1781072464.728278,710263,510.0
1781072466.1413002,710834,510.0
1781072467.5348856,711399,510.0
1781072469.2855086,712092,510.0
1781072470.9594405,712731,509.0
1781072472.6006777,713376,509.0
1781072473.951962,713951,509.0
1781072474.96337,714403,509.0
1781072476.1465344,714903,509.0
1781072477.917471,715669,509.0
1781072480.0274465,716947,509.0
1781072481.7012255,717587,509.0
1781072483.2637794,718209,509.0
1781072485.7938209,719195,509.0
1781072487.7597182,719989,509.0
1781072489.2884648,720650,508.0
1781072490.390644,721121,508.0
1781072490.904349,721337,508.0
1781072491.8743966,721749,508.0
1781072493.903466,722633,508.0
1781072495.4204137,723492,508.0
1781072496.0903392,723881,508.0
1781072496.8137746,724294,508.0
1781072497.405276,724638,508.0
1781072502.0695596,725177,507.0
1781072503.3022215,725901,507.0
1781072504.1735897,726419,507.0
1781072505.472842,727163,507.0
1781072506.385469,727681,507.0
1781072507.6777833,728436,507.0
1781072509.065563,729225,507.0
1781072509.5529633,729991,508.0
1781072510.3518713,730444,508.0
1781072511.221864,730940,508.0
1781072512.2268229,731512,508.0
1781072513.1317255,732033,508.0
1781072513.8898964,732474,508.0
1781072515.2725918,733285,508.0
1781072516.742142,734143,508.0
1781072518.0314863,734896,508.0
1781072519.4072368,735679,508.0
1781072520.4019036,736187,508.0
1781072521.2148795,736640,508.0
1781072521.4876435,736779,508.0
1781072522.5725386,737357,508.0
1781072524.157572,738206,508.0
1781072524.8742554,738609,508.0
1781072526.5520382,739534,508.0
1781072527.6503742,740123,508.0
1781072528.780884,740744,508.0
1781072529.640277,741211,508.0
1781072531.0166621,741996,509.0
1781072531.6059988,742323,509.0
1781072532.238024,742664,509.0
1781072532.943128,743041,509.0
1781072535.0657442,744160,509.0
1781072536.412363,744908,509.0
1781072537.7113976,745591,509.0
1781072538.8021276,746184,509.0
1781072539.9134552,746752,509.0
1781072540.7131069,747167,509.0
1781072540.9247742,747701,509.0
1781072541.61266,748041,509.0
1781072542.5426452,748487,509.0
1781072543.5432916,748986,509.0
1781072545.1203418,749803,509.0
1781072550.7491581,750157,507.0
1781072551.4348102,750483,507.0
1781072553.0294533,751319,507.0
1781072553.4456835,751545,507.0
1781072554.8363328,752275,507.0
1781072556.1229951,752979,507.0
1781072556.9654584,753428,507.0
1781072558.4135623,754185,507.0
1781072559.9647741,754962,507.0
1781072560.7689772,755356,507.0
1781072562.2936456,756122,507.0
1781072564.5192156,757214,507.0
1781072566.0192132,757912,507.0
1781072567.2028677,758492,507.0
1781072568.7538595,759215,507.0
1781072569.4346392,759506,507.0
1781072571.345519,760436,507.0
1781072572.291868,760921,507.0
1781072573.016173,761768,507.0
1781072573.9724946,762263,507.0
1781072576.4053729,763498,507.0
1781072577.2175198,763901,507.0
1781072579.102477,764845,507.0
1781072580.1518013,765412,507.0
1781072580.9654484,765839,507.0
1781072582.0793576,766368,507.0
1781072583.5622096,767110,507.0
1781072584.8441024,767726,507.0
1781072586.8866727,768722,507.0
1781072588.4516094,769453,507.0
1781072590.0123963,770206,507.0
1781072591.1694636,770799,507.0
1781072593.1565137,771853,507.0
1781072594.3724039,772463,507.0
1781072595.0017824,772793,507.0
1781072596.0316648,773335,507.0
1781072597.260602,773987,507.0
1781072598.1501665,774425,507.0
1781072604.5429947,775792,506.0
1781072605.919551,776499,506.0
1781072607.0760057,777087,506.0
1781072609.196239,778059,506.0
1781072610.9415245,778906,506.0
1781072612.0183914,779463,506.0
1781072613.5187075,780221,506.0
1781072614.9387918,780951,506.0
1781072615.7996736,781385,506.0
1781072617.0619278,782018,506.0
1781072618.2599914,782627,506.0
1781072619.6273649,783319,506.0
1781072620.7578888,783877,506.0
1781072621.7888477,784410,506.0
1781072623.5536165,785285,506.0
1781072624.5667698,785794,506.0
1781072626.155179,786559,506.0
1781072626.993075,786972,506.0
1781072628.413593,787629,506.0
1781072630.1696842,788487,506.0
1781072631.5609412,789187,506.0
1781072632.1883144,789503,506.0
1781072633.61575,790255,506.0
1781072634.5435312,790718,506.0
1781072635.9536011,791430,506.0
1781072636.754714,792288,506.0
1781072639.0691376,793469,506.0
1781072640.894301,794383,506.0
1781072642.030622,794942,506.0
1781072643.3449576,795581,506.0
1781072645.310798,796533,506.0
1781072647.3096988,797511,506.0
1781072648.2844028,797978,506.0
1781072650.4306943,799061,506.0
1781072651.4703982,799595,506.0
1781072659.4036734,800421,504.0
1781072660.994231,801202,504.0
1781072662.729525,802088,504.0
1781072663.9296288,802666,504.0
1781072665.3131304,803332,504.0
1781072667.8468204,804538,504.0
1781072667.178394,804628,504.0
1781072668.5267034,805307,504.0
1781072669.9905646,806042,504.0
1781072671.6756902,806915,504.0
1781072672.6804035,807423,504.0
1781072674.3235707,808276,504.0
1781072676.2904348,809279,504.0
1781072677.2207706,809732,504.0
1781072679.3608737,810816,504.0
1781072681.333436,811822,504.0
1781072681.7568514,812025,504.0
1781072683.7465446,813025,504.0
1781072685.2411535,813781,504.0
1781072686.8989942,814595,504.0
1781072689.949929,816090,504.0
1781072691.5810988,816910,504.0
1781072693.8011804,818036,504.0
1781072695.7522862,819046,504.0
1781072696.9705515,819680,504.0
1781072699.0143023,820705,504.0
1781072699.598624,821456,505.0
1781072700.7781007,822075,505.0
1781072702.2984822,822842,505.0
1781072703.908914,823624,505.0
1781072705.085991,824188,505.0
1781072705.7145932,824502,505.0
1781072712.942113,825372,503.0
1781072715.6633434,826760,503.0
1781072716.276238,827058,503.0
1781072717.8502567,827831,503.0
1781072718.8154776,828319,503.0
1781072720.408893,829131,503.0
1781072721.690992,829772,503.0
1781072722.4711604,830140,503.0
1781072724.0665638,830923,503.0
1781072725.8162172,831683,503.0
1781072728.3970423,832761,503.0
1781072730.960939,833722,502.0
1781072732.403016,834580,503.0
1781072734.137931,835222,502.0
1781072736.2734919,836029,502.0
1781072737.9303966,836725,502.0
1781072739.6956053,837442,502.0
1781072743.903009,839170,502.0
1781072747.7724411,840638,502.0
1781072749.7981536,841391,501.0
1781072751.948541,842177,501.0
1781072754.1117942,843070,501.0
1781072755.2117348,843528,501.0
1781072758.1894345,844758,501.0
1781072761.1177845,845859,501.0
1781072764.2770538,847378,501.0
1781072766.7629344,848335,500.0
1781072768.9225647,849242,500.0
1781072780.1590962,850028,498.0
1781072782.4516191,850969,497.0
1781072785.0274045,852054,497.0
1781072786.6181836,852720,497.0
1781072789.2241168,853748,497.0
1781072791.2063782,854511,497.0
1781072794.0785077,855573,497.0
1781072795.6780317,856536,497.0
1781072797.8777661,857458,497.0
1781072800.9372544,858582,496.0
1781072802.4147243,859118,496.0
1781072804.9717867,860041,496.0
1781072807.1178603,860890,496.0
1781072811.0420103,862343,496.0
1781072812.588115,862916,496.0
1781072814.2541022,863511,495.0
1781072817.169124,864534,495.0
1781072820.7241268,865866,495.0
1781072822.3085525,866467,495.0
1781072825.392865,867629,495.0
1781072827.242277,868651,495.0
1781072829.4616537,869555,495.0
1781072833.043947,870911,494.0
1781072834.8779533,871585,494.0
1781072837.7086732,872644,494.0
1781072839.8886564,873541,494.0
1781072841.4854841,874202,494.0
1781072853.5721416,875104,491.0
1781072855.0487237,875713,491.0
1781072856.8519785,876832,491.0
1781072860.0157728,878080,491.0
1781072862.2079988,878876,491.0
1781072864.9128094,879897,491.0
1781072866.9406009,880723,491.0
1781072870.2235782,882046,490.0
1781072871.2856302,882474,490.0
1781072872.871685,883122,490.0
1781072875.193492,884015,490.0
1781072877.4447815,884840,490.0
1781072882.1338236,886534,490.0
1781072884.421033,887428,489.0
1781072886.4344501,888255,489.0
1781072888.8571732,889235,489.0
1781072890.470194,890099,489.0
1781072892.3381474,890774,489.0
1781072894.3003354,891492,489.0
1781072896.1604621,892168,489.0
1781072899.3983822,893503,489.0
1781072903.0086231,894958,489.0
1781072905.4484537,895864,488.0
1781072907.2807968,896545,488.0
1781072908.9875002,897164,488.0
1781072910.3505569,897654,488.0
1781072913.6248217,898962,488.0
1781072914.900627,899470,488.0
1781072926.8456748,900838,486.0
1781072928.281669,901422,485.0
1781072929.7309155,901997,485.0
1781072931.5022905,902707,485.0
1781072933.619086,903478,485.0
1781072935.5452347,904172,485.0
1781072938.9287136,905372,485.0
1781072941.4278228,906333,485.0
1781072943.315165,907081,485.0
1781072946.1019704,908173,484.0
1781072948.881761,909211,484.0
1781072951.6421266,910192,484.0
1781072953.5739086,911219,484.0
1781072957.195959,912676,484.0
1781072959.703279,913642,484.0
1781072961.191037,914195,484.0
1781072964.5536437,915448,484.0
1781072966.5380282,916167,483.0
1781072969.4454439,917232,483.0
1781072973.5028806,918707,483.0
1781072974.5456357,919095,483.0
1781072977.2304485,920073,483.0
1781072980.2518392,921197,483.0
1781072983.3850374,922370,482.0
1781072986.5573933,923840,482.0
1781072988.0341096,924361,482.0
1781072989.5433712,924913,482.0
1781073002.832162,925618,479.0
1781073006.0209749,926827,479.0
1781073007.6580884,927426,479.0
1781073011.8634562,928981,479.0
1781073013.4297886,929559,479.0
1781073015.1403873,930503,479.0
1781073018.9681067,931893,478.0
1781073020.6315417,932501,478.0
1781073023.3351119,933447,478.0
1781073027.0456226,934767,478.0
1781073030.3723557,936006,478.0
1781073033.2003162,937023,478.0
1781073036.2199867,938118,477.0
1781073038.2829084,938872,477.0
1781073042.4983056,940368,477.0
1781073046.6059747,941881,477.0
1781073048.8202305,942982,477.0
1781073050.8970768,943764,477.0
1781073052.8238888,944454,477.0
1781073055.8399127,945531,476.0
1781073058.4480875,946434,476.0
1781073061.505499,947516,476.0
1781073064.168125,948475,476.0
1781073068.012836,949832,476.0
1781073081.6354795,950485,473.0
1781073084.6963806,951720,473.0
1781073086.1657703,952305,473.0
1781073088.9878392,953458,473.0
1781073091.1605473,954350,472.0
1781073093.2192748,955169,472.0
1781073096.2864494,956381,472.0
1781073099.1115942,957521,472.0
1781073100.8119135,958209,472.0
1781073104.1978805,959562,472.0
1781073106.968111,960669,472.0
1781073110.102425,961956,472.0
1781073111.7488668,962952,472.0
1781073113.9618814,963841,472.0
1781073118.2917016,965613,472.0
1781073120.8112724,966622,472.0
1781073123.82431,967826,471.0
1781073127.109743,969162,471.0
1781073130.5372765,970514,471.0
1781073133.6727269,971617,471.0
1781073136.1562567,972501,471.0
1781073139.4307668,973655,471.0
1781073140.879591,974166,471.0
1781073141.901384,974847,471.0
1781073160.402799,976955,468.0
1781073162.0014412,977525,468.0
1781073165.2637064,978659,467.0
1781073168.993154,979950,467.0
1781073170.811086,980658,467.0
1781073175.235928,982600,467.0
1781073176.869181,983165,467.0
1781073180.5449188,984553,467.0
1781073182.7544942,985439,467.0
1781073184.9673812,986324,467.0
1781073188.607007,987675,466.0
1781073190.6026728,988379,466.0
1781073193.999515,989605,466.0
1781073196.3835979,990531,466.0
1781073199.4921758,991762,466.0
1781073203.0002182,993078,466.0
1781073204.3149333,993556,466.0
1781073207.8142753,995109,466.0
1781073210.5753143,996202,466.0
1781073213.634325,997433,466.0
1781073217.3100064,998799,465.0
1781073219.8723943,999708,465.0
1781073235.1646945,1000582,462.0
1781073236.5861285,1001400,462.0
1781073239.2872097,1002470,462.0
1781073241.3009844,1003249,462.0
1781073244.5252368,1004505,462.0
1781073246.730484,1005266,462.0
1781073249.7609663,1006350,462.0
1781073252.0664399,1007180,462.0
1781073254.168056,1008018,462.0
1781073256.6550117,1008989,462.0
1781073259.5430653,1010086,462.0
1781073262.239272,1011021,461.0
1781073266.2025027,1012384,461.0
1781073268.094358,1013077,461.0
1781073269.619103,1014005,461.0
1781073272.5437613,1015144,461.0
1781073274.8573208,1015981,461.0
1781073277.8769403,1017048,461.0
1781073281.080548,1018170,461.0
1781073283.6749344,1019189,461.0
1781073287.3351147,1020638,460.0
1781073290.2572722,1021668,460.0
1781073293.2084656,1022688,460.0
1781073294.5818293,1023154,460.0
1781073297.777272,1024342,460.0
1781073312.4369822,1025465,457.0
1781073315.474032,1026641,457.0
1781073318.5262167,1027771,457.0
1781073322.8744538,1029298,457.0
1781073324.2407215,1029760,457.0
1781073325.928759,1030344,457.0
1781073327.1432843,1030816,457.0
1781073330.5841022,1032129,457.0
1781073331.2044275,1032721,457.0
1781073333.9751894,1033697,457.0
1781073336.7427614,1034652,457.0
1781073339.539818,1035625,456.0
1781073341.4443464,1036377,456.0
1781073344.8103268,1037709,456.0
1781073345.607997,1038028,456.0
1781073348.6558416,1039141,456.0
1781073350.8177252,1039883,456.0
1781073354.4466233,1041157,456.0
1781073358.7827938,1042876,456.0
1781073361.1760085,1043807,456.0
1781073364.1272771,1045202,456.0
1781073368.146395,1046629,456.0
1781073370.8518522,1047656,455.0
1781073372.7626595,1048404,455.0
1781073375.5426219,1049489,455.0
1781073391.640499,1050785,453.0
1781073394.7207584,1052173,453.0
1781073398.087146,1053350,453.0
1781073401.304348,1054612,453.0
1781073403.0194795,1055297,452.0
1781073406.2280443,1056509,452.0
1781073408.5534484,1057338,452.0
1781073410.0948122,1057866,452.0
1781073413.0169225,1058890,452.0
1781073416.1349945,1060120,452.0
1781073418.5845401,1061075,452.0
1781073422.5291915,1062511,452.0
1781073426.4637337,1063862,452.0
1781073428.3935041,1064867,452.0
1781073432.1361508,1066164,451.0
1781073436.2895913,1067566,451.0
1781073439.865202,1068795,451.0
1781073442.6837912,1069771,451.0
1781073444.605813,1070437,451.0
1781073446.9552183,1071276,451.0
1781073451.0135624,1072726,451.0
1781073453.7318785,1073683,451.0
1781073467.893979,1075029,448.0
1781073473.4090476,1076914,448.0
1781073474.8324478,1077422,448.0
1781073478.541709,1078735,448.0
1781073481.0168624,1079575,448.0
1781073484.7581387,1080883,448.0
1781073487.7574618,1081931,448.0
1781073489.4996114,1082517,448.0
1781073491.3224785,1083438,448.0
1781073496.8760948,1085365,447.0
1781073499.6801407,1086307,447.0
1781073501.87698,1087073,447.0
1781073505.7420528,1088409,447.0
1781073508.0892649,1089238,447.0
1781073511.813927,1090537,447.0
1781073513.9835389,1091297,447.0
1781073517.2576005,1092433,446.0
1781073519.5610955,1093254,446.0
1781073523.3758194,1094912,446.0
1781073526.7303414,1096095,446.0
1781073529.5758398,1097075,446.0
1781073533.6510062,1098478,446.0
1781073534.8264487,1098894,446.0
1781073554.472847,1100452,443.0
1781073556.7958367,1101279,443.0
1781073561.5742745,1102929,443.0
1781073565.0538967,1104122,443.0
1781073567.7742453,1105066,443.0
1781073571.8519425,1106493,442.0
1781073577.012137,1108290,442.0
1781073580.79147,1109596,442.0
1781073582.0855844,1110048,442.0
1781073585.47289,1111522,442.0
1781073589.0602627,1112787,442.0
1781073591.5099683,1113591,442.0
1781073594.0927744,1114672,442.0
1781073597.0828764,1115893,442.0
1781073599.283593,1116854,442.0
1781073603.0530012,1118244,442.0
1781073605.7160907,1119457,442.0
1781073607.8206446,1120473,442.0
1781073610.6475954,1121584,442.0
1781073614.3508658,1122970,441.0
1781073616.0657701,1124067,442.0
1781073617.8887405,1124828,442.0
1781073630.7072675,1125865,440.0
1781073633.0083842,1126977,440.0
1781073634.702952,1127795,440.0
1781073636.2989044,1128598,440.0
1781073639.6039138,1129990,440.0
1781073643.499317,1131335,440.0
1781073646.1209157,1132387,440.0
1781073648.1274571,1133785,440.0
1781073650.5431466,1134947,440.0
1781073653.4265387,1136235,440.0
1781073655.6267555,1137030,440.0
1781073659.1467345,1138249,440.0
1781073662.080847,1139230,440.0
1781073664.713859,1140183,439.0
1781073668.1598237,1141406,439.0
1781073669.729195,1141950,439.0
1781073674.8547726,1143730,439.0
1781073676.4274013,1144309,439.0
1781073679.559964,1145407,439.0
1781073682.0992913,1146599,439.0
1781073686.8580782,1148257,439.0
1781073689.347389,1149102,439.0
1781073702.0316405,1150231,437.0
1781073706.2789917,1151707,437.0
1781073708.5967245,1152523,437.0
1781073713.400647,1154481,437.0
1781073716.8105211,1155659,437.0
1781073719.3845744,1156561,437.0
1781073723.4194512,1157993,436.0
1781073725.7434669,1158795,436.0
1781073728.696121,1159822,436.0
1781073731.9605157,1160921,436.0
1781073734.6389184,1161825,436.0
1781073737.7874782,1162905,436.0
1781073739.8224323,1163625,436.0
1781073742.9298904,1164703,436.0
1781073743.898144,1165335,436.0
1781073746.3029656,1166176,436.0
1781073749.35304,1167258,436.0
1781073753.1612716,1168560,436.0
1781073755.9191551,1169499,435.0
1781073759.082525,1170596,435.0
1781073761.6303034,1171452,435.0
1781073765.419536,1172729,435.0
1781073768.9388275,1173951,435.0
1781073771.4651222,1174813,435.0
1781073788.442527,1176383,433.0
1781073790.0899403,1176947,433.0
1781073792.1815012,1177692,433.0
1781073794.7828395,1178608,433.0
1781073797.8983498,1179697,432.0
1781073801.3182528,1180919,432.0
1781073803.1996605,1181627,432.0
1781073805.7382784,1182636,432.0
1781073807.223469,1183559,432.0
1781073810.40736,1184820,432.0
1781073814.0936253,1186262,432.0
1781073814.9616158,1186600,432.0
1781073816.109504,1187068,432.0
1781073819.6087914,1188419,432.0
1781073820.6816978,1188850,432.0
1781073823.5217707,1189960,432.0
1781073826.6064675,1191196,432.0
1781073830.3778117,1192666,432.0
1781073832.5853138,1193516,432.0
1781073836.0776877,1194901,432.0
1781073837.408636,1195417,432.0
1781073838.8175166,1196311,432.0
1781073842.0441613,1197581,432.0
1781073843.9919763,1198331,432.0
1781073845.2988386,1198845,432.0
1781073857.8993134,1200029,430.0
1781073860.4846826,1201031,430.0
1781073862.649361,1201874,430.0
1781073866.0445051,1203198,430.0
1781073869.0506856,1204384,430.0
1781073869.2647662,1204818,430.0
1781073872.8026276,1206188,430.0
1781073876.1001751,1207460,430.0
1781073879.297291,1208709,430.0
1781073882.3609068,1209907,430.0
1781073885.3289025,1211052,430.0
1781073886.735995,1211612,430.0
1781073890.3849194,1213068,430.0
1781073893.5556583,1214319,430.0
1781073894.6047578,1214726,430.0
1781073896.157757,1215329,430.0
1781073898.606903,1216312,430.0
1781073901.1816695,1217686,430.0
1781073904.2852514,1218913,430.0
1781073908.0064573,1220412,430.0
1781073909.711857,1221082,430.0
1781073912.4232316,1222152,430.0
1781073915.3439832,1223301,430.0
1781073919.392882,1224907,430.0
1781073932.3224955,1225872,428.0
1781073936.8757236,1227662,428.0
1781073938.5901778,1228335,428.0
1781073941.976345,1229667,428.0
1781073944.6210854,1230719,428.0
1781073947.4039578,1231836,428.0
1781073950.8613806,1233186,428.0
1781073952.525085,1233839,428.0
1781073955.445003,1235002,428.0
1781073957.0372894,1235623,428.0
1781073959.9827123,1236701,428.0
1781073962.2226334,1237489,428.0
1781073965.1026914,1238811,428.0
1781073968.6760259,1240035,428.0
1781073972.7871025,1241445,428.0
1781073975.1576097,1242237,428.0
1781073980.736062,1244158,427.0
1781073982.8619256,1244887,427.0
1781073986.7727787,1246239,427.0
1781073990.2277796,1247502,427.0
1781073991.7435582,1248104,427.0
1781073994.0582702,1249005,427.0
1781073996.1339648,1249823,427.0
1781074009.2898424,1250499,425.0
1781074012.9980414,1251865,425.0
1781074016.2342744,1253013,425.0
1781074021.1741033,1254868,425.0
1781074021.4310524,1254960,425.0
1781074024.530125,1256187,425.0
1781074027.4932644,1257270,425.0
1781074030.77525,1258713,425.0
1781074034.3992262,1260053,425.0
1781074036.230696,1260763,425.0
1781074039.6978705,1262067,425.0
1781074041.4340572,1262679,425.0
1781074045.6261451,1264152,425.0
1781074050.0175488,1265848,425.0
1781074051.4997158,1266439,425.0
1781074054.8768349,1267712,425.0
1781074058.256669,1268909,425.0
1781074058.6964223,1269365,425.0
1781074061.6833422,1270470,425.0
1781074064.3517632,1271492,425.0
1781074066.2690468,1272264,425.0
1781074069.5940056,1273485,425.0
1781074087.415751,1275103,423.0
1781074089.632805,1275901,422.0
1781074092.6854806,1277392,423.0
1781074096.1997306,1278778,423.0
1781074101.329823,1280616,422.0
1781074105.5434608,1282117,422.0
1781074106.9321837,1282653,422.0
1781074108.607826,1283316,422.0
1781074112.6776297,1284876,422.0
1781074115.829945,1285938,422.0
1781074118.3955672,1286825,422.0
1781074122.0541115,1288195,422.0
1781074124.8007445,1289615,422.0
1781074127.549883,1290713,422.0
1781074131.8653848,1292262,422.0
1781074134.1410851,1293026,422.0
1781074138.224137,1294522,422.0
1781074141.8221538,1295934,422.0
1781074143.5486665,1296616,422.0
1781074145.4390225,1297281,422.0
1781074148.2963362,1298293,422.0
1781074149.1562,1298638,422.0
1781074163.8662236,1300015,420.0
1781074168.0108988,1301444,420.0
1781074169.764224,1302049,420.0
1781074172.0987267,1302937,420.0
1781074175.7449272,1304388,420.0
1781074178.5881586,1305483,420.0
1781074180.908731,1306300,420.0
1781074185.8689485,1308373,420.0
1781074189.519066,1309800,420.0
1781074191.9359002,1310725,420.0
1781074194.6189742,1311687,420.0
1781074197.7012777,1312801,420.0
1781074200.125585,1313672,420.0
1781074203.2952483,1314906,420.0
1781074205.2749262,1315647,420.0
1781074209.100371,1317107,420.0
1781074213.6807225,1318692,419.0
1781074214.383277,1318920,419.0
1781074217.5589983,1320470,419.0
1781074218.9246533,1320988,419.0
1781074220.9510362,1321767,419.0
1781074223.0412655,1322553,419.0
1781074227.12485,1323980,419.0
1781074242.1856587,1325107,418.0
1781074247.1504028,1326999,418.0
1781074248.2634554,1327437,418.0
1781074250.7819333,1328727,418.0
1781074252.95009,1329461,418.0
1781074257.029588,1330855,418.0
1781074259.4175436,1331727,417.0
1781074259.8170826,1331880,417.0
1781074263.2212794,1333193,417.0
1781074266.8109014,1334545,417.0
1781074270.1800792,1335692,417.0
1781074271.5194187,1336178,417.0
1781074273.7625866,1336977,417.0
1781074278.1162097,1338707,417.0
1781074281.1967964,1340171,417.0
1781074284.8833735,1341427,417.0
1781074288.1217692,1342562,417.0
1781074289.338097,1343044,417.0
1781074291.1373506,1343742,417.0
1781074294.7787154,1345182,417.0
1781074296.4864693,1345796,417.0
1781074299.4504745,1346821,417.0
1781074301.700216,1347608,417.0
1781074304.2834518,1348585,417.0
1781074306.6068356,1349502,417.0
1781074319.9119387,1350888,416.0
1781074320.6774147,1351194,416.0
1781074322.7992492,1352021,416.0
1781074325.6047173,1353063,416.0
1781074329.359997,1354400,415.0
1781074331.6635458,1355228,415.0
1781074333.2412755,1355839,415.0
1781074336.947435,1357303,415.0
1781074339.967361,1358436,415.0
1781074343.816688,1359823,415.0
1781074346.28223,1361028,415.0
1781074347.2416399,1361396,415.0
1781074349.9771545,1362456,415.0
1781074354.344125,1364135,415.0
1781074358.3641922,1365554,415.0
1781074360.846921,1366433,415.0
1781074364.3524725,1367797,415.0
1781074366.2471323,1368530,415.0
1781074370.0377715,1369897,415.0
1781074372.5019326,1370718,415.0
1781074374.7518594,1371764,415.0
1781074376.6317716,1372483,415.0
1781074379.5330184,1373608,415.0
1781074381.4184527,1374327,415.0
1781074396.6429307,1375713,413.0
1781074399.0990243,1376581,413.0
1781074401.1540601,1377309,413.0
1781074404.72985,1378546,413.0
1781074408.3195376,1380112,413.0
1781074410.7809396,1380973,413.0
1781074414.0833097,1382164,413.0
1781074416.0500867,1382852,413.0
1781074420.2977571,1384037,413.0
1781074422.5366502,1384923,413.0
1781074424.557824,1385857,413.0
1781074425.2984083,1386191,413.0
1781074428.597399,1387712,413.0
1781074429.5541995,1388154,413.0
1781074431.8940623,1389174,413.0
1781074435.2896552,1390686,413.0
1781074436.963022,1391436,413.0
1781074439.033909,1392768,413.0
1781074441.2926912,1393876,413.0
1781074443.2517471,1394823,413.0
1781074446.508517,1396084,413.0
1781074448.7591367,1397063,413.0
1781074452.042362,1398719,413.0
1781074452.7126603,1399057,413.0
1781074467.7496934,1400385,412.0
1781074469.8564236,1401576,412.0
1781074474.206602,1403117,412.0
1781074476.736666,1404002,412.0
1781074479.0410547,1404851,412.0
1781074481.729525,1405898,412.0
1781074485.4296005,1407347,412.0
1781074488.0104327,1408276,412.0
1781074493.138209,1410063,412.0
1781074494.9719317,1410774,412.0
1781074498.295005,1412068,412.0
1781074501.0200467,1413099,412.0
1781074503.640089,1414274,412.0
1781074507.5290213,1415598,412.0
1781074509.8016095,1416474,412.0
1781074514.1321893,1418137,412.0
1781074517.2842782,1419257,412.0
1781074520.0205433,1420205,412.0
1781074522.8375406,1421190,411.0
1781074526.3027601,1422543,411.0
1781074529.7236497,1423864,411.0
1781074544.3553152,1425116,410.0
1781074546.0434468,1425686,410.0
1781074549.6617937,1426935,410.0
1781074551.8502245,1427705,410.0
1781074554.9007802,1428878,410.0
1781074558.5057762,1430309,410.0
1781074562.6926222,1431730,410.0
1781074563.55436,1431997,410.0
1781074566.395384,1433318,410.0
1781074569.1890662,1434388,410.0
1781074572.258784,1435582,410.0
1781074575.5370696,1436731,410.0
1781074578.9806595,1437909,410.0
1781074581.1124272,1438659,410.0
1781074583.6192565,1439647,410.0
1781074587.1741447,1441016,410.0
1781074589.4636848,1441912,410.0
1781074591.4997497,1442702,410.0
1781074594.4442992,1443757,410.0
1781074598.633143,1445527,410.0
1781074601.4166124,1446616,410.0
1781074605.5198042,1448236,410.0
1781074606.8365421,1448735,409.0
1781074623.1272154,1450421,408.0
1781074627.532887,1451967,408.0
1781074629.5387547,1452965,408.0
1781074634.6874757,1454784,408.0
1781074637.114495,1455647,408.0
1781074641.0321844,1457113,408.0
1781074644.5939975,1458496,408.0
1781074649.0536277,1460125,408.0
1781074653.4583807,1461615,408.0
1781074654.628998,1462024,408.0
1781074656.736033,1462843,408.0
1781074659.678818,1463997,408.0
1781074661.047603,1464853,408.0
1781074665.965207,1466675,408.0
1781074667.756015,1467522,408.0
1781074669.154576,1468245,408.0
1781074671.3957283,1469359,408.0
1781074673.5305305,1470405,408.0
1781074675.8320038,1471544,408.0
1781074676.8302407,1472022,408.0
1781074678.8620608,1473008,408.0
1781074682.1801093,1474602,408.0
1781074694.3056269,1475994,407.0
1781074696.3934412,1477043,407.0
1781074699.3459306,1478513,407.0
1781074701.1653664,1479449,407.0
1781074703.1541576,1480479,407.0
1781074705.4681475,1481678,407.0
1781074707.121895,1482540,407.0
1781074709.010903,1483477,408.0
1781074711.1764379,1484376,408.0
1781074714.5258071,1485551,407.0
1781074716.8641653,1486382,407.0
1781074720.1298623,1487560,407.0
1781074722.1462753,1488346,407.0
1781074724.9017107,1489770,407.0
1781074728.6228948,1491130,407.0
1781074730.985313,1491941,407.0
1781074734.480887,1493211,407.0
1781074737.5147588,1494389,407.0
1781074738.1016846,1494610,407.0
1781074740.1102443,1495376,407.0
1781074744.3434126,1496901,407.0
1781074747.165646,1497830,407.0
1781074750.7239234,1499110,407.0
1781074763.8176746,1500003,406.0
1781074767.64524,1501463,406.0
1781074770.1854222,1502419,406.0
1781074773.034366,1503377,406.0
1781074775.9004955,1504356,406.0
1781074779.2527342,1505561,406.0
1781074781.4526856,1506411,406.0
1781074784.1484966,1507444,406.0
1781074786.1966457,1508527,406.0
1781074789.2272747,1509541,406.0
1781074790.728937,1510027,406.0
1781074792.7417078,1510703,406.0
1781074795.3613548,1511716,406.0
1781074797.5973604,1512572,406.0
1781074801.9144979,1514147,406.0
1781074802.2174847,1514237,406.0
1781074805.9142225,1515505,406.0
1781074809.8534558,1516956,405.0
1781074813.0410523,1518193,405.0
1781074816.9765708,1519628,405.0
1781074818.347738,1520383,405.0
1781074822.5329812,1521854,405.0
1781074824.860923,1522768,405.0
1781074829.3289673,1524513,405.0
1781074844.9493394,1525494,404.0
1781074847.039472,1526252,404.0
1781074849.1275563,1527273,404.0
1781074853.3828068,1528897,404.0
1781074857.1014183,1530342,404.0
1781074859.299615,1531119,404.0
1781074862.872931,1532329,404.0
1781074866.2064488,1533548,404.0
1781074869.7069676,1534911,404.0
1781074873.9961336,1536560,404.0
1781074877.3241036,1537724,404.0
1781074878.3391778,1538070,404.0
1781074881.0177765,1539035,404.0
1781074882.9283082,1540124,404.0
1781074884.4344494,1540712,404.0
1781074885.891332,1541270,404.0
1781074887.2419398,1541798,404.0
1781074890.9502776,1543114,404.0
1781074893.9005096,1544185,404.0
1781074896.4303782,1545136,404.0
1781074897.9908814,1545744,404.0
1781074900.5015194,1546719,404.0
1781074902.32815,1547429,404.0
1781074906.3134806,1548846,404.0
1781074909.4847965,1549917,404.0
1781074922.587147,1550913,402.0
1781074925.7331357,1552045,402.0
1781074929.200436,1553392,402.0
1781074933.452244,1554932,402.0
1781074935.9944918,1555869,402.0
1781074940.4011922,1557483,402.0
1781074943.1434326,1558436,402.0
1781074945.866286,1559700,402.0
1781074949.9656906,1561275,402.0
1781074954.0150461,1562818,402.0
1781074957.7188978,1564097,402.0
1781074959.7236652,1564818,402.0
1781074962.6806214,1565894,402.0
1781074966.3156645,1567185,402.0
1781074969.1832373,1568190,402.0
1781074972.895964,1569490,402.0
1781074975.125817,1570282,402.0
1781074978.2110229,1571636,402.0
1781074982.0356488,1573003,402.0
1781074984.1827478,1573772,402.0
1781074999.2162263,1575188,401.0
1781074999.706774,1575372,401.0
1781075002.6652145,1576528,401.0
1781075006.7534027,1577966,401.0
1781075007.6443405,1578279,401.0
1781075009.162472,1579107,401.0
1781075012.0547173,1580220,401.0
1781075015.6490872,1581637,401.0
1781075018.301339,1582642,401.0
1781075021.5062945,1583759,401.0
1781075024.0497854,1584656,401.0
1781075026.7712257,1585692,401.0
1781075029.720096,1586882,401.0
1781075033.8636773,1588455,401.0
1781075038.5024085,1590101,401.0
1781075039.7183442,1590872,401.0
1781075042.216383,1591840,401.0
1781075045.895829,1593279,401.0
1781075048.144681,1594167,401.0
1781075051.429575,1595471,401.0
1781075053.3468685,1596237,401.0
1781075055.5699124,1597125,401.0
1781075059.2215824,1598568,401.0
1781075061.3720546,1599401,401.0
1781075074.498708,1600753,400.0
1781075075.1933262,1601014,400.0
1781075078.0110776,1602105,400.0
1781075080.4120724,1603028,400.0
1781075084.009424,1604445,400.0
1781075086.5558517,1605467,400.0
1781075090.2395642,1606904,400.0
1781075092.561066,1607813,400.0
1781075095.3682194,1608909,400.0
1781075097.5571268,1609758,400.0
1781075102.0107412,1611354,399.0
1781075104.9833493,1612793,400.0
1781075106.985856,1613595,400.0
1781075109.3227165,1614513,400.0
1781075112.7866874,1615740,399.0
1781075115.1031406,1616532,399.0
1781075117.939101,1617536,399.0
1781075120.881648,1618662,399.0
1781075123.0223827,1619490,399.0
1781075128.561986,1621467,399.0
1781075131.8511178,1622587,399.0
1781075133.0835788,1623049,399.0
1781075135.3592143,1624277,399.0
1781075151.5792487,1625609,398.0
1781075154.008119,1626525,398.0
1781075157.8806775,1627875,398.0
1781075158.706584,1628167,398.0
1781075162.1283689,1629416,398.0
1781075165.2050827,1630606,398.0
1781075165.6522706,1631133,398.0
1781075170.2103715,1632845,398.0
1781075174.698752,1634423,398.0
1781075176.661392,1635189,398.0
1781075181.010098,1636883,398.0
1781075183.7623324,1637907,398.0
1781075189.3033834,1639833,398.0
1781075191.5327606,1640642,398.0
1781075193.377568,1641343,398.0
1781075197.2683654,1642844,398.0
1781075201.3415086,1644578,398.0
1781075203.7039175,1645403,398.0
1781075206.9540336,1646641,398.0
1781075208.979077,1647414,398.0
1781075212.8245823,1648910,398.0
1781075228.4844751,1650023,397.0
1781075232.2689362,1651379,397.0
1781075234.0887856,1652062,397.0
1781075237.188467,1653296,397.0
1781075239.987277,1654394,397.0
1781075242.2813706,1655210,397.0
1781075246.3319457,1656638,396.0
1781075248.1606007,1657294,396.0
1781075251.1185439,1658454,396.0
1781075254.0086093,1659601,396.0
1781075256.7200613,1660640,396.0
1781075259.1341913,1661471,396.0
1781075260.1217043,1662146,396.0
1781075262.220314,1662875,396.0
1781075266.5349677,1664547,396.0
1781075269.6067257,1665744,396.0
1781075273.6623485,1667170,396.0
1781075275.3860102,1667750,396.0
1781075279.5114396,1669275,396.0
1781075283.0307546,1670647,396.0
1781075285.776404,1671698,396.0
1781075287.0640247,1672135,396.0
1781075291.8931808,1674621,396.0
1781075292.36009,1674861,396.0
1781075303.933105,1676014,396.0
1781075306.519816,1677042,396.0
1781075310.1667786,1678444,396.0
1781075313.052001,1679488,396.0
1781075316.7783654,1680791,396.0
1781075320.033754,1681999,396.0
1781075321.7455273,1682665,396.0
1781075324.9511962,1684275,396.0
1781075328.7916615,1685729,396.0
1781075329.6555939,1686069,396.0
1781075331.7578375,1686811,396.0
1781075336.0524359,1688305,396.0
1781075339.474974,1689564,396.0
1781075342.1003113,1690597,396.0
1781075343.2295794,1691036,396.0
1781075346.7320714,1692373,396.0
1781075350.8738248,1693849,395.0
1781075353.5716648,1694818,395.0
1781075355.7943954,1695682,395.0
1781075356.1896298,1696172,396.0
1781075360.3149168,1697765,396.0
1781075363.9503353,1698990,395.0
1781075366.6823316,1699911,395.0
1781075382.00351,1701323,394.0
1781075384.542555,1702311,394.0
1781075386.51213,1703082,394.0
1781075389.3015223,1704475,394.0
1781075392.9964864,1705763,394.0
1781075397.6252112,1707423,394.0
1781075399.9353101,1708319,394.0
1781075403.8281472,1709837,394.0
1781075407.16187,1711086,394.0
1781075410.3699915,1712360,394.0
1781075415.5044332,1714210,394.0
1781075416.4800975,1714538,394.0
1781075419.0945687,1715792,394.0
1781075422.5418415,1717130,394.0
1781075427.2408242,1718899,394.0
1781075429.6941206,1719783,394.0
1781075432.1151564,1720598,394.0
1781075436.5860112,1722315,394.0
1781075440.4582455,1723848,394.0
1781075441.7667873,1724302,394.0
1781075454.512202,1725937,393.0
1781075455.7288985,1726509,393.0
1781075457.4759626,1727334,393.0
1781075460.1596391,1728592,394.0
1781075462.8123178,1729724,394.0
1781075465.499369,1730722,394.0
1781075467.452525,1731637,394.0
1781075469.9282658,1732831,394.0
1781075473.8841224,1734242,394.0
1781075475.8178983,1734986,394.0
1781075478.6632128,1736102,394.0
1781075480.4611418,1736948,394.0
1781075482.940456,1738515,394.0
1781075486.2560668,1740095,394.0
1781075488.98678,1741402,394.0
1781075489.6320102,1741712,394.0
1781075491.8970768,1742700,394.0
1781075496.3078237,1744212,394.0
1781075499.074465,1745170,394.0
1781075505.267737,1747316,394.0
1781075506.7933953,1747847,394.0
1781075509.6567554,1748833,394.0
1781075527.041207,1750253,392.0
1781075529.69469,1751177,392.0
1781075533.4829473,1752506,392.0
1781075536.9512134,1753723,392.0
1781075537.9174829,1754061,392.0
1781075542.0654726,1755492,392.0
1781075544.8867166,1756783,392.0
1781075547.7498763,1757778,392.0
1781075552.8818424,1759560,392.0
1781075554.6908567,1760183,392.0
1781075558.4602096,1761489,392.0
1781075562.2364423,1762782,392.0
1781075566.073697,1764143,392.0
1781075569.529238,1765340,392.0
1781075572.46625,1766348,392.0
1781075575.321663,1767319,392.0
1781075576.3743236,1767997,392.0
1781075580.5367112,1769437,392.0
1781075584.906428,1770950,392.0
1781075586.7401845,1771591,392.0
1781075590.7465467,1772975,392.0
1781075593.2617505,1773855,392.0
1781075612.1870835,1775644,391.0
1781075614.5773187,1776473,391.0
1781075616.82568,1777278,391.0
1781075618.975979,1778021,391.0
1781075623.7787611,1779707,391.0
1781075624.9457915,1780115,391.0
1781075629.5389967,1781753,391.0
1781075632.2205591,1782705,391.0
1781075636.8995557,1784360,390.0
1781075638.3986132,1784891,390.0
1781075643.6397073,1787032,391.0
1781075644.9625561,1787477,390.0
1781075648.5040488,1788711,390.0
1781075651.8438923,1789868,390.0
1781075655.5540383,1791171,390.0
1781075657.9049985,1791983,390.0
1781075661.372704,1793191,390.0
1781075664.627834,1794318,390.0
1781075668.4099185,1795645,390.0
1781075670.9764168,1796538,390.0
1781075674.5865772,1798094,390.0
1781075676.0891433,1798625,390.0
1781075697.0864427,1800038,389.0
1781075701.637652,1801612,389.0
1781075704.9799085,1803095,389.0
1781075707.1497555,1803881,389.0
1781075709.5859113,1804742,389.0
1781075714.1608598,1806349,389.0
1781075717.8990853,1807666,389.0
1781075721.892617,1809066,389.0
1781075724.6421878,1810018,389.0
1781075728.1137936,1811222,389.0
1781075731.215769,1812293,389.0
1781075734.8111851,1813876,389.0
1781075737.7848897,1814939,389.0
1781075741.522767,1816257,389.0
1781075745.455076,1817640,389.0
1781075745.686161,1817732,389.0
1781075750.5436096,1819429,388.0
1781075754.7012513,1820891,388.0
1781075757.8234055,1821995,388.0
1781075761.6040397,1823308,388.0
1781075764.2917378,1824253,388.0
1781075780.4705818,1825863,387.0
1781075784.3853872,1827239,387.0
1781075787.3846335,1828275,387.0
1781075791.272441,1829659,387.0
1781075792.8477318,1830217,387.0
1781075797.091558,1831715,387.0
1781075801.1946032,1833467,387.0
1781075804.6284475,1834686,387.0
1781075807.0045369,1835509,387.0
1781075810.312963,1836675,387.0
1781075813.9537482,1837946,387.0
1781075816.7228076,1838905,387.0
1781075820.9818747,1840410,387.0
1781075822.0307596,1840778,387.0
1781075824.8260195,1841770,387.0
1781075829.5098836,1843707,387.0
1781075832.1860945,1844631,387.0
1781075834.8656807,1845568,387.0
1781075838.5892918,1846880,387.0
1781075840.476421,1847534,387.0
1781075843.7615576,1848673,387.0
1781075846.0745597,1849481,387.0
1781075863.6255941,1850756,386.0
1781075869.3226185,1852751,386.0
1781075871.0369325,1853344,386.0
1781075875.9478407,1855081,386.0
1781075879.6728458,1856400,386.0
1781075882.676876,1857451,386.0
1781075884.812722,1858194,386.0
1781075888.8261702,1859638,386.0
1781075892.8750303,1861374,386.0
1781075897.1099982,1862891,386.0
1781075899.8190923,1863850,386.0
1781075903.925546,1865290,386.0
1781075904.8289587,1865611,386.0
1781075907.952683,1866714,386.0
1781075910.842077,1867730,386.0
1781075913.1032803,1868534,386.0
1781075916.7361565,1869843,386.0
1781075919.7116818,1870882,386.0
1781075923.9881659,1872377,386.0
1781075927.0437164,1873797,386.0
1781075928.7283747,1874392,386.0
1781075947.4610717,1875826,384.0
1781075951.067582,1877098,384.0
1781075955.7515118,1878742,384.0
1781075957.3018591,1879610,384.0
1781075962.5060096,1881429,384.0
1781075964.5378728,1882149,384.0
1781075968.588073,1883561,384.0
1781075972.499544,1884939,384.0
1781075975.2294147,1885880,384.0
1781075978.527673,1887041,384.0
1781075981.722605,1888176,384.0
1781075985.311977,1889432,384.0
1781075988.6076524,1890925,384.0
1781075989.835859,1891353,384.0
1781075993.418699,1892608,384.0
1781075994.240788,1892901,384.0
1781075997.446957,1894029,384.0
1781076000.0045261,1894928,384.0
1781076002.499523,1895805,384.0
1781076006.3176146,1897156,384.0
1781076011.085202,1898856,384.0
1781076012.0464902,1899179,384.0
1781076028.6828437,1900276,383.0
1781076032.7880816,1901723,383.0
1781076034.1341147,1902196,383.0
1781076036.853405,1903152,383.0
1781076040.6909084,1904493,383.0
1781076042.3696406,1905094,383.0
1781076047.9584188,1907067,383.0
1781076050.600272,1907995,383.0
1781076052.1464245,1908864,383.0
1781076055.3179061,1909982,383.0
1781076060.0965395,1911647,383.0
1781076062.893248,1912626,383.0
1781076067.668351,1914317,383.0
1781076068.6492906,1914661,383.0
1781076073.073727,1916235,383.0
1781076077.1453125,1917665,383.0
1781076081.1959689,1919081,383.0
1781076083.5452244,1920309,383.0
1781076086.693796,1921926,383.0
1781076087.8628662,1922536,383.0
1781076089.64601,1923469,383.0
1781076091.7450526,1924558,383.0
1781076101.8767807,1925743,382.0
1781076103.961803,1926808,383.0
1781076106.0236197,1927866,383.0
1781076108.699258,1929248,383.0
1781076111.575719,1930712,383.0
1781076113.9959264,1931950,383.0
1781076113.7673724,1932274,383.0
1781076115.5382998,1933176,383.0
1781076118.285993,1934593,383.0
1781076120.5557923,1935758,383.0
1781076123.120799,1937077,383.0
1781076124.1869721,1937624,383.0
1781076125.4333205,1938263,383.0
1781076128.2435133,1939636,383.0
1781076131.4806416,1941182,383.0
1781076134.4306507,1942600,383.0
1781076135.726342,1943231,383.0
1781076138.6052754,1944607,383.0
1781076141.570671,1946112,383.0
1781076144.718127,1947723,384.0
1781076147.6882267,1949204,384.0
1781076149.291266,1949763,384.0
1781076165.762871,1950999,383.0
1781076169.4077442,1952420,383.0
1781076172.4596245,1953616,383.0
1781076174.894604,1954453,383.0
1781076177.6117175,1955369,383.0
1781076180.5186396,1956685,383.0
1781076185.0786743,1958383,383.0
1781076189.0911126,1959944,383.0
1781076190.9929283,1960613,383.0
1781076195.5997376,1962180,383.0
1781076197.3179266,1962763,383.0
1781076200.6627257,1964075,383.0
1781076205.116683,1965804,383.0
1781076207.2748415,1966531,383.0
1781076211.6185482,1968327,383.0
1781076213.2048192,1968931,383.0
1781076217.2606413,1970491,383.0
1781076220.8325167,1971786,383.0
1781076225.9596226,1973548,383.0
1781076227.6547694,1974162,383.0
1781076229.6812167,1974938,383.0
1781076246.8823647,1976644,382.0
1781076250.9568934,1978080,382.0
1781076253.2850099,1978858,382.0
1781076259.4912844,1981137,382.0
1781076260.8169448,1981648,382.0
1781076263.7575502,1982798,382.0
1781076268.4696,1984364,381.0
1781076270.990739,1985219,381.0
1781076273.9630547,1986716,382.0
1781076274.5563445,1986938,382.0
1781076279.2324827,1988754,382.0
1781076283.7798584,1990327,381.0
1781076287.5723984,1991756,381.0
1781076288.951171,1992297,381.0
1781076290.7735903,1993003,381.0
1781076293.3665054,1993985,381.0
1781076299.7032442,1996179,381.0
1781076303.8242364,1997723,381.0
1781076303.6192374,1997991,382.0
1781076307.1117227,1999345,382.0
1781076323.581162,2000347,380.0
1781076328.2692933,2001961,380.0
1781076331.086787,2003024,380.0
1781076333.4669013,2003960,380.0
1781076335.6547394,2005136,381.0
1781076340.426105,2006782,381.0
1781076342.5281298,2007505,380.0
1781076344.874706,2008352,380.0
1781076350.560284,2010564,380.0
1781076352.1181817,2011134,380.0
1781076357.5747275,2013029,380.0
1781076361.5039704,2014461,380.0
1781076362.9706538,2015030,380.0
1781076367.9587893,2017228,380.0
1781076370.9481134,2018280,380.0
1781076375.1521401,2019858,380.0
1781076378.6177647,2021223,380.0
1781076382.81046,2022770,380.0
1781076385.2113402,2023612,380.0
1781076400.7509854,2025104,380.0
1781076403.8272426,2026257,380.0
1781076408.4416068,2028076,380.0
1781076412.646263,2029564,380.0
1781076415.6532578,2030617,380.0
1781076419.0605521,2031922,380.0
1781076421.6106875,2032923,380.0
1781076424.2874966,2033989,380.0
1781076427.460893,2035101,380.0
1781076429.4838698,2035821,380.0
1781076431.609397,2036909,380.0
1781076433.7040756,2037720,380.0
1781076437.5826852,2039277,380.0
1781076439.2539985,2039890,380.0
1781076444.6230676,2041768,380.0
1781076445.5397782,2042086,380.0
1781076449.33202,2043551,380.0
1781076454.4906614,2045531,380.0
1781076457.3293242,2046533,380.0
1781076459.486567,2047314,380.0
1781076461.6480312,2048101,380.0
1781076464.1793113,2049438,380.0
1781076479.1867719,2050212,379.0
1781076480.2035143,2050731,379.0
1781076483.191139,2052256,379.0
1781076485.7427638,2053543,379.0
1781076488.276161,2054833,379.0
1781076491.1504512,2056290,379.0
1781076493.5906446,2057539,379.0
1781076494.6416516,2058529,379.0
1781076497.0623221,2059777,379.0
1781076500.1662283,2061372,379.0
1781076501.7485275,2062155,379.0
1781076504.8967984,2063733,379.0
1781076507.055861,2064842,380.0
1781076507.6309822,2065127,380.0
1781076509.019911,2065839,380.0
1781076511.4442818,2067049,380.0
1781076513.745637,2068133,380.0
1781076515.7253165,2069108,380.0
1781076518.640883,2070566,380.0
1781076521.697914,2072074,380.0
1781076522.9946773,2072692,380.0
1781076528.0328789,2074826,380.0
1781076548.9823148,2076133,379.0
1781076551.5952916,2077050,379.0
1781076554.4379246,2078102,379.0
1781076556.3941143,2079119,379.0
1781076557.674524,2080246,379.0
1781076562.5356832,2082787,379.0
1781076562.8834696,2082966,379.0
1781076566.197736,2084673,379.0
1781076569.1075492,2086183,379.0
1781076571.743832,2087472,379.0
1781076574.0730426,2088554,379.0
1781076577.040134,2089934,379.0
1781076580.3858886,2091614,379.0
1781076581.8443792,2092351,379.0
1781076584.191536,2093472,379.0
1781076588.0074525,2094828,379.0
1781076590.625534,2096045,379.0
1781076593.7746518,2097142,379.0
1781076597.5117848,2098408,379.0
1781076601.5482762,2099820,379.0
1781076619.5433273,2100909,378.0
1781076621.2043114,2101497,378.0
1781076626.11067,2103225,378.0
1781076629.9025943,2104529,378.0
1781076632.5555847,2105442,378.0
1781076637.6425617,2107185,378.0
1781076639.5418665,2107840,378.0
1781076644.4673455,2109531,378.0
1781076648.0018504,2110757,378.0
1781076651.03541,2111796,378.0
1781076651.2261965,2112161,378.0
1781076653.7583346,2113029,378.0
1781076659.272283,2114961,378.0
1781076663.5936236,2116458,378.0
1781076667.4211383,2117783,378.0
1781076669.1644554,2118366,378.0
1781076672.3351276,2119440,378.0
1781076676.9253032,2120998,378.0
1781076681.4653387,2122567,378.0
1781076683.061266,2123425,378.0
1781076686.090916,2124466,378.0
1781076704.9471369,2125595,377.0
1781076709.2438736,2127103,377.0
1781076713.4677796,2128571,377.0
1781076716.306981,2129943,377.0
1781076718.4235065,2130681,377.0
1781076720.2592437,2131289,377.0
1781076723.566821,2132422,377.0
1781076728.8915095,2134251,377.0
1781076730.4652596,2134796,377.0
1781076733.4940288,2135852,377.0
1781076737.7874296,2137328,377.0
1781076740.8992662,2138394,377.0
1781076742.430608,2138922,377.0
1781076744.6380048,2139681,377.0
1781076748.1357017,2141189,377.0
1781076752.5511322,2142715,377.0
1781076756.1364756,2143972,377.0
1781076759.8817616,2145276,377.0
1781076764.8338442,2146985,377.0
1781076766.7096536,2147660,377.0
1781076770.659598,2149032,377.0
1781076792.5429597,2150646,376.0
1781076796.401525,2151981,376.0
1781076799.611306,2153086,375.0
1781076801.122442,2153622,375.0
1781076804.0573459,2154651,375.0
1781076808.7804396,2156308,375.0
1781076812.6139848,2157940,375.0
1781076815.3835835,2158887,375.0
1781076820.9186807,2160845,375.0
1781076822.4810362,2161386,375.0
1781076826.8354602,2162907,375.0
1781076830.7030938,2164229,375.0
1781076833.1817472,2165072,375.0
1781076838.8420923,2167013,375.0
1781076840.6207466,2167621,375.0
1781076843.5254095,2168932,375.0
1781076848.499111,2170631,375.0
1781076853.0053496,2172174,375.0
1781076857.4513366,2173702,375.0
1781076858.5733016,2174094,375.0
1781076876.7349336,2175506,374.0
1781076880.0496593,2176653,374.0
1781076883.024779,2177669,374.0
1781076885.4429858,2178509,374.0
1781076889.1932037,2179821,374.0
1781076892.8682053,2181100,374.0
1781076897.3689635,2182627,374.0
1781076898.593948,2183041,374.0
1781076904.0965378,2184920,374.0
1781076904.9638486,2185516,374.0
1781076910.070664,2187253,374.0
1781076915.8530316,2189192,374.0
1781076919.9644344,2190577,374.0
1781076921.8779993,2191228,374.0
1781076925.360665,2192404,374.0
1781076929.0743515,2193648,374.0
1781076932.5238004,2194773,374.0
1781076936.335745,2196061,374.0
1781076939.0880523,2197335,374.0
1781076940.5179772,2197830,374.0
1781076944.5608597,2199243,374.0
1781076960.1846046,2200646,373.0
1781076962.7243395,2201531,373.0
1781076966.1932817,2202732,373.0
1781076968.1284792,2203732,373.0
1781076972.8805535,2205358,373.0
1781076975.6509488,2206301,373.0
1781076977.0479171,2206776,373.0
1781076980.2032096,2207843,373.0
1781076984.9247222,2209471,373.0
1781076988.5546622,2210723,373.0
1781076992.4507828,2212049,373.0
1781076994.796613,2212848,373.0
1781076999.4822998,2214692,373.0
1781077001.8156178,2215491,373.0
1781077005.8367038,2216872,373.0
1781077007.6330662,2217486,373.0
1781077012.756975,2219247,373.0
1781077015.5545704,2220218,373.0
1781077018.8779254,2221352,373.0
1781077023.8610172,2223078,373.0
1781077027.9714038,2224512,373.0
1781077043.9796658,2225223,372.0
1781077049.6048446,2227148,372.0
1781077052.0438976,2227970,372.0
1781077056.8337605,2229641,372.0
1781077059.843925,2230666,372.0
1781077064.8002434,2232664,372.0
1781077066.5068762,2233256,372.0
1781077068.6660335,2233989,372.0
1781077073.0964148,2235504,372.0
1781077077.4008834,2236964,372.0
1781077080.7112315,2238087,372.0
1781077083.76891,2239145,372.0
1781077085.6407933,2239793,372.0
1781077090.5173335,2241480,372.0
1781077093.6817324,2242570,372.0
1781077097.0591345,2244012,372.0
1781077098.831056,2244610,372.0
1781077101.6998727,2245610,372.0
1781077105.9472558,2247081,372.0
1781077111.383818,2248947,372.0
1781077114.2086978,2249932,372.0
1781077130.7791228,2250512,371.0
1781077134.2043633,2251856,371.0
1781077139.3057363,2253778,371.0
1781077143.9982886,2255393,371.0
1781077148.319762,2256956,371.0
1781077151.4503481,2258160,371.0
1781077152.9872851,2258752,371.0
1781077155.3627517,2259582,371.0
1781077157.470335,2260603,371.0
1781077161.6526787,2262137,371.0
1781077165.0837457,2263492,371.0
1781077165.9594,2263824,371.0
1781077170.7240593,2265594,371.0
1781077174.9351165,2267039,371.0
1781077178.716418,2268478,371.0
1781077181.254509,2269452,371.0
1781077183.4051032,2270296,371.0
1781077187.8983736,2271929,371.0
1781077192.9687822,2274100,371.0
1781077211.2165468,2275770,370.0
1781077212.6859508,2276326,370.0
1781077216.1092062,2277504,370.0
1781077218.974343,2278473,370.0
1781077223.076795,2280384,370.0
1781077227.620505,2282141,370.0
1781077228.9526465,2282599,370.0
1781077231.5001404,2283512,370.0
1781077234.9978726,2284696,370.0
1781077238.7885525,2286204,370.0
1781077244.6332126,2288382,370.0
1781077247.4959867,2289365,370.0
1781077249.4980593,2290030,370.0
1781077252.0861614,2291394,370.0
1781077255.5048902,2293155,370.0
1781077256.6474748,2293739,370.0
1781077260.5827618,2295732,371.0
1781077260.8669267,2295869,371.0
1781077263.917736,2297438,371.0
1781077266.3947153,2298710,371.0
1781077268.890923,2299987,371.0
1781077283.5819595,2301439,370.0
1781077284.8178303,2301878,370.0
1781077289.2502377,2303410,370.0
1781077293.565041,2305058,370.0
1781077294.5321214,2305439,370.0
1781077297.3193479,2306549,370.0
1781077301.6880813,2308131,370.0
1781077306.0883496,2309735,370.0
1781077308.4477794,2310655,370.0
1781077311.826586,2311918,370.0
1781077315.4879549,2313862,370.0
1781077315.770629,2313986,370.0
1781077318.9393346,2315436,370.0
1781077321.3427713,2316368,370.0
1781077324.8901968,2317888,370.0
1781077326.7262144,2318697,370.0
1781077329.7671046,2319818,370.0
1781077332.7131128,2320957,370.0
1781077335.6996262,2322431,370.0
1781077336.2280157,2322690,370.0
1781077338.1727076,2323683,370.0
1781077340.7822561,2324915,370.0
1781077353.9756455,2326342,370.0
1781077356.441193,2327404,370.0
1781077360.7558568,2329075,370.0
1781077363.136007,2330016,370.0
1781077366.1079574,2331094,370.0
1781077370.2320812,2332534,370.0
1781077375.3613904,2334492,370.0
1781077378.427713,2335690,370.0
1781077379.8777277,2336514,370.0
1781077382.2323322,2337346,370.0
1781077387.6036272,2339275,370.0
1781077390.7288854,2340475,370.0
1781077392.3968396,2341127,370.0
1781077398.1586373,2343142,370.0
1781077400.7947168,2344066,370.0
1781077403.5488763,2345141,370.0
1781077406.784925,2346411,370.0
1781077411.871831,2348528,370.0
1781077414.7279093,2349503,370.0
1781077431.789726,2350613,369.0
1781077436.329205,2352420,369.0
1781077440.7159233,2353949,369.0
1781077441.527246,2354546,369.0
1781077445.7751513,2356008,369.0
1781077448.7427628,2357180,369.0
1781077451.9381802,2358447,369.0
1781077456.954221,2360264,369.0
1781077458.4707165,2360821,369.0
1781077462.0791547,2362116,369.0
1781077464.8286526,2363215,369.0
1781077469.5142899,2365008,369.0
1781077473.2424989,2366330,369.0
1781077474.9227247,2367225,369.0
1781077479.3452985,2368926,369.0
1781077481.1098328,2369606,369.0
1781077484.7114162,2370920,369.0
1781077489.0169702,2372397,369.0
1781077492.94271,2373889,369.0
1781077494.0053642,2374294,369.0
1781077508.6939917,2375452,369.0
1781077512.0680761,2376762,369.0
1781077516.591037,2378336,369.0
1781077518.0126286,2378803,369.0
1781077524.1136258,2381126,369.0
1781077525.3697438,2381613,369.0
1781077530.4646711,2383416,369.0
1781077533.6654396,2384514,369.0
1781077537.3046846,2386276,369.0
1781077539.3482726,2387081,369.0
1781077542.983826,2388417,369.0
1781077548.2052658,2390270,369.0
1781077552.0482519,2391776,369.0
1781077552.7150998,2392035,369.0
1781077557.3934846,2393815,369.0
1781077559.568596,2394663,369.0
1781077563.1405106,2396045,369.0
1781077566.6341217,2397303,369.0
1781077571.684761,2399481,369.0
1781077572.1177185,2399650,369.0
1781077589.9576283,2401269,368.0
1781077592.162746,2402152,368.0
1781077595.1804616,2403212,368.0
1781077597.709344,2404123,368.0
1781077599.8207037,2405224,368.0
1781077601.3496892,2405810,368.0
1781077605.6175985,2407506,368.0
1781077610.0738106,2409117,368.0
1781077612.6031232,2409999,368.0
1781077614.817368,2410808,368.0
1781077616.422137,2411430,368.0
1781077619.821473,2412737,368.0
1781077624.1001272,2414297,368.0
1781077628.1639926,2415698,368.0
1781077631.0072188,2416717,368.0
1781077632.9848502,2417810,368.0
1781077637.0948205,2419326,368.0
1781077641.940658,2420985,368.0
1781077645.5588753,2422293,368.0
1781077647.9637299,2423208,368.0
1781077649.3741028,2423741,368.0
1781077665.2575858,2425329,367.0
1781077668.7703345,2426539,367.0
1781077673.9095602,2428381,367.0
1781077675.7675471,2429100,367.0
1781077676.661299,2429442,367.0
1781077680.914899,2431031,367.0
1781077684.996656,2432420,367.0
1781077687.9860437,2433452,367.0
1781077690.647289,2434469,367.0
1781077694.4659717,2436284,367.0
1781077698.5630279,2437703,367.0
1781077702.6577156,2439136,367.0
1781077705.582923,2440266,367.0
1781077711.4877868,2442485,367.0
1781077712.6799726,2442874,367.0
1781077716.006155,2444047,367.0
1781077721.2881901,2446104,367.0
1781077725.102792,2447565,367.0
1781077726.7856858,2448178,367.0
1781077728.4443402,2449039,367.0
1781077747.3630662,2450318,367.0
1781077751.437072,2451932,367.0
1781077753.9707534,2452905,367.0
1781077756.414223,2453759,367.0
1781077759.2441654,2454999,367.0
1781077763.2591429,2456526,367.0
1781077767.082385,2458021,367.0
1781077769.1795962,2458762,367.0
1781077773.4558818,2460293,367.0
1781077775.361353,2460929,367.0
1781077779.2798498,2462468,367.0
1781077783.6817377,2464171,367.0
1781077786.0922782,2465019,367.0
1781077789.5557199,2466223,367.0
1781077793.3463533,2467990,367.0
1781077797.42548,2469580,367.0
1781077801.054262,2470830,367.0
1781077804.7508469,2472079,367.0
1781077807.7400439,2473250,367.0
1781077809.6884558,2474010,367.0
1781077825.7295463,2475440,366.0
1781077828.1056046,2476259,366.0
1781077831.9872754,2477607,366.0
1781077833.1888113,2478028,366.0
1781077836.1906884,2479164,366.0
1781077839.8475554,2480584,366.0
1781077843.8338597,2482036,366.0
1781077847.1402016,2483217,366.0
1781077853.0357141,2485362,366.0
1781077854.961005,2486470,366.0
1781077857.9881954,2487660,366.0
1781077861.8852448,2488969,366.0
1781077866.3204339,2490546,366.0
1781077868.8431997,2491530,366.0
1781077871.478221,2492563,366.0
1781077876.7614663,2494479,366.0
1781077881.5199778,2496149,366.0
1781077882.1198423,2496389,366.0
1781077885.5456176,2498074,366.0
1781077886.6683657,2498514,366.0
1781077890.7197003,2499899,366.0
1781077909.1886814,2501022,365.0
1781077913.930665,2502896,365.0
1781077915.1273794,2503373,365.0
1781077918.140788,2504799,365.0
1781077921.1791081,2505849,365.0
1781077924.6318493,2507109,365.0
1781077926.1392963,2507704,365.0
1781077929.064451,2508852,365.0
1781077931.1969156,2509678,365.0
1781077934.361669,2510783,365.0
1781077938.9228497,2512402,365.0
1781077942.7056031,2513903,365.0
1781077944.6203291,2514653,365.0
1781077947.8265755,2515834,365.0
1781077951.3190787,2517390,366.0
1781077956.502327,2519280,366.0
1781077960.630084,2520917,366.0
1781077963.0806282,2521879,366.0
1781077966.3859568,2523102,366.0
1781077971.161951,2524732,366.0
1781077987.3987849,2526486,365.0
1781077989.486589,2527308,365.0
1781077993.21385,2528753,365.0
1781077995.8224819,2529699,365.0
1781077999.008547,2530825,365.0
1781078002.9730408,2532340,365.0
1781078006.0687273,2533549,365.0
1781078008.1772625,2534365,365.0
1781078011.3379354,2535823,365.0
1781078014.8682895,2537088,365.0
1781078018.9666493,2538729,365.0
1781078021.5339415,2539751,365.0
1781078026.653701,2541759,365.0
1781078028.507087,2542470,365.0
1781078031.5032341,2543485,365.0
1781078034.8402414,2544659,365.0
1781078039.8734848,2546550,365.0
1781078042.1289995,2547773,365.0
1781078043.2977598,2548206,365.0
1781078047.7678878,2549738,365.0
1781078064.3234253,2551370,364.0
1781078066.9995143,2552394,364.0
1781078069.1287723,2553224,364.0
1781078072.7147005,2554596,364.0
1781078074.9507132,2555651,365.0
1781078079.6943934,2557319,364.0
1781078082.6358595,2558448,365.0
1781078084.5275233,2559178,365.0
1781078086.8187602,2560033,365.0
1781078088.6309402,2560666,365.0
1781078092.490648,2562033,365.0
1781078096.1845813,2563419,365.0
1781078098.658345,2564379,365.0
1781078102.8960335,2565909,365.0
1781078106.9096925,2567661,365.0
1781078110.78658,2569215,365.0
1781078111.6418755,2569549,365.0
1781078113.6922011,2570367,365.0
1781078117.2133443,2571633,365.0
1781078121.6331358,2573146,365.0
1781078126.091027,2574842,365.0
1781078143.6721547,2576392,364.0
1781078145.0994678,2576883,364.0
1781078147.0955458,2577616,364.0
1781078151.440356,2579196,364.0
1781078155.6888237,2580720,364.0
1781078158.7773361,2581876,364.0
1781078161.7428057,2583019,364.0
1781078163.2785065,2583618,364.0
1781078167.66055,2585221,364.0
1781078170.4247065,2586487,364.0
1781078171.6885045,2586947,364.0
1781078173.962464,2587837,364.0
1781078176.2959964,2588732,364.0
1781078180.8647604,2590361,364.0
1781078185.8890407,2592063,364.0
1781078188.180289,2592899,364.0
1781078192.347038,2594412,364.0
1781078193.6991193,2594919,364.0
1781078198.2344227,2596401,364.0
1781078202.314103,2598157,364.0
1781078204.1702654,2598817,364.0
1781078206.25232,2599611,364.0
1781078218.6464632,2601328,364.0
1781078221.7968688,2602522,364.0
1781078226.546708,2604362,364.0
1781078229.0595968,2605615,364.0
1781078232.0120745,2607158,364.0
1781078232.6288288,2607902,364.0
1781078235.8950274,2609422,364.0
1781078237.5040553,2610184,364.0
1781078241.388269,2611997,364.0
1781078244.523705,2613311,364.0
1781078245.585721,2613747,364.0
1781078248.6113148,2615074,364.0
1781078251.5782373,2616242,364.0
1781078255.1405525,2617870,364.0
1781078255.6187158,2618084,364.0
1781078258.4366481,2619457,364.0
1781078262.4326115,2621352,364.0
1781078264.3006775,2622734,364.0
1781078265.7189474,2623448,364.0
1781078278.6292036,2625102,364.0
1781078281.3924747,2626423,364.0
1781078284.9627097,2628217,364.0
1781078287.612842,2629419,364.0
1781078291.2905955,2631077,364.0
1781078294.0685468,2632357,364.0
1781078295.5231862,2633523,364.0
1781078298.664802,2635100,364.0
1781078302.213163,2636787,364.0
1781078303.7124214,2637567,364.0
1781078307.318197,2639393,364.0
1781078308.4907541,2639996,364.0
1781078311.80421,2641715,364.0
1781078314.9857874,2643318,365.0
1781078316.4479637,2644033,365.0
1781078318.528665,2645156,365.0
1781078319.3534777,2645598,365.0
1781078323.2826555,2647710,365.0
1781078324.5576315,2648353,365.0
1781078336.5075197,2650757,364.0
1781078338.2385132,2651566,364.0
1781078340.0681808,2652425,365.0
1781078342.4221003,2653567,365.0
1781078345.3167002,2655048,365.0
1781078348.2033145,2656527,365.0
1781078350.761671,2657709,365.0
1781078353.4534748,2658982,365.0
1781078357.354194,2660714,365.0
1781078358.728726,2661300,365.0
1781078361.42899,2662870,365.0
1781078364.2927132,2664287,365.0
1781078364.7207448,2664491,365.0
1781078369.0070517,2666476,365.0
1781078373.091966,2668241,365.0
1781078375.8735924,2669400,365.0
1781078377.723159,2670097,365.0
1781078380.3561883,2671328,365.0
1781078383.5784898,2672925,365.0
1781078385.6663322,2673909,365.0
1781078387.948472,2674718,365.0
1781078402.850656,2676449,365.0
1781078404.4530346,2677169,365.0
1781078408.3084757,2678904,365.0
1781078411.4746075,2680292,365.0
1781078414.6681573,2681682,365.0
1781078417.0442085,2682647,365.0
1781078418.5627513,2683240,365.0
1781078422.1672394,2684461,365.0
1781078425.6965938,2685973,365.0
1781078430.003741,2687421,365.0
1781078430.7417629,2687664,365.0
1781078432.6794012,2688314,365.0
1781078436.706843,2689684,365.0
1781078441.6390238,2691355,365.0
1781078445.8791032,2692712,365.0
1781078448.9083822,2693708,365.0
1781078452.0908477,2694777,365.0
1781078453.7692127,2695700,365.0
1781078457.6844697,2697003,365.0
1781078462.0914998,2698467,365.0
1781078464.200328,2699152,365.0
1781078465.917344,2699739,365.0
1781078482.6289022,2701574,364.0
1781078486.9100509,2703329,364.0
1781078490.0506737,2704390,364.0
1781078493.961308,2705720,364.0
1781078495.8027363,2706327,364.0
1781078501.5044622,2708199,364.0
1781078506.6687694,2709873,364.0
1781078509.7396228,2710896,364.0
1781078513.5456464,2712188,364.0
1781078514.9939864,2712674,364.0
1781078517.8930078,2713956,364.0
1781078522.6136782,2715558,364.0
1781078525.4193022,2716528,364.0
1781078533.5085227,2719280,364.0
1781078534.4573057,2719609,364.0
1781078539.1764293,2721211,364.0
1781078543.2125332,2722582,364.0
1781078546.5738146,2723702,364.0
1781078548.614283,2724408,364.0
1781078565.8854868,2725719,363.0
1781078569.8152099,2727077,363.0
1781078574.5642886,2728678,363.0
1781078578.0807617,2729910,363.0
1781078579.104592,2730263,363.0
1781078582.3357859,2731667,363.0
1781078587.6789987,2733515,363.0
1781078592.9352574,2735304,363.0
1781078597.6250715,2736892,363.0
1781078599.621933,2737572,363.0
1781078602.9244485,2738699,363.0
1781078607.4412198,2740226,363.0
1781078611.8739538,2741705,363.0
1781078616.2764988,2743526,363.0
1781078621.1001081,2745191,363.0
1781078621.921702,2745472,363.0
1781078627.4259346,2747376,363.0
1781078631.0907898,2748632,363.0
1781078633.9218478,2749644,363.0
1781078652.2373562,2751063,362.0
1781078652.7820442,2751243,362.0
1781078656.4026227,2752473,362.0
1781078659.8821957,2753631,362.0
1781078662.823899,2754636,362.0
1781078666.1074457,2755770,362.0
1781078669.9746566,2757092,362.0
1781078674.1748085,2758511,362.0
1781078678.6925526,2760306,362.0
1781078682.6436002,2761661,362.0
1781078687.454315,2763293,362.0
1781078687.73939,2763385,362.0
1781078690.8263764,2764425,362.0
1781078694.8219,2765776,362.0
1781078699.2839746,2767262,362.0
1781078701.4671376,2767995,362.0
1781078706.720137,2769741,362.0
1781078710.053714,2771172,362.0
1781078713.915251,2772520,362.0
1781078717.4187503,2773713,362.0
1781078720.3131273,2774720,362.0
1781078738.3430934,2775159,362.0
1781078742.6176739,2776630,362.0
1781078744.781474,2777362,362.0
1781078748.4570003,2778566,362.0
1781078754.1997175,2780479,361.0
1781078754.7303705,2780649,361.0
1781078756.9279175,2781363,361.0
1781078759.0295238,2782054,361.0
1781078763.1844113,2783469,361.0
1781078765.4784548,2784251,361.0
1781078766.7204275,2784681,361.0
1781078770.795807,2786376,361.0
1781078776.1978927,2788236,361.0
1781078779.2723775,2789273,361.0
1781078782.5878146,2790322,361.0
1781078787.1888254,2791817,361.0
1781078791.3120396,2793161,361.0
1781078794.8689651,2794294,361.0
1781078800.986345,2796342,361.0
1781078802.4664834,2797138,361.0
1781078805.1514554,2797999,361.0
1781078810.5877626,2799800,361.0
1781078829.2957995,2801089,361.0
1781078832.6797621,2802245,361.0
1781078835.1422188,2803382,361.0
1781078837.2392507,2804095,361.0
1781078841.4029791,2805451,361.0
1781078846.0030158,2807016,361.0
1781078850.7231274,2808560,361.0
1781078851.9698617,2808969,361.0
1781078854.3956523,2809802,361.0
1781078859.9343038,2811637,361.0
1781078864.6269803,2813255,361.0
1781078867.5784168,2814517,361.0
1781078870.223496,2815451,361.0
1781078873.6935065,2816651,361.0
1781078878.1559043,2818133,361.0
1781078881.0339212,2819123,361.0
1781078885.5466626,2820693,361.0
1781078888.4681563,2821675,361.0
1781078891.7021103,2822809,361.0
1781078896.2371078,2824600,361.0
1781078912.6501544,2825867,360.0
1781078913.9951134,2826327,360.0
1781078918.0170422,2827659,360.0
1781078919.5463738,2828172,360.0
1781078925.3689225,2830187,360.0
1781078927.8323753,2831027,360.0
1781078930.5534592,2832223,360.0
1781078932.744108,2832965,360.0
1781078936.024735,2834075,360.0
1781078939.338984,2835208,360.0
1781078945.4429905,2837300,360.0
1781078948.2028217,2838233,360.0
1781078952.5253031,2839693,360.0
1781078955.7956448,2840800,360.0
1781078958.7161899,2841751,360.0
1781078962.833274,2843454,360.0
1781078966.2372134,2844596,360.0
1781078968.332043,2845335,360.0
1781078971.0775812,2846744,360.0
1781078973.0759647,2847752,360.0
1781078985.3681314,2850079,360.0
1781078987.6347628,2851207,360.0
1781078991.1090965,2853389,360.0
1781078991.3044987,2853481,360.0
1781078994.5231304,2855040,360.0
1781078998.2048,2856723,360.0
1781078999.8087015,2857481,360.0
1781079001.575452,2858332,360.0
1781079003.7743936,2859379,360.0
1781079006.9256036,2860837,360.0
1781079010.080634,2862266,360.0
1781079013.6623473,2863825,360.0
1781079015.7856317,2864743,360.0
1781079018.030439,2865682,360.0
1781079021.2106194,2867176,360.0
1781079023.7858531,2868847,360.0
1781079025.885941,2869928,360.0
1781079027.7594957,2870869,360.0
1781079030.4803567,2872250,360.0
1781079033.5426173,2873843,361.0
1781079034.5357919,2874360,361.0
1781079052.2978463,2876255,360.0
1781079056.2139604,2877854,360.0
1781079059.5639162,2879125,360.0
1781079063.254425,2880950,360.0
1781079067.1835866,2882903,360.0
1781079070.975351,2884800,360.0
1781079074.3148735,2886454,360.0
1781079074.9987915,2886798,360.0
1781079078.467937,2888469,360.0
1781079082.053205,2890077,360.0
1781079084.0418053,2891073,360.0
1781079087.6455586,2893348,361.0
1781079087.8295836,2893440,361.0
1781079091.3409848,2895048,361.0
1781079094.7873132,2896719,361.0
1781079098.314785,2898418,361.0
1781079099.4373267,2898987,361.0
1781079101.2505736,2899897,361.0
1781079114.380173,2901606,360.0
1781079116.3867457,2902585,360.0
1781079120.3710146,2904306,360.0
1781079124.7782469,2905868,360.0
1781079126.5216572,2906534,360.0
1781079130.734577,2908082,360.0
1781079135.9932675,2909896,360.0
1781079140.2191322,2911439,360.0
1781079144.8727787,2913248,360.0
1781079145.133292,2913340,360.0
1781079148.4868677,2915011,360.0
1781079152.5049338,2916580,360.0
1781079156.4620602,2918117,361.0
1781079158.3376114,2918853,361.0
1781079162.3824956,2920445,361.0
1781079166.5978756,2922023,361.0
1781079170.761701,2923419,361.0
1781079186.190162,2925216,360.0
1781079188.6649563,2926225,360.0
1781079190.317679,2926974,360.0
1781079193.633065,2928367,360.0
1781079197.7583125,2929995,360.0
1781079199.8580773,2930885,360.0
1781079204.1488078,2932617,360.0
1781079205.4803843,2933034,360.0
1781079207.8309214,2933975,360.0
1781079209.9862313,2934980,360.0
1781079211.879987,2936130,360.0
1781079214.2453456,2937086,360.0
1781079216.7368643,2938130,360.0
1781079220.1132662,2939664,360.0
1781079223.6135921,2941342,360.0
1781079226.8477929,2942814,360.0
1781079229.0947094,2943842,360.0
1781079231.3988786,2944882,360.0
1781079235.074764,2946447,361.0
1781079238.3846507,2947929,361.0
1781079242.109854,2949522,361.0
1781079253.3811176,2950094,360.0
1781079256.7485578,2951573,360.0
1781079260.7601292,2953457,360.0
1781079264.3270974,2955017,360.0
1781079271.610071,2957527,360.0
1781079272.23849,2957746,360.0
1781079275.6357663,2959254,360.0
1781079281.0327747,2961179,360.0
1781079281.2979596,2961271,360.0
1781079284.6342158,2962473,360.0
1781079288.7804897,2963973,360.0
1781079290.1440175,2964451,360.0
1781079294.0933707,2965826,360.0
1781079297.8113089,2967143,360.0
1781079302.2777672,2968734,360.0
1781079304.0246398,2969335,360.0
1781079306.9822125,2970376,360.0
1781079311.289053,2972228,360.0
1781079314.5361605,2973377,360.0
1781079316.5195906,2974071,360.0
1781079338.156541,2976127,360.0
1781079340.5366979,2977308,360.0
1781079345.4977634,2979062,360.0
1781079349.9981623,2980656,360.0
1781079353.0394828,2981763,360.0
1781079356.0728137,2982851,360.0
1781079358.9199502,2983870,360.0
1781079362.3823128,2985106,360.0
1781079368.2929022,2987213,360.0
1781079371.014885,2988427,360.0
1781079376.1305892,2990254,360.0
1781079377.9600108,2990952,360.0
1781079383.0222895,2992775,360.0
1781079388.9498253,2994863,360.0
1781079391.6420095,2995767,360.0
1781079393.880124,2996536,360.0
1781079398.7114651,2998209,360.0
1781079400.9331448,2998985,360.0
1781079420.5511966,3000046,359.0
1781079425.129621,3001639,359.0
1781079427.4814796,3002478,359.0
1781079431.1690588,3003775,359.0
1781079433.084726,3004768,359.0
1781079437.740059,3006389,359.0
1781079440.804655,3007512,359.0
1781079445.0283248,3009249,359.0
1781079445.5879683,3009442,359.0
1781079449.9547021,3010917,359.0
1781079454.054658,3012338,359.0
1781079458.5132115,3013876,359.0
1781079461.2412121,3014818,359.0
1781079462.9805975,3015433,359.0
1781079467.0102446,3017176,359.0
1781079470.9244764,3018538,359.0
1781079473.2159066,3019328,359.0
1781079478.3865864,3021149,359.0
1781079480.5970707,3021925,359.0
1781079485.6762958,3023711,359.0
1781079502.3061323,3025271,358.0
1781079506.3950467,3026675,358.0
1781079506.7349858,3026799,358.0
1781079510.5192301,3028110,358.0
1781079513.2526248,3029084,358.0
1781079515.6661239,3029918,358.0
1781079519.6128473,3031321,358.0
1781079523.5119562,3032687,358.0
1781079525.5773082,3033425,358.0
1781079529.3590298,3035063,358.0
1781079533.523853,3036514,358.0
1781079535.8844376,3037348,358.0
1781079538.676107,3038318,358.0
1781079543.0473387,3039856,358.0
1781079548.2585337,3041662,358.0
1781079553.3757844,3043432,358.0
1781079558.43313,3045195,358.0
1781079558.9981482,3045404,358.0
1781079561.6826506,3046657,358.0
1781079566.349402,3048276,358.0
1781079569.915633,3049521,358.0
1781079590.7532787,3051341,358.0
1781079591.429672,3051911,358.0
1781079594.5941818,3053044,358.0
1781079597.606421,3054095,358.0
1781079601.1469262,3055357,358.0
1781079606.225368,3057123,358.0
1781079610.2485135,3058523,358.0
1781079611.6931121,3059035,358.0
1781079616.7037766,3060755,358.0
1781079621.3686821,3062386,358.0
1781079622.249885,3062691,358.0
1781079626.3132823,3064421,358.0
1781079629.9043665,3065678,358.0
1781079633.8867996,3067058,358.0
1781079638.632821,3068719,358.0
1781079639.9966772,3069191,358.0
1781079644.9867525,3070928,358.0
1781079646.0240953,3071295,358.0
1781079649.8817472,3072657,358.0
1781079654.5344357,3074612,358.0
1781079671.918779,3075756,357.0
1781079674.794783,3076733,357.0
1781079678.2633126,3077955,357.0
1781079682.2861505,3079395,357.0
1781079686.2002022,3080762,357.0
1781079690.50725,3082612,357.0
1781079693.6429353,3083664,357.0
1781079695.421032,3084260,357.0
1781079700.9896388,3086222,357.0
1781079705.2211049,3087664,357.0
1781079708.167678,3088703,357.0
1781079710.153718,3089390,357.0
1781079711.9412138,3090005,357.0
1781079716.5449328,3091658,357.0
1781079721.4440222,3093700,357.0
1781079724.1648333,3094634,357.0
1781079727.4728498,3095793,357.0
1781079730.7645075,3096925,357.0
1781079734.9076157,3098354,357.0
1781079738.1905959,3099478,357.0
1781079754.2521834,3100144,357.0
1781079758.856909,3101726,357.0
1781079760.0607922,3102147,357.0
1781079764.1543288,3103576,357.0
1781079769.7780776,3105529,357.0
1781079773.5302346,3106872,357.0
1781079774.251069,3107125,357.0
1781079778.0325072,3108459,357.0
1781079780.6328628,3109691,357.0
1781079781.9956887,3110164,357.0
1781079788.0278,3112317,357.0
1781079788.5912414,3112517,357.0
1781079792.7508585,3113993,357.0
1781079797.4349864,3115624,357.0
1781079802.6824005,3117444,357.0
1781079807.0598614,3119006,357.0
1781079809.312927,3119797,357.0
1781079812.764746,3121010,357.0
1781079817.1972015,3122883,357.0
1781079821.2358701,3124303,357.0
1781079839.5167658,3125610,356.0
1781079841.08726,3126163,356.0
1781079843.8699605,3127423,356.0
1781079848.3047214,3128955,356.0
1781079853.2738588,3130698,356.0
1781079857.1811316,3132054,356.0
1781079860.7403865,3133289,356.0
1781079862.7257907,3133986,356.0
1781079866.6515799,3135357,356.0
1781079871.4993548,3137040,356.0
1781079873.9857662,3137933,356.0
1781079875.6345322,3138839,356.0
1781079880.2923439,3140484,356.0
1781079882.97414,3141418,356.0
1781079889.2518413,3143625,356.0
1781079891.8854775,3144552,356.0
1781079895.0412912,3145684,356.0
1781079898.2359695,3146793,356.0
1781079903.0469923,3148486,356.0
1781079907.063472,3149928,356.0
1781079935.94593,3150937,355.0
1781079938.0992582,3151688,355.0
1781079940.5515702,3152879,355.0
1781079945.6539052,3154684,355.0
1781079950.2782362,3156273,355.0
1781079953.7439437,3157472,355.0
1781079958.9860628,3159299,355.0
1781079960.1607506,3159710,355.0
1781079962.735339,3160621,355.0
1781079967.494331,3162308,355.0
1781079969.883548,3163152,355.0
1781079971.0417674,3163856,355.0
1781079976.6775582,3165828,355.0
1781079981.3976822,3167511,355.0
1781079983.8923805,3168397,355.0
1781079988.6237497,3170125,355.0
1781079991.7305949,3171199,355.0
1781079995.5067239,3172531,355.0
1781079999.5723574,3173951,355.0
1781080017.4999866,3175750,355.0
1781080020.481397,3176795,355.0
1781080024.9668417,3178350,355.0
1781080027.353778,3179206,355.0
1781080032.1596694,3180893,355.0
1781080034.25819,3181948,355.0
1781080038.5150554,3183436,355.0
1781080039.621414,3183818,355.0
1781080044.792468,3185655,355.0
1781080046.7257288,3186336,355.0
1781080049.8114278,3187416,355.0
1781080054.3033602,3189007,355.0
1781080057.4066806,3190095,355.0
1781080060.6517844,3191241,355.0
1781080063.9233744,3192397,355.0
1781080065.3131738,3192885,355.0
1781080072.32742,3195675,355.0
1781080073.7542717,3196182,355.0
1781080074.013456,3196274,355.0
1781080078.7952073,3197971,355.0
1781080080.954919,3198732,355.0
1781080099.9970353,3200765,354.0
1781080101.074254,3201142,354.0
1781080104.1173956,3202200,354.0
1781080108.3396895,3203682,354.0
1781080112.5749438,3205163,354.0
1781080116.7062807,3206589,354.0
1781080118.3247507,3207158,354.0
1781080120.0749388,3207779,354.0
1781080122.2296634,3208541,354.0
1781080125.906264,3209829,354.0
1781080128.786247,3211182,354.0
1781080130.1805773,3211670,354.0
1781080134.9552233,3213363,354.0
1781080138.2062404,3214503,354.0
1781080144.1464312,3216640,354.0
1781080146.6869273,3217522,354.0
1781080150.2765243,3218784,354.0
1781080153.8296173,3220040,354.0
1781080158.7884953,3221783,354.0
1781080163.4230225,3223740,354.0
1781080165.4094894,3224440,354.0
1781080179.8742702,3226215,354.0
1781080180.383436,3226469,354.0
1781080181.8511705,3227230,354.0
1781080183.0741153,3227855,354.0
1781080184.1716175,3228422,354.0
1781080186.2721674,3229501,354.0
1781080189.3917413,3231109,354.0
1781080191.3791394,3232133,354.0
1781080193.922229,3233920,354.0
1781080196.114318,3235046,354.0
1781080198.1669238,3236121,354.0
1781080199.5325968,3236833,354.0
1781080202.94743,3238591,354.0
1781080204.9067466,3239518,354.0
1781080207.4237988,3240746,354.0
1781080211.5890555,3242638,354.0
1781080211.9128006,3242756,354.0
1781080215.3071203,3243959,354.0
1781080218.31099,3245128,354.0
1781080222.7868102,3246857,354.0
1781080223.7423706,3247495,354.0
1781080225.4494646,3248082,354.0
1781080230.2895682,3249828,354.0
1781080248.8975675,3251068,354.0
1781080252.3219109,3252320,354.0
1781080255.0372407,3253559,354.0
1781080258.65963,3254813,354.0
1781080262.7898948,3256427,354.0
1781080265.5400562,3257470,354.0
1781080269.4324872,3258823,354.0
1781080274.3887186,3260605,354.0
1781080276.0790844,3261268,354.0
1781080280.0676873,3262799,354.0
1781080285.0052881,3264480,354.0
1781080287.4626887,3265632,354.0
1781080289.4220319,3266386,354.0
1781080292.1862233,3267470,354.0
1781080294.7221305,3268465,354.0
1781080297.097673,3269337,354.0
1781080298.7069955,3269895,354.0
1781080302.2013397,3271114,354.0
1781080306.2003686,3272574,354.0
1781080310.112968,3274129,354.0
1781080325.5109763,3275159,353.0
1781080326.7819223,3275647,353.0
1781080329.9084795,3276778,353.0
1781080334.096542,3278289,353.0
1781080338.9292781,3280191,354.0
1781080343.772871,3281845,354.0
1781080344.8598895,3282188,354.0
1781080349.6005025,3283743,353.0
1781080353.0509028,3285335,354.0
1781080358.1191068,3287490,354.0
1781080361.8442814,3288792,354.0
1781080368.9304688,3291291,354.0
1781080369.8839986,3291621,354.0
1781080372.7724047,3292645,354.0
1781080375.9450135,3293757,354.0
1781080379.742954,3295087,354.0
1781080381.4870932,3295704,354.0
1781080384.3476923,3297030,354.0
1781080386.57397,3297812,354.0
1781080390.3751588,3299153,354.0
1781080406.9238844,3300047,353.0
1781080410.1439528,3301192,353.0
1781080412.915193,3302173,353.0
1781080414.0334024,3302899,353.0
1781080419.3744154,3304770,353.0
1781080421.988238,3305690,353.0
1781080423.086782,3306071,353.0
1781080425.4204903,3306874,353.0
1781080427.6399956,3307649,353.0
1781080431.6053731,3309017,353.0
1781080435.756115,3310485,353.0
1781080440.6833293,3312231,353.0
1781080444.1876178,3313472,353.0
1781080444.7595735,3313679,353.0
1781080447.7613988,3315030,353.0
1781080451.9352584,3316483,353.0
1781080453.9586601,3317178,353.0
1781080458.8376474,3318883,353.0
1781080463.10191,3320377,353.0
1781080469.088615,3322464,353.0
1781080474.533859,3324371,353.0
1781080494.2123897,3325649,353.0
1781080497.3737175,3326742,353.0
1781080500.3881183,3327796,353.0
1781080504.3387637,3329209,353.0
1781080507.8717215,3330470,353.0
1781080508.8444595,3331129,353.0
1781080512.6899853,3332473,353.0
1781080516.6818514,3333877,353.0
1781080519.7420523,3334968,353.0
1781080524.8727,3336758,353.0
1781080528.392097,3338000,353.0
1781080529.1686573,3338268,353.0
1781080532.0950837,3339283,353.0
1781080536.9683347,3340983,353.0
1781080540.7453215,3342638,353.0
1781080543.0089526,3343434,353.0
1781080547.3798947,3344989,353.0
1781080548.0342078,3345207,353.0
1781080551.2921991,3346346,353.0
1781080556.1308634,3348036,353.0
1781080557.570015,3348539,353.0
1781080578.2852514,3350529,352.0
1781080580.1015368,3351167,352.0
1781080583.4870903,3352349,352.0
1781080586.788291,3353492,352.0
1781080589.4097705,3354410,352.0
1781080592.9034238,3355654,352.0
1781080595.7970679,3356676,352.0
1781080598.8446522,3357758,352.0
1781080602.3495834,3359318,352.0
1781080607.1177754,3360988,352.0
1781080610.7798772,3362288,352.0
1781080611.97624,3362706,352.0
1781080617.27868,3364589,352.0
1781080619.384981,3365328,352.0
1781080623.454274,3366765,352.0
1781080629.9236312,3369026,352.0
1781080631.1886213,3369461,352.0
1781080633.9942515,3370757,352.0
1781080638.4675267,3372287,352.0
1781080640.2475,3372898,352.0
1781080644.0808585,3374247,352.0
1781080664.4954925,3375666,351.0
1781080667.2284687,3376958,351.0
1781080672.9826245,3378970,351.0
1781080675.6739857,3379897,351.0
1781080678.2722635,3380799,351.0
1781080679.5493078,3381253,351.0
1781080681.9763546,3382106,351.0
1781080686.5223582,3383686,351.0
1781080690.3144457,3384979,351.0
1781080692.9641323,3385908,351.0
1781080696.9157212,3387284,351.0
1781080700.5856879,3388886,352.0
1781080704.058485,3390088,352.0
1781080705.5286286,3390598,352.0
1781080709.4440305,3391971,352.0
1781080712.9403086,3393198,352.0
1781080716.3416471,3394391,352.0
1781080720.2001512,3395741,352.0
1781080722.8874772,3396718,352.0
1781080726.8954248,3398145,352.0
1781080727.9135864,3398679,352.0
1781080738.6566858,3400239,351.0
1781080741.4272785,3401668,351.0
1781080743.4898324,3402735,351.0
1781080745.7256632,3403909,351.0
1781080748.2452629,3405218,351.0
1781080751.3901517,3406876,352.0
1781080753.8312786,3408163,352.0
1781080755.7633202,3409184,352.0
1781080759.174558,3410985,352.0
1781080760.6684012,3411777,352.0
1781080762.3639808,3413131,352.0
1781080764.8837376,3414438,352.0
1781080767.3476217,3415723,352.0
1781080768.353635,3416243,352.0
1781080771.7268176,3418011,352.0
1781080774.8320098,3419647,352.0
1781080776.467231,3420508,352.0
1781080777.483318,3421036,352.0
1781080781.8265166,3423298,352.0
1781080783.9577246,3424230,352.0
1781080801.3871572,3425777,352.0
1781080804.65353,3427062,352.0
1781080808.4560747,3428508,352.0
1781080809.877096,3429000,352.0
1781080813.7298632,3430382,352.0
1781080817.9552772,3431978,352.0
1781080822.5588217,3433779,352.0
1781080826.8785124,3435587,352.0
1781080828.3744345,3436090,352.0
1781080832.0186794,3437480,352.0
1781080835.3113456,3438751,352.0
1781080839.4568806,3440305,352.0
1781080842.565326,3441396,352.0
1781080846.9293718,3443024,352.0
1781080849.649376,3444114,352.0
1781080853.4198039,3445555,352.0
1781080856.2293222,3446849,352.0
1781080861.7741585,3448897,352.0
1781080863.9399247,3449741,352.0
1781080883.844076,3451335,351.0
1781080886.7115972,3452450,351.0
1781080889.8919437,3453984,351.0
1781080893.5348504,3455432,351.0
1781080895.7871964,3456312,351.0
1781080899.0979457,3457511,351.0
1781080900.7976606,3458122,351.0
1781080904.4610806,3459498,351.0
1781080907.787655,3460829,351.0
1781080912.9681385,3462721,351.0
1781080915.603864,3463663,351.0
1781080918.0851357,3464545,351.0
1781080920.8371103,3466004,351.0
1781080924.4737158,3467431,351.0
1781080928.0844939,3468725,351.0
1781080930.8092043,3469685,351.0
1781080935.7011695,3471573,352.0
1781080939.9019108,3473213,352.0
1781080942.1894934,3474005,352.0
1781080944.7714186,3474906,352.0
1781080959.6329355,3475713,351.0
1781080962.6622498,3476845,351.0
1781080965.8419764,3478078,351.0
1781080970.3347418,3479743,351.0
1781080972.6626627,3480566,351.0
1781080977.4231431,3482281,351.0
1781080981.8438015,3484010,351.0
1781080984.5980294,3485309,351.0
1781080987.1468792,3486218,351.0
1781080993.7018833,3488665,351.0
1781080994.8196244,3489092,351.0
1781080998.6490579,3490547,351.0
1781081002.425889,3491927,351.0
1781081007.9658773,3494004,351.0
1781081011.7320046,3495497,351.0
1781081012.2298088,3495694,351.0
1781081017.359033,3497817,351.0
1781081020.8309524,3499058,351.0
1781081037.7720566,3500394,351.0
1781081041.348539,3501784,351.0
1781081041.622137,3501874,351.0
1781081044.9004526,3503339,351.0
1781081046.8635318,3504017,351.0
1781081052.6760654,3506234,351.0
1781081054.117115,3506804,351.0
1781081057.3881357,3508031,351.0
1781081060.7234254,3509206,351.0
1781081062.6204863,3509842,351.0
1781081065.8983035,3511094,351.0
1781081071.73277,3513327,351.0
1781081074.6991332,3514330,351.0
1781081078.1566868,3515797,351.0
1781081082.3317535,3517434,351.0
1781081085.694623,3518750,351.0
1781081087.484438,3519394,351.0
1781081090.3707657,3520401,351.0
1781081094.0550928,3521727,351.0
1781081098.635824,3523542,351.0
1781081101.7038908,3524672,351.0
1781081121.882767,3526351,350.0
1781081123.054778,3526801,350.0
1781081126.6943204,3528225,350.0
1781081131.4740043,3530045,350.0
1781081135.0290496,3531293,350.0
1781081135.7025867,3531519,350.0
1781081138.075036,3532364,350.0
1781081140.8944097,3533840,351.0
1781081145.0949206,3535442,351.0
1781081146.8680906,3536086,351.0
1781081152.2935076,3538075,351.0
1781081155.3979187,3539174,351.0
1781081157.5117438,3539945,351.0
1781081163.1738415,3542196,351.0
1781081165.6188936,3543163,351.0
1781081167.929641,3544078,351.0
1781081171.203015,3545245,351.0
1781081174.215244,3546647,351.0
1781081178.527005,3548334,351.0
1781081182.5806088,3549934,351.0
1781081199.5464025,3550393,350.0
1781081203.2045188,3551682,350.0
1781081205.448035,3552847,350.0
1781081210.1439998,3554741,350.0
1781081212.4098575,3555588,350.0
1781081215.609723,3556688,350.0
1781081217.131194,3557216,350.0
1781081221.9916706,3559058,350.0
1781081225.6272886,3560504,350.0
1781081228.6537135,3561574,350.0
1781081231.576112,3562550,350.0
1781081232.890258,3563008,350.0
1781081235.0826051,3564171,350.0
1781081238.8752599,3565644,350.0
1781081241.895353,3566858,350.0
1781081244.7293878,3567918,350.0
1781081248.9074037,3569410,350.0
1781081252.9126241,3570807,350.0
1781081257.7531238,3572657,350.0
1781081258.6247823,3573009,350.0
1781081263.0772088,3574711,350.0
1781081279.6646476,3575597,350.0
1781081283.6636884,3576973,350.0
1781081288.67763,3578986,350.0
1781081292.305074,3580359,350.0
1781081296.3187103,3581726,350.0
1781081296.6217906,3581818,350.0
1781081300.330814,3583526,350.0
1781081303.4718544,3584765,350.0
1781081304.773085,3585286,350.0
1781081310.563109,3587282,350.0
1781081310.8208563,3587374,350.0
1781081314.781056,3588848,350.0
1781081319.3228245,3590652,350.0
1781081321.399975,3591417,350.0
1781081327.576857,3593652,350.0
1781081329.314291,3594311,350.0
1781081331.8955681,3595721,350.0
1781081336.4253156,3597444,350.0
1781081340.9139433,3599018,350.0
1781081356.8914404,3600184,350.0
1781081358.221996,3600662,350.0
1781081361.5325115,3602190,350.0
1781081366.4778018,3604171,350.0
1781081369.2814062,3605258,350.0
1781081375.1697028,3607345,350.0
1781081375.6414115,3607516,350.0
1781081377.9579995,3608423,350.0
1781081381.9417975,3609996,350.0
1781081383.3276098,3610543,350.0
1781081386.1991026,3611568,350.0
1781081389.7005594,3612817,350.0
1781081393.0644917,3614444,350.0
1781081395.9498522,3615600,350.0
1781081397.5677435,3616247,350.0
1781081401.306752,3617623,350.0
1781081406.3499417,3619459,350.0
1781081410.586044,3621137,350.0
1781081415.2761066,3622899,350.0
1781081418.596645,3624072,350.0
1781081420.003546,3624559,350.0
1781081421.0915382,3624959,350.0
1781081435.0216823,3625876,349.0
1781081440.1711283,3627866,349.0
1781081444.652968,3629515,349.0
1781081445.3359523,3629735,349.0
1781081448.3009133,3630863,349.0
1781081451.3537567,3632046,349.0
1781081455.4542813,3633642,349.0
1781081456.5920672,3634340,350.0
1781081460.592492,3635815,350.0
1781081463.1271145,3636789,350.0
1781081466.3080747,3638055,350.0
1781081470.3077602,3639585,350.0
1781081472.833148,3640492,350.0
1781081477.3687236,3642203,350.0
1781081477.6280246,3642295,350.0
1781081481.2725165,3643707,350.0
1781081485.4514039,3645255,350.0
1781081487.7774448,3646379,350.0
1781081490.0683615,3647196,350.0
1781081492.9922135,3648339,350.0
1781081495.196714,3649216,350.0
1781081514.3843877,3650932,349.0
1781081518.1911054,3652256,349.0
1781081519.6767764,3653097,349.0
1781081523.2719567,3654507,349.0
1781081525.8477106,3655516,349.0
1781081530.4513724,3657129,349.0
1781081533.241854,3658096,349.0
1781081536.9338706,3659337,349.0
1781081538.7398682,3660042,349.0
1781081542.6863396,3661576,349.0
1781081546.454886,3662945,349.0
1781081550.4526446,3664326,349.0
1781081551.4731708,3665001,349.0
1781081554.603801,3666152,349.0
1781081558.9459686,3667820,349.0
1781081560.6648061,3668487,349.0
1781081567.007967,3670792,349.0
1781081567.7429602,3671061,349.0
1781081571.191429,3672309,349.0
1781081574.9075832,3673812,349.0
1781081590.9318256,3675408,349.0
1781081591.8934948,3675758,349.0
1781081596.7019622,3677485,349.0
1781081599.0591173,3678304,349.0
1781081603.8362455,3680188,349.0
1781081606.4158006,3681202,349.0
1781081610.6181269,3682705,349.0
1781081613.582927,3683751,349.0
1781081614.4034426,3684382,349.0
1781081618.573296,3686068,349.0
1781081623.1274247,3687789,349.0
1781081624.4615548,3688252,349.0
1781081628.228191,3689646,349.0
1781081629.936678,3690302,349.0
1781081633.3938906,3691684,349.0
1781081638.7996924,3693719,349.0
1781081641.2776055,3694597,349.0
1781081645.550181,3696200,349.0
1781081647.1161494,3697173,349.0
1781081651.9068272,3699032,349.0
1781081670.8098235,3700255,349.0
1781081675.3987935,3702015,349.0
1781081676.4713974,3702444,349.0
1781081679.3017452,3703924,349.0
1781081683.3568418,3705378,349.0
1781081686.4625773,3706481,349.0
1781081690.7682898,3708192,349.0
1781081693.4588456,3709242,349.0
1781081697.325226,3710636,349.0
1781081702.4419875,3712487,349.0
1781081705.4680808,3713688,349.0
1781081708.0832136,3715065,349.0
1781081711.2606044,3716208,349.0
1781081714.463824,3717403,349.0
1781081719.05235,3719195,349.0
1781081723.0004508,3720572,349.0
1781081725.342818,3721396,349.0
1781081726.7577956,3721937,349.0
1781081730.9485648,3723510,349.0
1781081749.7088466,3725264,348.0
1781081754.7864177,3727111,348.0
1781081758.813975,3728562,348.0
1781081763.5940561,3730458,348.0
1781081763.8332543,3730550,348.0
1781081769.102969,3732543,348.0
1781081772.9140043,3734229,349.0
1781081776.8484006,3735769,349.0
1781081778.7319741,3736525,349.0
1781081781.3606508,3737563,349.0
1781081785.3630986,3739004,349.0
1781081789.8487284,3740623,349.0
1781081791.5310009,3741285,349.0
1781081793.7444782,3742167,349.0
1781081796.7562702,3743359,349.0
1781081799.41649,3744283,349.0
1781081801.5590086,3745027,349.0
1781081804.265873,3746367,349.0
1781081806.246444,3747169,349.0
1781081808.3297174,3748007,349.0
1781081810.0290875,3748677,349.0
1781081827.2302053,3750092,348.0
1781081829.2416615,3750890,348.0
1781081833.9241607,3752668,348.0
1781081837.1982324,3754138,348.0
1781081840.7100322,3755511,348.0
1781081845.1060758,3757279,348.0
1781081846.8751462,3757911,348.0
1781081851.9463985,3759780,348.0
1781081854.6841624,3760750,348.0
1781081857.545086,3761908,348.0
1781081861.6595092,3763503,348.0
1781081864.4202626,3764513,348.0
1781081866.2546053,3765499,348.0
1781081870.562367,3767189,348.0
1781081875.5931354,3769164,348.0
1781081879.9029303,3770681,348.0
1781081883.882425,3772091,348.0
1781081885.55061,3772754,348.0
1781081889.7531838,3774425,348.0
1781081909.1057637,3776182,348.0
1781081913.2724574,3777748,348.0
1781081915.524498,3778631,348.0
1781081918.5526612,3779845,348.0
1781081922.8490434,3781403,348.0
1781081927.752548,3783280,348.0
1781081930.8885894,3784870,348.0
1781081935.6568298,3786611,348.0
1781081937.1416514,3787117,348.0
1781081940.6241107,3788347,348.0
1781081944.9492824,3790036,348.0
1781081949.2821517,3791687,348.0
1781081953.4059775,3793144,348.0
1781081957.4918861,3794655,348.0
1781081958.389378,3794992,348.0
1781081961.5038044,3796542,348.0
1781081965.3864577,3797926,348.0
1781081966.6116824,3798344,348.0
1781081970.1972017,3799639,348.0
1781081983.7153769,3800066,348.0
1781081987.6878521,3801506,348.0
1781081990.5121078,3802528,348.0
1781081993.0977187,3803748,348.0
1781081998.2615411,3805603,348.0
1781082000.7163413,3806477,348.0
1781082004.1175013,3807685,348.0
1781082008.993775,3809428,348.0
1781082009.7128596,3809689,348.0
1781082013.944914,3811205,348.0
1781082018.4039307,3812804,348.0
1781082020.2676795,3813479,348.0
1781082025.0973887,3815474,348.0
1781082028.2463682,3816616,348.0
1781082035.567948,3819244,348.0
1781082036.1436093,3819449,348.0
1781082041.9022923,3821514,348.0
1781082044.586175,3822475,348.0
1781082049.8907294,3824384,348.0
1781082050.8377063,3824727,348.0
1781082069.5179656,3826119,347.0
1781082074.3129356,3827829,347.0
1781082078.2731295,3829244,347.0
1781082083.6359692,3831172,347.0
1781082084.6639657,3831536,347.0
1781082087.1492693,3832418,347.0
1781082090.4771285,3833934,347.0
1781082094.2373064,3835282,347.0
1781082096.7238812,3836172,348.0
1781082101.6378686,3837905,348.0
1781082103.494413,3838575,348.0
1781082105.6927323,3839357,348.0
1781082111.829166,3841570,348.0
1781082115.578352,3842906,348.0
1781082117.9508207,3843761,348.0
1781082120.2675085,3844898,348.0
1781082125.0030422,3846573,348.0
1781082129.1276057,3848025,348.0
1781082134.437477,3849925,348.0
1781082148.6952996,3850065,347.0
1781082150.489063,3850711,347.0
1781082153.0832658,3851964,347.0
1781082158.1117427,3853764,347.0
1781082159.4630542,3854243,347.0
1781082162.446398,3855306,347.0
1781082163.6247842,3855733,347.0
1781082167.7830994,3857221,347.0
1781082172.373667,3858828,347.0
1781082174.1025786,3859468,347.0
1781082177.6451116,3860733,347.0
1781082180.6092205,3861781,347.0
1781082183.201197,3863031,347.0
1781082188.197844,3864850,347.0
1781082190.3036568,3865607,347.0
1781082193.1399226,3866605,347.0
1781082195.0615199,3867284,347.0
1781082197.8243613,3868279,347.0
1781082201.902297,3869703,347.0
1781082204.7272851,3870691,347.0
1781082209.0569685,3872236,347.0
1781082212.1571414,3873337,347.0
1781082214.9312017,3874665,347.0
1781082232.4484854,3876391,347.0
1781082235.99325,3877658,347.0
1781082238.4902802,3878544,347.0
1781082242.2948668,3879888,347.0
1781082244.4122694,3880649,347.0
1781082247.7365515,3882156,347.0
1781082250.5802674,3883163,347.0
1781082253.4580147,3884173,347.0
1781082254.5640316,3884569,347.0
1781082258.8510008,3886118,347.0
1781082261.993686,3887231,347.0
1781082265.9846144,3888650,347.0
1781082267.3997815,3889159,347.0
1781082269.8826919,3890047,347.0
1781082273.7432141,3891392,347.0
1781082277.4540668,3893045,347.0
1781082278.4950016,3893421,347.0
1781082284.0246737,3895379,347.0
1781082284.8407407,3895680,347.0
1781082288.8827956,3897136,347.0
1781082294.1527252,3899026,347.0
1781082312.8430014,3900489,347.0
1781082315.183805,3901321,347.0
1781082317.7373877,3902195,347.0
1781082320.4468775,3903098,347.0
1781082325.0748947,3904612,347.0
1781082325.983152,3904911,347.0
1781082330.8660781,3906519,347.0
1781082333.9537568,3907582,347.0
1781082338.9678998,3909373,347.0
1781082341.470931,3910576,347.0
1781082344.508744,3911657,347.0
1781082346.5576632,3912385,347.0
1781082350.5421968,3913811,347.0
1781082354.9507997,3915364,347.0
1781082358.637846,3916665,347.0
1781082362.0295825,3917854,347.0
1781082364.3970928,3918704,347.0
1781082368.3413415,3920099,347.0
1781082372.16512,3921447,347.0
1781082375.7076993,3923036,347.0
1781082379.3645685,3924308,347.0
1781082398.3571866,3925701,346.0
1781082400.2948306,3926389,346.0
1781082404.1736777,3928087,346.0
1781082408.4565983,3929614,346.0
1781082413.3205416,3931366,346.0
1781082415.548354,3932158,346.0
1781082419.3601918,3933508,346.0
1781082424.619475,3935385,346.0
1781082429.5662513,3937113,346.0
1781082431.0441542,3937655,346.0
1781082433.4559991,3938498,346.0
1781082435.9055462,3939663,346.0
1781082439.9942188,3941142,346.0
1781082442.8303368,3942160,346.0
1781082447.0157876,3943630,346.0
1781082451.113343,3945088,346.0
1781082452.0264175,3945407,346.0
1781082455.526526,3946662,346.0
1781082459.59794,3948130,346.0
1781082463.8077977,3949603,346.0
1781082481.589734,3950983,346.0
1781082481.907819,3951095,346.0
1781082485.9848218,3952551,346.0
1781082489.5580542,3953825,346.0
1781082492.1806388,3954839,346.0
1781082494.1114347,3955514,346.0
1781082498.6716692,3957105,346.0
1781082499.8680344,3957834,346.0
1781082503.9936552,3959299,346.0
1781082507.175719,3960420,346.0
1781082508.5276036,3960906,346.0
1781082512.2733595,3962253,346.0
1781082517.533156,3964128,346.0
1781082521.991703,3965716,346.0
1781082524.1891088,3966500,346.0
1781082527.4362829,3967652,346.0
1781082530.1162698,3968619,346.0
1781082532.7759547,3969853,346.0
1781082537.6612995,3971595,346.0
1781082541.0090108,3972781,346.0
1781082544.1329439,3973903,346.0
1781082561.6406982,3975043,346.0
1781082566.7628953,3976873,346.0
1781082570.888523,3978340,346.0
1781082573.6570067,3979324,346.0
1781082579.5930302,3981439,346.0
1781082581.890681,3982264,346.0
1781082585.4079108,3983510,346.0
1781082590.600763,3985383,346.0
1781082593.5339358,3986418,346.0
1781082594.2465556,3986985,346.0
1781082596.916509,3987931,346.0
1781082600.5648167,3989212,346.0
1781082604.8620567,3990744,346.0
1781082608.5338018,3992032,346.0
1781082613.0040224,3993620,346.0
1781082617.1884243,3995088,346.0
1781082620.7235203,3996352,346.0
1781082624.5748456,3997718,346.0
1781082627.6113482,3999121,346.0
1781082629.9734216,3999937,346.0
1781082648.9322588,4001386,345.0
1781082654.062524,4003207,345.0
1781082656.6232827,4004133,345.0
1781082659.6164422,4005509,345.0
1781082662.0383983,4006395,345.0
1781082663.196927,4006804,345.0
1781082665.3204372,4007561,345.0
1781082669.5114713,4009047,345.0
1781082674.3186426,4010771,345.0
1781082676.7491555,4011638,345.0
1781082677.4245222,4011868,345.0
1781082680.2370706,4012835,345.0
1781082685.2037237,4014573,345.0
1781082688.4974723,4015724,345.0
1781082692.8169756,4017569,345.0
1781082693.0785067,4017661,345.0
1781082697.9036388,4019399,345.0
1781082701.3515046,4020616,345.0
1781082704.575857,4021770,345.0
1781082709.6240864,4023590,345.0
1781082712.9194818,4024758,345.0
1781082728.575635,4026066,345.0
1781082734.1949403,4028084,345.0
1781082738.7243686,4029687,345.0
1781082741.9583316,4030856,345.0
1781082742.7178762,4031116,345.0
1781082748.1638873,4033063,345.0
1781082751.1983159,4034449,345.0
1781082755.9505591,4036125,345.0
1781082758.6453397,4037074,345.0
1781082763.0343592,4038644,345.0
1781082766.454526,4039892,345.0
1781082770.5108535,4041350,345.0
1781082772.0561244,4041906,345.0
1781082775.2372487,4043019,345.0
1781082778.9795256,4044358,345.0
1781082783.1749039,4046179,345.0
1781082787.0716999,4047578,345.0
1781082792.077485,4049336,345.0
1781082793.4706385,4049829,345.0
1781082810.1105201,4051114,345.0
1781082814.485226,4052665,345.0
1781082817.8996222,4054183,345.0
1781082821.8759193,4055599,345.0
1781082823.330227,4056126,345.0
1781082826.0245156,4057080,345.0
1781082829.8467855,4058441,345.0
1781082832.3243544,4059315,345.0
1781082835.9184432,4060596,345.0
1781082837.6349053,4061210,345.0
1781082838.2739036,4061431,345.0
1781082842.946047,4063107,345.0
1781082847.6966543,4065117,345.0
1781082849.4425902,4065734,345.0
1781082852.0388613,4066664,345.0
1781082855.815181,4068021,345.0
1781082859.5400684,4069382,345.0
1781082863.2871602,4070713,345.0
1781082866.3902383,4071827,345.0
1781082868.6489234,4072639,345.0
1781082871.6275625,4073693,345.0
1781082890.0584939,4075262,344.0
1781082894.6791048,4076943,344.0
1781082897.4241302,4077920,344.0
1781082901.1431854,4079246,344.0
1781082902.6364596,4079774,344.0
1781082907.4624593,4081500,344.0
1781082910.2418149,4082788,344.0
1781082914.8072464,4084395,344.0
1781082917.2523367,4085264,344.0
1781082919.726086,4086152,344.0
1781082924.0906432,4087691,344.0
1781082928.2376595,4089182,344.0
1781082929.6901634,4089705,344.0
1781082932.5358603,4090721,344.0
1781082936.1732876,4091984,344.0
1781082941.1049466,4093725,344.0
1781082944.0056887,4095071,344.0
1781082946.6096387,4096013,344.0
1781082950.4803498,4097392,344.0
1781082954.1234457,4098742,344.0
1781082972.370572,4100110,344.0
1781082976.1147847,4101446,344.0
1781082980.9339979,4103139,344.0
1781082985.190349,4104654,344.0
1781082985.9777167,4104931,344.0
1781082991.487099,4106901,344.0
1781082996.5956845,4108713,344.0
1781082999.1395886,4109624,344.0
1781083001.1692128,4110358,344.0
1781083005.1943495,4112102,344.0
1781083009.3735158,4113616,344.0
1781083011.4978116,4114379,344.0
1781083014.312687,4115381,344.0
1781083016.15592,4116048,344.0
1781083018.2359562,4116796,344.0
1781083022.7131684,4118408,344.0
1781083027.517778,4120164,344.0
1781083029.9289713,4121025,344.0
1781083031.6201935,4121636,344.0
1781083034.0599651,4122523,344.0
1781083036.581816,4123760,344.0
1781083057.0984106,4125242,344.0
1781083058.1997643,4125647,344.0
1781083064.9416902,4128075,344.0
1781083066.8925617,4128801,344.0
1781083070.225645,4130361,344.0
1781083074.174776,4131794,344.0
1781083078.64838,4133393,344.0
1781083082.8164823,4134894,344.0
1781083085.9669983,4136022,344.0
1781083088.36938,4136892,344.0
1781083092.7184348,4138439,344.0
1781083096.6592226,4139825,344.0
1781083099.4915411,4141139,344.0
1781083100.3130674,4141435,344.0
1781083105.277121,4143196,344.0
1781083108.4149997,4144335,344.0
1781083113.9151917,4146305,344.0
1781083119.5910554,4148335,344.0
1781083119.9017541,4148445,344.0
1781083124.032459,4149924,344.0
1781083141.7931817,4151292,343.0
1781083145.6745982,4152664,343.0
1781083146.8985727,4153109,343.0
1781083149.963081,4154188,343.0
1781083154.4200683,4155786,343.0
1781083158.4185393,4157212,343.0
1781083162.41961,4158668,344.0
1781083165.049598,4159921,344.0
1781083167.3869681,4160761,344.0
1781083171.5216322,4162237,344.0
1781083174.0133688,4163128,344.0
1781083179.7573514,4165159,344.0
1781083183.9942732,4166666,344.0
1781083186.2287455,4167452,344.0
1781083190.4463553,4168977,344.0
1781083192.395347,4169676,344.0
1781083195.556106,4171118,344.0
1781083197.9340034,4171955,344.0
1781083200.076618,4172712,344.0
1781083202.233787,4173497,344.0
1781083214.6741514,4175052,343.0
1781083217.9564302,4176209,343.0
1781083219.1532412,4176641,343.0
1781083222.1943948,4177744,343.0
1781083225.375946,4179205,343.0
1781083229.5474606,4180705,343.0
1781083232.3719518,4181725,343.0
1781083236.4368863,4183183,343.0
1781083238.944022,4184102,343.0
1781083242.2928119,4185318,343.0
1781083243.8632095,4185870,343.0
1781083249.384325,4187840,343.0
1781083250.5725935,4188277,343.0
1781083254.2416298,4189583,343.0
1781083258.2631912,4191355,343.0
1781083260.5520835,4192171,343.0
1781083265.8943877,4194105,343.0
1781083267.6291296,4194745,343.0
1781083270.6372325,4195811,343.0
1781083273.9421875,4196992,343.0
1781083279.6752703,4199075,344.0
1781083294.9114718,4200328,343.0
1781083296.093155,4200744,343.0
1781083301.6131384,4202717,343.0
1781083305.2002788,4204031,343.0
1781083310.3730357,4205905,343.0
1781083313.0669487,4206864,343.0
1781083318.3125427,4208740,343.0
1781083320.4689744,4209513,343.0
1781083323.0196912,4210753,343.0
1781083328.316834,4212630,343.0
1781083331.0720823,4213607,343.0
1781083333.9015598,4214609,343.0
1781083336.6362467,4215591,343.0
1781083341.4775848,4217313,343.0
1781083345.1898956,4218605,343.0
1781083349.1735706,4220036,343.0
1781083352.117033,4221392,343.0
1781083354.2102752,4222132,343.0
1781083359.514163,4224010,343.0
1781083377.4410288,4225442,343.0
1781083381.7470953,4226982,343.0
1781083385.8585799,4228771,343.0
1781083386.110261,4228863,343.0
1781083389.6050253,4230131,343.0
1781083392.456343,4231150,343.0
1781083396.7147584,4232710,343.0
1781083397.8416317,4233105,343.0
1781083403.3302877,4235082,343.0
1781083407.3131485,4236526,343.0
1781083410.4599342,4237657,343.0
1781083415.4080534,4239448,343.0
1781083417.4044101,4240480,343.0
1781083422.1383598,4242152,343.0
1781083425.3330586,4243292,343.0
1781083430.6596875,4245201,343.0
1781083434.6010392,4246607,343.0
1781083436.5043423,4247278,343.0
1781083440.5173771,4248726,343.0
1781083442.7937055,4249521,343.0
1781083458.1459584,4251134,343.0
1781083459.4477828,4251813,343.0
1781083464.0785291,4254277,343.0
1781083464.6511316,4254571,343.0
1781083467.414264,4256024,343.0
1781083471.1700182,4258019,343.0
1781083473.2463803,4259106,343.0
1781083475.6218793,4260357,343.0
1781083477.8946505,4262037,343.0
1781083481.4569929,4263937,343.0
1781083484.6542237,4265615,343.0
1781083485.8320699,4266232,343.0
1781083487.2316196,4266957,343.0
1781083490.2557554,4268544,343.0
1781083493.6109736,4270322,343.0
1781083496.4001682,4271770,343.0
1781083499.566652,4273440,343.0
1781083501.7060235,4274584,343.0
1781083520.2303224,4275850,343.0
1781083524.625666,4277377,343.0
1781083528.1302028,4278602,343.0
1781083531.5515625,4279792,343.0
1781083533.8354523,4280590,343.0
1781083536.1657963,4281405,343.0
1781083539.1414988,4282457,343.0
1781083540.973481,4283097,343.0
1781083544.1756966,4284530,343.0
1781083545.9677482,4285147,343.0
1781083549.3047714,4286333,343.0
1781083552.6629963,4287509,343.0
1781083556.2614706,4288767,343.0
1781083558.276716,4289470,343.0
1781083562.6803832,4290992,343.0
1781083564.650178,4291697,343.0
1781083569.7314005,4293471,343.0
1781083573.9404812,4295280,343.0
1781083576.3347795,4296518,343.0
1781083577.960834,4297333,343.0
1781083579.4160151,4298047,343.0
1781083582.4012156,4299597,343.0
1781083596.644884,4301313,343.0
1781083597.7867956,4301699,343.0
1781083601.3952382,4303041,343.0
1781083601.6589403,4303133,343.0
1781083604.3513982,4304573,343.0
1781083608.3013806,4306029,343.0
1781083612.4249287,4307463,343.0
1781083613.9832244,4308007,343.0
1781083617.1818442,4309281,343.0
1781083620.8189077,4310727,343.0
1781083623.8550308,4311811,343.0
1781083626.5619457,4312711,343.0
1781083628.7941842,4313522,343.0
1781083632.1706662,4314680,343.0
1781083635.8004208,4316062,343.0
1781083638.223051,4317402,343.0
1781083643.2332628,4319246,343.0
1781083644.9261127,4319806,343.0
1781083647.4808671,4320691,343.0
1781083649.7001486,4321529,343.0
1781083653.3986619,4322967,343.0
1781083655.0662692,4323626,343.0
1781083673.55101,4325296,343.0
1781083673.831212,4325388,343.0
1781083679.0099401,4327279,343.0
1781083682.5020692,4328649,343.0
1781083684.4095356,4329392,343.0
1781083687.6119444,4330542,343.0
1781083692.872884,4332341,343.0
1781083697.2257223,4334059,343.0
1781083698.7929184,4334688,343.0
1781083699.6986609,4335336,343.0
1781083706.3462353,4337654,343.0
1781083708.2289293,4338389,343.0
1781083712.9728484,4340253,343.0
1781083714.395627,4340812,343.0
1781083717.7851214,4342024,343.0
1781083719.446967,4342630,343.0
1781083723.3277857,4344092,343.0
1781083728.1550727,4346010,343.0
1781083732.0089352,4347725,343.0
1781083734.8435493,4348715,343.0
1781083751.9112043,4350021,343.0
1781083753.158554,4350508,343.0
1781083757.5804584,4352255,343.0
1781083761.1963685,4353560,343.0
1781083763.926319,4354913,343.0
1781083767.9054272,4356348,343.0
1781083769.1740427,4356838,343.0
1781083772.5765865,4358169,343.0
1781083775.9650357,4359469,343.0
1781083779.8787181,4360838,343.0
1781083783.0259094,4361923,343.0
1781083786.3569949,4363224,343.0
1781083788.6340504,4364109,343.0
1781083791.757338,4365634,343.0
1781083793.9131184,4367243,343.0
1781083795.6954007,4368179,343.0
1781083797.649219,4369195,343.0
1781083800.7838352,4370823,343.0
1781083803.1667547,4372063,343.0
1781083804.8347185,4372943,343.0
1781083818.2753756,4375337,343.0
1781083819.3304021,4375884,343.0
1781083820.7060184,4376587,343.0
1781083825.6880305,4379115,343.0
1781083828.175734,4380285,343.0
1781083830.7237084,4381188,343.0
1781083833.9061437,4382449,343.0
1781083839.2004151,4384447,343.0
1781083844.8515103,4386399,343.0
1781083848.415451,4387777,343.0
1781083851.2090626,4388876,343.0
1781083854.247076,4389988,343.0
1781083857.8552659,4391247,343.0
1781083860.4963126,4392575,343.0
1781083863.229446,4393633,343.0
1781083866.546135,4394928,343.0
1781083868.0255558,4395453,343.0
1781083872.6638143,4397060,343.0
1781083874.482575,4397708,343.0
1781083877.5590918,4398928,343.0
1781083894.1284885,4400606,343.0
1781083895.2204137,4401023,343.0
1781083899.9192944,4402674,343.0
1781083902.8070335,4403673,343.0
1781083908.034447,4405689,343.0
1781083912.1072884,4407200,343.0
1781083914.2553136,4407949,343.0
1781083917.3275113,4409047,343.0
1781083920.471251,4410198,343.0
1781083920.8564062,4410338,343.0
1781083925.390954,4412432,343.0
1781083928.5840414,4413546,343.0
1781083931.3943102,4414678,343.0
1781083935.4685163,4416830,343.0
1781083937.2116432,4417744,343.0
1781083939.53414,4418949,343.0
1781083941.127318,4419780,343.0
1781083944.5513594,4421574,343.0
1781083947.4044178,4423081,343.0
1781083950.3351521,4424636,343.0
1781083960.5738642,4425518,343.0
1781083961.7619033,4426148,343.0
1781083965.0944822,4427894,343.0
1781083967.7989302,4429254,343.0
1781083971.7638025,4430720,343.0
1781083975.021958,4431857,343.0
1781083978.727444,4433179,343.0
1781083982.4767811,4434507,343.0
1781083983.866474,4434986,343.0
1781083988.551878,4436966,343.0
1781083990.0235744,4437474,343.0
1781083994.1794162,4438931,343.0
1781083999.1062958,4440680,343.0
1781084002.7374597,4441973,343.0
1781084004.8475187,4442704,343.0
1781084009.27642,4444291,343.0
1781084013.2257154,4445680,343.0
1781084015.741038,4446863,343.0
1781084019.6955295,4448239,343.0
1781084039.2417645,4450062,343.0
1781084041.3828533,4450801,343.0
1781084043.7553196,4451646,343.0
1781084048.0421057,4453520,343.0
1781084053.139956,4455316,343.0
1781084055.2014804,4456045,343.0
1781084061.1216588,4458143,343.0
1781084063.3425562,4458925,343.0
1781084068.9584105,4460931,343.0
1781084074.0758047,4462776,343.0
1781084076.057959,4463492,343.0
1781084078.520646,4464679,343.0
1781084081.9944065,4465894,343.0
1781084086.3632214,4467467,343.0
1781084089.08255,4468449,343.0
1781084090.8929505,4469089,343.0
1781084097.6039643,4471483,343.0
1781084098.2126353,4471698,343.0
1781084101.9924002,4473057,343.0
1781084106.6566608,4474704,343.0
1781084124.2300348,4475735,342.0
1781084128.0171485,4477106,342.0
1781084131.3953028,4478327,342.0
1781084136.682409,4480183,342.0
1781084139.945235,4481333,342.0
1781084140.7804985,4481620,342.0
1781084141.856523,4482313,342.0
1781084144.6801217,4483321,342.0
1781084149.0113595,4484880,342.0
1781084152.1168776,4485965,342.0
1781084157.1278176,4487768,343.0
1781084160.1263683,4488822,343.0
1781084162.413243,4489648,343.0
1781084166.7256935,4491177,343.0
1781084169.623328,4492196,343.0
1781084173.7761664,4493951,343.0
1781084176.3652744,4494875,343.0
1781084180.2750962,4496264,343.0
1781084185.4538383,4498108,343.0
1781084189.9248047,4499690,343.0
1781084207.5962076,4500430,342.0
1781084210.853297,4501591,342.0
1781084214.2284567,4502770,342.0
1781084216.1772242,4503459,342.0
1781084221.0610065,4505196,342.0
1781084223.3340528,4505997,342.0
1781084225.255264,4506674,342.0
1781084229.885719,4508326,342.0
1781084232.7907658,4509371,342.0
1781084235.8845708,4510507,342.0
1781084238.1443813,4511747,342.0
1781084240.8722231,4512850,342.0
1781084244.4216602,4514115,342.0
1781084249.5598834,4515973,342.0
1781084253.5257325,4517523,342.0
1781084259.621148,4519751,342.0
1781084261.340155,4520361,342.0
1781084265.3030617,4521823,342.0
1781084269.018424,4523664,342.0
1781084271.6001823,4524632,342.0
1781084283.6772392,4525236,342.0
1781084285.2956805,4525829,342.0
1781084287.4955041,4526605,342.0
1781084291.6163464,4528093,342.0
1781084293.9623458,4528948,342.0
1781084298.3671746,4530583,342.0
1781084300.2418172,4531274,342.0
1781084302.1775105,4532204,342.0
1781084304.667046,4533014,342.0
1781084309.1830103,4534583,342.0
1781084311.661588,4535429,342.0
1781084317.1495564,4537383,342.0
1781084317.3980246,4537475,342.0
1781084320.1664588,4538579,342.0
1781084323.274784,4539795,342.0
1781084328.1190035,4541548,342.0
1781084330.1815321,4542241,342.0
1781084332.494517,4543395,342.0
1781084336.5154629,4544985,342.0
1781084340.5898001,4546457,342.0
1781084344.236739,4547693,342.0
1781084345.5491142,4548134,342.0
1781084349.434714,4549595,342.0
1781084365.444106,4551221,342.0
1781084367.9851158,4552201,342.0
1781084373.7281823,4554221,342.0
1781084377.0463696,4555429,342.0
1781084380.4967327,4556787,342.0
1781084384.8006637,4558398,342.0
1781084390.3456717,4560323,342.0
1781084394.2781339,4561816,342.0
1781084396.4559882,4563017,342.0
1781084398.6123126,4563807,342.0
1781084402.1179643,4565074,342.0
1781084406.384717,4566729,342.0
1781084409.7269921,4567927,342.0
1781084411.660657,4568610,342.0
1781084415.5918753,4570026,342.0
1781084418.180159,4571039,342.0
1781084421.8230984,4572468,342.0
1781084425.5837634,4573786,342.0
1781084427.527121,4574733,342.0
1781084443.509344,4575703,342.0
1781084446.6260104,4576944,342.0
1781084448.2743943,4577582,342.0
1781084452.164782,4579035,342.0
1781084457.8174462,4580997,342.0
1781084460.4600494,4582335,342.0
1781084464.5701227,4583923,342.0
1781084469.161903,4585542,342.0
1781084473.266841,4586982,342.0
1781084474.3219168,4587393,342.0
1781084477.423699,4588617,342.0
1781084480.7644951,4589889,342.0
1781084484.7680693,4591298,342.0
1781084488.7502837,4592694,342.0
1781084491.0644252,4593877,342.0
1781084493.2051978,4594629,342.0
1781084496.287718,4595816,342.0
1781084499.2144246,4596976,342.0
1781084504.149364,4598762,342.0
1781084505.7027035,4599306,342.0
1781084522.2794619,4600606,342.0
1781084527.0818903,4602467,342.0
1781084531.041363,4604009,342.0
1781084534.9492486,4605365,342.0
1781084536.2262716,4605811,342.0
1781084538.241966,4606533,342.0
1781084542.0263379,4608064,342.0
1781084544.2616408,4608948,342.0
1781084551.1975198,4611396,342.0
1781084552.7835171,4611960,342.0
1781084556.6502128,4613836,342.0
1781084559.5623424,4614945,342.0
1781084563.2260096,4616227,342.0
1781084567.1268556,4617613,342.0
1781084570.46619,4618918,342.0
1781084574.884584,4620611,342.0
1781084577.3671584,4621454,342.0
1781084581.452131,4622867,342.0
1781084582.5797453,4623272,342.0
1781084585.0886505,4624611,342.0
1781084607.7572985,4626020,341.0
1781084616.8546343,4629886,341.0
1781084620.2008817,4631228,341.0
1781084625.8382452,4633335,341.0
1781084627.1621675,4633819,341.0
1781084631.4769735,4635406,341.0
1781084634.1438923,4636464,341.0
1781084638.552981,4638154,341.0
1781084641.8628516,4639282,341.0
1781084645.0902724,4640411,341.0
1781084646.428,4640938,341.0
1781084647.5055373,4641741,341.0
1781084649.0237415,4642340,341.0
1781084653.9737349,4644220,341.0
1781084655.8813193,4644884,341.0
1781084660.41372,4646537,341.0
1781084664.8866453,4648304,341.0
1781084682.4126728,4650059,341.0
1781084683.640405,4650498,341.0
1781084690.2576246,4652951,341.0
1781084691.874857,4653581,341.0
1781084695.0513017,4654837,341.0
1781084700.9514194,4656951,341.0
1781084701.8735304,4657266,341.0
1781084707.384047,4659425,341.0
1781084709.3313222,4660190,341.0
1781084712.1907802,4661605,341.0
1781084716.960661,4663304,341.0
1781084720.405784,4664628,341.0
1781084723.6765869,4665771,341.0
1781084727.4125543,4667057,341.0
1781084730.9571264,4668444,341.0
1781084735.0195966,4670029,341.0
1781084737.7682405,4670997,341.0
1781084741.798306,4672424,341.0
1781084744.709405,4673911,341.0
1781084761.1077163,4675494,341.0
1781084763.9239552,4676598,341.0
1781084768.6952772,4678225,341.0
1781084772.350278,4679543,341.0
1781084773.4817858,4680345,341.0
1781084777.6747272,4682012,341.0
1781084782.1291463,4683611,341.0
1781084785.2515748,4684713,341.0
1781084787.6018097,4685633,341.0
1781084792.3159566,4687498,341.0
1781084797.0438023,4689167,341.0
1781084801.1666913,4690604,341.0
1781084805.3698459,4692256,341.0
1781084806.1492653,4692890,341.0
1781084810.1359596,4694286,341.0
1781084814.610181,4695899,341.0
1781084817.2988968,4696945,341.0
1781084822.1607316,4698771,341.0
1781084825.4585524,4699922,341.0
1781084841.063006,4701198,341.0
1781084845.0982418,4702729,341.0
1781084849.1447878,4704327,341.0
1781084853.096735,4705723,341.0
1781084855.1487653,4706483,341.0
1781084858.6866426,4707842,341.0
1781084862.6953723,4709441,341.0
1781084868.085837,4711450,341.0
1781084871.763379,4713090,341.0
1781084875.9608955,4714723,341.0
1781084876.7319224,4715017,341.0
1781084881.794379,4716877,341.0
1781084885.6279528,4718208,341.0
1781084888.579477,4719332,341.0
1781084891.0749352,4720306,341.0
1781084894.4883332,4721648,341.0
1781084896.4024317,4722366,341.0
1781084901.2443173,4724410,341.0
1781084916.1472697,4725015,341.0
1781084920.952385,4726848,341.0
1781084922.2516654,4727341,341.0
1781084925.9506917,4728714,341.0
1781084929.4429388,4729941,341.0
1781084934.0534978,4731945,341.0
1781084934.3219247,4732037,341.0
1781084938.9888425,4733867,341.0
1781084943.789224,4735551,341.0
1781084948.2583232,4737213,341.0
1781084952.371634,4738847,341.0
1781084955.1056232,4739872,341.0
1781084958.152766,4740920,341.0
1781084960.3889284,4741720,341.0
1781084963.6663754,4742932,341.0
1781084965.5570219,4744021,341.0
1781084967.3814552,4744729,341.0
1781084971.1043277,4746104,341.0
1781084976.2099843,4747912,341.0
1781084978.3744733,4748784,341.0
1781084993.6911077,4750224,341.0
1781084995.5435321,4750959,341.0
1781084997.2993088,4751997,341.0
1781085000.1562617,4753010,341.0
1781085004.942278,4754710,341.0
1781085008.363204,4756078,341.0
1781085009.9399936,4756681,341.0
1781085013.2984083,4757965,341.0
1781085016.2735243,4758989,341.0
1781085019.9837801,4760329,341.0
1781085021.5695457,4760963,341.0
1781085023.6344824,4761786,341.0
1781085026.3319902,4762861,341.0
1781085028.9198887,4764145,341.0
1781085033.4374135,4765733,341.0
1781085036.401012,4766860,341.0
1781085038.555817,4767703,341.0
1781085041.7096834,4768936,341.0
1781085043.4920988,4769552,341.0
1781085048.210347,4771196,341.0
1781085049.767451,4771719,341.0
1781085052.4634094,4772739,341.0
1781085055.2739727,4773723,341.0
1781085068.7392938,4775164,341.0
1781085072.055126,4776471,341.0
1781085075.2749612,4777775,341.0
1781085075.75085,4777963,341.0
1781085079.043226,4779118,341.0
1781085083.0971472,4780555,341.0
1781085086.1430035,4781737,341.0
1781085089.9243279,4783242,341.0
1781085093.2156572,4784764,341.0
1781085096.9178462,4786091,341.0
1781085100.0724323,4787295,341.0
1781085104.7130475,4789157,341.0
1781085105.8614423,4789576,341.0
1781085110.9662871,4791390,341.0
1781085113.5248852,4792351,341.0
1781085118.1797764,4794222,341.0
1781085120.0374978,4794955,341.0
1781085122.283614,4796185,341.0
1781085126.8161082,4797867,341.0
1781085127.135658,4797984,341.0
1781085129.4660425,4798825,341.0
1781085146.5107017,4800651,341.0
1781085148.4731147,4801427,341.0
1781085151.517341,4802633,341.0
1781085154.3097126,4804075,341.0
1781085157.8482852,4805334,341.0
1781085162.2797165,4806974,341.0
1781085163.9849355,4807652,341.0
1781085170.5444455,4810177,341.0
1781085171.2623813,4810434,341.0
1781085175.4236736,4811908,341.0
1781085178.5975614,4813145,341.0
1781085183.2712588,4815004,341.0
1781085185.1290567,4815752,341.0
1781085188.3563323,4817315,341.0
1781085192.2666457,4818713,341.0
1781085196.346949,4820232,341.0
1781085199.9316928,4821657,341.0
1781085201.1012304,4822112,341.0
1781085205.061162,4823528,341.0
1781085208.9623966,4824939,341.0
1781085221.3449872,4825649,341.0
1781085226.062337,4827305,341.0
1781085228.8986793,4828322,341.0
1781085230.9040709,4829127,341.0
1781085235.6505532,4830999,341.0
1781085238.5802307,4832058,341.0
1781085243.2526917,4833685,341.0
1781085245.5352964,4834560,341.0
1781085246.8895245,4835092,341.0
1781085250.209374,4836761,341.0
1781085254.261283,4838233,341.0
1781085257.9924085,4839551,341.0
1781085258.5869944,4839774,341.0
1781085262.6942072,4841416,341.0
1781085265.8315203,4842678,341.0
1781085268.5256162,4843711,341.0
1781085272.21463,4845035,341.0
1781085276.5433216,4846597,341.0
1781085279.7642946,4847858,341.0
1781085282.8742425,4849421,341.0
1781085297.2681057,4850133,340.0
1781085302.755793,4852102,340.0
1781085306.4127414,4853518,341.0
1781085308.6718397,4854435,341.0
1781085311.4710622,4855534,341.0
1781085312.6303856,4856263,341.0
1781085315.657374,4857346,341.0
1781085318.2696853,4858311,341.0
1781085319.6184223,4858842,341.0
1781085322.478142,4859978,341.0
1781085327.8686898,4861992,341.0
1781085331.7872212,4863372,341.0
1781085334.6893044,4864480,341.0
1781085336.433551,4865136,341.0
1781085341.3436863,4866851,341.0
1781085344.1483395,4868191,341.0
1781085348.0554001,4869748,341.0
1781085350.8556142,4870809,341.0
1781085353.6385427,4871753,341.0
1781085357.9364724,4873240,341.0
1781085361.8067508,4874730,341.0
1781085373.8157556,4875624,340.0
1781085377.0816386,4877285,340.0
1781085380.436733,4878557,340.0
1781085384.872862,4880100,340.0
1781085388.9605725,4881594,340.0
1781085391.9792788,4882805,341.0
1781085394.0312517,4883609,341.0
1781085395.655149,4884191,341.0
1781085400.6410894,4885913,341.0
1781085403.3975282,4886916,341.0
1781085405.6193018,4888166,341.0
1781085407.8743355,4889064,341.0
1781085412.3308253,4890707,341.0
1781085416.274479,4892138,341.0
1781085418.5822482,4893041,341.0
1781085421.462705,4894164,341.0
1781085424.2493,4895246,341.0
1781085428.0175667,4896721,341.0
1781085430.1507926,4897572,341.0
1781085434.5327442,4899161,341.0
1781085436.7324016,4899943,341.0
1781085453.6684723,4901291,340.0
1781085455.992699,4902215,340.0
1781085458.9147236,4903398,340.0
1781085460.5223365,4904016,340.0
1781085467.778117,4906627,340.0
1781085468.293113,4906823,340.0
1781085471.18539,4908298,340.0
1781085472.698336,4908883,340.0
1781085478.8664622,4911105,340.0
1781085480.4056973,4911660,340.0
1781085482.8570235,4912549,340.0
1781085486.2864187,4913899,340.0
1781085491.304394,4915881,340.0
1781085496.0082371,4917710,340.0
1781085496.9136415,4918095,340.0
1781085501.3512645,4920899,341.0
1781085502.2154615,4921355,341.0
1781085504.9359014,4922792,341.0
1781085508.0472093,4924439,341.0
1781085522.0845814,4926150,340.0
1781085523.3018456,4926779,340.0
1781085526.295522,4928310,340.0
1781085530.1196866,4930281,341.0
1781085531.219692,4930846,341.0
1781085534.455877,4932936,341.0
1781085537.3621926,4934388,341.0
1781085540.7083054,4936056,341.0
1781085544.0491548,4937690,341.0
1781085548.1711369,4939624,341.0
1781085549.7231777,4940440,341.0
1781085551.4115562,4941278,341.0
1781085554.2060113,4942657,341.0
1781085557.2756085,4944262,341.0
1781085560.5384576,4945906,341.0
1781085563.529182,4946953,341.0
1781085568.2582989,4949014,341.0
1781085570.5338833,4949907,341.0
1781085585.9335053,4951370,341.0
1781085589.082856,4952615,341.0
1781085592.7768044,4953891,341.0
1781085595.3843443,4955129,341.0
1781085595.7627068,4955249,341.0
1781085599.6196682,4956772,341.0
1781085601.5338721,4957527,341.0
1781085604.3014588,4958568,341.0
1781085606.80048,4959439,341.0
1781085611.3563972,4961068,341.0
1781085615.002264,4962510,341.0
1781085619.6122372,4964271,341.0
1781085621.4022756,4964885,341.0
1781085625.2049189,4966247,341.0
1781085627.664119,4967506,341.0
1781085631.886417,4969184,341.0
1781085635.0609717,4970289,341.0
1781085639.7566304,4971913,341.0
1781085641.273484,4972485,341.0
1781085643.4450865,4973322,341.0
1781085646.9554899,4974701,341.0
1781085663.2165523,4976223,341.0
1781085668.7157958,4978169,341.0
1781085669.580956,4978464,341.0
1781085673.2927284,4979735,341.0
1781085676.4889958,4980950,341.0
1781085680.485118,4982503,341.0
1781085684.2264705,4983809,341.0
1781085688.5450327,4985286,341.0
1781085690.9814456,4986484,341.0
1781085696.8563554,4988564,341.0
1781085700.9177248,4990191,341.0
1781085703.6799614,4991290,341.0
1781085706.9065728,4992490,341.0
1781085710.161004,4993694,341.0
1781085712.4114046,4994481,341.0
1781085718.1033392,4996727,341.0
1781085719.7634618,4997389,341.0
1781085722.0595934,4998196,341.0
1781085725.6056361,4999746,341.0
1781085741.3009353,5001190,340.0
1781085743.9994764,5002241,340.0
1781085747.3484836,5003563,340.0
1781085751.4418743,5005086,340.0
1781085753.0043757,5005947,341.0
1781085756.4692132,5007191,341.0
1781085759.465059,5008372,341.0
1781085763.4260657,5009909,341.0
1781085766.4996188,5010983,341.0
1781085769.7154708,5012107,341.0
1781085772.7271414,5013248,341.0
1781085774.8687181,5014086,341.0
1781085775.2659361,5014239,341.0
1781085779.719693,5015943,341.0
1781085783.3258471,5017211,341.0
1781085786.6835396,5018784,341.0
1781085790.7322173,5020339,341.0
1781085795.308397,5021984,341.0
1781085796.705121,5022473,341.0
1781085800.9218357,5023939,341.0
1781085816.86172,5025178,340.0
1781085817.8162165,5025921,340.0
1781085823.266616,5027976,340.0
1781085829.9009945,5030295,340.0
1781085831.3207002,5030850,340.0
1781085833.8636398,5031855,340.0
1781085837.4107602,5033203,340.0
1781085838.258734,5033504,340.0
1781085846.6463954,5036413,340.0
1781085847.8430765,5036884,340.0
1781085850.4035761,5038223,340.0
1781085856.0028524,5040173,340.0
1781085859.2574093,5041270,340.0
1781085862.1372378,5042396,340.0
1781085864.9141505,5043472,340.0
1781085869.3021693,5045039,340.0
1781085871.8494565,5045911,340.0
1781085876.9548,5047764,340.0
1781085879.871176,5049294,341.0
1781085881.189334,5049804,341.0
1781085897.3879988,5050708,340.0
1781085898.8327975,5051194,340.0
1781085901.8563364,5052232,340.0
1781085907.104722,5054205,340.0
1781085909.7733824,5055270,340.0
1781085912.7059853,5056781,340.0
1781085915.6309793,5057896,340.0
1781085920.0519545,5059513,340.0
1781085920.3952327,5059633,340.0
1781085924.1822398,5061072,340.0
1781085928.872723,5062960,340.0
1781085933.2621891,5064539,340.0
1781085938.0623333,5066382,340.0
1781085938.6397374,5066682,340.0
1781085941.3482845,5068109,340.0
1781085943.0163028,5069470,340.0
1781085945.3139005,5070676,340.0
1781085947.2405481,5071697,340.0
1781085949.4941013,5072871,341.0
1781085950.479099,5073389,341.0
1781085951.332719,5073840,341.0
1781085953.4900804,5074984,341.0
1781085966.306512,5076954,340.0
1781085969.3223681,5078551,340.0
1781085969.6832185,5078737,340.0
1781085973.0443761,5080505,340.0
1781085975.7548153,5082434,341.0
1781085976.7970095,5082979,341.0
1781085980.046647,5084683,341.0
1781085980.9189513,5085097,341.0
1781085984.619968,5086529,341.0
1781085987.247052,5087459,341.0
1781085991.4004867,5088942,341.0
1781085995.077443,5090255,341.0
1781085998.4930422,5091479,341.0
1781086002.942861,5093090,341.0
1781086005.751873,5094436,341.0
1781086010.7677233,5096243,341.0
1781086013.4360178,5097201,341.0
1781086017.8587306,5098783,341.0
1781086020.8965957,5099900,341.0
1781086040.4660716,5100814,340.0
1781086043.333611,5101849,340.0
1781086049.3670647,5104035,340.0
1781086049.6174922,5104127,340.0
1781086052.3601747,5105199,340.0
1781086056.3201964,5106581,340.0
1781086060.3186352,5107998,340.0
1781086061.9938061,5108600,340.0
1781086066.2785442,5110149,340.0
1781086070.1065907,5111872,340.0
1781086072.0023534,5112560,340.0
1781086079.4949374,5115302,340.0
1781086080.0970855,5115522,340.0
1781086084.1462379,5116982,340.0
1781086086.9098165,5117998,340.0
1781086091.383618,5119601,340.0
1781086094.5466442,5120743,340.0
1781086096.0868871,5121298,340.0
1781086098.6926165,5122255,340.0
1781086100.955283,5123057,340.0
1781086102.0073175,5123742,340.0
1781086121.7602413,5125362,340.0
1781086125.1255896,5126555,340.0
1781086128.1268706,5127611,340.0
1781086132.2114444,5129062,340.0
1781086134.5684435,5130372,340.0
1781086140.060471,5132332,340.0
1781086142.4176176,5133160,340.0
1781086144.5223281,5133919,340.0
1781086147.8703992,5135236,340.0
1781086150.5270085,5136286,340.0
1781086155.2342997,5137957,340.0
1781086157.7074957,5138815,340.0
1781086161.8074727,5140368,340.0
1781086164.1449134,5141638,340.0
1781086168.8512444,5143355,340.0
1781086172.0208669,5144477,340.0
1781086174.5111759,5145412,340.0
1781086176.6986532,5146276,340.0
1781086181.1213064,5148020,340.0
1781086183.6298099,5148883,340.0
1781086201.9889748,5150796,340.0
1781086204.8385224,5151941,340.0
1781086207.8998177,5153139,340.0
1781086212.5577815,5154838,340.0
1781086216.0883694,5156090,340.0
1781086219.3235667,5157213,340.0
1781086222.7935765,5158502,340.0
1781086226.3039024,5159916,340.0
1781086231.420675,5162085,340.0
1781086234.460811,5163154,340.0
1781086238.0559719,5164582,340.0
1781086240.1562688,5165672,340.0
1781086242.6694744,5166987,340.0
1781086245.527151,5168466,340.0
1781086248.5332289,5170039,340.0
1781086249.086088,5170321,340.0
1781086250.6099699,5171108,340.0
1781086253.8557794,5172820,340.0
1781086255.4708562,5173656,340.0
1781086266.9953034,5175558,340.0
1781086268.5577395,5176367,340.0
1781086270.8788595,5177539,340.0
1781086274.1545084,5179146,340.0
1781086276.7537549,5180388,340.0
1781086278.3728976,5181124,340.0
1781086280.3737109,5182039,340.0
1781086284.6016393,5184025,340.0
1781086285.3592117,5184398,340.0
1781086286.8360147,5185134,340.0
1781086290.9391475,5187286,340.0
1781086296.0818205,5189094,340.0
1781086297.4194674,5189538,340.0
1781086299.2198358,5190223,340.0
1781086301.0091293,5190930,340.0
1781086302.6252935,5191558,340.0
1781086305.2573802,5192598,340.0
1781086308.1787171,5193661,340.0
1781086310.8316312,5194612,340.0
1781086315.4444873,5196299,340.0
1781086319.5037222,5197901,340.0
1781086321.5230138,5198656,340.0
1781086333.6979878,5200063,340.0
1781086335.3820193,5200683,340.0
1781086339.989191,5202330,340.0
1781086344.3984451,5203984,340.0
1781086345.7427588,5204522,340.0
1781086348.3591163,5205553,340.0
1781086351.206805,5206622,340.0
1781086354.7322206,5208188,340.0
1781086357.800801,5209356,340.0
1781086359.5492878,5210045,340.0
1781086363.6797023,5211683,340.0
1781086366.9753833,5212792,340.0
1781086371.5628645,5214441,340.0
1781086374.7583122,5215703,340.0
1781086375.869174,5216136,340.0
1781086378.857405,5217310,340.0
1781086380.8201656,5218071,340.0
1781086384.367114,5219472,340.0
1781086387.254303,5221001,340.0
1781086390.9157238,5222310,340.0
1781086395.2719107,5223862,340.0
1781086397.3607202,5224670,340.0
1781086413.5586452,5226150,340.0
1781086415.8579671,5227055,340.0
1781086417.7182415,5228099,340.0
1781086423.4933298,5230097,340.0
1781086426.7230313,5231312,340.0
1781086430.5273502,5232814,340.0
1781086433.0635014,5233771,340.0
1781086438.5236633,5235748,340.0
1781086439.2397487,5236036,340.0
1781086443.0290027,5237411,340.0
1781086447.4831233,5238975,340.0
1781086450.0549202,5240340,340.0
1781086452.1417625,5241157,340.0
1781086454.6723452,5242143,340.0
1781086458.8121722,5243637,340.0
1781086461.6752348,5244676,340.0
1781086465.4377856,5246129,340.0
1781086470.3030007,5247962,340.0
1781086473.6870584,5249181,340.0
1781086475.9540577,5249955,340.0
1781086492.0640018,5251570,340.0
1781086497.0730212,5253546,340.0
1781086499.586408,5254434,340.0
1781086504.0083973,5255999,340.0
1781086506.4383945,5256884,340.0
1781086509.9495485,5258280,340.0
1781086513.8401885,5260147,340.0
1781086516.8831778,5261234,340.0
1781086518.8034306,5261913,340.0
1781086522.5440676,5263359,340.0
1781086526.2124972,5264814,340.0
1781086531.068497,5266531,340.0
1781086531.9614248,5266831,340.0
1781086538.9263082,5269472,340.0
1781086539.6334574,5269742,340.0
1781086543.553158,5271234,340.0
1781086547.1898718,5272875,340.0
1781086548.879498,5273470,340.0
1781086552.0392418,5274705,340.0
1781086570.175048,5276490,340.0
1781086574.5790613,5278395,340.0
1781086578.4907062,5279819,340.0
1781086580.9811296,5280786,340.0
1781086583.0056124,5281515,340.0
1781086586.3134162,5282741,340.0
1781086589.8086958,5284115,340.0
1781086592.4403198,5285141,340.0
1781086595.2878144,5286115,340.0
1781086599.4796486,5287599,340.0
1781086600.9170387,5288151,340.0
1781086604.0220826,5289766,340.0
1781086606.1050663,5290856,340.0
1781086607.0269742,5291820,340.0
1781086609.3706968,5293053,340.0
1781086612.2967277,5294602,340.0
1781086615.1257288,5296078,340.0
1781086617.9468708,5297541,340.0
1781086620.5679767,5298901,340.0
1781086622.2796981,5299805,340.0
1781086633.1535523,5300499,340.0
1781086636.2078185,5302079,340.0
1781086638.4322722,5303734,340.0
1781086640.6736572,5304881,340.0
1781086642.1092994,5305597,340.0
1781086644.079448,5306548,340.0
1781086646.7472239,5307842,340.0
1781086649.5678113,5309241,340.0
1781086650.8387206,5309870,340.0
1781086653.4665208,5311160,340.0
1781086656.0510342,5312404,340.0
1781086658.7292714,5313662,340.0
1781086662.329668,5315438,340.0
1781086662.9554095,5315762,340.0
1781086665.3358412,5316984,341.0
1781086667.461789,5318072,341.0
1781086669.9833608,5319784,341.0
1781086674.1058223,5321427,341.0
1781086677.8434236,5322756,341.0
1781086678.4344578,5322954,341.0
1781086683.0901067,5324570,341.0
1781086699.1449387,5325966,340.0
1781086703.9094741,5327978,340.0
1781086706.6766813,5328970,340.0
1781086712.1649184,5330889,340.0
1781086714.7210917,5331803,340.0
1781086717.791221,5332888,340.0
1781086724.3388438,5335227,340.0
1781086727.2216647,5336234,340.0
1781086731.6599026,5337773,340.0
1781086733.7234452,5338805,340.0
1781086737.7692475,5340247,340.0
1781086741.943144,5341738,340.0
1781086743.4399803,5342254,340.0
1781086746.429347,5343332,340.0
1781086750.2454097,5344671,340.0
1781086755.3290968,5346468,340.0
1781086760.7087781,5348374,340.0
1781086763.08182,5349206,340.0
1781086782.035427,5350679,340.0
1781086785.1067939,5351742,340.0
1781086789.378038,5353235,340.0
1781086792.158752,5354209,340.0
1781086795.1376975,5355272,340.0
1781086800.993615,5357689,340.0
1781086801.5464303,5357891,340.0
1781086804.969077,5359107,340.0
1781086810.4499545,5361077,340.0
1781086814.7816222,5362607,340.0
1781086817.6080108,5363604,340.0
1781086819.8458836,5364377,340.0
1781086824.146824,5365898,340.0
1781086827.8803756,5367517,340.0
1781086831.974395,5368932,340.0
1781086833.318863,5369409,340.0
1781086836.862783,5370656,340.0
1781086839.550188,5371615,340.0
1781086843.3953533,5372956,340.0
1781086864.3459618,5375003,340.0
1781086865.9184463,5375556,340.0
1781086869.0678377,5376667,340.0
1781086873.4327378,5378195,340.0
1781086879.300639,5380261,340.0
1781086882.3513167,5381320,340.0
1781086884.2020788,5381954,340.0
1781086887.845163,5383261,340.0
1781086891.4700887,5384862,340.0
1781086893.6307728,5385621,340.0
1781086900.4517941,5388063,340.0
1781086902.4166062,5388760,340.0
1781086905.0574884,5389690,340.0
1781086908.9908,5391068,340.0
1781086912.012798,5392120,340.0
1781086914.1137938,5392848,340.0
1781086917.7577863,5394170,340.0
1781086919.9914682,5394982,340.0
1781086922.047074,5396036,340.0
1781086926.307761,5397538,340.0
1781086928.4016125,5398285,340.0
1781086950.8450441,5400059,340.0
1781086953.8220701,5401127,340.0
1781086955.579925,5402094,340.0
1781086958.31272,5403077,340.0
1781086961.467159,5404198,340.0
1781086962.5646815,5404591,340.0
1781086965.7410178,5405742,340.0
1781086969.8825278,5407225,340.0
1781086972.6446242,5408234,340.0
1781086978.5415976,5410343,340.0
1781086978.9614167,5410496,340.0
1781086982.779841,5411859,340.0
1781086985.9823124,5413327,340.0
1781086989.6604843,5414684,340.0
1781086991.5884273,5415366,340.0
1781086995.9475834,5416943,340.0
1781086998.5163057,5417872,340.0
1781087002.5265553,5419303,340.0
1781087005.4927394,5420377,340.0
1781087011.2707534,5422475,340.0
1781087016.6453788,5424398,340.0
1781087017.0268517,5424538,340.0
1781087035.4036722,5425669,339.0
1781087040.7475815,5427586,339.0
1781087042.2735355,5428137,339.0
1781087047.0203538,5429834,339.0
1781087049.7217941,5431125,339.0
1781087054.4184804,5432821,339.0
1781087058.2721376,5434200,339.0
1781087060.3153708,5434922,339.0
1781087062.6210053,5435740,339.0
1781087065.0442874,5436607,339.0
1781087068.5627208,5437843,339.0
1781087072.2811594,5439138,339.0
1781087075.904297,5440409,339.0
1781087078.5696397,5441358,339.0
1781087082.064129,5442942,339.0
1781087086.274076,5444436,340.0
1781087090.1237507,5445791,340.0
1781087091.9492712,5446434,340.0
1781087096.8084629,5448159,340.0
1781087097.1974823,5448296,340.0
1781087101.3766315,5449782,340.0
1781087120.8936906,5451014,339.0
1781087123.88505,5452065,339.0
1781087127.548385,5453342,339.0
1781087131.3325205,5454661,339.0
1781087135.5161984,5456148,339.0
1781087138.6132674,5457237,339.0
1781087141.6084938,5458295,339.0
1781087148.3000474,5460986,339.0
1781087148.5797734,5461078,339.0
1781087155.2143047,5463424,339.0
1781087159.1490495,5464821,339.0
1781087161.7349062,5465741,339.0
1781087165.4521143,5467047,339.0
1781087169.2547562,5468387,339.0
1781087174.560204,5470251,339.0
1781087177.0153658,5471419,339.0
1781087180.3244228,5472728,339.0
1781087184.6482966,5474272,339.0
1781087200.7384274,5475439,339.0
1781087206.358758,5477427,339.0
1781087207.7260647,5478299,339.0
1781087213.0507796,5480132,339.0
1781087219.7931163,5482265,339.0
1781087220.0518339,5482357,339.0
1781087223.6733828,5483678,339.0
1781087225.974442,5484660,339.0
1781087229.1028945,5486164,339.0
1781087234.516697,5488734,339.0
1781087235.6642723,5489273,339.0
1781087238.0322678,5490773,339.0
1781087240.6478193,5492009,339.0
1781087242.5696154,5492898,339.0
1781087246.0777156,5494581,339.0
1781087248.0804152,5495409,339.0
1781087251.0678725,5496711,339.0
1781087253.3245876,5497866,339.0
1781087255.6259866,5498979,339.0
1781087256.6031287,5499328,339.0
1781087272.445037,5500448,339.0
1781087276.302557,5501906,339.0
1781087278.8774476,5502922,339.0
1781087284.512736,5504892,339.0
1781087285.74307,5505321,339.0
1781087289.7287722,5506773,339.0
1781087293.4050539,5508208,339.0
1781087296.8558905,5509518,339.0
1781087301.574779,5511175,339.0
1781087304.9290044,5512745,339.0
1781087305.5077639,5512970,339.0
1781087309.3356776,5514502,339.0
1781087313.19211,5515935,339.0
1781087316.6484864,5517145,339.0
1781087319.289439,5518129,339.0
1781087323.5111952,5519809,339.0
1781087328.550335,5521707,339.0
1781087330.802123,5522478,339.0
1781087334.853084,5524301,339.0
1781087352.1241467,5525125,339.0
1781087355.2242231,5526321,339.0
1781087360.153431,5528065,339.0
1781087364.4601948,5529689,339.0
1781087369.341487,5531973,339.0
1781087375.529012,5534111,339.0
1781087377.856215,5535030,339.0
1781087382.047257,5536486,339.0
1781087385.1179492,5537549,339.0
1781087391.4556859,5539960,339.0
1781087393.6634014,5540813,339.0
1781087396.237068,5542051,339.0
1781087400.1409953,5543390,339.0
1781087404.438579,5545054,339.0
1781087406.7308934,5545955,339.0
1781087409.7547753,5547077,339.0
1781087411.792739,5547800,339.0
1781087415.954127,5549212,339.0
1781087430.6587431,5550484,339.0
1781087434.898938,5552151,339.0
1781087436.3938787,5552727,339.0
1781087439.860221,5553976,339.0
1781087443.9127803,5555373,339.0
1781087447.5435822,5556741,339.0
1781087450.5469654,5557916,339.0
1781087452.2863526,5558576,339.0
1781087455.9185376,5559861,339.0
1781087460.7657218,5561927,339.0
1781087463.658968,5562979,339.0
1781087466.0110087,5563887,339.0
1781087470.8686638,5565693,339.0
1781087474.70696,5567004,339.0
1781087479.2309473,5568678,339.0
1781087482.064303,5569804,339.0
1781087486.5161076,5571458,339.0
1781087489.0636394,5572343,339.0
1781087490.9085236,5573289,339.0
1781087494.774215,5574799,339.0
1781087515.818178,5576788,339.0
1781087517.899835,5577474,339.0
1781087521.5957377,5578768,339.0
1781087524.1418962,5580340,339.0
1781087526.765291,5581689,339.0
1781087529.9765558,5583370,339.0
1781087532.23871,5584537,339.0
1781087533.642003,5585265,339.0
1781087535.8713045,5586431,339.0
1781087538.705165,5587923,339.0
1781087541.3374236,5589311,339.0
1781087544.6526787,5591049,339.0
1781087548.577541,5593086,339.0
1781087549.4432986,5593541,339.0
1781087552.0774324,5594875,339.0
1781087554.1150267,5595923,339.0
1781087556.3943145,5597557,339.0
1781087557.8472645,5598282,339.0
1781087560.4251387,5599588,339.0
1781087574.82387,5600856,339.0
1781087578.391451,5602113,339.0
1781087583.4181845,5603887,339.0
1781087587.263653,5605548,339.0
1781087587.6459904,5605684,339.0
1781087592.474859,5607388,339.0
1781087596.600687,5608830,339.0
1781087599.0547168,5609700,339.0
1781087599.5958803,5609914,339.0
1781087603.0932457,5611144,339.0
1781087607.4755914,5612666,339.0
1781087611.203815,5613948,339.0
1781087617.6596582,5616228,339.0
1781087621.0541053,5617740,339.0
1781087621.3956444,5617857,339.0
1781087624.381106,5618904,339.0
1781087629.1013575,5620582,339.0
1781087631.4846888,5621425,339.0
1781087637.0719438,5623388,339.0
1781087637.6741655,5623600,339.0
1781087640.7512157,5624692,339.0
1781087659.0382318,5625447,339.0
1781087660.0544748,5625796,339.0
1781087664.2281582,5627257,339.0
1781087667.792842,5628509,339.0
1781087668.1207874,5628629,339.0
1781087670.3950374,5629417,339.0
1781087674.514213,5630854,339.0
1781087678.4937656,5632246,339.0
1781087680.3995907,5633251,339.0
1781087684.7477305,5634801,339.0
1781087688.410788,5636115,339.0
1781087691.1527305,5637079,339.0
1781087693.2919483,5637825,339.0
1781087697.467131,5639305,339.0
1781087701.667437,5640811,339.0
1781087705.7812986,5642263,339.0
1781087711.4278207,5644293,339.0
1781087712.9208965,5645122,339.0
1781087716.12881,5646278,339.0
1781087720.0265758,5647635,339.0
1781087724.3080232,5649152,339.0
1781087746.355644,5651184,338.0
1781087749.0606658,5652153,338.0
1781087752.8033142,5653469,338.0
1781087756.6596603,5654850,338.0
1781087762.1617222,5656856,338.0
1781087764.3840508,5657646,338.0
1781087768.2202494,5659003,338.0
1781087771.8451233,5660284,338.0
1781087776.47324,5662234,338.0
1781087782.092957,5664211,338.0
1781087785.910959,5665549,338.0
1781087787.7132952,5666186,338.0
1781087791.9319143,5667689,339.0
1781087795.813218,5669147,339.0
1781087798.4127214,5670066,339.0
1781087801.3502748,5671104,339.0
1781087805.4095998,5672535,339.0
1781087806.9851313,5673407,339.0
1781087810.863295,5674779,339.0
1781087829.4686866,5676635,338.0
1781087831.311652,5677281,338.0
1781087834.989812,5678576,338.0
1781087838.6215672,5679864,338.0
1781087842.214816,5681453,338.0
1781087843.86556,5682031,338.0
1781087846.7219927,5683057,338.0
1781087851.3439436,5684676,338.0
1781087852.384584,5685037,338.0
1781087857.5341635,5686843,338.0
1781087862.149591,5688457,338.0
1781087866.0378273,5689814,338.0
1781087867.788578,5690416,338.0
1781087872.2074587,5692277,338.0
1781087877.231228,5694066,338.0
1781087882.003061,5695738,338.0
1781087885.4737368,5696962,338.0
1781087886.324875,5697259,338.0
1781087890.2118673,5698653,338.0
1781087893.2028346,5699700,338.0
1781087910.8872886,5701633,338.0
1781087914.5705254,5702926,338.0
1781087915.5695412,5703280,338.0
1781087918.588246,5704358,338.0
1781087922.2346504,5705667,338.0
1781087925.1950297,5706743,338.0
1781087927.2159827,5707450,338.0
1781087931.3513288,5708938,338.0
1781087935.046403,5710590,338.0
1781087939.3962142,5712178,338.0
1781087943.8316002,5713767,338.0
1781087947.8909035,5715226,338.0
1781087951.42815,5716466,338.0
1781087953.4518654,5717185,338.0
1781087957.619282,5718661,338.0
1781087960.880099,5719849,338.0
1781087963.3179781,5720699,338.0
1781087968.2953243,5722789,338.0
1781087969.9378862,5723376,338.0
1781087972.9709804,5724471,338.0
1781087991.5899608,5725732,338.0
1781087992.899082,5726193,338.0
1781087995.8258836,5727222,338.0
1781087998.181214,5728392,338.0
1781088000.8410046,5729370,338.0
1781088006.8003078,5731478,338.0
1781088012.0938644,5733369,338.0
1781088014.7868803,5734332,338.0
1781088017.052017,5735130,338.0
1781088020.799041,5736457,338.0
1781088024.9349644,5737921,338.0
1781088028.1582606,5739414,338.0
1781088030.745588,5740329,338.0
1781088034.2616906,5741561,338.0
1781088038.079797,5742901,338.0
1781088041.0637999,5743959,338.0
1781088043.9168115,5744959,338.0
1781088047.5028973,5746252,338.0
1781088049.901269,5747094,338.0
1781088054.4350543,5748723,338.0
1781088057.5278919,5749809,338.0
1781088076.560641,5752148,338.0
1781088078.2844605,5753053,338.0
1781088079.6386867,5753759,338.0
1781088082.758028,5755398,338.0
1781088085.6913095,5756928,338.0
1781088087.6034503,5757905,338.0
1781088091.0054955,5759672,338.0
1781088091.896979,5760604,338.0
1781088095.240381,5762343,338.0
1781088098.6432314,5764115,338.0
1781088101.0615027,5765368,338.0
1781088103.4696336,5766613,338.0
1781088104.1802368,5766966,338.0
1781088106.6932158,5768262,338.0
1781088111.0690987,5770430,338.0
1781088113.1013846,5771338,338.0
1781088115.6172578,5772516,338.0
1781088119.8576674,5774149,338.0
1781088134.6164367,5775344,338.0
1781088139.8828213,5777141,338.0
1781088143.4128478,5778347,338.0
1781088145.1894462,5778965,338.0
1781088149.5633209,5780507,338.0
1781088153.678784,5781986,338.0
1781088156.8697329,5783429,338.0
1781088159.6088543,5784417,338.0
1781088162.609894,5785489,338.0
1781088166.5125864,5786866,338.0
1781088172.4462783,5788976,338.0
1781088177.041549,5790599,338.0
1781088181.6584468,5792241,338.0
1781088183.5602624,5792897,338.0
1781088185.8618484,5794048,338.0
1781088189.9909983,5795515,338.0
1781088192.2820568,5796339,338.0
1781088199.2381403,5798776,338.0
1781088217.869624,5800054,338.0
1781088218.2789667,5800514,338.0
1781088222.7344055,5802088,338.0
1781088226.8427012,5803557,338.0
1781088230.7681327,5804939,338.0
1781088235.6259928,5806645,338.0
1781088237.0526996,5807132,338.0
1781088241.6086788,5808717,338.0
1781088246.8003333,5810613,338.0
1781088251.1047642,5812376,338.0
1781088253.800011,5813211,338.0
1781088256.0949519,5813999,338.0
1781088259.0280085,5815056,338.0
1781088263.545335,5816643,338.0
1781088265.7189713,5817322,338.0
1781088270.0051286,5818817,338.0
1781088273.6240268,5820045,338.0
1781088278.3862596,5821700,338.0
1781088280.5832224,5822768,338.0
1781088283.9022782,5823920,338.0
1781088303.5496247,5825789,338.0
1781088305.6434734,5826519,338.0
1781088309.0211906,5827713,338.0
1781088311.126361,5828519,338.0
1781088316.132149,5830799,338.0
1781088317.1674592,5831158,338.0
1781088321.506176,5832659,338.0
1781088325.49221,5834108,338.0
1781088328.6776094,5835378,338.0
1781088333.1311128,5837000,338.0
1781088335.3425674,5837759,338.0
1781088337.318219,5838460,338.0
1781088340.369257,5839605,338.0
1781088344.1822665,5841115,338.0
1781088346.7927701,5842410,338.0
1781088350.3796499,5843667,338.0
1781088353.775534,5844919,338.0
1781088355.9380891,5845753,338.0
1781088360.413152,5847491,338.0
1781088362.7603161,5848302,338.0
1781088367.3929727,5849940,338.0
1781088385.6965477,5851242,337.0
1781088388.6270185,5852774,338.0
1781088391.2971244,5854160,338.0
1781088394.5795803,5855841,338.0
1781088395.3499248,5856228,338.0
1781088397.5347142,5857355,338.0
1781088400.9117844,5859093,338.0
1781088402.0266173,5859658,338.0
1781088405.6930447,5861537,338.0
1781088406.9551091,5862640,338.0
1781088408.504149,5863419,338.0
1781088410.0906987,5864234,338.0
1781088413.4202187,5865967,338.0
1781088414.413397,5866473,338.0
1781088415.489633,5867019,338.0
1781088418.2271576,5868417,338.0
1781088419.9014037,5869279,338.0
1781088422.461413,5870591,338.0
1781088423.9657423,5871363,338.0
1781088426.9069304,5872872,338.0
1781088429.8342927,5874299,338.0
1781088441.4748292,5875211,338.0
1781088445.5019622,5876614,338.0
1781088449.8135593,5878223,338.0
1781088451.7267604,5878983,338.0
1781088454.7176023,5880160,338.0
1781088459.3862844,5881832,338.0
1781088464.1669135,5883495,338.0
1781088469.7154813,5885529,338.0
1781088470.3564565,5885772,338.0
1781088471.8404381,5886749,338.0
1781088476.4898658,5888488,338.0
1781088479.4142342,5889536,338.0
1781088483.2377498,5890925,338.0
1781088485.7525432,5891937,338.0
1781088489.0691402,5893264,338.0
1781088491.721985,5894224,338.0
1781088497.4866288,5896322,338.0
1781088499.6954422,5897193,338.0
1781088500.2444146,5897401,338.0
1781088504.3679254,5899354,338.0
1781088523.1485438,5900434,338.0
1781088527.6176143,5902097,338.0
1781088528.33813,5902372,338.0
1781088533.8559408,5904810,338.0
1781088537.0250928,5905931,338.0
1781088540.1172843,5907022,338.0
1781088545.010914,5908934,338.0
1781088546.494912,5909504,338.0
1781088551.0549126,5911164,338.0
1781088553.3465648,5911943,338.0
1781088557.5626347,5913537,338.0
1781088561.236857,5914974,338.0
1781088564.7009597,5916267,338.0
1781088565.5411046,5916867,338.0
1781088568.5889766,5917916,338.0
1781088572.7941034,5919514,338.0
1781088576.7947576,5921086,338.0
1781088582.0946593,5922980,338.0
1781088584.0389566,5923655,338.0
1781088600.5533988,5925031,338.0
1781088604.7246003,5926667,338.0
1781088609.240779,5928294,338.0
1781088610.5461173,5928765,338.0
1781088614.228989,5930185,338.0
1781088615.5226073,5930656,338.0
1781088618.9149485,5931882,338.0
1781088623.8077855,5933763,338.0
1781088627.2412934,5935095,338.0
1781088629.8734615,5936458,338.0
1781088631.2338698,5936995,338.0
1781088635.1519158,5938516,338.0
1781088639.6899486,5940122,338.0
1781088642.2006311,5941021,338.0
1781088646.2198942,5942599,338.0
1781088650.2075663,5944213,338.0
1781088655.518715,5946097,338.0
1781088659.9363415,5947737,338.0
1781088663.725016,5949605,338.0
1781088682.0066833,5950966,337.0
1781088684.6918652,5951899,337.0
1781088689.8139942,5953749,337.0
1781088692.1099763,5955003,337.0
1781088697.2619185,5956956,338.0
1781088698.7492757,5957466,338.0
1781088700.5767186,5958113,338.0
1781088705.1350918,5959756,338.0
1781088709.0558457,5961290,338.0
1781088711.5072107,5962240,338.0
1781088716.8349028,5964126,338.0
1781088718.3636744,5964660,338.0
1781088722.7826283,5966378,338.0
1781088725.3502755,5967768,338.0
1781088729.1960094,5969117,338.0
1781088732.1345363,5970143,338.0
1781088735.6182487,5971432,338.0
1781088739.1769247,5972795,338.0
1781088742.936573,5974134,338.0
1781088762.6409657,5975841,337.0
1781088764.4939399,5976557,337.0
1781088766.9037647,5977507,337.0
1781088771.1866763,5979119,337.0
1781088775.41862,5980642,337.0
1781088781.1426294,5982817,337.0
1781088781.7737272,5983066,337.0
1781088786.30317,5984820,337.0
1781088789.830699,5986421,337.0
1781088792.1323285,5987249,337.0
1781088794.7807088,5988310,337.0
1781088798.3429224,5989709,337.0
1781088800.0741785,5990401,337.0
1781088805.0586605,5992228,337.0
1781088809.166322,5993734,337.0
1781088812.7239883,5995142,337.0
1781088814.8638947,5995994,337.0
1781088817.6562555,5997065,337.0
1781088820.2505045,5998318,337.0
1781088823.7073305,5999566,337.0
1781088842.3598187,6001416,337.0
1781088843.9878738,6002018,337.0
1781088848.2474914,6003541,337.0
1781088850.7449229,6004822,337.0
1781088855.5584712,6006752,337.0
1781088857.8029013,6007597,337.0
1781088863.639571,6009710,337.0
1781088864.7957811,6010111,337.0
1781088868.5407467,6011586,337.0
1781088872.4911187,6013156,337.0
1781088874.1992483,6013729,337.0
1781088877.5214598,6014908,337.0
1781088882.03538,6016929,337.0
1781088886.0602443,6018542,337.0
1781088889.8970723,6019931,337.0
1781088893.454322,6021139,337.0
1781088896.2400875,6022145,337.0
1781088897.3127825,6022556,337.0
1781088899.14429,6023250,337.0
1781088903.093895,6024708,337.0
1781088921.7112176,6026785,337.0
1781088925.094401,6027997,337.0
1781088926.0871508,6028401,337.0
1781088929.5963035,6030055,337.0
1781088933.029036,6031607,337.0
1781088936.0301747,6032968,337.0
1781088937.1533215,6033480,337.0
1781088939.6633232,6034691,337.0
1781088942.9899886,6036347,337.0
1781088944.0606756,6037325,337.0
1781088946.6438124,6038620,337.0
1781088949.9065037,6040226,337.0
1781088952.0233285,6041198,337.0
1781088955.5796752,6042917,337.0
1781088958.3770776,6044323,337.0
1781088960.0686057,6045138,337.0
1781088962.9887595,6046557,337.0
1781088966.8359263,6048492,338.0
1781088984.6712804,6050273,337.0
1781088988.7655728,6051626,337.0
1781088994.0456364,6053530,337.0
1781088996.2338972,6054467,337.0
1781088998.0139093,6055414,337.0
1781089002.158757,6057611,337.0
1781089004.37388,6058749,337.0
1781089007.59751,6060450,337.0
1781089008.6753883,6061501,337.0
1781089009.5854225,6061982,337.0
1781089012.1484647,6063351,338.0
1781089014.13373,6064407,338.0
1781089016.791547,6065806,338.0
1781089018.6492457,6066797,338.0
1781089021.5723503,6068346,338.0
1781089022.7923837,6068935,338.0
1781089027.6949923,6071311,338.0
1781089030.4508495,6072650,338.0
1781089032.6692514,6073733,338.0
1781089032.9785244,6073874,338.0
1781089038.9007423,6075530,338.0
1781089040.61695,6076386,338.0
1781089043.7353995,6077940,338.0
1781089045.8787584,6078915,338.0
1781089048.752403,6080385,338.0
1781089051.3041987,6081610,338.0
1781089054.1859505,6082882,338.0
1781089059.715597,6084935,338.0
1781089060.7703865,6085369,338.0
1781089062.6755261,6086260,338.0
1781089064.6611166,6087120,338.0
1781089067.8287463,6088630,338.0
1781089069.7269847,6089558,338.0
1781089073.1256318,6091408,338.0
1781089074.33668,6091821,338.0
1781089077.5189455,6093337,338.0
1781089082.2601726,6095068,338.0
1781089084.5455992,6096116,338.0
1781089087.3142393,6097469,338.0
1781089088.9056585,6098277,338.0
1781089091.9109936,6099870,338.0
1781089107.2546453,6101296,338.0
1781089109.0909624,6101968,338.0
1781089112.6307154,6103202,338.0
1781089116.6454835,6104658,338.0
1781089120.35303,6106123,338.0
1781089124.3827176,6107690,338.0
1781089127.5102887,6108797,338.0
1781089129.9093657,6109633,338.0
1781089133.5733223,6111293,338.0
1781089135.2857938,6111969,338.0
1781089138.8838456,6113454,338.0
1781089141.607835,6114862,338.0
1781089145.8545709,6117050,338.0
1781089146.2653394,6117255,338.0
1781089149.1334448,6118736,338.0
1781089151.4267538,6119934,338.0
1781089152.9209218,6120674,338.0
1781089155.6930828,6122025,338.0
1781089158.2591507,6123183,338.0
1781089161.5133674,6124776,338.0
1781089169.2906258,6125590,338.0
1781089175.1007042,6127774,338.0
1781089177.7373166,6128805,338.0
1781089179.886056,6129613,338.0
1781089185.0730042,6131450,338.0
1781089188.0702271,6132578,338.0
1781089194.9406078,6134940,338.0
1781089195.9776468,6135338,338.0
1781089197.8791757,6136442,338.0
1781089201.625741,6137893,338.0
1781089205.4021175,6139167,338.0
1781089206.9914644,6139715,338.0
1781089210.7476943,6141035,338.0
1781089212.8285227,6141842,338.0
1781089217.1896372,6143548,338.0
1781089221.5326827,6145036,338.0
1781089224.0347462,6145907,338.0
1781089227.2708743,6147137,338.0
1781089229.3251002,6148313,338.0
1781089231.8708737,6149282,338.0
1781089251.6638103,6151094,338.0
1781089254.945775,6152292,338.0
1781089258.972294,6153751,338.0
1781089259.763149,6154021,338.0
1781089261.924601,6155128,338.0
1781089266.8041098,6157063,338.0
1781089268.631809,6157795,338.0
1781089273.1844504,6159418,338.0
1781089274.626084,6159909,338.0
1781089279.1052935,6161502,338.0
1781089281.1861365,6162247,338.0
1781089284.5247283,6163407,338.0
1781089286.524937,6164183,338.0
1781089288.7336032,6165047,338.0
1781089291.530073,6166503,338.0
1781089296.3525472,6168184,338.0
1781089299.7122598,6169358,338.0
1781089302.0596757,6170296,338.0
1781089303.8997614,6171015,338.0
1781089308.87472,6172904,338.0
1781089312.8830874,6174323,338.0
1781089328.7445178,6175313,338.0
1781089332.7661326,6176903,338.0
1781089335.759707,6178055,338.0
1781089339.1991372,6179271,338.0
1781089344.1738846,6181087,338.0
1781089344.608295,6181256,338.0
1781089347.840061,6182512,338.0
1781089350.4994285,6183543,338.0
1781089354.6888678,6185343,338.0
1781089359.3230119,6187022,338.0
1781089361.6669762,6187956,338.0
1781089365.7124298,6189504,338.0
1781089370.091549,6191018,338.0
1781089374.6466928,6192723,338.0
1781089377.9475875,6194028,338.0
1781089379.9684086,6194830,338.0
1781089382.114105,6195584,338.0
1781089385.048276,6196607,338.0
1781089387.6500142,6197894,338.0
1781089409.2061722,6200207,338.0
1781089410.177824,6200564,338.0
1781089414.3658462,6201999,338.0
1781089417.8104825,6203659,338.0
1781089421.8342097,6205279,338.0
1781089426.104675,6206816,338.0
1781089430.320924,6208269,338.0
1781089434.4209905,6209876,338.0
1781089437.2027433,6210968,338.0
1781089439.8896182,6211945,338.0
1781089443.5347116,6213237,338.0
1781089447.876718,6214861,338.0
1781089449.7878764,6215628,338.0
1781089451.1481864,6216538,338.0
1781089454.9478164,6217948,338.0
1781089458.492153,6219218,338.0
1781089460.1584935,6219890,338.0
1781089463.531346,6221248,338.0
1781089468.0916543,6222856,338.0
1781089473.540662,6224888,338.0
1781089485.4071922,6225471,338.0
1781089489.8723657,6227231,338.0
1781089492.3947988,6228232,338.0
1781089494.380218,6228974,338.0
1781089498.6042557,6230500,338.0
1781089501.5675538,6231561,338.0
1781089505.9542608,6233313,338.0
1781089508.790721,6234406,338.0
1781089511.1287334,6235245,338.0
1781089512.8260636,6235856,338.0
1781089514.9562845,6236964,338.0
1781089518.5346148,6238396,338.0
1781089519.206564,6238655,338.0
1781089521.6769989,6239634,338.0
1781089525.8747282,6241123,338.0
1781089531.2855442,6243066,338.0
1781089535.146439,6244513,338.0
1781089536.8375123,6245183,338.0
1781089539.1698883,6246102,338.0
1781089542.497508,6247356,338.0
1781089545.904837,6248861,338.0
1781089548.642264,6249871,338.0
1781089567.5329616,6251626,338.0
1781089570.5253212,6252747,338.0
1781089572.8535645,6253542,338.0
1781089576.4142985,6255089,338.0
1781089577.2953205,6255408,338.0
1781089580.981505,6256880,338.0
1781089584.827523,6258372,338.0
1781089590.6171913,6260371,338.0
1781089595.1855483,6262089,338.0
1781089598.572862,6263417,338.0
1781089598.9746459,6263570,338.0
1781089602.7024946,6264894,338.0
1781089607.5071154,6266595,338.0
1781089610.0756319,6267957,338.0
1781089612.5427706,6268956,338.0
1781089613.9008586,6269477,338.0
1781089616.3696783,6270328,338.0
1781089619.2798872,6271336,338.0
1781089625.556634,6273638,338.0
1781089627.8018234,6274407,338.0
1781089639.0523024,6276145,338.0
1781089640.1539977,6276896,338.0
1781089644.0877035,6278256,338.0
1781089649.466468,6280188,338.0
1781089651.2949836,6280892,338.0
1781089653.6259675,6281796,338.0
1781089657.923272,6283469,338.0
1781089661.594959,6284700,338.0
1781089666.5315304,6286421,338.0
1781089670.5042827,6288310,338.0
1781089674.1910303,6289699,338.0
1781089676.1892416,6290407,338.0
1781089680.279213,6291834,338.0
1781089682.5438366,6292728,338.0
1781089685.384825,6293847,338.0
1781089688.9397204,6295210,338.0
1781089691.5782945,6296140,338.0
1781089692.9418132,6296640,338.0
1781089697.6074805,6298401,338.0
1781089699.3890667,6299098,338.0
1781089716.740563,6300624,337.0
1781089717.5812244,6300931,337.0
1781089721.0680866,6302213,337.0
1781089726.1048038,6304079,337.0
1781089729.2230823,6305333,337.0
1781089734.447219,6307658,338.0
1781089735.0261986,6307858,338.0
1781089738.703992,6309221,338.0
1781089742.7903194,6310829,338.0
1781089744.8384573,6311630,338.0
1781089749.6014748,6313449,338.0
1781089752.6785886,6314667,338.0
1781089755.8690448,6315867,338.0
1781089760.21061,6317431,338.0
1781089761.7603464,6318003,338.0
1781089767.2647457,6320431,338.0
1781089768.902425,6320981,338.0
1781089773.1398594,6322425,338.0
1781089777.006197,6323903,338.0
1781089796.106709,6325573,337.0
1781089797.6166418,6326396,337.0
1781089800.8025014,6327491,337.0
1781089805.8266604,6329373,337.0
1781089810.2897797,6331105,337.0
1781089815.2904398,6332836,337.0
1781089817.2919772,6333517,337.0
1781089821.261965,6335033,337.0
1781089825.4405146,6336671,337.0
1781089827.5536551,6337388,337.0
1781089831.3928106,6339018,337.0
1781089832.609576,6339450,337.0
1781089835.8649623,6340745,337.0
1781089839.1342843,6342029,337.0
1781089843.7205374,6343690,337.0
1781089848.4488914,6345374,337.0
1781089850.8285084,6346309,337.0
1781089852.2275457,6346865,337.0
1781089854.6145685,6347794,337.0
1781089860.2807662,6349789,337.0
1781089871.311826,6351424,337.0
1781089872.5542405,6352063,337.0
1781089874.5724318,6353102,337.0
1781089877.5925527,6354681,337.0
1781089880.5926352,6356213,337.0
1781089881.8515012,6356857,337.0
1781089883.8548675,6357890,337.0
1781089885.7447395,6358851,338.0
1781089888.7980657,6360417,338.0
1781089891.199416,6361659,338.0
1781089891.8741133,6362003,338.0
1781089894.5473523,6363849,338.0
1781089896.4069798,6364805,338.0
1781089898.9470112,6366109,338.0
1781089902.589472,6367992,338.0
1781089903.6603336,6368545,338.0
1781089905.200994,6369343,338.0
1781089906.9793503,6370266,338.0
1781089909.521658,6371587,338.0
1781089912.0527382,6372896,338.0
1781089914.164135,6374006,338.0
1781089915.7488525,6374790,338.0
1781089931.5643988,6375767,338.0
1781089934.6630735,6376878,338.0
1781089937.411414,6377847,338.0
1781089940.2904346,6378900,338.0
1781089943.363197,6380116,338.0
1781089945.8489575,6381114,338.0
1781089949.9604716,6382621,338.0
1781089954.7380784,6384336,338.0
1781089955.4105093,6384604,338.0
1781089958.0762415,6386030,338.0
1781089961.7976286,6387445,338.0
1781089966.2328343,6389098,338.0
1781089969.9359412,6390572,338.0
1781089972.6135466,6391552,338.0
1781089975.2773569,6392465,338.0
1781089978.03434,6393432,338.0
1781089981.9388876,6394927,338.0
1781089986.9768069,6396820,338.0
1781089989.116658,6397912,338.0
1781089991.602222,6398775,338.0
1781089994.3500025,6399802,338.0
1781090011.2679672,6400933,337.0
1781090017.031907,6403144,338.0
1781090018.5264843,6403967,338.0
1781090020.5058765,6404680,338.0
1781090024.9749124,6406347,338.0
1781090028.661186,6407825,338.0
1781090031.3612409,6408819,338.0
1781090035.486933,6410311,338.0
1781090041.0560238,6412445,338.0
1781090041.6979816,6412686,338.0
1781090045.7258432,6414214,338.0
1781090050.1114724,6415731,338.0
1781090051.8378086,6416686,338.0
1781090055.7887459,6418261,338.0
1781090057.3915899,6418907,338.0
1781090063.0630352,6421008,338.0
1781090066.5581026,6422282,338.0
1781090070.5326993,6423850,338.0
1781090073.2505684,6424947,338.0
1781090087.9655054,6426225,337.0
1781090091.3165455,6427420,337.0
1781090094.9311087,6428708,337.0
1781090099.3783603,6430461,337.0
1781090100.9924607,6431099,337.0
1781090101.243534,6431191,337.0
1781090104.24082,6432349,337.0
1781090106.2852108,6433079,337.0
1781090111.6385777,6435038,338.0
1781090113.137229,6435982,338.0
1781090114.7176688,6436607,338.0
1781090117.5330143,6437657,338.0
1781090121.172654,6439020,338.0
1781090124.844306,6440495,338.0
1781090128.1240392,6441702,338.0
1781090130.052733,6442393,338.0
1781090133.7332053,6443739,338.0
1781090137.7419243,6445331,338.0
1781090142.2285962,6447044,338.0
1781090144.4275799,6448148,338.0
1781090145.7629323,6448603,338.0
1781090162.8444698,6450507,337.0
1781090164.093738,6450993,337.0
1781090167.0202093,6452131,337.0
1781090168.790756,6452819,337.0
1781090172.009721,6453982,337.0
1781090174.653334,6454912,337.0
1781090176.9883983,6456089,337.0
1781090182.0035834,6458075,337.0
1781090183.7327478,6458740,337.0
1781090188.0018609,6460528,337.0
1781090189.890204,6461500,338.0
1781090191.7422888,6462453,338.0
1781090194.7888918,6464037,338.0
1781090195.9978108,6464657,338.0
1781090198.607357,6466003,338.0
1781090201.241274,6467355,338.0
1781090204.5439217,6469059,338.0
1781090207.0163934,6470329,338.0
1781090208.8797417,6471756,338.0
1781090209.9711792,6472328,338.0
1781090212.4868767,6473642,338.0
1781090213.0724213,6473942,338.0
1781090224.9437437,6475344,338.0
1781090227.5791318,6476538,338.0
1781090230.7282066,6478038,338.0
1781090234.0288095,6479589,338.0
1781090237.6168628,6481075,338.0
1781090240.6395392,6482805,338.0
1781090243.2584867,6484065,338.0
1781090245.5124497,6485191,338.0
1781090248.2576642,6486553,338.0
1781090250.0026116,6487427,338.0
1781090253.8728604,6489367,338.0
1781090254.691007,6489759,338.0
1781090257.429171,6491150,338.0
1781090258.9035883,6491787,338.0
1781090263.5630853,6493464,338.0
1781090266.610349,6494531,338.0
1781090271.1540062,6496279,338.0
1781090272.8762915,6497295,338.0
1781090277.852157,6499045,338.0
1781090294.9366755,6500533,338.0
1781090299.3123662,6502190,338.0
1781090301.2611094,6502970,338.0
1781090303.3978367,6504138,338.0
1781090308.1947298,6505800,338.0
1781090309.3576841,6506191,338.0
1781090313.1727967,6507627,338.0
1781090315.0605621,6508369,338.0
1781090318.4571512,6509682,338.0
1781090322.6153085,6511122,338.0
1781090326.798157,6512604,338.0
1781090330.9707286,6514227,338.0
1781090333.2440805,6515101,338.0
1781090334.664902,6515915,338.0
1781090339.0587666,6517406,338.0
1781090342.6376758,6518754,338.0
1781090345.8318856,6519998,338.0
1781090349.3285718,6521281,338.0
1781090351.6159399,6522057,338.0
1781090354.76644,6523170,338.0
1781090358.8023787,6524712,338.0
1781090374.2770338,6526453,338.0
1781090376.3655705,6527271,338.0
1781090380.1514547,6528667,338.0
1781090382.4742062,6529460,338.0
1781090388.5557399,6531711,338.0
1781090392.1422129,6533124,338.0
1781090393.917567,6533797,338.0
1781090397.6297638,6535061,338.0
1781090401.2871418,6536655,338.0
1781090403.6657057,6537586,338.0
1781090407.3741703,6539044,338.0
1781090409.0372295,6539629,338.0
1781090411.9985318,6540654,338.0
1781090417.3887565,6542630,338.0
1781090421.348939,6544211,338.0
1781090422.888888,6544807,338.0
1781090427.6060936,6546402,338.0
1781090430.8608782,6547895,338.0
1781090434.9809597,6549503,338.0
1781090451.847647,6550678,338.0
1781090454.492361,6551598,338.0
1781090460.2388334,6553629,338.0
1781090460.608826,6554129,338.0
1781090464.318006,6555588,338.0
1781090468.0046794,6556959,338.0
1781090472.7060342,6558583,338.0
1781090475.689816,6559682,338.0
1781090477.4559412,6560372,338.0
1781090480.3650181,6561516,338.0
1781090482.4656625,6562265,338.0
1781090488.9266016,6564652,338.0
1781090491.0570025,6565386,338.0
1781090491.945024,6565687,338.0
1781090494.7637184,6567012,338.0
1781090499.4881968,6568828,338.0
1781090501.9893253,6569808,338.0
1781090504.596686,6570765,338.0
1781090508.6693249,6572180,338.0
1781090512.5239356,6573585,338.0
1781090515.2292612,6574648,338.0
1781090528.234585,6575251,337.0
1781090530.490164,6576138,337.0
1781090535.4047792,6577964,337.0
1781090539.4843407,6579353,337.0
1781090543.7723687,6580999,337.0
1781090545.5132337,6581683,338.0
1781090548.556141,6582841,338.0
1781090552.2121713,6584097,338.0
1781090555.6615467,6585649,338.0
1781090558.3000343,6586683,338.0
1781090560.8923922,6587706,338.0
1781090563.4382749,6588645,338.0
1781090567.8837807,6590177,338.0
1781090572.2277174,6591774,338.0
1781090575.0599937,6592881,338.0
1781090578.0810964,6594027,338.0
1781090579.6873612,6594571,338.0
1781090584.13189,6596110,338.0
1781090587.1095998,6597600,338.0
1781090590.694508,6599033,338.0
1781090607.0844524,6600002,337.0
1781090610.2441173,6601106,337.0
1781090614.154758,6602558,337.0
1781090617.9539886,6604044,337.0
1781090619.1319153,6604827,337.0
1781090623.7121317,6606414,337.0
1781090625.4356346,6607004,337.0
1781090627.8105204,6607932,337.0
1781090631.3644373,6609334,337.0
1781090633.8649487,6610291,337.0
1781090637.5998266,6611619,337.0
1781090639.7795208,6612365,337.0
1781090643.5355802,6613811,337.0
1781090647.7582853,6615451,337.0
1781090650.264625,6616664,337.0
1781090655.4788325,6618540,337.0
1781090656.0905535,6618759,337.0
1781090659.2860339,6620020,337.0
1781090662.8289602,6621378,338.0
1781090667.1366122,6622858,338.0
1781090668.8216195,6623468,338.0
1781090672.612621,6624923,338.0
1781090687.5830858,6625691,337.0
1781090691.1919787,6627119,337.0
1781090695.5358055,6628603,337.0
1781090698.1439586,6629536,337.0
1781090701.036358,6630638,337.0
1781090705.3344107,6632340,337.0
1781090710.7784283,6634264,337.0
1781090712.5464776,6634880,337.0
1781090714.641248,6635958,337.0
1781090719.0456107,6637672,337.0
1781090719.7626004,6637958,337.0
1781090723.5737693,6639306,337.0
1781090729.018697,6641213,337.0
1781090731.787639,6642308,337.0
1781090734.2816336,6643278,337.0
1781090737.4936833,6644467,337.0
1781090739.7720766,6645257,337.0
1781090742.6303804,6646230,337.0
1781090745.6063836,6647745,337.0
1781090747.836885,6648621,337.0
1781090750.0878994,6649511,337.0
1781090762.127787,6651026,337.0
1781090766.2842765,6652613,337.0
1781090768.7939265,6653473,337.0
1781090775.8265824,6656089,337.0
1781090776.0938308,6656181,337.0
1781090778.761361,6657582,337.0
1781090782.939748,6659070,337.0
1781090784.3947132,6659594,337.0
1781090787.936555,6660789,337.0
1781090790.5927134,6661839,337.0
1781090794.291655,6663295,337.0
1781090795.9509819,6663952,337.0
1781090797.9287982,6664735,337.0
1781090800.9835079,6665834,337.0
1781090804.7157395,6667135,337.0
1781090807.9158714,6668724,337.0
1781090813.2158968,6670616,337.0
1781090817.5527647,6672233,337.0
1781090818.124479,6672452,337.0
1781090820.7619672,6673494,337.0
1781090836.9703176,6675003,337.0
1781090839.3567712,6676146,337.0
1781090844.6652803,6678054,337.0
1781090847.9954777,6679384,337.0
1781090849.386614,6679937,337.0
1781090853.4018018,6681421,337.0
1781090858.141615,6683102,337.0
1781090862.3382356,6684728,337.0
1781090865.5364609,6685975,337.0
1781090867.1935682,6686606,337.0
1781090870.9647052,6688294,337.0
1781090873.1037555,6689053,337.0
1781090878.283694,6691138,337.0
1781090881.3117638,6692261,337.0
1781090883.6820211,6693092,337.0
1781090887.9879572,6694574,337.0
1781090892.015515,6696153,337.0
1781090896.3342683,6697851,337.0
1781090898.6867075,6698697,337.0
1781090915.0337539,6700029,337.0
1781090919.047959,6701486,337.0
1781090922.320745,6702779,337.0
1781090924.5331962,6703632,337.0
1781090929.5816917,6705372,337.0
1781090931.9296396,6706179,337.0
1781090936.0789587,6708186,337.0
1781090941.0972905,6710053,337.0
1781090944.575503,6711287,337.0
1781090946.5168715,6711972,337.0
1781090949.4594166,6713162,337.0
1781090953.2587376,6714668,337.0
1781090956.595249,6715903,337.0
1781090959.6763918,6716983,337.0
1781090962.1736767,6717927,337.0
1781090965.478507,6719235,337.0
1781090968.1734183,6720640,337.0
1781090971.993289,6722009,337.0
1781090972.4973474,6722188,337.0
1781090978.6827462,6724672,337.0
1781090997.0226297,6725744,337.0
1781090998.3911912,6726575,337.0
1781091002.2954063,6728000,337.0
1781091008.8405578,6730601,337.0
1781091012.3632584,6731838,337.0
1781091013.3167596,6732169,337.0
1781091019.1756766,6734370,337.0
1781091022.3198767,6735629,337.0
1781091024.9215732,6736613,337.0
1781091027.871315,6737642,337.0
1781091030.9758253,6739052,337.0
1781091035.7089715,6740898,337.0
1781091039.9686248,6742499,337.0
1781091044.0527484,6743941,337.0
1781091046.7317615,6744989,337.0
1781091048.2270665,6745769,337.0
1781091051.3221407,6747387,337.0
1781091053.376842,6748479,337.0
1781091065.379767,6750255,337.0
1781091067.5556252,6751374,337.0
1781091070.128831,6752715,337.0
1781091073.457633,6754472,337.0
1781091074.8544295,6755205,337.0
1781091077.0430336,6756362,337.0
1781091079.6967022,6757726,337.0
1781091081.6654758,6758745,337.0
1781091085.2850997,6760637,337.0
1781091087.2066329,6761591,337.0
1781091090.2761257,6763015,337.0
1781091091.7641454,6763725,337.0
1781091094.3173518,6765408,337.0
1781091097.6350431,6767002,337.0
1781091100.873728,6768521,337.0
1781091104.0045984,6769969,337.0
1781091105.2441819,6770506,337.0
1781091108.3135006,6771880,338.0
1781091111.1900673,6773211,338.0
1781091114.2300982,6774661,338.0
1781091126.2902617,6775848,337.0
1781091130.0599475,6777601,337.0
1781091131.5601776,6778339,337.0
1781091134.1816912,6779534,337.0
1781091136.8532517,6780775,337.0
1781091140.148753,6782385,337.0
1781091143.4999292,6784015,338.0
1781091145.735784,6785063,338.0
1781091149.0196874,6786625,338.0
1781091151.1737897,6787654,338.0
1781091153.1152468,6788563,338.0
1781091156.331161,6790538,338.0
1781091157.7269545,6791216,338.0
1781091161.384817,6792937,338.0
1781091164.0431843,6794268,338.0
1781091166.4926462,6795446,338.0
1781091167.4308085,6795904,338.0
1781091170.3922443,6797261,338.0
1781091173.8623025,6798799,338.0
1781091176.350161,6799979,338.0
1781091193.151212,6802131,338.0
1781091195.2808082,6802974,338.0
1781091198.002495,6804010,338.0
1781091202.5644991,6805579,338.0
1781091207.118246,6807248,338.0
1781091209.2905755,6808111,338.0
1781091215.2314954,6810340,338.0
1781091216.1360066,6810652,338.0
1781091220.1605198,6812405,338.0
1781091223.179478,6813594,338.0
1781091225.5370927,6814498,338.0
1781091231.7864408,6816685,338.0
1781091232.3990748,6816891,338.0
1781091235.9115431,6818146,338.0
1781091239.7534719,6819654,338.0
1781091241.799374,6820465,338.0
1781091246.007478,6821899,338.0
1781091248.7150075,6822806,338.0
1781091251.2202737,6824096,338.0
1781091269.9398665,6825643,337.0
1781091273.84272,6827044,337.0
1781091276.451264,6828005,337.0
1781091280.0628345,6829418,337.0
1781091283.4685032,6831029,337.0
1781091287.3361523,6832356,338.0
1781091293.625706,6834557,338.0
1781091295.958241,6835475,338.0
1781091298.184873,6836351,338.0
1781091302.5069294,6837937,338.0
1781091306.6206996,6839371,338.0
1781091311.064445,6841066,338.0
1781091313.0940702,6841861,338.0
1781091315.841752,6843248,338.0
1781091319.263294,6844474,338.0
1781091324.7885783,6846512,338.0
1781091328.1523921,6847826,338.0
1781091331.171768,6848977,338.0
1781091333.2559373,6849724,338.0
1781091352.0546463,6851597,337.0
1781091355.38125,6852900,337.0
1781091362.730184,6855622,337.0
1781091367.7285295,6857389,337.0
1781091368.3933246,6857650,337.0
1781091370.973953,6858676,337.0
1781091375.6928048,6860452,337.0
1781091376.0988245,6860911,337.0
1781091379.9632797,6862241,337.0
1781091382.7694254,6863295,337.0
1781091385.6888235,6864443,337.0
1781091387.423015,6865116,337.0
1781091391.2132273,6866489,337.0
1781091397.2277234,6868612,337.0
1781091397.4815648,6868704,337.0
1781091400.9541795,6870054,337.0
1781091404.5446012,6871425,337.0
1781091408.0363185,6872666,337.0
1781091409.4104006,6873447,337.0
1781091412.9662368,6874801,337.0
1781091431.7418735,6876582,337.0
1781091435.7897463,6878070,337.0
1781091439.4144318,6879734,337.0
1781091443.4810185,6881355,337.0
1781091444.3780239,6881707,337.0
1781091447.2530077,6882826,337.0
1781091451.9264884,6884459,337.0
1781091455.0157287,6885556,337.0
1781091458.5737069,6886946,337.0
1781091460.833388,6887820,337.0
1781091466.9313145,6890002,337.0
1781091469.1639588,6890783,337.0
1781091473.4279625,6892809,337.0
1781091475.4154181,6893599,337.0
1781091477.658004,6894438,337.0
1781091480.7217722,6895500,337.0
1781091481.6742003,6895825,337.0
1781091485.3674157,6897191,337.0
1781091487.314517,6897967,337.0
1781091490.9054403,6899383,337.0
1781091509.1505632,6900912,337.0
1781091514.252421,6902782,337.0
1781091518.7532,6904577,337.0
1781091519.191751,6904746,337.0
1781091524.0048065,6906525,337.0
1781091525.787676,6907165,337.0
1781091528.7464273,6908212,337.0
1781091532.776822,6909806,337.0
1781091534.5885513,6910521,337.0
1781091536.5785832,6911597,337.0
1781091540.717772,6913057,337.0
1781091545.0210989,6914697,337.0
1781091548.6561675,6916141,337.0
1781091550.31464,6916774,337.0
1781091553.5707583,6917948,337.0
1781091558.125103,6919621,337.0
1781091560.1680553,6920432,337.0
1781091562.2679322,6921272,337.0
1781091565.4267597,6922818,337.0
1781091568.7041378,6924054,337.0
1781091585.1858006,6925286,337.0
1781091586.5862775,6925833,337.0
1781091590.9300008,6927452,337.0
1781091592.7901182,6928082,337.0
1781091596.812005,6929490,337.0
1781091597.9801393,6930312,337.0
1781091601.8834553,6931842,337.0
1781091604.3416817,6932745,337.0
1781091607.0002706,6933691,337.0
1781091611.4172108,6935215,337.0
1781091614.9682908,6936612,337.0
1781091619.3632572,6938310,337.0
1781091621.8378074,6939180,337.0
1781091625.805407,6940549,337.0
1781091626.3796039,6940754,337.0
1781091629.433942,6941967,337.0
1781091631.4275773,6943102,337.0
1781091632.9190905,6943672,337.0
1781091636.5466146,6944959,337.0
1781091639.7206705,6946069,337.0
1781091644.1779783,6947810,337.0
1781091647.6399198,6949159,337.0
1781091663.323123,6950485,337.0
1781091669.499704,6952698,337.0
1781091669.731768,6952790,337.0
1781091673.880564,6954437,337.0
1781091678.0767362,6956029,337.0
1781091681.4767308,6957190,337.0
1781091686.3327687,6959009,337.0
1781091687.7558367,6959563,337.0
1781091690.2746403,6960558,337.0
1781091691.9638221,6961553,337.0
1781091698.6301944,6963960,337.0
1781091699.1213202,6964149,337.0
1781091702.5251896,6965388,337.0
1781091704.6111598,6966205,337.0
1781091709.578904,6968195,337.0
1781091711.796867,6968999,337.0
1781091713.6761618,6969646,337.0
1781091716.3898563,6970589,337.0
1781091719.7521324,6971879,337.0
1781091723.834669,6973405,337.0
1781091743.9848855,6975226,337.0
1781091749.0492935,6977042,337.0
1781091749.2885816,6977134,337.0
1781091752.4279275,6978267,337.0
1781091755.2721643,6979599,337.0
1781091756.8852623,6980156,337.0
1781091758.6078436,6980765,337.0
1781091761.0518975,6981638,337.0
1781091767.0831428,6983825,337.0
1781091771.0627544,6985244,337.0
1781091774.2679245,6986395,337.0
1781091775.668822,6986894,337.0
1781091777.705738,6987608,337.0
1781091782.7513242,6989450,337.0
1781091785.476196,6990424,337.0
1781091787.3106081,6991082,337.0
1781091791.9775643,6993100,337.0
1781091794.427443,6993959,337.0
1781091798.8409855,6995525,337.0
1781091802.5609097,6996879,337.0
1781091805.558384,6997965,337.0
1781091809.5668118,6999396,337.0
1781091810.8996344,6999874,337.0
1781091830.393981,7001431,337.0
1781091834.2769418,7002848,337.0
1781091837.0762897,7003814,337.0
1781091839.3962958,7004586,337.0
1781091842.1479375,7005587,337.0
1781091845.7168782,7007160,337.0
1781091848.628203,7008584,337.0
1781091852.5988781,7010490,337.0
1781091853.7808826,7011042,337.0
1781091855.978382,7012149,337.0
1781091859.4968038,7013854,337.0
1781091863.6348958,7015866,337.0
1781091865.191689,7016695,337.0
1781091867.5232165,7017898,337.0
1781091870.003254,7019189,337.0
1781091871.8790987,7020157,337.0
1781091875.788627,7022198,337.0
1781091877.6397622,7023189,337.0
1781091878.4027078,7023592,337.0
1781091902.0398285,7025257,337.0
1781091905.719505,7026558,337.0
1781091909.6298022,7028084,337.0
1781091912.9097228,7029364,337.0
1781091914.7487142,7030357,337.0
1781091918.170034,7031652,337.0
1781091922.183386,7033122,337.0
1781091926.7623463,7034732,337.0
1781091929.6797647,7035858,337.0
1781091931.7574744,7036669,337.0
1781091934.0689094,7037586,337.0
1781091938.0371466,7038992,337.0
1781091942.5895464,7040612,337.0
1781091943.6334915,7041014,337.0
1781091945.0715065,7041937,337.0
1781091946.9159033,7042667,337.0
1781091951.4263256,7044355,337.0
1781091953.8733304,7045495,337.0
1781091955.8329973,7046525,337.0
1781091958.5684805,7047965,337.0
1781091961.3193822,7049406,337.0
1781091975.230731,7051350,337.0
1781091977.0284877,7052774,337.0
1781091979.0930712,7053853,337.0
1781091983.4984865,7055894,337.0
1781091983.8784976,7056040,337.0
1781091986.5417933,7057294,337.0
1781091991.8639777,7059520,337.0
1781091993.9512515,7060274,337.0
1781091999.6539836,7062464,337.0
1781092001.0374577,7063014,337.0
1781092005.5976553,7064726,337.0
1781092009.351929,7066422,337.0
1781092012.1048815,7067495,337.0
1781092017.65163,7069697,337.0
1781092018.99609,7070188,337.0
1781092020.9782963,7070865,337.0
1781092027.704766,7073379,337.0
1781092045.2004747,7075378,337.0
1781092049.2024662,7076816,337.0
1781092049.4656007,7076902,337.0
1781092054.127264,7078614,337.0
1781092057.3402221,7079881,337.0
1781092059.8642688,7080894,337.0
1781092063.103169,7082074,337.0
1781092066.493301,7083273,337.0
1781092070.053369,7084566,337.0
1781092072.5647972,7085833,337.0
1781092075.5899549,7086876,337.0
1781092077.8373606,7087724,337.0
1781092081.106842,7088999,337.0
1781092085.6110303,7090662,337.0
1781092087.715936,7091396,337.0
1781092090.6818643,7092416,337.0
1781092094.037345,7093692,337.0
1781092098.7579896,7095542,337.0
1781092101.6752446,7096576,337.0
1781092104.0927076,7097716,337.0
1781092109.713421,7099868,337.0
1781092126.6196995,7100611,337.0
1781092128.1943593,7101191,337.0
1781092131.8381543,7102459,337.0
1781092135.92255,7104251,337.0
1781092138.6556125,7105309,337.0
1781092142.4576936,7106761,337.0
1781092142.812246,7106881,337.0
1781092148.3799455,7108828,337.0
1781092153.6484506,7110834,337.0
1781092155.2662354,7111476,337.0
1781092161.5072992,7113837,337.0
1781092163.2265615,7114444,337.0
1781092166.471843,7115918,337.0
1781092169.6145675,7117158,337.0
1781092173.2643518,7118617,337.0
1781092175.9115417,7119581,337.0
1781092179.4377592,7120926,337.0
1781092182.9872103,7122320,337.0
1781092184.3141167,7122835,337.0
1781092188.7387857,7124434,337.0
1781092189.6976788,7124759,337.0
1781092205.4458039,7125438,337.0
1781092209.5696843,7126961,337.0
1781092212.035794,7127883,337.0
1781092214.1566017,7128622,337.0
1781092215.985424,7129198,337.0
1781092220.0942042,7130641,337.0
1781092224.3532124,7132303,337.0
1781092227.1809645,7133403,337.0
1781092230.0347335,7134810,337.0
1781092232.6151512,7135723,337.0
1781092236.083209,7136985,337.0
1781092239.1045578,7138166,337.0
1781092243.007205,7139686,337.0
1781092247.220588,7141212,337.0
1781092247.9890172,7141483,337.0
1781092251.5284567,7142756,337.0
1781092255.8580048,7144487,337.0
1781092257.2584894,7145045,337.0
1781092260.6495852,7146644,337.0
1781092264.5055625,7148018,337.0
1781092266.317665,7148702,337.0
1781092282.3610463,7150182,337.0
1781092283.5747547,7150657,337.0
1781092288.7082226,7152633,337.0
1781092289.4483054,7152903,337.0
1781092292.4268978,7153976,337.0
1781092295.4039648,7155434,337.0
1781092299.0301044,7156888,337.0
1781092302.8873842,7158387,337.0
1781092304.6065385,7158989,337.0
1781092306.7580154,7159766,337.0
1781092309.568697,7160793,337.0
1781092313.7741714,7162459,337.0
1781092315.9266772,7163315,337.0
1781092321.3919182,7165298,337.0
1781092322.061914,7165542,337.0
1781092324.1938736,7166338,337.0
1781092326.5549593,7167663,337.0
1781092331.0215034,7169406,337.0
1781092331.7724996,7169673,337.0
1781092335.5520005,7171031,337.0
1781092340.4740915,7172818,337.0
1781092344.6194363,7174466,337.0
1781092358.9844916,7175208,337.0
1781092360.8917418,7175910,337.0
1781092364.4785721,7177176,337.0
1781092370.2237413,7179344,337.0
1781092372.9282641,7180386,337.0
1781092378.1724365,7182293,337.0
1781092380.3125105,7183065,337.0
1781092384.2973735,7184545,337.0
1781092387.7272487,7186265,337.0
1781092390.9612021,7187445,337.0
1781092395.5950274,7189073,337.0
1781092398.3493264,7190135,337.0
1781092400.3283844,7190929,337.0
1781092403.3298085,7192122,337.0
1781092406.1612585,7193119,337.0
1781092413.2587912,7195698,337.0
1781092415.2479508,7196477,337.0
1781092418.3126519,7198084,337.0
1781092422.614878,7199653,337.0
1781092441.2716625,7201335,337.0
1781092444.2394526,7202415,337.0
1781092445.6746678,7202915,337.0
1781092449.839356,7204436,337.0
1781092453.1556892,7206132,337.0
1781092458.1325262,7207980,337.0
1781092460.642402,7208883,337.0
1781092465.845091,7210807,337.0
1781092467.6582465,7211513,337.0
1781092470.6591678,7212715,337.0
1781092475.0730205,7214299,337.0
1781092477.6568706,7215203,337.0
1781092481.9759455,7216858,337.0
1781092481.680706,7217116,337.0
1781092484.3231242,7218163,337.0
1781092489.506971,7220019,337.0
1781092493.4743423,7221452,337.0
1781092496.3290672,7222545,337.0
1781092500.1037037,7223914,337.0
1781092503.0273173,7224947,337.0
1781092523.0359445,7226432,336.0
1781092526.6474044,7228098,336.0
1781092527.1594782,7228344,336.0
1781092529.9552453,7229786,336.0
1781092533.6216087,7231708,336.0
1781092535.867357,7232869,336.0
1781092538.8721468,7234431,337.0
1781092541.879739,7235988,337.0
1781092542.717554,7236424,337.0
1781092544.9133403,7238034,337.0
1781092546.7912793,7239017,337.0
1781092547.589896,7239432,337.0
1781092548.7796876,7240045,337.0
1781092551.6176634,7241517,337.0
1781092553.4776092,7242471,337.0
1781092554.9217353,7243218,337.0
1781092558.0357747,7244819,337.0
1781092559.2121298,7245405,337.0
1781092561.7250555,7246705,337.0
1781092564.3992043,7248090,337.0
1781092567.3163965,7249594,337.0
1781092577.1260247,7250834,337.0
1781092580.2814133,7252470,337.0
1781092581.142707,7252910,337.0
1781092583.3104715,7254045,337.0
1781092585.8827682,7255394,337.0
1781092589.9884582,7257500,337.0
1781092591.4454174,7258240,337.0
1781092593.6943583,7259310,337.0
1781092595.9946232,7260410,337.0
1781092599.772156,7262287,337.0
1781092602.4652734,7263612,337.0
1781092605.8476844,7265031,337.0
1781092607.8532894,7266082,337.0
1781092612.3967116,7267731,337.0
1781092616.020277,7269069,337.0
1781092619.9089317,7270494,337.0
1781092624.5017698,7272114,337.0
1781092625.5405002,7272489,337.0
1781092629.4798574,7273930,337.0
1781092632.4689708,7274957,337.0
1781092651.3500197,7277193,337.0
1781092651.8549728,7277383,337.0
1781092654.6545365,7278414,337.0
1781092658.0256016,7279669,337.0
1781092661.5529964,7280933,337.0
1781092662.5429418,7281290,337.0
1781092666.6966853,7282759,337.0
1781092670.5929399,7284174,337.0
1781092673.4986625,7285535,337.0
1781092677.401185,7286895,337.0
1781092678.6119998,7287315,337.0
1781092682.4943311,7288636,337.0
1781092683.3231323,7288905,337.0
1781092688.182289,7290791,337.0
1781092689.23421,7291318,337.0
1781092692.9095461,7293243,337.0
1781092693.275052,7293417,337.0
1781092696.8656647,7295084,337.0
1781092699.3331716,7296311,337.0
1781092702.2995176,7297802,337.0
1781092704.3061109,7299081,337.0
1781092705.1624172,7299406,337.0
1781092720.4321027,7300648,337.0
1781092724.7830968,7302321,337.0
1781092729.296759,7303827,337.0
1781092730.2245169,7304147,337.0
1781092734.8470743,7306259,337.0
1781092736.9879904,7307114,337.0
1781092742.274753,7308962,337.0
1781092746.3569484,7310395,337.0
1781092751.6210008,7312265,337.0
1781092756.2509596,7313829,337.0
1781092757.2815623,7314185,337.0
1781092762.0749032,7315826,337.0
1781092765.5943396,7317029,337.0
1781092768.586664,7318383,337.0
1781092772.2523794,7319628,337.0
1781092775.10101,7320598,337.0
1781092778.9898167,7321879,337.0
1781092783.6713614,7323514,337.0
1781092785.8121097,7324244,337.0
1781092804.1951823,7326126,337.0
1781092807.4318173,7327247,337.0
1781092810.622214,7328349,337.0
1781092816.3707528,7330363,337.0
1781092821.1151242,7332028,337.0
1781092824.2522933,7333126,337.0
1781092825.262051,7333590,337.0
1781092827.6661797,7334828,337.0
1781092830.3735633,7336655,337.0
1781092831.4906435,7337210,337.0
1781092835.0886729,7339077,337.0
1781092837.6974962,7340410,337.0
1781092840.4074757,7341818,337.0
1781092843.040658,7343174,337.0
1781092845.609125,7344495,337.0
1781092849.6058688,7346589,337.0
1781092850.106662,7346849,337.0
1781092852.978292,7348292,337.0
1781092856.476964,7349962,337.0
1781092870.678479,7351209,337.0
1781092873.4920328,7352426,337.0
1781092878.6321385,7354311,337.0
1781092881.6147382,7355528,337.0
1781092885.2567346,7357224,337.0
1781092886.3812492,7357749,337.0
1781092889.6153219,7359367,337.0
1781092891.89837,7360904,337.0
1781092895.6406994,7362646,337.0
1781092899.9867046,7364185,337.0
1781092902.8166997,7365170,337.0
1781092907.5939705,7366819,337.0
1781092908.7715864,7367247,337.0
1781092911.8690968,7368402,337.0
1781092916.0968392,7370434,337.0
1781092917.0427244,7370885,337.0
1781092919.4007277,7372018,337.0
1781092922.8114848,7373652,337.0
1781092940.3727663,7375510,337.0
1781092942.064295,7376103,337.0
1781092946.849937,7377820,337.0
1781092952.264308,7379718,337.0
1781092953.511588,7380146,337.0
1781092956.601069,7381505,337.0
1781092959.1735506,7382405,337.0
1781092964.148153,7384153,337.0
1781092969.5605853,7386046,337.0
1781092972.5168488,7387080,337.0
1781092976.7361596,7388623,337.0
1781092980.6184895,7389988,337.0
1781092984.1587589,7391271,337.0
1781092985.5582619,7391774,337.0
1781092988.5265956,7393200,337.0
1781092993.2304776,7394874,337.0
1781092997.0702555,7396237,337.0
1781092997.436909,7396355,337.0
1781093001.780933,7397879,337.0
1781093006.2267442,7399486,337.0
1781093022.1748445,7401420,337.0
1781093025.919903,7402761,337.0
1781093029.6817935,7404146,337.0
1781093031.481084,7404781,337.0
1781093034.8027651,7405991,337.0
1781093038.587404,7407351,337.0
1781093041.8290658,7408474,337.0
1781093047.5131223,7410524,337.0
1781093048.050521,7410693,337.0
1781093051.0882816,7412039,337.0
1781093051.601811,7412208,337.0
1781093057.0896912,7414316,337.0
1781093060.8085964,7415665,337.0
1781093061.3668673,7415867,337.0
1781093065.1760178,7417300,337.0
1781093068.6688862,7418697,337.0
1781093072.178423,7420042,337.0
1781093076.9472845,7421735,337.0
1781093078.9917045,7422440,337.0
1781093081.3315914,7423723,337.0
1781093098.6527593,7425365,337.0
1781093102.7315445,7426998,337.0
1781093107.89427,7428968,337.0
1781093110.831347,7429996,337.0
1781093113.0322573,7430780,337.0
1781093114.8627653,7431853,337.0
1781093122.9683845,7434990,337.0
1781093125.519911,7435898,337.0
1781093127.4749637,7436591,337.0
1781093129.4832196,7437364,337.0
1781093130.854191,7437890,337.0
1781093134.1270163,7439202,337.0
1781093137.20588,7440355,337.0
1781093141.669101,7441933,337.0
1781093142.7551088,7442319,337.0
1781093146.6946046,7444101,337.0
1781093150.191922,7445362,337.0
1781093153.257912,7446483,337.0
1781093154.4885142,7446962,337.0
1781093158.4492104,7448539,337.0
1781093161.6202312,7449767,337.0
1781093175.853979,7450831,337.0
1781093179.1668587,7452346,337.0
1781093182.5596716,7453539,337.0
1781093184.1863472,7454157,337.0
1781093187.2805946,7455383,337.0
1781093191.2016032,7456890,337.0
1781093192.7912583,7457444,337.0
1781093196.1559513,7458668,337.0
1781093201.0997703,7460574,337.0
1781093204.7624555,7462029,337.0
1781093208.1155825,7463567,337.0
1781093209.9668658,7464225,337.0
1781093216.5920403,7466586,337.0
1781093218.852016,7467431,337.0
1781093224.0288465,7469402,337.0
1781093228.5189133,7471175,337.0
1781093232.5862284,7472646,337.0
1781093234.773533,7473432,337.0
1781093237.7310688,7474469,337.0
1781093255.063683,7475791,337.0
1781093256.4566114,7476362,337.0
1781093260.6162806,7477964,337.0
1781093264.1130023,7479209,337.0
1781093267.7348688,7480548,337.0
1781093270.9574623,7481847,337.0
1781093272.9460719,7483017,337.0
1781093275.9875855,7484093,337.0
1781093276.7133107,7484343,337.0
1781093281.829517,7486142,337.0
1781093286.2600565,7487885,337.0
1781093290.3109074,7489452,337.0
1781093293.400145,7490559,337.0
1781093295.604867,7491347,337.0
1781093298.2237527,7492338,337.0
1781093302.4095137,7493999,337.0
1781093304.3376284,7495073,337.0
1781093307.7593493,7496277,337.0
1781093311.7603898,7497734,337.0
1781093315.1973822,7499096,337.0
1781093332.5604336,7500296,336.0
1781093333.906192,7501193,336.0
1781093336.4497004,7502198,336.0
1781093339.105583,7503130,336.0
1781093341.0414333,7503833,336.0
1781093345.8194373,7505588,336.0
1781093349.9266167,7507207,336.0
1781093352.4244928,7508152,337.0
1781093354.5591075,7508928,337.0
1781093356.67321,7509677,337.0
1781093361.1116805,7511325,337.0
1781093363.0475047,7512078,337.0
1781093368.3093696,7514384,337.0
1781093370.7953289,7515236,337.0
1781093373.4957306,7516204,337.0
1781093377.9137452,7517968,337.0
1781093382.0550835,7519546,337.0
1781093384.3655698,7520354,337.0
1781093384.9639235,7520558,337.0
1781093388.8919723,7521941,337.0
1781093392.1835651,7523272,337.0
1781093396.431044,7524933,337.0
1781093411.754414,7525921,336.0
1781093414.8263075,7527010,336.0
1781093417.526611,7528031,336.0
1781093422.7117693,7529968,336.0
1781093426.900423,7531428,336.0
1781093429.9897866,7532964,336.0
1781093430.9366229,7533319,336.0
1781093436.2418728,7535321,336.0
1781093441.3974106,7537072,336.0
1781093443.5267186,7537829,336.0
1781093449.943518,7540316,336.0
1781093451.48635,7540870,336.0
1781093454.4844203,7541975,336.0
1781093457.063525,7542887,336.0
1781093460.89171,7544340,336.0
1781093464.8578045,7546179,337.0
1781093465.702471,7546486,337.0
1781093469.073148,7547690,337.0
1781093473.3334203,7549239,337.0
1781093490.548752,7550592,336.0
1781093493.2529948,7552037,336.0
1781093493.818407,7552258,336.0
1781093496.8611877,7553302,336.0
1781093501.4897838,7554915,336.0
1781093505.386021,7556431,336.0
1781093507.1733406,7557131,336.0
1781093513.4723756,7559425,336.0
1781093513.7341583,7559517,336.0
1781093517.5477145,7560877,336.0
1781093521.4039116,7562391,336.0
1781093523.206564,7563068,336.0
1781093526.5238788,7564585,336.0
1781093530.6836648,7566027,336.0
1781093534.6819866,7567565,336.0
1781093536.5931704,7568293,336.0
1781093539.6323097,7569430,336.0
1781093541.9228168,7570229,336.0
1781093544.689247,7571209,336.0
1781093548.178809,7572497,336.0
1781093551.3580952,7573738,336.0
1781093553.7229059,7574667,336.0
1781093570.0812147,7576272,336.0
1781093570.927724,7576570,336.0
1781093573.4859192,7577437,336.0
1781093576.809518,7578660,336.0
1781093580.9680398,7580281,336.0
1781093582.4132903,7580837,336.0
1781093585.1272933,7581817,336.0
1781093588.9401839,7583498,336.0
1781093593.4918294,7585274,336.0
1781093597.5054297,7587014,336.0
1781093598.5533037,7587562,336.0
1781093600.5148084,7588602,336.0
1781093603.8537102,7590354,336.0
1781093606.6442037,7591821,336.0
1781093609.8539665,7593521,336.0
1781093610.4745588,7593840,336.0
1781093612.2600172,7594786,336.0
1781093614.76059,7596096,336.0
1781093617.708472,7597640,337.0
1781093618.2933552,7598423,337.0
1781093620.4297707,7599540,337.0
1781093634.2186704,7601077,336.0
1781093637.3052013,7602174,336.0
1781093641.602988,7603836,336.0
1781093645.8759654,7605966,336.0
1781093650.355319,7608126,336.0
1781093650.4168713,7608627,337.0
1781093653.5257938,7610246,337.0
1781093655.495714,7611233,337.0
1781093659.3918066,7612820,337.0
1781093662.2726998,7613899,337.0
1781093667.278655,7615682,337.0
1781093671.3219144,7617250,337.0
1781093674.785874,7619033,337.0
1781093677.0515642,7620203,337.0
1781093679.1783617,7621313,337.0
1781093680.077276,7621781,337.0
1781093681.8291457,7623154,337.0
1781093683.7054756,7624053,337.0
1781093700.2267277,7625746,337.0
1781093701.1692638,7626112,337.0
1781093704.4519243,7627310,337.0
1781093708.1724951,7628616,337.0
1781093712.8929276,7630707,337.0
1781093716.9951532,7632312,337.0
1781093719.866175,7633356,337.0
1781093721.6849122,7633994,337.0
1781093724.2853973,7634898,337.0
1781093727.452079,7636118,337.0
1781093729.8274677,7637046,337.0
1781093733.1627424,7638331,337.0
1781093736.6924345,7639584,337.0
1781093739.7175035,7640609,337.0
1781093741.4567847,7641283,337.0
1781093744.5431223,7642889,337.0
1781093747.0717182,7643870,337.0
1781093751.0417497,7645269,337.0
1781093755.95923,7647076,337.0
1781093759.287171,7648373,337.0
1781093762.859914,7649761,337.0
1781093779.420932,7650594,336.0
1781093781.931238,7651445,336.0
1781093786.4056647,7653114,336.0
1781093789.6873167,7654407,336.0
1781093791.9260821,7655251,336.0
1781093798.0775328,7657449,336.0
1781093800.2449527,7658305,336.0
1781093803.239011,7659489,336.0
1781093804.431482,7659959,336.0
1781093807.4325476,7661085,336.0
1781093808.332729,7661693,336.0
1781093812.3558638,7663107,337.0
1781093816.7268746,7664825,337.0
1781093820.0903504,7666145,337.0
1781093823.6346607,7667393,337.0
1781093826.4268112,7668368,337.0
1781093828.27066,7669046,337.0
1781093833.8665955,7671302,337.0
1781093835.900481,7672080,337.0
1781093839.044382,7673229,337.0
1781093857.5246162,7675185,336.0
1781093859.4922264,7675961,336.0
1781093863.2100775,7677451,336.0
1781093866.079887,7678519,336.0
1781093871.2454221,7680334,336.0
1781093873.339719,7681499,336.0
1781093877.1317036,7683003,336.0
1781093880.0729146,7684187,336.0
1781093884.165697,7685809,336.0
1781093887.5839381,7687042,336.0
1781093888.3589005,7687302,336.0
1781093891.8602724,7688525,336.0
1781093896.0736883,7690167,336.0
1781093899.6116035,7691560,336.0
1781093902.3546412,7692883,336.0
1781093904.7174804,7693693,336.0
1781093908.615198,7695129,336.0
1781093910.524828,7695880,336.0
1781093914.5420976,7697444,336.0
1781093917.8740506,7698608,336.0
1781093918.4659445,7698808,336.0
1781093934.309873,7700073,336.0
1781093939.0016031,7702135,336.0
1781093943.2061841,7703748,336.0
1781093943.965734,7704012,336.0
1781093950.597977,7706298,336.0
1781093952.288999,7706914,336.0
1781093956.3538733,7708544,336.0
1781093958.3698037,7709346,336.0
1781093963.4689837,7711182,336.0
1781093968.1444833,7713295,336.0
1781093968.8272414,7713574,336.0
1781093972.2615058,7714945,336.0
1781093975.7942052,7716197,336.0
1781093979.3738852,7717480,336.0
1781093982.2474914,7718564,336.0
1781093984.8381596,7719590,336.0
1781093988.661335,7721088,336.0
1781093993.8953981,7722913,336.0
1781093996.921178,7724433,336.0
1781094015.2362986,7725420,336.0
1781094018.5961454,7726669,336.0
1781094022.0330698,7727861,336.0
1781094026.3834538,7729470,336.0
1781094029.005558,7730505,336.0
1781094031.0395138,7731675,336.0
1781094033.531219,7732532,336.0
1781094036.631486,7733635,336.0
1781094039.4871023,7734641,336.0
1781094044.2159936,7736516,336.0
1781094046.8684547,7737520,336.0
1781094048.7087948,7738171,336.0
1781094053.794385,7739934,336.0
1781094058.0341053,7741616,336.0
1781094059.2902617,7742096,336.0
1781094064.9492538,7744483,336.0
1781094065.5515783,7744689,336.0
1781094070.5083869,7746533,336.0
1781094073.9780915,7747888,336.0
1781094075.782466,7748600,336.0
1781094077.6209002,7749233,336.0
1781094091.6693482,7750478,336.0
1781094095.8376217,7751943,336.0
1781094098.4488814,7752894,336.0
1781094099.8832846,7753475,336.0
1781094101.8002548,7754222,336.0
1781094104.7326488,7755355,336.0
1781094109.2176735,7756930,336.0
1781094112.3309884,7758024,336.0
1781094114.8991444,7759024,336.0
1781094119.5140507,7760836,336.0
1781094123.7338395,7762328,336.0
1781094127.1507864,7763855,336.0
1781094129.8593836,7764916,336.0
1781094134.0127356,7766554,336.0
1781094136.3663518,7767454,336.0
1781094139.8916693,7768796,336.0
1781094144.4320247,7770354,336.0
1781094146.7565703,7771175,336.0
1781094149.3746715,7772198,336.0
1781094153.5772297,7773864,336.0
1781094171.1803892,7775395,336.0
1781094176.48491,7777331,336.0
1781094181.0200799,7779069,336.0
1781094183.5309358,7779958,336.0
1781094187.2290938,7781454,336.0
1781094190.9235933,7782749,336.0
1781094195.719379,7784428,336.0
1781094199.4891708,7785724,336.0
1781094204.1545265,7787538,336.0
1781094207.4356573,7788826,336.0
1781094210.1049345,7789745,336.0
1781094215.2563126,7791560,336.0
1781094217.8219025,7792574,336.0
1781094221.3565257,7794347,336.0
1781094222.109918,7794624,336.0
1781094226.6907198,7796203,336.0
1781094230.7621562,7797688,336.0
1781094234.9497578,7799344,336.0
1781094236.5281847,7799965,336.0
1781094255.5204906,7802112,336.0
1781094257.9376268,7802972,336.0
1781094259.9878252,7803748,336.0
1781094262.9646895,7804930,336.0
1781094267.31888,7806644,336.0
1781094268.5584242,7807133,336.0
1781094273.883176,7809077,336.0
1781094278.0032248,7810488,336.0
1781094280.9695985,7812016,336.0
1781094285.6379611,7813828,336.0
1781094287.571171,7814505,336.0
1781094290.6153443,7815690,336.0
1781094292.6351612,7816370,336.0
1781094298.7914398,7818536,336.0
1781094301.3627467,7819540,336.0
1781094305.74388,7821249,336.0
1781094307.0568364,7821705,336.0
1781094311.471149,7823276,336.0
1781094313.892837,7824440,336.0
1781094332.0590553,7826381,336.0
1781094332.479899,7826548,336.0
1781094336.0780597,7828264,336.0
1781094338.856964,7829701,336.0
1781094340.43627,7830502,336.0
1781094343.551803,7832105,336.0
1781094344.183476,7832903,336.0
1781094345.7090745,7833677,336.0
1781094348.6549006,7835203,336.0
1781094350.8272157,7836322,336.0
1781094354.6877925,7838292,336.0
1781094355.9546406,7838940,336.0
1781094358.7671487,7840375,336.0
1781094362.4533787,7842240,336.0
1781094364.5572417,7843316,336.0
1781094368.5877643,7845325,336.0
1781094369.1524723,7845584,336.0
1781094372.0384605,7846866,336.0
1781094375.2345748,7848440,336.0
1781094376.3475387,7849527,336.0
1781094394.565967,7851180,336.0
1781094397.658901,7852274,336.0
1781094402.075655,7853841,336.0
1781094406.8136759,7855551,336.0
1781094408.4300616,7856486,336.0
1781094413.5914853,7858318,336.0
1781094415.9839582,7859164,336.0
1781094418.603239,7860121,336.0
1781094421.162192,7861066,336.0
1781094422.3246272,7861487,336.0
1781094426.6029696,7863004,336.0
1781094427.8620925,7863456,336.0
1781094432.5841775,7865169,336.0
1781094436.4869268,7866565,336.0
1781094439.8144748,7868060,336.0
1781094442.67875,7869070,336.0
1781094449.227732,7871387,336.0
1781094449.4752207,7871479,336.0
1781094453.9421036,7873096,336.0
1781094458.4007084,7874686,336.0
1781094474.9940348,7875908,336.0
1781094476.4525495,7876415,336.0
1781094479.5888894,7877529,336.0
1781094483.7186146,7879036,336.0
1781094487.8471115,7880493,336.0
1781094490.592188,7881475,336.0
1781094494.2458496,7882798,336.0
1781094497.9281626,7884135,336.0
1781094502.1002953,7885614,336.0
1781094504.6623433,7886843,336.0
1781094508.6426055,7888251,336.0
1781094509.4062748,7888514,336.0
1781094513.3954024,7889918,336.0
1781094517.4632106,7891342,336.0
1781094521.420067,7892731,336.0
1781094523.4322557,7893439,336.0
1781094526.281259,7894437,336.0
1781094529.6979043,7895667,336.0
1781094533.8048244,7897429,336.0
1781094538.0593488,7898940,336.0
1781094556.9226332,7900166,336.0
1781094559.8371577,7901172,336.0
1781094563.9518979,7902640,336.0
1781094565.8859549,7903649,336.0
1781094569.7783415,7905030,336.0
1781094572.3723307,7905913,336.0
1781094574.802559,7906783,336.0
1781094577.8844934,7907871,336.0
1781094582.0564334,7909355,336.0
1781094584.8920987,7910341,336.0
1781094588.3434305,7911540,336.0
1781094593.8361418,7913459,336.0
1781094595.0357003,7913886,336.0
1781094598.0117657,7915268,336.0
1781094600.9108565,7916331,336.0
1781094605.198273,7917846,336.0
1781094608.4847565,7919041,336.0
1781094611.0915928,7919959,336.0
1781094614.3627317,7921085,336.0
1781094617.9737413,7922358,336.0
1781094624.866086,7924762,336.0
1781094625.5262356,7924995,336.0
1781094646.8899004,7926410,336.0
1781094650.8598442,7927954,336.0
1781094652.1626096,7928473,336.0
1781094656.034583,7929905,336.0
1781094659.968565,7931323,336.0
1781094662.9833772,7932799,336.0
1781094666.9923632,7934392,336.0
1781094670.7153146,7935788,336.0
1781094675.6574116,7937572,336.0
1781094678.4151146,7938639,336.0
1781094680.0483181,7939268,336.0
1781094684.595047,7940942,336.0
1781094688.8767405,7942500,336.0
1781094689.6254926,7942794,336.0
1781094692.0302556,7944095,336.0
1781094695.1811604,7945325,336.0
1781094699.575298,7946894,336.0
1781094703.5912464,7948376,336.0
1781094707.1618865,7949773,336.0
1781094720.750892,7950597,336.0
1781094723.561406,7952053,336.0
1781094728.3277,7953773,336.0
1781094730.1939604,7954424,336.0
1781094733.39046,7955666,336.0
1781094736.1717246,7956771,336.0
1781094738.83106,7957822,336.0
1781094743.2939134,7959449,336.0
1781094746.4308658,7960575,336.0
1781094750.2082334,7962063,336.0
1781094751.7594752,7962647,336.0
1781094753.1179008,7963181,336.0
1781094756.1017878,7964617,336.0
1781094758.7503662,7965558,336.0
1781094760.0226302,7966037,336.0
1781094762.9532192,7967585,336.0
1781094763.6441576,7967946,336.0
1781094766.0498323,7969213,336.0
1781094769.2881632,7970897,336.0
1781094771.9088874,7972256,336.0
1781094775.638353,7974207,336.0
1781094776.0425336,7974412,336.0
1781094787.2536402,7975888,336.0
1781094788.0231361,7976287,336.0
1781094791.3413658,7978023,336.0
1781094794.091572,7979484,336.0
1781094796.9415827,7980958,336.0
1781094800.1241534,7982625,336.0
1781094803.2280178,7984258,336.0
1781094804.40661,7984885,336.0
1781094807.8254817,7986620,336.0
1781094808.82435,7987138,336.0
1781094811.780399,7988613,336.0
1781094813.8379776,7989635,336.0
1781094817.1715102,7991273,336.0
1781094818.317581,7992268,336.0
1781094820.4288778,7993259,336.0
1781094823.2082283,7994611,336.0
1781094825.5946028,7995800,336.0
1781094829.474022,7997351,336.0
1781094833.0662336,7998680,336.0
1781094835.3303907,7999502,336.0
1781094852.7297242,8000906,336.0
1781094857.270115,8002534,336.0
1781094860.3629882,8003613,336.0
1781094862.0196218,8004210,336.0
1781094865.2886052,8005522,336.0
1781094868.8618684,8006931,336.0
1781094872.843645,8008317,336.0
1781094875.2630215,8009179,336.0
1781094876.9010787,8009757,336.0
1781094879.6437979,8010822,336.0
1781094882.439502,8012270,336.0
1781094886.2030709,8013611,336.0
1781094887.6901724,8014130,336.0
1781094889.5488968,8014804,336.0
1781094892.466978,8015880,336.0
1781094896.6712205,8017557,336.0
1781094901.0445602,8019125,336.0
1781094904.9582336,8020483,336.0
1781094906.170617,8020884,336.0
1781094908.9983158,8021985,336.0
1781094911.9385335,8023133,336.0
1781094914.5950992,8024496,336.0
1781094930.0867836,8025396,336.0
1781094932.9709883,8026408,336.0
1781094935.5111277,8027322,336.0
1781094938.4774039,8028468,336.0
1781094941.1549795,8029462,336.0
1781094944.0775795,8030973,336.0
1781094948.0832717,8032503,336.0
1781094949.8459103,8033109,336.0
1781094954.1851969,8034617,336.0
1781094958.221386,8036142,336.0
1781094961.3571045,8037368,336.0
1781094965.6618695,8038907,336.0
1781094968.594001,8039936,336.0
1781094972.2421944,8041302,336.0
1781094975.296979,8042874,336.0
1781094979.8366137,8044516,336.0
1781094983.9786196,8045960,336.0
1781094985.117942,8046353,336.0
1781094988.409429,8047647,336.0
1781094992.7684228,8049361,336.0
1781095009.989504,8050553,336.0
1781095012.0568883,8051270,336.0
1781095014.602116,8052220,336.0
1781095018.7740126,8053877,336.0
1781095023.126653,8055480,336.0
1781095027.2965798,8056944,336.0
1781095028.7565765,8057438,336.0
1781095031.4481342,8058498,336.0
1781095035.3391416,8060008,336.0
1781095039.16773,8061350,336.0
1781095042.3020706,8062794,336.0
1781095044.882832,8063756,336.0
1781095045.9099863,8064137,336.0
1781095048.4289973,8065127,336.0
1781095053.8353226,8067163,336.0
1781095055.9492402,8067882,336.0
1781095061.1092012,8069875,336.0
1781095064.3133996,8071105,336.0
1781095068.5701492,8072624,336.0
1781095071.8594322,8074038,336.0
1781095072.6371284,8074346,336.0
1781095092.4606693,8076614,336.0
1781095093.0628805,8076842,336.0
1781095097.3636928,8078360,336.0
1781095101.6457267,8079886,336.0
1781095101.596351,8080235,336.0
1781095104.9663486,8081561,336.0
1781095107.7227407,8082654,336.0
1781095110.3217096,8083575,336.0
1781095113.61537,8084723,336.0
1781095116.5578992,8085757,336.0
1781095121.2530525,8087614,336.0
1781095122.9943266,8088311,336.0
1781095126.808974,8089644,336.0
1781095128.8463047,8090371,336.0
1781095133.752262,8092546,336.0
1781095135.1189492,8093083,336.0
1781095138.2911665,8094307,336.0
1781095142.4423754,8095689,336.0
1781095147.1658828,8097368,336.0
1781095149.6694725,8098375,336.0
1781095152.7710404,8099604,336.0
1781095168.527522,8100908,336.0
1781095171.6244574,8102497,336.0
1781095173.8362336,8103639,336.0
1781095176.0844831,8104802,336.0
1781095177.6206303,8105598,336.0
1781095180.1007886,8106876,336.0
1781095182.9996786,8108359,336.0
1781095186.5941956,8110234,336.0
1781095189.0046935,8111490,336.0
1781095190.241786,8112116,336.0
1781095192.579333,8113323,336.0
1781095195.0455203,8114593,336.0
1781095196.701135,8115440,336.0
1781095200.865497,8118070,336.0
1781095201.3040185,8118293,336.0
1781095203.307469,8119331,336.0
1781095206.2169166,8120837,336.0
1781095208.6056983,8122066,336.0
1781095211.6413984,8123631,336.0
1781095212.1005528,8123862,336.0
1781095231.0901067,8125594,336.0
1781095235.3002224,8127078,336.0
1781095239.0914495,8128398,336.0
1781095240.6612296,8128938,336.0
1781095244.5048382,8130308,336.0
1781095248.3228793,8131677,336.0
1781095252.3371854,8133085,336.0
1781095256.9277048,8134683,336.0
1781095257.9690542,8135035,336.0
1781095260.4583929,8135898,336.0
1781095263.7189145,8137039,336.0
1781095265.5958502,8137687,336.0
1781095268.6966505,8138772,336.0
1781095269.8546653,8139183,336.0
1781095273.7762253,8140554,336.0
1781095276.317125,8141911,336.0
1781095280.233768,8143297,336.0
1781095285.3355176,8145081,336.0
1781095289.0831554,8146383,336.0
1781095289.894004,8146669,336.0
1781095292.6469064,8147640,336.0
1781095296.9792295,8149169,336.0
1781095298.7565296,8149784,336.0
1781095324.5581865,8151474,336.0
1781095330.5265434,8153544,336.0
1781095333.095662,8154436,336.0
1781095337.807103,8156074,336.0
1781095342.3466089,8158003,336.0
1781095345.4728608,8159082,336.0
1781095347.5796354,8159826,336.0
1781095350.5656905,8160868,336.0
1781095354.9823666,8162418,336.0
1781095357.356485,8163235,336.0
1781095364.4725053,8165742,336.0
1781095368.3619194,8167111,336.0
1781095369.8742478,8167965,336.0
1781095373.7768486,8169328,336.0
1781095375.5714612,8169953,336.0
1781095379.1167374,8171173,336.0
1781095381.4090314,8171984,336.0
1781095384.2357774,8172983,336.0
1781095407.6778338,8175008,335.0
1781095412.2696788,8176604,335.0
1781095416.209751,8177990,335.0
1781095419.348974,8179096,335.0
1781095421.7547147,8179950,335.0
1781095426.9691758,8181775,335.0
1781095430.8539097,8183165,335.0
1781095432.903244,8184201,335.0
1781095436.2954388,8185405,335.0
1781095439.7461412,8186622,335.0
1781095443.919363,8188080,335.0
1781095447.1548388,8189198,335.0
1781095450.065067,8190219,335.0
1781095450.99032,8190554,335.0
1781095454.3343935,8191751,335.0
1781095458.5400872,8193222,335.0
1781095463.4472914,8194940,335.0
1781095466.073889,8196166,336.0
1781095467.3667579,8196619,336.0
1781095471.7666314,8198160,336.0
1781095474.5311434,8199133,336.0
1781095494.3135037,8200276,335.0
1781095496.7100303,8201446,335.0
1781095501.3934326,8203114,335.0
1781095504.2616706,8204110,335.0
1781095508.2227113,8205489,335.0
1781095512.9865718,8207180,335.0
1781095516.364727,8208371,335.0
1781095519.5638356,8209465,335.0
1781095522.6038046,8210521,335.0
1781095526.34358,8211848,335.0
1781095529.5568058,8213304,335.0
1781095531.9621975,8214144,335.0
1781095536.6266236,8215782,335.0
1781095538.6754894,8216499,335.0
1781095543.0881894,8218020,335.0
1781095546.9695134,8219369,335.0
1781095551.8940465,8221087,335.0
1781095553.2892823,8221573,335.0
1781095557.12715,8222912,335.0
1781095560.3240216,8224343,335.0
1781095577.4916196,8226089,335.0
1781095580.277637,8227074,335.0
1781095582.2917545,8227769,335.0
1781095585.6933017,8228951,335.0
1781095589.3659482,8230236,335.0
1781095592.4293566,8231620,335.0
1781095597.3720393,8233369,335.0
1781095598.0669103,8233617,335.0
1781095601.2289803,8234738,335.0
1781095607.1074967,8236819,335.0
1781095610.1604998,8237901,335.0
1781095615.9618676,8239953,335.0
1781095617.4711313,8240468,335.0
1781095622.0918703,8242089,335.0
1781095625.8023138,8243747,335.0
1781095630.945513,8245585,335.0
1781095634.771662,8246924,335.0
1781095638.5074637,8248240,335.0
1781095642.5626361,8249683,335.0
1781095660.614016,8251522,335.0
1781095663.628206,8252592,335.0
1781095668.4743793,8254307,335.0
1781095669.119716,8254551,335.0
1781095672.2099073,8255748,335.0
1781095674.745968,8256668,335.0
1781095681.0424426,8258894,335.0
1781095685.5805018,8260833,335.0
1781095688.567646,8261896,335.0
1781095692.9459426,8263471,335.0
1781095696.973641,8264919,335.0
1781095699.5862932,8265852,335.0
1781095704.8838542,8267750,335.0
1781095710.7522607,8269857,335.0
1781095712.6141512,8270529,335.0
1781095716.3505073,8271863,335.0
1781095718.5279596,8272952,335.0
1781095720.6207862,8273682,335.0
1781095739.9098458,8275634,335.0
1781095743.0426407,8276752,335.0
1781095747.1003141,8278181,335.0
1781095750.7689786,8279834,335.0
1781095755.0220864,8281349,335.0
1781095757.1500385,8282097,335.0
1781095762.3932917,8283974,335.0
1781095767.721053,8285870,335.0
1781095770.1719568,8286743,335.0
1781095777.3744693,8289290,335.0
1781095781.226541,8290983,335.0
1781095781.9695725,8291243,335.0
1781095785.154657,8292367,335.0
1781095788.8595164,8293704,335.0
1781095792.161989,8294846,335.0
1781095794.847332,8295785,335.0
1781095798.0856297,8296925,335.0
1781095802.5156941,8298509,335.0
1781095821.977271,8300207,335.0
1781095824.317224,8301014,335.0
1781095825.2986488,8301365,335.0
1781095829.3164794,8302779,335.0
1781095832.0682917,8303764,335.0
1781095835.7664804,8305060,335.0
1781095841.5992763,8307121,335.0
1781095843.302168,8307714,335.0
1781095845.140592,8308676,335.0
1781095849.0039773,8310019,335.0
1781095853.913331,8311716,335.0
1781095855.1140323,8312139,335.0
1781095858.7971883,8313437,335.0
1781095864.2214272,8315348,335.0
1781095868.2725794,8316779,335.0
1781095870.6693544,8317634,335.0
1781095874.6103945,8319374,335.0
1781095877.6569781,8320448,335.0
1781095879.3889825,8321057,335.0
1781095883.9203658,8322664,335.0
1781095887.1154094,8323779,335.0
1781095905.822223,8325072,335.0
1781095906.9332008,8325778,335.0
1781095910.2862475,8326987,335.0
1781095913.740581,8328211,335.0
1781095917.1773915,8329419,335.0
1781095922.2291396,8331213,335.0
1781095927.7048395,8333148,335.0
1781095927.943309,8333240,335.0
1781095930.968258,8334310,335.0
1781095937.0197344,8336494,335.0
1781095941.5470169,8338470,335.0
1781095942.9360638,8338957,335.0
1781095945.9436977,8340036,335.0
1781095949.7183888,8341385,335.0
1781095954.8673465,8343242,335.0
1781095956.8366468,8343942,335.0
1781095959.8539798,8345018,335.0
1781095963.2051322,8346204,335.0
1781095965.793709,8347114,335.0
1781095969.064674,8348610,335.0
1781095971.6174898,8349510,335.0
1781095995.4885523,8351587,335.0
1781095995.7559903,8351673,335.0
1781096001.5754573,8354065,335.0
1781096002.2678952,8354310,335.0
1781096006.4516447,8355835,335.0
1781096008.821132,8356684,335.0
1781096011.0613453,8357494,335.0
1781096014.8294199,8358834,335.0
1781096018.3522255,8360090,335.0
1781096021.3010037,8361137,335.0
1781096026.0572066,8362825,335.0
1781096026.9845471,8363163,335.0
1781096032.259145,8365065,335.0
1781096034.342747,8366118,335.0
1781096037.837116,8367364,335.0
1781096038.2799454,8367518,335.0
1781096042.499653,8369046,335.0
1781096045.790439,8370209,335.0
1781096048.3390045,8371110,335.0
1781096054.0576017,8373141,335.0
1781096058.0320654,8374564,335.0
1781096081.3666961,8376405,334.0
1781096086.2399762,8378124,334.0
1781096091.0214326,8379838,334.0
1781096092.974294,8380529,334.0
1781096096.872692,8382230,334.0
1781096101.7278595,8383962,334.0
1781096105.7273004,8385425,334.0
1781096109.258913,8386710,334.0
1781096113.3758955,8388163,334.0
1781096117.7061875,8389697,334.0
1781096120.313923,8390617,334.0
1781096123.3526235,8391695,334.0
1781096126.0088706,8392633,334.0
1781096129.783776,8394310,335.0
1781096130.6717083,8394626,335.0
1781096135.1486018,8396193,335.0
1781096138.9048934,8397555,335.0
1781096142.4807894,8398826,335.0
1781096162.8143835,8400810,334.0
1781096167.2875016,8402258,334.0
1781096168.7128997,8402723,334.0
1781096173.511341,8404344,334.0
1781096178.1724958,8405965,334.0
1781096181.8300402,8407641,334.0
1781096182.919277,8408203,334.0
1781096185.4816647,8409527,334.0
1781096188.3448215,8411008,334.0
1781096190.1814313,8412442,334.0
1781096194.060448,8414459,334.0
1781096197.3630466,8416146,334.0
1781096197.8712056,8416401,334.0
1781096199.782024,8417401,335.0
1781096203.356917,8419261,335.0
1781096207.3684585,8421254,335.0
1781096211.2386773,8422769,335.0
1781096212.7331288,8423360,335.0
1781096230.576457,8425247,334.0
1781096234.8270764,8426752,334.0
1781096238.3727741,8428116,334.0
1781096239.073473,8428390,334.0
1781096242.101378,8429583,334.0
1781096246.5235012,8431200,334.0
1781096251.4231436,8432947,334.0
1781096254.7577202,8434656,334.0
1781096258.0201075,8435916,334.0
1781096260.787355,8436900,334.0
1781096265.183887,8438462,334.0
1781096269.3055658,8440041,334.0
1781096272.96345,8441337,334.0
1781096275.4519734,8442214,334.0
1781096277.1113787,8442782,334.0
1781096280.4553444,8443979,334.0
1781096284.8767734,8445855,334.0
1781096286.7811882,8446534,335.0
1781096290.827474,8447949,335.0
1781096293.90498,8448999,335.0
1781096309.3820796,8450424,334.0
1781096311.610294,8451561,334.0
1781096314.548761,8453085,334.0
1781096316.292164,8454448,334.0
1781096319.2592258,8455983,334.0
1781096322.0021176,8457400,334.0
1781096324.7967627,8458850,334.0
1781096327.3071759,8460147,335.0
1781096328.9909942,8461001,335.0
1781096331.3165765,8462195,335.0
1781096334.3599167,8463776,335.0
1781096338.0698044,8465705,335.0
1781096339.9069064,8466638,335.0
1781096341.6887794,8467526,335.0
1781096344.5491295,8468778,335.0
1781096348.0236568,8470339,335.0
1781096349.6347687,8471254,335.0
1781096354.6891813,8473060,335.0
1781096355.9660213,8473518,335.0
1781096359.6379666,8474813,335.0
1781096382.233608,8476364,334.0
1781096386.6312313,8477962,334.0
1781096390.0012283,8479154,334.0
1781096392.3532808,8479997,334.0
1781096396.3832157,8481420,334.0
1781096400.2074783,8482765,334.0
1781096405.0952468,8484498,334.0
1781096407.2778866,8485263,334.0
1781096410.900814,8486576,334.0
1781096411.944211,8487275,334.0
1781096415.6153193,8488599,334.0
1781096419.9545379,8490143,334.0
1781096425.0109644,8491950,334.0
1781096425.4883947,8492117,334.0
1781096429.152092,8493401,334.0
1781096433.4168084,8494901,334.0
1781096436.714426,8496077,334.0
1781096438.7383206,8496799,334.0
1781096442.781118,8498232,334.0
1781096460.367694,8500021,334.0
1781096463.815226,8501240,334.0
1781096468.5626605,8502884,334.0
1781096471.3462412,8503892,334.0
1781096472.3581145,8504250,334.0
1781096475.3884993,8505637,334.0
1781096479.5634105,8507092,334.0
1781096482.083121,8507973,334.0
1781096484.2709386,8508760,334.0
1781096488.710301,8510316,334.0
1781096492.2074168,8511544,334.0
1781096496.414885,8513030,334.0
1781096502.328917,8515122,334.0
1781096505.5466309,8516613,334.0
1781096507.833903,8517421,334.0
1781096511.5052733,8518739,334.0
1781096514.940394,8519978,334.0
1781096519.6549563,8521637,334.0
1781096524.4011855,8523328,334.0
1781096525.3663096,8523660,334.0
1781096529.0337148,8524980,334.0
1781096549.573484,8526322,334.0
1781096554.3666687,8528025,334.0
1781096559.5192237,8529879,334.0
1781096561.8558657,8530701,334.0
1781096564.6308184,8531686,334.0
1781096567.3202982,8532631,334.0
1781096569.9996054,8533934,334.0
1781096575.1994576,8535786,334.0
1781096578.4063632,8536930,334.0
1781096579.258721,8537233,334.0
1781096583.3271327,8538680,334.0
1781096585.6742415,8539518,334.0
1781096588.3431153,8540483,334.0
1781096593.6247067,8542343,334.0
1781096594.6302364,8542695,334.0
1781096596.0401716,8543192,334.0
1781096600.672979,8545197,334.0
1781096604.1286728,8546436,334.0
1781096607.5626187,8547663,334.0
1781096610.0843868,8548557,334.0
1781096614.1001318,8549996,334.0
1781096633.872458,8551541,334.0
1781096636.4787931,8552460,334.0
1781096639.2852669,8553455,334.0
1781096644.4809191,8555340,334.0
1781096647.814288,8556528,334.0
1781096652.9668078,8558359,334.0
1781096655.1536264,8559136,334.0
1781096660.3874476,8560979,334.0
1781096662.534318,8561735,334.0
1781096664.7140312,8562836,334.0
1781096668.4955173,8564189,334.0
1781096673.523828,8565934,334.0
1781096676.4799285,8566969,334.0
1781096678.460235,8567664,334.0
1781096683.1507077,8569314,334.0
1781096685.210692,8570046,334.0
1781096686.6290715,8570526,334.0
1781096693.864033,8573087,334.0
1781096694.255324,8573220,334.0
1781096695.6149323,8574025,334.0
1781096715.2027504,8575919,334.0
1781096720.5443463,8577780,334.0
1781096722.056542,8578320,334.0
1781096725.9836946,8579699,334.0
1781096727.8536012,8580695,334.0
1781096731.1530545,8581855,334.0
1781096732.5815227,8582354,334.0
1781096739.6752694,8584821,334.0
1781096739.9375942,8584913,334.0
1781096742.9576745,8586009,334.0
1781096747.9498084,8587765,334.0
1781096751.3667574,8588968,334.0
1781096753.8115838,8589815,334.0
1781096757.712437,8591173,334.0
1781096759.9588559,8592294,334.0
1781096764.7653866,8593974,334.0
1781096766.6760635,8594638,334.0
1781096771.5658317,8596411,334.0
1781096775.1579273,8597693,334.0
1781096778.9271922,8599008,334.0
1781096794.407452,8600992,334.0
1781096799.24218,8602685,334.0
1781096800.5553467,8603153,334.0
1781096804.6593301,8604584,334.0
1781096808.1117494,8605799,334.0
1781096810.3540947,8606585,334.0
1781096814.2214003,8607934,334.0
1781096817.6856992,8609156,334.0
1781096820.8337533,8610269,334.0
1781096823.7544663,8611611,334.0
1781096827.8508232,8613049,334.0
1781096831.0517492,8614216,334.0
1781096836.0139983,8615950,334.0
1781096838.7391262,8616894,334.0
1781096842.4178522,8618286,334.0
1781096845.7323844,8619430,334.0
1781096850.2177746,8621033,334.0
1781096851.8208554,8621638,334.0
1781096853.3855886,8622160,334.0
1781096856.3194041,8623525,334.0
1781096874.0093813,8625159,334.0
1781096875.260157,8625582,334.0
1781096879.5533385,8627158,334.0
1781096884.324836,8628826,334.0
1781096888.8429515,8630771,334.0
1781096892.1360044,8631915,334.0
1781096894.68668,8632819,334.0
1781096897.0192847,8633678,334.0
1781096901.1681406,8635099,334.0
1781096904.6572955,8636312,334.0
1781096906.8671036,8637084,334.0
1781096915.581979,8640081,334.0
1781096916.1757724,8640287,334.0
1781096919.2013328,8641671,334.0
1781096923.0325344,8643010,334.0
1781096926.0205414,8644058,334.0
1781096929.5631592,8645731,334.0
1781096930.574444,8646218,334.0
1781096933.583351,8647684,334.0
1781096937.587657,8649544,334.0
1781096949.4847085,8650866,334.0
1781096953.3501873,8652769,334.0
1781096954.629028,8653408,334.0
1781096956.687336,8654425,334.0
1781096958.0247917,8655087,334.0
1781096961.3289952,8656655,334.0
1781096962.0674484,8656986,334.0
1781096965.694817,8658617,334.0
1781096967.6027036,8659447,334.0
1781096971.2803152,8661258,334.0
1781096974.381917,8662352,334.0
1781096976.4015226,8663052,334.0
1781096979.1149216,8663992,334.0
1781096982.8217866,8665604,334.0
1781096987.9304473,8667375,334.0
1781096991.1054075,8668458,334.0
1781096994.526178,8669670,334.0
1781096997.3824806,8670714,334.0
1781096998.8608277,8671226,334.0
1781097002.3134236,8672419,334.0
1781097005.549157,8673526,334.0
1781097009.501546,8674897,334.0
1781097030.7968702,8676612,334.0
1781097034.5603569,8677899,334.0
1781097038.4454966,8679272,334.0
1781097042.5090024,8681004,334.0
1781097045.2179742,8681923,334.0
1781097049.7289095,8683458,334.0
1781097053.0780504,8684639,334.0
1781097055.2376719,8685407,334.0
1781097059.6341777,8687273,334.0
1781097061.975818,8688369,334.0
1781097064.7710435,8689781,334.0
1781097068.4157505,8691508,334.0
1781097072.063677,8693204,334.0
1781097075.320993,8694925,334.0
1781097076.6386294,8695538,334.0
1781097080.9269106,8697567,334.0
1781097082.8442206,8698504,334.0
1781097095.6693063,8700132,334.0
1781097097.583393,8701013,334.0
1781097100.0004017,8702241,334.0
1781097101.6593957,8703023,334.0
1781097104.968192,8704542,334.0
1781097107.1922882,8705953,334.0
1781097109.8639386,8707030,334.0
1781097116.807691,8709445,334.0
1781097117.8403413,8709804,334.0
1781097122.9649894,8711791,334.0
1781097127.0214016,8713369,334.0
1781097128.8552182,8714273,334.0
1781097133.9196491,8716686,334.0
1781097135.6391592,8717488,334.0
1781097137.38504,8718754,334.0
1781097139.9643512,8720090,334.0
1781097142.5494661,8721471,334.0
1781097143.7589686,8722116,334.0
1781097146.2606962,8723438,334.0
1781097148.2419693,8724406,334.0
1781097158.5670006,8725869,334.0
1781097161.5818489,8727320,334.0
1781097162.1506538,8727586,334.0
1781097164.6862035,8728817,334.0
1781097165.8076353,8729375,334.0
1781097169.116452,8730923,334.0
1781097169.0655673,8731321,334.0
1781097174.208022,8733733,334.0
1781097174.8124855,8734020,334.0
1781097177.0982094,8735099,334.0
1781097178.5516827,8735828,334.0
1781097182.4333415,8737802,334.0
1781097184.5023818,8738834,334.0
1781097188.710758,8740932,334.0
1781097189.7309675,8741452,334.0
1781097192.6112778,8742938,334.0
1781097194.7550795,8744059,334.0
1781097196.4140692,8744932,334.0
1781097199.7019928,8746657,334.0
1781097199.8892336,8746749,334.0
1781097202.1441905,8748326,334.0
1781097203.501131,8748983,334.0
1781097216.657089,8750964,334.0
1781097218.9230988,8752116,334.0
1781097220.435444,8752885,334.0
1781097222.219485,8753812,334.0
1781097225.4990685,8755468,334.0
1781097226.6039977,8756020,334.0
1781097231.712165,8759126,334.0
1781097231.8950205,8759216,334.0
1781097234.2393963,8760346,334.0
1781097236.178191,8761273,334.0
1781097239.4565406,8762835,334.0
1781097243.2906196,8764461,334.0
1781097243.5309112,8764553,334.0
1781097248.1997,8766480,334.0
1781097250.978407,8767799,334.0
1781097253.1010635,8768843,334.0
1781097254.6838713,8769602,334.0
1781097257.5106468,8771052,334.0
1781097260.9323044,8772810,334.0
1781097263.0978036,8773908,335.0
1781097278.8858857,8775519,334.0
1781097280.3517818,8776024,334.0
1781097284.5560567,8777483,334.0
1781097289.3380146,8779148,334.0
1781097293.57114,8780601,334.0
1781097294.92662,8781388,334.0
1781097297.8020866,8782459,334.0
1781097302.0937164,8783948,334.0
1781097306.1994603,8785384,334.0
1781097309.312327,8786449,334.0
1781097312.82737,8787683,334.0
1781097313.257595,8787838,334.0
1781097315.321224,8788561,334.0
1781097319.6094897,8790049,334.0
1781097324.062002,8791629,334.0
1781097327.3205085,8793151,334.0
1781097331.5145147,8794627,334.0
1781097332.272729,8794885,334.0
1781097336.9097006,8796489,334.0
1781097341.5938082,8798129,334.0
1781097346.1165013,8799723,334.0
1781097361.4842482,8800928,334.0
1781097363.8309278,8802091,334.0
1781097366.5252838,8803422,334.0
1781097369.593986,8804866,334.0
1781097373.0544505,8806524,334.0
1781097375.3806562,8807595,334.0
1781097378.6333845,8809128,334.0
1781097381.3894577,8810432,334.0
1781097383.0136466,8811227,334.0
1781097386.660487,8813012,334.0
1781097390.164787,8814587,334.0
1781097390.487006,8815179,334.0
1781097393.4017606,8816620,334.0
1781097396.6432924,8818098,334.0
1781097401.4796057,8820466,335.0
1781097402.360524,8820890,335.0
1781097403.846559,8821598,335.0
1781097406.564619,8822937,335.0
1781097410.574012,8824904,335.0
1781097424.9904416,8826358,334.0
1781097426.7715895,8827072,334.0
1781097429.0706916,8828032,334.0
1781097432.8910089,8829577,334.0
1781097436.979819,8831075,334.0
1781097440.2607818,8832271,334.0
1781097442.6696372,8833253,334.0
1781097445.57164,8834454,334.0
1781097449.8925593,8836107,334.0
1781097452.7805698,8837490,335.0
1781097454.1521416,8838039,335.0
1781097458.3807437,8839779,335.0
1781097460.7706058,8840721,335.0
1781097465.508661,8842434,335.0
1781097469.1054218,8843836,335.0
1781097472.0089025,8845031,335.0
1781097473.4377766,8845614,335.0
1781097477.1969953,8847066,335.0
1781097480.4450185,8848254,335.0
1781097484.1061883,8849718,335.0
1781097500.1705303,8851047,334.0
1781097502.551574,8851985,334.0
1781097503.7640853,8852435,334.0
1781097507.0870247,8853658,334.0
1781097510.8518932,8855151,334.0
1781097514.5287223,8856667,334.0
1781097515.9830716,8857566,334.0
1781097518.5295458,8858464,334.0
1781097523.325069,8860250,334.0
1781097523.9980962,8860522,334.0
1781097529.8822308,8862860,334.0
1781097536.1175635,8865101,335.0
1781097537.4381702,8865586,335.0
1781097540.8624265,8866977,335.0
1781097542.9263144,8867812,335.0
1781097545.639275,8868803,335.0
1781097547.8186789,8870021,335.0
1781097550.7188199,8871221,335.0
1781097554.8671916,8872839,335.0
1781097558.788922,8874256,335.0
1781097574.865087,8875496,334.0
1781097578.9473488,8876909,334.0
1781097579.8009818,8877533,334.0
1781097581.7564034,8878234,334.0
1781097586.3953183,8879872,334.0
1781097589.4869683,8880970,334.0
1781097591.5820959,8881718,334.0
1781097594.9659693,8882912,334.0
1781097598.5671954,8884252,334.0
1781097604.6714456,8886425,334.0
1781097607.0927358,8887274,334.0
1781097610.6620052,8888881,334.0
1781097613.9854634,8890062,334.0
1781097618.3906972,8891608,334.0
1781097621.970468,8892865,334.0
1781097629.0513093,8895434,334.0
1781097631.390803,8896252,334.0
1781097634.5746803,8897364,334.0
1781097638.1635547,8898814,334.0
1781097650.5789769,8900542,334.0
1781097652.1170456,8901304,334.0
1781097656.1975217,8903237,334.0
1781097657.859385,8903991,334.0
1781097659.897343,8905581,334.0
1781097663.5922875,8907396,334.0
1781097666.03854,8908553,334.0
1781097669.3053675,8910088,335.0
1781097670.1989098,8910508,335.0
1781097673.4678912,8912052,335.0
1781097677.4845326,8913976,335.0
1781097679.1382682,8914764,335.0
1781097681.879114,8915987,335.0
1781097684.4391003,8917060,335.0
1781097687.0153563,8918224,335.0
1781097688.993704,8919122,335.0
1781097689.2400417,8919669,335.0
1781097691.2761834,8920590,335.0
1781097696.1328156,8922412,335.0
1781097699.9708025,8924220,335.0
1781097719.7571146,8925661,334.0
1781097724.4858966,8927651,334.0
1781097726.640249,8928420,334.0
1781097730.1989443,8929686,334.0
1781097735.8096476,8931653,334.0
1781097740.1119013,8933152,334.0
1781097744.270658,8934594,334.0
1781097748.1358206,8936077,335.0
1781097748.4043925,8936169,335.0
1781097752.348711,8937849,335.0
1781097758.659929,8940028,335.0
1781097763.0005333,8941518,335.0
1781097765.0328085,8942226,335.0
1781097768.1642582,8943319,335.0
1781097771.4780173,8944465,335.0
1781097777.099759,8946453,335.0
1781097779.9220815,8947858,335.0
1781097781.0379775,8948415,335.0
1781097793.6318586,8950215,334.0
1781097797.4836771,8952066,334.0
1781097800.687744,8953327,334.0
1781097802.0569303,8953797,334.0
1781097804.9943473,8955106,334.0
1781097809.845092,8957255,335.0
1781097812.862351,8958677,335.0
1781097815.221351,8959789,335.0
1781097817.6405907,8961211,335.0
1781097819.0624444,8961824,335.0
1781097821.324049,8962750,335.0
1781097823.729067,8963719,335.0
1781097827.7896574,8965124,335.0
1781097832.5278926,8966883,335.0
1781097833.003762,8967063,335.0
1781097837.7609208,8968887,335.0
1781097841.6476138,8970381,335.0
1781097845.209452,8972126,335.0
1781097847.1757104,8973609,335.0
1781097859.9721398,8975759,335.0
1781097860.2071836,8975845,335.0
1781097863.7790582,8977230,335.0
1781097869.606667,8979416,335.0
1781097870.7946186,8979973,335.0
1781097873.0104916,8980971,335.0
1781097876.593105,8982604,335.0
1781097878.502127,8984011,335.0
1781097881.7572734,8985662,335.0
1781097884.424531,8987025,335.0
1781097885.6148615,8987659,335.0
1781097887.869381,8988867,335.0
1781097891.9646401,8990835,335.0
1781097895.074014,8992342,335.0
1781097897.4772964,8993472,335.0
1781097899.667557,8994552,335.0
1781097900.6368914,8995035,335.0
1781097902.3332605,8995899,335.0
1781097904.2355497,8996844,335.0
1781097907.3356364,8998392,335.0
1781097909.0969205,8999271,335.0
1781097921.8082187,9000798,335.0
1781097924.9419212,9002432,335.0
1781097927.8962853,9003886,335.0
1781097929.4825783,9004722,335.0
1781097932.8007288,9006492,335.0
1781097933.3655102,9006792,335.0
1781097936.3778765,9008338,335.0
1781097938.3721528,9009373,335.0
1781097941.420209,9011469,335.0
1781097942.551617,9012056,335.0
1781097947.3561497,9014552,335.0
1781097949.536555,9015713,335.0
1781097950.0846002,9015998,335.0
1781097954.2425706,9018238,335.0
1781097954.618668,9018435,335.0
1781097956.7892468,9019595,335.0
1781097960.0641222,9021234,335.0
1781097961.8568363,9022161,335.0
1781097965.0245976,9023839,335.0
1781097966.9423757,9024855,335.0
1781097979.3241212,9025864,335.0
1781097984.3351738,9027547,335.0
1781097987.1201618,9028499,335.0
1781097988.1273088,9028878,335.0
1781097992.0223272,9030574,335.0
1781097994.2480948,9031516,335.0
1781097997.3426225,9032827,335.0
1781098000.8185325,9034370,335.0
1781098001.5047674,9034712,335.0
1781098002.8652487,9035420,335.0
1781098004.3935623,9036207,335.0
1781098006.8616726,9037907,335.0
1781098009.9428415,9039444,335.0
1781098012.618839,9040787,335.0
1781098013.986472,9041521,335.0
1781098016.8461478,9043013,335.0
1781098020.132808,9044666,335.0
1781098022.845722,9046098,335.0
1781098025.0471976,9047224,335.0
1781098027.6936414,9048582,335.0
1781098029.8858728,9049732,335.0
1781098040.4569726,9051354,335.0
1781098042.9924784,9052695,335.0
1781098044.5734987,9053526,335.0
1781098047.146588,9054792,335.0
1781098049.0076103,9055690,335.0
1781098051.4127862,9056926,335.0
1781098053.603317,9058094,335.0
1781098054.3742778,9058507,335.0
1781098058.5734065,9060661,335.0
1781098060.2938385,9061543,335.0
1781098062.900814,9062916,335.0
1781098064.6872523,9063814,335.0
1781098067.088001,9065025,335.0
1781098067.7461574,9065848,335.0
1781098069.6112154,9066851,335.0
1781098072.4882414,9068401,335.0
1781098075.0859737,9069713,335.0
1781098078.7013154,9071443,335.0
1781098079.267194,9071736,335.0
1781098081.3676662,9072837,335.0
1781098084.6311975,9074493,335.0
1781098096.0784445,9075522,335.0
1781098098.5123503,9076800,335.0
1781098100.6926048,9078350,335.0
1781098102.4567845,9079238,335.0
1781098105.5446737,9080813,335.0
1781098108.2004216,9082118,335.0
1781098110.1560564,9083144,335.0
1781098111.9918327,9084113,335.0
1781098114.9028027,9085609,335.0
1781098118.7591107,9087556,336.0
1781098120.4618738,9088439,336.0
1781098124.0696466,9090279,336.0
1781098126.515281,9091580,336.0
1781098129.0444543,9092884,336.0
1781098131.2776976,9094522,336.0
1781098134.0655856,9095946,336.0
1781098135.8735833,9096743,336.0
1781098139.9364042,9098480,336.0
1781098157.3307712,9100068,335.0
1781098161.9307132,9101956,336.0
1781098164.3146527,9103669,336.0
1781098168.1932762,9105583,336.0
1781098168.659853,9105826,336.0
1781098171.430895,9107265,336.0
1781098174.6222382,9108947,336.0
1781098177.5156512,9110426,336.0
1781098179.017545,9111200,336.0
1781098181.9404514,9112684,336.0
1781098183.5048707,9113490,336.0
1781098186.8269408,9115271,336.0
1781098189.2669303,9116540,336.0
1781098190.6168811,9117239,336.0
1781098192.7339678,9118324,336.0
1781098194.4849637,9119651,336.0
1781098197.0669868,9120902,336.0
1781098199.170995,9121911,336.0
1781098201.454587,9123079,336.0
1781098203.1556616,9123940,336.0
1781098217.8754528,9125092,336.0
1781098221.1386588,9126302,336.0
1781098224.8481653,9127725,336.0
1781098226.1685853,9128508,336.0
1781098229.7426016,9130170,336.0
1781098232.1435614,9131314,336.0
1781098235.4662254,9132922,336.0
1781098239.2267227,9134521,336.0
1781098241.7082365,9135609,336.0
1781098246.4669144,9137470,336.0
1781098247.6476386,9137886,336.0
1781098251.5291882,9139270,336.0
1781098257.2231467,9141349,336.0
1781098258.9061089,9142328,336.0
1781098260.2572684,9142815,336.0
1781098265.8739223,9144822,336.0
1781098271.0822747,9146748,336.0
1781098273.5195878,9147610,336.0
1781098276.574204,9148662,336.0
1781098284.8148832,9150181,336.0
1781098287.255754,9151048,336.0
1781098290.111926,9152505,336.0
1781098291.20975,9152896,336.0
1781098293.3051934,9153646,336.0
1781098300.083672,9156086,336.0
1781098300.3363721,9156178,336.0
1781098304.4403188,9157626,336.0
1781098309.3846836,9159388,336.0
1781098314.4117844,9161171,336.0
1781098315.7708962,9161646,336.0
1781098318.5857153,9162754,336.0
1781098321.8357606,9164231,336.0
1781098326.1681945,9165786,336.0
1781098328.3026652,9166542,336.0
1781098332.9456468,9168229,336.0
1781098336.3388412,9169433,336.0
1781098340.9869409,9171072,336.0
1781098346.9496496,9173194,336.0
1781098350.660462,9174623,336.0
1781098362.219453,9175892,336.0
1781098364.2300508,9176928,336.0
1781098367.3770697,9178544,336.0
1781098368.9905376,9179377,336.0
1781098373.9630837,9181911,336.0
1781098380.0983112,9184900,336.0
1781098381.0739853,9185408,336.0
1781098383.2115846,9187001,336.0
1781098384.9453545,9187904,336.0
1781098389.2652435,9190144,336.0
1781098390.2733245,9190658,336.0
1781098392.904223,9192026,336.0
1781098394.9154372,9193071,336.0
1781098396.7289562,9194002,336.0
1781098401.302172,9196298,336.0
1781098401.8751898,9196577,336.0
1781098405.5705137,9198491,336.0
1781098419.2884285,9200346,336.0
1781098422.8445423,9201694,336.0
1781098424.7791557,9202352,336.0
1781098427.2433503,9203478,336.0
1781098430.263699,9205013,336.0
1781098433.5393841,9206699,336.0
1781098435.7418878,9207788,336.0
1781098439.0620024,9209298,336.0
1781098440.3450623,9209943,336.0
1781098443.8042936,9211617,336.0
1781098446.5470142,9212943,336.0
1781098448.004801,9214106,336.0
1781098451.94427,9215924,336.0
1781098452.715408,9216310,336.0
1781098456.2350924,9218222,336.0
1781098459.0437014,9219752,336.0
1781098462.8726764,9221811,336.0
1781098464.1179454,9222473,336.0
1781098482.0359387,9225171,336.0
1781098482.9110837,9225496,336.0
1781098486.1452694,9226759,336.0
1781098491.8964033,9228768,336.0
1781098496.7051826,9230464,336.0
1781098498.472641,9231109,336.0
1781098501.369594,9232448,336.0
1781098503.3494377,9233356,336.0
1781098504.3782403,9233822,336.0
1781098508.5928185,9235870,336.0
1781098509.8243198,9236464,336.0
1781098511.679549,9237865,336.0
1781098515.0686762,9239586,336.0
1781098518.0548952,9241069,336.0
1781098520.634348,9242372,336.0
1781098522.9179425,9243503,336.0
1781098524.5777693,9244337,336.0
1781098527.9767337,9245982,336.0
1781098530.8636117,9247402,336.0
1781098533.8618047,9248939,336.0
1781098534.3102012,9249172,336.0
1781098545.7317595,9250565,336.0
1781098548.9404633,9252074,336.0
1781098551.9056292,9253522,336.0
1781098552.322149,9253721,336.0
1781098554.7865052,9254892,336.0
1781098557.685824,9256231,336.0
1781098560.4379208,9257452,336.0
1781098564.2585099,9258938,336.0
1781098567.452386,9260486,336.0
1781098567.7504017,9260628,336.0
1781098571.9423535,9262502,336.0
1781098572.8065467,9262871,336.0
1781098575.55047,9264499,336.0
1781098576.303008,9264839,336.0
1781098579.7095268,9266297,336.0
1781098582.775617,9267639,336.0
1781098585.1507688,9268842,336.0
1781098588.1956975,9270273,336.0
1781098590.7426085,9271464,336.0
1781098594.4335253,9273279,336.0
1781098594.6346552,9273371,336.0
1781098607.4281588,9275284,336.0
1781098610.5793667,9276852,336.0
1781098611.4279916,9277264,336.0
1781098613.2073328,9278173,336.0
1781098615.7522476,9279444,336.0
1781098619.028519,9281012,336.0
1781098621.4463663,9282263,336.0
1781098623.621392,9283382,336.0
1781098627.9170203,9285593,336.0
1781098628.1341252,9285685,336.0
1781098631.32485,9287258,337.0
1781098633.963298,9288562,337.0
1781098636.3013577,9290310,337.0
1781098637.7628634,9291091,337.0
1781098639.9674473,9292239,337.0
1781098642.9920342,9293810,337.0
1781098645.2790782,9294975,337.0
1781098646.7867148,9295705,337.0
1781098652.1070857,9298140,337.0
1781098653.353118,9298709,337.0
1781098666.6295116,9300560,337.0
1781098668.409635,9301893,337.0
1781098671.5206964,9303463,337.0
1781098673.1877685,9304358,337.0
1781098673.9129534,9304749,337.0
1781098676.8540447,9306218,337.0
1781098678.4527545,9306887,337.0
1781098683.5219088,9309381,337.0
1781098684.5651286,9309914,337.0
1781098686.5820873,9310917,337.0
1781098687.6717641,9311446,337.0
1781098691.2956016,9313300,337.0
1781098693.053512,9314166,337.0
1781098694.1831276,9314726,337.0
1781098697.6682267,9316491,337.0
1781098700.2648003,9318250,337.0
1781098703.0699632,9319662,337.0
1781098706.3864737,9321323,337.0
1781098708.9379427,9322502,337.0
1781098710.2608206,9323143,337.0
1781098712.7379773,9324358,337.0
1781098730.2434032,9326163,337.0
1781098733.1358488,9327625,337.0
1781098735.5159445,9328447,337.0
1781098739.0208144,9329616,337.0
1781098743.4599528,9331260,337.0
1781098745.9030247,9332169,337.0
1781098751.7052944,9334212,337.0
1781098755.4030209,9335480,337.0
1781098758.0290434,9336482,337.0
1781098762.1183143,9338393,337.0
1781098767.9940112,9340353,337.0
1781098769.3701077,9340811,337.0
1781098773.7826924,9342459,337.0
1781098775.8085232,9343217,337.0
1781098779.8158963,9344664,337.0
1781098781.3742652,9345179,337.0
1781098783.608512,9345913,337.0
1781098788.8485932,9347811,337.0
1781098789.9932408,9348228,337.0
1781098793.014248,9349362,337.0
1781098810.9339643,9350768,337.0
1781098812.59562,9351361,337.0
1781098817.724487,9353285,337.0
1781098819.0333776,9353799,337.0
1781098822.367564,9355063,337.0
1781098827.1273992,9356940,337.0
1781098830.467816,9358161,337.0
1781098831.5645678,9358567,337.0
1781098836.0529835,9360283,337.0
1781098840.0186214,9361675,337.0
1781098844.4736767,9363243,337.0
1781098847.6221437,9364457,337.0
1781098850.7637012,9365668,337.0
1781098853.2700565,9366541,337.0
1781098856.8790739,9368153,337.0
1781098859.42212,9369078,337.0
1781098863.7532623,9370744,337.0
1781098864.6529598,9371094,337.0
1781098867.6236882,9372114,337.0
1781098872.4195137,9373728,337.0
1781098889.247989,9375455,337.0
1781098890.3074903,9375860,337.0
1781098894.1016576,9377272,337.0
1781098897.1002963,9378287,337.0
1781098901.668922,9379821,337.0
1781098904.945596,9381028,337.0
1781098908.6153922,9382790,337.0
1781098909.617885,9383284,337.0
1781098911.463575,9384152,337.0
1781098915.1676478,9385947,337.0
1781098918.9542701,9387720,337.0
1781098921.4856648,9389394,337.0
1781098922.5683913,9389902,337.0
1781098925.3910477,9391176,337.0
1781098927.9573781,9392410,337.0
1781098930.9932792,9393998,337.0
1781098933.3582451,9395238,337.0
1781098933.7855265,9395458,337.0
1781098937.0221806,9397061,337.0
1781098940.5446422,9398856,337.0
1781098953.4829996,9400606,337.0
1781098956.2615316,9402011,337.0
1781098958.2942088,9403027,337.0
1781098959.5210621,9403648,337.0
1781098961.0307324,9404425,337.0
1781098965.0520666,9406497,337.0
1781098967.7776766,9407953,337.0
1781098969.6179416,9408929,337.0
1781098971.596476,9409947,337.0
1781098973.6004403,9410944,337.0
1781098977.2772992,9412836,337.0
1781098980.2044723,9414300,337.0
1781098982.0942984,9415292,337.0
1781098982.9468682,9416176,337.0
1781098986.2580132,9417858,337.0
1781098989.5866933,9419579,337.0
1781098992.967531,9421297,337.0
1781098994.5349274,9422096,337.0
1781098995.8049226,9422749,337.0
1781098998.4904885,9424114,337.0
1781099012.1386247,9425078,337.0
1781099015.0783865,9426436,337.0
1781099018.949533,9427788,337.0
1781099022.4885714,9429027,337.0
1781099025.675072,9430456,337.0
1781099029.151297,9432277,337.0
1781099032.3246574,9433614,337.0
1781099035.0607812,9434988,337.0
1781099037.4416924,9435898,337.0
1781099039.958511,9437072,337.0
1781099044.6034017,9439451,337.0
1781099045.8969557,9440111,337.0
1781099047.228426,9441259,337.0
1781099049.672861,9442502,337.0
1781099052.7686958,9444081,337.0
1781099055.9283516,9445690,337.0
1781099058.0648627,9446792,337.0
1781099058.9042487,9447210,337.0
1781099063.1038115,9449234,337.0
1781099076.3331404,9450933,337.0
1781099077.848436,9452127,337.0
1781099081.7563674,9454148,337.0
1781099083.5196548,9455045,337.0
1781099084.917955,9455756,337.0
1781099088.5337224,9457598,337.0
1781099091.8996718,9459340,337.0
1781099093.9858801,9460412,337.0
1781099095.151878,9460949,337.0
1781099098.12396,9462290,337.0
1781099100.9301894,9463588,337.0
1781099102.452454,9464356,337.0
1781099106.389798,9466342,337.0
1781099107.2204814,9466745,337.0
1781099109.457833,9467827,337.0
1781099111.260115,9469192,337.0
1781099113.444537,9470219,337.0
1781099116.8589857,9471756,337.0
1781099120.0263383,9473237,337.0
1781099123.0086138,9474703,337.0
1781099140.9590676,9476397,337.0
1781099141.9177573,9477355,337.0
1781099144.828022,9478801,337.0
1781099147.6137064,9480181,337.0
1781099149.0416749,9480865,337.0
1781099151.9291546,9482366,337.0
1781099154.1787796,9483570,337.0
1781099155.1331391,9484068,337.0
1781099158.4724853,9485463,337.0
1781099160.9976554,9486627,337.0
1781099163.7431774,9487944,337.0
1781099167.3927872,9489691,337.0
1781099170.58707,9491132,337.0
1781099173.2018206,9492702,337.0
1781099173.4001138,9492794,337.0
1781099176.700888,9494335,337.0
1781099178.3567073,9495135,337.0
1781099181.0690875,9496439,337.0
1781099182.8437135,9497075,337.0
1781099188.2078786,9498913,337.0
1781099208.473502,9500751,337.0
1781099211.5797212,9501861,337.0
1781099217.1175349,9504008,337.0
1781099218.3830678,9504515,337.0
1781099221.2642272,9505908,337.0
1781099224.2376363,9507376,337.0
1781099225.472484,9507957,337.0
1781099228.3258765,9509297,337.0
1781099231.4312477,9510550,337.0
1781099233.265257,9511344,337.0
1781099236.8540728,9513071,337.0
1781099239.218669,9513973,337.0
1781099243.2295868,9515304,337.0
1781099245.635512,9516124,337.0
1781099248.77798,9517197,337.0
1781099251.9103563,9518377,337.0
1781099255.678029,9519794,337.0
1781099259.7448359,9521201,337.0
1781099261.7352931,9521903,337.0
1781099264.9925382,9523160,337.0
1781099268.2558086,9524782,337.0
1781099284.0392427,9525698,337.0
1781099287.768585,9526948,337.0
1781099292.1444101,9528478,337.0
1781099294.0264351,9529178,337.0
1781099297.94499,9530677,337.0
1781099299.122302,9531416,337.0
1781099302.7259161,9532665,337.0
1781099305.8465824,9533756,337.0
1781099308.5241027,9534735,337.0
1781099311.4363942,9535868,337.0
1781099313.2159524,9536559,337.0
1781099316.68904,9537839,337.0
1781099321.440301,9539534,337.0
1781099323.2000542,9540134,337.0
1781099327.971189,9541826,337.0
1781099330.3956902,9543089,337.0
1781099332.9621298,9544051,337.0
1781099335.3620265,9544890,337.0
1781099339.0658464,9546221,337.0
1781099344.040891,9547966,337.0
1781099347.359319,9549058,337.0
1781099348.210914,9549362,337.0
1781099362.2131233,9550822,337.0
1781099364.868912,9552197,337.0
1781099368.17892,9553483,337.0
1781099371.6627362,9555194,337.0
1781099374.198134,9556462,337.0
1781099377.5886676,9558109,337.0
1781099381.0407674,9559674,337.0
1781099384.951025,9561219,337.0
1781099388.593783,9562843,337.0
1781099391.0016985,9563678,337.0
1781099393.960975,9565038,337.0
1781099395.4427125,9565551,337.0
1781099400.3787827,9567325,337.0
1781099405.9845247,9569241,337.0
1781099408.7712464,9570214,337.0
1781099413.3664773,9571819,337.0
1781099414.288807,9572141,337.0
1781099418.2772532,9573545,337.0
1781099437.0565546,9575222,337.0
1781099440.5635188,9576469,337.0
1781099443.0289216,9577350,337.0
1781099448.0031512,9579097,337.0
1781099451.7024102,9580392,337.0
1781099454.9272065,9581532,337.0
1781099458.4263344,9583137,337.0
1781099462.4387803,9584539,337.0
1781099465.1570747,9585476,337.0
1781099468.4132066,9586602,337.0
1781099472.6632223,9588099,337.0
1781099476.8315158,9589580,337.0
1781099479.97634,9590689,337.0
1781099482.6691132,9591627,337.0
1781099486.7932673,9593063,337.0
1781099489.2761738,9594257,337.0
1781099493.3575318,9595682,337.0
1781099497.0586944,9596959,337.0
1781099497.4114494,9597082,337.0
1781099500.789885,9598260,337.0
1781099520.2494683,9600250,337.0
1781099522.7975695,9601463,337.0
1781099524.2372868,9601969,337.0
1781099527.4747338,9603094,337.0
1781099531.9194453,9604653,337.0
1781099536.631073,9606318,337.0
1781099538.6649582,9607029,337.0
1781099542.5119383,9608387,337.0
1781099544.225182,9608999,337.0
1781099546.0406773,9609650,337.0
1781099550.6216223,9611260,337.0
1781099553.7514825,9612683,337.0
1781099557.2347748,9613965,337.0
1781099561.6836746,9615451,337.0
1781099567.7197144,9617529,337.0
1781099572.8514962,9619309,337.0
1781099577.997945,9621014,337.0
1781099580.378343,9621891,337.0
1781099581.709161,9622348,337.0
1781099585.5497742,9623999,337.0
1781099604.8345423,9625082,337.0
1781099609.6365016,9626803,337.0
1781099612.8377223,9627878,337.0
1781099614.6811633,9628842,337.0
1781099618.2834778,9630389,337.0
1781099620.0957544,9631275,337.0
1781099622.1963384,9632321,337.0
1781099625.3383765,9633856,337.0
1781099627.6859896,9634868,337.0
1781099630.9712372,9636356,337.0
1781099633.4766145,9637576,337.0
1781099636.9580035,9639182,337.0
1781099640.0034995,9640567,337.0
1781099641.3673277,9641234,337.0
1781099644.8689425,9642959,337.0
1781099647.0068946,9644536,337.0
1781099650.646356,9646420,337.0
1781099650.9911306,9646587,337.0
1781099653.5234985,9647806,337.0
1781099657.1854665,9649551,337.0
1781099673.4094734,9650985,337.0
1781099674.6595252,9651576,337.0
1781099679.3147042,9654197,337.0
1781099679.9510303,9654498,337.0
1781099683.4564192,9656261,337.0
1781099685.5248868,9657288,337.0
1781099691.209612,9659989,337.0
1781099691.8056467,9660260,337.0
1781099694.937242,9661746,337.0
1781099697.985354,9663151,337.0
1781099702.6326106,9665222,337.0
1781099704.1439497,9665725,337.0
1781099708.5978498,9667226,337.0
1781099711.0675952,9668507,337.0
1781099716.673113,9670363,337.0
1781099719.3628278,9671332,337.0
1781099723.6309443,9672952,337.0
1781099726.9785135,9674172,337.0
1781099728.7600305,9674831,337.0
1781099748.7470143,9676390,337.0
1781099753.0239284,9678032,337.0
1781099756.343894,9679213,337.0
1781099761.8041272,9681358,337.0
1781099762.0064228,9681450,337.0
1781099765.2861493,9682968,337.0
1781099767.5154703,9683991,337.0
1781099771.1294272,9685667,337.0
1781099772.4822047,9686759,337.0
1781099775.1216495,9688054,337.0
1781099777.4110851,9689186,337.0
1781099780.900791,9690878,337.0
1781099782.5977552,9691643,337.0
1781099787.1281898,9693812,337.0
1781099787.4439087,9693957,337.0
1781099791.215748,9695768,337.0
1781099793.9965134,9697126,337.0
1781099794.9747138,9697584,337.0
1781099797.6512973,9698787,337.0
1781099809.2894485,9700594,337.0
1781099813.1692858,9702310,337.0
1781099816.257179,9703739,337.0
1781099818.6044073,9704747,337.0
1781099821.501982,9706210,337.0
1781099822.9913406,9706948,337.0
1781099826.1535594,9708507,337.0
1781099828.9467669,9709911,337.0
1781099832.1331089,9711524,337.0
1781099832.3689737,9711640,337.0
1781099835.9559705,9713149,337.0
1781099836.3977582,9713749,337.0
1781099839.9152355,9715382,337.0
1781099842.4579284,9716635,337.0
1781099843.4016285,9717089,337.0
1781099844.912521,9717838,337.0
1781099847.9486353,9719279,337.0
1781099851.3410966,9720904,337.0
1781099852.9434192,9721665,337.0
1781099855.589817,9722964,337.0
1781099857.7725067,9723985,337.0
1781099875.4022675,9725932,337.0
1781099880.0306518,9727645,337.0
1781099883.3155828,9728822,337.0
1781099887.803435,9730392,337.0
1781099891.1911066,9731630,337.0
1781099894.6691308,9733132,337.0
1781099897.5139549,9734289,337.0
1781099901.9326227,9736448,337.0
1781099902.4116285,9736610,337.0
1781099906.0904117,9738033,337.0
1781099909.253391,9739665,337.0
1781099912.010164,9741080,337.0
1781099913.4861948,9741714,337.0
1781099916.7073703,9743314,337.0
1781099919.3717742,9744558,337.0
1781099921.7165987,9745776,337.0
1781099925.5117795,9747737,337.0
1781099927.8052113,9748943,337.0
1781099929.013463,9749498,337.0
1781099939.3755016,9750226,337.0
1781099942.8146896,9751983,337.0
1781099945.0688515,9753096,337.0
1781099945.9122894,9753526,337.0
1781099949.5576825,9755324,337.0
1781099950.199894,9755608,337.0
1781099954.6734555,9757561,337.0
1781099957.1350932,9758778,337.0
1781099958.4937103,9759501,337.0
1781099960.7300599,9760701,337.0
1781099962.4734845,9762086,337.0
1781099966.1530359,9763932,337.0
1781099969.380131,9765597,337.0
1781099973.1537952,9767626,337.0
1781099975.6062238,9768845,337.0
1781099976.3377879,9769213,337.0
1781099978.6010213,9770307,338.0
1781099982.3821056,9772106,338.0
1781099984.83574,9773222,338.0
1781100000.094878,9775033,337.0
1781100002.1184947,9775692,337.0
1781100003.997376,9776509,337.0
1781100006.6132107,9777648,337.0
1781100009.7291355,9779086,337.0
1781100011.7453365,9780016,337.0
1781100013.9166045,9780997,337.0
1781100018.4829707,9782938,337.0
1781100019.2914183,9783347,337.0
1781100022.0675569,9784707,338.0
1781100024.6492915,9785953,338.0
1781100026.3273761,9787155,338.0
1781100031.32642,9789189,338.0
1781100034.270672,9790217,338.0
1781100038.4081419,9792059,338.0
1781100040.559161,9793166,338.0
1781100041.3520648,9793538,338.0
1781100045.187158,9794983,338.0
1781100048.9421222,9796263,338.0
1781100054.0785446,9798153,338.0
1781100056.3692725,9799395,338.0
1781100071.9755561,9800502,337.0
1781100075.2988615,9801620,337.0
1781100079.0653896,9802875,337.0
1781100080.629016,9803394,337.0
1781100085.3359826,9805222,337.0
1781100087.7292979,9806481,337.0
1781100093.134726,9808427,337.0
1781100097.2277315,9810009,337.0
1781100098.349642,9810440,337.0
1781100101.981138,9811848,338.0
1781100106.1437502,9813343,338.0
1781100108.9722278,9814346,338.0
1781100110.9808116,9815076,338.0
1781100112.9514225,9815803,338.0
1781100117.4742541,9817661,338.0
1781100119.3801007,9818946,338.0
1781100122.535705,9820438,338.0
1781100125.0999997,9821703,338.0
1781100125.8047488,9822041,338.0
1781100129.551967,9823894,338.0
1781100129.84293,9824040,338.0
1781100147.1596632,9825662,337.0
1781100151.6296916,9827280,337.0
1781100151.813267,9827725,337.0
1781100156.643427,9829612,337.0
1781100158.9125104,9830392,337.0
1781100161.2058978,9831218,337.0
1781100165.7751985,9832909,337.0
1781100169.0642667,9834206,337.0
1781100170.722678,9834859,337.0
1781100173.7807636,9835964,337.0
1781100178.347236,9837558,338.0
1781100181.7752995,9838841,338.0
1781100185.2464633,9840546,338.0
1781100186.9685674,9841178,338.0
1781100189.4738882,9842049,338.0
1781100192.9313822,9843317,338.0
1781100195.720668,9844397,338.0
1781100201.166309,9846414,338.0
1781100205.5740814,9847948,338.0
1781100210.1011412,9849678,338.0
1781100224.8603203,9850645,337.0
1781100229.7312458,9852459,337.0
1781100234.1051044,9853985,337.0
1781100237.4664323,9855247,337.0
1781100238.6995106,9855712,337.0
1781100243.9833782,9857700,337.0
1781100246.9569974,9859053,337.0
1781100249.0072432,9859769,337.0
1781100250.929412,9860457,337.0
1781100254.2308455,9861721,337.0
1781100257.6903143,9863056,337.0
1781100262.9912384,9864867,337.0
1781100265.9590054,9865923,337.0
1781100268.4956753,9866911,337.0
1781100271.0619805,9867910,337.0
1781100275.8993006,9869605,337.0
1781100279.2999403,9871093,337.0
1781100283.4594562,9872731,337.0
1781100285.9344645,9873686,337.0
1781100288.8598323,9874710,337.0
1781100308.719627,9876224,337.0
1781100311.2684312,9877533,337.0
1781100315.3170862,9879061,337.0
1781100319.2498105,9880377,337.0
1781100319.5320196,9880469,337.0
1781100323.4916694,9881861,337.0
1781100328.08457,9883642,337.0
1781100329.853547,9884250,337.0
1781100336.9950614,9886683,337.0
1781100339.693873,9887650,337.0
1781100343.155648,9889581,337.0
1781100345.121912,9890455,337.0
1781100349.429493,9892320,337.0
1781100350.907126,9893004,337.0
1781100353.6609695,9894455,337.0
1781100357.0089765,9896159,337.0
1781100359.5021956,9897429,337.0
1781100362.8553605,9899082,337.0
1781100376.0035136,9900151,337.0
1781100379.392141,9901459,337.0
1781100383.9005923,9903134,337.0
1781100387.7549813,9904384,337.0
1781100390.688586,9905417,337.0
1781100393.8377326,9906633,337.0
1781100397.2659662,9907970,337.0
1781100399.4994156,9908796,337.0
1781100403.5121458,9910407,337.0
1781100403.8403885,9910837,337.0
1781100407.180626,9912113,337.0
1781100409.2087176,9913083,337.0
1781100411.7587605,9914326,337.0
1781100414.6464224,9915731,337.0
1781100417.9304302,9917325,337.0
1781100418.5667953,9917636,337.0
1781100420.8484786,9918705,337.0
1781100424.21058,9920053,337.0
1781100427.9563508,9921333,337.0
1781100431.270098,9922707,337.0
1781100432.909957,9923422,337.0
1781100435.2089565,9924345,338.0
1781100452.0211854,9926274,337.0
1781100457.6491423,9928198,337.0
1781100459.8044682,9929083,337.0
1781100461.254446,9929763,337.0
1781100463.8405218,9931079,337.0
1781100467.0099337,9932756,337.0
1781100469.5097947,9934517,337.0
1781100471.6207259,9935523,337.0
1781100473.7769127,9936501,337.0
1781100475.792791,9937540,337.0
1781100478.3503947,9938858,337.0
1781100479.4675388,9939436,338.0
1781100480.436716,9939929,338.0
1781100483.1985376,9941345,338.0
1781100485.86546,9942726,338.0
1781100487.364759,9943489,338.0
1781100490.069996,9944762,338.0
1781100493.1740227,9946341,338.0
1781100495.9501274,9947564,338.0
1781100497.9714234,9948554,338.0
1781100513.0990477,9950234,337.0
1781100514.6610594,9950869,337.0
1781100517.5409467,9952139,337.0
1781100520.741577,9953478,338.0
1781100522.9522386,9954448,338.0
1781100527.2227597,9956295,338.0
1781100530.1922016,9958088,338.0
1781100533.201276,9959544,338.0
1781100535.0579946,9960461,338.0
1781100536.1403666,9961037,338.0
1781100539.9986947,9962768,338.0
1781100542.9768782,9964133,338.0
1781100544.5579646,9964913,338.0
1781100549.2764826,9967044,338.0
1781100549.485411,9967134,338.0
1781100553.8140132,9969128,338.0
1781100556.3084962,9970245,338.0
1781100561.34036,9972601,338.0
1781100563.2728972,9973390,338.0
1781100564.7375445,9974096,338.0
1781100576.9155,9975092,338.0
1781100578.5375476,9975822,338.0
1781100582.2077599,9977652,338.0
1781100587.0500417,9979956,338.0
1781100588.7358606,9980754,338.0
1781100590.8135574,9981742,338.0
1781100593.0652099,9983224,338.0
1781100594.301726,9983808,338.0
1781100597.5951567,9985324,338.0
1781100599.1784487,9986025,338.0
1781100601.0699346,9986863,338.0
1781100604.9165366,9988729,338.0
1781100605.841487,9989183,338.0
1781100608.7441814,9990507,338.0
1781100611.7140012,9991812,338.0
1781100614.737381,9993271,338.0
1781100618.293997,9994963,338.0
1781100621.3157113,9996424,338.0
1781100621.8783379,9996688,338.0
1781100624.7705884,9998135,338.0
1781100627.389681,9999961,338.0
