Wall time,Step,Value
1781071135.0972795,100065,0.00017193504027090967
1781071135.604468,100300,4.172091212240048e-05
1781071135.902988,100441,0.00013833577395416796
1781071136.1743255,100559,0.015820661559700966
1781071136.4797356,100697,7.307238774956204e-06
1781071136.6740584,100787,1.756631172611378e-05
1781071136.9460888,100905,0.01602182537317276
1781071137.142594,100997,5.3391046094475314e-05
1781071137.4250646,101138,0.015322372317314148
1781071137.6323528,101230,0.015450659207999706
1781071137.9132385,101369,6.213052256498486e-05
1781071138.1004362,101459,7.043948426144198e-05
1781071138.476478,101649,0.015305262990295887
1781071139.0895846,101964,0.01563204452395439
1781071139.3762608,102106,0.015258440747857094
1781071139.5647662,102196,0.00010335813567508012
1781071139.7413273,102286,2.3445776605512947e-05
1781071140.0103583,102422,3.8440226489910856e-05
1781071140.3088102,102577,7.568066939711571e-05
1781071140.4679632,102667,4.481093492358923e-05
1781071140.901862,102902,0.00020580782438628376
1781071141.3158646,103122,0.00022149573487695307
1781071141.4902213,103214,0.00014760866179130971
1781071141.9817734,103478,0.015122350305318832
1781071142.2028306,103598,0.0002450827450957149
1781071142.5959895,103812,0.015749113634228706
1781071142.8187895,103932,0.015659861266613007
1781071142.9991794,104024,0.015670105814933777
1781071143.2482934,104162,6.593846592295449e-06
1781071143.5385802,104323,9.666851838119328e-05
1781071143.8942044,104511,0.0005695284926332533
1781071144.1289644,104629,0.015451667830348015
1781071144.3009195,104719,0.00012904700997751206
1781071144.59972,104884,0.0001777383149601519
1781071145.0149734,105099,1.0411264156573452e-05
1781071145.1890068,105191,0.01591755636036396
1781071145.4377255,105329,0.0002999964926857501
1781071145.67974,105463,6.175394446472637e-06
1781071146.2390025,105733,0.015446297824382782
1781071146.4263353,105825,0.031200159341096878
1781071146.5936105,105915,1.2220657481520902e-05
1781071146.7948046,106005,0.0002969130000565201
1781071147.492528,106349,0.0004590573953464627
1781071147.7383614,106466,0.00017529648903291672
1781071148.1848896,106681,0.00031516357557848096
1781071148.6623747,106914,0.00043326185550540686
1781071149.1649463,107155,0.0004272275255061686
1781071149.3641753,107245,6.805220436945092e-06
1781071149.5563474,107333,0.0002494204672984779
1781071149.0143366,107520,0.0003212180163245648
1781071149.2145052,107612,0.0002951440110336989
1781071149.415323,107704,0.00017615164688322693
1781071149.6155207,107794,0.00036645022919401526
1781071149.8876908,107932,0.00033649354008957744
1781071150.0844967,108024,0.015969518572092056
1781071150.279818,108114,0.0004908539704047143
1781071150.5712156,108252,0.0003796220989897847
1781071150.8537452,108387,0.014848707243800163
1781071151.06137,108479,0.030276667326688766
1781071151.385539,108644,0.0004205472650937736
1781071151.65754,108780,0.00015518732834607363
1781071151.864302,108870,0.000450488761998713
1781071152.1426778,109006,6.251357262954116e-06
1781071152.320093,109096,0.000668459921143949
1781071152.48859,109188,0.000762482697609812
1781071152.6642704,109278,0.0016820721793919802
1781071152.8462508,109370,0.0003185340319760144
1781071153.0079694,109462,0.0003614925954025239
1781071153.2091827,109554,0.014953400008380413
1781071153.5417864,109738,0.01518532820045948
1781071153.7903202,109872,0.00038463808596134186
1781071154.0593867,110011,0.00017781050701159984
1781071154.2794356,110129,0.0015170935075730085
1781071154.6996422,110364,0.013784559443593025
1781071154.9713225,110507,0.0004084419342689216
1781071155.3251486,110695,8.424078987445682e-05
1781071155.5100672,110785,0.0009154309518635273
1781071155.6918523,110873,0.0005340088391676545
1781071156.0279467,111061,0.0005643035983666778
1781071156.2934942,111197,0.010388461872935295
1781071156.472962,111289,0.0010256040841341019
1781071156.7760942,111452,0.0017565367743372917
1781071157.036462,111588,7.697538239881396e-05
1781071157.4031382,111776,0.008988860994577408
1781071157.5751905,111864,0.0004916466423310339
1781071157.8432314,112005,0.0005349243874661624
1781071158.0288446,112097,0.0013893265277147293
1781071158.2537186,112215,0.015122028067708015
1781071158.6034954,112400,0.00017122439749073237
1781071159.1010149,112664,0.0011580748250707984
1781071159.3899155,112811,0.0010557034984230995
1781071159.5571342,112901,0.01059033814817667
1781071159.7470386,112993,0.0006958378362469375
1781071160.0308886,113130,0.0028926185332238674
1781071160.307743,113266,0.0014695270219817758
1781071160.5825355,113403,0.0008571570506319404
1781071160.971397,113589,0.00010809058585437015
1781071161.1625483,113679,0.0008702526101842523
1781071161.7209666,113964,0.0005855901399627328
1781071161.9125884,114052,0.0034871352836489677
1781071162.5464776,114359,0.0020577358081936836
1781071162.9317515,114546,0.0019215703941881657
1781071163.1150165,114636,0.0009432577644474804
1781071163.3906367,114774,0.0027887767646461725
1781071163.653214,114891,0.0009579001925885677
1781071163.8369029,114983,0.02743331715464592
1781071164.048543,115075,0.006401820108294487
1781071164.2258434,115163,0.011274009011685848
1781071164.4581156,115283,0.0017619505524635315
1781071164.6481583,115375,0.0002529040793888271
1781071164.9298222,115516,0.003316070418804884
1781071165.1393785,115606,0.004616301506757736
1781071165.3174286,115696,0.0029130098409950733
1781071165.504951,115788,0.0009460434666834772
1781071165.797524,115924,0.0016572594176977873
1781071166.1627069,116091,0.00770815322175622
1781071166.5134451,116259,0.001336851273663342
1781071166.707339,116351,0.0008793096640147269
1781071167.0317345,116516,0.0007736945408396423
1781071167.3011205,116655,0.003490400966256857
1781071167.6587262,116843,0.01287867408245802
1781071168.0810509,117058,0.0025647529400885105
1781071168.2709527,117146,0.002496706787496805
1781071168.4444416,117236,0.0031697284430265427
1781071168.6189253,117328,0.00022777101548854262
1781071168.950492,117493,0.001868619816377759
1781071169.1208074,117583,0.0011768786935135722
1781071169.288693,117671,0.0018429870251566172
1781071169.550672,117807,0.0018433250952512026
1781071169.7407434,117897,0.0005982299917377532
1781071169.9772527,118018,0.004028639756143093
1781071170.206455,118110,0.003315633162856102
1781071170.6459384,118324,0.013546097092330456
1781071171.1624062,118588,0.00014896789798513055
1781071171.4923062,118753,0.0018561999313533306
1781071171.6721294,118843,0.0004569593584164977
1781071171.943442,118980,0.0007312539382837713
1781071172.1290646,119070,0.0008716589072719216
1781071172.485468,119255,0.004289712756872177
1781071172.73265,119373,0.0018870402127504349
1781071172.9041007,119461,0.001046873745508492
1781071173.3228252,119676,0.008728303015232086
1781071173.5511558,119796,0.005828830413520336
1781071173.7934625,119916,0.0038074164185673
1781071173.9944036,120006,0.0024762072134763002
1781071174.281807,120144,0.004659353289753199
1781071174.556154,120265,0.010748232714831829
1781071174.7463832,120357,0.002569769276306033
1781071174.9319913,120449,0.003387422999367118
1781071175.2208323,120597,0.0011185524053871632
1781071175.4056113,120689,0.00308436993509531
1781071175.5697448,120779,0.005020522512495518
1781071175.718342,120867,0.005817241035401821
1781071175.9912374,121003,0.01709000952541828
1781071176.2158654,121123,0.0022216446232050657
1781071176.613523,121308,0.0012781010009348392
1781071176.976069,121495,0.0026649481151252985
1781071177.5716226,121807,0.006640068255364895
1781071177.8446734,121943,0.0012717782519757748
1781071178.0251591,122033,0.004446267616003752
1781071178.1978993,122123,0.0010339260334149003
1781071178.4524853,122241,0.0047556450590491295
1781071178.6334221,122331,0.004363939166069031
1781071178.899192,122470,0.004302399232983589
1781071179.1128876,122562,0.0013401710893958807
1781071179.416818,122701,0.000826252275146544
1781071179.8476825,122896,0.0037943595089018345
1781071180.2333236,123080,0.0051041035912930965
1781071180.4079318,123172,0.002132461406290531
1781071180.7424207,123339,0.002264687092974782
1781071181.0368578,123476,0.007520771119743586
1781071181.2474,123568,0.0007878689211793244
1781071180.7063863,123702,0.004118331708014011
1781071180.9706125,123836,0.004673258867114782
1781071181.2522016,123972,0.010360967367887497
1781071181.4395375,124064,0.0019475214648991823
1781071181.6268697,124154,0.003340694820508361
1781071181.8139615,124244,0.01352809276431799
1781071182.0003717,124336,0.0021789325401186943
1781071182.1666222,124426,0.0019600619561970234
1781071182.4838455,124593,0.002538056578487158
1781071182.8684204,124782,0.001605072757229209
1781071183.03816,124874,0.003933831118047237
1781071183.9950967,125000,0.0020062830299139023
1781071184.1739917,125087,0.0041507831774652
1781071184.443232,125223,0.0007285921601578593
1781071184.816964,125414,0.0007139088702388108
1781071185.173684,125581,0.011722736991941929
1781071185.4493523,125714,0.0009611460845917463
1781071185.6387844,125802,0.0013683311408385634
1781071185.8811193,125920,0.014271487481892109
1781071186.0870042,126012,0.0019766059704124928
1781071186.510941,126197,0.0020841562654823065
1781071186.8654802,126360,0.002578329062089324
1781071187.146622,126496,0.0005724407965317369
1781071187.3394098,126584,0.002875540405511856
1781071187.5402236,126676,0.0023998862598091364
1781071187.7503605,126766,0.0016926564276218414
1781071188.006119,126886,0.0007457979372702539
1781071188.3768163,127072,0.0069923559203743935
1781071188.665057,127208,0.001957828877493739
1781071188.8532293,127300,0.0027469187043607235
1781071189.0382032,127386,0.0012128892121836543
1781071189.241796,127474,0.0009957561269402504
1781071189.7684624,127736,0.001356933731585741
1781071190.3038812,127982,0.001414623111486435
1781071190.47957,128072,0.001478427555412054
1781071190.6564333,128164,0.0051115695387125015
1781071190.964256,128300,0.0024692711886018515
1781071191.2289028,128440,0.0031447382643818855
1781071191.409536,128530,0.0017598794074729085
1781071191.6655047,128666,0.0008855108171701431
1781071191.9367473,128805,0.0009740198729559779
1781071192.2444618,128966,0.0008308301330544055
1781071192.4230201,129056,0.0027232931461185217
1781071192.8397248,129269,0.0016208004672080278
1781071193.1202896,129407,0.001310446416027844
1781071193.4003003,129543,0.015174051746726036
1781071193.6949608,129683,0.0022708773612976074
1781071194.1651573,129941,0.000503799703437835
1781071194.3545487,130031,0.0017678051954135299
1781071194.6244035,130167,0.003157153259962797
1781071195.022026,130364,0.002575061982497573
1781071195.251378,130484,0.0025939270853996277
1781071195.417404,130574,0.002999994670972228
1781071195.6000044,130664,0.004670615307986736
1781071195.7754323,130752,0.0003960767644457519
1781071195.9514256,130842,0.001971467863768339
1781071196.225155,130982,0.004109331872314215
1781071196.4074068,131074,0.0007065373356454074
1781071196.5829742,131164,0.0015424559824168682
1781071196.7620053,131252,0.0014476446667686105
1781071197.0232015,131372,0.0009638473857194185
1781071197.2085967,131462,0.0016919507179409266
1781071197.590541,131648,0.0008415677584707737
1781071197.9249763,131814,0.004619615152478218
1781071198.285699,132001,0.0025099506601691246
1781071198.4810658,132091,0.0007043979130685329
1781071198.8591855,132286,0.0015067046042531729
1781071199.0282106,132378,0.00869622640311718
1781071199.3729382,132559,0.0038264375180006027
1781071199.7651877,132758,0.0010812762193381786
1781071199.9394765,132848,0.0008398399222642183
1781071200.135274,132936,0.0008712607668712735
1781071200.4826279,133104,0.005079993046820164
1781071200.9436586,133317,0.0035393426660448313
1781071201.3747218,133504,0.018571743741631508
1781071201.6811037,133640,0.004775539506226778
1781071202.0095723,133803,0.006808399222791195
1781071202.3335385,133957,0.0026594034861773252
1781071202.6205676,134093,0.001790664391592145
1781071202.8059158,134183,0.009317046962678432
1781071203.240866,134396,0.005114225670695305
1781071203.4618866,134486,0.003927526064217091
1781071203.6541328,134578,0.003588311141356826
1781071203.8617003,134670,0.0024011675268411636
1781071204.104691,134786,0.006328096613287926
1781071204.2998888,134876,0.0053717587143182755
1781071204.5004337,134966,0.0015414622612297535
1781071204.718766,135058,0.005575587507337332
1781071205.062208,135225,0.0035858273040503263
1781071205.268353,135315,0.0051061720587313175
1781071205.559978,135455,0.0024734833277761936
1781071206.1494274,135740,0.0007841801270842552
1781071206.3348944,135830,0.0014112506760284305
1781071206.6685925,135966,0.002048296621069312
1781071207.142351,136201,0.001589589985087514
1781071207.508931,136368,0.002404528670012951
1781071207.7125804,136458,0.003893227083608508
1781071208.258479,136722,0.003134959377348423
1781071208.4413104,136814,0.0021456070244312286
1781071208.7678072,136981,0.0023639739956706762
1781071209.0454755,137121,0.0036509823985397816
1781071209.2271945,137213,0.0024811450857669115
1781071209.3999734,137305,0.0014532027998939157
1781071209.720728,137470,0.0025745946913957596
1781071209.9135785,137558,0.005260775797069073
1781071210.0867555,137648,0.004937304649502039
1781071210.2752864,137734,0.002034163800999522
1781071210.456244,137826,0.0016073230654001236
1781071210.8940039,138039,0.0029646526090800762
1781071211.2927165,138252,0.0011239429004490376
1781071211.5398898,138370,0.000828854157589376
1781071211.7295654,138460,0.004662088118493557
1781071211.9190545,138552,0.001163229811936617
1781071212.457104,138820,0.0020039065275341272
1781071212.7305205,138956,0.00540177384391427
1781071212.9466932,139046,0.0018520653247833252
1781071212.2755048,139136,0.0041806260123848915
1781071212.4632602,139228,0.002748254220932722
1781071212.6557298,139320,0.0034772269427776337
1781071212.9402053,139458,0.0016830583335831761
1781071213.4182625,139706,0.0008173787500709295
1781071213.6745007,139830,0.0004819925525225699
1781071213.8410947,139918,0.0006348676979541779
1781071214.1321597,140064,0.003045547055080533
1781071214.3143957,140156,0.007115188054740429
1781071214.6322742,140319,0.006944659166038036
1781071214.8096147,140409,0.005960617680102587
1781071215.0032144,140499,0.005315746646374464
1781071215.2264092,140591,0.0027970238588750362
1781071215.4173968,140683,0.0014342280337587
1781071215.624383,140773,0.0007363888435065746
1781071215.824994,140863,0.0020708271767944098
1781071216.1617196,141028,0.003117059823125601
1781071216.4720082,141166,0.002172110602259636
1781071216.662475,141258,0.002080140169709921
1781071216.8578799,141350,0.0025396603159606457
1781071217.2277973,141513,0.002125055994838476
1781071217.4394386,141601,0.0037347376346588135
1781071217.6472552,141693,0.002873822348192334
1781071217.961432,141844,0.0035611377097666264
1781071218.1486678,141934,0.0031129466369748116
1781071218.3639562,142026,0.005367973353713751
1781071218.8168871,142241,0.001409072196111083
1781071219.1098497,142382,0.0029853815212845802
1781071219.6650512,142642,0.0031530444975942373
1781071220.0619996,142829,0.0019272960489615798
1781071220.251237,142919,0.0004614550562109798
1781071220.4413872,143011,0.003094805870205164
1781071221.1331894,143324,0.002297118306159973
1781071221.3400245,143414,0.004370872396975756
1781071221.8793738,143675,0.003204658627510071
1781071222.058931,143765,0.002506942953914404
1781071222.242563,143855,0.0035650799982249737
1781071222.6948166,144050,0.00604516826570034
1781071223.131831,144269,0.002346211578696966
1781071223.6459703,144533,0.0035555455833673477
1781071223.8840714,144655,0.0038000885397195816
1781071224.0678132,144743,0.001230844995006919
1781071224.3914328,144906,0.001455908641219139
1781071224.752929,145094,0.0067769307643175125
1781071224.9321842,145186,0.0016229173634201288
1781071225.111165,145278,0.0036669832188636065
1781071225.3009524,145366,0.0028067780658602715
1781071225.5238678,145484,0.002022127155214548
1781071225.6861436,145572,0.002012750366702676
1781071225.8656626,145664,0.0015716308262199163
1781071226.0352547,145754,0.005852067843079567
1781071226.213405,145846,0.0007886902894824743
1781071226.3980346,145936,0.0033393215853720903
1781071226.6065924,146028,0.0035060695372521877
1781071226.8134804,146120,0.0027726853732019663
1781071227.001009,146212,0.0033420631662011147
1781071227.209946,146302,0.006492805667221546
1781071227.389493,146392,0.0035492456518113613
1781071227.690013,146529,0.006872945465147495
1781071227.913169,146619,0.006900180596858263
1781071228.1848383,146739,0.0014209299115464091
1781071228.5563293,146905,0.0014913611812517047
1781071228.933899,147074,0.0038924310356378555
1781071229.165177,147162,0.0022895336151123047
1781071229.4900646,147302,0.004483980126678944
1781071229.8483014,147471,0.002622221363708377
1781071230.4004984,147735,0.002411438152194023
1781071230.7924802,147900,0.0016770233632996678
1781071231.0349114,148020,0.007373232394456863
1781071231.3172748,148138,0.007328836712986231
1781071231.5907161,148260,0.0027189520187675953
1781071232.014585,148471,0.0044822897762060165
1781071232.22508,148561,0.002084724372252822
1781071232.4369535,148651,0.0033896551467478275
1781071232.631409,148741,0.0013443226926028728
1781071233.006469,148906,0.002406707499176264
1781071233.1968408,148998,0.0012630379060283303
1781071233.3964212,149090,0.0024862620048224926
1781071234.0384998,149401,0.0022714475635439157
1781071234.5663457,149663,0.007525625638663769
1781071234.7590551,149753,0.0027841508854180574
1781071234.9415228,149843,0.003950317855924368
1781071235.1272998,149933,0.005897372029721737
1781071236.1088376,150000,0.002424159785732627
1781071236.156445,150023,0.002651541493833065
1781071236.6239862,150268,0.001094674807973206
1781071236.962182,150429,0.0019288345938548446
1781071237.1380937,150521,0.002629045397043228
1781071237.3122733,150611,0.0014405203983187675
1781071237.4830372,150701,0.0011846432462334633
1781071237.9089377,150916,0.002232075436040759
1781071238.3834307,151154,0.0021842436399310827
1781071238.7353265,151322,0.009596996009349823
1781071239.012634,151457,0.0045973509550094604
1781071239.278402,151596,0.00327299814671278
1781071239.5324461,151716,0.0064725312404334545
1781071239.8290358,151856,0.005043856333941221
1781071239.999234,151944,0.001805631211027503
1781071240.1968548,152034,0.006837218068540096
1781071240.37838,152124,0.004198928363621235
1781071240.707315,152291,0.0015637981705367565
1781071241.2993896,152583,0.0035414602607488632
1781071241.639607,152752,0.0003130487457383424
1781071241.9656868,152893,0.0013346623163670301
1781071242.2745855,153031,0.008077706210315228
1781071242.96919,153346,0.0024404609575867653
1781071243.1643412,153436,0.0029687287751585245
1781071243.729596,153700,0.005287595093250275
1781071244.3764758,153994,0.002892188262194395
1781071243.8194754,154133,0.002083905041217804
1781071244.0385206,154225,0.001961094792932272
1781071244.235268,154315,0.006606183480471373
1781071244.4335,154403,0.004335381090641022
1781071245.0113568,154686,0.0020392979495227337
1781071245.3326807,154825,0.00347426300868392
1781071245.536864,154917,0.0013374893460422754
1781071245.8747945,155078,0.003935305867344141
1781071246.0770617,155170,0.002883862005546689
1781071246.2816615,155262,0.0025517214089632034
1781071246.6617286,155427,0.004445850383490324
1781071246.8826473,155519,0.00178425048943609
1781071247.5220222,155793,0.0019447358790785074
1781071247.8344593,155931,0.002864914946258068
1781071248.0417192,156023,0.0037275641225278378
1781071248.4041674,156188,0.006859722547233105
1781071248.7613864,156353,0.004531048703938723
1781071249.1349165,156540,0.0006018404965288937
1781071249.8728442,156906,0.0027165007777512074
1781071250.1583428,157052,0.002580733736976981
1781071250.3563015,157142,0.00204469240270555
1781071250.5535111,157234,0.0027644045185297728
1781071251.148555,157543,0.00437727989628911
1781071251.5138054,157728,0.003958829678595066
1781071251.71257,157818,0.0023298622108995914
1781071252.1281588,158015,0.001908196834847331
1781071252.4238257,158149,0.005421322304755449
1781071252.8631692,158378,0.0020944441203027964
1781071253.054876,158470,0.006264891941100359
1781071253.609081,158742,0.0028757837135344744
1781071253.8073232,158834,0.0008489256724715233
1781071254.1729305,159018,0.005807582288980484
1781071254.6811018,159262,0.0043159304186701775
1781071255.0245297,159431,0.001457170699723065
1781071255.337609,159598,0.004412684123963118
1781071255.5675588,159690,0.0028022793121635914
1781071256.1350327,159954,0.005120579153299332
1781071256.3230624,160042,0.001804745988920331
1781071256.507294,160132,0.0027887101750820875
1781071256.927754,160318,0.002053802367299795
1781071257.3804069,160532,0.00447889044880867
1781071257.7780058,160697,0.018725167959928513
1781071258.3768115,160986,0.011412649415433407
1781071258.7441447,161151,0.004441831260919571
1781071259.0664086,161289,0.001779495389200747
1781071259.492648,161475,0.004814913496375084
1781071259.7360163,161565,0.002698281081393361
1781071260.2771125,161778,0.003040374256670475
1781071260.6384103,161943,0.01178625226020813
1781071260.8828263,162065,0.0034277362283319235
1781071261.1676989,162202,0.005384395830333233
1781071261.538463,162372,0.0022151186130940914
1781071261.9125588,162538,0.0019765051547437906
1781071262.1094034,162628,0.004280188120901585
1781071262.5582385,162829,0.0024548410438001156
1781071263.0899076,163077,0.002131296554580331
1781071263.6079829,163313,0.004794178064912558
1781071263.9268885,163466,0.006274811923503876
1781071264.4640338,163743,0.0010823390912264585
1781071264.991266,164010,0.0039056697860360146
1781071265.356491,164196,0.002846756484359503
1781071265.5406387,164288,0.0016752091469243169
1781071265.741863,164380,0.0025363171007484198
1781071266.3746157,164695,0.004939471371471882
1781071266.8157175,164912,0.005338843911886215
1781071267.2747629,165127,0.002341283718124032
1781071267.8711774,165419,0.0029788545798510313
1781071268.456802,165706,0.001833466230891645
1781071268.80489,165871,0.0038632701616734266
1781071269.0700097,165991,0.0020743238274008036
1781071269.39192,166153,0.0032528128940612078
1781071269.8740091,166385,0.00563312042504549
1781071270.188877,166536,0.004704365972429514
1781071270.372082,166626,0.0030924673192203045
1781071270.5743277,166716,0.0015735095366835594
1781071270.8325005,166836,0.004651241935789585
1781071271.0495384,166928,0.0020039649680256844
1781071271.2547376,167018,0.006867098622024059
1781071271.5285075,167138,0.008207844570279121
1781071271.782823,167256,0.0037864563055336475
1781071272.4600582,167568,0.003999332431703806
1781071272.760482,167707,0.003492827992886305
1781071272.9731073,167799,0.0013009371468797326
1781071273.4501336,168030,0.003002585843205452
1781071273.7858026,168195,0.003430982120335102
1781071273.982131,168285,0.0030077118426561356
1781071274.218961,168403,0.001180529361590743
1781071274.5362864,168550,0.004496607463806868
1781071274.922254,168718,0.0016049232799559832
1781071275.2781265,168887,0.002851329278200865
1781071275.6812432,169074,0.003369899932295084
1781071276.0518804,169245,0.0025159725919365883
1781071275.5721676,169415,0.005327858030796051
1781071275.9487484,169581,0.0053149983286857605
1781071276.440148,169796,0.003444968955591321
1781071277.0233014,170049,0.0027028112672269344
1781071277.3625174,170216,0.003636731766164303
1781071278.0243788,170531,0.009238332509994507
1781071278.3124318,170669,0.0016150005394592881
1781071278.8518465,170933,0.004865268245339394
1781071279.201568,171102,0.0026075744535773993
1781071279.6526067,171316,0.002358938567340374
1781071279.8339438,171404,0.005758441053330898
1781071280.239805,171619,0.005358428694307804
1781071280.5056684,171737,0.003902600845322013
1781071280.9230664,171950,0.004888277500867844
1781071281.1960378,172088,0.003353153821080923
1781071281.711627,172327,0.00852230191230774
1781071281.8957725,172417,0.005092568229883909
1781071282.2190847,172583,0.007240734528750181
1781071282.556641,172750,0.0026212078519165516
1781071282.8113909,172868,0.0027340278029441833
1781071283.0218894,172958,0.0035168342292308807
1781071283.3041573,173095,0.006908663548529148
1781071283.5648963,173215,0.009759118780493736
1781071283.7637193,173305,0.009369995445013046
1781071284.0442765,173441,0.010985065251588821
1781071284.5170085,173678,0.0067271641455590725
1781071284.784249,173818,0.007592075504362583
1781071285.129387,173980,0.0029302036855369806
1781071285.6120985,174192,0.0055567417293787
1781071286.3069077,174508,0.013129116967320442
1781071286.5049539,174598,0.0022473069839179516
1781071286.6900997,174688,0.003556356066837907
1781071286.955529,174810,0.003318210132420063
1781071288.2140489,175000,0.0010683286236599088
1781071288.2460308,175010,0.0031403943430632353
1781071288.4944887,175130,0.0041435896418988705
1781071288.8475122,175297,0.008427834138274193
1781071289.0402539,175389,0.003065722296014428
1781071289.2345715,175479,0.0027643535286188126
1781071289.5225058,175620,0.0013855256838724017
1781071289.8047807,175740,0.0034244228154420853
1781071290.0240383,175830,0.0012700811494141817
1781071290.4194021,175997,0.0032169618643820286
1781071291.1461103,176335,0.0051368288695812225
1781071291.838992,176664,0.0031256999354809523
1781071292.2308116,176853,0.0023403638042509556
1781071292.8930979,177172,0.0056832158006727695
1781071293.1704962,177308,0.0057748244144022465
1781071293.3721435,177398,0.006298108957707882
1781071293.564637,177488,0.002657492645084858
1781071293.9863002,177688,0.006013089325278997
1781071294.5141687,177949,0.0023562065325677395
1781071295.20952,178295,0.0036070281639695168
1781071295.7312388,178545,0.006638417951762676
1781071295.9114978,178633,0.0029286027420312166
1781071296.2827232,178826,0.008823717013001442
1781071296.8275387,179096,0.0076213558204472065
1781071297.4644778,179413,0.0032168421894311905
1781071297.8462954,179601,0.007318842224776745
1781071298.0277052,179693,0.00793776661157608
1781071298.199832,179783,0.003115926869213581
1781071298.555273,179948,0.0033758669160306454
1781071298.7400737,180040,0.006609179545193911
1781071299.0037854,180178,0.0074863433837890625
1781071299.2747793,180314,0.0025709422770887613
1781071299.6382074,180501,0.003046939615160227
1781071299.8995314,180640,0.0017999872798100114
1781071300.4150982,180900,0.0044747451320290565
1781071300.8396688,181097,0.0045628622174263
1781071301.0394087,181189,0.00474670622497797
1781071301.3568642,181340,0.006679676007479429
1781071302.07437,181652,0.00475449301302433
1781071302.4670265,181816,0.003670729696750641
1781071302.7606552,181957,0.0025632274337112904
1781071302.947388,182047,0.008029298856854439
1781071303.3079138,182214,0.004533550702035427
1781071303.83543,182450,0.0029906542040407658
1781071304.1126792,182570,0.0032891458831727505
1781071304.2971015,182662,0.005885294638574123
1781071304.5084841,182754,0.0026627061888575554
1781071304.9933422,182972,0.008889896795153618
1781071305.5573044,183241,0.002560502616688609
1781071305.7522802,183331,0.005714708473533392
1781071305.963937,183423,0.0050328075885772705
1781071306.323493,183588,0.0014924071729183197
1781071306.9638717,183884,0.004024548456072807
1781071307.5857518,184173,0.003803475759923458
1781071307.802824,184263,0.005219379439949989
1781071307.25442,184402,0.006402740254998207
1781071307.6624913,184569,0.0022128578275442123
1781071307.876236,184661,0.0034437766298651695
1781071308.1979444,184798,0.006281444337219
1781071308.3659394,184890,0.003356996923685074
1781071308.5558918,184982,0.0018049476202577353
1781071308.9534998,185171,0.0036262033972889185
1781071309.5449681,185461,0.003666067961603403
1781071309.731733,185549,0.001186742214486003
1781071309.9192379,185639,0.0028662728145718575
1781071310.3473747,185837,0.00661026407033205
1781071310.7539003,186050,0.0034489259123802185
1781071311.3386633,186343,0.01246006228029728
1781071311.702479,186532,0.005719203967601061
1781071312.2906213,186828,0.004680387210100889
1781071312.6441011,186994,0.002480666618794203
1781071313.0845149,187210,0.002501076553016901
1781071313.372607,187347,0.008482364006340504
1781071313.5776114,187437,0.0018883522134274244
1781071313.8376987,187574,0.002126428298652172
1781071314.322267,187820,0.0016669249162077904
1781071314.4942052,187910,0.0052247666753828526
1781071314.6772535,188000,0.004552013706415892
1781071315.1904795,188248,0.006550472229719162
1781071315.6135948,188433,0.003616764210164547
1781071315.9253147,188569,0.002620359882712364
1781071316.1834831,188689,0.0028778668493032455
1781071316.57238,188854,0.003578708739951253
1781071317.0667899,189068,0.0028663056436926126
1781071317.3286638,189188,0.003529067151248455
1781071317.687548,189354,0.0025322805158793926
1781071318.009786,189496,0.008159876801073551
1781071318.3762267,189667,0.0062450990080833435
1781071318.8626292,189880,0.001026321086101234
1781071319.045914,189968,0.0032365641091018915
1781071319.8293822,190307,0.022554896771907806
1781071320.256883,190495,0.004598637577146292
1781071320.7365599,190684,0.003859612625092268
1781071321.4917493,191022,0.007252796553075314
1781071321.9207013,191223,0.004287717863917351
1781071322.1347942,191309,0.0024187294766306877
1781071322.3295183,191399,0.006664636544883251
1781071322.6752777,191563,0.010963847860693932
1781071323.1635234,191800,0.0024211369454860687
1781071323.357239,191892,0.005962271708995104
1781071323.6715672,192043,0.004346955101937056
1781071323.969664,192181,0.002432811539620161
1781071324.1626155,192271,0.0028165236581116915
1781071324.4043028,192391,0.00678508123382926
1781071324.947139,192655,0.00392374349758029
1781071325.2555299,192796,0.003294256515800953
1781071325.6977408,193000,0.0044005755335092545
1781071326.072921,193191,0.003616633592173457
1781071326.2658417,193283,0.006260777823626995
1781071326.5507705,193431,0.0055028945207595825
1781071327.226318,193775,0.003520763013511896
1781071327.6230628,193967,0.0036924160085618496
1781071328.0200722,194152,0.00505093252286315
1781071328.2160466,194240,0.00408649118617177
1781071328.6708624,194470,0.008657470345497131
1781071329.2198408,194738,0.016405418515205383
1781071329.7963233,195002,0.01218513585627079
1781071330.2463038,195219,0.004482639487832785
1781071330.8615386,195487,0.005566136445850134
1781071331.223993,195652,0.005818084813654423
1781071331.7056103,195865,0.00859823077917099
1781071332.2200782,196101,0.006407462060451508
1781071332.7481205,196337,0.005057092756032944
1781071333.123207,196525,0.009648487903177738
1781071333.4025428,196643,0.004327099770307541
1781071333.7316275,196783,0.008975707925856113
1781071334.2238855,196996,0.007634762674570084
1781071334.9021986,197315,0.002154521644115448
1781071335.7697804,197686,0.004755618050694466
1781071336.0768166,197826,0.007211265619844198
1781071336.492549,197999,0.003380217356607318
1781071336.811371,198137,0.004926729016005993
1781071337.0586562,198255,0.009601674973964691
1781071337.3161888,198375,0.004096082411706448
1781071337.7521884,198586,0.0045057930983603
1781071338.2353594,198821,0.002792464103549719
1781071338.6651955,199037,0.010711463168263435
1781071338.8680425,199129,0.004039342515170574
1781071339.1714745,199265,0.003960132598876953
1781071338.686037,199452,0.011614731512963772
1781071339.1527987,199665,0.010841025039553642
1781071339.5249884,199834,0.0026528253220021725
1781071340.7132487,200000,0.011547235772013664
1781071340.7247565,200001,0.013308273628354073
1781071340.938845,200093,0.012735881842672825
1781071341.5992684,200408,0.003988056443631649
1781071341.7874093,200496,0.005912144668400288
1781071342.313632,200743,0.005117796361446381
1781071342.5042677,200833,0.00998779572546482
1781071342.9496267,201045,0.006333727855235338
1781071343.355175,201238,0.014029016718268394
1781071343.6194415,201360,0.007837662473320961
1781071344.0356927,201560,0.012720281258225441
1781071344.4351654,201742,0.00690117385238409
1781071344.8012273,201911,0.007659179158508778
1781071345.495444,202235,0.014281235635280609
1781071345.7276602,202327,0.006633170414716005
1781071346.296286,202556,0.006690775975584984
1781071346.6695507,202724,0.007911957800388336
1781071347.1020026,202921,0.008113402873277664
1781071347.5141597,203108,0.006374256685376167
1781071347.8787992,203276,0.006124837324023247
1781071348.1529274,203396,0.0018243254162371159
1781071348.365165,203486,0.008191538974642754
1781071348.7549963,203673,0.005847488529980183
1781071349.2031841,203859,0.0036201835609972477
1781071349.6917229,204074,0.014758971519768238
1781071350.10645,204262,0.006082822568714619
1781071350.3042529,204352,0.0073871430940926075
1781071350.5338264,204444,0.004566834773868322
1781071350.859967,204581,0.012363063171505928
1781071351.3523777,204796,0.001988606760278344
1781071351.7126534,204963,0.0030896018724888563
1781071352.0406682,205127,0.0030674212612211704
1781071352.3357975,205245,0.003292542416602373
1781071352.7775168,205460,0.0036860499531030655
1781071353.0873055,205597,0.002945218700915575
1781071353.6893325,205878,0.007777346298098564
1781071353.8670208,205968,0.002959360834211111
1781071354.3078628,206184,0.0028761655557900667
1781071354.653685,206348,0.00768956309184432
1781071354.8433862,206440,0.0030473482329398394
1781071355.253251,206635,0.0051099034026265144
1781071355.6778166,206861,0.013241356238722801
1781071356.098822,207125,0.00686001218855381
1781071356.3627312,207275,0.012655134312808514
1781071356.6589806,207442,0.005619951523840427
1781071357.0454,207690,0.0053291162475943565
1781071357.261403,207826,0.004973555915057659
1781071357.4820085,207965,0.009752944111824036
1781071357.6777346,208081,0.004730261396616697
1781071357.9797254,208252,0.007040214724838734
1781071358.2213101,208374,0.0029775844886898994
1781071358.4355977,208492,0.010267235338687897
1781071358.7480006,208678,0.009550223127007484
1781071358.943309,208798,0.005092463456094265
1781071359.412297,209092,0.00784141942858696
1781071359.8722599,209359,0.00938203651458025
1781071360.3536892,209630,0.0031101263593882322
1781071360.777095,209877,0.0046323202550411224
1781071361.0473049,210044,0.023023294284939766
1781071361.2536356,210164,0.007976199500262737
1781071361.5722458,210358,0.009024294093251228
1781071361.7726853,210476,0.009927652776241302
1781071361.941111,210568,0.01814541034400463
1781071362.5230742,210915,0.011720220558345318
1781071362.770867,211054,0.0052632554434239864
1781071363.008614,211190,0.010420303791761398
1781071363.3790092,211407,0.011082759127020836
1781071363.5388033,211499,0.00548144755885005
1781071364.0190313,211788,0.007087095640599728
1781071364.229686,211904,0.012819208204746246
1781071364.7062123,212191,0.011737395077943802
1781071365.0697503,212406,0.007105294615030289
1781071365.268997,212526,0.005268886685371399
1781071365.5264184,212691,0.011890439316630363
1781071365.973941,212950,0.011234327219426632
1781071366.137255,213040,0.011205065995454788
1781071366.2926793,213130,0.005224340595304966
1781071366.747591,213392,0.004392528906464577
1781071367.101735,213606,0.007403152994811535
1781071367.548468,213852,0.015775812789797783
1781071367.8106687,214002,0.006666518747806549
1781071368.0921757,214168,0.007618874777108431
1781071368.2913105,214290,0.007531185168772936
1781071368.6300597,214503,0.007605041842907667
1781071368.8629875,214643,0.006773980800062418
1781071369.0620995,214763,0.007874664850533009
1781071369.2472806,214881,0.011872498318552971
1781071369.5900528,215092,0.006386545021086931
1781071369.8111494,215228,0.01881811022758484
1781071370.175775,215425,0.004199478775262833
1781071370.3659353,215543,0.004527086392045021
1781071370.6294813,215693,0.01579320803284645
1781071370.9528875,215879,0.003381043206900358
1781071370.5201466,216123,0.007310736924409866
1781071371.0998964,216467,0.004845160525292158
1781071371.3529298,216610,0.005326050333678722
1781071371.6173055,216776,0.009062858298420906
1781071372.0962698,217068,0.006739303003996611
1781071372.2617383,217160,0.008878327906131744
1781071372.9677618,217565,0.012932537123560905
1781071373.406572,217833,0.0077540939673781395
1781071374.1234984,218253,0.005810470320284367
1781071374.4128182,218423,0.008094755932688713
1781071374.8675869,218691,0.004338055849075317
1781071375.4720738,219054,0.007680551148951054
1781071375.8697445,219291,0.00836929026991129
1781071376.2652857,219524,0.006326485425233841
1781071376.6448648,219747,0.006204472854733467
1781071377.127731,220028,0.005463988520205021
1781071377.4510126,220217,0.012285549193620682
1781071377.7652824,220403,0.010313443839550018
1781071378.0960135,220581,0.008350205607712269
1781071378.2853005,220697,0.007173450663685799
1781071378.5354106,220861,0.007508276961743832
1781071378.7706149,221001,0.004897543229162693
1781071379.1154218,221214,0.015516623854637146
1781071379.5320568,221460,0.01305415015667677
1781071379.7421834,221582,0.009512167423963547
1781071380.1108322,221805,0.008861515671014786
1781071380.315138,221928,0.025495093315839767
1781071380.6245685,222093,0.0087392907589674
1781071381.162347,222415,0.008855544030666351
1781071381.5831413,222687,0.003455623285844922
1781071381.7770598,222807,0.007341795600950718
1781071382.0216308,222951,0.03057619370520115
1781071382.3274086,223137,0.011587494984269142
1781071382.929898,223502,0.006789712235331535
1781071383.2946029,223723,0.011184582486748695
1781071383.4957705,223843,0.007124661933630705
1781071383.6980247,223959,0.014078255742788315
1781071383.8938246,224077,0.007825595326721668
1781071384.1007335,224197,0.022947311401367188
1781071384.473073,224411,0.010548188351094723
1781071384.8313062,224624,0.0086066210642457
1781071385.046442,224741,0.008325600996613503
1781071385.3741028,224938,0.03254633769392967
1781071386.3886342,225000,0.009844290092587471
1781071386.7276533,225202,0.007774129044264555
1781071386.9904459,225368,0.008715773932635784
1781071387.4565508,225652,0.014878612011671066
1781071387.6094127,225742,0.02384468913078308
1781071387.817711,225862,0.00644760113209486
1781071388.1857464,226080,0.027491329237818718
1781071388.468785,226244,0.009582532569766045
1781071389.1001005,226619,0.018014853820204735
1781071389.427468,226819,0.004291162826120853
1781071389.8945205,227109,0.027671445161104202
1781071390.3234808,227373,0.02219609171152115
1781071390.8019967,227675,0.007182775065302849
1781071391.2652671,227968,0.005787953268736601
1781071391.432507,228058,0.005990918725728989
1781071391.733353,228256,0.01832529343664646
1781071392.0836272,228457,0.008328521624207497
1781071392.3731768,228625,0.01178483385592699
1781071392.742792,228855,0.037490908056497574
1781071393.2440667,229176,0.004828101024031639
1781071393.593103,229381,0.007731759920716286
1781071393.8984973,229569,0.031984489411115646
1781071394.063959,229661,0.019420918077230453
1781071394.515173,229917,0.00678672268986702
1781071394.7173617,230037,0.012223375961184502
1781071394.9859922,230201,0.008157927542924881
1781071395.186716,230322,0.007961836643517017
1781071395.4178994,230467,0.008923551999032497
1781071395.7893207,230683,0.04010343551635742
1781071396.129084,230897,0.011548519134521484
1781071396.4084492,231082,0.011965987272560596
1781071396.644037,231230,0.00752805732190609
1781071397.0388255,231466,0.002325732260942459
1781071397.398828,231677,0.017247745767235756
1781071397.6872113,231862,0.0070336926728487015
1781071397.9114983,232003,0.026573851704597473
1781071398.2956703,232217,0.005614665802568197
1781071398.6186364,232406,0.011132143437862396
1781071398.898061,232586,0.010919347405433655
1781071399.1267068,232724,0.018445055931806564
1781071399.433027,232889,0.01980559714138508
1781071399.873549,233152,0.008881166577339172
1781071400.3317995,233419,0.013760194182395935
1781071400.573518,233560,0.004375022370368242
1781071401.2540843,233956,0.008641562424600124
1781071401.9313385,234393,0.009352993220090866
1781071402.4975736,234764,0.0037752778735011816
1781071402.64852,234856,0.007841300219297409
1781071402.1209154,235081,0.026114948093891144
1781071402.3516388,235235,0.01971309445798397
1781071402.536245,235355,0.00978279858827591
1781071402.8791168,235579,0.02085166424512863
1781071403.27395,235834,0.014822575263679028
1781071403.6897755,236076,0.013513680547475815
1781071403.9187145,236194,0.03961189091205597
1781071404.2322762,236365,0.008018283173441887
1781071404.4235432,236481,0.03429524600505829
1781071404.6928296,236647,0.012428345158696175
1781071405.2118118,236986,0.01462649367749691
1781071405.5425093,237184,0.03537517040967941
1781071405.97933,237448,0.008879234082996845
1781071406.242322,237597,0.007785279769450426
1781071406.7563546,237918,0.007143075577914715
1781071407.008341,238083,0.015575790777802467
1781071407.4418862,238356,0.013274225406348705
1781071407.6399186,238478,0.012159377336502075
1781071408.093059,238750,0.0041166334412992
1781071408.6462512,239083,0.01276448555290699
1781071409.0410266,239317,0.02482714131474495
1781071409.3664274,239503,0.009862752631306648
1781071409.793901,239762,0.007750287186354399
1781071410.0719,239930,0.010995971038937569
1781071410.3752317,240113,0.009173251688480377
1781071410.983915,240487,0.008861048147082329
1781071411.425771,240754,0.008174202404916286
1781071411.7987247,240973,0.0267231073230505
1781071412.163746,241191,0.006291392259299755
1781071412.452198,241359,0.026887711137533188
1781071412.6016855,241449,0.008127974346280098
1781071413.0262008,241686,0.006267519202083349
1781071413.443956,241939,0.012344165705144405
1781071413.8495822,242168,0.029841843992471695
1781071414.24109,242393,0.021984510123729706
1781071414.694261,242660,0.007009036839008331
1781071415.2329803,242974,0.011862726882100105
1781071415.720933,243259,0.005724739748984575
1781071416.04325,243448,0.007627588231116533
1781071416.5568528,243735,0.008284137584269047
1781071416.7132468,243823,0.007101889234036207
1781071417.1309903,244053,0.025870418176054955
1781071417.7234933,244409,0.01341994572430849
1781071417.9864192,244550,0.010045700706541538
1781071418.27886,244716,0.015301229432225227
1781071418.5260484,244852,0.009383351542055607
1781071419.128671,245208,0.015431913547217846
1781071419.3112297,245328,0.0039020320400595665
1781071419.5787697,245496,0.011089619249105453
1781071419.9528446,245736,0.010205667465925217
1781071420.234355,245903,0.0059417011216282845
1781071420.5661922,246100,0.010998542420566082
1781071420.9500437,246344,0.018255922943353653
1781071421.1346378,246464,0.007654175162315369
1781071421.4363124,246648,0.04596799239516258
1781071421.7731457,246848,0.02908943220973015
1781071422.3742564,247208,0.049676261842250824
1781071422.7576911,247436,0.022691987454891205
1781071423.0311797,247600,0.014617284759879112
1781071423.650758,247988,0.012225411832332611
1781071423.9107063,248152,0.010100975632667542
1781071424.079755,248244,0.005455401726067066
1781071424.4694676,248476,0.03254289925098419
1781071424.9126053,248745,0.018631406128406525
1781071425.3884215,249035,0.008335184305906296
1781071425.8404915,249335,0.03224547207355499
1781071426.2184234,249579,0.009643238969147205
1781071426.576762,249806,0.018476732075214386
1781071426.7799683,249928,0.04513496160507202
1781071427.9112191,250000,0.029078878462314606
1781071428.0913625,250108,0.008133182302117348
1781071428.317364,250245,0.021764272823929787
1781071428.6778557,250462,0.00925135612487793
1781071429.2893403,250809,0.00799407809972763
1781071430.061579,251272,0.014674827456474304
1781071430.254137,251392,0.03189616650342941
1781071430.5188088,251556,0.01287187822163105
1781071431.1096492,251917,0.019660640507936478
1781071431.399042,252102,0.018003197386860847
1781071431.6340413,252240,0.02661374770104885
1781071432.1040015,252540,0.013374224305152893
1781071432.4311588,252739,0.011365923099219799
1781071432.960485,253082,0.03268728032708168
1781071433.4804692,253407,0.039974406361579895
1781071433.943694,253684,0.005221923813223839
1781071434.3313642,253922,0.013074850663542747
1781071433.8712244,254183,0.026552516967058182
1781071434.3270822,254458,0.008366256020963192
1781071434.8662398,254773,0.008630522526800632
1781071435.092404,254912,0.015557412058115005
1781071435.25094,255004,0.01046061236411333
1781071435.6157324,255244,0.007502226158976555
1781071435.8094344,255366,0.02486850507557392
1781071436.1332994,255581,0.058036185801029205
1781071436.479302,255799,0.008072594180703163
1781071436.8526495,256019,0.007437261287122965
1781071437.0846756,256165,0.008940907195210457
1781071437.40307,256354,0.030906900763511658
1781071437.8986146,256648,0.007699843030422926
1781071438.2159421,256829,0.03895888105034828
1781071438.4257834,256947,0.018821604549884796
1781071438.7418103,257135,0.007034191861748695
1781071438.972026,257272,0.0069087836891412735
1781071439.2169468,257413,0.013516881503164768
1781071439.546212,257612,0.03804498165845871
1781071439.8281446,257763,0.04542449861764908
1781071440.2472274,258005,0.00811365433037281
1781071440.5826836,258190,0.009066153317689896
1781071440.944221,258403,0.009649673476815224
1781071441.4169955,258691,0.0038841075729578733
1781071441.9754515,259019,0.010009918361902237
1781071442.5773332,259411,0.006046485621482134
1781071443.0223937,259698,0.012422462925314903
1781071443.3868816,259931,0.019885122776031494
1781071443.768154,260181,0.013761527836322784
1781071444.1803508,260454,0.0057189930230379105
1781071444.510221,260671,0.006673336960375309
1781071444.8785257,260909,0.016261989250779152
1781071445.1866548,261104,0.008155204355716705
1781071445.7701714,261474,0.0123586505651474
1781071446.1607065,261736,0.004951111972332001
1781071446.533884,261984,0.009080217219889164
1781071446.7627325,262119,0.015862829983234406
1781071447.0980108,262336,0.02213984727859497
1781071447.3446062,262486,0.01631370559334755
1781071447.5441992,262606,0.016920417547225952
1781071448.2333808,263011,0.02966662496328354
1781071448.8690014,263400,0.023116175085306168
1781071449.210462,263623,0.02365523763000965
1781071449.4932897,263808,0.011130988597869873
1781071450.1089785,264209,0.06974568963050842
1781071450.5384421,264495,0.010138307698071003
1781071450.7606978,264633,0.048953428864479065
1781071450.9567032,264753,0.020528104156255722
1781071451.3832893,264953,0.021652188152074814
1781071451.6408875,265073,0.012636737897992134
1781071452.1747184,265282,0.009809914976358414
1781071452.897188,265612,0.009396768175065517
1781071453.1586466,265734,0.02523638866841793
1781071453.4430838,265870,0.018653232604265213
1781071453.8516333,266055,0.013206410221755505
1781071454.6309125,266410,0.01609487645328045
1781071455.1838238,266663,0.013918343931436539
1781071455.5773983,266843,0.017071029171347618
1781071456.109609,267081,0.00944566261023283
1781071456.8200278,267419,0.010058175772428513
1781071457.3360493,267654,0.0069893281906843185
1781071458.0989144,268015,0.042726729065179825
1781071458.6221092,268268,0.01589859277009964
1781071459.475158,268679,0.01045948639512062
1781071459.9299366,268870,0.014930928125977516
1781071460.5212607,269101,0.0168346855789423
1781071460.995581,269321,0.015748973935842514
1781071461.5120537,269539,0.008932444266974926
1781071461.9517894,269739,0.03262290358543396
1781071462.7745948,270085,0.021746091544628143
1781071463.1075122,270225,0.007895216345787048
1781071463.4609864,270375,0.03168473392724991
1781071463.8189695,270526,0.052896033972501755
1781071464.06122,270616,0.015083667822182178
1781071464.5584288,270829,0.01320620346814394
1781071465.1406474,271094,0.036793749779462814
1781071465.8229854,271398,0.04225500300526619
1781071465.4606102,271612,0.024625074118375778
1781071466.1730382,271918,0.009976482018828392
1781071466.8372884,272229,0.017057351768016815
1781071467.263506,272426,0.01185911800712347
1781071467.648196,272610,0.007681307848542929
1781071468.4604373,272995,0.00915408506989479
1781071468.822034,273162,0.016795676201581955
1781071469.2821102,273383,0.013625653460621834
1781071469.7783775,273619,0.025470806285738945
1781071470.1303396,273761,0.01118256151676178
1781071470.5248897,273943,0.04479130357503891
1781071470.7581916,274035,0.046802639961242676
1781071470.9677029,274127,0.009236871264874935
1781071471.4196208,274340,0.010887080803513527
1781071471.6767223,274458,0.012302959337830544
1781071472.0927525,274659,0.008845976553857327
1781071472.5666876,274876,0.010120605118572712
1781071474.076088,275000,0.05317242443561554
1781071474.1995742,275045,0.05277957767248154
1781071474.6198523,275230,0.01211128942668438
1781071475.3761342,275545,0.0162570308893919
1781071475.9897041,275808,0.012707866728305817
1781071476.768192,276102,0.006474037189036608
1781071477.9466057,276588,0.008305959403514862
1781071478.547741,276838,0.007654792163521051
1781071479.216337,277113,0.014789653941988945
1781071479.5277925,277236,0.0244189091026783
1781071479.8323514,277356,0.01284087635576725
1781071480.1426973,277476,0.01547881681472063
1781071480.7829204,277723,0.07173232734203339
1781071481.1942723,277899,0.044988807290792465
1781071481.7409134,278145,0.03263420611619949
1781071482.347328,278452,0.013852927833795547
1781071482.5312884,278544,0.038260553032159805
1781071483.2218337,278889,0.03438017517328262
1781071483.6057594,279066,0.013104571029543877
1781071484.0521789,279280,0.024820514023303986
1781071484.3835363,279431,0.010730947367846966
1781071485.0502532,279742,0.011500749737024307
1781071485.5172286,279988,0.01255946233868599
1781071486.0081108,280203,0.013159994035959244
1781071486.4375858,280404,0.009412171319127083
1781071487.2200453,280776,0.021091818809509277
1781071487.856079,281067,0.01734263077378273
1781071488.3832293,281309,0.004594944417476654
1781071488.9380705,281568,0.019212231040000916
1781071489.4941807,281813,0.03465922549366951
1781071490.1836863,282131,0.016637826338410378
1781071490.51864,282270,0.005804973654448986
1781071491.2467868,282580,0.062039636075496674
1781071491.6935205,282765,0.009604647755622864
1781071492.184546,282989,0.02430233731865883
1781071492.9151523,283319,0.009708791971206665
1781071493.4985926,283565,0.005044327117502689
1781071494.0364382,283780,0.007509651128202677
1781071494.5691721,283995,0.008769800886511803
1781071494.975708,284173,0.021785583347082138
1781071495.4854622,284407,0.018032919615507126
1781071495.8244634,284547,0.014069660566747189
1781071496.0268123,284639,0.03851830214262009
1781071496.3906744,284800,0.009380707517266273
1781071497.043839,285086,0.05936996638774872
1781071497.3323781,285206,0.016804054379463196
1781071496.8943486,285403,0.017828602343797684
1781071497.255529,285567,0.003093831706792116
1781071497.6917949,285764,0.012609988451004028
1781071498.2135236,286000,0.010419409722089767
1781071498.5884306,286167,0.015084024518728256
1781071499.1714163,286429,0.04404396191239357
1781071499.9477527,286794,0.01012379303574562
1781071500.4990184,287059,0.0172274187207222
1781071500.8431187,287227,0.014539999887347221
1781071501.4127982,287491,0.019999071955680847
1781071501.742924,287638,0.04804603382945061
1781071502.1991096,287857,0.010551510378718376
1781071502.4017608,287947,0.024910567328333855
1781071502.9860973,288215,0.014585582539439201
1781071503.497965,288435,0.005744521971791983
1781071504.1837363,288736,0.039113886654376984
1781071504.6653676,288935,0.01909516751766205
1781071505.0493057,289104,0.01985488086938858
1781071505.6570773,289353,0.027848273515701294
1781071505.8631408,289445,0.0172096099704504
1781071506.2289095,289598,0.046609386801719666
1781071506.717989,289828,0.0339883416891098
1781071507.4425662,290166,0.02312963269650936
1781071507.905411,290379,0.048278167843818665
1781071508.6343393,290723,0.015171973034739494
1781071509.1442657,290969,0.016744675114750862
1781071509.4821124,291118,0.010365376248955727
1781071509.690423,291210,0.01036825217306614
1781071509.8977363,291300,0.012724380008876324
1781071510.6952815,291636,0.018679067492485046
1781071511.5834036,291978,0.043467745184898376
1781071512.3291736,292306,0.008094041608273983
1781071512.6810987,292454,0.015258140861988068
1781071513.324956,292749,0.009853323921561241
1781071514.4250932,293217,0.009497826918959618
1781071514.8726943,293401,0.01182627398520708
1781071515.1322849,293519,0.026718473061919212
1781071515.386694,293637,0.020130541175603867
1781071515.7771726,293804,0.008199348114430904
1781071516.2748559,294019,0.036807626485824585
1781071516.76213,294240,0.02510172873735428
1781071517.4458053,294550,0.04094880446791649
1781071518.0774,294838,0.044817328453063965
1781071518.6332345,295086,0.01914505660533905
1781071519.0592825,295286,0.012152201496064663
1781071519.369238,295425,0.027270160615444183
1781071519.8657112,295658,0.01697140373289585
1781071520.1220453,295778,0.010693812742829323
1781071520.3160822,295870,0.026842128485441208
1781071520.6211119,296011,0.010927557945251465
1781071521.254363,296300,0.01281677559018135
1781071521.5552664,296436,0.05257532000541687
1781071521.8301435,296558,0.00615472998470068
1781071522.4697022,296844,0.02016853354871273
1781071522.7615213,296964,0.027110153809189796
1781071523.1646605,297131,0.0184275321662426
1781071524.125423,297530,0.016217747703194618
1781071524.754102,297797,0.009323766455054283
1781071525.132431,297962,0.028247833251953125
1781071525.4141424,298080,0.033576514571905136
1781071525.796905,298245,0.018270958214998245
1781071526.4165914,298508,0.0161471888422966
1781071527.271775,298869,0.015073712915182114
1781071527.641546,299038,0.0064001563005149364
1781071528.1880667,299286,0.04176681488752365
1781071528.7745373,299553,0.023409074172377586
1781071529.0544617,299673,0.006270927842706442
1781071528.6003432,299872,0.0083993598818779
1781071529.9622974,300000,0.024151217192411423
1781071530.2791586,300133,0.015808094292879105
1781071530.7787137,300373,0.017807602882385254
1781071531.04022,300491,0.007201588712632656
1781071531.952585,300931,0.01006658561527729
1781071532.4993935,301188,0.010713454335927963
1781071533.284502,301567,0.03472762554883957
1781071534.0949755,301936,0.007943251170217991
1781071534.6129713,302162,0.008746033534407616
1781071535.2199054,302431,0.005906803533434868
1781071535.9458742,302745,0.013242877088487148
1781071536.372636,302940,0.019150111824274063
1781071537.0027225,303201,0.01488189771771431
1781071537.6047065,303476,0.022020604461431503
1781071538.1051457,303687,0.0093526067212224
1781071538.7246892,303953,0.034223899245262146
1781071539.3336973,304216,0.019598424434661865
1781071540.003952,304502,0.01828112080693245
1781071540.9476507,304898,0.007729463279247284
1781071541.3269312,305051,0.02161417156457901
1781071542.121627,305405,0.010612928308546543
1781071542.6242583,305631,0.016767708584666252
1781071543.012778,305796,0.007460054941475391
1781071543.3858502,305960,0.01826373115181923
1781071543.7480154,306125,0.012718455865979195
1781071543.9456964,306215,0.026467813178896904
1781071544.5827231,306501,0.004431507550179958
1781071544.9640412,306667,0.01504458300769329
1781071545.308022,306836,0.037019260227680206
1781071545.6312354,306985,0.009939868003129959
1781071546.0123534,307168,0.01019720733165741
1781071546.7104073,307465,0.07963325828313828
1781071547.2227492,307691,0.006137448363006115
1781071547.7664337,307951,0.010983245447278023
1781071548.1699207,308146,0.017273779958486557
1781071548.8041303,308439,0.024162329733371735
1781071549.1921954,308609,0.016791563481092453
1781071549.9383075,308914,0.014410104602575302
1781071550.647676,309220,0.016654208302497864
1781071551.1024103,309405,0.0386093407869339
1781071551.5750477,309601,0.009061064571142197
1781071552.373744,309942,0.009163351729512215
1781071552.9314275,310176,0.024163711816072464
1781071553.6740196,310477,0.07246237993240356
1781071554.3782656,310776,0.007366834674030542
1781071554.7874634,310942,0.028951097279787064
1781071555.5514984,311280,0.016978317871689796
1781071556.1515992,311515,0.029609959572553635
1781071556.4115005,311636,0.020421795547008514
1781071556.7819757,311804,0.014066196046769619
1781071557.0109537,311894,0.008231650106608868
1781071557.4133105,312080,0.009861988015472889
1781071558.1649477,312428,0.043639928102493286
1781071558.6665418,312653,0.008038435131311417
1781071559.343946,312975,0.014446182176470757
1781071559.816328,313189,0.035269249230623245
1781071560.503663,313512,0.018162120133638382
1781071560.3681846,313834,0.03031875379383564
1781071560.9520416,314104,0.01483283843845129
1781071561.4497983,314324,0.012454831972718239
1781071561.8253908,314491,0.0076284948736429214
1781071562.5389624,314837,0.04104457050561905
1781071562.9697254,315025,0.011693235486745834
1781071563.5442283,315271,0.024836311116814613
1781071564.0723093,315490,0.010456920601427555
1781071564.8429708,315835,0.004189484752714634
1781071565.2530847,316005,0.040825895965099335
1781071566.0940843,316360,0.021137334406375885
1781071566.799189,316649,0.009344547986984253
1781071567.8060162,317084,0.01757051795721054
1781071568.1003933,317204,0.019754182547330856
1781071568.4842796,317372,0.06478415429592133
1781071568.8660975,317511,0.017796635627746582
1781071569.2100294,317659,0.017830338329076767
1781071569.6979792,317856,0.004662889521569014
1781071570.243749,318099,0.011070722714066505
1781071571.014672,318445,0.015264300629496574
1781071571.7052472,318763,0.03923701494932175
1781071571.9559557,318881,0.01758333295583725
1781071572.223981,319001,0.008954443968832493
1781071572.6207535,319187,0.03160931542515755
1781071573.6046908,319650,0.007737253326922655
1781071574.3414614,319991,0.016080647706985474
1781071574.9612534,320289,0.053220827132463455
1781071575.3514373,320470,0.013297155499458313
1781071576.0018852,320776,0.01086532324552536
1781071576.5043647,321018,0.040544651448726654
1781071576.8510096,321187,0.0275362990796566
1781071577.152946,321328,0.04082760214805603
1781071577.8163652,321638,0.015479153953492641
1781071578.314725,321851,0.015938103199005127
1781071579.2934763,322258,0.015320587903261185
1781071579.7537644,322460,0.009795796126127243
1781071580.0797825,322580,0.014255664311349392
1781071580.5668945,322779,0.0060642375610768795
1781071581.0002367,322957,0.0072241839952766895
1781071581.4011827,323125,0.05220858007669449
1781071581.688373,323244,0.026021145284175873
1781071581.9701915,323364,0.015423566102981567
1781071582.3588326,323529,0.03057694435119629
1781071582.7380664,323695,0.025731803849339485
1781071583.496764,323986,0.015091964043676853
1781071584.1517556,324260,0.06098330765962601
1781071584.6962109,324480,0.03095710650086403
1781071585.3603897,324759,0.004763944074511528
1781071587.6874037,325000,0.009676666930317879
1781071587.7714393,325008,0.01890939101576805
1781071588.1768718,325197,0.014390518888831139
1781071588.645381,325439,0.006623178254812956
1781071588.941383,325591,0.0141078419983387
1781071589.3692183,325805,0.006817749701440334
1781071589.787903,325998,0.007018711883574724
1781071590.38839,326281,0.007409614976495504
1781071591.2883737,326711,0.020881429314613342
1781071591.6930213,326892,0.01225365698337555
1781071592.217225,327140,0.020405013114213943
1781071591.9796646,327410,0.01890535093843937
1781071592.468218,327623,0.0071951160207390785
1781071592.9771774,327837,0.025518134236335754
1781071593.360773,328004,0.01663028448820114
1781071594.1724026,328343,0.01159190945327282
1781071594.8564465,328641,0.018233556300401688
1781071595.2749982,328810,0.030371390283107758
1781071595.7767215,329022,0.0241242703050375
1781071596.529294,329365,0.014461532235145569
1781071597.1738467,329650,0.003246953245252371
1781071597.8774333,329937,0.014638258144259453
1781071598.2524137,330102,0.039062924683094025
1781071599.110095,330457,0.04586256667971611
1781071599.4044042,330577,0.017853526398539543
1781071599.7017071,330713,0.008695155382156372
1781071600.0208898,330851,0.011879713274538517
1781071600.5907059,331113,0.015381401404738426
1781071601.2916117,331436,0.020962225273251534
1781071601.863452,331708,0.019861165434122086
1781071602.1873696,331856,0.008822917938232422
1781071602.6142895,332053,0.031621161848306656
1781071602.9545622,332218,0.028368843719363213
1781071603.8063955,332609,0.007369810249656439
1781071604.2383878,332794,0.02739737182855606
1781071604.6345096,332975,0.026614144444465637
1781071605.0190458,333160,0.01578088104724884
1781071605.313215,333305,0.04153092950582504
1781071606.1185982,333690,0.013329525478184223
1781071606.7086787,333960,0.021953700110316277
1781071607.5473745,334319,0.030856430530548096
1781071608.1112678,334559,0.021583925932645798
1781071608.412352,334677,0.017621267586946487
1781071609.0614731,334942,0.016801079735159874
1781071609.8866014,335308,0.01785537786781788
1781071610.435524,335537,0.017532963305711746
1781071611.281973,335882,0.009098932147026062
1781071611.550767,336002,0.05503520369529724
1781071612.1411445,336247,0.011369455605745316
1781071612.7560048,336512,0.023855986073613167
1781071613.0381823,336632,0.04203309863805771
1781071613.8612301,336950,0.011263789609074593
1781071614.7412858,337346,0.004233240149915218
1781071615.1335454,337516,0.01832212507724762
1781071615.8061147,337800,0.014547524973750114
1781071616.19179,337967,0.006343248765915632
1781071617.143425,338415,0.02894790843129158
1781071617.5595179,338608,0.006907362956553698
1781071617.9856691,338796,0.01835661381483078
1781071618.2585778,338918,0.005986050236970186
1781071618.7354474,339148,0.012344559654593468
1781071619.0060084,339268,0.013581501320004463
1781071619.5098417,339485,0.013524366542696953
1781071619.9027562,339670,0.01731105148792267
1781071620.552835,339937,0.016343174502253532
1781071621.1240678,340204,0.03174634277820587
1781071621.427797,340342,0.013680483214557171
1781071622.4384062,340768,0.031712666153907776
1781071623.0706608,341040,0.006295120343565941
1781071623.6100118,341253,0.014339329674839973
1781071623.6252546,341608,0.014165920205414295
1781071623.8528917,341698,0.011177526786923409
1781071624.3376544,341893,0.025595178827643394
1781071625.436977,342382,0.023245636373758316
1781071625.9910884,342606,0.028440361842513084
1781071626.4363348,342793,0.01843460276722908
1781071627.0051074,343036,0.027613861486315727
1781071627.3365996,343177,0.006098593585193157
1781071627.858585,343405,0.06571897864341736
1781071628.3705177,343621,0.04587952792644501
1781071628.9579008,343894,0.04883831739425659
1781071629.2647913,344041,0.02173702046275139
1781071629.5701702,344177,0.0152646629139781
1781071630.2942264,344499,0.010834317654371262
1781071630.8394904,344733,0.027058541774749756
1781071631.734507,345142,0.018278107047080994
1781071632.5318856,345492,0.018903929740190506
1781071632.993584,345689,0.013505489565432072
1781071633.6062994,345969,0.05386144295334816
1781071634.27323,346276,0.016126001253724098
1781071635.1523209,346670,0.009603750891983509
1781071635.6082327,346865,0.016607390716671944
1781071636.0571017,347050,0.015073262155056
1781071636.3580692,347170,0.007912952452898026
1781071636.8662453,347368,0.007739107124507427
1781071637.3317964,347561,0.006958277430385351
1781071637.8204534,347777,0.03606196492910385
1781071638.2228727,347947,0.01431010290980339
1781071638.6690884,348136,0.044144053012132645
1781071639.3620543,348410,0.055383868515491486
1781071639.625548,348528,0.010465191677212715
1781071640.1950946,348748,0.06607215106487274
1781071640.8137882,349010,0.014340885914862156
1781071641.2803953,349203,0.05491938441991806
1781071641.9746509,349494,0.037932053208351135
1781071642.6954954,349783,0.015464011579751968
1781071643.048172,349934,0.01168716512620449
1781071644.9259722,350000,0.012597968801856041
1781071645.4932332,350235,0.02364770881831646
1781071646.3533227,350605,0.012456520460546017
1781071646.687925,350740,0.007437849882990122
1781071647.2313364,350998,0.009182104840874672
1781071647.8747363,351405,0.07100449502468109
1781071648.2927344,351672,0.00792328454554081
1781071648.7191749,351944,0.009332964196801186
1781071649.166125,352225,0.05017239600419998
1781071649.6253033,352512,0.018343083560466766
1781071649.8149374,352632,0.010869290679693222
1781071650.284982,352937,0.013609771616756916
1781071650.4424703,353027,0.02147793583571911
1781071650.726347,353202,0.018027065321803093
1781071651.4466875,353659,0.028733011335134506
1781071651.8694024,353920,0.03036443330347538
1781071652.341798,354207,0.02933400124311447
1781071652.9481535,354583,0.015518859028816223
1781071653.1988757,354733,0.03611753508448601
1781071653.463438,354900,0.011958668008446693
1781071653.8558147,355143,0.007819632068276405
1781071654.279227,355416,0.01172967255115509
1781071654.800054,355741,0.03378190100193024
1781071655.4066231,356140,0.03228800743818283
1781071655.141243,356528,0.029853995889425278
1781071655.6541288,356850,0.008646469563245773
1781071655.9629126,357040,0.043213143944740295
1781071656.520226,357377,0.022020163014531136
1781071656.9885662,357672,0.011575443670153618
1781071657.5576544,358036,0.06218323856592178
1781071658.0173254,358329,0.02042381465435028
1781071658.376486,358545,0.04720379412174225
1781071659.2691903,359108,0.014206931926310062
1781071659.5743985,359290,0.012875712476670742
1781071659.7889035,359428,0.030108928680419922
1781071660.3723032,359787,0.06004391983151436
1781071660.889883,360110,0.013805537484586239
1781071661.151873,360276,0.031073953956365585
1781071661.6028216,360557,0.03642367199063301
1781071662.0415368,360832,0.0070808627642691135
1781071662.4582582,361082,0.061991751194000244
1781071662.777875,361279,0.020690515637397766
1781071663.1646318,361520,0.021996568888425827
1781071663.525016,361746,0.015899289399385452
1781071664.0784047,362097,0.07061556726694107
1781071664.7403476,362510,0.021179016679525375
1781071665.270376,362836,0.033246345818042755
1781071665.7971396,363164,0.01663515716791153
1781071666.3327444,363496,0.06515299528837204
1781071666.6914566,363711,0.03395441174507141
1781071667.7308214,364369,0.010816190391778946
1781071667.9866064,364531,0.015330237336456776
1781071668.3901205,364789,0.03972591087222099
1781071669.0787427,365233,0.023050185292959213
1781071669.3991938,365444,0.021085452288389206
1781071669.740789,365664,0.013573482632637024
1781071670.0757546,365878,0.016805453225970268
1781071670.6136127,366222,0.008710852824151516
1781071670.9065719,366404,0.00846333522349596
1781071671.1997921,366590,0.010379466228187084
1781071671.5574288,366815,0.015554796904325485
1781071671.891729,367032,0.02667328715324402
1781071672.2354393,367254,0.010499577969312668
1781071672.378266,367344,0.023735353723168373
1781071672.93306,367696,0.04960833117365837
1781071673.2454908,367896,0.0303562693297863
1781071673.8346293,368274,0.02116730436682701
1781071674.2430966,368535,0.01323664840310812
1781071674.858058,368933,0.012854469940066338
1781071675.339651,369244,0.01896025612950325
1781071675.9464703,369620,0.030206751078367233
1781071676.2665079,369818,0.10166606307029724
1781071676.470825,369938,0.01877616159617901
1781071677.0100746,370288,0.021396806463599205
1781071677.4405043,370552,0.016523800790309906
1781071677.7984078,370773,0.05073271691799164
1781071678.0000277,370893,0.011734209954738617
1781071678.3374083,371109,0.015556207858026028
1781071678.7158315,371351,0.04077104479074478
1781071679.4820704,371837,0.008961101993918419
1781071679.7682357,372019,0.07160591334104538
1781071680.2845087,372353,0.005969264544546604
1781071680.524179,372504,0.03141392022371292
1781071680.7892215,372669,0.015732483938336372
1781071681.2093213,372934,0.02329094335436821
1781071681.5062501,373122,0.009618692100048065
1781071681.9022539,373371,0.03521600738167763
1781071682.1315072,373511,0.030113376677036285
1781071682.8716223,373983,0.014034793712198734
1781071683.2888522,374247,0.014496445655822754
1781071683.8792653,374627,0.006975935306400061
1781071684.1324859,374792,0.01671060547232628
1781071685.9533916,375000,0.011293504387140274
1781071686.012481,375032,0.017826765775680542
1781071686.3687365,375253,0.01750788651406765
1781071686.6368752,375420,0.013967270962893963
1781071687.1797092,375767,0.01489485614001751
1781071687.3650787,375887,0.02399570122361183
1781071686.7360394,376036,0.013017199002206326
1781071687.16355,376308,0.01240925956517458
1781071687.7220986,376666,0.0326467826962471
1781071688.228437,376994,0.033748794347047806
1781071688.5797827,377219,0.02255592867732048
1781071689.0053973,377489,0.04795684665441513
1781071689.3529758,377714,0.031058672815561295
1781071689.7256002,377963,0.01076850201934576
1781071690.1332343,378235,0.04684261977672577
1781071690.7929382,378666,0.018877089023590088
1781071691.0161746,378808,0.013165888376533985
1781071691.5333652,379141,0.0479910708963871
1781071692.0341475,379466,0.05480778589844704
1781071692.4192839,379703,0.11032871901988983
1781071692.6566296,379852,0.024970628321170807
1781071692.9376936,380019,0.0297103114426136
1781071693.2565932,380212,0.027554867789149284
1781071693.6483536,380457,0.011912396177649498
1781071694.118105,380745,0.021130520850419998
1781071694.4958234,380989,0.04806364327669144
1781071694.9363134,381277,0.015557397156953812
1781071695.253179,381474,0.01849179156124592
1781071695.400986,381566,0.026870032772421837
1781071695.7416587,381792,0.09736465662717819
1781071695.980189,381943,0.013541760854423046
1781071696.165682,382060,0.022530000656843185
1781071696.6608741,382378,0.02565961331129074
1781071697.190228,382727,0.010708943009376526
1781071697.7197816,383067,0.007264176849275827
1781071698.2231512,383392,0.02220058999955654
1781071698.8183634,383780,0.0076646581292152405
1781071699.6373801,384318,0.009887662716209888
1781071700.2774148,384739,0.024014756083488464
1781071700.5879414,384940,0.010044010356068611
1781071700.8438337,385108,0.012540224008262157
1781071701.317032,385419,0.020395733416080475
1781071701.6901982,385654,0.02072594314813614
1781071702.4395723,386154,0.023513775318861008
1781071702.8820558,386443,0.013837938196957111
1781071703.154973,386613,0.022241542115807533
1781071703.5619771,386879,0.016847649589180946
1781071703.91752,387112,0.03784845769405365
1781071704.1052003,387234,0.015044732950627804
1781071704.7280078,387649,0.03708922117948532
1781071705.11356,387905,0.029742710292339325
1781071705.3983202,388091,0.008113984018564224
1781071705.8021643,388359,0.013512290082871914
1781071706.0614443,388523,0.012282862327992916
1781071706.50672,388811,0.037418439984321594
1781071706.7642338,388976,0.019716110080480576
1781071707.1258388,389204,0.011728535406291485
1781071707.5130596,389457,0.01146562397480011
1781071707.758771,389622,0.01071682758629322
1781071708.380169,390023,0.0392879918217659
1781071708.8284736,390308,0.03619396686553955
1781071709.1258187,390492,0.07426401227712631
1781071709.3201404,390610,0.010490341112017632
1781071709.5730653,390776,0.025654975324869156
1781071709.7620575,390896,0.006477768532931805
1781071710.0606325,391085,0.005265087354928255
1781071710.3320606,391253,0.03729293495416641
1781071710.5885324,391419,0.024596570059657097
1781071711.4005694,391906,0.01344909705221653
1781071711.9638066,392272,0.04576016217470169
1781071712.4688334,392567,0.03016350418329239
1781071712.8845735,392808,0.020488955080509186
1781071713.4199295,393132,0.029764089733362198
1781071713.9439397,393350,0.010822383686900139
1781071714.3186324,393513,0.046919457614421844
1781071714.842789,393727,0.027161015197634697
1781071715.2042856,393880,0.02265007607638836
1781071716.0013125,394209,0.052372727543115616
1781071717.0517743,394631,0.01682068407535553
1781071717.7720516,394930,0.01364930346608162
1781071718.1200588,395071,0.01277502253651619
1781071718.869751,395367,0.013341392390429974
1781071718.4845726,395563,0.06860522925853729
1781071718.9392655,395750,0.026242360472679138
1781071719.7649066,396104,0.04216347634792328
1781071720.5220096,396413,0.042207270860672
1781071721.0026422,396633,0.08247537910938263
1781071721.510211,396849,0.011321836151182652
1781071722.1497557,397122,0.027440743520855904
1781071723.0135741,397499,0.038841404020786285
1781071723.9278383,397921,0.026516713201999664
1781071724.4196155,398139,0.0208989717066288
1781071724.8304992,398339,0.020714376121759415
1781071725.380058,398590,0.012601167894899845
1781071726.1074514,398902,0.029311420395970345
1781071726.8255806,399228,0.05273855850100517
1781071727.3586085,399467,0.02235063910484314
1781071727.7297719,399635,0.021982042118906975
1781071728.0692682,399773,0.019458184018731117
1781071728.5426316,399968,0.024524297565221786
1781071730.418516,400000,0.02042396366596222
1781071731.003269,400247,0.015330669470131397
1781071731.8177128,400614,0.018399212509393692
1781071732.2097065,400779,0.011838805861771107
1781071732.858876,401054,0.05979335308074951
1781071733.3885841,401255,0.033323582261800766
1781071734.0963273,401532,0.048640038818120956
1781071734.7552276,401797,0.030546750873327255
1781071735.4511619,402087,0.10127291083335876
1781071735.6589112,402175,0.014825495891273022
1781071736.6249115,402626,0.010139496996998787
1781071737.5090091,403023,0.007470715790987015
1781071738.2537186,403346,0.011290175840258598
1781071739.0644963,403704,0.017031528055667877
1781071739.5429523,403917,0.017747938632965088
1781071740.1919243,404197,0.023284515365958214
1781071741.2642653,404653,0.027566727250814438
1781071742.0094817,404994,0.013721541501581669
1781071742.8912332,405387,0.02286588028073311
1781071743.7378824,405721,0.03307908773422241
1781071744.502367,406013,0.010914638638496399
1781071745.1872942,406292,0.07640275359153748
1781071745.5073946,406428,0.032291121780872345
1781071746.2492125,406732,0.0341985747218132
1781071747.163396,407092,0.0411071814596653
1781071748.1865776,407493,0.05515357851982117
1781071749.1350741,407859,0.013978840783238411
1781071749.983006,408185,0.01093260943889618
1781071750.6702156,408484,0.016550792381167412
1781071750.0112166,408574,0.02382613718509674
1781071750.8772588,408973,0.021163921803236008
1781071751.3986368,409225,0.023133954033255577
1781071751.7943811,409413,0.01604856550693512
1781071752.3087504,409662,0.031043224036693573
1781071753.1635108,410084,0.04121596738696098
1781071753.9762306,410471,0.044875044375658035
1781071754.9655786,410947,0.03394046425819397
1781071755.5688863,411247,0.03960977867245674
1781071756.6437361,411779,0.03148806467652321
1781071757.71683,412269,0.014018619433045387
1781071758.3519742,412524,0.020884040743112564
1781071758.7359521,412688,0.011766111478209496
1781071759.47519,412967,0.07086637616157532
1781071759.9945269,413186,0.07609354704618454
1781071760.580634,413425,0.017858337610960007
1781071761.632539,413864,0.01679234579205513
1781071762.6594725,414270,0.025574786588549614
1781071763.7403474,414731,0.02509385347366333
1781071764.29256,414957,0.04548802971839905
1781071764.73136,415156,0.014148298650979996
1781071765.4174118,415456,0.016905609518289566
1781071765.8562684,415650,0.025051847100257874
1781071766.8261807,416084,0.07605718076229095
1781071767.4654758,416351,0.06515961140394211
1781071768.0482898,416619,0.012547887861728668
1781071768.7338,416919,0.029851779341697693
1781071769.8664184,417404,0.017736058682203293
1781071770.27496,417578,0.013252448290586472
1781071770.8385446,417820,0.1079564243555069
1781071771.1719759,417959,0.030084695667028427
1781071772.071791,418326,0.015738997608423233
1781071772.70027,418590,0.006110585294663906
1781071773.2754204,418834,0.07797856628894806
1781071773.6537964,418984,0.023896552622318268
1781071774.440265,419322,0.024166466668248177
1781071775.0389004,419564,0.029188012704253197
1781071775.5139244,419754,0.013920114375650883
1781071776.6481597,420206,0.04532838612794876
1781071777.3728862,420517,0.05663749948143959
1781071778.1076431,420829,0.06619375199079514
1781071779.3683214,421345,0.01879347860813141
1781071779.655278,421463,0.013052703812718391
1781071780.1990116,421711,0.011270907707512379
1781071780.5714786,421881,0.032520778477191925
1781071780.9813235,422070,0.04350718483328819
1781071781.1816185,422160,0.07091253995895386
1781071781.507432,422308,0.03170447424054146
1781071782.198731,422609,0.019282076507806778
1781071782.1820357,422969,0.012232275679707527
1781071782.6140835,423165,0.0060150520876049995
1781071782.9860175,423343,0.1199190616607666
1781071783.4331157,423555,0.032019104808568954
1781071784.2820764,423940,0.013974686153233051
1781071784.9463406,424245,0.08868923783302307
1781071785.6091378,424569,0.11411035060882568
1781071786.407488,424937,0.023639168590307236
1781071788.5709672,425000,0.011055687442421913
1781071789.4891603,425387,0.06333017349243164
1781071789.908457,425542,0.04660571366548538
1781071790.8536232,425914,0.04044567421078682
1781071791.7752514,426274,0.02905680611729622
1781071792.0321794,426366,0.020506883040070534
1781071793.1265516,426802,0.00942668505012989
1781071794.2626565,427347,0.0179884172976017
1781071794.6310527,427532,0.013239739462733269
1781071795.3965197,427898,0.011013058945536613
1781071796.4245656,428381,0.04492151737213135
1781071797.0134413,428645,0.027079330757260323
1781071797.6330838,428948,0.019848022609949112
1781071797.9546225,429101,0.012691488489508629
1781071798.4457061,429344,0.021199285984039307
1781071798.939842,429579,0.017316192388534546
1781071799.5437717,429873,0.02269500307738781
1781071800.1675355,430164,0.00938163697719574
1781071800.8803751,430512,0.006760361138731241
1781071801.636515,430878,0.01221698708832264
1781071802.0907815,431072,0.09610056132078171
1781071802.5847592,431288,0.018702346831560135
1781071803.3420253,431618,0.020054420456290245
1781071804.3923478,432080,0.04325215518474579
1781071804.828988,432261,0.0305643193423748
1781071805.7782466,432645,0.035463325679302216
1781071806.1173239,432781,0.008006626740098
1781071806.4658413,432917,0.014758793637156487
1781071806.7890759,433035,0.008582910522818565
1781071807.1356738,433171,0.03420468419790268
1781071807.6647584,433388,0.009402099996805191
1781071808.3998544,433689,0.033259473741054535
1781071809.1865904,434010,0.0028029356617480516
1781071809.823727,434269,0.011232053861021996
1781071810.2500117,434456,0.014490657486021519
1781071810.954943,434768,0.0610295906662941
1781071811.601071,435042,0.012957043014466763
1781071812.6151924,435516,0.06269992887973785
1781071813.0245397,435702,0.07530952990055084
1781071813.534036,435950,0.014345766976475716
1781071813.331326,436270,0.029205041006207466
1781071813.9602063,436570,0.00950087234377861
1781071814.602632,436893,0.0948970839381218
1781071815.0745273,437122,0.03687530755996704
1781071815.537673,437337,0.010666376911103725
1781071816.170168,437634,0.05737358704209328
1781071816.558083,437799,0.05182414501905441
1781071817.355401,438105,0.04502255842089653
1781071818.027667,438382,0.010374540463089943
1781071818.950549,438739,0.01809164136648178
1781071819.6269429,439015,0.02014867216348648
1781071819.9783642,439158,0.009488225914537907
1781071820.6963754,439434,0.11580177396535873
1781071821.4337022,439721,0.010604740120470524
1781071822.1012523,440000,0.01556808315217495
1781071822.911042,440310,0.025175666436553
1781071823.4835353,440542,0.04288372024893761
1781071823.7853744,440664,0.03838244453072548
1781071824.3076522,440879,0.03329572454094887
1781071825.0741704,441213,0.022717855870723724
1781071825.8332458,441585,0.016563545912504196
1781071826.3276894,441823,0.029556680470705032
1781071827.1461928,442221,0.011645527556538582
1781071827.530081,442388,0.03313837945461273
1781071828.0538635,442633,0.04717205837368965
1781071828.550028,442866,0.02665504440665245
1781071829.3812714,443272,0.015685122460126877
1781071829.8869252,443502,0.03765993192791939
1781071830.4056022,443750,0.015072526410222054
1781071830.9140446,443991,0.007416480220854282
1781071831.1722326,444111,0.022338353097438812
1781071831.6155672,444307,0.012412020936608315
1781071832.680608,444759,0.028126338496804237
1781071833.3146977,445002,0.01996479369699955
1781071833.9244685,445250,0.04981721565127373
1781071834.1977751,445342,0.02026444859802723
1781071835.1789305,445736,0.005608488339930773
1781071836.0397608,446053,0.032851822674274445
1781071836.9583871,446397,0.02538255974650383
1781071837.6603112,446682,0.012028755620121956
1781071838.4562056,446980,0.015286944806575775
1781071838.9138098,447165,0.021365581080317497
1781071839.7497096,447542,0.04211040958762169
1781071840.2459536,447772,0.01819545030593872
1781071841.4395118,448334,0.009860984981060028
1781071842.3648732,448760,0.01844058185815811
1781071843.0132592,449056,0.006917909719049931
1781071843.6913714,449382,0.011329017579555511
1781071844.2731655,449646,0.026659978553652763
1781071844.7313483,449863,0.014931236393749714
1781071846.2880855,450000,0.015879150480031967
1781071846.5521142,450109,0.07182921469211578
1781071846.861054,450225,0.0073736198246479034
1781071847.432381,450438,0.007959121838212013
1781071848.046142,450676,0.025669652968645096
1781071848.5320573,450878,0.0134821068495512
1781071849.1546805,451126,0.04828604310750961
1781071849.8465989,451394,0.02887541428208351
1781071850.1944997,451532,0.014932586811482906
1781071850.5836093,451699,0.009899063035845757
1781071851.609847,452122,0.025634337216615677
1781071851.8214972,452212,0.005885458551347256
1781071852.591508,452516,0.018917623907327652
1781071853.0278132,452681,0.016779428347945213
1781071853.46039,452862,0.011794998310506344
1781071853.7515974,452983,0.016041681170463562
1781071854.4820106,453306,0.02988559380173683
1781071855.0030806,453550,0.04311186447739601
1781071856.2446713,454142,0.018555112183094025
1781071856.6533773,454338,0.022084442898631096
1781071857.5399969,454753,0.045298490673303604
1781071857.858193,454900,0.0057947952300310135
1781071858.6874886,455297,0.015415746718645096
1781071859.393457,455639,0.03413895517587662
1781071859.8289914,455845,0.015120185911655426
1781071860.2133353,456032,0.011329582892358303
1781071860.708545,456262,0.04018969088792801
1781071861.3662648,456566,0.11133120954036713
1781071861.9356723,456835,0.010516373440623283
1781071862.6772153,457192,0.010137482546269894
1781071863.7645378,457696,0.03166350722312927
1781071864.1714673,457894,0.024152792990207672
1781071864.689068,458142,0.04022927209734917
1781071865.152505,458355,0.009212318807840347
1781071865.4353426,458501,0.03961184248328209
1781071866.0430224,458797,0.010043976828455925
1781071866.3595262,458950,0.06799602508544922
1781071867.2068226,459341,0.018898142501711845
1781071868.275823,459846,0.0373404324054718
1781071869.08102,460227,0.01055208034813404
1781071870.0257556,460676,0.03784528374671936
1781071870.9241784,461118,0.05752115696668625
1781071871.711691,461494,0.009183503687381744
1781071872.2897377,461769,0.01420400571078062
1781071872.644174,461938,0.028813039883971214
1781071873.028961,462105,0.057890817523002625
1781071873.7278922,462399,0.05082470551133156
1781071874.659434,462751,0.01695425435900688
1781071875.470689,463103,0.018615979701280594
1781071876.3269987,463454,0.0433003269135952
1781071876.8027596,463639,0.026183877140283585
1781071876.4463317,463838,0.04222870618104935
1781071876.9739246,464033,0.016151728108525276
1781071877.8361313,464350,0.031189657747745514
1781071878.7559304,464715,0.037058740854263306
1781071879.8878064,465176,0.015681860968470573
1781071880.7272706,465563,0.013907869346439838
1781071881.340173,465853,0.01497823465615511
1781071881.9564328,466143,0.018067065626382828
1781071883.062082,466669,0.027347147464752197
1781071883.458776,466864,0.019147304818034172
1781071884.2215388,467222,0.052063554525375366
1781071884.8096519,467510,0.007884972728788853
1781071885.1001205,467647,0.03775688260793686
1781071885.754297,467959,0.05337093025445938
1781071886.3543386,468244,0.0682101920247078
1781071886.8888936,468483,0.011547986418008804
1781071887.5083997,468742,0.022666405886411667
1781071888.185295,469033,0.01116892695426941
1781071888.9210708,469356,0.04101935029029846
1781071889.8828683,469743,0.01649288460612297
1781071890.2169814,469863,0.028829164803028107
1781071890.7090516,470060,0.042676735669374466
1781071891.7135038,470432,0.008849543519318104
1781071892.5679348,470755,0.10598441958427429
1781071893.7062762,471200,0.06526344269514084
1781071894.3482895,471446,0.02165134996175766
1781071894.9454472,471692,0.009062372148036957
1781071895.233429,471810,0.03180045261979103
1781071895.7828822,472077,0.018242983147501945
1781071896.2162194,472277,0.012322199530899525
1781071896.794369,472555,0.025413498282432556
1781071897.0829763,472691,0.024774868041276932
1781071897.8742003,473072,0.03221914544701576
1781071898.2643235,473260,0.036262594163417816
1781071898.8383634,473537,0.014342483133077621
1781071899.3267097,473766,0.02611798234283924
1781071899.941694,474070,0.013179845176637173
1781071900.6975107,474414,0.02941596508026123
1781071901.0052028,474555,0.021133527159690857
1781071901.6808934,474880,0.015249684453010559
1781071904.1690888,475000,0.02662508934736252
1781071904.9993975,475338,0.0291287899017334
1781071905.3905904,475526,0.0217197947204113
1781071905.8352728,475745,0.020335769280791283
1781071906.439458,476040,0.035695530474185944
1781071907.2845592,476407,0.02151016891002655
1781071907.6236322,476546,0.015516804531216621
1781071908.234498,476820,0.02613518387079239
1781071908.851943,477079,0.05843547359108925
1781071908.9982886,477525,0.030520327389240265
1781071909.5437002,477771,0.02360089309513569
1781071910.2921855,478098,0.02235432341694832
1781071911.2220461,478509,0.05124944821000099
1781071912.6776648,479097,0.01382934208959341
1781071914.0489175,479669,0.016958624124526978
1781071914.5624673,479892,0.05760519579052925
1781071915.5453045,480319,0.03188655152916908
1781071916.1935518,480602,0.006814195774495602
1781071916.5938654,480770,0.00723154004663229
1781071917.378164,481133,0.02367427945137024
1781071918.2392483,481547,0.07547193765640259
1781071919.0597382,481939,0.043755363672971725
1781071919.9603267,482361,0.022310424596071243
1781071920.5101552,482613,0.012388081289827824
1781071921.0824208,482878,0.0635712519288063
1781071921.279408,482968,0.018539421260356903
1781071922.2675726,483389,0.026838209480047226
1781071923.5343814,483909,0.044477201998233795
1781071924.0455124,484132,0.021735895425081253
1781071924.556663,484355,0.01222444511950016
1781071925.4119391,484738,0.020904824137687683
1781071926.1003714,485035,0.004692194052040577
1781071926.7263572,485300,0.02081901952624321
1781071927.8829336,485781,0.025629524141550064
1781071928.8454666,486203,0.03263760358095169
1781071929.6732016,486583,0.040004149079322815
1781071930.504953,486977,0.0068581863306462765
1781071931.2098975,487294,0.11617845296859741
1781071932.0808017,487702,0.029698446393013
1781071932.6805973,487985,0.08297723531723022
1781071933.0365787,488149,0.008950652554631233
1781071933.5532193,488394,0.01286030001938343
1781071934.2472699,488716,0.05204681307077408
1781071935.14033,489134,0.018009521067142487
1781071935.9530427,489509,0.03612251952290535
1781071936.9528263,489983,0.027291228994727135
1781071937.5987086,490283,0.01312686875462532
1781071938.051148,490498,0.013919263146817684
1781071939.3162935,491090,0.007705463096499443
1781071939.845574,491335,0.036532752215862274
1781071939.9135282,491795,0.03905799984931946
1781071940.4563665,492047,0.11726509034633636
1781071941.0364296,492310,0.020481403917074203
1781071941.967712,492745,0.01945420540869236
1781071942.2831278,492884,0.02203572727739811
1781071942.5722086,493024,0.009998498484492302
1781071943.1180136,493271,0.01529020257294178
1781071943.8859613,493634,0.014137020334601402
1781071944.5082147,493924,0.019884318113327026
1781071945.3501747,494305,0.017451807856559753
1781071946.1042979,494650,0.04914700984954834
1781071946.745147,494937,0.049524109810590744
1781071947.3492196,495226,0.01182851754128933
1781071948.1637046,495611,0.049730222672224045
1781071948.735036,495866,0.009733096696436405
1781071948.9760122,495982,0.032249100506305695
1781071949.5542142,496256,0.067031130194664
1781071950.3399005,496621,0.012321580201387405
1781071950.7844474,496840,0.01973196677863598
1781071950.993129,496928,0.02520725503563881
1781071951.4516819,497155,0.03355639427900314
1781071951.986412,497400,0.0141201913356781
1781071952.7705302,497767,0.029092418029904366
1781071953.4068341,498056,0.022171832621097565
1781071954.1787908,498431,0.056465476751327515
1781071954.9594548,498812,0.022591371089220047
1781071955.9316688,499276,0.02162035182118416
1781071956.449809,499525,0.023476291447877884
1781071957.2196002,499885,0.017700891941785812
1781071960.1178787,500000,0.08071048557758331
1781071960.5432317,500150,0.006618787068873644
1781071960.7602086,500242,0.005381147377192974
1781071961.4099228,500525,0.013948746025562286
1781071962.2361271,500930,0.03710552677512169
1781071962.4919238,501051,0.02439894899725914
1781071963.1994047,501379,0.028309019282460213
1781071963.9944956,501740,0.012145457789301872
1781071964.7581615,502094,0.009590720757842064
1781071965.3344018,502364,0.07288113236427307
1781071966.1522803,502751,0.03785616531968117
1781071966.6441112,502982,0.02648811787366867
1781071967.4485238,503369,0.025296274572610855
1781071968.093623,503663,0.022288549691438675
1781071968.7305906,503963,0.012276647612452507
1781071969.2585037,504216,0.04930318146944046
1781071969.8600757,504492,0.02499310113489628
1781071970.6270585,504840,0.008853932842612267
1781071970.9128277,504978,0.020447013899683952
1781071971.4650903,505665,0.010580185800790787
1781071972.5033507,506145,0.010383626446127892
1781071973.1277287,506435,0.019191600382328033
1781071973.9749131,506833,0.01640080288052559
1781071974.6908464,507172,0.09552115947008133
1781071974.9493911,507292,0.027118541300296783
1781071976.0586612,507800,0.01145790796726942
1781071976.35998,507938,0.03275326266884804
1781071976.7312577,508106,0.016575127840042114
1781071977.7165575,508563,0.05139010027050972
1781071978.2024548,508784,0.042803794145584106
1781071978.693722,509019,0.021465308964252472
1781071979.2150092,509253,0.025956692174077034
1781071979.8253548,509531,0.13019640743732452
1781071980.3630943,509780,0.01937977224588394
1781071981.0390542,510078,0.06590759754180908
1781071981.260022,510170,0.05909300222992897
1781071981.7157242,510336,0.013884354382753372
1781071981.9605594,510428,0.010024463757872581
1781071983.2122653,510909,0.014894645661115646
1781071983.7513301,511130,0.04892607405781746
1781071984.2670028,511348,0.015474233776330948
1781071984.828114,511591,0.03005640022456646
1781071985.385889,511841,0.01358601450920105
1781071986.2444727,512197,0.009449588134884834
1781071986.9449995,512492,0.017184913158416748
1781071987.534833,512725,0.01663411408662796
1781071988.2657063,513048,0.024304918944835663
1781071989.049018,513387,0.015339338220655918
1781071989.665692,513667,0.01356313657015562
1781071990.6283844,514103,0.0363895408809185
1781071991.7935228,514643,0.02907247096300125
1781071992.7177687,515072,0.04156278446316719
1781071993.8795874,515620,0.02463998645544052
1781071994.5887465,515931,0.005978264380246401
1781071995.4740872,516343,0.01451840903609991
1781071996.318469,516720,0.042649924755096436
1781071997.1916282,517117,0.12997063994407654
1781071998.0365763,517498,0.038668811321258545
1781071998.5740762,517748,0.019271815195679665
1781071999.4789612,518147,0.037501461803913116
1781072000.0263073,518392,0.022895991802215576
1781072000.6624038,518681,0.005691891070455313
1781072002.3191657,519453,0.017866695299744606
1781072002.9254375,519718,0.013733673840761185
1781072002.9336016,520114,0.06478387117385864
1781072003.2772253,520254,0.02609822526574135
1781072003.667396,520434,0.013572687283158302
1781072004.708981,520898,0.054667193442583084
1781072005.4350603,521235,0.02449062094092369
1781072006.004272,521492,0.03127231076359749
1781072006.7313426,521824,0.007268967106938362
1781072007.7240515,522270,0.05236319452524185
1781072008.41298,522566,0.01366296038031578
1781072008.9849298,522829,0.029362820088863373
1781072009.7695405,523195,0.032177526503801346
1781072010.6000555,523570,0.06980299204587936
1781072011.1383424,523815,0.007980214431881905
1781072011.9447997,524187,0.00859886035323143
1781072012.7119255,524536,0.02379489876329899
1781072013.585696,524923,0.0070264097303152084
1781072015.705729,525000,0.010538906790316105
1781072015.9235804,525092,0.04742610827088356
1781072016.7986195,525476,0.03518037870526314
1781072017.422892,525768,0.013488438911736012
1781072018.5784364,526303,0.018160207197070122
1781072019.286921,526619,0.055630963295698166
1781072019.8568292,526885,0.03683042898774147
1781072020.8290086,527326,0.02760309912264347
1781072021.1270182,527466,0.01256817951798439
1781072021.5281332,527643,0.08162863552570343
1781072022.4327931,528049,0.05909693241119385
1781072022.9781632,528294,0.06396222114562988
1781072023.1863472,528386,0.04438767209649086
1781072024.2600687,528895,0.029134517535567284
1781072024.6177106,529057,0.049224864691495895
1781072025.0978289,529282,0.013723522424697876
1781072025.8658051,529644,0.005181577056646347
1781072026.7150617,530037,0.012703582644462585
1781072027.7353666,530519,0.036192264407873154
1781072028.4910786,530876,0.012474097311496735
1781072029.691167,531414,0.021583011373877525
1781072030.6510315,531865,0.016243401914834976
1781072031.089195,532058,0.0364028699696064
1781072031.4226635,532207,0.08121657371520996
1781072031.9551659,532449,0.030320927500724792
1781072033.092561,532966,0.020764414221048355
1781072034.0408359,533386,0.023759914562106133
1781072034.7891273,533730,0.01868339627981186
1781072034.7608502,534105,0.011980727314949036
1781072035.777805,534580,0.018724918365478516
1781072036.4862409,534909,0.010258770547807217
1781072037.5854948,535424,0.007167813368141651
1781072038.1928017,535697,0.007699825335294008
1781072039.081106,536093,0.08891844749450684
1781072039.789051,536411,0.029727259650826454
1781072040.7841659,536860,0.009841497987508774
1781072041.6665056,537265,0.010328078642487526
1781072042.9219444,537800,0.027996806427836418
1781072043.8698046,538183,0.04159265011548996
1781072044.3796782,538401,0.02857796847820282
1781072045.5485735,538872,0.050768107175827026
1781072046.9298804,539502,0.06311516463756561
1781072047.1155617,539594,0.022383183240890503
1781072047.5685425,539802,0.012896709144115448
1781072048.3412068,540162,0.0898979902267456
1781072049.8475091,540861,0.0169947762042284
1781072050.4880104,541154,0.022513899952173233
1781072051.4767783,541603,0.035388849675655365
1781072051.7986329,541754,0.05656718835234642
1781072053.2466161,542394,0.009619786404073238
1781072054.109198,542760,0.01029536034911871
1781072055.2649393,543241,0.025804324075579643
1781072057.1092541,543981,0.021373439580202103
1781072057.454704,544128,0.050065938383340836
1781072057.8987365,544310,0.009844403713941574
1781072058.5078537,544561,0.046904660761356354
1781072058.7113314,544653,0.03535520285367966
1781072059.6711998,545059,0.009076476097106934
1781072060.558579,545412,0.017142388969659805
1781072061.151594,545673,0.015056484378874302
1781072062.0287192,546077,0.006298345979303122
1781072062.909705,546496,0.019604286178946495
1781072063.7111838,546864,0.01236899197101593
1781072064.4454048,547209,0.0193132683634758
1781072065.4072862,547665,0.018284229561686516
1781072065.7294433,547806,0.012781498022377491
1781072066.233896,548032,0.021735385060310364
1781072066.8999832,548330,0.017931699752807617
1781072066.863181,548714,0.029913663864135742
1781072067.6908252,549081,0.016116108745336533
1781072068.282144,549321,0.018653012812137604
1781072068.636277,549472,0.01507275179028511
1781072072.6895611,550000,0.014237723313272
1781072072.8094058,550038,0.008727671578526497
1781072074.1338797,550577,0.045016683638095856
1781072075.110458,550995,0.015824662521481514
1781072075.5877879,551207,0.0575476810336113
1781072076.5552144,551656,0.014100028201937675
1781072077.3511088,552018,0.06133146956562996
1781072078.373388,552479,0.04858066141605377
1781072079.549719,553033,0.04450690373778343
1781072080.2656412,553348,0.015042044222354889
1781072081.2008336,553767,0.014128643088042736
1781072081.7354105,554011,0.010495313443243504
1781072082.0008652,554129,0.03777586296200752
1781072082.446218,554313,0.014556664042174816
1781072083.1040406,554593,0.02978132665157318
1781072084.4452107,555185,0.006262675859034061
1781072085.011903,555432,0.011969965882599354
1781072086.0626588,555896,0.022522136569023132
1781072086.818651,556187,0.02152087166905403
1781072087.700765,556523,0.009555750526487827
1781072088.4986255,556801,0.005412775557488203
1781072089.196432,557068,0.0335177481174469
1781072089.8743842,557333,0.011726273223757744
1781072090.99734,557823,0.04622040316462517
1781072091.3536038,558000,0.04971299320459366
1781072091.954324,558284,0.1038181334733963
1781072092.9212172,558727,0.021822886541485786
1781072094.044707,559241,0.0154504319652915
1781072094.6240249,559507,0.1042933315038681
1781072096.072338,560176,0.04564671218395233
1781072097.040047,560609,0.01230495236814022
1781072098.232228,561108,0.040849972516298294
1781072098.5300202,561228,0.034424010664224625
1781072098.0984259,561409,0.01929009146988392
1781072098.6888204,561657,0.024081150069832802
1781072099.4438322,561955,0.01906917616724968
1781072100.6316378,562460,0.00917662214487791
1781072101.7113156,562919,0.05345630273222923
1781072102.2136219,563120,0.031757645308971405
1781072103.4135723,563610,0.018548328429460526
1781072103.6781352,563728,0.008029673248529434
1781072104.7175243,564186,0.03262273222208023
1781072105.417308,564526,0.009130122140049934
1781072106.0321689,564806,0.0109128812327981
1781072107.5102422,565485,0.08029807358980179
1781072108.088904,565749,0.06792238354682922
1781072108.3785594,565888,0.01814291626214981
1781072109.345501,566337,0.04637252911925316
1781072110.2165642,566725,0.016132798045873642
1781072111.0410597,567101,0.020793484523892403
1781072111.3791828,567254,0.012473770417273045
1781072112.1333015,567587,0.052673667669296265
1781072112.6056461,567812,0.008788099512457848
1781072113.0143068,568000,0.08450131118297577
1781072113.5391262,568234,0.041243188083171844
1781072114.4154744,568625,0.04456828534603119
1781072114.6986454,568759,0.008443204686045647
1781072115.4488773,569108,0.01137747522443533
1781072116.3606179,569529,0.01724395900964737
1781072116.8421204,569742,0.012258642353117466
1781072117.5941281,570082,0.028881024569272995
1781072118.597127,570532,0.028837140649557114
1781072119.311373,570845,0.028204642236232758
1781072120.2546148,571279,0.03247620910406113
1781072121.109852,571671,0.01551196351647377
1781072122.0429807,572110,0.03791678696870804
1781072122.4553473,572292,0.0400160551071167
1781072123.2712133,572671,0.021092548966407776
1781072123.9101167,572972,0.013366613537073135
1781072125.0196536,573492,0.050926148891448975
1781072125.7153819,573801,0.07663552463054657
1781072126.3494349,574091,0.012215828523039818
1781072127.7386773,574736,0.033005163073539734
1781072130.5193267,575000,0.07921192049980164
1781072131.2160995,575282,0.03572842478752136
1781072131.804708,575559,0.024866264313459396
1781072132.3483438,575790,0.03691961616277695
1781072133.5136974,576316,0.02540338598191738
1781072134.3187504,576698,0.07499650120735168
1781072135.283875,577126,0.03306911140680313
1781072136.0155113,577460,0.06813891232013702
1781072137.4443095,578099,0.02523244172334671
1781072137.997804,578347,0.042201489210128784
1781072138.4464633,578540,0.08496333658695221
1781072139.2795756,578915,0.010297218337655067
1781072139.8966975,579194,0.02704130858182907
1781072140.2888741,579378,0.019618399441242218
1781072141.3357522,579865,0.05087660253047943
1781072142.63885,580454,0.027089256793260574
1781072143.3274348,580772,0.0526423379778862
1781072143.9332066,581046,0.025992460548877716
1781072144.3314555,581213,0.027742821723222733
1781072145.114436,581573,0.0662124827504158
1781072145.997881,581967,0.022691942751407623
1781072146.7556374,582310,0.12824475765228271
1781072147.1362925,582482,0.011630279012024403
1781072147.779777,582765,0.006627955939620733
1781072149.04816,583253,0.05268242210149765
1781072150.0131023,583656,0.054414208978414536
1781072150.820095,583982,0.014002730138599873
1781072152.6799018,584742,0.13170544803142548
1781072154.1373343,585335,0.12339652329683304
1781072154.9181383,585654,0.009102540090680122
1781072155.8577793,586047,0.051537200808525085
1781072156.332795,586266,0.027637701481580734
1781072157.4104893,586751,0.01641358621418476
1781072158.2727907,587141,0.033034548163414
1781072159.7257216,587811,0.03268814831972122
1781072160.6131694,588208,0.02337789721786976
1781072161.2330256,588875,0.010906585492193699
1781072161.8203511,589143,0.013104052282869816
1781072162.8377028,589575,0.01983678713440895
1781072163.3277895,589773,0.023002583533525467
1781072163.9421177,590016,0.062167514115571976
1781072164.9634697,590441,0.053267717361450195
1781072165.3464627,590591,0.013525065034627914
1781072166.1660974,590919,0.04659566283226013
1781072166.5135968,591057,0.049128104001283646
1781072166.7480402,591149,0.02184748649597168
1781072167.9020138,591593,0.010062260553240776
1781072169.2421534,592113,0.08550849556922913
1781072170.340085,592565,0.012587668374180794
1781072170.6400435,592701,0.027326112613081932
1781072171.1944711,592945,0.029400577768683434
1781072171.9827337,593294,0.0952560231089592
1781072172.576559,593549,0.012229228392243385
1781072173.3239582,593885,0.0094933295622468
1781072173.9845502,594178,0.044872455298900604
1781072174.610303,594461,0.01698927767574787
1781072175.4721272,594849,0.00735052302479744
1781072176.5020144,595296,0.05039036646485329
1781072177.4461625,595723,0.02704887092113495
1781072178.1260393,596007,0.009895693510770798
1781072179.5858204,596597,0.008862249553203583
1781072179.8406658,596689,0.014982247725129128
1781072180.4970114,596952,0.017793992534279823
1781072182.178932,597650,0.012842210941016674
1781072183.5658777,598211,0.013511703349649906
1781072184.9368649,598736,0.02470041811466217
1781072186.1980934,599228,0.05618462339043617
1781072187.0632327,599577,0.012974347919225693
1781072190.9326737,600000,0.04700284078717232
1781072191.0797286,600060,0.017598289996385574
1781072192.3125877,600581,0.04496146738529205
1781072193.2957313,601027,0.010089410468935966
1781072193.2203941,601414,0.01876111514866352
1781072195.0199068,602246,0.017026705667376518
1781072196.174434,602766,0.006679271813482046
1781072197.1346178,603197,0.015409985557198524
1781072198.1702418,603673,0.031905196607112885
1781072199.5437405,604215,0.007961872965097427
1781072200.4491472,604569,0.01323796808719635
1781072201.2435944,604883,0.020925041288137436
1781072202.4061737,605359,0.016464173793792725
1781072203.0306566,605587,0.014235712587833405
1781072203.7359316,605866,0.03881228715181351
1781072204.5539052,606173,0.022721553221344948
1781072205.6903462,606615,0.02169911190867424
1781072206.4666398,606939,0.032022181898355484
1781072207.330765,607332,0.01154281198978424
1781072208.2700617,607739,0.04887017980217934
1781072209.402623,608247,0.031771011650562286
1781072210.6387663,608792,0.010606902651488781
1781072211.1373832,609014,0.02728940360248089
1781072212.3804302,609585,0.030529528856277466
1781072213.1278849,609928,0.034035250544548035
1781072213.624132,610156,0.013170049525797367
1781072214.5772142,610519,0.009021456353366375
1781072215.1105306,610737,0.00972712878137827
1781072216.2423363,611174,0.05191360041499138
1781072217.4800649,611688,0.04071402922272682
1781072218.2191703,611969,0.008922463282942772
1781072219.087042,612310,0.012039655819535255
1781072220.7611067,612963,0.012304529547691345
1781072221.7971559,613391,0.01771359145641327
1781072222.5068314,613708,0.009861184284090996
1781072223.468187,614127,0.0051595610566437244
1781072224.5067308,614602,0.00449821911752224
1781072224.3483307,614927,0.01289278082549572
1781072225.477393,615449,0.07326171547174454
1781072226.5097444,615901,0.10759978741407394
1781072227.338332,616274,0.08204551786184311
1781072227.9555454,616553,0.010288219898939133
1781072228.7016609,616874,0.005421654786914587
1781072229.216587,617093,0.03389235585927963
1781072229.9365408,617370,0.015582714229822159
1781072231.199602,617878,0.041106902062892914
1781072232.6576803,618471,0.06381139159202576
1781072233.8532906,618956,0.01994912512600422
1781072234.4553785,619191,0.0243455171585083
1781072235.3861752,619565,0.021464038640260696
1781072236.4448879,620007,0.010511061176657677
1781072237.739598,620601,0.032757148146629333
1781072238.6136975,621010,0.023194558918476105
1781072239.2911441,621305,0.01917523331940174
1781072240.2575285,621745,0.011449203826487064
1781072241.5718381,622344,0.016453873366117477
1781072243.6057997,623253,0.01938323862850666
1781072244.5753763,623650,0.05239526927471161
1781072245.1499233,623867,0.0915755182504654
1781072246.2141092,624275,0.027537666261196136
1781072247.006131,624595,0.014367958530783653
1781072247.8739145,624944,0.012514148838818073
1781072252.0040038,625000,0.023610901087522507
1781072252.708452,625262,0.01696702092885971
1781072253.6870453,625691,0.011807777918875217
1781072254.805675,626193,0.02219928801059723
1781072255.296482,626409,0.06119924038648605
1781072255.9414477,626685,0.02465938776731491
1781072256.5546691,626965,0.04030078276991844
1781072256.283683,627233,0.09764020144939423
1781072257.0271163,627567,0.07302282750606537
1781072257.971961,627948,0.01418103277683258
1781072259.2469156,628452,0.0406247116625309
1781072260.8105712,629047,0.04395821690559387
1781072262.176412,629562,0.00946117751300335
1781072263.6114745,630138,0.020136626437306404
1781072264.8781579,630638,0.01928519643843174
1781072265.8668907,631067,0.04750220105051994
1781072266.4481497,631324,0.036646876484155655
1781072267.544597,631813,0.012998584657907486
1781072268.2314684,632112,0.016664111986756325
1781072269.1832428,632537,0.019492298364639282
1781072269.8284094,632823,0.0183614119887352
1781072270.6916428,633211,0.035188909620046616
1781072271.9315443,633782,0.019779182970523834
1781072273.79985,634551,0.032071538269519806
1781072274.4773464,634818,0.009275829419493675
1781072275.4542902,635195,0.06989447772502899
1781072276.8717778,635758,0.014280757866799831
1781072278.3516693,636333,0.01028900034725666
1781072279.145224,636655,0.042481809854507446
1781072279.8556714,636939,0.016509726643562317
1781072280.96769,637399,0.0435715988278389
1781072282.0379913,637866,0.025118965655565262
1781072283.0221717,638289,0.019950173795223236
1781072283.9259574,638692,0.05880536139011383
1781072284.5858238,638981,0.011244800873100758
1781072285.588632,639431,0.0169677734375
1781072286.5422318,639861,0.09793438762426376
1781072287.9772072,640483,0.047793202102184296
1781072287.6879392,640706,0.06434404850006104
1781072288.2928402,640938,0.03205348551273346
1781072289.4172955,641375,0.07929204404354095
1781072290.6736674,641869,0.02687697857618332
1781072291.5474646,642204,0.01832151971757412
1781072292.6385958,642644,0.010753314010798931
1781072293.2761095,642896,0.037650786340236664
1781072294.650204,643436,0.017388254404067993
1781072295.7121258,643886,0.04950343817472458
1781072296.7588284,644355,0.09495504945516586
1781072297.7975178,644797,0.009005927480757236
1781072298.682841,645184,0.07285220175981522
1781072299.758542,645657,0.05832943320274353
1781072300.2663317,645878,0.027574867010116577
1781072300.8859437,646146,0.028467653319239616
1781072301.604202,646471,0.094255730509758
1781072303.2110758,647158,0.03557819500565529
1781072304.3069036,647561,0.042490873485803604
1781072304.9678905,647834,0.1424858272075653
1781072306.745002,648548,0.01515351701527834
1781072307.9150336,649006,0.04578110948204994
1781072308.723508,649302,0.04625605046749115
1781072310.1422098,649831,0.09031222015619278
1781072313.8817973,650000,0.07075399160385132
1781072314.0436795,650062,0.019441690295934677
1781072315.288929,650611,0.12206359207630157
1781072316.3722556,651093,0.0318247452378273
1781072317.7419572,651672,0.036378443241119385
1781072319.4211159,652328,0.0873047262430191
1781072319.3447516,652632,0.017990393564105034
1781072320.9299676,653255,0.011014491319656372
1781072321.6525557,653547,0.026355108246207237
1781072323.1169739,654152,0.013504302129149437
1781072324.0240827,654505,0.02162882126867771
1781072325.042016,654944,0.018314149230718613
1781072326.0288718,655380,0.09465166926383972
1781072326.8531356,655759,0.01666601188480854
1781072327.5302305,656056,0.008707759901881218
1781072328.97088,656685,0.019710354506969452
1781072330.0183814,657131,0.01020757295191288
1781072331.3515468,657700,0.012586008757352829
1781072332.721324,658257,0.011517231352627277
1781072333.7994127,658682,0.01737869158387184
1781072335.229338,659239,0.03932938724756241
1781072337.1317616,660012,0.07076319307088852
1781072338.1728718,660433,0.02776961401104927
1781072338.9615362,660734,0.016916517168283463
1781072339.8197963,661068,0.012627318501472473
1781072341.4816523,661770,0.009568510577082634
1781072342.6612575,662298,0.06653320789337158
1781072345.2030988,663422,0.011311164125800133
1781072346.460323,664001,0.015527456067502499
1781072347.61141,664477,0.016920587047934532
1781072348.6084247,664867,0.029026135802268982
1781072349.5453901,665244,0.11828099936246872
1781072350.4727504,665599,0.03385249897837639
1781072351.455575,666321,0.014349903911352158
1781072352.4331522,666714,0.06495732069015503
1781072353.8938673,667287,0.022450324147939682
1781072354.528353,667554,0.09049498289823532
1781072355.6656587,668059,0.07182721793651581
1781072356.0330353,668226,0.016220590099692345
1781072358.1841435,669178,0.016365747898817062
1781072359.2224221,669643,0.07542283833026886
1781072360.608243,670249,0.018311768770217896
1781072362.4067845,671005,0.011845835484564304
1781072363.6325788,671472,0.013015937060117722
1781072365.6538663,672276,0.007379782851785421
1781072367.8599088,673146,0.005609879735857248
1781072369.2717595,673700,0.029041897505521774
1781072369.8472414,673954,0.09666634351015091
1781072370.7031083,674312,0.06058895215392113
1781072372.1729174,674971,0.08266948163509369
1781072376.9231632,675000,0.010631857439875603
1781072378.199562,675464,0.01979316584765911
1781072380.4350386,676365,0.014017043635249138
1781072382.2041278,677079,0.035029180347919464
1781072382.934603,677719,0.01948201283812523
1781072383.6265423,677999,0.15090309083461761
1781072384.738764,678484,0.1245746985077858
1781072386.4071183,679225,0.07247360795736313
1781072387.7104468,679802,0.0293547585606575
1781072388.613936,680202,0.04675000533461571
1781072388.8191836,680292,0.16273145377635956
1781072390.1710935,680876,0.01899404637515545
1781072391.9598224,681601,0.014175274409353733
1781072393.073383,682057,0.015161082148551941
1781072394.8840559,682778,0.018359852954745293
1781072396.729352,683511,0.022231457754969597
1781072397.6694016,683892,0.013772946782410145
1781072398.4644465,684200,0.011731991544365883
1781072399.2570567,684541,0.039792124181985855
1781072400.8191695,685211,0.03863558545708656
1781072401.4848633,685511,0.01579141989350319
1781072402.380681,685902,0.008156754076480865
1781072403.0960436,686212,0.0225194301456213
1781072404.2882395,686731,0.013036871328949928
1781072404.89796,687002,0.013158461079001427
1781072405.8163505,687418,0.15259522199630737
1781072407.2473857,687993,0.018533114343881607
1781072408.0756989,688313,0.005662314128130674
1781072410.004981,689076,0.032665498554706573
1781072411.288237,689596,0.008977264165878296
1781072413.2457907,690397,0.01990332640707493
1781072414.1447387,690776,0.011394069530069828
1781072414.4950507,690928,0.019942596554756165
1781072414.0823135,691128,0.010319609194993973
1781072414.9047046,691487,0.016470259055495262
1781072415.805368,691888,0.009600892663002014
1781072416.778352,692316,0.022487053647637367
1781072418.080913,692867,0.011331116780638695
1781072419.4628315,693465,0.01839839294552803
1781072420.7346194,693998,0.014951294288039207
1781072421.9244936,694506,0.020570974797010422
1781072422.5682204,694761,0.012451592832803726
1781072423.5512884,695156,0.06801707297563553
1781072424.3036222,695445,0.05956774204969406
1781072425.581344,695955,0.007520505227148533
1781072427.5094843,696729,0.02263953536748886
1781072428.4428148,697111,0.030137237161397934
1781072429.775526,697690,0.009297533892095089
1781072430.369865,697934,0.011173241771757603
1781072431.539372,698407,0.006742964498698711
1781072432.099048,698624,0.015475400723516941
1781072433.9357338,699380,0.017938347533345222
1781072435.0384486,699828,0.01464010588824749
1781072440.2494097,700000,0.023212052881717682
1781072441.6097665,700450,0.010068366304039955
1781072442.5770078,700775,0.006984199397265911
1781072443.5104425,701097,0.012751387432217598
1781072444.9960446,701697,0.018015701323747635
1781072445.3569748,701846,0.00791691429913044
1781072446.3581195,702293,0.02980342134833336
1781072446.4134262,702696,0.015578721649944782
1781072447.658309,703230,0.049430642277002335
1781072450.1720695,704327,0.07604129612445831
1781072451.635357,704904,0.0983189195394516
1781072453.1811266,705514,0.015555948950350285
1781072454.3836083,705982,0.018313489854335785
1781072455.70938,706499,0.008272504433989525
1781072457.0643675,707030,0.018460197374224663
1781072457.973846,707389,0.027415713295340538
1781072459.025504,707838,0.031302113085985184
1781072460.190184,708316,0.029226921498775482
1781072461.8035672,709015,0.023027172312140465
1781072462.6583304,709378,0.07778412103652954
1781072464.7282882,710263,0.037407852709293365
1781072466.1413093,710834,0.021952815353870392
1781072467.5348983,711399,0.0068956599570810795
1781072469.2855191,712092,0.12303745746612549
1781072470.9594529,712731,0.019588589668273926
1781072472.6006887,713376,0.02923346683382988
1781072473.9519734,713951,0.11263680458068848
1781072474.9633791,714403,0.04336591809988022
1781072476.1465456,714903,0.020575789734721184
1781072477.9174802,715669,0.005436806008219719
1781072480.02746,716947,0.03900943696498871
1781072481.7012367,717587,0.012339688837528229
1781072483.2637887,718209,0.04874122887849808
1781072485.7938323,719195,0.015238331630825996
1781072487.7597299,719989,0.010742565616965294
1781072489.2884762,720650,0.024249326437711716
1781072490.3906565,721121,0.055845458060503006
1781072490.9043586,721337,0.011058174073696136
1781072491.874406,721749,0.02888421341776848
1781072493.9034777,722633,0.013607246801257133
1781072495.4204245,723492,0.15237557888031006
1781072496.090348,723881,0.010289303958415985
1781072496.8137846,724294,0.013850277289748192
1781072497.4052851,724638,0.007682458031922579
1781072501.6750793,725000,0.08639833331108093
1781072502.0695698,725177,0.025071073323488235
1781072503.302233,725901,0.02300257980823517
1781072504.1736197,726419,0.03032192960381508
1781072505.4728522,727163,0.02680858224630356
1781072506.3854785,727681,0.02073589712381363
1781072507.6777933,728436,0.04041075333952904
1781072509.065574,729225,0.0104728564620018
1781072509.5529726,729991,0.04314886033535004
1781072510.3518815,730444,0.029027380049228668
1781072511.2218728,730940,0.005464149639010429
1781072512.2268324,731512,0.02221982553601265
1781072513.1317365,732033,0.01846557855606079
1781072513.8899074,732474,0.014079853892326355
1781072515.2726016,733285,0.06019693613052368
1781072516.742152,734143,0.06264714896678925
1781072518.0314963,734896,0.005128157325088978
1781072519.4072506,735679,0.057992611080408096
1781072520.401982,736187,0.024016644805669785
1781072521.2148921,736640,0.07488439232110977
1781072521.4876537,736779,0.014794699847698212
1781072522.572553,737357,0.007053829729557037
1781072524.1575837,738206,0.09384870529174805
1781072524.8742647,738609,0.015591270290315151
1781072526.5520513,739534,0.010499102994799614
1781072527.650385,740123,0.03439091891050339
1781072528.780893,740744,0.010313143953680992
1781072529.640288,741211,0.009034862741827965
1781072531.0166717,741996,0.004963486921042204
1781072531.606008,742323,0.035171136260032654
1781072532.2380338,742664,0.05545821040868759
1781072532.9431384,743041,0.01205777283757925
1781072535.065754,744160,0.014263112097978592
1781072536.412373,744908,0.051861219108104706
1781072537.7114074,745591,0.01653246581554413
1781072538.8021383,746184,0.012168430723249912
1781072539.9134655,746752,0.01717400550842285
1781072540.7131197,747167,0.0075984010472893715
1781072540.9247854,747701,0.05147315561771393
1781072541.612681,748041,0.07734702527523041
1781072542.5426567,748487,0.011448405683040619
1781072543.5433128,748986,0.005126108415424824
1781072545.1203544,749803,0.017950529232621193
1781072550.2732918,750000,0.007792162708938122
1781072550.7491677,750157,0.01318986527621746
1781072551.4348216,750483,0.07367300987243652
1781072553.0294638,751319,0.004794600419700146
1781072553.4456964,751545,0.007504108361899853
1781072554.8363435,752275,0.05401923507452011
1781072556.1230052,752979,0.03671206906437874
1781072556.965469,753428,0.006157307885587215
1781072558.4135723,754185,0.02581072598695755
1781072559.9647863,754962,0.0066819521598517895
1781072560.7689905,755356,0.009244667366147041
1781072562.2936568,756122,0.006263609044253826
1781072564.5192254,757214,0.02959316596388817
1781072566.0192237,757912,0.008984312415122986
1781072567.2028785,758492,0.030972087755799294
1781072568.7538693,759215,0.0152969341725111
1781072569.4346492,759506,0.008472274988889694
1781072571.3455286,760436,0.025899076834321022
1781072572.2918801,760921,0.031604643911123276
1781072573.016183,761768,0.012218659743666649
1781072573.9725058,762263,0.019165633246302605
1781072576.405383,763498,0.02416265197098255
1781072577.2175293,763901,0.014664546586573124
1781072579.1024907,764845,0.014194810763001442
1781072580.1518116,765412,0.00930340588092804
1781072580.965461,765839,0.010620199143886566
1781072582.0793674,766368,0.01597614213824272
1781072583.5622222,767110,0.007302839308977127
1781072584.8441124,767726,0.013438313268125057
1781072586.8866858,768722,0.03731450438499451
1781072588.4516256,769453,0.01604575850069523
1781072590.012406,770206,0.12513941526412964
1781072591.1694732,770799,0.009002852253615856
1781072593.1565266,771853,0.11659757792949677
1781072594.3724136,772463,0.009841200895607471
1781072595.0017924,772793,0.007543361280113459
1781072596.0316756,773335,0.0063998824916779995
1781072597.2606132,773987,0.01141453254967928
1781072598.150179,774425,0.008555145934224129
1781072603.7514017,775000,0.05175890028476715
1781072604.5430045,775792,0.017482664436101913
1781072605.9195604,776499,0.04192538931965828
1781072607.0760183,777087,0.053118955343961716
1781072609.19625,778059,0.010975409299135208
1781072610.9415348,778906,0.027965471148490906
1781072612.018403,779463,0.08542504906654358
1781072613.51872,780221,0.010866781696677208
1781072614.938805,780951,0.08722027391195297
1781072615.7996838,781385,0.012860624119639397
1781072617.0619388,782018,0.013289311900734901
1781072618.2600021,782627,0.1575130820274353
1781072619.6273751,783319,0.020740602165460587
1781072620.7578995,783877,0.025446860119700432
1781072621.788859,784410,0.1365138292312622
1781072623.5536273,785285,0.016284888610243797
1781072624.5667825,785794,0.021314334124326706
1781072626.155189,786559,0.03593603894114494
1781072626.9930875,786972,0.01612008921802044
1781072628.413605,787629,0.01332470029592514
1781072630.1696951,788487,0.024747857823967934
1781072631.5609534,789187,0.04019313305616379
1781072632.188326,789503,0.009965209290385246
1781072633.6157594,790255,0.008063540793955326
1781072634.5435402,790718,0.025817522779107094
1781072635.953611,791430,0.009940143674612045
1781072636.7547255,792288,0.009866617619991302
1781072639.0691526,793469,0.0168566033244133
1781072640.8943138,794383,0.04222356528043747
1781072642.0306346,794942,0.004198231268674135
1781072643.344967,795581,0.005649697035551071
1781072645.3108091,796533,0.02116977423429489
1781072647.3097343,797511,0.03172755613923073
1781072648.2844148,797978,0.00669250451028347
1781072650.4307063,799061,0.015290861949324608
1781072651.4704096,799595,0.04628812149167061
1781072658.4801276,800000,0.020094268023967743
1781072659.4036844,800421,0.006869478151202202
1781072660.9942427,801202,0.009477673098444939
1781072662.7295358,802088,0.01429433561861515
1781072663.9296465,802666,0.01536906510591507
1781072665.3131433,803332,0.010284939780831337
1781072667.846831,804538,0.024517487734556198
1781072667.1784065,804628,0.08570834994316101
1781072668.5267138,805307,0.005792413838207722
1781072669.990594,806042,0.05456127971410751
1781072671.6756992,806915,0.016710598021745682
1781072672.6804128,807423,0.009195942431688309
1781072674.3235824,808276,0.011204643175005913
1781072676.2904465,809279,0.006202179938554764
1781072677.2207835,809732,0.010546696372330189
1781072679.360886,810816,0.021380921825766563
1781072681.3334482,811822,0.009331298992037773
1781072681.7568643,812025,0.05307234078645706
1781072683.746554,813025,0.021179109811782837
1781072685.2411625,813781,0.023539500311017036
1781072686.8990054,814595,0.020975874736905098
1781072689.9499426,816090,0.01761956326663494
1781072691.581112,816910,0.01272406242787838
1781072693.8011932,818036,0.025926727801561356
1781072695.7522974,819046,0.014711344614624977
1781072696.9705617,819680,0.009923040866851807
1781072699.0143118,820705,0.006399292964488268
1781072699.598635,821456,0.05421741306781769
1781072700.7781112,822075,0.036113377660512924
1781072702.2984927,822842,0.02681271918118
1781072703.9089262,823624,0.007546588312834501
1781072705.0860038,824188,0.009267130866646767
1781072705.7146075,824502,0.009782117791473866
1781072712.1739202,825000,0.012794382870197296
1781072712.9421248,825372,0.014379780739545822
1781072715.663357,826760,0.014728467911481857
1781072716.2762494,827058,0.08674946427345276
1781072717.850269,827831,0.00842314213514328
1781072718.8154905,828319,0.00691575650125742
1781072720.4089048,829131,0.01960904709994793
1781072721.691003,829772,0.005933089647442102
1781072722.4711695,830140,0.004964926280081272
1781072724.066574,830923,0.06566464155912399
1781072725.8162277,831683,0.08405353128910065
1781072728.397052,832761,0.12134408205747604
1781072730.9609509,833722,0.009517824277281761
1781072732.403026,834580,0.005884045269340277
1781072734.1379395,835222,0.013220150955021381
1781072736.273502,836029,0.007267272099852562
1781072737.930406,836725,0.00681453850120306
1781072739.6956155,837442,0.017578518018126488
1781072743.903019,839170,0.09005808085203171
1781072747.7724504,840638,0.02402566745877266
1781072749.7981644,841391,0.004935375414788723
1781072751.9485502,842177,0.007904743775725365
1781072754.1118042,843070,0.01841847039759159
1781072755.2117448,843528,0.09651832282543182
1781072758.1894448,844758,0.03699832409620285
1781072761.1178365,845859,0.013718852773308754
1781072764.2770734,847378,0.010018272325396538
1781072766.762944,848335,0.03830351680517197
1781072768.9225755,849242,0.012284885160624981
1781072780.0112026,850000,0.07961942255496979
1781072780.159107,850028,0.013269827701151371
1781072782.451634,850969,0.010786572471261024
1781072785.027415,852054,0.012448936700820923
1781072786.6181946,852720,0.12026317417621613
1781072789.2241273,853748,0.010101192630827427
1781072791.206389,854511,0.10420925915241241
1781072794.078523,855573,0.031030071899294853
1781072795.6780474,856536,0.02719562128186226
1781072797.877776,857458,0.014033868908882141
1781072800.9372644,858582,0.005509888753294945
1781072802.414736,859118,0.022417234256863594
1781072804.971797,860041,0.021137237548828125
1781072807.1178703,860890,0.015615388751029968
1781072811.0420206,862343,0.04459980130195618
1781072812.5881248,862916,0.013339814729988575
1781072814.2541144,863511,0.022288836538791656
1781072817.1691723,864534,0.034043386578559875
1781072820.7241385,865866,0.01352141797542572
1781072822.3085659,866467,0.1577240228652954
1781072825.3928747,867629,0.04136982560157776
1781072827.2423081,868651,0.012867098674178123
1781072829.461665,869555,0.013289841823279858
1781072833.0439575,870911,0.04131236672401428
1781072834.8779626,871585,0.004246989730745554
1781072837.708683,872644,0.042466484010219574
1781072839.888666,873541,0.020382389426231384
1781072841.4854953,874202,0.013669602572917938
1781072853.2223961,875000,0.06403195112943649
1781072853.5721521,875104,0.015115534886717796
1781072855.0487328,875713,0.03803008049726486
1781072856.8519905,876832,0.014321909286081791
1781072860.015784,878080,0.030747082084417343
1781072862.2080119,878876,0.006990279536694288
1781072864.9128215,879897,0.08981258422136307
1781072866.9406114,880723,0.014513685368001461
1781072870.223588,882046,0.01772904396057129
1781072871.2856398,882474,0.07510705292224884
1781072872.8716955,883122,0.013990608975291252
1781072875.1935046,884015,0.031786106526851654
1781072877.4448102,884840,0.022509219124913216
1781072882.1338346,886534,0.0054784780368208885
1781072884.4210436,887428,0.007399399299174547
1781072886.4344606,888255,0.005937177687883377
1781072888.857184,889235,0.00736231217160821
1781072890.4702072,890099,0.01023843139410019
1781072892.3381596,890774,0.01406833529472351
1781072894.3003461,891492,0.011362491175532341
1781072896.160473,892168,0.014767245389521122
1781072899.3983927,893503,0.01755262352526188
1781072903.0086591,894958,0.05387519299983978
1781072905.4484634,895864,0.00778610073029995
1781072907.280806,896545,0.08468864113092422
1781072908.9875398,897164,0.014650666154921055
1781072910.3505661,897654,0.0033570206724107265
1781072913.6248312,898962,0.00470011867582798
1781072914.9006374,899470,0.029059970751404762
1781072924.7886293,900000,0.034126684069633484
1781072926.845684,900838,0.12440892308950424
1781072928.281683,901422,0.0067893569357693195
1781072929.7309258,901997,0.00831644982099533
1781072931.5023007,902707,0.00328315538354218
1781072933.6190965,903478,0.02186843566596508
1781072935.545245,904172,0.021439917385578156
1781072938.928769,905372,0.01456640474498272
1781072941.4278324,906333,0.09893050789833069
1781072943.3151731,907081,0.011928172782063484
1781072946.1019804,908173,0.004385850392282009
1781072948.8817725,909211,0.012309001758694649
1781072951.6421402,910192,0.037151142954826355
1781072953.5739188,911219,0.008165257051587105
1781072957.195969,912676,0.03596371039748192
1781072959.7032878,913642,0.02888573333621025
1781072961.1910467,914195,0.048055779188871384
1781072964.5536573,915448,0.0224292054772377
1781072966.538041,916167,0.01010020449757576
1781072969.4454558,917232,0.04693633317947388
1781072973.5028925,918707,0.04247208312153816
1781072974.5456455,919095,0.015346350148320198
1781072977.2304592,920073,0.006140813231468201
1781072980.2518497,921197,0.013631004840135574
1781072983.385046,922370,0.037013471126556396
1781072986.5574026,923840,0.013482470996677876
1781072988.034119,924361,0.016579601913690567
1781072989.5433817,924913,0.00870420876890421
1781073000.9717345,925000,0.011617351323366165
1781073002.8321714,925618,0.008116585202515125
1781073006.0209844,926827,0.011570550501346588
1781073007.658098,927426,0.00858128909021616
1781073011.8634658,928981,0.0073059857822954655
1781073013.429799,929559,0.006063262932002544
1781073015.1404076,930503,0.011249749921262264
1781073018.9681199,931893,0.028073806315660477
1781073020.6315532,932501,0.06928707659244537
1781073023.3351252,933447,0.021506406366825104
1781073027.0456367,934767,0.14989863336086273
1781073030.3723905,936006,0.015918321907520294
1781073033.2003293,937023,0.021595455706119537
1781073036.219998,938118,0.04743676632642746
1781073038.282918,938872,0.015952982008457184
1781073042.498316,940368,0.01495068334043026
1781073046.6059842,941881,0.020081812515854836
1781073048.8202422,942982,0.01205052062869072
1781073050.8970873,943764,0.005244757514446974
1781073052.8239431,944454,0.006352000869810581
1781073055.839923,945531,0.02712257206439972
1781073058.4480999,946434,0.01959765888750553
1781073061.5055115,947516,0.020239589735865593
1781073064.1681347,948475,0.01444496400654316
1781073068.0128458,949832,0.02489800564944744
1781073080.3257518,950000,0.014940002001821995
1781073081.635491,950485,0.01118873804807663
1781073084.696391,951720,0.03441312909126282
1781073086.1657808,952305,0.0667361319065094
1781073088.9878485,953458,0.016688484698534012
1781073091.1605573,954350,0.0086075309664011
1781073093.219285,955169,0.008825322613120079
1781073096.28646,956381,0.038685571402311325
1781073099.1116037,957521,0.007236546836793423
1781073100.8119237,958209,0.0061387065798044205
1781073104.1978905,959562,0.014456006698310375
1781073106.9681215,960669,0.012717965990304947
1781073110.1024358,961956,0.10914929211139679
1781073111.748877,962952,0.03412525728344917
1781073113.9618907,963841,0.005305974744260311
1781073118.2917116,965613,0.007069864310324192
1781073120.8112838,966622,0.0067487359046936035
1781073123.824336,967826,0.021160470321774483
1781073127.1097534,969162,0.01581534743309021
1781073130.537286,970514,0.0892576277256012
1781073133.6727376,971617,0.017417175695300102
1781073136.1562665,972501,0.015342227183282375
1781073139.43078,973655,0.026653911918401718
1781073140.8796012,974166,0.0040221973322331905
1781073141.9013941,974847,0.0032667224295437336
1781073154.8943288,975000,0.027539152652025223
1781073160.4028122,976955,0.06035127490758896
1781073162.0014546,977525,0.014089671894907951
1781073165.2637208,978659,0.05604146793484688
1781073168.9931638,979950,0.013540215790271759
1781073170.8110957,980658,0.03550323471426964
1781073175.2359376,982600,0.04790111258625984
1781073176.869192,983165,0.023348331451416016
1781073180.5449293,984553,0.01414136216044426
1781073182.7545044,985439,0.026465799659490585
1781073184.9673913,986324,0.038121141493320465
1781073188.6070175,987675,0.056430231779813766
1781073190.6026843,988379,0.006955679506063461
1781073193.9995263,989605,0.05588248744606972
1781073196.383608,990531,0.008860078640282154
1781073199.4921856,991762,0.006203554570674896
1781073203.0002315,993078,0.036508068442344666
1781073204.3149421,993556,0.015840277075767517
1781073207.8142853,995109,0.007379118353128433
1781073210.5753236,996202,0.02263360470533371
1781073213.634335,997433,0.014283346943557262
1781073217.3100193,998799,0.042972829192876816
1781073219.8724055,999708,0.007408807519823313
1781073233.5287397,1000000,0.011050285771489143
1781073235.1647077,1000582,0.006042781285941601
1781073236.5861387,1001400,0.020584451034665108
1781073239.2872193,1002470,0.14798876643180847
1781073241.3010051,1003249,0.013814568519592285
1781073244.5252495,1004505,0.01138318795710802
1781073246.730495,1005266,0.01548781432211399
1781073249.7609763,1006350,0.005103128030896187
1781073252.06645,1007180,0.010927094146609306
1781073254.168067,1008018,0.20668423175811768
1781073256.6550264,1008989,0.012037888169288635
1781073259.5430791,1010086,0.019321653991937637
1781073262.239284,1011021,0.11766719818115234
1781073266.2025151,1012384,0.029780354350805283
1781073268.0943673,1013077,0.020616525784134865
1781073269.619114,1014005,0.006230315193533897
1781073272.543771,1015144,0.02596100978553295
1781073274.8573303,1015981,0.02214203029870987
1781073277.8769498,1017048,0.013488435186445713
1781073281.0805578,1018170,0.006021047476679087
1781073283.6749442,1019189,0.05423108488321304
1781073287.3351247,1020638,0.026416700333356857
1781073290.2572849,1021668,0.016376052051782608
1781073293.208476,1022688,0.03618063032627106
1781073294.5818582,1023154,0.006567043252289295
1781073297.777282,1024342,0.006414685398340225
1781073311.1380413,1025000,0.013978421688079834
1781073312.436993,1025465,0.021412478759884834
1781073315.474042,1026641,0.041905589401721954
1781073318.5262277,1027771,0.0038765158969908953
1781073322.8744643,1029298,0.048276543617248535
1781073324.2407353,1029760,0.004356816411018372
1781073325.9287684,1030344,0.03240196406841278
1781073327.1432946,1030816,0.007344174198806286
1781073330.5841122,1032129,0.006178694311529398
1781073331.2044456,1032721,0.04390902817249298
1781073333.975202,1033697,0.008881120011210442
1781073336.7427723,1034652,0.008839001879096031
1781073339.5398278,1035625,0.009098736569285393
1781073341.4443564,1036377,0.00734881404787302
1781073344.810337,1037709,0.006860195659101009
1781073345.6080077,1038028,0.003539161989465356
1781073348.6558537,1039141,0.0069533465430140495
1781073350.8177366,1039883,0.019838105887174606
1781073354.4466324,1041157,0.004291522782295942
1781073358.782804,1042876,0.006782548502087593
1781073361.1760192,1043807,0.018372604623436928
1781073364.1272871,1045202,0.008267899043858051
1781073368.1464045,1046629,0.09449835121631622
1781073370.8518631,1047656,0.017296399921178818
1781073372.7626698,1048404,0.008521707728505135
1781073375.5426316,1049489,0.023113097995519638
1781073389.4341168,1050000,0.05603653937578201
1781073391.6405084,1050785,0.12259425967931747
1781073394.7207725,1052173,0.010234780609607697
1781073398.0871565,1053350,0.017316048964858055
1781073401.304358,1054612,0.009861260652542114
1781073403.0194933,1055297,0.00637520058080554
1781073406.2280545,1056509,0.054249271750450134
1781073408.553458,1057338,0.005936150439083576
1781073410.0948231,1057866,0.007960659451782703
1781073413.0169322,1058890,0.019304119050502777
1781073416.1350052,1060120,0.0050146556459367275
1781073418.5845506,1061075,0.007164022885262966
1781073422.5292008,1062511,0.017555901780724525
1781073426.463747,1063862,0.008603385649621487
1781073428.3935134,1064867,0.0074510518461465836
1781073432.1361618,1066164,0.031579263508319855
1781073436.2896,1067566,0.054947949945926666
1781073439.865214,1068795,0.013163884170353413
1781073442.683802,1069771,0.01869329996407032
1781073444.6058247,1070437,0.008612137287855148
1781073446.9552326,1071276,0.05963195487856865
1781073451.0135725,1072726,0.005718621890991926
1781073453.7318897,1073683,0.13476358354091644
1781073467.7739186,1075000,0.009533580392599106
1781073467.8939908,1075029,0.021999303251504898
1781073473.409061,1076914,0.01391654834151268
1781073474.8324585,1077422,0.007060339208692312
1781073478.541719,1078735,0.017596952617168427
1781073481.0168726,1079575,0.007603425532579422
1781073484.7581515,1080883,0.03645671159029007
1781073487.7574723,1081931,0.022700568661093712
1781073489.4996243,1082517,0.041551679372787476
1781073491.322489,1083438,0.00591357983648777
1781073496.8761046,1085365,0.019063344225287437
1781073499.6801517,1086307,0.00836910866200924
1781073501.8769917,1087073,0.011093934997916222
1781073505.7420664,1088409,0.023678740486502647
1781073508.0892751,1089238,0.08600199222564697
1781073511.8139548,1090537,0.01737282983958721
1781073513.9835505,1091297,0.01666906662285328
1781073517.257612,1092433,0.06355053931474686
1781073519.5611088,1093254,0.09432857483625412
1781073523.3758295,1094912,0.15033429861068726
1781073526.7303522,1096095,0.0148019939661026
1781073529.57585,1097075,0.06573761254549026
1781073533.6510189,1098478,0.01517459750175476
1781073534.826459,1098894,0.01628487929701805
1781073553.0432127,1100000,0.007368942257016897
1781073554.4728582,1100452,0.005023106001317501
1781073556.7958484,1101279,0.02757716178894043
1781073561.5742867,1102929,0.01429104432463646
1781073565.0539072,1104122,0.10562816262245178
1781073567.7742562,1105066,0.011728000827133656
1781073571.8519526,1106493,0.007657994981855154
1781073577.0121486,1108290,0.054856911301612854
1781073580.7914815,1109596,0.05200202390551567
1781073582.0856016,1110048,0.020916802808642387
1781073585.4729042,1111522,0.033438846468925476
1781073589.0602753,1112787,0.008451834321022034
1781073591.5099785,1113591,0.07575845718383789
1781073594.0927844,1114672,0.01132975798100233
1781073597.0828865,1115893,0.2572234869003296
1781073599.283603,1116854,0.09945455193519592
1781073603.053011,1118244,0.28770822286605835
1781073605.7160997,1119457,0.009974189102649689
1781073607.820657,1120473,0.010765518993139267
1781073610.6476057,1121584,0.03426296263933182
1781073614.3508797,1122970,0.014393669553101063
1781073616.0657852,1124067,0.025827767327427864
1781073617.8887537,1124828,0.10972558706998825
1781073628.762893,1125000,0.5140367746353149
1781073630.7072773,1125865,0.16013576090335846
1781073633.0083933,1126977,0.018787141889333725
1781073634.7029638,1127795,0.05825255438685417
1781073636.2989135,1128598,0.044299934059381485
1781073639.6039243,1129990,0.005005135200917721
1781073643.4993267,1131335,0.023651212453842163
1781073646.1209254,1132387,0.023741982877254486
1781073648.1274662,1133785,0.020347923040390015
1781073650.543156,1134947,1.076263666152954
1781073653.426549,1136235,0.0104476697742939
1781073655.626766,1137030,0.1910179704427719
1781073659.1467443,1138249,0.005264558829367161
1781073662.0808609,1139230,0.06753285974264145
1781073664.7138689,1140183,0.006831351667642593
1781073668.1598365,1141406,0.02614455670118332
1781073669.729206,1141950,0.007242531981319189
1781073674.8547857,1143730,0.009192528203129768
1781073676.4274142,1144309,0.00832275114953518
1781073679.5599735,1145407,0.027473807334899902
1781073682.0993035,1146599,0.05120469629764557
1781073686.8580875,1148257,0.016125977039337158
1781073689.347399,1149102,0.03069969452917576
1781073701.333595,1150000,0.024529024958610535
1781073702.0316508,1150231,0.08906331658363342
1781073706.2790012,1151707,0.12724895775318146
1781073708.5967364,1152523,0.022880250588059425
1781073713.4006572,1154481,0.2674807906150818
1781073716.8105311,1155659,0.01668238267302513
1781073719.384584,1156561,0.021547172218561172
1781073723.4194615,1157993,0.8897249698638916
1781073725.7434766,1158795,0.03257405012845993
1781073728.6961305,1159822,0.0074904076755046844
1781073731.9605262,1160921,0.16846853494644165
1781073734.6389277,1161825,0.08611255884170532
1781073737.78749,1162905,0.0241922065615654
1781073739.8224416,1163625,0.32311078906059265
1781073742.9298997,1164703,0.017468323931097984
1781073743.898153,1165335,0.1467227339744568
1781073746.3029783,1166176,0.12224183231592178
1781073749.3530493,1167258,0.015222040936350822
1781073753.1612813,1168560,0.057834234088659286
1781073755.9191656,1169499,0.08725149929523468
1781073759.082563,1170596,0.006586268078535795
1781073761.630318,1171452,0.07920350879430771
1781073765.4195495,1172729,0.011014360003173351
1781073768.9388406,1173951,0.010817637667059898
1781073771.4651344,1174813,0.2026304006576538
1781073784.5069585,1175000,0.150295227766037
1781073788.4425385,1176383,0.00907413475215435
1781073790.0899632,1176947,0.008932419121265411
1781073792.1815393,1177692,0.012649157084524632
1781073794.7828496,1178608,0.19361577928066254
1781073797.898359,1179697,0.372719943523407
1781073801.3182642,1180919,0.23986580967903137
1781073803.1996717,1181627,0.01126057468354702
1781073805.7382886,1182636,0.19268076121807098
1781073807.2234783,1183559,0.016415707767009735
1781073810.4073706,1184820,0.044120557606220245
1781073814.0936353,1186262,0.2334677278995514
1781073814.9616263,1186600,0.02808704599738121
1781073816.1095145,1187068,0.007754276506602764
1781073819.6088014,1188419,0.00592260155826807
1781073820.681708,1188850,0.05941891670227051
1781073823.5217795,1189960,0.06342218071222305
1781073826.6064792,1191196,0.01654002070426941
1781073830.3778222,1192666,0.1302647739648819
1781073832.5853236,1193516,0.0628640279173851
1781073836.0777159,1194901,0.018218569457530975
1781073837.4086463,1195417,0.005650047212839127
1781073838.8175275,1196311,0.013975628651678562
1781073842.0441713,1197581,0.022205442190170288
1781073843.9919848,1198331,0.041548315435647964
1781073845.298851,1198845,0.1185644343495369
1781073857.8155508,1200000,0.013532793149352074
1781073857.8993235,1200029,0.03185499832034111
1781073860.4846938,1201031,0.02707740105688572
1781073862.6493707,1201874,0.05573035404086113
1781073866.0445151,1203198,0.07747180759906769
1781073869.0506954,1204384,0.1120816022157669
1781073869.2647767,1204818,0.04508025199174881
1781073872.802638,1206188,0.17479729652404785
1781073876.100185,1207460,0.053257137537002563
1781073879.2973013,1208709,0.018229007720947266
1781073882.3609436,1209907,0.20528000593185425
1781073885.3289127,1211052,0.0071507589891552925
1781073886.7360055,1211612,0.05890193581581116
1781073890.3849301,1213068,0.008915213868021965
1781073893.5556693,1214319,0.04535607993602753
1781073894.6047685,1214726,0.06791849434375763
1781073896.1577668,1215329,0.3654871881008148
1781073898.6069143,1216312,0.472273051738739
1781073901.181678,1217686,0.04619115591049194
1781073904.285261,1218913,0.09115298837423325
1781073908.0064695,1220412,0.020926184952259064
1781073909.7118676,1221082,0.01520518772304058
1781073912.4232428,1222152,0.012565798126161098
1781073915.3439937,1223301,0.012728940695524216
1781073919.3928928,1224907,0.01377137191593647
1781073930.9626687,1225000,0.005696762353181839
1781073932.3225052,1225872,0.02484985999763012
1781073936.8757355,1227662,0.0049321455880999565
1781073938.5901875,1228335,0.027117375284433365
1781073941.976355,1229667,0.9169120788574219
1781073944.621098,1230719,0.004515459761023521
1781073947.403967,1231836,0.019085165113210678
1781073950.8613908,1233186,0.018783051520586014
1781073952.5250952,1233839,0.2200188934803009
1781073955.445014,1235002,0.018010694533586502
1781073957.0373144,1235623,0.034637268632650375
1781073959.9827223,1236701,0.08684246242046356
1781073962.2226462,1237489,0.08859802037477493
1781073965.1027045,1238811,0.13461558520793915
1781073968.676037,1240035,0.034106116741895676
1781073972.7871156,1241445,0.02639884501695633
1781073975.157619,1242237,0.013278532773256302
1781073980.736078,1244158,0.010754749178886414
1781073982.8619392,1244887,0.02650202438235283
1781073986.7727911,1246239,0.07031268626451492
1781073990.2277887,1247502,0.00582957873120904
1781073991.7435708,1248104,0.009314616210758686
1781073994.05828,1249005,0.006868827156722546
1781073996.1339753,1249823,0.010189387947320938
1781074007.993519,1250000,0.013296614401042461
1781074009.2898543,1250499,0.074193075299263
1781074012.9980516,1251865,0.007607472129166126
1781074016.2342837,1253013,0.01634877175092697
1781074021.174112,1254868,0.00911866594105959
1781074021.4310617,1254960,0.34920671582221985
1781074024.5301356,1256187,0.323999285697937
1781074027.4932745,1257270,0.04232532158493996
1781074030.7752647,1258713,0.017265677452087402
1781074034.3992372,1260053,0.09735551476478577
1781074036.2307067,1260763,0.026784904301166534
1781074039.697882,1262067,0.086403988301754
1781074041.434066,1262679,0.019512640312314034
1781074045.6261547,1264152,0.04971916973590851
1781074050.0175605,1265848,0.08125554770231247
1781074051.4997468,1266439,0.008930906653404236
1781074054.8768454,1267712,0.014436040073633194
1781074058.2566812,1268909,0.012816798873245716
1781074058.6964366,1269365,0.2999415993690491
1781074061.683352,1270470,0.025903543457388878
1781074064.3517747,1271492,0.02125493995845318
1781074066.2690575,1272264,0.03587149456143379
1781074069.594016,1273485,0.028420498594641685
1781074087.0886643,1275000,0.1827780157327652
1781074087.4157643,1275103,0.01909237913787365
1781074089.6328182,1275901,0.0949033722281456
1781074092.6855009,1277392,0.5310941338539124
1781074096.1997397,1278778,0.016993872821331024
1781074101.329836,1280616,0.07874619960784912
1781074105.5434709,1282117,0.023789456114172935
1781074106.9321942,1282653,0.07249907404184341
1781074108.6078365,1283316,0.0254536010324955
1781074112.6776397,1284876,0.010032037273049355
1781074115.829955,1285938,0.4087981879711151
1781074118.3955784,1286825,0.015222710557281971
1781074122.0541227,1288195,0.008632013574242592
1781074124.800755,1289615,0.2385290563106537
1781074127.5498934,1290713,0.007472735829651356
1781074131.8653958,1292262,0.10150366276502609
1781074134.1410956,1293026,0.09431236237287521
1781074138.2241492,1294522,0.11009478569030762
1781074141.8221626,1295934,0.012543730437755585
1781074143.5486856,1296616,0.1044023185968399
1781074145.4390318,1297281,0.2830874025821686
1781074148.2963462,1298293,0.35269615054130554
1781074149.156209,1298638,0.032262615859508514
1781074163.7904587,1300000,0.023110678419470787
1781074163.866238,1300015,0.04621961712837219
1781074168.0109115,1301444,0.020678827539086342
1781074169.7642329,1302049,0.007878667674958706
1781074172.098737,1302937,0.012055547907948494
1781074175.7449372,1304388,0.09855635464191437
1781074178.588169,1305483,0.05137037858366966
1781074180.9087408,1306300,0.09983806312084198
1781074185.8689582,1308373,0.10859089344739914
1781074189.519076,1309800,0.17310649156570435
1781074191.9359107,1310725,0.04670562967658043
1781074194.6189878,1311687,0.07472901791334152
1781074197.7012873,1312801,0.16412262618541718
1781074200.1255956,1313672,0.013056594878435135
1781074203.2952585,1314906,0.007686371449381113
1781074205.2750494,1315647,0.027540523558855057
1781074209.1003842,1317107,0.058705657720565796
1781074213.6807327,1318692,0.01185504999011755
1781074214.3832889,1318920,0.2204209417104721
1781074217.5590088,1320470,0.004623640328645706
1781074218.924663,1320988,0.1041579619050026
1781074220.9510493,1321767,0.007600359618663788
1781074223.0412755,1322553,0.028114721179008484
1781074227.1248598,1323980,0.004703158512711525
1781074241.8356633,1325000,0.015795445069670677
1781074242.1856675,1325107,0.16841843724250793
1781074247.1504123,1326999,0.016970260068774223
1781074248.2634997,1327437,0.0036924555897712708
1781074250.7819433,1328727,0.929174542427063
1781074252.950102,1329461,0.02191340923309326
1781074257.029598,1330855,0.08610088378190994
1781074259.4175537,1331727,0.013564320281147957
1781074259.8170934,1331880,0.009976846165955067
1781074263.2212906,1333193,0.04149140790104866
1781074266.8109107,1334545,0.035439614206552505
1781074270.18009,1335692,0.013839767314493656
1781074271.5194285,1336178,0.009855786338448524
1781074273.7625973,1336977,0.05725959315896034
1781074278.1162198,1338707,0.04832658916711807
1781074281.1968074,1340171,0.04433859512209892
1781074284.8833845,1341427,0.023005450144410133
1781074288.1217794,1342562,0.08080907166004181
1781074289.338108,1343044,0.009580000303685665
1781074291.1373603,1343742,0.008572256192564964
1781074294.778726,1345182,0.2028096616268158
1781074296.486479,1345796,0.013239623978734016
1781074299.4504838,1346821,0.058063484728336334
1781074301.7002265,1347608,0.23859575390815735
1781074304.283464,1348585,0.012767372652888298
1781074306.606845,1349502,0.017392748966813087
1781074317.6417792,1350000,0.02687123417854309
1781074319.9119484,1350888,0.018994824960827827
1781074320.6774254,1351194,0.08355750143527985
1781074322.7992978,1352021,0.05994971841573715
1781074325.6047273,1353063,0.12555073201656342
1781074329.3600059,1354400,0.011177422478795052
1781074331.6635563,1355228,0.03417271003127098
1781074333.2412858,1355839,0.09901266545057297
1781074336.9474485,1357303,0.1294327825307846
1781074339.9673712,1358436,0.006039716303348541
1781074343.8167045,1359823,0.007120139896869659
1781074346.2822397,1361028,0.013206016272306442
1781074347.2416503,1361396,0.13942959904670715
1781074349.9771683,1362456,0.04091688618063927
1781074354.3441348,1364135,0.045564915984869
1781074358.3642018,1365554,0.03861291706562042
1781074360.8469305,1366433,0.03983432054519653
1781074364.3524828,1367797,0.04333111643791199
1781074366.247143,1368530,0.14398574829101562
1781074370.037781,1369897,0.03705493360757828
1781074372.5019429,1370718,0.07188516855239868
1781074374.7518704,1371764,0.01160399615764618
1781074376.6317818,1372483,0.03520749509334564
1781074379.5330296,1373608,0.02585315704345703
1781074381.4184625,1374327,0.01792498305439949
1781074394.7060556,1375000,0.09318828582763672
1781074396.6429412,1375713,0.028584113344550133
1781074399.0990343,1376581,0.2507443428039551
1781074401.1540723,1377309,0.06314079463481903
1781074404.7298608,1378546,0.006339968182146549
1781074408.3195484,1380112,0.022754011675715446
1781074410.7809515,1380973,0.14240814745426178
1781074414.0833201,1382164,0.038082968443632126
1781074416.050097,1382852,0.014391010627150536
1781074420.2977686,1384037,0.031361520290374756
1781074422.5366597,1384923,0.02471242845058441
1781074424.557834,1385857,0.07902994751930237
1781074425.298419,1386191,0.006011702120304108
1781074428.5974088,1387712,0.10149458050727844
1781074429.5542116,1388154,0.005219804123044014
1781074431.8940728,1389174,1.2221384048461914
1781074435.2896652,1390686,0.1336396336555481
1781074436.9630332,1391436,0.008091980591416359
1781074439.0339193,1392768,0.1537562906742096
1781074441.292704,1393876,0.02010413259267807
1781074443.2517574,1394823,0.008654428645968437
1781074446.5085306,1396084,0.01255065482109785
1781074448.7591462,1397063,0.02219245955348015
1781074452.0423734,1398719,0.12026926130056381
1781074452.712672,1399057,0.010870425030589104
1781074466.6912105,1400000,0.24989332258701324
1781074467.7497027,1400385,0.01418888196349144
1781074469.856434,1401576,0.09427407383918762
1781074474.2066119,1403117,0.12987641990184784
1781074476.7366776,1404002,0.09938821196556091
1781074479.0410655,1404851,0.09213569760322571
1781074481.729537,1405898,0.0073180170729756355
1781074485.42961,1407347,0.03601488098502159
1781074488.0104427,1408276,0.02596249431371689
1781074493.138219,1410063,0.02976488694548607
1781074494.971945,1410774,0.028135020285844803
1781074498.2950146,1412068,0.059362176805734634
1781074501.0200572,1413099,0.09740544855594635
1781074503.640099,1414274,0.051510535180568695
1781074507.5290315,1415598,0.10522717982530594
1781074509.8016574,1416474,0.01785089075565338
1781074514.1322134,1418137,0.1036628857254982
1781074517.284288,1419257,0.12974591553211212
1781074520.0205562,1420205,0.009487243369221687
1781074522.83755,1421190,0.14454053342342377
1781074526.3027709,1422543,0.01759626902639866
1781074529.723659,1423864,0.005775836296379566
1781074543.9055114,1425000,0.03307566046714783
1781074544.355325,1425116,0.018234511837363243
1781074546.0434608,1425686,0.04257583245635033
1781074549.6618042,1426935,0.019852273166179657
1781074551.850235,1427705,0.12969174981117249
1781074554.9007905,1428878,0.1259184628725052
1781074558.5057864,1430309,0.04223120957612991
1781074562.6926312,1431730,0.11619660258293152
1781074563.5543694,1431997,0.09971766918897629
1781074566.3953948,1433318,0.02928730845451355
1781074569.1890764,1434388,0.025808634236454964
1781074572.258794,1435582,0.012271948158740997
1781074575.5370827,1436731,0.04246821999549866
1781074578.9806688,1437909,0.053328968584537506
1781074581.1124382,1438659,0.11524512618780136
1781074583.6192677,1439647,0.03423289209604263
1781074587.174155,1441016,0.03944264352321625
1781074589.4636953,1441912,0.050727490335702896
1781074591.4997606,1442702,0.015461288392543793
1781074594.444312,1443757,0.012211605906486511
1781074598.6331532,1445527,0.0659807026386261
1781074601.4166222,1446616,0.005925375036895275
1781074605.5198138,1448236,0.034946415573358536
1781074606.8365529,1448735,0.13914906978607178
1781074621.8664212,1450000,0.012382756918668747
1781074623.1272416,1450421,0.15448732674121857
1781074627.5328972,1451967,0.021406499668955803
1781074629.5387647,1452965,0.362439900636673
1781074634.6874862,1454784,0.028420526534318924
1781074637.1145072,1455647,0.10440340638160706
1781074641.0321944,1457113,0.020188217982649803
1781074644.5940099,1458496,0.06138841062784195
1781074649.0536366,1460125,0.004121638368815184
1781074653.4583912,1461615,0.9363127946853638
1781074654.629009,1462024,0.009394391439855099
1781074656.7360444,1462843,0.060206618160009384
1781074659.6788743,1463997,0.08336825668811798
1781074661.0476127,1464853,0.0246457327157259
1781074665.9652169,1466675,0.007035214453935623
1781074667.7560253,1467522,0.02321089617908001
1781074669.154588,1468245,0.013996060006320477
1781074671.3957381,1469359,0.06995668262243271
1781074673.53054,1470405,0.011987369507551193
1781074675.8320136,1471544,0.12668277323246002
1781074676.830253,1472022,0.1085275262594223
1781074678.8620706,1473008,0.2214287519454956
1781074682.1801195,1474602,0.0869910791516304
1781074692.3250918,1475000,0.009048761799931526
1781074694.305639,1475994,0.004032584838569164
1781074696.393451,1477043,0.8840934038162231
1781074699.3459413,1478513,0.022524526342749596
1781074701.165381,1479449,0.0241503044962883
1781074703.1541674,1480479,0.02034216932952404
1781074705.4681642,1481678,0.07009922713041306
1781074707.1219044,1482540,0.03510741516947746
1781074709.0109284,1483477,0.017105236649513245
1781074711.1764505,1484376,0.14274081587791443
1781074714.5258176,1485551,0.026897460222244263
1781074716.8641753,1486382,0.036431193351745605
1781074720.129872,1487560,0.02426428534090519
1781074722.1462853,1488346,0.022044748067855835
1781074724.9017222,1489770,0.045188188552856445
1781074728.6229053,1491130,0.0335405170917511
1781074730.9853222,1491941,0.008392047137022018
1781074734.480897,1493211,0.023802051320672035
1781074737.5147686,1494389,0.010270103812217712
1781074738.1016955,1494610,0.018412500619888306
1781074740.1102536,1495376,0.0758456364274025
1781074744.3434248,1496901,0.013037978671491146
1781074747.1656609,1497830,0.020576056092977524
1781074750.7239327,1499110,0.010579208843410015
1781074763.7356231,1500000,0.013300545513629913
1781074763.8176863,1500003,0.031986869871616364
1781074767.6452506,1501463,0.07423087954521179
1781074770.1854346,1502419,0.010804466903209686
1781074773.0343757,1503377,0.012923058122396469
1781074775.9005077,1504356,0.016760528087615967
1781074779.252775,1505561,0.02641621045768261
1781074781.452697,1506411,0.1092849001288414
1781074784.1485102,1507444,0.034049030393362045
1781074786.1966577,1508527,0.08581377565860748
1781074789.2272851,1509541,0.08683594316244125
1781074790.728994,1510027,0.02143988385796547
1781074792.7417185,1510703,0.004012616351246834
1781074795.361365,1511716,0.09764989465475082
1781074797.5973704,1512572,0.0200194139033556
1781074801.914512,1514147,0.014846854843199253
1781074802.2174947,1514237,0.04919872432947159
1781074805.9142315,1515505,0.03853416442871094
1781074809.8534682,1516956,0.07044445723295212
1781074813.0410771,1518193,0.00938207097351551
1781074816.9765804,1519628,0.024114442989230156
1781074818.3477535,1520383,0.011832082644104958
1781074822.5329914,1521854,0.02468278631567955
1781074824.8609326,1522768,0.03393111377954483
1781074829.3289764,1524513,0.13122253119945526
1781074843.4676912,1525000,0.02054695412516594
1781074844.9493518,1525494,0.028497200459241867
1781074847.0394819,1526252,0.012310250662267208
1781074849.127566,1527273,0.16417178511619568
1781074853.3828163,1528897,0.012010609731078148
1781074857.101428,1530342,0.012762502767145634
1781074859.299627,1531119,0.02772594802081585
1781074862.872942,1532329,0.07291537523269653
1781074866.2064593,1533548,0.013467147015035152
1781074869.7069776,1534911,0.007895268499851227
1781074873.9961452,1536560,0.1456054002046585
1781074877.324115,1537724,0.02032119780778885
1781074878.3391879,1538070,0.09735030680894852
1781074881.017787,1539035,0.005252586677670479
1781074882.928317,1540124,0.03166871517896652
1781074884.4344587,1540712,0.02248239889740944
1781074885.891342,1541270,0.04187770187854767
1781074887.2419538,1541798,0.030580829828977585
1781074890.9502873,1543114,0.026720527559518814
1781074893.9005191,1544185,0.0399693064391613
1781074896.430389,1545136,0.010490280576050282
1781074897.9908915,1545744,0.0648624524474144
1781074900.5015304,1546719,0.02641242742538452
1781074902.3281622,1547429,0.013165829703211784
1781074906.313491,1548846,0.07483424991369247
1781074909.4848053,1549917,0.023247484117746353
1781074919.7454026,1550000,0.0121389739215374
1781074922.587157,1550913,0.00890655443072319
1781074925.7331462,1552045,0.009199035353958607
1781074929.2004473,1553392,0.024365877732634544
1781074933.4522567,1554932,0.020940780639648438
1781074935.9945064,1555869,0.007291631773114204
1781074940.4012055,1557483,0.024655651301145554
1781074943.1434426,1558436,0.06744155287742615
1781074945.8662956,1559700,0.008140450343489647
1781074949.9657,1561275,0.02680053561925888
1781074954.0150576,1562818,0.04328174516558647
1781074957.718911,1564097,0.06667003780603409
1781074959.7236779,1564818,0.011641182005405426
1781074962.680632,1565894,0.021731656044721603
1781074966.3156765,1567185,0.04226461425423622
1781074969.183249,1568190,0.016212094575166702
1781074972.895975,1569490,0.009675728157162666
1781074975.1258314,1570282,0.015264717862010002
1781074978.2110338,1571636,0.2906126081943512
1781074982.0356593,1573003,0.01099778339266777
1781074984.1827583,1573772,0.021400216966867447
1781074998.7078483,1575000,0.03623710572719574
1781074999.2162364,1575188,0.1541125327348709
1781074999.7067862,1575372,0.02497216872870922
1781075002.6652246,1576528,0.0055154357105493546
1781075006.7534149,1577966,0.007654491346329451
1781075007.6443503,1578279,0.11547710001468658
1781075009.162485,1579107,0.025132497772574425
1781075012.054729,1580220,0.07842592149972916
1781075015.6490974,1581637,0.07667259871959686
1781075018.3013484,1582642,0.02151983231306076
1781075021.5063033,1583759,0.059091970324516296
1781075024.0497966,1584656,0.013709141872823238
1781075026.7712367,1585692,0.011325116269290447
1781075029.7201068,1586882,0.12325833737850189
1781075033.8636866,1588455,0.02759668603539467
1781075038.50242,1590101,0.04709656909108162
1781075039.7183552,1590872,0.027785485610365868
1781075042.2163935,1591840,0.03258516639471054
1781075045.8958397,1593279,0.01345975510776043
1781075048.144691,1594167,0.0259344931691885
1781075051.4295847,1595471,0.01845427230000496
1781075053.346878,1596237,0.263459175825119
1781075055.569923,1597125,0.0218299962580204
1781075059.2215917,1598568,0.06913607567548752
1781075061.3720636,1599401,0.016428416594862938
1781075072.5861983,1600000,0.056362830102443695
1781075074.4987175,1600753,0.16422563791275024
1781075075.193336,1601014,0.006018215790390968
1781075078.0110905,1602105,0.0174255333840847
1781075080.4121122,1603028,0.033742375671863556
1781075084.0094342,1604445,0.12005869299173355
1781075086.555862,1605467,0.02464989945292473
1781075090.2395747,1606904,0.15435296297073364
1781075092.5610778,1607813,0.007952773943543434
1781075095.3682325,1608909,0.06560011953115463
1781075097.557136,1609758,0.01574297621846199
1781075102.0107548,1611354,0.1407819241285324
1781075104.983365,1612793,0.023263100534677505
1781075106.9858649,1613595,0.019465003162622452
1781075109.3227258,1614513,0.011866884306073189
1781075112.7866986,1615740,0.03077632561326027
1781075115.1031504,1616532,0.5496061444282532
1781075117.9391134,1617536,0.0204358771443367
1781075120.8816583,1618662,0.020760584622621536
1781075123.022393,1619490,0.03784023970365524
1781075128.561998,1621467,0.023155169561505318
1781075131.8511276,1622587,0.02982170321047306
1781075133.083589,1623049,0.009190365672111511
1781075135.3592248,1624277,0.022690091282129288
1781075149.9301422,1625000,0.015566658228635788
1781075151.5792584,1625609,0.16893137991428375
1781075154.008128,1626525,0.14081363379955292
1781075157.8806868,1627875,0.012521172873675823
1781075158.7065947,1628167,0.02614329755306244
1781075162.1283798,1629416,0.015118409879505634
1781075165.2050924,1630606,0.0152646005153656
1781075165.6522813,1631133,0.008840382099151611
1781075170.2103808,1632845,0.19260692596435547
1781075174.6987624,1634423,0.017357543110847473
1781075176.6614032,1635189,0.057886458933353424
1781075181.0101156,1636883,0.07003004103899002
1781075183.7623427,1637907,0.01431817002594471
1781075189.3033965,1639833,0.01777191460132599
1781075191.532772,1640642,0.03423546627163887
1781075193.3775787,1641343,0.02304457500576973
1781075197.2683783,1642844,0.032690297812223434
1781075201.341519,1644578,0.043581075966358185
1781075203.7039301,1645403,0.06742396950721741
1781075206.9540431,1646641,0.02286130003631115
1781075208.9790878,1647414,0.026985198259353638
1781075212.8245926,1648910,0.017404774203896523
1781075229.2491531,1650000,0.03467552363872528
1781075228.4844859,1650023,0.1237298771739006
1781075232.268946,1651379,0.03523992747068405
1781075234.0887945,1652062,0.08346708863973618
1781075237.1884758,1653296,0.08190760016441345
1781075239.987287,1654394,0.023964345455169678
1781075242.2813807,1655210,0.03969423472881317
1781075246.3319547,1656638,0.04278584197163582
1781075248.1606138,1657294,0.012673068791627884
1781075251.1185544,1658454,0.02463165856897831
1781075254.0086195,1659601,0.09955910593271255
1781075256.7200713,1660640,0.02696249447762966
1781075259.134201,1661471,0.014533059671521187
1781075260.1217144,1662146,0.01824270747601986
1781075262.2203248,1662875,0.0941806510090828
1781075266.5349777,1664547,0.008996622636914253
1781075269.606737,1665744,0.011652141809463501
1781075273.6623583,1667170,0.028711959719657898
1781075275.38602,1667750,0.025243591517210007
1781075279.5114498,1669275,0.03930642455816269
1781075283.0307655,1670647,0.008506755344569683
1781075285.7764146,1671698,0.07375093549489975
1781075287.0640352,1672135,0.0304371640086174
1781075291.89319,1674621,0.01920289918780327
1781075292.3601003,1674861,0.018190089613199234
1781075301.0433831,1675000,0.018607880920171738
1781075303.9331152,1676014,0.010410893708467484
1781075306.5198543,1677042,0.023482225835323334
1781075310.166789,1678444,0.06810705363750458
1781075313.0520105,1679488,0.015507514588534832
1781075316.7783756,1680791,0.015426462516188622
1781075320.0337644,1681999,0.042171210050582886
1781075321.7455378,1682665,0.04066577926278114
1781075324.9512076,1684275,0.01468699425458908
1781075328.7916703,1685729,0.029226155951619148
1781075329.6556048,1686069,0.021796297281980515
1781075331.757847,1686811,0.10002683103084564
1781075336.0524447,1688305,0.023066742345690727
1781075339.4749873,1689564,0.04059849679470062
1781075342.1003213,1690597,0.029505111277103424
1781075343.2295914,1691036,0.031681373715400696
1781075346.7320824,1692373,0.12584130465984344
1781075350.8738353,1693849,0.01713383197784424
1781075353.5716746,1694818,0.061384063214063644
1781075355.7944055,1695682,0.01173876877874136
1781075356.1896427,1696172,0.03453264385461807
1781075360.3149297,1697765,0.05923466756939888
1781075363.950345,1698990,0.013702421449124813
1781075366.6823637,1699911,0.019495591521263123
1781075378.1687775,1700000,0.026484329253435135
1781075382.0035367,1701323,0.07269169390201569
1781075384.5425644,1702311,0.023731548339128494
1781075386.5121403,1703082,0.05955219268798828
1781075389.3015618,1704475,0.13174912333488464
1781075392.9965272,1705763,0.08769956231117249
1781075397.6252203,1707423,0.03520692512392998
1781075399.935326,1708319,0.011053649708628654
1781075403.8281603,1709837,0.023724693804979324
1781075407.1618803,1711086,0.009526105597615242
1781075410.3700035,1712360,0.012192225083708763
1781075415.5044456,1714210,0.015628226101398468
1781075416.4801118,1714538,0.13701410591602325
1781075419.0945785,1715792,0.016010798513889313
1781075422.5418508,1717130,0.03138658404350281
1781075427.2408366,1718899,0.033723197877407074
1781075429.6941302,1719783,0.02937162294983864
1781075432.1151671,1720598,0.013282683677971363
1781075436.5860207,1722315,0.012583993375301361
1781075440.458255,1723848,0.05496525764465332
1781075441.7668004,1724302,0.07187005132436752
1781075451.9429848,1725000,0.06577036529779434
1781075454.5122144,1725937,0.10751508176326752
1781075455.7289126,1726509,0.010528424754738808
1781075457.4759755,1727334,0.036122605204582214
1781075460.1596522,1728592,0.03293211758136749
1781075462.8123302,1729724,0.051337890326976776
1781075465.4993799,1730722,0.1792873740196228
1781075467.4525378,1731637,0.014207378029823303
1781075469.9282768,1732831,0.05166292190551758
1781075473.8841324,1734242,0.020502645522356033
1781075475.8179078,1734986,0.02288278192281723
1781075478.6632228,1736102,0.03511654585599899
1781075480.461153,1736948,0.10362865775823593
1781075482.9404655,1738515,0.1034921184182167
1781075486.256078,1740095,0.061331212520599365
1781075488.9867904,1741402,0.010192405432462692
1781075489.63202,1741712,0.024533342570066452
1781075491.89709,1742700,0.022951558232307434
1781075496.3078334,1744212,0.04792843014001846
1781075499.0744755,1745170,0.024137157946825027
1781075505.26775,1747316,0.049872346222400665
1781075506.7934067,1747847,0.021908115595579147
1781075509.6567683,1748833,0.11734277009963989
1781075526.2670784,1750000,0.02732389234006405
1781075527.0412185,1750253,0.014309956692159176
1781075529.6947005,1751177,0.011720795184373856
1781075533.482961,1752506,0.03629033640027046
1781075536.9512267,1753723,0.061688490211963654
1781075537.9174962,1754061,0.011960281990468502
1781075542.0654838,1755492,0.02745964191854
1781075544.886727,1756783,0.01174468919634819
1781075547.7498872,1757778,0.04144290089607239
1781075552.881854,1759560,0.17408373951911926
1781075554.6908703,1760183,0.5528180003166199
1781075558.4602203,1761489,0.015202796086668968
1781075562.2364554,1762782,0.06296376138925552
1781075566.0737057,1764143,0.07761908322572708
1781075569.5292501,1765340,0.016714338213205338
1781075572.4662633,1766348,0.01773320510983467
1781075575.321673,1767319,0.2384486198425293
1781075576.3743348,1767997,0.029205769300460815
1781075580.536723,1769437,0.07959407567977905
1781075584.9064405,1770950,0.03894702345132828
1781075586.7401984,1771591,0.06266751140356064
1781075590.7465599,1772975,0.08809804916381836
1781075593.2617633,1773855,0.032291993498802185
1781075610.3066423,1775000,0.03524745628237724
1781075612.1870954,1775644,0.024250760674476624
1781075614.5773287,1776473,0.05281013250350952
1781075616.8256936,1777278,0.04817589744925499
1781075618.976016,1778021,0.034811798483133316
1781075623.7787728,1779707,0.012496339157223701
1781075624.945803,1780115,0.017791777849197388
1781075629.5390067,1781753,0.033804915845394135
1781075632.220571,1782705,0.10546875
1781075636.8995676,1784360,0.029021283611655235
1781075638.3986254,1784891,0.36057600378990173
1781075643.6397204,1787032,0.018840044736862183
1781075644.9625661,1787477,0.08583389967679977
1781075648.5040622,1788711,0.025335926562547684
1781075651.8439033,1789868,0.014868231490254402
1781075655.554051,1791171,0.014239286072552204
1781075657.905011,1791983,0.044039931148290634
1781075661.3727152,1793191,0.108553446829319
1781075664.6278477,1794318,0.023233972489833832
1781075668.4099276,1795645,0.3737436830997467
1781075670.976428,1796538,0.05870412290096283
1781075674.5865877,1798094,0.039659447968006134
1781075676.0891523,1798625,0.01729792356491089
1781075696.9358375,1800000,0.018287193030118942
1781075697.0864513,1800038,0.022097010165452957
1781075701.6376646,1801612,0.20642969012260437
1781075704.9799204,1803095,0.031246693804860115
1781075707.149767,1803881,0.026393789798021317
1781075709.585925,1804742,0.03833968937397003
1781075714.1608737,1806349,0.13939470052719116
1781075717.8990958,1807666,0.09445864707231522
1781075721.892628,1809066,0.023404931649565697
1781075724.6421964,1810018,0.01476590521633625
1781075728.113806,1811222,0.008406468667089939
1781075731.215782,1812293,0.03718005120754242
1781075734.8111959,1813876,0.020889127627015114
1781075737.7849016,1814939,0.012302827090024948
1781075741.5227783,1816257,0.014691820368170738
1781075745.4550881,1817640,0.04314352944493294
1781075745.6861758,1817732,0.1313028186559677
1781075750.5436225,1819429,0.031127410009503365
1781075754.701264,1820891,0.150387704372406
1781075757.8234172,1821995,0.017900247126817703
1781075761.6040518,1823308,0.01784525439143181
1781075764.2917473,1824253,0.12864844501018524
1781075777.9559443,1825000,0.020866164937615395
1781075780.4705932,1825863,0.1676671952009201
1781075784.3853974,1827239,0.02465340495109558
1781075787.3846447,1828275,0.04100514203310013
1781075791.2724533,1829659,0.017039086669683456
1781075792.847745,1830217,0.032879263162612915
1781075797.0915687,1831715,0.08564667403697968
1781075801.1946132,1833467,0.02319931983947754
1781075804.6284587,1834686,0.021883221343159676
1781075807.0045476,1835509,0.009240665473043919
1781075810.3129773,1836675,0.0177982859313488
1781075813.9537606,1837946,0.03355918452143669
1781075816.722818,1838905,0.01166224479675293
1781075820.981885,1840410,0.01227099820971489
1781075822.0307698,1840778,0.06880857050418854
1781075824.826032,1841770,0.026382949203252792
1781075829.5098956,1843707,0.008900674991309643
1781075832.1861312,1844631,0.013777760788798332
1781075834.8656933,1845568,0.3779074549674988
1781075838.5893037,1846880,0.032990630716085434
1781075840.4764352,1847534,0.03659731149673462
1781075843.76157,1848673,0.01300322450697422
1781075846.0745695,1849481,0.023613568395376205
1781075861.4235938,1850000,0.016073308885097504
1781075863.625606,1850756,0.04007425904273987
1781075869.3226273,1852751,0.014100453816354275
1781075871.0369415,1853344,0.010478218086063862
1781075875.947854,1855081,0.5174388289451599
1781075879.672858,1856400,0.14890894293785095
1781075882.676888,1857451,0.013353953137993813
1781075884.8127441,1858194,0.007097494788467884
1781075888.8261824,1859638,0.022448942065238953
1781075892.8750699,1861374,0.0108338026329875
1781075897.1100094,1862891,0.033168237656354904
1781075899.8191042,1863850,0.03633638471364975
1781075903.925557,1865290,0.04611509293317795
1781075904.8289723,1865611,0.22611023485660553
1781075907.9526956,1866714,0.010316204279661179
1781075910.8420894,1867730,0.034925416111946106
1781075913.103292,1868534,0.5121944546699524
1781075916.7361698,1869843,0.14619743824005127
1781075919.7116961,1870882,0.03991607576608658
1781075923.9881756,1872377,0.02472587674856186
1781075927.043727,1873797,0.05845407024025917
1781075928.7283878,1874392,0.02904551476240158
1781075945.1359575,1875000,0.014001905918121338
1781075947.4610841,1875826,0.012068958953022957
1781075951.0675948,1877098,0.007796906400471926
1781075955.7515209,1878742,0.016878005117177963
1781075957.3018708,1879610,0.025335215032100677
1781075962.506019,1881429,0.019421491771936417
1781075964.5378823,1882149,0.03093589097261429
1781075968.5881019,1883561,0.006912468932569027
1781075972.4995565,1884939,0.01128657627850771
1781075975.2294254,1885880,0.00760577293112874
1781075978.5276825,1887041,0.014937756583094597
1781075981.7226157,1888176,0.050679586827754974
1781075985.3119903,1889432,0.1103430837392807
1781075988.6076632,1890925,0.048760853707790375
1781075989.8358839,1891353,0.08342690765857697
1781075993.4187102,1892608,0.06685471534729004
1781075994.2407987,1892901,0.049376584589481354
1781075997.4469695,1894029,0.025296492502093315
1781076000.0045376,1894928,0.2511109709739685
1781076002.4995315,1895805,0.0466296412050724
1781076006.317627,1897156,0.023213787004351616
1781076011.0852132,1898856,0.08768245577812195
1781076012.0465057,1899179,0.005306151695549488
1781076027.8590467,1900000,0.006834295578300953
1781076028.6828547,1900276,0.014631432481110096
1781076032.7880914,1901723,0.014412393793463707
1781076034.1341233,1902196,0.011827986687421799
1781076036.8534176,1903152,0.15782670676708221
1781076040.6909218,1904493,0.22370301187038422
1781076042.3696501,1905094,0.014298413880169392
1781076047.9584317,1907067,0.20156963169574738
1781076050.600284,1907995,0.11707247048616409
1781076052.146434,1908864,0.01860917918384075
1781076055.3179202,1909982,0.016217954456806183
1781076060.0965521,1911647,0.06103280931711197
1781076062.893257,1912626,0.012426896020770073
1781076067.668372,1914317,0.01856347545981407
1781076068.6493018,1914661,0.019669335335493088
1781076073.0737407,1916235,0.016927525401115417
1781076077.1453235,1917665,0.02110801264643669
1781076081.195981,1919081,0.02904985472559929
1781076083.5452347,1920309,0.038312047719955444
1781076086.6938064,1921926,0.029108762741088867
1781076087.8628776,1922536,0.017982827499508858
1781076089.6460192,1923469,0.015379058197140694
1781076091.7450624,1924558,0.01404506340622902
1781076100.3980696,1925000,0.027494383975863457
1781076101.8768008,1925743,0.027582217007875443
1781076103.9618132,1926808,0.00962752103805542
1781076106.023632,1927866,0.01403654832392931
1781076108.6992683,1929248,0.01193273440003395
1781076111.5757296,1930712,0.02326573058962822
1781076113.9959362,1931950,0.007589206099510193
1781076113.7673829,1932274,0.05304381251335144
1781076115.5383112,1933176,0.22408455610275269
1781076118.2860026,1934593,0.0186681617051363
1781076120.5558016,1935758,0.01935199275612831
1781076123.1208084,1937077,0.1481897383928299
1781076124.186982,1937624,0.13424690067768097
1781076125.433331,1938263,0.010634897276759148
1781076128.243525,1939636,0.022136006504297256
1781076131.4806516,1941182,0.008939988911151886
1781076134.4306598,1942600,0.04107632115483284
1781076135.7263513,1943231,0.02195795811712742
1781076138.6052861,1944607,0.03120231069624424
1781076141.570681,1946112,0.03086969442665577
1781076144.7181447,1947723,0.011868337169289589
1781076147.6882381,1949204,0.1814441829919815
1781076149.2912755,1949763,0.10931849479675293
1781076163.0239484,1950000,0.04821447655558586
1781076165.762881,1950999,0.030795814469456673
1781076169.407755,1952420,0.022488564252853394
1781076172.4596364,1953616,0.017755962908267975
1781076174.8946157,1954453,0.3853391706943512
1781076177.611729,1955369,0.01496976613998413
1781076180.518653,1956685,0.11073225736618042
1781076185.0786839,1958383,0.020316231995821
1781076189.0911226,1959944,0.018349289894104004
1781076190.9929383,1960613,0.018084904178977013
1781076195.5997481,1962180,0.08442430198192596
1781076197.3179753,1962763,0.3840111792087555
1781076200.662736,1964075,0.023687105625867844
1781076205.1166945,1965804,0.008598335087299347
1781076207.274852,1966531,0.03678244352340698
1781076211.6185584,1968327,0.11559981107711792
1781076213.2048302,1968931,0.015677252784371376
1781076217.2606514,1970491,0.2087763249874115
1781076220.8325284,1971786,0.010115543380379677
1781076225.9596338,1973548,0.42006370425224304
1781076227.654781,1974162,0.03369393199682236
1781076229.6812305,1974938,0.018966425210237503
1781076242.6175616,1975000,0.10995683819055557
1781076246.882375,1976644,0.016334783285856247
1781076250.9569035,1978080,0.00761249428614974
1781076253.2850196,1978858,0.041625555604696274
1781076259.491294,1981137,0.04642156511545181
1781076260.8169553,1981648,0.04452860727906227
1781076263.7575605,1982798,0.06474665552377701
1781076268.46961,1984364,0.04180190712213516
1781076270.9907506,1985219,0.06327749043703079
1781076273.9630892,1986716,0.03743099048733711
1781076274.556356,1986938,0.029697299003601074
1781076279.2324915,1988754,0.04637236148118973
1781076283.7798698,1990327,0.033679548650979996
1781076287.572408,1991756,0.012530023232102394
1781076288.95118,1992297,0.038490697741508484
1781076290.7736008,1993003,0.0785030648112297
1781076293.3665159,1993985,0.01615419238805771
1781076299.7032542,1996179,0.04256857931613922
1781076303.8242462,1997723,0.01518828421831131
1781076303.619248,1997991,0.038562290370464325
1781076307.1117697,1999345,0.01385573297739029
1781076322.5615067,2000000,0.012514665722846985
1781076323.5811713,2000347,0.012381838634610176
1781076328.269304,2001961,0.01723700948059559
1781076331.0867972,2003024,0.028560351580381393
1781076333.4669123,2003960,0.06645867973566055
1781076335.6547496,2005136,0.006735546048730612
1781076340.426118,2006782,0.02667214348912239
1781076342.5281394,2007505,0.03213527798652649
1781076344.8747199,2008352,0.03499682620167732
1781076350.5602937,2010564,0.007376264315098524
1781076352.118206,2011134,0.005557178519666195
1781076357.5747561,2013029,0.01453376840800047
1781076361.50398,2014461,0.032601822167634964
1781076362.9706633,2015030,0.03205960988998413
1781076367.9588,2017228,0.07802848517894745
1781076370.9481266,2018280,0.027713458985090256
1781076375.1521528,2019858,0.20419052243232727
1781076378.6177738,2021223,0.03312069550156593
1781076382.8104758,2022770,0.007972752675414085
1781076385.2113535,2023612,0.00957440584897995
1781076400.413955,2025000,0.039475731551647186
1781076400.7509995,2025104,0.018714748322963715
1781076403.827253,2026257,0.019293267279863358
1781076408.4416156,2028076,0.009372697211802006
1781076412.6462731,2029564,0.008525000885128975
1781076415.6532686,2030617,0.01709725707769394
1781076419.060563,2031922,0.03985646367073059
1781076421.6106982,2032923,0.01260774303227663
1781076424.287508,2033989,0.052467770874500275
1781076427.4609027,2035101,0.013772004283964634
1781076429.4838817,2035821,0.025861892849206924
1781076431.6094074,2036909,0.009865950793027878
1781076433.7040854,2037720,0.007837758399546146
1781076437.5826957,2039277,0.02512766793370247
1781076439.2540107,2039890,0.018949022516608238
1781076444.6230764,2041768,0.02159973606467247
1781076445.5398223,2042086,0.015357470139861107
1781076449.3320315,2043551,0.029963122680783272
1781076454.4906726,2045531,0.009106178767979145
1781076457.3293364,2046533,0.05312178283929825
1781076459.4865768,2047314,0.021761886775493622
1781076461.6480412,2048101,0.020301423966884613
1781076464.1793215,2049438,0.013854686170816422
1781076478.7669754,2050000,0.07268965244293213
1781076479.1867828,2050212,0.0054702130146324635
1781076480.2035236,2050731,0.018584780395030975
1781076483.1911492,2052256,0.023288823664188385
1781076485.742776,2053543,0.02757403627038002
1781076488.2761707,2054833,0.011688966304063797
1781076491.1504614,2056290,0.07490787655115128
1781076493.5906544,2057539,0.006167177576571703
1781076494.6416624,2058529,0.039153147488832474
1781076497.0623329,2059777,0.05947647988796234
1781076500.1662393,2061372,0.052709322422742844
1781076501.7485373,2062155,0.019363075494766235
1781076504.8968081,2063733,0.027719514444470406
1781076507.0558712,2064842,0.018197081983089447
1781076507.6310022,2065127,0.007878362201154232
1781076509.0199218,2065839,0.019798453897237778
1781076511.4442945,2067049,0.012024777941405773
1781076513.7456496,2068133,0.009678199887275696
1781076515.7253296,2069108,0.007802337408065796
1781076518.6408968,2070566,0.0422859750688076
1781076521.6979237,2072074,0.10107151418924332
1781076522.9946866,2072692,0.007596892770379782
1781076528.0328932,2074826,0.07701104879379272
1781076545.799943,2075000,0.05574198439717293
1781076548.9823248,2076133,0.012222732417285442
1781076551.5953026,2077050,0.02036219835281372
1781076554.4379346,2078102,0.010484302416443825
1781076556.3941243,2079119,0.040838614106178284
1781076557.6745336,2080246,0.060251906514167786
1781076562.5356936,2082787,0.071092888712883
1781076562.883481,2082966,0.05440684035420418
1781076566.1977453,2084673,0.02083325758576393
1781076569.1075592,2086183,0.020896630361676216
1781076571.7438445,2087472,0.011231526732444763
1781076574.073053,2088554,0.015373708680272102
1781076577.0401444,2089934,0.011727558448910713
1781076580.3858974,2091614,0.026663856580853462
1781076581.844389,2092351,0.11801459640264511
1781076584.1915483,2093472,0.10043001174926758
1781076588.0074654,2094828,0.027540119364857674
1781076590.6255486,2096045,0.050336677581071854
1781076593.7746644,2097142,0.016523336991667747
1781076597.511796,2098408,0.003516029566526413
1781076601.5482864,2099820,0.016428615897893906
1781076617.7636645,2100000,0.009253034368157387
1781076619.5433369,2100909,0.026013802736997604
1781076621.204325,2101497,0.038791023194789886
1781076626.1106799,2103225,0.01056511141359806
1781076629.9026084,2104529,0.013783886097371578
1781076632.555623,2105442,0.014897838234901428
1781076637.6425738,2107185,0.11547105759382248
1781076639.5418792,2107840,0.05236481502652168
1781076644.4673572,2109531,0.028139252215623856
1781076648.001863,2110757,0.0463753417134285
1781076651.0354216,2111796,0.012625630013644695
1781076651.226207,2112161,0.05869251489639282
1781076653.7583477,2113029,0.010143663734197617
1781076659.2722933,2114961,0.022094745188951492
1781076663.593636,2116458,0.01721247285604477
1781076667.421151,2117783,0.017308665439486504
1781076669.164468,2118366,0.1318545937538147
1781076672.3351407,2119440,0.03285423293709755
1781076676.9253142,2120998,0.005748394876718521
1781076681.4653506,2122567,0.060981910675764084
1781076683.0612764,2123425,0.007100789807736874
1781076686.0909276,2124466,0.018615420907735825
1781076703.1647022,2125000,0.0178912915289402
1781076704.9471495,2125595,0.01922205649316311
1781076709.243884,2127103,0.028768550604581833
1781076713.4677923,2128571,0.03304951637983322
1781076716.3069937,2129943,0.009341271594166756
1781076718.423519,2130681,0.013326756656169891
1781076720.2592583,2131289,0.01405845396220684
1781076723.5668342,2132422,0.03736264631152153
1781076728.8915217,2134251,0.015534499660134315
1781076730.465271,2134796,0.022985408082604408
1781076733.4940417,2135852,0.027731439098715782
1781076737.7874424,2137328,0.01625189743936062
1781076740.899276,2138394,0.008705804124474525
1781076742.4306197,2138922,0.06123889982700348
1781076744.6380188,2139681,0.018395498394966125
1781076748.1357112,2141189,0.026563039049506187
1781076752.5511816,2142715,0.05085240304470062
1781076756.1364856,2143972,0.015207532793283463
1781076759.881773,2145276,0.1963309347629547
1781076764.8338532,2146985,0.02509070187807083
1781076766.7096636,2147660,0.020782029256224632
1781076770.6596112,2149032,0.06980855017900467
1781076790.5318353,2150000,0.021029464900493622
1781076792.5429711,2150646,0.02684762328863144
1781076796.4015348,2151981,0.06832189857959747
1781076799.6113203,2153086,0.013196555897593498
1781076801.1224542,2153622,0.0744461640715599
1781076804.0573585,2154651,0.012205235660076141
1781076808.7804508,2156308,0.010634438134729862
1781076812.613996,2157940,0.04281079024076462
1781076815.3835948,2158887,0.0066902213729918
1781076820.9186904,2160845,0.04170796647667885
1781076822.48105,2161386,0.16753709316253662
1781076826.8354716,2162907,0.02818440832197666
1781076830.703107,2164229,0.01950143650174141
1781076833.1817596,2165072,0.15573258697986603
1781076838.842103,2167013,0.010217422619462013
1781076840.6207592,2167621,0.010892834514379501
1781076843.5254223,2168932,0.02789464220404625
1781076848.4991212,2170631,0.010964916087687016
1781076853.0053613,2172174,0.00908750668168068
1781076857.4513493,2173702,0.03647990897297859
1781076858.573315,2174094,0.03337422013282776
1781076875.2284606,2175000,0.02466004341840744
1781076876.7349458,2175506,0.006735947914421558
1781076880.0496726,2176653,0.024193089455366135
1781076883.0247917,2177669,0.08777200430631638
1781076885.4429958,2178509,0.011841095983982086
1781076889.1932163,2179821,0.015387642197310925
1781076892.8682168,2181100,0.16314178705215454
1781076897.368974,2182627,0.03168772906064987
1781076898.5939584,2183041,0.01612766459584236
1781076904.09655,2184920,0.018315257504582405
1781076904.963864,2185516,0.01133809331804514
1781076910.0706737,2187253,0.015257362276315689
1781076915.853045,2189192,0.015596108511090279
1781076919.9644475,2190577,0.03278861567378044
1781076921.8780112,2191228,0.032879747450351715
1781076925.3606791,2192404,0.08266347646713257
1781076929.0743635,2193648,0.014222806319594383
1781076932.5238094,2194773,0.01011084858328104
1781076936.3357575,2196061,0.01364423893392086
1781076939.0880654,2197335,0.017387384548783302
1781076940.5179915,2197830,0.017088832333683968
1781076944.560872,2199243,0.007288242690265179
1781076958.2847629,2200000,0.23840925097465515
1781076960.1846173,2200646,0.027440253645181656
1781076962.7243497,2201531,0.009681028313934803
1781076966.1932938,2202732,0.015288049355149269
1781076968.1284926,2203732,0.007617332972586155
1781076972.8805656,2205358,0.014398815110325813
1781076975.650958,2206301,0.035596754401922226
1781076977.047929,2206776,0.03521919995546341
1781076980.203223,2207843,0.04916485399007797
1781076984.9247358,2209471,0.030663903802633286
1781076988.554674,2210723,0.01194065436720848
1781076992.4507935,2212049,0.012727800756692886
1781076994.7966237,2212848,0.007889378815889359
1781076999.4823096,2214692,0.02517750859260559
1781077001.8156312,2215491,0.016187209635972977
1781077005.836716,2216872,0.010953560471534729
1781077007.6330757,2217486,0.012071540579199791
1781077012.756988,2219247,0.021404698491096497
1781077015.5545824,2220218,0.0195402130484581
1781077018.8779387,2221352,0.0467209555208683
1781077023.861027,2223078,0.026907149702310562
1781077027.971416,2224512,0.11531033366918564
1781077043.2946196,2225000,0.027353836223483086
1781077043.9796772,2225223,0.054553307592868805
1781077049.6048572,2227148,0.01137678325176239
1781077052.0439112,2227970,0.4012048542499542
1781077056.83377,2229641,0.012292671017348766
1781077059.8439376,2230666,0.01979007199406624
1781077064.8002539,2232664,0.093743696808815
1781077066.5068877,2233256,0.00859809946268797
1781077068.6660423,2233989,0.006770836189389229
1781077073.0964265,2235504,0.021040864288806915
1781077077.400896,2236964,0.016197016462683678
1781077080.711243,2238087,0.004919576924294233
1781077083.7689216,2239145,0.0647943913936615
1781077085.6408057,2239793,0.008821428753435612
1781077090.5173447,2241480,0.03592550754547119
1781077093.6817412,2242570,0.0518464520573616
1781077097.0591471,2244012,0.00592153612524271
1781077098.8310688,2244610,0.04952076077461243
1781077101.699887,2245610,0.018601231276988983
1781077105.9472682,2247081,0.007183515932410955
1781077111.3838298,2248947,0.05915873125195503
1781077114.20871,2249932,0.16234742105007172
1781077129.1321354,2250000,0.02514668181538582
1781077130.779132,2250512,0.05951419472694397
1781077134.204374,2251856,0.0055869026109576225
1781077139.3057458,2253778,0.006509017199277878
1781077143.9983003,2255393,0.026277923956513405
1781077148.3197722,2256956,0.015688154846429825
1781077151.4503584,2258160,0.004486924968659878
1781077152.9873054,2258752,0.2209075391292572
1781077155.3627632,2259582,0.02355298399925232
1781077157.4703457,2260603,0.02087985724210739
1781077161.652689,2262137,0.01739700883626938
1781077165.0837557,2263492,0.008735207840800285
1781077165.9594104,2263824,0.006062696687877178
1781077170.7240732,2265594,0.014841670170426369
1781077174.935126,2267039,0.008558710105717182
1781077178.7164278,2268478,0.019478071480989456
1781077181.2545214,2269452,0.024634385481476784
1781077183.405115,2270296,0.0225217305123806
1781077187.898387,2271929,0.013854924589395523
1781077192.9687912,2274100,0.01207481324672699
1781077209.1083632,2275000,0.006970845628529787
1781077211.2165577,2275770,0.019125284627079964
1781077212.6859615,2276326,0.015270278789103031
1781077216.1092153,2277504,0.02657877653837204
1781077218.9743562,2278473,0.033384058624506
1781077223.0768054,2280384,0.010351035743951797
1781077227.6205149,2282141,0.009223292581737041
1781077228.9526596,2282599,0.012982605025172234
1781077231.500183,2283512,0.010340843349695206
1781077234.9978845,2284696,0.010251949541270733
1781077238.788565,2286204,0.013701032847166061
1781077244.633222,2288382,0.006109824404120445
1781077247.4960003,2289365,0.015961291268467903
1781077249.4980729,2290030,0.01155155897140503
1781077252.0861719,2291394,0.017039254307746887
1781077255.5049007,2293155,0.1388523131608963
1781077256.6474853,2293739,0.10089032351970673
1781077260.5827718,2295732,0.022583268582820892
1781077260.8669376,2295869,0.009653741493821144
1781077263.9177485,2297438,0.033584628254175186
1781077266.394726,2298710,0.015058250166475773
1781077268.8909435,2299987,0.019285015761852264
1781077280.5646446,2300000,0.09268098324537277
1781077283.5819726,2301439,0.03173653036355972
1781077284.8178413,2301878,0.06789271533489227
1781077289.2502482,2303410,0.1163991391658783
1781077293.5650532,2305058,0.03252490609884262
1781077294.5321314,2305439,0.04074076563119888
1781077297.3193576,2306549,0.012952394783496857
1781077301.688091,2308131,0.01307029277086258
1781077306.0883586,2309735,0.08683628588914871
1781077308.4478045,2310655,0.012837554328143597
1781077311.8265965,2311918,0.009415792301297188
1781077315.4879646,2313862,0.011976649984717369
1781077315.77064,2313986,0.328534334897995
1781077318.939348,2315436,0.01782151311635971
1781077321.3427818,2316368,0.01627453602850437
1781077324.8902094,2317888,0.03864502161741257
1781077326.726226,2318697,0.01013999991118908
1781077329.7674835,2319818,0.05450308322906494
1781077332.7131236,2320957,0.014802949503064156
1781077335.6996365,2322431,0.011494318023324013
1781077336.2280254,2322690,0.01969015970826149
1781077338.1727204,2323683,0.012715126387774944
1781077340.7822688,2324915,0.01057082787156105
1781077351.0632203,2325000,0.16988377273082733
1781077353.975655,2326342,0.011999271810054779
1781077356.4412024,2327404,0.018430348485708237
1781077360.7558672,2329075,0.007284095510840416
1781077363.136017,2330016,0.013759581372141838
1781077366.1079688,2331094,0.11765602231025696
1781077370.2320914,2332534,0.10359972715377808
1781077375.3614001,2334492,0.008548406884074211
1781077378.4277234,2335690,0.008708091452717781
1781077379.8777378,2336514,0.06709740310907364
1781077382.232387,2337346,0.027058303356170654
1781077387.6036396,2339275,0.031049294397234917
1781077390.7288985,2340475,0.012743175029754639
1781077392.39685,2341127,0.014408048242330551
1781077398.1586504,2343142,0.016618456691503525
1781077400.7947302,2344066,0.015554339624941349
1781077403.548886,2345141,0.018602969124913216
1781077406.7849352,2346411,0.010527241975069046
1781077411.8718436,2348528,0.011862930841743946
1781077414.7279189,2349503,0.012651272118091583
1781077430.1652098,2350000,0.010146010667085648
1781077431.7897363,2350613,0.03730139508843422
1781077436.329215,2352420,0.01711766980588436
1781077440.7159324,2353949,0.019201749935746193
1781077441.5272586,2354546,0.022737586870789528
1781077445.7751656,2356008,0.010350476950407028
1781077448.742773,2357180,0.0101039819419384
1781077451.9381967,2358447,0.013714423403143883
1781077456.9542305,2360264,0.029766418039798737
1781077458.4707267,2360821,0.0208654273301363
1781077462.079165,2362116,0.016425084322690964
1781077464.8286636,2363215,0.03707130253314972
1781077469.5143013,2365008,0.017534365877509117
1781077473.2425346,2366330,0.12454183399677277
1781077474.9227345,2367225,0.09393706917762756
1781077479.345308,2368926,0.10000578314065933
1781077481.1098797,2369606,0.01649406924843788
1781077484.7114296,2370920,0.08042198419570923
1781077489.016982,2372397,0.019104067236185074
1781077492.9427197,2373889,0.06120408698916435
1781077494.0053744,2374294,0.008548847399652004
1781077507.4919012,2375000,0.019298266619443893
1781077508.6940346,2375452,0.01532629132270813
1781077512.0680888,2376762,0.00796748511493206
1781077516.5910478,2378336,0.017553061246871948
1781077518.012641,2378803,0.020505689084529877
1781077524.1136355,2381126,0.11133024841547012
1781077525.3697548,2381613,0.04168038070201874
1781077530.4646838,2383416,0.2839186489582062
1781077533.6654494,2384514,0.0083516426384449
1781077537.3046951,2386276,0.01599324494600296
1781077539.3482819,2387081,0.010421941988170147
1781077542.983839,2388417,0.016025619581341743
1781077548.2052746,2390270,0.09841597825288773
1781077552.0482621,2391776,0.042877309024333954
1781077552.7151117,2392035,0.01624973677098751
1781077557.3934956,2393815,0.024838309735059738
1781077559.5686078,2394663,0.011098427698016167
1781077563.1405203,2396045,0.030162813141942024
1781077566.6341333,2397303,0.015738727524876595
1781077571.6847708,2399481,0.010241614654660225
1781077572.1177275,2399650,0.0655277818441391
1781077586.7271175,2400000,0.01628449745476246
1781077589.9576392,2401269,0.012146997265517712
1781077592.1627562,2402152,0.02164684608578682
1781077595.180477,2403212,0.007055570371448994
1781077597.7093546,2404123,0.24035325646400452
1781077599.820713,2405224,0.008764583617448807
1781077601.3497038,2405810,0.07700859010219574
1781077605.6176083,2407506,0.010778006166219711
1781077610.0738204,2409117,0.0070897964760661125
1781077612.6031327,2409999,0.009778006933629513
1781077614.8173783,2410808,0.01252051629126072
1781077616.422146,2411430,0.038445305079221725
1781077619.8214824,2412737,0.020332956686615944
1781077624.100254,2414297,0.018124841153621674
1781077628.1640048,2415698,0.009985227137804031
1781077631.0072284,2416717,0.05640745162963867
1781077632.9848607,2417810,0.035198695957660675
1781077637.0948308,2419326,0.006821760907769203
1781077641.9406717,2420985,0.013388307765126228
1781077645.5588846,2422293,0.015648595988750458
1781077647.9637425,2423208,0.08141862601041794
1781077649.3741133,2423741,0.027775665745139122
1781077664.3257818,2425000,0.024892939254641533
1781077665.2575977,2425329,0.02037082053720951
1781077668.7703476,2426539,0.026375696063041687
1781077673.9095712,2428381,0.011887818574905396
1781077675.7675576,2429100,0.06923192739486694
1781077676.6613092,2429442,0.008073590695858002
1781077680.9149086,2431031,0.04866128787398338
1781077684.996666,2432420,0.10931474715471268
1781077687.9860537,2433452,0.013567743822932243
1781077690.647299,2434469,0.015761220827698708
1781077694.465982,2436284,0.08360476791858673
1781077698.5630376,2437703,0.014669801108539104
1781077702.657725,2439136,0.04769115522503853
1781077705.5829358,2440266,0.0384051688015461
1781077711.487797,2442485,0.008636212907731533
1781077712.6799839,2442874,0.022480273619294167
1781077716.0061665,2444047,0.021167710423469543
1781077721.2882001,2446104,0.016001522541046143
1781077725.1028008,2447565,0.09312509745359421
1781077726.7856967,2448178,0.14419804513454437
1781077728.444351,2449039,0.12462590634822845
1781077746.510752,2450000,0.015487577766180038
1781077747.3630764,2450318,0.013397881761193275
1781077751.437082,2451932,0.013788850978016853
1781077753.9707656,2452905,0.014267046004533768
1781077756.4142327,2453759,0.025403104722499847
1781077759.2441761,2454999,0.009819544851779938
1781077763.259152,2456526,0.018133165314793587
1781077767.0823946,2458021,0.007108369842171669
1781077769.1796076,2458762,0.009577197954058647
1781077773.4558928,2460293,0.009496159851551056
1781077775.3613684,2460929,0.008303713984787464
1781077779.2798584,2462468,0.01184588111937046
1781077783.6817477,2464171,0.010641152039170265
1781077786.092289,2465019,0.020369114354252815
1781077789.5557318,2466223,0.026665328070521355
1781077793.3463645,2467990,0.015077697113156319
1781077797.4254937,2469580,0.4496382474899292
1781077801.0542748,2470830,0.012296320870518684
1781077804.7508574,2472079,0.015559444203972816
1781077807.7400537,2473250,0.009626112878322601
1781077809.6884673,2474010,0.020577402785420418
1781077824.5642865,2475000,0.020461151376366615
1781077825.7295587,2475440,0.006906387396156788
1781077828.1056144,2476259,0.010561078786849976
1781077831.9872856,2477607,0.12268290668725967
1781077833.1888218,2478028,0.06368482857942581
1781077836.1907012,2479164,0.03813028708100319
1781077839.8475652,2480584,0.032451462000608444
1781077843.8338695,2482036,0.014380030333995819
1781077847.1402137,2483217,0.006061894819140434
1781077853.035723,2485362,0.009190056473016739
1781077854.9610155,2486470,0.037012871354818344
1781077857.988207,2487660,0.043336182832717896
1781077861.885255,2488969,0.010671664960682392
1781077866.3204436,2490546,0.021762095391750336
1781077868.843211,2491530,0.03794340789318085
1781077871.4782321,2492563,0.025468353182077408
1781077876.7614794,2494479,0.035132378339767456
1781077881.5199878,2496149,0.015736671164631844
1781077882.1198528,2496389,0.336586594581604
1781077885.5456288,2498074,0.01281929761171341
1781077886.6683762,2498514,0.037733498960733414
1781077890.7197113,2499899,0.017628546804189682
1781077906.260247,2500000,0.012013761326670647
1781077909.1886907,2501022,0.009549443610012531
1781077913.9306734,2502896,0.021892549470067024
1781077915.1273887,2503373,0.02314077317714691
1781077918.1407986,2504799,0.012659886851906776
1781077921.179117,2505849,0.012877384200692177
1781077924.6318595,2507109,0.00873546116054058
1781077926.1393063,2507704,0.06281694769859314
1781077929.0644639,2508852,0.02958839014172554
1781077931.196927,2509678,0.02745262160897255
1781077934.3616796,2510783,0.13689422607421875
1781077938.922875,2512402,0.01153600960969925
1781077942.7056136,2513903,0.017152199521660805
1781077944.6203394,2514653,0.03354084491729736
1781077947.826586,2515834,0.019798114895820618
1781077951.3190875,2517390,0.01515377126634121
1781077956.5023406,2519280,0.008867605589330196
1781077960.630102,2520917,0.028276439756155014
1781077963.080638,2521879,0.019791267812252045
1781077966.385968,2523102,0.02387314662337303
1781077971.1619606,2524732,0.01052849180996418
1781077983.4885652,2525000,0.00944574922323227
1781077987.3987954,2526486,0.012374256737530231
1781077989.4865997,2527308,0.011696772649884224
1781077993.2138603,2528753,0.018934715539216995
1781077995.822495,2529699,0.03792879730463028
1781077999.008557,2530825,0.023136842995882034
1781078002.9730515,2532340,0.29065054655075073
1781078006.0687373,2533549,0.020384162664413452
1781078008.1772714,2534365,0.011758539825677872
1781078011.3379467,2535823,0.03209315612912178
1781078014.8683014,2537088,0.031059779226779938
1781078018.9666593,2538729,0.05601723864674568
1781078021.5339508,2539751,0.19933590292930603
1781078026.6537135,2541759,0.015547312796115875
1781078028.5070984,2542470,0.042152997106313705
1781078031.5032444,2543485,0.005230344831943512
1781078034.84027,2544659,0.012800619006156921
1781078039.8734944,2546550,0.01065678708255291
1781078042.1290083,2547773,0.006132488138973713
1781078043.2977726,2548206,0.005619043484330177
1781078047.7678976,2549738,0.1278674304485321
1781078060.3197634,2550000,0.011243151500821114
1781078064.3234363,2551370,0.031662654131650925
1781078066.999524,2552394,0.015138010494410992
1781078069.1287823,2553224,0.0058242324739694595
1781078072.7147121,2554596,0.0040392642840743065
1781078074.9507232,2555651,0.005442705005407333
1781078079.694406,2557319,0.014336373656988144
1781078082.6358714,2558448,0.023603904992341995
1781078084.5275326,2559178,0.02704554796218872
1781078086.8188117,2560033,0.00464990409091115
1781078088.6309502,2560666,0.01695791631937027
1781078092.490657,2562033,0.01709112338721752
1781078096.1845913,2563419,0.01518483180552721
1781078098.6583562,2564379,0.009474349208176136
1781078102.8960474,2565909,0.07462834566831589
1781078106.9097042,2567661,0.01353360339999199
1781078110.7865899,2569215,0.007975825108587742
1781078111.6418843,2569549,0.08037876337766647
1781078113.6922116,2570367,0.03513966128230095
1781078117.213355,2571633,0.052888162434101105
1781078121.6331491,2573146,0.013830628246068954
1781078126.0910397,2574842,0.009502459317445755
1781078139.9867675,2575000,0.022024400532245636
1781078143.672165,2576392,0.0127755431458354
1781078145.0994792,2576883,0.011595293879508972
1781078147.0955608,2577616,0.006234979256987572
1781078151.4403687,2579196,0.01104528084397316
1781078155.6888385,2580720,0.004934088792651892
1781078158.777345,2581876,0.011557004414498806
1781078161.7428155,2583019,0.013831458985805511
1781078163.278521,2583618,0.02174302563071251
1781078167.6605616,2585221,0.0378248393535614
1781078170.4247193,2586487,0.026992423459887505
1781078171.6885152,2586947,0.01611734926700592
1781078173.9624739,2587837,0.009815339930355549
1781078176.2960076,2588732,0.024336520582437515
1781078180.864802,2590361,0.014068053103983402
1781078185.88906,2592063,0.009626036509871483
1781078188.180299,2592899,0.007452532183378935
1781078192.3470485,2594412,0.20550782978534698
1781078193.6991353,2594919,0.012776084244251251
1781078198.234435,2596401,0.020621411502361298
1781078202.3141131,2598157,0.07897981256246567
1781078204.1702764,2598817,0.14781785011291504
1781078206.252329,2599611,0.0261081475764513
1781078215.1877708,2600000,0.007964584045112133
1781078218.6464763,2601328,0.013917711563408375
1781078221.7968826,2602522,0.021273350343108177
1781078226.5467198,2604362,0.0035027447156608105
1781078229.0596073,2605615,0.2496814876794815
1781078232.012085,2607158,0.008774192072451115
1781078232.6288385,2607902,0.007382524199783802
1781078235.8950386,2609422,0.05384654551744461
1781078237.5040653,2610184,0.010173548944294453
1781078241.3882794,2611997,0.054425619542598724
1781078244.5237145,2613311,0.011374999769032001
1781078245.585734,2613747,0.2604553997516632
1781078248.6113331,2615074,0.010512106120586395
1781078251.578248,2616242,0.00743652880191803
1781078255.140563,2617870,0.0165566299110651
1781078255.6187255,2618084,0.007397904526442289
1781078258.4366574,2619457,0.06499502807855606
1781078262.4326217,2621352,0.031877122819423676
1781078264.300688,2622734,0.010542985051870346
1781078265.7189562,2623448,0.05168925225734711
1781078278.3749254,2625000,0.018805408850312233
1781078278.6292138,2625102,0.14380402863025665
1781078281.3924859,2626423,0.005597378592938185
1781078284.96272,2628217,0.11634445190429688
1781078287.6128519,2629419,0.039012473076581955
1781078291.2906065,2631077,0.03404902666807175
1781078294.068557,2632357,0.015189506113529205
1781078295.5231984,2633523,0.007535832468420267
1781078298.6648118,2635100,0.014759148471057415
1781078302.213172,2636787,0.07379834353923798
1781078303.7124314,2637567,0.007053309120237827
1781078307.3182068,2639393,0.03187767416238785
1781078308.4907649,2639996,0.15757401287555695
1781078311.8042228,2641715,0.007754676043987274
1781078314.985798,2643318,0.014022260904312134
1781078316.4479735,2644033,0.010926591232419014
1781078318.5286746,2645156,0.014114398509263992
1781078319.353488,2645598,0.0285797119140625
1781078323.2826648,2647710,0.011367506347596645
1781078324.5576422,2648353,0.008413374423980713
1781078334.965028,2650000,0.016276154667139053
1781078336.507529,2650757,0.02196001634001732
1781078338.2385232,2651566,0.08313428610563278
1781078340.0681927,2652425,0.011120030656456947
1781078342.4221125,2653567,0.011313959024846554
1781078345.316711,2655048,0.012826086953282356
1781078348.2033246,2656527,0.010941055603325367
1781078350.7616816,2657709,0.008958244696259499
1781078353.4534867,2658982,0.010579632595181465
1781078357.3542035,2660714,0.009121252223849297
1781078358.7287362,2661300,0.024910546839237213
1781078361.4290004,2662870,0.026469122618436813
1781078364.2927241,2664287,0.022315921261906624
1781078364.7207549,2664491,0.015553129836916924
1781078369.0070617,2666476,0.00997073296457529
1781078373.0919764,2668241,0.006576968356966972
1781078375.873603,2669400,0.02148454636335373
1781078377.72317,2670097,0.0049589332193136215
1781078380.3561976,2671328,0.009815748780965805
1781078383.5784998,2672925,0.017529938369989395
1781078385.6663415,2673909,0.009133100509643555
1781078387.9484825,2674718,0.01795409806072712
1781078399.7479277,2675000,0.0066858502104878426
1781078402.8506665,2676449,0.026065213605761528
1781078404.4530447,2677169,0.0980772003531456
1781078408.308487,2678904,0.01115189865231514
1781078411.4746196,2680292,0.03685958310961723
1781078414.668167,2681682,0.01600632816553116
1781078417.0442188,2682647,0.01318807527422905
1781078418.562765,2683240,0.017220355570316315
1781078422.1672506,2684461,0.008656742982566357
1781078425.696606,2685973,0.015405752696096897
1781078430.0037498,2687421,0.015823252499103546
1781078430.7417734,2687664,0.029656602069735527
1781078432.6794145,2688314,0.017443524673581123
1781078436.7068548,2689684,0.09806003421545029
1781078441.639034,2691355,0.01053040474653244
1781078445.8791156,2692712,0.03827781602740288
1781078448.9083943,2693708,0.11282205581665039
1781078452.0908623,2694777,0.011135788634419441
1781078453.7692485,2695700,0.06971744447946548
1781078457.6844823,2697003,0.03716115653514862
1781078462.0915112,2698467,0.02431974746286869
1781078464.2003407,2699152,0.00978768803179264
1781078465.9173758,2699739,0.011040108278393745
1781078478.0492418,2700000,0.05101547762751579
1781078482.6289124,2701574,0.003198023419827223
1781078486.9100618,2703329,0.025721674785017967
1781078490.050685,2704390,0.013085217215120792
1781078493.9613178,2705720,0.014255546033382416
1781078495.8027494,2706327,0.09057796001434326
1781078501.5044754,2708199,0.022484689950942993
1781078506.6687803,2709873,0.023580368608236313
1781078509.7396507,2710896,0.032989516854286194
1781078513.5456567,2712188,0.007831912487745285
1781078514.993999,2712674,0.06378774344921112
1781078517.89302,2713956,0.01805277168750763
1781078522.6136904,2715558,0.014877945184707642
1781078525.4193141,2716528,0.01030419860035181
1781078533.508534,2719280,0.016816528514027596
1781078534.4573185,2719609,0.022195888683199883
1781078539.1764407,2721211,0.0177469402551651
1781078543.2125459,2722582,0.0217147096991539
1781078546.5738273,2723702,0.01403900422155857
1781078548.614296,2724408,0.010554958134889603
1781078563.7741733,2725000,0.012004649266600609
1781078565.8854957,2725719,0.019977625459432602
1781078569.81522,2727077,0.012621509842574596
1781078574.5643003,2728678,0.022831741720438004
1781078578.080775,2729910,0.015919331461191177
1781078579.1046026,2730263,0.015171222388744354
1781078582.3357985,2731667,0.051233891397714615
1781078587.6790104,2733515,0.016459684818983078
1781078592.9352696,2735304,0.013155745342373848
1781078597.625084,2736892,0.032096900045871735
1781078599.6219447,2737572,0.11646885424852371
1781078602.9244614,2738699,0.017620377242565155
1781078607.4412305,2740226,0.009499194100499153
1781078611.873965,2741705,0.014758001081645489
1781078616.2765076,2743526,0.02470552735030651
1781078621.1001198,2745191,0.013299803249537945
1781078621.921712,2745472,0.01684506982564926
1781078627.4259553,2747376,0.0055769640021026134
1781078631.0908012,2748632,0.014035077765583992
1781078633.9218578,2749644,0.027063049376010895
1781078649.1732535,2750000,0.031793173402547836
1781078652.2373664,2751063,0.08411800861358643
1781078652.7820578,2751243,0.026836059987545013
1781078656.4026344,2752473,0.012314541265368462
1781078659.8822072,2753631,0.019937608391046524
1781078662.8239117,2754636,0.03588295727968216
1781078666.1074553,2755770,0.016052110120654106
1781078669.9746702,2757092,0.024179723113775253
1781078674.1748188,2758511,0.057868797332048416
1781078678.6925647,2760306,0.010014713741838932
1781078682.6436112,2761661,0.015081655234098434
1781078687.4543276,2763293,0.13305509090423584
1781078687.7394018,2763385,0.00985443964600563
1781078690.8263865,2764425,0.06738598644733429
1781078694.8219137,2765776,0.010065381415188313
1781078699.2840157,2767262,0.1501370072364807
1781078701.4671493,2767995,0.01124630682170391
1781078706.72015,2769741,0.010390507988631725
1781078710.0537255,2771172,0.010641428641974926
1781078713.915263,2772520,0.021405674517154694
1781078717.4187615,2773713,0.00904865749180317
1781078720.3131402,2774720,0.040036752820014954
1781078737.7237732,2775000,0.01281474344432354
1781078738.343107,2775159,0.015462223440408707
1781078742.6176858,2776630,0.005550850182771683
1781078744.7814863,2777362,0.02362820878624916
1781078748.457026,2778566,0.007716924883425236
1781078754.1997285,2780479,0.04385364055633545
1781078754.7303846,2780649,0.011597624979913235
1781078756.927929,2781363,0.04365449398756027
1781078759.0295358,2782054,0.024739496409893036
1781078763.184426,2783469,0.024953238666057587
1781078765.4784653,2784251,0.0444495789706707
1781078766.7204385,2784681,0.01574135571718216
1781078770.7958186,2786376,0.015528617426753044
1781078776.197904,2788236,0.03442942723631859
1781078779.272388,2789273,0.024668283760547638
1781078782.587826,2790322,0.03055598959326744
1781078787.1888385,2791817,0.01712399534881115
1781078791.312052,2793161,0.03812447190284729
1781078794.8689783,2794294,0.00908048264682293
1781078800.9863555,2796342,0.03765546530485153
1781078802.466496,2797138,0.03780951350927353
1781078805.1514685,2797999,0.13490182161331177
1781078810.587774,2799800,0.15592867136001587
1781078825.969881,2800000,0.00824064016342163
1781078829.2958102,2801089,0.005855518393218517
1781078832.6797748,2802245,0.012613200582563877
1781078835.1422284,2803382,0.013225517235696316
1781078837.2392642,2804095,0.008033501915633678
1781078841.402993,2805451,0.04060891643166542
1781078846.0030277,2807016,0.051088571548461914
1781078850.7231376,2808560,0.027104167267680168
1781078851.9698749,2808969,0.029430856928229332
1781078854.3956661,2809802,0.014322608709335327
1781078859.9343154,2811637,0.010457796975970268
1781078864.6270142,2813255,0.009519224986433983
1781078867.5784276,2814517,0.027225639671087265
1781078870.223509,2815451,0.011464630253612995
1781078873.69352,2816651,0.020409664139151573
1781078878.1559153,2818133,0.1155550628900528
1781078881.0339324,2819123,0.014045069925487041
1781078885.5466745,2820693,0.01371289324015379
1781078888.468169,2821675,0.034839969128370285
1781078891.702119,2822809,0.025412891060113907
1781078896.2371182,2824600,0.1029130220413208
1781078909.9355257,2825000,0.028188033029437065
1781078912.6501667,2825867,0.01242072694003582
1781078913.9951248,2826327,0.010076945647597313
1781078918.0170555,2827659,0.013592674396932125
1781078919.5463874,2828172,0.018987257033586502
1781078925.3689334,2830187,0.012331698089838028
1781078927.8323872,2831027,0.018515782430768013
1781078930.5534704,2832223,0.023274563252925873
1781078932.74412,2832965,0.01767006330192089
1781078936.0247493,2834075,0.03128834441304207
1781078939.338996,2835208,0.02400510013103485
1781078945.443003,2837300,0.0806846171617508
1781078948.2028325,2838233,0.02860608883202076
1781078952.5253127,2839693,0.016600020229816437
1781078955.7956579,2840800,0.021348409354686737
1781078958.7162013,2841751,0.025618989020586014
1781078962.8332856,2843454,0.006722342222929001
1781078966.2372248,2844596,0.06084480881690979
1781078968.3321447,2845335,0.0472368486225605
1781078971.0775921,2846744,0.032167285680770874
1781078973.075975,2847752,0.015543932095170021
1781078985.1917164,2850000,0.0213967002928257
1781078985.3681421,2850079,0.009862435050308704
1781078987.6347737,2851207,0.009484261274337769
1781078991.1091058,2853389,0.021534200757741928
1781078991.3045092,2853481,0.011294146068394184
1781078994.5231404,2855040,0.008564651012420654
1781078998.2048101,2856723,0.15526428818702698
1781078999.8087108,2857481,0.052851926535367966
1781079001.5754647,2858332,0.021764256060123444
1781079003.7744045,2859379,0.013063113205134869
1781079006.9256132,2860837,0.01929621398448944
1781079010.080645,2862266,0.01758028008043766
1781079013.6623576,2863825,0.011528132483363152
1781079015.7856433,2864743,0.011621394194662571
1781079018.0304496,2865682,0.10921104997396469
1781079021.2106287,2867176,0.008021384477615356
1781079023.7858655,2868847,0.017893416807055473
1781079025.8859544,2869928,0.06647077202796936
1781079027.759505,2870869,0.030569855123758316
1781079030.4803667,2872250,0.011663715355098248
1781079033.5426288,2873843,0.023294717073440552
1781079034.535806,2874360,0.023015858605504036
1781079048.652679,2875000,0.01977677457034588
1781079052.2978559,2876255,0.07482492923736572
1781079056.2139714,2877854,0.044737160205841064
1781079059.5639274,2879125,0.021537892520427704
1781079063.2544358,2880950,0.1585974246263504
1781079067.1835988,2882903,0.08058330416679382
1781079070.9753613,2884800,0.021787701174616814
1781079074.314885,2886454,0.015062525868415833
1781079074.998803,2886798,0.06928249448537827
1781079078.4679484,2888469,0.029915757477283478
1781079082.0532155,2890077,0.11649107187986374
1781079084.0418224,2891073,0.02365591935813427
1781079087.645569,2893348,0.0071348645724356174
1781079087.829598,2893440,0.019753653556108475
1781079091.340997,2895048,0.021488642320036888
1781079094.7873259,2896719,0.011464348062872887
1781079098.3147974,2898418,0.013113410212099552
1781079099.4373374,2898987,0.010069377720355988
1781079101.2505848,2899897,0.02094629406929016
1781079110.982909,2900000,0.09286021441221237
1781079114.3801827,2901606,0.010742572136223316
1781079116.3867552,2902585,0.008344381116330624
1781079120.3710275,2904306,0.011428214609622955
1781079124.7782574,2905868,0.02528708055615425
1781079126.5216682,2906534,0.018411092460155487
1781079130.7345893,2908082,0.0292977262288332
1781079135.9932802,2909896,0.015829527750611305
1781079140.2191427,2911439,0.0233616940677166
1781079144.8727884,2913248,0.06075906381011009
1781079145.1333008,2913340,0.1723930686712265
1781079148.486878,2915011,0.009416423738002777
1781079152.5049436,2916580,0.013897640630602837
1781079156.4620705,2918117,0.1770116686820984
1781079158.3376215,2918853,0.1680983155965805
1781079162.3825092,2920445,0.015224101953208447
1781079166.5978858,2922023,0.007851183414459229
1781079170.7617106,2923419,0.008841974660754204
1781079185.673388,2925000,0.0198386050760746
1781079186.1901722,2925216,0.12697917222976685
1781079188.6649675,2926225,0.013213777914643288
1781079190.3176913,2926974,0.015952305868268013
1781079193.6330752,2928367,0.02857273444533348
1781079197.7583225,2929995,0.028414620086550713
1781079199.858091,2930885,0.016711976379156113
1781079204.1488187,2932617,0.04972390830516815
1781079205.480398,2933034,0.014833279885351658
1781079207.8309321,2933975,0.01749543845653534
1781079209.9862406,2934980,0.026764042675495148
1781079211.879998,2936130,0.03657843545079231
1781079214.2453763,2937086,0.023071568459272385
1781079216.7368748,2938130,0.01234572846442461
1781079220.1132777,2939664,0.0061492882668972015
1781079223.613607,2941342,0.03758452087640762
1781079226.8478024,2942814,0.01067756675183773
1781079229.0947187,2943842,0.009497739374637604
1781079231.398888,2944882,0.05051494017243385
1781079235.0747733,2946447,0.017831282690167427
1781079238.384663,2947929,0.17602069675922394
1781079242.1098647,2949522,0.0112372487783432
1781079253.1839068,2950000,0.014636551029980183
1781079253.3811276,2950094,0.016302425414323807
1781079256.7485921,2951573,0.013482162728905678
1781079260.7601666,2953457,0.007562203332781792
1781079264.3271072,2955017,0.026402560994029045
1781079271.6100836,2957527,0.010989459231495857
1781079272.2385035,2957746,0.02492726966738701
1781079275.6357796,2959254,0.015092594549059868
1781079281.032787,2961179,0.007316458038985729
1781079281.2979715,2961271,0.033495284616947174
1781079284.6342287,2962473,0.061408594250679016
1781079288.7804987,2963973,0.0600484237074852
1781079290.1440315,2964451,0.03692639619112015
1781079294.093382,2965826,0.005676182918250561
1781079297.8113182,2967143,0.004545333795249462
1781079302.277777,2968734,0.03614426404237747
1781079304.0246515,2969335,0.020086288452148438
1781079306.982227,2970376,0.0883176252245903
1781079311.2890646,2972228,0.016505448147654533
1781079314.5361738,2973377,0.11435551941394806
1781079316.5196018,2974071,0.06899166852235794
1781079334.8284154,2975000,0.022617919370532036
1781079338.1565506,2976127,0.009893804788589478
1781079340.5367074,2977308,0.014818338677287102
1781079345.4977722,2979062,0.009311816655099392
1781079349.9981728,2980656,0.027843166142702103
1781079353.039495,2981763,0.026602698490023613
1781079356.0728264,2982851,0.02189999632537365
1781079358.9199626,2983870,0.012198413722217083
1781079362.3823218,2985106,0.00733913341537118
1781079368.2929122,2987213,0.030088722705841064
1781079371.0148973,2988427,0.005655401386320591
1781079376.130599,2990254,0.009490377269685268
1781079377.9600222,2990952,0.06264705955982208
1781079383.022301,2992775,0.02428777888417244
1781079388.9498382,2994863,0.00887942872941494
1781079391.6420212,2995767,0.03382575139403343
1781079393.8801382,2996536,0.02884988859295845
1781079398.7114804,2998209,0.03179294243454933
1781079400.9331546,2998985,0.01359279453754425
1781079420.371381,3000000,0.020523641258478165
1781079420.551207,3000046,0.023491375148296356
1781079425.1296353,3001639,0.015130550600588322
1781079427.481489,3002478,0.011203732341527939
1781079431.1690717,3003775,0.008411569520831108
1781079433.0847373,3004768,0.01557779312133789
1781079437.7400692,3006389,0.04581402242183685
1781079440.804669,3007512,0.01516956277191639
1781079445.028337,3009249,0.015472630970180035
1781079445.5879815,3009442,0.03427574783563614
1781079449.9547129,3010917,0.018958186730742455
1781079454.0546713,3012338,0.025254301726818085
1781079458.5132236,3013876,0.16889770328998566
1781079461.2412229,3014818,0.02587084099650383
1781079462.9806118,3015433,0.025996185839176178
1781079467.0102556,3017176,0.020411856472492218
1781079470.9244869,3018538,0.007331578992307186
1781079473.2159176,3019328,0.008649937808513641
1781079478.3865957,3021149,0.05728837475180626
1781079480.5970845,3021925,0.020095542073249817
1781079485.676307,3023711,0.012003273703157902
1781079501.4829762,3025000,0.20004333555698395
1781079502.3061676,3025271,0.019612032920122147
1781079506.3950565,3026675,0.029880153015255928
1781079506.7349985,3026799,0.08280685544013977
1781079510.5192437,3028110,0.005822912789881229
1781079513.252636,3029084,0.006365449167788029
1781079515.6661363,3029918,0.018747124820947647
1781079519.6128566,3031321,0.012786734849214554
1781079523.5119658,3032687,0.023618675768375397
1781079525.5773208,3033425,0.018516629934310913
1781079529.3590395,3035063,0.008068006485700607
1781079533.5238633,3036514,0.0127763282507658
1781079535.8844492,3037348,0.24899111688137054
1781079538.676119,3038318,0.006784152239561081
1781079543.0473528,3039856,0.2398243248462677
1781079548.258545,3041662,0.025152677670121193
1781079553.3757935,3043432,0.09809514880180359
1781079558.4331424,3045195,0.007763330824673176
1781079558.9981608,3045404,0.024937156587839127
1781079561.6826642,3046657,0.008395226672291756
1781079566.3494632,3048276,0.23638486862182617
1781079569.9156446,3049521,0.03472284972667694
1781079586.8945756,3050000,0.04298032075166702
1781079590.753288,3051341,0.06263506412506104
1781079591.4296856,3051911,0.011965066194534302
1781079594.5941966,3053044,0.013813775964081287
1781079597.6064322,3054095,0.010108995251357555
1781079601.146935,3055357,0.019742270931601524
1781079606.225381,3057123,0.013240811415016651
1781079610.248527,3058523,0.03511752560734749
1781079611.6931257,3059035,0.1485067754983902
1781079616.703788,3060755,0.05302281677722931
1781079621.3686943,3062386,0.05833277106285095
1781079622.249897,3062691,0.011587684974074364
1781079626.3132932,3064421,0.01833888329565525
1781079629.9043775,3065678,0.15500207245349884
1781079633.8868115,3067058,0.03780023753643036
1781079638.6328306,3068719,0.05912645161151886
1781079639.9966888,3069191,0.01794235035777092
1781079644.986765,3070928,0.03872210904955864
1781079646.0241086,3071295,0.08592014014720917
1781079649.881763,3072657,0.030397504568099976
1781079654.534445,3074612,0.029802231118083
1781079669.6790044,3075000,0.04291579872369766
1781079671.91879,3075756,0.009889267385005951
1781079674.794792,3076733,0.038579005748033524
1781079678.2633271,3077955,0.039997562766075134
1781079682.2861617,3079395,0.11483205854892731
1781079686.200214,3080762,0.042929813265800476
1781079690.5072625,3082612,0.014362693764269352
1781079693.6429722,3083664,0.0120768491178751
1781079695.4210453,3084260,0.041961994022130966
1781079700.9896507,3086222,0.02265922725200653
1781079705.2211158,3087664,0.013031535781919956
1781079708.1676972,3088703,0.043147847056388855
1781079710.1537302,3089390,0.014375174418091774
1781079711.9412272,3090005,0.014390491880476475
1781079716.5449429,3091658,0.05809130147099495
1781079721.444034,3093700,0.04933466762304306
1781079724.1648455,3094634,0.08986129611730576
1781079727.4728625,3095793,0.027424171566963196
1781079730.764522,3096925,0.013550208881497383
1781079734.9076278,3098354,0.008473061956465244
1781079738.1906085,3099478,0.008191988803446293
1781079753.7973108,3100000,0.14797431230545044
1781079754.2521954,3100144,0.05804499611258507
1781079758.8569202,3101726,0.03908292576670647
1781079760.0608048,3102147,0.08555378019809723
1781079764.1543405,3103576,0.011820049956440926
1781079769.7780895,3105529,0.01771591603755951
1781079773.5302465,3106872,0.009596752002835274
1781079774.2510793,3107125,0.015720559284090996
1781079778.0325208,3108459,0.039557866752147675
1781079780.6328738,3109691,0.02080487832427025
1781079781.995701,3110164,0.050236910581588745
1781079788.0278122,3112317,0.05078002065420151
1781079788.5912516,3112517,0.03722329065203667
1781079792.7508698,3113993,0.22815242409706116
1781079797.4349983,3115624,0.003862854093313217
1781079802.682413,3117444,0.04297490045428276
1781079807.0598743,3119006,0.012757069431245327
1781079809.3129382,3119797,0.02263169176876545
1781079812.764757,3121010,0.017008211463689804
1781079817.1972144,3122883,0.07401691377162933
1781079821.2358804,3124303,0.02568504959344864
1781079837.6381173,3125000,0.03458187356591225
1781079839.5167751,3125610,0.008273369632661343
1781079841.0872712,3126163,0.01707712560892105
1781079843.8699732,3127423,0.016414573416113853
1781079848.3047314,3128955,0.08589351177215576
1781079853.2738678,3130698,0.007206078618764877
1781079857.181141,3132054,0.16777661442756653
1781079860.7403991,3133289,0.032381221652030945
1781079862.7258034,3133986,0.09857011586427689
1781079866.6515918,3135357,0.00929195061326027
1781079871.4993672,3137040,0.032921165227890015
1781079873.9858313,3137933,0.036947909742593765
1781079875.6345444,3138839,0.012211887165904045
1781079880.292357,3140484,0.03761883080005646
1781079882.9741528,3141418,0.02180657908320427
1781079889.251852,3143625,0.02659207582473755
1781079891.8854883,3144552,0.01147877424955368
1781079895.0413027,3145684,0.00795722659677267
1781079898.2359831,3146793,0.03666605055332184
1781079903.047005,3148486,0.0192523542791605
1781079907.0634835,3149928,0.026499079540371895
1781079933.2815824,3150000,0.011294081807136536
1781079935.9459395,3150937,0.045789625495672226
1781079938.0992687,3151688,0.008047951385378838
1781079940.5515833,3152879,0.034701552242040634
1781079945.6539166,3154684,0.008718338795006275
1781079950.2782462,3156273,0.01940980926156044
1781079953.7439568,3157472,0.2705114781856537
1781079958.9860735,3159299,0.007688530720770359
1781079960.1607628,3159710,0.023161398246884346
1781079962.7353516,3160621,0.028807945549488068
1781079967.4943426,3162308,0.01218305341899395
1781079969.88356,3163152,0.01642441377043724
1781079971.0417776,3163856,0.12760192155838013
1781079976.677571,3165828,0.0052579911425709724
1781079981.3976948,3167511,0.027688240632414818
1781079983.8923914,3168397,0.04296897351741791
1781079988.6237593,3170125,0.017066819593310356
1781079991.730607,3171199,0.02920004352927208
1781079995.5067368,3172531,0.20294423401355743
1781079999.5723696,3173951,0.00719849206507206
1781080015.3074598,3175000,0.04910983517765999
1781080017.499998,3175750,0.022523725405335426
1781080020.4814084,3176795,0.01714278943836689
1781080024.9668536,3178350,0.06762363016605377
1781080027.3537924,3179206,0.0571732223033905
1781080032.1596806,3180893,0.02628408744931221
1781080034.2582026,3181948,0.04452791064977646
1781080038.5150673,3183436,0.05441420152783394
1781080039.6214254,3183818,0.0095196682959795
1781080044.7925103,3185655,0.016439218074083328
1781080046.7257383,3186336,0.02046777307987213
1781080049.8114388,3187416,0.00796860083937645
1781080054.3033726,3189007,0.007481659762561321
1781080057.4066925,3190095,0.024429619312286377
1781080060.6517973,3191241,0.01838124543428421
1781080063.9233844,3192397,0.013424275442957878
1781080065.3131847,3192885,0.01022933330386877
1781080072.3274324,3195675,0.05571542680263519
1781080073.7542841,3196182,0.021481335163116455
1781080074.013469,3196274,0.02130141854286194
1781080078.795219,3197971,0.010038203559815884
1781080080.9549305,3198732,0.03593476861715317
1781080097.795198,3200000,0.01964092254638672
1781080099.997048,3200765,0.03354507312178612
1781080101.0742664,3201142,0.020379679277539253
1781080104.1174078,3202200,0.08319471776485443
1781080108.3397012,3203682,0.025054479017853737
1781080112.5749547,3205163,0.030354531481862068
1781080116.7062926,3206589,0.02863467112183571
1781080118.324762,3207158,0.02352624572813511
1781080120.074948,3207779,0.046238046139478683
1781080122.229675,3208541,0.16499397158622742
1781080125.906274,3209829,0.031194094568490982
1781080128.7862568,3211182,0.022657962515950203
1781080130.180586,3211670,0.07149452716112137
1781080134.9552372,3213363,0.020126108080148697
1781080138.206253,3214503,0.026112644001841545
1781080144.146444,3216640,0.011666438542306423
1781080146.6869392,3217522,0.007987556979060173
1781080150.2765355,3218784,0.01757793128490448
1781080153.829631,3220040,0.009659402072429657
1781080158.7885056,3221783,0.05415719747543335
1781080163.4230351,3223740,0.036790188401937485
1781080165.409499,3224440,0.013492503203451633
1781080177.5050611,3225000,0.03663662448525429
1781080179.8742802,3226215,0.015949130058288574
1781080180.3834465,3226469,0.03931064158678055
1781080181.85118,3227230,0.32315218448638916
1781080183.0741258,3227855,0.011499695479869843
1781080184.1716273,3228422,0.05901331454515457
1781080186.2721772,3229501,0.03148569539189339
1781080189.3917527,3231109,0.03837243467569351
1781080191.3791497,3232133,0.014548877254128456
1781080193.922239,3233920,0.01607983559370041
1781080196.1143281,3235046,0.037315502762794495
1781080198.166933,3236121,0.005305169615894556
1781080199.532608,3236833,0.013682739809155464
1781080202.947439,3238591,0.015078581869602203
1781080204.9067583,3239518,0.039062149822711945
1781080207.4238095,3240746,0.014112010598182678
1781080211.5890672,3242638,0.08567365258932114
1781080211.9128103,3242756,0.05499766767024994
1781080215.30713,3243959,0.02373218536376953
1781080218.311002,3245128,0.0321122407913208
1781080222.7868218,3246857,0.02162621170282364
1781080223.7423823,3247495,0.017909003421664238
1781080225.4494774,3248082,0.03437934070825577
1781080230.2895792,3249828,0.01676754467189312
1781080246.1131237,3250000,0.04838152602314949
1781080248.8975778,3251068,0.02661602571606636
1781080252.3219213,3252320,0.006261257920414209
1781080255.0372534,3253559,0.008809465914964676
1781080258.6596406,3254813,0.01788678951561451
1781080262.7899063,3256427,0.06869711726903915
1781080265.540068,3257470,0.06252656131982803
1781080269.4324973,3258823,0.009211809374392033
1781080274.3887286,3260605,0.1516488492488861
1781080276.0790954,3261268,0.04712182283401489
1781080280.0676975,3262799,0.057618215680122375
1781080285.0052996,3264480,0.42260831594467163
1781080287.4626985,3265632,0.02479242905974388
1781080289.4220414,3266386,0.021052291616797447
1781080292.1862335,3267470,0.16263413429260254
1781080294.7221408,3268465,0.01737707108259201
1781080297.097684,3269337,0.012704363092780113
1781080298.7070055,3269895,0.03882491961121559
1781080302.2013516,3271114,0.06979695707559586
1781080306.2003796,3272574,0.17973926663398743
1781080310.1129773,3274129,0.024473821744322777
1781080325.1042297,3275000,0.011526900343596935
1781080325.5109854,3275159,0.013811158947646618
1781080326.7819352,3275647,0.07004185020923615
1781080329.9084892,3276778,0.09468003362417221
1781080334.0965526,3278289,0.023248417302966118
1781080338.9292884,3280191,0.017154715955257416
1781080343.7728841,3281845,0.011565867811441422
1781080344.8599024,3282188,0.012141385115683079
1781080349.6005187,3283743,0.019534505903720856
1781080353.0509167,3285335,0.02250079996883869
1781080358.1191194,3287490,0.11837948113679886
1781080361.8442934,3288792,0.033246446400880814
1781080368.9304814,3291291,0.009324109181761742
1781080369.8840098,3291621,0.041259124875068665
1781080372.7724197,3292645,0.031895898282527924
1781080375.945023,3293757,0.06374672055244446
1781080379.7429647,3295087,0.00848762784153223
1781080381.4871051,3295704,0.03235185146331787
1781080384.3477044,3297030,0.02418377622961998
1781080386.5739837,3297812,0.023631790652871132
1781080390.3751702,3299153,0.024431219324469566
1781080406.7598364,3300000,0.013353503309190273
1781080406.9238966,3300047,0.011626588180661201
1781080410.143966,3301192,0.030843188986182213
1781080412.9152036,3302173,0.014316707849502563
1781080414.0334144,3302899,0.01825885847210884
1781080419.374427,3304770,0.020603423938155174
1781080421.9882507,3305690,0.012136997655034065
1781080423.0867913,3306071,0.06949285417795181
1781080425.4205022,3306874,0.03612080216407776
1781080427.6400092,3307649,0.033461134880781174
1781080431.605385,3309017,0.0320027656853199
1781080435.7561252,3310485,0.03748970106244087
1781080440.683351,3312231,0.1800093799829483
1781080444.1876295,3313472,0.009119795635342598
1781080444.7595863,3313679,0.014224942773580551
1781080447.7614114,3315030,0.03562112897634506
1781080451.9352689,3316483,0.008556310087442398
1781080453.958672,3317178,0.013379083946347237
1781080458.837661,3318883,0.028871459886431694
1781080463.1019228,3320377,0.006600234657526016
1781080469.0886269,3322464,0.02647608332335949
1781080474.53387,3324371,0.12595516443252563
1781080492.359728,3325000,0.007002799306064844
1781080494.2124026,3325649,0.011193937622010708
1781080497.3737295,3326742,0.0735287144780159
1781080500.3881319,3327796,0.009760243818163872
1781080504.3387754,3329209,0.005373026244342327
1781080507.8717327,3330470,0.14466245472431183
1781080508.8444693,3331129,0.026714274659752846
1781080512.6899986,3332473,0.036668263375759125
1781080516.6818645,3333877,0.014871787279844284
1781080519.7420635,3334968,0.03483150526881218
1781080524.872711,3336758,0.014103798195719719
1781080528.3921084,3338000,0.026169585064053535
1781080529.1686692,3338268,0.01615126058459282
1781080532.0950963,3339283,0.022183917462825775
1781080536.9683433,3340983,0.016290437430143356
1781080540.7453437,3342638,0.004897408187389374
1781080543.0089622,3343434,0.021904099732637405
1781080547.3799052,3344989,0.039482247084379196
1781080548.0342207,3345207,0.018878553062677383
1781080551.292211,3346346,0.013673553243279457
1781080556.130874,3348036,0.020175673067569733
1781080557.570025,3348539,0.009258517995476723
1781080576.7122302,3350000,0.02263452857732773
1781080578.285262,3350529,0.008885495364665985
1781080580.1015506,3351167,0.02323232591152191
1781080583.4870994,3352349,0.01360776461660862
1781080586.7883046,3353492,0.008695811033248901
1781080589.4097812,3354410,0.017481964081525803
1781080592.9034352,3355654,0.015774887055158615
1781080595.797081,3356676,0.07862715423107147
1781080598.8446636,3357758,0.03151589632034302
1781080602.3495927,3359318,0.026224372908473015
1781080607.1177843,3360988,0.02028990536928177
1781080610.7798913,3362288,0.021658705547451973
1781080611.976252,3362706,0.04132220521569252
1781080617.2786899,3364589,0.006408825516700745
1781080619.3849924,3365328,0.0303632952272892
1781080623.4542856,3366765,0.009517188183963299
1781080629.9236412,3369026,0.04271695017814636
1781080631.1886346,3369461,0.07922609895467758
1781080633.994262,3370757,0.040361057966947556
1781080638.467536,3372287,0.013948583044111729
1781080640.2475097,3372898,0.012968799099326134
1781080644.0808702,3374247,0.007206246722489595
1781080662.539473,3375000,0.013475271873176098
1781080664.4955058,3375666,0.04698963090777397
1781080667.22848,3376958,0.01864854246377945
1781080672.9826362,3378970,0.1010969951748848
1781080675.6739972,3379897,0.013654565438628197
1781080678.2722733,3380799,0.02597956359386444
1781080679.5493197,3381253,0.00530279241502285
1781080681.9763668,3382106,0.027122730389237404
1781080686.5223713,3383686,0.013616407290101051
1781080690.3144572,3384979,0.01028617937117815
1781080692.9641438,3385908,0.056463416665792465
1781080696.9157343,3387284,0.005859739612787962
1781080700.5856965,3388886,0.0118708536028862
1781080704.0584967,3390088,0.01972925290465355
1781080705.5286398,3390598,0.012716742232441902
1781080709.4440417,3391971,0.0351417250931263
1781080712.9403217,3393198,0.031153462827205658
1781080716.3416595,3394391,0.037250980734825134
1781080720.2001605,3395741,0.11021082103252411
1781080722.887489,3396718,0.013713396154344082
1781080726.8954344,3398145,0.021749062463641167
1781080727.9135973,3398679,0.029806265607476234
1781080738.1289797,3400000,0.047990478575229645
1781080738.6566966,3400239,0.014423517510294914
1781080741.4272885,3401668,0.058659158647060394
1781080743.4898424,3402735,0.02165992185473442
1781080745.725673,3403909,0.07314600795507431
1781080748.245273,3405218,0.02214416302740574
1781080751.390162,3406876,0.019153088331222534
1781080753.8312886,3408163,0.020358867943286896
1781080755.76333,3409184,0.03594813868403435
1781080759.1745682,3410985,0.024533186107873917
1781080760.6684117,3411777,0.024209558963775635
1781080762.3639908,3413131,0.011060280725359917
1781080764.8837473,3414438,0.009343896061182022
1781080767.3476326,3415723,0.029266349971294403
1781080768.353645,3416243,0.00849276315420866
1781080771.7268288,3418011,0.13862909376621246
1781080774.8320205,3419647,0.014744924381375313
1781080776.4672403,3420508,0.014457978308200836
1781080777.4833283,3421036,0.004625945817679167
1781080781.8265264,3423298,0.010610631667077541
1781080783.9577363,3424230,0.020376527681946754
1781080799.2271526,3425000,0.02997604012489319
1781080801.3871667,3425777,0.07933429628610611
1781080804.65354,3427062,0.016510266810655594
1781080808.4560869,3428508,0.032731056213378906
1781080809.8771057,3429000,0.019991151988506317
1781080813.729874,3430382,0.011541503481566906
1781080817.9552867,3431978,0.012648697011172771
1781080822.558832,3433779,0.008138097822666168
1781080826.8785222,3435587,0.009701346047222614
1781080828.3744462,3436090,0.009337006136775017
1781080832.0186906,3437480,0.01985194720327854
1781080835.311356,3438751,0.0318373441696167
1781080839.4568982,3440305,0.022789372131228447
1781080842.565338,3441396,0.02152707614004612
1781080846.9293818,3443024,0.0054153515957295895
1781080849.6493866,3444114,0.0057235294952988625
1781080853.4198146,3445555,0.008374429307878017
1781080856.2293444,3446849,0.047077856957912445
1781080861.7741675,3448897,0.018573250621557236
1781080863.9399376,3449741,0.011696476489305496
1781080880.037174,3450000,0.07962168753147125
1781080883.8440866,3451335,0.01724768429994583
1781080886.7116072,3452450,0.005728723481297493
1781080889.891955,3453984,0.012519566342234612
1781080893.5348594,3455432,0.009776145219802856
1781080895.7872066,3456312,0.048974983394145966
1781080899.0979564,3457511,0.016350775957107544
1781080900.797673,3458122,0.028877245262265205
1781080904.4610941,3459498,0.020052501931786537
1781080907.7876656,3460829,0.03588962182402611
1781080912.9681485,3462721,0.08804477751255035
1781080915.6038759,3463663,0.03709025681018829
1781080918.0851452,3464545,0.02409304305911064
1781080920.8371222,3466004,0.012319754809141159
1781080924.4737258,3467431,0.02995350770652294
1781080928.0845034,3468725,0.06877000629901886
1781080930.809252,3469685,0.0199025459587574
1781080935.7011795,3471573,0.011368192732334137
1781080939.9019208,3473213,0.010605577379465103
1781080942.189533,3474005,0.025577522814273834
1781080944.7714288,3474906,0.01874496228992939
1781080957.5842416,3475000,0.018224231898784637
1781080959.632946,3475713,0.03874348849058151
1781080962.6622603,3476845,0.011591671034693718
1781080965.8419888,3478078,0.013982677832245827
1781080970.3347526,3479743,0.007710425648838282
1781080972.662681,3480566,0.1239958330988884
1781080977.4231536,3482281,0.016864817589521408
1781080981.8438118,3484010,0.04658399522304535
1781080984.5980382,3485309,0.018033845350146294
1781080987.1468897,3486218,0.020525574684143066
1781080993.7018924,3488665,0.21716494858264923
1781080994.8196344,3489092,0.025161730125546455
1781080998.6490679,3490547,0.035241156816482544
1781081002.4259007,3491927,0.09345495700836182
1781081007.965887,3494004,0.02128068543970585
1781081011.7320142,3495497,0.018342774361371994
1781081012.2298195,3495694,0.05181913822889328
1781081017.3590431,3497817,0.012409914284944534
1781081020.8309622,3499058,0.009605619125068188
1781081036.6904519,3500000,0.03589212894439697
1781081037.772067,3500394,0.06486089527606964
1781081041.3485503,3501784,0.014994973316788673
1781081041.6221504,3501874,0.015636077150702477
1781081044.9004626,3503339,0.028415407985448837
1781081046.8635402,3504017,0.012614402920007706
1781081052.6760755,3506234,0.045711059123277664
1781081054.117127,3506804,0.007913123816251755
1781081057.3881464,3508031,0.1506895273923874
1781081060.7234352,3509206,0.04874759167432785
1781081062.6205187,3509842,0.022266535088419914
1781081065.8983138,3511094,0.04123561456799507
1781081071.7327802,3513327,0.045285142958164215
1781081074.699156,3514330,0.0065314448438584805
1781081078.1566985,3515797,0.024334242567420006
1781081082.3317633,3517434,0.0307218786329031
1781081085.694635,3518750,0.322909414768219
1781081087.4844472,3519394,0.03252546116709709
1781081090.3707743,3520401,0.021315142512321472
1781081094.0551023,3521727,0.023718897253274918
1781081098.635833,3523542,0.10291318595409393
1781081101.7039027,3524672,0.005357024725526571
1781081117.9254014,3525000,0.0057999189011752605
1781081121.8827796,3526351,0.007813135161995888
1781081123.0547907,3526801,0.010322153568267822
1781081126.6943295,3528225,0.02894807606935501
1781081131.4740152,3530045,0.013442972674965858
1781081135.0290608,3531293,0.013784559443593025
1781081135.7025979,3531519,0.03490724042057991
1781081138.075047,3532364,0.011765383183956146
1781081140.8944201,3533840,0.02678823098540306
1781081145.0949488,3535442,0.015033159404993057
1781081146.8681004,3536086,0.07268605381250381
1781081152.2935178,3538075,0.03116162121295929
1781081155.3979292,3539174,0.019309895113110542
1781081157.5117555,3539945,0.04969065636396408
1781081163.1738517,3542196,0.015083670616149902
1781081165.6189058,3543163,0.019696934148669243
1781081167.9296505,3544078,0.026523549109697342
1781081171.2030253,3545245,0.009704013355076313
1781081174.2152562,3546647,0.01538071595132351
1781081178.527034,3548334,0.01524671632796526
1781081182.5806184,3549934,0.14927779138088226
1781081198.347877,3550000,0.07074407488107681
1781081199.5464125,3550393,0.26044055819511414
1781081203.2045305,3551682,0.2443738877773285
1781081205.4480448,3552847,0.012404296547174454
1781081210.1440096,3554741,0.01198633387684822
1781081212.4098687,3555588,0.17899687588214874
1781081215.609734,3556688,0.018585721030831337
1781081217.131206,3557216,0.009794711135327816
1781081221.9916801,3559058,0.006989859044551849
1781081225.627298,3560504,0.02138432115316391
1781081228.653724,3561574,0.027948059141635895
1781081231.5761218,3562550,0.028894972056150436
1781081232.8902702,3563008,0.018242042511701584
1781081235.082615,3564171,0.03103896602988243
1781081238.87527,3565644,0.09062451869249344
1781081241.8953638,3566858,0.031920213252305984
1781081244.7293978,3567918,0.03618783503770828
1781081248.9074173,3569410,0.010035531595349312
1781081252.9126346,3570807,0.014692062512040138
1781081257.753133,3572657,0.029825814068317413
1781081258.624792,3573009,0.09165557473897934
1781081263.0772183,3574711,0.05044002830982208
1781081277.912919,3575000,0.008958617225289345
1781081279.6646569,3575597,0.005738810636103153
1781081283.6636987,3576973,0.012636537663638592
1781081288.6776402,3578986,0.018095029518008232
1781081292.3050854,3580359,0.02737664245069027
1781081296.318723,3581726,0.152296245098114
1781081296.621805,3581818,0.026398517191410065
1781081300.3308237,3583526,0.01550391223281622
1781081303.4718654,3584765,0.03150491788983345
1781081304.773095,3585286,0.010850361548364162
1781081310.5631192,3587282,0.02995253913104534
1781081310.8208663,3587374,0.03413333743810654
1781081314.7810872,3588848,0.013630835339426994
1781081319.322834,3590652,0.035580623894929886
1781081321.3999856,3591417,0.03597903251647949
1781081327.5768697,3593652,0.05479138717055321
1781081329.3143013,3594311,0.04173920303583145
1781081331.895579,3595721,0.10895320028066635
1781081336.425326,3597444,0.011483114212751389
1781081340.913954,3599018,0.01997738890349865
1781081356.3587859,3600000,0.1139567568898201
1781081356.8914504,3600184,0.022492006421089172
1781081358.22201,3600662,0.0165486391633749
1781081361.5325224,3602190,0.01273292675614357
1781081366.4778116,3604171,0.027087876573204994
1781081369.281418,3605258,0.010059751570224762
1781081375.1697142,3607345,0.033959001302719116
1781081375.6414247,3607516,0.03330256789922714
1781081377.9580092,3608423,0.033134642988443375
1781081381.941808,3609996,0.009660270065069199
1781081383.3276198,3610543,0.01003002468496561
1781081386.1991122,3611568,0.014156060293316841
1781081389.70057,3612817,0.02038908377289772
1781081393.0645008,3614444,0.009041646495461464
1781081395.9498622,3615600,0.030430711805820465
1781081397.5677526,3616247,0.015945708379149437
1781081401.306763,3617623,0.07364876568317413
1781081406.3499525,3619459,0.058797720819711685
1781081410.5860534,3621137,0.026248877868056297
1781081415.2761173,3622899,0.015590831637382507
1781081418.596657,3624072,0.05617569759488106
1781081420.0035746,3624559,0.016288258135318756
1781081421.0915496,3624959,0.010007738135755062
1781081432.5468428,3625000,0.02077987790107727
1781081435.0216923,3625876,0.011220813728868961
1781081440.171149,3627866,0.0539938323199749
1781081444.6529775,3629515,0.008836939930915833
1781081445.3359625,3629735,0.015579630620777607
1781081448.3009236,3630863,0.01703638583421707
1781081451.353767,3632046,0.008652793243527412
1781081455.4542902,3633642,0.0259097870439291
1781081456.592081,3634340,0.012556669302284718
1781081460.5925014,3635815,0.012244246900081635
1781081463.1271257,3636789,0.009974423795938492
1781081466.3080854,3638055,0.011711589992046356
1781081470.307769,3639585,0.018666444346308708
1781081472.8331587,3640492,0.014646973460912704
1781081477.3687637,3642203,0.006828121840953827
1781081477.6280699,3642295,0.03801526129245758
1781081481.2725267,3643707,0.04348022863268852
1781081485.4514132,3645255,0.01570776104927063
1781081487.777454,3646379,0.01833195984363556
1781081490.068372,3647196,0.015337048098444939
1781081492.9922242,3648339,0.033026352524757385
1781081495.1967237,3649216,0.03773936629295349
1781081511.7749624,3650000,0.014272390864789486
1781081514.3843987,3650932,0.03498966991901398
1781081518.191117,3652256,0.017281245440244675
1781081519.6767864,3653097,0.008491547778248787
1781081523.2719672,3654507,0.015007149428129196
1781081525.8477206,3655516,0.09649723023176193
1781081530.4513826,3657129,0.02080780453979969
1781081533.2418654,3658096,0.02578340657055378
1781081536.933884,3659337,0.008457569405436516
1781081538.7398784,3660042,0.017948748543858528
1781081542.6863515,3661576,0.009737087413668633
1781081546.4548953,3662945,0.01668611168861389
1781081550.4526556,3664326,0.03623364120721817
1781081551.4731805,3665001,0.03300558030605316
1781081554.6038575,3666152,0.021084297448396683
1781081558.945981,3667820,0.03595181554555893
1781081560.6648402,3668487,0.008383320644497871
1781081567.007977,3670792,0.012332683429121971
1781081567.742969,3671061,0.01074582152068615
1781081571.1914413,3672309,0.012478446587920189
1781081574.9075937,3673812,0.015012659132480621
1781081589.858176,3675000,0.01074923761188984
1781081590.9318354,3675408,0.03893287107348442
1781081591.8935049,3675758,0.006925293244421482
1781081596.7019742,3677485,0.009811965748667717
1781081599.059131,3678304,0.05794157832860947
1781081603.8362558,3680188,0.00917520560324192
1781081606.4158108,3681202,0.014762096107006073
1781081610.6181374,3682705,0.023387862369418144
1781081613.582939,3683751,0.010474614799022675
1781081614.403454,3684382,0.09769582748413086
1781081618.5733063,3686068,0.009217279963195324
1781081623.1274338,3687789,0.01334049366414547
1781081624.4615653,3688252,0.013106884434819221
1781081628.228201,3689646,0.009904337115585804
1781081629.936689,3690302,0.015392127446830273
1781081633.3939,3691684,0.004009898751974106
1781081638.7997015,3693719,0.014746616594493389
1781081641.2776184,3694597,0.024005169048905373
1781081645.5501919,3696200,0.02538316696882248
1781081647.11616,3697173,0.025285206735134125
1781081651.906837,3699032,0.00858011282980442
1781081670.0887988,3700000,0.03978123515844345
1781081670.8098342,3700255,0.025720883160829544
1781081675.3988037,3702015,0.0049069104716181755
1781081676.4714072,3702444,0.02126128226518631
1781081679.3017557,3703924,0.008800730109214783
1781081683.3568513,3705378,0.009902924299240112
1781081686.4625897,3706481,0.004575064405798912
1781081690.7683,3708192,0.013184087350964546
1781081693.4588554,3709242,0.005759555846452713
1781081697.325237,3710636,0.024088332429528236
1781081702.4419975,3712487,0.01827593520283699
1781081705.4680903,3713688,0.017468448728322983
1781081708.0832229,3715065,0.025294248014688492
1781081711.2606144,3716208,0.016034964472055435
1781081714.4638343,3717403,0.005853756330907345
1781081719.0523603,3719195,0.012476248666644096
1781081723.0004601,3720572,0.012107938528060913
1781081725.342828,3721396,0.015762774273753166
1781081726.757805,3721937,0.01661532185971737
1781081730.9485762,3723510,0.028216030448675156
1781081749.0115867,3725000,0.020424026995897293
1781081749.7088575,3725264,0.00924297422170639
1781081754.7864292,3727111,0.0158784631639719
1781081758.8139873,3728562,0.014108710922300816
1781081763.5940666,3730458,0.06781972944736481
1781081763.8332646,3730550,0.01951390877366066
1781081769.1029792,3732543,0.00952113140374422
1781081772.914016,3734229,0.041691411286592484
1781081776.8484132,3735769,0.009087340906262398
1781081778.7319834,3736525,0.006067023612558842
1781081781.360663,3737563,0.01164270006120205
1781081785.3631086,3739004,0.08173061162233353
1781081789.848739,3740623,0.05202649533748627
1781081791.5310123,3741285,0.021266499534249306
1781081793.7444885,3742167,0.03264236077666283
1781081796.7562838,3743359,0.014331752434372902
1781081799.4164999,3744283,0.046017080545425415
1781081801.5590193,3745027,0.019893672317266464
1781081804.2658832,3746367,0.013621870428323746
1781081806.2464542,3747169,0.01342976838350296
1781081808.3297274,3748007,0.07071390002965927
1781081810.0290968,3748677,0.010213026776909828
1781081826.9949381,3750000,0.012911001220345497
1781081827.2302158,3750092,0.030489932745695114
1781081829.2416704,3750890,0.04613877087831497
1781081833.9241698,3752668,0.012261790223419666
1781081837.1982434,3754138,0.021993670612573624
1781081840.7100415,3755511,0.019639231264591217
1781081845.1060865,3757279,0.07572730630636215
1781081846.8751569,3757911,0.005465109832584858
1781081851.9464123,3759780,0.027227362617850304
1781081854.6841729,3760750,0.19788895547389984
1781081857.5450966,3761908,0.023565854877233505
1781081861.6595185,3763503,0.014983076602220535
1781081864.4202752,3764513,0.010927891358733177
1781081866.2546148,3765499,0.006154326722025871
1781081870.5623777,3767189,0.00564411748200655
1781081875.593148,3769164,0.017608780413866043
1781081879.9029417,3770681,0.031999390572309494
1781081883.8824348,3772091,0.025837045162916183
1781081885.550621,3772754,0.07220746576786041
1781081889.753194,3774425,0.011286619119346142
1781081905.6574607,3775000,0.06481862813234329
1781081909.1057732,3776182,0.011370155960321426
1781081913.2724676,3777748,0.03427872061729431
1781081915.5245104,3778631,0.00952078215777874
1781081918.552671,3779845,0.01041374821215868
1781081922.8490546,3781403,0.04288209602236748
1781081927.752558,3783280,0.011169363744556904
1781081930.8885984,3784870,0.030487116426229477
1781081935.6568422,3786611,0.008996883407235146
1781081937.1416616,3787117,0.017667021602392197
1781081940.624121,3788347,0.01304022129625082
1781081944.949293,3790036,0.012611090205609798
1781081949.2821658,3791687,0.03461398184299469
1781081953.4059865,3793144,0.0225182194262743
1781081957.4918964,3794655,0.01751045137643814
1781081958.3893888,3794992,0.009458541870117188
1781081961.5038142,3796542,0.005303043406456709
1781081965.3864667,3797926,0.058559760451316833
1781081966.6116962,3798344,0.0022437418811023235
1781081970.197212,3799639,0.06401737034320831
1781081983.5067072,3800000,0.021035220474004745
1781081983.7153897,3800066,0.018749497830867767
1781081987.687865,3801506,0.01731661707162857
1781081990.5121212,3802528,0.04040783643722534
1781081993.0977306,3803748,0.017166346311569214
1781081998.2615519,3805603,0.012483109720051289
1781082000.7163541,3806477,0.023869525641202927
1781082004.1175106,3807685,0.013814926147460938
1781082008.9937894,3809428,0.00665167486295104
1781082009.7128677,3809689,0.017068643122911453
1781082013.9449265,3811205,0.02370825596153736
1781082018.4039438,3812804,0.013391648419201374
1781082020.267692,3813479,0.009503219276666641
1781082025.097401,3815474,0.011389251798391342
1781082028.2463975,3816616,0.10570358484983444
1781082035.5679598,3819244,0.03368409350514412
1781082036.1436226,3819449,0.017824824899435043
1781082041.902304,3821514,0.03336165472865105
1781082044.5861871,3822475,0.011803778819739819
1781082049.8907423,3824384,0.032186076045036316
1781082050.8377163,3824727,0.018832549452781677
1781082066.3463295,3825000,0.047058604657649994
1781082069.517979,3826119,0.005750155076384544
1781082074.3129458,3827829,0.01677612215280533
1781082078.273141,3829244,0.015525128692388535
1781082083.6359782,3831172,0.005442644003778696
1781082084.6639776,3831536,0.01659364625811577
1781082087.1492817,3832418,0.02454674243927002
1781082090.477139,3833934,0.09220060706138611
1781082094.237317,3835282,0.03293377906084061
1781082096.7238922,3836172,0.011317462660372257
1781082101.6378796,3837905,0.03274274244904518
1781082103.4944255,3838575,0.03913083299994469
1781082105.6927428,3839357,0.019312869757413864
1781082111.8291783,3841570,0.005693076644092798
1781082115.5783637,3842906,0.007229806389659643
1781082117.9508324,3843761,0.013629498891532421
1781082120.2675226,3844898,0.01405075378715992
1781082125.003054,3846573,0.03565720468759537
1781082129.127616,3848025,0.04058559611439705
1781082134.4374883,3849925,0.009133629500865936
1781082148.468427,3850000,0.014752505347132683
1781082148.6953092,3850065,0.022433850914239883
1781082150.4890723,3850711,0.03247442841529846
1781082153.0832782,3851964,0.0949668437242508
1781082158.111755,3853764,0.023320069536566734
1781082159.4630656,3854243,0.022952783852815628
1781082162.4464116,3855306,0.22541691362857819
1781082163.624798,3855733,0.13972623646259308
1781082167.7831106,3857221,0.01944008469581604
1781082172.3736799,3858828,0.06355323642492294
1781082174.1025908,3859468,0.019984573125839233
1781082177.6451209,3860733,0.04042503237724304
1781082180.6092322,3861781,0.040940605103969574
1781082183.2012074,3863031,0.054538581520318985
1781082188.1978753,3864850,0.01750621758401394
1781082190.3036687,3865607,0.009145566262304783
1781082193.1399343,3866605,0.02509189397096634
1781082195.0615327,3867284,0.21762186288833618
1781082197.8243735,3868279,0.030943114310503006
1781082201.9025683,3869703,0.054146960377693176
1781082204.7272975,3870691,0.02943120151758194
1781082209.05698,3872236,0.15173092484474182
1781082212.1571627,3873337,0.02580389194190502
1781082214.9312108,3874665,0.029926981776952744
1781082228.5088437,3875000,0.013383501209318638
1781082232.4484963,3876391,0.01672290451824665
1781082235.9932594,3877658,0.28894147276878357
1781082238.4902904,3878544,0.02357674576342106
1781082242.29488,3879888,0.006770945154130459
1781082244.4123018,3880649,0.016806650906801224
1781082247.7365606,3882156,0.03157263621687889
1781082250.5802774,3883163,0.005741894710808992
1781082253.4580488,3884173,0.013289432972669601
1781082254.5640442,3884569,0.044019270688295364
1781082258.8510125,3886118,0.021940406411886215
1781082261.9936972,3887231,0.017007408663630486
1781082265.984627,3888650,0.030617572367191315
1781082267.399793,3889159,0.04315941408276558
1781082269.882704,3890047,0.029816851019859314
1781082273.7432265,3891392,0.035184502601623535
1781082277.4540784,3893045,0.022196291014552116
1781082278.4950142,3893421,0.023803099989891052
1781082284.0246832,3895379,0.042332448065280914
1781082284.8407545,3895680,0.09306896477937698
1781082288.8828056,3897136,0.03886043280363083
1781082294.1527367,3899026,0.025523284450173378
1781082311.4182868,3900000,0.03034951165318489
1781082312.843012,3900489,0.031029483303427696
1781082315.1838171,3901321,0.025648806244134903
1781082317.7374003,3902195,0.01634666696190834
1781082320.4468884,3903098,0.006442531477659941
1781082325.0749063,3904612,0.05403859540820122
1781082325.983163,3904911,0.02967507764697075
1781082330.8660898,3906519,0.015557734295725822
1781082333.9537716,3907582,0.02136625349521637
1781082338.9679096,3909373,0.020940463989973068
1781082341.470943,3910576,0.010062186047434807
1781082344.5087545,3911657,0.028616465628147125
1781082346.557684,3912385,0.10444033145904541
1781082350.5422058,3913811,0.00967499427497387
1781082354.9508114,3915364,0.0340825580060482
1781082358.6378574,3916665,0.04083491116762161
1781082362.0295944,3917854,0.013985970057547092
1781082364.3971019,3918704,0.010933397337794304
1781082368.3413541,3920099,0.03384433686733246
1781082372.1651323,3921447,0.06615511327981949
1781082375.707711,3923036,0.011754661798477173
1781082379.3645802,3924308,0.09508048743009567
1781082396.337969,3925000,0.11515721678733826
1781082398.3571959,3925701,0.01172599196434021
1781082400.2948437,3926389,0.014879509806632996
1781082404.1736882,3928087,0.013607528991997242
1781082408.456611,3929614,0.02805045060813427
1781082413.320552,3931366,0.02732367068529129
1781082415.548366,3932158,0.018770623952150345
1781082419.3602047,3933508,0.3398047983646393
1781082424.619485,3935385,0.02684519812464714
1781082429.566261,3937113,0.020429354161024094
1781082431.0441635,3937655,0.03327616676688194
1781082433.4560115,3938498,0.014410700649023056
1781082435.905559,3939663,0.01712210103869438
1781082439.994231,3941142,0.021697642281651497
1781082442.830348,3942160,0.025046657770872116
1781082447.015796,3943630,0.01234709843993187
1781082451.1133533,3945088,0.016251711174845695
1781082452.0264318,3945407,0.0461827851831913
1781082455.5265367,3946662,0.055345434695482254
1781082459.5979524,3948130,0.01567341573536396
1781082463.8078089,3949603,0.009933949448168278
1781082478.8215709,3950000,0.03904765471816063
1781082481.5897446,3950983,0.012625686824321747
1781082481.9078321,3951095,0.07514429092407227
1781082485.9848337,3952551,0.0169505812227726
1781082489.5580635,3953825,0.007075084373354912
1781082492.1806498,3954839,0.05119594186544418
1781082494.111448,3955514,0.20319877564907074
1781082498.671682,3957105,0.005958676338195801
1781082499.8680456,3957834,0.03172546625137329
1781082503.993665,3959299,0.10898350179195404
1781082507.1757307,3960420,0.010321556590497494
1781082508.527614,3960906,0.0098301125690341
1781082512.273375,3962253,0.01694265566766262
1781082517.5331707,3964128,0.014698201790452003
1781082521.991713,3965716,0.013649510219693184
1781082524.1891208,3966500,0.019632412120699883
1781082527.4362943,3967652,0.06175219267606735
1781082530.1162806,3968619,0.008880681358277798
1781082532.7759645,3969853,0.007459012791514397
1781082537.66131,3971595,0.06504591554403305
1781082541.0090222,3972781,0.007856073789298534
1781082544.1329534,3973903,0.02543821930885315
1781082561.4948149,3975000,0.01865312270820141
1781082561.6407073,3975043,0.01679832674562931
1781082566.7629075,3976873,0.042862847447395325
1781082570.8885336,3978340,0.009992023929953575
1781082573.6570172,3979324,0.017865348607301712
1781082579.5930417,3981439,0.00825676042586565
1781082581.8906949,3982264,0.008565746247768402
1781082585.4079225,3983510,0.013132335618138313
1781082590.6007743,3985383,0.04790923371911049
1781082593.5339458,3986418,0.11065739393234253
1781082594.2465675,3986985,0.021902861073613167
1781082596.9165215,3987931,0.1318417638540268
1781082600.564828,3989212,0.013551488518714905
1781082604.8620675,3990744,0.12239162623882294
1781082608.5338137,3992032,0.020152434706687927
1781082613.004033,3993620,0.019025610759854317
1781082617.1884372,3995088,0.03060843050479889
1781082620.7235312,3996352,0.00833788514137268
1781082624.5748575,3997718,0.011937979608774185
1781082627.611358,3999121,0.04039962589740753
1781082629.9734309,3999937,0.005843826569616795
1781082645.0673263,4000000,0.015125812962651253
1781082648.9322686,4001386,0.008229952305555344
1781082654.0625384,4003207,0.09231600910425186
1781082656.6232922,4004133,0.021010782569646835
1781082659.6164515,4005509,0.027598848566412926
1781082662.0384092,4006395,0.0342811681330204
1781082663.1969464,4006804,0.08615224063396454
1781082665.3204482,4007561,0.01171049103140831
1781082669.5114827,4009047,0.011615052819252014
1781082674.3186524,4010771,0.05624072626233101
1781082676.7491655,4011638,0.01909046806395054
1781082677.424536,4011868,0.03540763258934021
1781082680.2370815,4012835,0.025068167597055435
1781082685.2037458,4014573,0.012637073174118996
1781082688.4974835,4015724,0.028138689696788788
1781082692.8169844,4017569,0.01798216626048088
1781082693.0785196,4017661,0.10021349787712097
1781082697.9036505,4019399,0.06929203122854233
1781082701.3515322,4020616,0.0219182837754488
1781082704.5758984,4021770,0.013849000446498394
1781082709.6240983,4023590,0.03263707086443901
1781082712.9194944,4024758,0.013265242800116539
1781082725.5306635,4025000,0.06159879267215729
1781082728.5756464,4026066,0.004771368578076363
1781082734.1949506,4028084,0.01677592843770981
1781082738.7243807,4029687,0.14936226606369019
1781082741.9583411,4030856,0.031619951128959656
1781082742.7178905,4031116,0.00599261187016964
1781082748.1638987,4033063,0.01891150325536728
1781082751.198327,4034449,0.015766413882374763
1781082755.9505682,4036125,0.012124184519052505
1781082758.6453485,4037074,0.0038623414002358913
1781082763.034371,4038644,0.018446538597345352
1781082766.4545367,4039892,0.025788119062781334
1781082770.5108633,4041350,0.01008521020412445
1781082772.0561357,4041906,0.0055842166766524315
1781082775.2372591,4043019,0.0035592413041740656
1781082778.9795399,4044358,0.00787572655826807
1781082783.1749146,4046179,0.21013739705085754
1781082787.07171,4047578,0.01089566107839346
1781082792.0774958,4049336,0.028186975046992302
1781082793.4706504,4049829,0.029476292431354523
1781082806.9444363,4050000,0.019850488752126694
1781082810.1105337,4051114,0.01992744952440262
1781082814.4852355,4052665,0.021743156015872955
1781082817.8996344,4054183,0.014520088210701942
1781082821.8759286,4055599,0.007203263696283102
1781082823.3302362,4056126,0.023505356162786484
1781082826.0245292,4057080,0.0144260348752141
1781082829.8467956,4058441,0.010581154376268387
1781082832.3243637,4059315,0.07809171825647354
1781082835.918455,4060596,0.0072340997867286205
1781082837.6349154,4061210,0.05776451528072357
1781082838.273916,4061431,0.006931900978088379
1781082842.9460573,4063107,0.013647567480802536
1781082847.6966639,4065117,0.020945679396390915
1781082849.4426022,4065734,0.013548813760280609
1781082852.0388722,4066664,0.004576424136757851
1781082855.8151946,4068021,0.015753673389554024
1781082859.5401132,4069382,0.12558555603027344
1781082863.287172,4070713,0.008759215474128723
1781082866.3902476,4071827,0.008265409618616104
1781082868.6489358,4072639,0.0404391810297966
1781082871.6275747,4073693,0.016762692481279373
1781082889.2808285,4075000,0.002950853668153286
1781082890.0585058,4075262,0.016111072152853012
1781082894.6791162,4076943,0.013971136882901192
1781082897.424143,4077920,0.009036924690008163
1781082901.1431987,4079246,0.06189272552728653
1781082902.6364684,4079774,0.012076830491423607
1781082907.462471,4081500,0.01998310536146164
1781082910.2418268,4082788,0.021237259730696678
1781082914.8072562,4084395,0.01364092342555523
1781082917.2523487,4085264,0.011305993422865868
1781082919.7261007,4086152,0.04593939334154129
1781082924.0906532,4087691,0.04716529697179794
1781082928.2376728,4089182,0.013749908655881882
1781082929.6901739,4089705,0.0819358378648758
1781082932.5358694,4090721,0.09143494814634323
1781082936.1733015,4091984,0.019275959581136703
1781082941.1049557,4093725,0.044350240379571915
1781082944.0057006,4095071,0.006229229271411896
1781082946.6096485,4096013,0.00730917090550065
1781082950.4803617,4097392,0.016346223652362823
1781082954.123459,4098742,0.005246426910161972
1781082972.9208772,4100000,0.008032534271478653
1781082972.3705838,4100110,0.02584276720881462
1781082976.114797,4101446,0.02599911391735077
1781082980.934009,4103139,0.02308165468275547
1781082985.1903596,4104654,0.008833926171064377
1781082985.9777303,4104931,0.027821213006973267
1781082991.487109,4106901,0.012819822877645493
1781082996.595695,4108713,0.061811935156583786
1781082999.139598,4109624,0.01940065249800682
1781083001.1692252,4110358,0.13674494624137878
1781083005.194363,4112102,0.0238681398332119
1781083009.3735416,4113616,0.008626154623925686
1781083011.497824,4114379,0.007811805233359337
1781083014.3126986,4115381,0.006163116544485092
1781083016.1559315,4116048,0.011331908404827118
1781083018.236001,4116796,0.011476824060082436
1781083022.7132046,4118408,0.02292254939675331
1781083027.5177894,4120164,0.036379940807819366
1781083029.9289842,4121025,0.010644236579537392
1781083031.6202059,4121636,0.01168634183704853
1781083034.0599785,4122523,0.01959434524178505
1781083036.5818274,4123760,0.013834885321557522
1781083056.3682897,4125000,0.019405890256166458
1781083057.0984228,4125242,0.02938382513821125
1781083058.1997755,4125647,0.011834139935672283
1781083064.9417021,4128075,0.02748999558389187
1781083066.8925748,4128801,0.01579722948372364
1781083070.2256536,4130361,0.02325170673429966
1781083074.1747882,4131794,0.02290326915681362
1781083078.6483922,4133393,0.010692459531128407
1781083082.816494,4134894,0.008062142878770828
1781083085.9671679,4136022,0.012071516364812851
1781083088.369395,4136892,0.013090812601149082
1781083092.718456,4138439,0.17176277935504913
1781083096.659233,4139825,0.007587750907987356
1781083099.4915533,4141139,0.016642173752188683
1781083100.3130774,4141435,0.01849084533751011
1781083105.277134,4143196,0.007927809841930866
1781083108.4150112,4144335,0.023549199104309082
1781083113.9152014,4146305,0.02672315388917923
1781083119.5910661,4148335,0.019860941916704178
1781083119.9017677,4148445,0.03311602398753166
1781083124.0324707,4149924,0.1087852492928505
1781083138.093323,4150000,0.020687799900770187
1781083141.7931924,4151292,0.014521529898047447
1781083145.6746104,4152664,0.010098793543875217
1781083146.8985858,4153109,0.023859551176428795
1781083149.9630945,4154188,0.005576009396463633
1781083154.42008,4155786,0.12976878881454468
1781083158.4185503,4157212,0.01216353289783001
1781083162.4196227,4158668,0.011529998853802681
1781083165.049608,4159921,0.16856683790683746
1781083167.386981,4160761,0.014523356221616268
1781083171.5216448,4162237,0.024895302951335907
1781083174.013379,4163128,0.09463483095169067
1781083179.7573626,4165159,0.08230625838041306
1781083183.9942853,4166666,0.0177411250770092
1781083186.2287564,4167452,0.024285119026899338
1781083190.4463642,4168977,0.013123678043484688
1781083192.3953588,4169676,0.010242444463074207
1781083195.556118,4171118,0.01012974139302969
1781083197.9340122,4171955,0.02054012194275856
1781083200.0766394,4172712,0.11590094864368439
1781083202.2337987,4173497,0.013289859518408775
1781083214.5166845,4175000,0.04034463316202164
1781083214.6741624,4175052,0.007881304249167442
1781083217.9564397,4176209,0.012926820665597916
1781083219.1532526,4176641,0.014578500762581825
1781083222.194408,4177744,0.034977398812770844
1781083225.3759599,4179205,0.018555570393800735
1781083229.5474696,4180705,0.019857103005051613
1781083232.3719628,4181725,0.019343474879860878
1781083236.436898,4183183,0.24367806315422058
1781083238.944035,4184102,0.017949005588889122
1781083242.2928212,4185318,0.018127068877220154
1781083243.8632205,4185870,0.04383168742060661
1781083249.3843346,4187840,0.031992606818675995
1781083250.5726035,4188277,0.04839828982949257
1781083254.2416441,4189583,0.018389437347650528
1781083258.2632005,4191355,0.008726437576115131
1781083260.5520947,4192171,0.01393167581409216
1781083265.8943985,4194105,0.010307268239557743
1781083267.6291423,4194745,0.021173976361751556
1781083270.6372461,4195811,0.13927119970321655
1781083273.9423373,4196992,0.020311065018177032
1781083279.6752818,4199075,0.0318148247897625
1781083293.9561777,4200000,0.020429886877536774
1781083294.9114842,4200328,0.014631345868110657
1781083296.0931666,4200744,0.014307210221886635
1781083301.613151,4202717,0.0069913119077682495
1781083305.2002919,4204031,0.019544878974556923
1781083310.3730476,4205905,0.019949331879615784
1781083313.0669577,4206864,0.016406401991844177
1781083318.3125556,4208740,0.010746502317488194
1781083320.4689884,4209513,0.034188978374004364
1781083323.0197186,4210753,0.16273224353790283
1781083328.316873,4212630,0.030207617208361626
1781083331.0720928,4213607,0.03709157928824425
1781083333.90157,4214609,0.015655633062124252
1781083336.6362584,4215591,0.013878533616662025
1781083341.477596,4217313,0.03755810111761093
1781083345.1899054,4218605,0.020575514063239098
1781083349.1735828,4220036,0.01031142845749855
1781083352.1170437,4221392,0.007585769519209862
1781083354.210287,4222132,0.010079247877001762
1781083359.5141752,4224010,0.003957107663154602
1781083376.2328105,4225000,0.013681055046617985
1781083377.4410386,4225442,0.05882074311375618
1781083381.747104,4226982,0.03383403271436691
1781083385.8585923,4228771,0.008362675085663795
1781083386.1102707,4228863,0.025670960545539856
1781083389.6050367,4230131,0.013807990588247776
1781083392.4563541,4231150,0.01381157897412777
1781083396.7147696,4232710,0.005845816805958748
1781083397.8416424,4233105,0.013140873983502388
1781083403.3303,4235082,0.240936279296875
1781083407.3131602,4236526,0.057407721877098083
1781083410.4599452,4237657,0.008660932071506977
1781083415.4080656,4239448,0.01209736242890358
1781083417.404421,4240480,0.0210396908223629
1781083422.138373,4242152,0.02291872724890709
1781083425.3330717,4243292,0.00811593234539032
1781083430.6596966,4245201,0.048081863671541214
1781083434.601051,4246607,0.026652269065380096
1781083436.5043538,4247278,0.009153051301836967
1781083440.5173895,4248726,0.015169408172369003
1781083442.793717,4249521,0.01439193170517683
1781083455.8442678,4250000,0.00799897313117981
1781083458.1459682,4251134,0.029613466933369637
1781083459.4477925,4251813,0.008111211471259594
1781083464.0785396,4254277,0.013276981189846992
1781083464.651143,4254571,0.005666509736329317
1781083467.4142752,4256024,0.01803707331418991
1781083471.1700284,4258019,0.013824498280882835
1781083473.2463908,4259106,0.020228186622262
1781083475.6218889,4260357,0.02082834020256996
1781083477.8946617,4262037,0.10383623093366623
1781083481.4570022,4263937,0.009263291954994202
1781083484.6542342,4265615,0.04811214655637741
1781083485.8320796,4266232,0.027746587991714478
1781083487.2316291,4266957,0.01652681827545166
1781083490.2557657,4268544,0.029729804024100304
1781083493.6109934,4270322,0.01882176846265793
1781083496.4001775,4271770,0.030495887622237206
1781083499.5666614,4273440,0.012875605374574661
1781083501.7060335,4274584,0.012058114632964134
1781083517.766332,4275000,0.27892810106277466
1781083520.2303367,4275850,0.023519787937402725
1781083524.6256773,4277377,0.028766697272658348
1781083528.1302125,4278602,0.04147743061184883
1781083531.551575,4279792,0.02234591543674469
1781083533.8354638,4280590,0.028486011549830437
1781083536.16581,4281405,0.036252815276384354
1781083539.141511,4282457,0.024546286091208458
1781083540.9734912,4283097,0.017063289880752563
1781083544.1757069,4284530,0.017522212117910385
1781083545.9677591,4285147,0.08882120251655579
1781083549.3047864,4286333,0.02114071324467659
1781083552.6630092,4287509,0.03559812158346176
1781083556.2614813,4288767,0.0202108696103096
1781083558.276728,4289470,0.010152565315365791
1781083562.6803937,4290992,0.007056257221847773
1781083564.6501915,4291697,0.0999549999833107
1781083569.7314134,4293471,0.019141385331749916
1781083573.940491,4295280,0.030475087463855743
1781083576.3347986,4296518,0.02299303561449051
1781083577.9608448,4297333,0.053297724574804306
1781083579.4160259,4298047,0.004430852830410004
1781083582.4012258,4299597,0.008251259103417397
1781083592.802063,4300000,0.0135563425719738
1781083596.6448963,4301313,0.0058538406156003475
1781083597.7868059,4301699,0.0271491389721632
1781083601.3952482,4303041,0.022334633395075798
1781083601.6589503,4303133,0.008048700168728828
1781083604.3514082,4304573,0.01786646619439125
1781083608.3013923,4306029,0.015748586505651474
1781083612.4249403,4307463,0.10316742211580276
1781083613.983233,4308007,0.027944650501012802
1781083617.1818545,4309281,0.011835196986794472
1781083620.818918,4310727,0.011963868513703346
1781083623.8550406,4311811,0.031642042100429535
1781083626.5619547,4312711,0.04391726106405258
1781083628.7941933,4313522,0.00732806883752346
1781083632.1706767,4314680,0.011527635157108307
1781083635.8004303,4316062,0.010410677641630173
1781083638.22306,4317402,0.008806856349110603
1781083643.2332747,4319246,0.02857844904065132
1781083644.926122,4319806,0.01920032687485218
1781083647.4808805,4320691,0.035502076148986816
1781083649.700161,4321529,0.028122475370764732
1781083653.3986719,4322967,0.00590095529332757
1781083655.0662792,4323626,0.024753622710704803
1781083672.6684463,4325000,0.026616999879479408
1781083673.5510192,4325296,0.03667450696229935
1781083673.8312223,4325388,0.03629892319440842
1781083679.00995,4327279,0.1459021419286728
1781083682.502078,4328649,0.014758715406060219
1781083684.4095454,4329392,0.008599529042840004
1781083687.611955,4330542,0.035671167075634
1781083692.8728945,4332341,0.061158888041973114
1781083697.225733,4334059,0.008298709988594055
1781083698.7929285,4334688,0.01369418017566204
1781083699.6986713,4335336,0.015844613313674927
1781083706.3462446,4337654,0.05568069592118263
1781083708.2289402,4338389,0.006749527528882027
1781083712.9728577,4340253,0.3251197040081024
1781083714.395637,4340812,0.026207035407423973
1781083717.7851312,4342024,0.014599177986383438
1781083719.446976,4342630,0.009041503071784973
1781083723.3277955,4344092,0.05909710377454758
1781083728.1550834,4346010,0.023068955168128014
1781083732.008945,4347725,0.015859980136156082
1781083734.8435595,4348715,0.07905394583940506
1781083751.8363798,4350000,0.1500076949596405
1781083751.9112139,4350021,0.07588725537061691
1781083753.1585646,4350508,0.024631362408399582
1781083757.5804682,4352255,0.013296433724462986
1781083761.196379,4353560,0.014453419484198093
1781083763.926329,4354913,0.02429911494255066
1781083767.9054372,4356348,0.0067097763530910015
1781083769.1740537,4356838,0.04160997271537781
1781083772.5765953,4358169,0.013742837123572826
1781083775.9650452,4359469,0.031037284061312675
1781083779.8787274,4360838,0.04969281703233719
1781083783.0259187,4361923,0.022003281861543655
1781083786.3570054,4363224,0.019097480922937393
1781083788.6340637,4364109,0.019764406606554985
1781083791.7573476,4365634,0.01204352080821991
1781083793.9131286,4367243,0.0125669464468956
1781083795.6954117,4368179,0.013402394019067287
1781083797.6492295,4369195,0.02474374696612358
1781083800.7838452,4370823,0.012007915414869785
1781083803.166765,4372063,0.016935529187321663
1781083804.8347292,4372943,0.039515603333711624
1781083817.5850644,4375000,0.016194326803088188
1781083818.2753856,4375337,0.030367374420166016
1781083819.3304133,4375884,0.04437839239835739
1781083820.7060308,4376587,0.028128795325756073
1781083825.6880407,4379115,0.018806152045726776
1781083828.1757429,4380285,0.05332513898611069
1781083830.7237177,4381188,0.012290491722524166
1781083833.9061549,4382449,0.028169218450784683
1781083839.200424,4384447,0.015171174891293049
1781083844.8515203,4386399,0.05487139895558357
1781083848.4154623,4387777,0.02289312146604061
1781083851.2090724,4388876,0.024292226880788803
1781083854.247087,4389988,0.04482857137918472
1781083857.8552763,4391247,0.09828357398509979
1781083860.4963226,4392575,0.025281226262450218
1781083863.2294557,4393633,0.011620672419667244
1781083866.5461478,4394928,0.028889169916510582
1781083868.0255702,4395453,0.23561163246631622
1781083872.663824,4397060,0.012823708355426788
1781083874.4825857,4397708,0.01567748561501503
1781083877.5591033,4398928,0.008291006088256836
1781083892.5698502,4400000,0.02389298751950264
1781083894.1284993,4400606,0.05607928708195686
1781083895.2204242,4401023,0.004615475423634052
1781083899.9193048,4402674,0.00933600403368473
1781083902.8070452,4403673,0.008808956481516361
1781083908.034458,4405689,0.011193711310625076
1781083912.1073003,4407200,0.012294162064790726
1781083914.2553244,4407949,0.17120800912380219
1781083917.3275232,4409047,0.027958575636148453
1781083920.4712634,4410198,0.04937862977385521
1781083920.8564181,4410338,0.08265417814254761
1781083925.3909657,4412432,0.02406483329832554
1781083928.5840547,4413546,0.07769828289747238
1781083931.3943207,4414678,0.012545024044811726
1781083935.4685266,4416830,0.05128093436360359
1781083937.2116523,4417744,0.024861203506588936
1781083939.5341496,4418949,0.015138057060539722
1781083941.1273293,4419780,0.11204028874635696
1781083944.5513692,4421574,0.16229163110256195
1781083947.404428,4423081,0.046534813940525055
1781083950.3351626,4424636,0.011929969303309917
1781083959.5725415,4425000,0.010765495710074902
1781083960.5738735,4425518,0.00934570748358965
1781083961.7619138,4426148,0.041703443974256516
1781083965.0944915,4427894,0.11635331064462662
1781083967.7989426,4429254,0.0204834695905447
1781083971.763815,4430720,0.010041228495538235
1781083975.021968,4431857,0.04573109745979309
1781083978.7274566,4433179,0.006998992990702391
1781083982.4767907,4434507,0.04806619882583618
1781083983.8664856,4434986,0.020727571099996567
1781083988.5518906,4436966,0.007277095690369606
1781083990.0235872,4437474,0.05968490242958069
1781083994.1794298,4438931,0.03060758486390114
1781083999.1063066,4440680,0.018085919320583344
1781084002.7374716,4441973,0.01719847321510315
1781084004.8475301,4442704,0.0277961865067482
1781084009.2764301,4444291,0.01778978295624256
1781084013.2257276,4445680,0.01462964341044426
1781084015.7410498,4446863,0.07784730941057205
1781084019.6955407,4448239,0.0839787945151329
1781084039.0592651,4450000,0.029691064730286598
1781084039.241776,4450062,0.030135679990053177
1781084041.3828652,4450801,0.11358526349067688
1781084043.7553337,4451646,0.11672757565975189
1781084048.042118,4453520,0.03322223573923111
1781084053.1399677,4455316,0.02438206784427166
1781084055.20149,4456045,0.027745429426431656
1781084061.1216688,4458143,0.02027158811688423
1781084063.3425705,4458925,0.01438884250819683
1781084068.9584203,4460931,0.048094216734170914
1781084074.0758176,4462776,0.01398007944226265
1781084076.0579698,4463492,0.014799194410443306
1781084078.5206583,4464679,0.10530351102352142
1781084081.9944189,4465894,0.010976576246321201
1781084086.3632333,4467467,0.014498801901936531
1781084089.0825622,4468449,0.04703386127948761
1781084090.8929615,4469089,0.10320800542831421
1781084097.6039765,4471483,0.030542127788066864
1781084098.2126486,4471698,0.03906399756669998
1781084101.99241,4473057,0.016054553911089897
1781084106.6566732,4474704,0.024062294512987137
1781084122.0800455,4475000,0.005900765769183636
1781084124.2300465,4475735,0.005922857206314802
1781084128.0171604,4477106,0.014100903645157814
1781084131.3953152,4478327,0.014297385700047016
1781084136.6824217,4480183,0.011670390143990517
1781084139.945244,4481333,0.012652008794248104
1781084140.7805111,4481620,0.011655334383249283
1781084141.8565333,4482313,0.02758244052529335
1781084144.680135,4483321,0.023363163694739342
1781084149.011371,4484880,0.03619584068655968
1781084152.1168873,4485965,0.028101846575737
1781084157.1278293,4487768,0.02044929936528206
1781084160.12638,4488822,0.02113434299826622
1781084162.4132557,4489648,0.029865650460124016
1781084166.725706,4491177,0.029858097434043884
1781084169.6233394,4492196,0.035019226372241974
1781084173.7761793,4493951,0.051139116287231445
1781084176.3652835,4494875,0.016311030834913254
1781084180.2751071,4496264,0.08568919450044632
1781084185.4538496,4498108,0.019322384148836136
1781084189.9248164,4499690,0.012304175645112991
1781084206.386137,4500000,0.01879809983074665
1781084207.5962176,4500430,0.02079331874847412
1781084210.8533068,4501591,0.02818908542394638
1781084214.228469,4502770,0.01750287041068077
1781084216.1772337,4503459,0.01158620323985815
1781084221.0610175,4505196,0.035937704145908356
1781084223.3340645,4505997,0.00982380285859108
1781084225.2552779,4506674,0.010563299059867859
1781084229.8857322,4508326,0.06037142872810364
1781084232.7907755,4509371,0.01006955374032259
1781084235.884583,4510507,0.06828611344099045
1781084238.1443906,4511747,0.04677923023700714
1781084240.8722324,4512850,0.029055073857307434
1781084244.421669,4514115,0.008338350802659988
1781084249.5598936,4515973,0.03243901953101158
1781084253.5257432,4517523,0.04275193810462952
1781084259.6211622,4519751,0.018692251294851303
1781084261.3401647,4520361,0.035518378019332886
1781084265.303072,4521823,0.012869887053966522
1781084269.0184338,4523664,0.1379939615726471
1781084271.6001942,4524632,0.009677662514150143
1781084283.0342999,4525000,0.007246373221278191
1781084283.6772494,4525236,0.02062409743666649
1781084285.2956932,4525829,0.017572537064552307
1781084287.495524,4526605,0.01167733408510685
1781084291.6163568,4528093,0.038103118538856506
1781084293.9623554,4528948,0.02270456776022911
1781084298.367185,4530583,0.01188523881137371
1781084300.2418268,4531274,0.011300284415483475
1781084302.177522,4532204,0.028129277750849724
1781084304.6670563,4533014,0.07945119589567184
1781084309.18302,4534583,0.020236458629369736
1781084311.6615975,4535429,0.01402436476200819
1781084317.1495762,4537383,0.006774852052330971
1781084317.3980355,4537475,0.04766618460416794
1781084320.1664684,4538579,0.018393367528915405
1781084323.274794,4539795,0.012679719366133213
1781084328.119016,4541548,0.0060638864524662495
1781084330.1815445,4542241,0.02265101671218872
1781084332.4945354,4543395,0.010179994627833366
1781084336.5154722,4544985,0.007986990734934807
1781084340.5898104,4546457,0.007449141703546047
1781084344.2367477,4547693,0.008659934625029564
1781084345.5491233,4548134,0.010395100340247154
1781084349.4347255,4549595,0.006079623941332102
1781084363.224981,4550000,0.06615719944238663
1781084365.4441159,4551221,0.01206737570464611
1781084367.9851246,4552201,0.009731944650411606
1781084373.728192,4554221,0.020494330674409866
1781084377.0463793,4555429,0.024924268946051598
1781084380.4967427,4556787,0.0122749712318182
1781084384.8006735,4558398,0.09593502432107925
1781084390.3456821,4560323,0.10639160126447678
1781084394.2781436,4561816,0.05544031411409378
1781084396.4559975,4563017,0.022741643711924553
1781084398.6123269,4563807,0.019692694768309593
1781084402.1179833,4565074,0.0167335644364357
1781084406.3847265,4566729,0.03040468320250511
1781084409.7270033,4567927,0.01259413082152605
1781084411.660668,4568610,0.013550166971981525
1781084415.5918844,4570026,0.005587975960224867
1781084418.180169,4571039,0.009790588170289993
1781084421.8231084,4572468,0.013330018147826195
1781084425.5837758,4573786,0.016336599364876747
1781084427.527131,4574733,0.009218430146574974
1781084441.4914834,4575000,0.04343366250395775
1781084443.5093553,4575703,0.19521917402744293
1781084446.626021,4576944,0.019898543134331703
1781084448.2744057,4577582,0.19814559817314148
1781084452.1647942,4579035,0.010784003883600235
1781084457.8174546,4580997,0.06862079352140427
1781084460.4600596,4582335,0.012984214350581169
1781084464.5701325,4583923,0.019439399242401123
1781084469.1619136,4585542,0.04964409023523331
1781084473.2668524,4586982,0.012205129489302635
1781084474.3219273,4587393,0.018435657024383545
1781084477.4237096,4588617,0.011853722855448723
1781084480.7645092,4589889,0.01652803272008896
1781084484.7680788,4591298,0.06824880838394165
1781084488.7502928,4592694,0.011076907627284527
1781084491.0644343,4593877,0.03377820923924446
1781084493.2052107,4594629,0.057812705636024475
1781084496.2877276,4595816,0.06923490762710571
1781084499.2144346,4596976,0.021718136966228485
1781084504.1493757,4598762,0.24350449442863464
1781084505.7027135,4599306,0.09958803653717041
1781084521.4325042,4600000,0.018148336559534073
1781084522.2794743,4600606,0.014023383148014545
1781084527.0819,4602467,0.032407134771347046
1781084531.0413716,4604009,0.014170721173286438
1781084534.9492574,4605365,0.008252037689089775
1781084536.226282,4605811,0.01155130285769701
1781084538.2419763,4606533,0.015177600085735321
1781084542.026348,4608064,0.11137205362319946
1781084544.2616515,4608948,0.03730681538581848
1781084551.1975322,4611396,0.07286234945058823
1781084552.783527,4611960,0.012416672892868519
1781084556.6502237,4613836,0.01734033040702343
1781084559.5623536,4614945,0.060679346323013306
1781084563.2260213,4616227,0.013847826048731804
1781084567.1268682,4617613,0.014360688626766205
1781084570.4662,4618918,0.04507011920213699
1781084574.8845985,4620611,0.04429686814546585
1781084577.3671684,4621454,0.021258005872368813
1781084581.4521413,4622867,0.009793510660529137
1781084582.5797548,4623272,0.012671179138123989
1781084585.0886607,4624611,0.012957937084138393
1781084604.7488194,4625000,0.03118354082107544
1781084607.7573116,4626020,0.20233012735843658
1781084616.8546445,4629886,0.017881423234939575
1781084620.2008915,4631228,0.05593827739357948
1781084625.838255,4633335,0.015722304582595825
1781084627.1621776,4633819,0.06020597741007805
1781084631.4769838,4635406,0.016273032873868942
1781084634.1439028,4636464,0.007874442264437675
1781084638.5529914,4638154,0.006283661350607872
1781084641.8628604,4639282,0.06098449230194092
1781084645.0902832,4640411,0.0416913740336895
1781084646.4280105,4640938,0.0228491872549057
1781084647.505553,4641741,0.02373286336660385
1781084649.0237522,4642340,0.03266638144850731
1781084653.973747,4644220,0.008623164147138596
1781084655.8813303,4644884,0.20398041605949402
1781084660.4137306,4646537,0.025600340217351913
1781084664.886655,4648304,0.011187810450792313
1781084682.2094326,4650000,0.024004165083169937
1781084682.4126825,4650059,0.020331554114818573
1781084683.6404145,4650498,0.009952292777597904
1781084690.2576342,4652951,0.06480292975902557
1781084691.8748693,4653581,0.01078916434198618
1781084695.0513113,4654837,0.01602150872349739
1781084700.9514315,4656951,0.017064297571778297
1781084701.8735416,4657266,0.010737037286162376
1781084707.3840578,4659425,0.00842583179473877
1781084709.3313327,4660190,0.0461769625544548
1781084712.1907897,4661605,0.02639884501695633
1781084716.960671,4663304,0.07698004692792892
1781084720.4057946,4664628,0.02809262089431286
1781084723.6765974,4665771,0.013893362134695053
1781084727.4125645,4667057,0.019694814458489418
1781084730.957137,4668444,0.04935766011476517
1781084735.019606,4670029,0.04021421819925308
1781084737.7682521,4670997,0.009266889654099941
1781084741.7983181,4672424,0.015513136982917786
1781084744.7094157,4673911,0.09046413749456406
1781084759.7804952,4675000,0.08435533940792084
1781084761.1077259,4675494,0.03270050510764122
1781084763.9239657,4676598,0.03014204278588295
1781084768.6952899,4678225,0.026929158717393875
1781084772.35029,4679543,0.031347908079624176
1781084773.481797,4680345,0.006683469284325838
1781084777.674736,4682012,0.029338505119085312
1781084782.129156,4683611,0.018668271601200104
1781084785.2515848,4684713,0.031953297555446625
1781084787.601819,4685633,0.04015129432082176
1781084792.3159673,4687498,0.003973266109824181
1781084797.0438132,4689167,0.017441125586628914
1781084801.1667016,4690604,0.03059406392276287
1781084805.3698545,4692256,0.022410552948713303
1781084806.149276,4692890,0.03068595752120018
1781084810.1359704,4694286,0.019711796194314957
1781084814.6101909,4695899,0.04518499597907066
1781084817.2989068,4696945,0.011557538993656635
1781084822.1607423,4698771,0.01797739416360855
1781084825.4585648,4699922,0.013277972117066383
1781084837.5521803,4700000,0.02712482586503029
1781084841.0630202,4701198,0.009505032561719418
1781084845.0982509,4702729,0.061625175178050995
1781084849.1447983,4704327,0.009520824998617172
1781084853.0967464,4705723,0.02429915778338909
1781084855.1487753,4706483,0.017513852566480637
1781084858.6866534,4707842,0.045322030782699585
1781084862.6953816,4709441,0.10125622898340225
1781084868.0858483,4711450,0.034030936658382416
1781084871.763391,4713090,0.010886415839195251
1781084875.9609067,4714723,0.020415138453245163
1781084876.731932,4715017,0.02290680631995201
1781084881.794413,4716877,0.01057986170053482
1781084885.627962,4718208,0.011405706405639648
1781084888.5794878,4719332,0.04449651390314102
1781084891.0749447,4720306,0.008016337640583515
1781084894.4883437,4721648,0.0327792763710022
1781084896.4024415,4722366,0.01939653791487217
1781084901.2443292,4724410,0.10493293404579163
1781084916.0903375,4725000,0.021248307079076767
1781084916.1472814,4725015,0.006832578219473362
1781084920.9523954,4726848,0.03483434021472931
1781084922.2516763,4727341,0.04344318062067032
1781084925.9507039,4728714,0.0057531967759132385
1781084929.4429479,4729941,0.03472904488444328
1781084934.0535083,4731945,0.07049897313117981
1781084934.3219342,4732037,0.03736601397395134
1781084938.9889057,4733867,0.013821336440742016
1781084943.789234,4735551,0.09710048139095306
1781084948.2583325,4737213,0.008479693904519081
1781084952.3716433,4738847,0.017959993332624435
1781084955.1056337,4739872,0.013596506789326668
1781084958.1527765,4740920,0.04080718010663986
1781084960.3889384,4741720,0.029575319960713387
1781084963.6663847,4742932,0.08224055171012878
1781084965.5570316,4744021,0.013744949363172054
1781084967.381468,4744729,0.18278221786022186
1781084971.1043386,4746104,0.009040827862918377
1781084976.2099948,4747912,0.026896469295024872
1781084978.3744824,4748784,0.033796314150094986
1781084993.1186075,4750000,0.020980659872293472
1781084993.6911192,4750224,0.021952392533421516
1781084995.5435414,4750959,0.01284237951040268
1781084997.2993195,4751997,0.03436806797981262
1781085000.156272,4753010,0.04289143532514572
1781085004.9422898,4754710,0.029979752376675606
1781085008.3632138,4756078,0.02072499878704548
1781085009.9400039,4756681,0.014160742983222008
1781085013.2984176,4757965,0.009327802807092667
1781085016.273571,4758989,0.018809538334608078
1781085019.9837892,4760329,0.027014732360839844
1781085021.5695567,4760963,0.02244635298848152
1781085023.634492,4761786,0.043029122054576874
1781085026.3320007,4762861,0.09880715608596802
1781085028.9198992,4764145,0.04409129172563553
1781085033.4374237,4765733,0.027350807562470436
1781085036.401022,4766860,0.014989716932177544
1781085038.5558271,4767703,0.018762053921818733
1781085041.709692,4768936,0.021718865260481834
1781085043.4921086,4769552,0.014629046432673931
1781085048.2103567,4771196,0.03421730548143387
1781085049.7674618,4771719,0.01737629622220993
1781085052.4634204,4772739,0.028942715376615524
1781085055.2739847,4773723,0.041108954697847366
1781085068.2248056,4775000,0.03221806511282921
1781085068.7393034,4775164,0.04533012956380844
1781085072.0551362,4776471,0.0637320727109909
1781085075.2749708,4777775,0.020409811288118362
1781085075.7508602,4777963,0.007492016069591045
1781085079.0432358,4779118,0.013925531879067421
1781085083.0971568,4780555,0.043561067432165146
1781085086.1430278,4781737,0.041383594274520874
1781085089.9243376,4783242,0.06774501502513885
1781085093.215667,4784764,0.05053107067942619
1781085096.9178555,4786091,0.026135582476854324
1781085100.0724423,4787295,0.02448238618671894
1781085104.7130568,4789157,0.027547139674425125
1781085105.8614526,4789576,0.036440059542655945
1781085110.966296,4791390,0.04692237079143524
1781085113.5248966,4792351,0.21482418477535248
1781085118.1797867,4794222,0.02005097270011902
1781085120.0375075,4794955,0.05785488337278366
1781085122.2836268,4796185,0.02130809985101223
1781085126.8161182,4797867,0.18993590772151947
1781085127.1356695,4797984,0.010035972110927105
1781085129.466054,4798825,0.007795908488333225
1781085144.606528,4800000,0.06628358364105225
1781085146.5107105,4800651,0.03655191883444786
1781085148.473125,4801427,0.13974376022815704
1781085151.51735,4802633,0.01884664222598076
1781085154.3097224,4804075,0.01912127248942852
1781085157.8482962,4805334,0.011912300251424313
1781085162.2797265,4806974,0.02773641049861908
1781085163.984945,4807652,0.0685613602399826
1781085170.5444577,4810177,0.09526592493057251
1781085171.2623913,4810434,0.0216005090624094
1781085175.4236853,4811908,0.022008465602993965
1781085178.5975707,4813145,0.041760530322790146
1781085183.2712684,4815004,0.008558006957173347
1781085185.129067,4815752,0.03875894844532013
1781085188.3563428,4817315,0.028766494244337082
1781085192.2666554,4818713,0.03608009219169617
1781085196.3469603,4820232,0.027709729969501495
1781085199.931703,4821657,0.0939251184463501
1781085201.1012404,4822112,0.017648275941610336
1781085205.0612254,4823528,0.04506479203701019
1781085208.962407,4824939,0.014289231039583683
1781085219.6500247,4825000,0.014792757108807564
1781085221.3449998,4825649,0.09627582132816315
1781085226.062348,4827305,0.008134954608976841
1781085228.8986897,4828322,0.05735810846090317
1781085230.904082,4829127,0.024357235059142113
1781085235.6505635,4830999,0.08417446911334991
1781085238.5802395,4832058,0.007945723831653595
1781085243.2527015,4833685,0.007267770357429981
1781085245.535307,4834560,0.02061738818883896
1781085246.8895354,4835092,0.0077232178300619125
1781085250.2093837,4836761,0.01443932019174099
1781085254.2612941,4838233,0.09057001024484634
1781085257.9924178,4839551,0.018786195665597916
1781085258.587005,4839774,0.030552402138710022
1781085262.6942172,4841416,0.03378928825259209
1781085265.831532,4842678,0.022599000483751297
1781085268.525627,4843711,0.018058309331536293
1781085272.2146394,4845035,0.06511145830154419
1781085276.543331,4846597,0.010922897607088089
1781085279.7643037,4847858,0.011234021745622158
1781085282.874251,4849421,0.01526862196624279
1781085296.8674812,4850000,0.0881681889295578
1781085297.2681205,4850133,0.018699849024415016
1781085302.7558036,4852102,0.017447853460907936
1781085306.41275,4853518,0.01884349063038826
1781085308.67185,4854435,0.06271716952323914
1781085311.4710715,4855534,0.008911537937819958
1781085312.6303961,4856263,0.018121354281902313
1781085315.6573846,4857346,0.02804418094456196
1781085318.2696955,4858311,0.02090875431895256
1781085319.6184335,4858842,0.058075062930583954
1781085322.4781513,4859978,0.044730812311172485
1781085327.8686993,4861992,0.01687515899538994
1781085331.7872329,4863372,0.015820767730474472
1781085334.689314,4864480,0.02881154790520668
1781085336.4335651,4865136,0.01822587475180626
1781085341.3436983,4866851,0.009928792715072632
1781085344.148348,4868191,0.012383674271404743
1781085348.0554104,4869748,0.012312222272157669
1781085350.855624,4870809,0.02218451537191868
1781085353.6385531,4871753,0.029872234910726547
1781085357.936482,4873240,0.005858974531292915
1781085361.806761,4874730,0.06379444897174835
1781085372.1100879,4875000,0.02086934819817543
1781085373.8157659,4875624,0.006147107109427452
1781085377.0816498,4877285,0.03399769589304924
1781085380.436743,4878557,0.01899423822760582
1781085384.8728719,4880100,0.00969051942229271
1781085388.9605818,4881594,0.0685357078909874
1781085391.9792876,4882805,0.013770938850939274
1781085394.0312757,4883609,0.09282232820987701
1781085395.655163,4884191,0.010794497095048428
1781085400.641099,4885913,0.013986866921186447
1781085403.3975377,4886916,0.03267167881131172
1781085405.6193116,4888166,0.02929864078760147
1781085407.874345,4889064,0.01076113898307085
1781085412.330836,4890707,0.041804224252700806
1781085416.2744908,4892138,0.28220632672309875
1781085418.5822637,4893041,0.03639619052410126
1781085421.4627154,4894164,0.00964166596531868
1781085424.2493107,4895246,0.10013314336538315
1781085428.0175776,4896721,0.010357150807976723
1781085430.150803,4897572,0.02249671332538128
1781085434.5327542,4899161,0.033476822078228
1781085436.732411,4899943,0.08160402625799179
1781085450.0941732,4900000,0.011536921374499798
1781085453.6684983,4901291,0.023155316710472107
1781085455.9927077,4902215,0.03023614175617695
1781085458.9147341,4903398,0.042175281792879105
1781085460.5223465,4904016,0.14518854022026062
1781085467.778127,4906627,0.05863858386874199
1781085468.2931252,4906823,0.04704246297478676
1781085471.1854017,4908298,0.10874281078577042
1781085472.698346,4908883,0.05647096410393715
1781085478.8664763,4911105,0.0784921944141388
1781085480.4057095,4911660,0.01370274182409048
1781085482.8570368,4912549,0.057785261422395706
1781085486.286428,4913899,0.009860849007964134
1781085491.3044055,4915881,0.1284637153148651
1781085496.008248,4917710,0.15092132985591888
1781085496.9136515,4918095,0.008337778970599174
1781085501.3512776,4920899,0.0076219323091208935
1781085502.215472,4921355,0.013394925743341446
1781085504.9359112,4922792,0.01562550477683544
1781085508.0472193,4924439,0.031244954094290733
1781085519.8392248,4925000,0.011398278176784515
1781085522.084591,4926150,0.02453077770769596
1781085523.3018565,4926779,0.02387881651520729
1781085526.2955337,4928310,0.01435842551290989
1781085530.1196966,4930281,0.02020019106566906
1781085531.2197018,4930846,0.01486468780785799
1781085534.4558868,4932936,0.02788069099187851
1781085537.3622105,4934388,0.08030706644058228
1781085540.7083166,4936056,0.009932197630405426
1781085544.049165,4937690,0.021834980696439743
1781085548.1711476,4939624,0.013278299011290073
1781085549.723187,4940440,0.02304171398282051
1781085551.4115672,4941278,0.010581642389297485
1781085554.2060225,4942657,0.019046006724238396
1781085557.2756183,4944262,0.009226338006556034
1781085560.538469,4945906,0.028782043606042862
1781085563.5291936,4946953,0.010099658742547035
1781085568.258309,4949014,0.023468725383281708
1781085570.5338936,4949907,0.017548535019159317
1781085582.5112493,4950000,0.033516451716423035
1781085585.9335146,4951370,0.012844637967646122
1781085589.0828652,4952615,0.019336197525262833
1781085592.7768142,4953891,0.01638881117105484
1781085595.384354,4955129,0.03840088099241257
1781085595.7627172,4955249,0.07706590741872787
1781085599.6196887,4956772,0.11964323371648788
1781085601.5338824,4957527,0.038371261209249496
1781085604.301471,4958568,0.017707781866192818
1781085606.8004894,4959439,0.02047288976609707
1781085611.3564076,4961068,0.020639892667531967
1781085615.0022745,4962510,0.037604041397571564
1781085619.6122477,4964271,0.01753770187497139
1781085621.4022858,4964885,0.021070102229714394
1781085625.205008,4966247,0.020261194556951523
1781085627.6641326,4967506,0.054455675184726715
1781085631.8864274,4969184,0.016779184341430664
1781085635.0609841,4970289,0.21802103519439697
1781085639.756643,4971913,0.008822432719171047
1781085641.2734935,4972485,0.028225507587194443
1781085643.4450967,4973322,0.016594799235463142
1781085646.9555244,4974701,0.11312514543533325
1781085659.951461,4975000,0.017469409853219986
1781085663.2165651,4976223,0.03168812394142151
1781085668.7158055,4978169,0.010152011178433895
1781085669.580966,4978464,0.008514703251421452
1781085673.2927425,4979735,0.01149025745689869
1781085676.4890065,4980950,0.059419840574264526
1781085680.485128,4982503,0.040498994290828705
1781085684.2264824,4983809,0.09172429889440536
1781085688.545042,4985286,0.04828259348869324
1781085690.981478,4986484,0.022300438955426216
1781085696.8563652,4988564,0.029922153800725937
1781085700.9177353,4990191,0.018132129684090614
1781085703.6799717,4991290,0.01905493438243866
1781085706.906583,4992490,0.012178816832602024
1781085710.1610153,4993694,0.05988458916544914
1781085712.4114146,4994481,0.035171810537576675
1781085718.1033485,4996727,0.039698924869298935
1781085719.7634716,4997389,0.02046341821551323
1781085722.0596025,4998196,0.017782187089323997
1781085725.6056454,4999746,0.01318061538040638
1781085737.830377,5000000,0.012426447123289108
1781085741.3009465,5001190,0.0076922886073589325
1781085743.9994853,5002241,0.027265256270766258
1781085747.3484936,5003563,0.08878985047340393
1781085751.441885,5005086,0.013106027618050575
1781085753.0043871,5005947,0.016291797161102295
1781085756.469224,5007191,0.03003590926527977
1781085759.4650688,5008372,0.15980054438114166
1781085763.426093,5009909,0.11436372250318527
1781085766.4996295,5010983,0.020875312387943268
1781085769.715483,5012107,0.009530697017908096
1781085772.7271516,5013248,0.006629203911870718
1781085774.868728,5014086,0.09779828786849976
1781085775.2659466,5014239,0.023386064916849136
1781085779.7197032,5015943,0.04364696890115738
1781085783.3258603,5017211,0.010706424713134766
1781085786.683553,5018784,0.006392662413418293
1781085790.732227,5020339,0.012362102046608925
1781085795.3084185,5021984,0.011450204998254776
1781085796.705131,5022473,0.02589350938796997
1781085800.9218502,5023939,0.026901330798864365
1781085816.3808541,5025000,0.09261718392372131
1781085816.86173,5025178,0.12207885086536407
1781085817.8162265,5025921,0.012472299858927727
1781085823.266645,5027976,0.02264312282204628
1781085829.9010046,5030295,0.11481555551290512
1781085831.3207102,5030850,0.017938993871212006
1781085833.8636498,5031855,0.26755180954933167
1781085837.4107714,5033203,0.0951821506023407
1781085838.2587433,5033504,0.010422058403491974
1781085846.646405,5036413,0.005874468479305506
1781085847.8430874,5036884,0.015530761331319809
1781085850.403587,5038223,0.015354149043560028
1781085856.0028615,5040173,0.016935883089900017
1781085859.257419,5041270,0.039166904985904694
1781085862.137248,5042396,0.013679621741175652
1781085864.9141624,5043472,0.017454972490668297
1781085869.3021848,5045039,0.043224286288022995
1781085871.8494685,5045911,0.032670240849256516
1781085876.9548106,5047764,0.011801570653915405
1781085879.8711863,5049294,0.012059083208441734
1781085881.1893444,5049804,0.052660442888736725
1781085895.2598293,5050000,0.021138105541467667
1781085897.3880105,5050708,0.013850359246134758
1781085898.8328083,5051194,0.006647239439189434
1781085901.8563464,5052232,0.01947295293211937
1781085907.104731,5054205,0.027962656691670418
1781085909.773393,5055270,0.12796418368816376
1781085912.705997,5056781,0.00914749689400196
1781085915.6309917,5057896,0.03277182579040527
1781085920.0519638,5059513,0.028759010136127472
1781085920.3952448,5059633,0.02148139290511608
1781085924.1822507,5061072,0.013332090340554714
1781085928.8727345,5062960,0.014277640730142593
1781085933.2621996,5064539,0.022228533402085304
1781085938.0623431,5066382,0.010090736672282219
1781085938.639747,5066682,0.04780208319425583
1781085941.348296,5068109,0.035701245069503784
1781085943.0163126,5069470,0.026679331436753273
1781085945.3139107,5070676,0.019677042961120605
1781085947.2405584,5071697,0.01927211508154869
1781085949.4941125,5072871,0.15161362290382385
1781085950.47911,5073389,0.02772172912955284
1781085951.3327298,5073840,0.014328045770525932
1781085953.4900906,5074984,0.00869663618505001
1781085962.5741084,5075000,0.026298072189092636
1781085966.3065217,5076954,0.039305150508880615
1781085969.322379,5078551,0.0238342322409153
1781085969.6832294,5078737,0.020026300102472305
1781085973.044386,5080505,0.0241888165473938
1781085975.7548258,5082434,0.012944146990776062
1781085976.7970197,5082979,0.016992872580885887
1781085980.0466576,5084683,0.015036973170936108
1781085980.9189615,5085097,0.01343535166233778
1781085984.6199794,5086529,0.2626744210720062
1781085987.247064,5087459,0.019275370985269547
1781085991.4004965,5088942,0.02338971197605133
1781085995.077454,5090255,0.03157409280538559
1781085998.4930558,5091479,0.013436451554298401
1781086002.9428725,5093090,0.047499172389507294
1781086005.7518823,5094436,0.01356186531484127
1781086010.767733,5096243,0.03502534329891205
1781086013.4360297,5097201,0.13026632368564606
1781086017.8587425,5098783,0.022607140243053436
1781086020.8966064,5099900,0.0911993607878685
1781086038.1087558,5100000,0.046851929277181625
1781086040.4660835,5100814,0.03272080048918724
1781086043.3336234,5101849,0.016515305265784264
1781086049.3670747,5104035,0.0046449084766209126
1781086049.6175048,5104127,0.03145045042037964
1781086052.3601856,5105199,0.007093841675668955
1781086056.320207,5106581,0.18345507979393005
1781086060.3186462,5107998,0.007154648192226887
1781086061.9938173,5108600,0.00942753441631794
1781086066.278556,5110149,0.03094480186700821
1781086070.1066027,5111872,0.03576122224330902
1781086072.002364,5112560,0.02498653717339039
1781086079.4949496,5115302,0.033932462334632874
1781086080.0970972,5115522,0.06406768411397934
1781086084.1462514,5116982,0.028829682618379593
1781086086.9098284,5117998,0.05257168784737587
1781086091.383631,5119601,0.02370637282729149
1781086094.5466564,5120743,0.00832986831665039
1781086096.086899,5121298,0.025778722018003464
1781086098.6926594,5122255,0.014960099011659622
1781086100.9552934,5123057,0.025505321100354195
1781086102.0073297,5123742,0.005907915998250246
1781086120.7137392,5125000,0.01195375807583332
1781086121.7602506,5125362,0.0866411104798317
1781086125.125599,5126555,0.1124967485666275
1781086128.1268828,5127611,0.018330860882997513
1781086132.2114542,5129062,0.05751246213912964
1781086134.568453,5130372,0.017072618007659912
1781086140.0604925,5132332,0.01754986122250557
1781086142.4176304,5133160,0.01283622719347477
1781086144.5223389,5133919,0.011514797806739807
1781086147.8704083,5135236,0.04891660809516907
1781086150.5270185,5136286,0.0123066371306777
1781086155.234309,5137957,0.012166271917521954
1781086157.7075047,5138815,0.008613776415586472
1781086161.8074837,5140368,0.027694301679730415
1781086164.1449237,5141638,0.08937065303325653
1781086168.8512547,5143355,0.05378496274352074
1781086172.0208783,5144477,0.023305295035243034
1781086174.511185,5145412,0.022458607330918312
1781086176.6986644,5146276,0.045125529170036316
1781086181.1213183,5148020,0.05860660970211029
1781086183.6298203,5148883,0.03215588629245758
1781086199.6635263,5150000,0.011011393740773201
1781086201.9889848,5150796,0.02436303347349167
1781086204.8385322,5151941,0.014593378640711308
1781086207.8998287,5153139,0.09225273877382278
1781086212.557792,5154838,0.0896030142903328
1781086216.0883794,5156090,0.018933748826384544
1781086219.3235767,5157213,0.0313732884824276
1781086222.793586,5158502,0.0060598524287343025
1781086226.303913,5159916,0.015275562182068825
1781086231.4206872,5162085,0.13447938859462738
1781086234.460823,5163154,0.007018003147095442
1781086238.055982,5164582,0.023223262280225754
1781086240.1562793,5165672,0.321390837430954
1781086242.669485,5166987,0.040064167231321335
1781086245.5271597,5168466,0.020253397524356842
1781086248.5332391,5170039,0.04368001967668533
1781086249.0860975,5170321,0.010774721391499043
1781086250.6099806,5171108,0.05185209587216377
1781086253.8557897,5172820,0.022933296859264374
1781086255.4708674,5173656,0.018521063029766083
1781086265.8854456,5175000,0.043660156428813934
1781086266.9953136,5175558,0.03031795285642147
1781086268.5577502,5176367,0.016785770654678345
1781086270.8788698,5177539,0.013662902638316154
1781086274.1545184,5179146,0.006973243318498135
1781086276.7537653,5180388,0.026614703238010406
1781086278.372909,5181124,0.014086484909057617
1781086280.3737335,5182039,0.027739567682147026
1781086284.601651,5184025,0.013131346553564072
1781086285.359224,5184398,0.012491506524384022
1781086286.8360248,5185134,0.01961493492126465
1781086290.939158,5187286,0.1836453229188919
1781086296.081833,5189094,0.03276757895946503
1781086297.4194767,5189538,0.031073911115527153
1781086299.2198465,5190223,0.01665264368057251
1781086301.0091386,5190930,0.048437587916851044
1781086302.6253054,5191558,0.02815256640315056
1781086305.2573888,5192598,0.02281859889626503
1781086308.1787288,5193661,0.01999204233288765
1781086310.8316445,5194612,0.058542922139167786
1781086315.4444976,5196299,0.01330750621855259
1781086319.503733,5197901,0.04905606061220169
1781086321.523024,5198656,0.051724981516599655
1781086333.5188658,5200000,0.020289098843932152
1781086333.6979988,5200063,0.015001130290329456
1781086335.3820295,5200683,0.010591380298137665
1781086339.9892006,5202330,0.025798436254262924
1781086344.398466,5203984,0.007871270179748535
1781086345.7427685,5204522,0.04880000650882721
1781086348.359126,5205553,0.019611792638897896
1781086351.206816,5206622,0.017983706668019295
1781086354.7322304,5208188,0.025056568905711174
1781086357.8008118,5209356,0.3139255940914154
1781086359.549297,5210045,0.017975328490138054
1781086363.6797128,5211683,0.009340300224721432
1781086366.9753942,5212792,0.037211623042821884
1781086371.5628743,5214441,0.032288774847984314
1781086374.7583222,5215703,0.012656677514314651
1781086375.8691833,5216136,0.027432486414909363
1781086378.8574154,5217310,0.01771523803472519
1781086380.8201792,5218071,0.025651965290308
1781086384.3671243,5219472,0.021918654441833496
1781086387.2543125,5221001,0.009420402348041534
1781086390.915734,5222310,0.013063071295619011
1781086395.2719235,5223862,0.04846122860908508
1781086397.3607314,5224670,0.08810868859291077
1781086410.6527534,5225000,0.02468273416161537
1781086413.558656,5226150,0.035090140998363495
1781086415.8579772,5227055,0.08167238533496857
1781086417.7182527,5228099,0.013578792102634907
1781086423.4933386,5230097,0.016048800200223923
1781086426.7230434,5231312,0.013555996119976044
1781086430.52736,5232814,0.018808700144290924
1781086433.063511,5233771,0.07297885417938232
1781086438.5236733,5235748,0.0226946659386158
1781086439.2397585,5236036,0.02439683862030506
1781086443.0290163,5237411,0.0129912830889225
1781086447.4831364,5238975,0.07407262176275253
1781086450.0549326,5240340,0.03641878440976143
1781086452.1417727,5241157,0.008860637433826923
1781086454.6723545,5242143,0.006339551880955696
1781086458.8121831,5243637,0.037093162536621094
1781086461.6752465,5244676,0.022443026304244995
1781086465.4377964,5246129,0.019410256296396255
1781086470.3030126,5247962,0.015451287850737572
1781086473.6870682,5249181,0.2502034604549408
1781086475.9540677,5249955,0.033306196331977844
1781086487.7448559,5250000,0.006207494530826807
1781086492.0640113,5251570,0.014453799463808537
1781086497.0730314,5253546,0.009957974776625633
1781086499.586418,5254434,0.00903263408690691
1781086504.0084074,5255999,0.01052856631577015
1781086506.438406,5256884,0.030330823734402657
1781086509.94956,5258280,0.016398999840021133
1781086513.8401973,5260147,0.008788023144006729
1781086516.883188,5261234,0.05538448318839073
1781086518.8034403,5261913,0.010463763028383255
1781086522.544119,5263359,0.019723491743206978
1781086526.2125068,5264814,0.01921919733285904
1781086531.0685065,5266531,0.16111616790294647
1781086531.9614375,5266831,0.009916658513247967
1781086538.9263175,5269472,0.03424328565597534
1781086539.6334677,5269742,0.013282300904393196
1781086543.5531683,5271234,0.014078597538173199
1781086547.1898813,5272875,0.05536046624183655
1781086548.8795085,5273470,0.017019839957356453
1781086552.0392506,5274705,0.07409027963876724
1781086566.2757206,5275000,0.011903362348675728
1781086570.1750593,5276490,0.13051998615264893
1781086574.579071,5278395,0.05082274228334427
1781086578.4907155,5279819,0.02343197539448738
1781086580.9811401,5280786,0.008709147572517395
1781086583.0056243,5281515,0.022926684468984604
1781086586.3134272,5282741,0.040191650390625
1781086589.808705,5284115,0.018450314179062843
1781086592.440329,5285141,0.014083215966820717
1781086595.2878246,5286115,0.01352755632251501
1781086599.479663,5287599,0.03298034146428108
1781086600.9170525,5288151,0.015590660274028778
1781086604.0220919,5289766,0.03779953718185425
1781086606.105076,5290856,0.011453724466264248
1781086607.0269842,5291820,0.03210366517305374
1781086609.3707058,5293053,0.09816983342170715
1781086612.2967389,5294602,0.17299874126911163
1781086615.1257393,5296078,0.08326961100101471
1781086617.9468806,5297541,0.04719013720750809
1781086620.567988,5298901,0.018355708569288254
1781086622.2797084,5299805,0.01867620460689068
1781086632.1665895,5300000,0.049162425100803375
1781086633.1535637,5300499,0.11534703522920609
1781086636.207829,5302079,0.026203449815511703
1781086638.4322824,5303734,0.008180740289390087
1781086640.6736684,5304881,0.020013095811009407
1781086642.1093092,5305597,0.012532990425825119
1781086644.0794587,5306548,0.031193077564239502
1781086646.7472327,5307842,0.04590151086449623
1781086649.5678215,5309241,0.015984712168574333
1781086650.8387296,5309870,0.012336566112935543
1781086653.4665298,5311160,0.0069370269775390625
1781086656.0510428,5312404,0.033806972205638885
1781086658.7292802,5313662,0.029545247554779053
1781086662.329679,5315438,0.008491476066410542
1781086662.9554193,5315762,0.05681067332625389
1781086665.3358529,5316984,0.022080397233366966
1781086667.461799,5318072,0.200480654835701
1781086669.9833727,5319784,0.019609082490205765
1781086674.105834,5321427,0.01731773652136326
1781086677.843434,5322756,0.014171442948281765
1781086678.4344676,5322954,0.012422902509570122
1781086683.0901196,5324570,0.018150892108678818
1781086696.3998325,5325000,0.07993673533201218
1781086699.14495,5325966,0.011453529819846153
1781086703.9094846,5327978,0.039793916046619415
1781086706.6766932,5328970,0.1828923374414444
1781086712.1649282,5330889,0.015238286927342415
1781086714.7211065,5331803,0.00789855420589447
1781086717.791233,5332888,0.04527154564857483
1781086724.3388536,5335227,0.017828211188316345
1781086727.221677,5336234,0.013527384027838707
1781086731.659912,5337773,0.06448531895875931
1781086733.7234602,5338805,0.025038130581378937
1781086737.769259,5340247,0.014450927264988422
1781086741.9431565,5341738,0.013497600331902504
1781086743.4399917,5342254,0.014353463426232338
1781086746.4293573,5343332,0.005531879607588053
1781086750.2454212,5344671,0.034180738031864166
1781086755.3291085,5346468,0.015288972295820713
1781086760.708789,5348374,0.031577207148075104
1781086763.081845,5349206,0.03415682539343834
1781086780.0089073,5350000,0.014515809714794159
1781086782.0354397,5350679,0.010394901968538761
1781086785.1068084,5351742,0.02941722422838211
1781086789.3780499,5353235,0.0352884978055954
1781086792.1587641,5354209,0.024214711040258408
1781086795.1377084,5355272,0.012976572848856449
1781086800.993626,5357689,0.03797667846083641
1781086801.5464447,5357891,0.013148989528417587
1781086804.9690924,5359107,0.015127129852771759
1781086810.4499667,5361077,0.01362522505223751
1781086814.7816374,5362607,0.030414756387472153
1781086817.6080225,5363604,0.007748283911496401
1781086819.8458984,5364377,0.023708118125796318
1781086824.1468365,5365898,0.01335718110203743
1781086827.880386,5367517,0.02326483651995659
1781086831.9744072,5368932,0.017929621040821075
1781086833.3188744,5369409,0.03904515132308006
1781086836.8627958,5370656,0.012019488960504532
1781086839.550199,5371615,0.013018764555454254
1781086843.3953629,5372956,0.037977803498506546
1781086864.324816,5375000,0.021344879642128944
1781086864.3459728,5375003,0.008914714679121971
1781086865.9184585,5375556,0.02670333720743656
1781086869.0678504,5376667,0.017360225319862366
1781086873.43275,5378195,0.08918028324842453
1781086879.300651,5380261,0.02446098066866398
1781086882.3513262,5381320,0.008882514201104641
1781086884.2020886,5381954,0.009796392172574997
1781086887.8451765,5383261,0.10509485751390457
1781086891.4700997,5384862,0.018247123807668686
1781086893.6307855,5385621,0.02374068647623062
1781086900.4518056,5388063,0.020269334316253662
1781086902.4166167,5388760,0.0132102956995368
1781086905.0575018,5389690,0.02618185058236122
1781086908.9908106,5391068,0.01632896065711975
1781086912.0128074,5392120,0.09352968633174896
1781086914.113804,5392848,0.014834210276603699
1781086917.7577987,5394170,0.024055738002061844
1781086919.9914815,5394982,0.00981630478054285
1781086922.0470872,5396036,0.08132260292768478
1781086926.3077729,5397538,0.017734307795763016
1781086928.4016218,5398285,0.02505190297961235
1781086950.6389658,5400000,0.01912039704620838
1781086950.8450565,5400059,0.026829011738300323
1781086953.8220835,5401127,0.03376130014657974
1781086955.579937,5402094,0.018796131014823914
1781086958.3127306,5403077,0.029082339257001877
1781086961.4671702,5404198,0.007942022755742073
1781086962.564693,5404591,0.26140785217285156
1781086965.7410312,5405742,0.06861227005720139
1781086969.882539,5407225,0.09395713359117508
1781086972.6446357,5408234,0.018010523170232773
1781086978.5416098,5410343,0.022189930081367493
1781086978.9614282,5410496,0.060764603316783905
1781086982.779851,5411859,0.06137252599000931
1781086985.9823248,5413327,0.08231733739376068
1781086989.6604972,5414684,0.03413492068648338
1781086991.588438,5415366,0.006831204518675804
1781086995.9475932,5416943,0.06618331372737885
1781086998.5163183,5417872,0.01749368943274021
1781087002.5265682,5419303,0.02549983561038971
1781087005.4927485,5420377,0.017791878432035446
1781087011.2707646,5422475,0.18912579119205475
1781087016.6453903,5424398,0.031184272840619087
1781087017.026979,5424538,0.049696508795022964
1781087033.4921713,5425000,0.009159676730632782
1781087035.4036815,5425669,0.010450053960084915
1781087040.747595,5427586,0.009902430698275566
1781087042.273548,5428137,0.012897779233753681
1781087047.0203643,5429834,0.012774711474776268
1781087049.7218053,5431125,0.029963593930006027
1781087054.4185092,5432821,0.011670328676700592
1781087058.2721493,5434200,0.012575982138514519
1781087060.3153827,5434922,0.01830437406897545
1781087062.6210184,5435740,0.062106482684612274
1781087065.0443008,5436607,0.015871666371822357
1781087068.5627327,5437843,0.07171151787042618
1781087072.2811692,5439138,0.03137236088514328
1781087075.904307,5440409,0.010703450068831444
1781087078.5696511,5441358,0.06723594665527344
1781087082.064144,5442942,0.18604271113872528
1781087086.2740881,5444436,0.007138527929782867
1781087090.12376,5445791,0.014189855195581913
1781087091.9492815,5446434,0.012176379561424255
1781087096.808474,5448159,0.0327795073390007
1781087097.1974962,5448296,0.03149624168872833
1781087101.3766432,5449782,0.011805016547441483
1781087117.9305592,5450000,0.03757713362574577
1781087120.8937008,5451014,0.05807361751794815
1781087123.8850622,5452065,0.021248888224363327
1781087127.548397,5453342,0.02059733122587204
1781087131.3325288,5454661,0.036838605999946594
1781087135.51621,5456148,0.018481789156794548
1781087138.6132762,5457237,0.019559666514396667
1781087141.6085043,5458295,0.07230257987976074
1781087148.3000572,5460986,0.013049997389316559
1781087148.5797856,5461078,0.005637616850435734
1781087155.2143188,5463424,0.013239030726253986
1781087159.1490607,5464821,0.006982460618019104
1781087161.7349155,5465741,0.015305813401937485
1781087165.4521236,5467047,0.02827516570687294
1781087169.2547686,5468387,0.08133996278047562
1781087174.5602155,5470251,0.004426852334290743
1781087177.0153759,5471419,0.009350955486297607
1781087180.3244328,5472728,0.0430951789021492
1781087184.6483083,5474272,0.01723543182015419
1781087199.417332,5475000,0.01672108843922615
1781087200.738436,5475439,0.016096454113721848
1781087206.3587701,5477427,0.019161749631166458
1781087207.726075,5478299,0.1314932256937027
1781087213.0508149,5480132,0.013091109693050385
1781087219.7931285,5482265,0.015002623200416565
1781087220.051846,5482357,0.11431358754634857
1781087223.6733944,5483678,0.022858932614326477
1781087225.9744515,5484660,0.01697341911494732
1781087229.102908,5486164,0.02224438264966011
1781087234.516706,5488734,0.05373459681868553
1781087235.6642828,5489273,0.0072397999465465546
1781087238.0322773,5490773,0.025526013225317
1781087240.6478295,5492009,0.04585106670856476
1781087242.5696256,5492898,0.07797185331583023
1781087246.0777273,5494581,0.03398186340928078
1781087248.0804312,5495409,0.05903766304254532
1781087251.0678837,5496711,0.010033433325588703
1781087253.324599,5497866,0.011108841747045517
1781087255.6259975,5498979,0.01096789538860321
1781087256.6031392,5499328,0.013525977730751038
1781087271.0856392,5500000,0.03762168437242508
1781087272.44505,5500448,0.04329365864396095
1781087276.3025954,5501906,0.03391638770699501
1781087278.8774602,5502922,0.007923804223537445
1781087284.5127482,5504892,0.012548372149467468
1781087285.7430825,5505321,0.034466445446014404
1781087289.7287836,5506773,0.011619014665484428
1781087293.405063,5508208,0.05706402659416199
1781087296.8559015,5509518,0.011980358511209488
1781087301.5748203,5511175,0.027277592569589615
1781087304.9290133,5512745,0.014863375574350357
1781087305.5077744,5512970,0.021383192390203476
1781087309.3356879,5514502,0.03891383856534958
1781087313.19212,5515935,0.041525259613990784
1781087316.6484966,5517145,0.012157829478383064
1781087319.2894492,5518129,0.062218599021434784
1781087323.5112064,5519809,0.029155492782592773
1781087328.5503447,5521707,0.014690475538372993
1781087330.8021343,5522478,0.00868265237659216
1781087334.8530934,5524301,0.028546009212732315
1781087351.7238493,5525000,0.019265294075012207
1781087352.124156,5525125,0.048574142158031464
1781087355.224236,5526321,0.01115098875015974
1781087360.153443,5528065,0.024801218882203102
1781087364.4602237,5529689,0.011017369106411934
1781087369.341508,5531973,0.02976686879992485
1781087375.5290217,5534111,0.013691382482647896
1781087377.856227,5535030,0.020358983427286148
1781087382.0472758,5536486,0.009842237457633018
1781087385.1179583,5537549,0.009835807606577873
1781087391.4556963,5539960,0.07732808589935303
1781087393.6634114,5540813,0.04524579644203186
1781087396.2371085,5542051,0.01201632246375084
1781087400.141005,5543390,0.026067081838846207
1781087404.4385889,5545054,0.26158180832862854
1781087406.7309039,5545955,0.03266932815313339
1781087409.754786,5547077,0.025566736236214638
1781087411.7927518,5547800,0.018338453024625778
1781087415.9541402,5549212,0.08223479986190796
1781087429.3219838,5550000,0.012034466490149498
1781087430.6587524,5550484,0.003808846464380622
1781087434.8989487,5552151,0.018584735691547394
1781087436.393889,5552727,0.015507384203374386
1781087439.8602707,5553976,0.008041209541261196
1781087443.9127917,5555373,0.01890517771244049
1781087447.5435941,5556741,0.04965871572494507
1781087450.5469763,5557916,0.05924330651760101
1781087452.2863622,5558576,0.01588388904929161
1781087455.9185498,5559861,0.005773746408522129
1781087460.7657573,5561927,0.02091788314282894
1781087463.658978,5562979,0.04107839614152908
1781087466.0110183,5563887,0.011812618002295494
1781087470.8686738,5565693,0.02748715691268444
1781087474.7069705,5567004,0.03375378996133804
1781087479.2309575,5568678,0.01076769083738327
1781087482.0643122,5569804,0.06845676153898239
1781087486.5161176,5571458,0.01891474239528179
1781087489.063649,5572343,0.0322408489882946
1781087490.9085367,5573289,0.12788575887680054
1781087494.774224,5574799,0.02948922850191593
1781087510.940178,5575000,0.029891103506088257
1781087515.8181896,5576788,0.1343669593334198
1781087517.8998475,5577474,0.0596248134970665
1781087521.5957465,5578768,0.17775963246822357
1781087524.1419077,5580340,0.025982733815908432
1781087526.7653003,5581689,0.02935156784951687
1781087529.976566,5583370,0.018183397129178047
1781087532.2387197,5584537,0.033099595457315445
1781087533.6420128,5585265,0.12724381685256958
1781087535.8713157,5586431,0.037353515625
1781087538.7051744,5587923,0.22304782271385193
1781087541.3374326,5589311,0.009478422813117504
1781087544.652689,5591049,0.005829185713082552
1781087548.5775514,5593086,0.09960195422172546
1781087549.4433098,5593541,0.012524537742137909
1781087552.0774424,5594875,0.031598374247550964
1781087554.1150355,5595923,0.024938983842730522
1781087556.394325,5597557,0.040278587490320206
1781087557.847275,5598282,0.017847461625933647
1781087560.4251487,5599588,0.017415251582860947
1781087572.3392327,5600000,0.041642412543296814
1781087574.8238811,5600856,0.022269628942012787
1781087578.3914607,5602113,0.15593130886554718
1781087583.4181957,5603887,0.049508094787597656
1781087587.2636642,5605548,0.021261289715766907
1781087587.646003,5605684,0.048170607537031174
1781087592.4748702,5607388,0.0162952970713377
1781087596.6006985,5608830,0.043122828006744385
1781087599.054726,5609700,0.005540843121707439
1781087599.595892,5609914,0.04033547639846802
1781087603.0932589,5611144,0.01894843578338623
1781087607.4756026,5612666,0.010592540726065636
1781087611.2038271,5613948,0.01887815073132515
1781087617.6596687,5616228,0.06618122011423111
1781087621.0541184,5617740,0.09450539201498032
1781087621.3956578,5617857,0.011946799233555794
1781087624.3811166,5618904,0.08280137926340103
1781087629.101369,5620582,0.0179612934589386
1781087631.4847004,5621425,0.010935335420072079
1781087637.0719585,5623388,0.011389958672225475
1781087637.6741788,5623600,0.02783367782831192
1781087640.7512286,5624692,0.016388285905122757
1781087657.715945,5625000,0.08275513350963593
1781087659.0382435,5625447,0.012737490236759186
1781087660.0544868,5625796,0.016206756234169006
1781087664.2281694,5627257,0.04945281893014908
1781087667.7928548,5628509,0.045578859746456146
1781087668.1207972,5628629,0.014631105586886406
1781087670.3950489,5629417,0.024423819035291672
1781087674.514223,5630854,0.04828290268778801
1781087678.4937763,5632246,0.07336530834436417
1781087680.399602,5633251,0.018288832157850266
1781087684.7477396,5634801,0.05521612614393234
1781087688.4107985,5636115,0.22108905017375946
1781087691.1528883,5637079,0.15415477752685547
1781087693.2919612,5637825,0.08404961973428726
1781087697.467156,5639305,0.025304771959781647
1781087701.6674492,5640811,0.02400626428425312
1781087705.7813103,5642263,0.06372008472681046
1781087711.4278314,5644293,0.030955560505390167
1781087712.9209087,5645122,0.026972517371177673
1781087716.128824,5646278,0.022321324795484543
1781087720.0265892,5647635,0.04877123609185219
1781087724.308036,5649152,0.10142883658409119
1781087743.8569872,5650000,0.010569167323410511
1781087746.355655,5651184,0.02318989485502243
1781087749.060678,5652153,0.12648047506809235
1781087752.8033276,5653469,0.008213812485337257
1781087756.6596713,5654850,0.02196209318935871
1781087762.1617339,5656856,0.05460883304476738
1781087764.3840618,5657646,0.008314541541039944
1781087768.2202594,5659003,0.017823990434408188
1781087771.845136,5660284,0.011319814249873161
1781087776.4732552,5662234,0.00943196564912796
1781087782.0929697,5664211,0.1026037186384201
1781087785.9109704,5665549,0.06780561059713364
1781087787.7133071,5666186,0.004293396137654781
1781087791.931926,5667689,0.03550375998020172
1781087795.8132303,5669147,0.011628642678260803
1781087798.4127324,5670066,0.03229326754808426
1781087801.3502862,5671104,0.01001544576138258
1781087805.4096115,5672535,0.012280137278139591
1781087806.9851446,5673407,0.01715017482638359
1781087810.8633065,5674779,0.03159978613257408
1781087824.819294,5675000,0.026096075773239136
1781087829.4686978,5676635,0.025777366012334824
1781087831.3116605,5677281,0.1104043498635292
1781087834.9898233,5678576,0.030121665447950363
1781087838.6215813,5679864,0.021282922476530075
1781087842.2148266,5681453,0.00924945343285799
1781087843.865573,5682031,0.04574704170227051
1781087846.7220037,5683057,0.015378857031464577
1781087851.3439543,5684676,0.01904165744781494
1781087852.3845954,5685037,0.008885690942406654
1781087857.5341747,5686843,0.016915151849389076
1781087862.149604,5688457,0.010699446313083172
1781087866.0378366,5689814,0.020387724041938782
1781087867.7885878,5690416,0.009884326718747616
1781087872.2075534,5692277,0.02844710648059845
1781087877.2312405,5694066,0.033634498715400696
1781087882.0030725,5695738,0.015848476439714432
1781087885.4737484,5696962,0.01437174342572689
1781087886.324887,5697259,0.010956626385450363
1781087890.211881,5698653,0.017293404787778854
1781087893.2028568,5699700,0.01610126718878746
1781087906.240307,5700000,0.007547885179519653
1781087910.8872998,5701633,0.016404487192630768
1781087914.5705373,5702926,0.011063795536756516
1781087915.5695522,5703280,0.14010600745677948
1781087918.5882576,5704358,0.01801101118326187
1781087922.2346616,5705667,0.015880467370152473
1781087925.1950421,5706743,0.051644064486026764
1781087927.215994,5707450,0.01247898954898119
1781087931.3513412,5708938,0.009498577564954758
1781087935.0464146,5710590,0.01281123049557209
1781087939.3962266,5712178,0.04296973720192909
1781087943.8316104,5713767,0.09299387037754059
1781087947.8909154,5715226,0.010261854156851768
1781087951.428162,5716466,0.01122744008898735
1781087953.4518778,5717185,0.014505748637020588
1781087957.6192908,5718661,0.04658202826976776
1781087960.8801086,5719849,0.022273395210504532
1781087963.3179882,5720699,0.012846177443861961
1781087968.2953339,5722789,0.01808229461312294
1781087969.9378994,5723376,0.024947674944996834
1781087972.9709907,5724471,0.03150015324354172
1781087989.5005352,5725000,0.024225791916251183
1781087991.5899713,5725732,0.029309283941984177
1781087992.8990908,5726193,0.015033349394798279
1781087995.8258958,5727222,0.04286970943212509
1781087998.181224,5728392,0.018384486436843872
1781088000.8410153,5729370,0.012249557301402092
1781088006.800318,5731478,0.02081960067152977
1781088012.0938752,5733369,0.040656328201293945
1781088014.7868903,5734332,0.026169324293732643
1781088017.0520294,5735130,0.04090657830238342
1781088020.7990515,5736457,0.03254301846027374
1781088024.9349766,5737921,0.014270173385739326
1781088028.1582716,5739414,0.03767114132642746
1781088030.7455983,5740329,0.009736943989992142
1781088034.261702,5741561,0.03284203261137009
1781088038.0798059,5742901,0.04020335152745247
1781088041.063812,5743959,0.010937957093119621
1781088043.9168239,5744959,0.018912550061941147
1781088047.5029078,5746252,0.01289380993694067
1781088049.901291,5747094,0.007119347341358662
1781088054.4350657,5748723,0.035319872200489044
1781088057.5279038,5749809,0.013464570045471191
1781088072.4815097,5750000,0.015016275458037853
1781088076.560651,5752148,0.022956673055887222
1781088078.2844703,5753053,0.009546058252453804
1781088079.6386974,5753759,0.016486285254359245
1781088082.7580378,5755398,0.008979041129350662
1781088085.6913195,5756928,0.03832923620939255
1781088087.6034606,5757905,0.008395897224545479
1781088091.005506,5759672,0.026153892278671265
1781088091.8969908,5760604,0.016879819333553314
1781088095.2403898,5762343,0.007074218243360519
1781088098.6432414,5764115,0.10510136932134628
1781088101.061513,5765368,0.013029944151639938
1781088103.4696424,5766613,0.030675608664751053
1781088104.1802475,5766966,0.062341734766960144
1781088106.6932251,5768262,0.04674335569143295
1781088111.0691085,5770430,0.009920570999383926
1781088113.1013942,5771338,0.008197387680411339
1781088115.617268,5772516,0.05590473860502243
1781088119.857678,5774149,0.06265006959438324
1781088133.58161,5775000,0.009510270319879055
1781088134.6164496,5775344,0.029868528246879578
1781088139.8828323,5777141,0.0371304452419281
1781088143.4128609,5778347,0.04600512981414795
1781088145.1894577,5778965,0.014937363564968109
1781088149.563334,5780507,0.0701218917965889
1781088153.6787941,5781986,0.049043819308280945
1781088156.8697422,5783429,0.029357869178056717
1781088159.608866,5784417,0.023789070546627045
1781088162.6099067,5785489,0.008644744753837585
1781088166.5126169,5786866,0.008957033976912498
1781088172.446288,5788976,0.05955788493156433
1781088177.0415583,5790599,0.013368289917707443
1781088181.658457,5792241,0.20548154413700104
1781088183.560274,5792897,0.08393175154924393
1781088185.8618596,5794048,0.006993534974753857
1781088189.9910078,5795515,0.03116455115377903
1781088192.2820678,5796339,0.02242511883378029
1781088199.2381504,5798776,0.016705084592103958
1781088217.680025,5800000,0.10847755521535873
1781088217.8696342,5800054,0.013684937730431557
1781088218.2789767,5800514,0.05828452855348587
1781088222.7344182,5802088,0.013268704526126385
1781088226.842712,5803557,0.1097792387008667
1781088230.768144,5804939,0.037969958037137985
1781088235.6260045,5806645,0.05020325630903244
1781088237.052709,5807132,0.020697150379419327
1781088241.6086907,5808717,0.009301003068685532
1781088246.800345,5810613,0.011354191228747368
1781088251.1047745,5812376,0.021302346140146255
1781088253.8000212,5813211,0.009979263879358768
1781088256.0949633,5813999,0.007110545411705971
1781088259.028018,5815056,0.011920925229787827
1781088263.5453484,5816643,0.017125844955444336
1781088265.7189806,5817322,0.02070448361337185
1781088270.0051384,5818817,0.05137592554092407
1781088273.6240392,5820045,0.018155425786972046
1781088278.3862708,5821700,0.09858381748199463
1781088280.583232,5822768,0.01699765771627426
1781088283.9022877,5823920,0.056082647293806076
1781088301.2849367,5825000,0.015533422119915485
1781088303.5496337,5825789,0.11939167231321335
1781088305.6434827,5826519,0.012839850038290024
1781088309.0212004,5827713,0.02534662000834942
1781088311.1263711,5828519,0.08933992683887482
1781088316.132168,5830799,0.07664630562067032
1781088317.1674688,5831158,0.030456192791461945
1781088321.5061877,5832659,0.041342593729496
1781088325.4922197,5834108,0.013734718784689903
1781088328.6776187,5835378,0.0360010489821434
1781088333.131122,5837000,0.022552479058504105
1781088335.3425782,5837759,0.02441801130771637
1781088337.318228,5838460,0.12333700805902481
1781088340.3692672,5839605,0.023087650537490845
1781088344.1822767,5841115,0.0174916610121727
1781088346.79278,5842410,0.059672582894563675
1781088350.37966,5843667,0.010299142450094223
1781088353.775547,5844919,0.009406408295035362
1781088355.9380987,5845753,0.00909578986465931
1781088360.4131622,5847491,0.01880865916609764
1781088362.7603257,5848302,0.10548216104507446
1781088367.392985,5849940,0.03221666067838669
1781088383.2850742,5850000,0.02434138022363186
1781088385.6965582,5851242,0.013040188699960709
1781088388.6270282,5852774,0.0073073869571089745
1781088391.297135,5854160,0.015734601765871048
1781088394.5795906,5855841,0.1546192467212677
1781088395.349935,5856228,0.008204614743590355
1781088397.5347242,5857355,0.008527692407369614
1781088400.9117937,5859093,0.03554592654109001
1781088402.0266275,5859658,0.021089015528559685
1781088405.6930542,5861537,0.007197673432528973
1781088406.95512,5862640,0.008965728804469109
1781088408.5041614,5863419,0.02628767117857933
1781088410.0907085,5864234,0.12532596290111542
1781088413.4202282,5865967,0.013592531904578209
1781088414.4134061,5866473,0.02155027538537979
1781088415.489643,5867019,0.008266180753707886
1781088418.2271686,5868417,0.018423181027173996
1781088419.9014134,5869279,0.022078752517700195
1781088422.4614224,5870591,0.013455545529723167
1781088423.9657521,5871363,0.09774742275476456
1781088426.9069407,5872872,0.014872370287775993
1781088429.834303,5874299,0.021702440455555916
1781088440.8735993,5875000,0.036455586552619934
1781088441.4748404,5875211,0.040940627455711365
1781088445.5019734,5876614,0.02431509643793106
1781088449.8135688,5878223,0.058639686554670334
1781088451.7267697,5878983,0.13859225809574127
1781088454.7176125,5880160,0.014566408470273018
1781088459.3862946,5881832,0.050252608954906464
1781088464.166929,5883495,0.023127280175685883
1781088469.7154915,5885529,0.020775290206074715
1781088470.3564663,5885772,0.008683566004037857
1781088471.840449,5886749,0.04635654762387276
1781088476.4898748,5888488,0.013323871418833733
1781088479.4142437,5889536,0.022547565400600433
1781088483.237759,5890925,0.009579932317137718
1781088485.7525537,5891937,0.040729742497205734
1781088489.0691512,5893264,0.026610787957906723
1781088491.721995,5894224,0.013114523142576218
1781088497.4866385,5896322,0.13354164361953735
1781088499.6954522,5897193,0.03232795000076294
1781088500.244424,5897401,0.015101859346032143
1781088504.3679366,5899354,0.10388121008872986
1781088521.8703244,5900000,0.05495492368936539
1781088523.148555,5900434,0.016119960695505142
1781088527.6176233,5902097,0.008479811251163483
1781088528.3381407,5902372,0.012175166048109531
1781088533.8559513,5904810,0.014486782252788544
1781088537.0251062,5905931,0.05761564522981644
1781088540.1172938,5907022,0.10546989738941193
1781088545.0109231,5908934,0.04978804290294647
1781088546.4949222,5909504,0.040354132652282715
1781088551.0549223,5911164,0.022642120718955994
1781088553.3465786,5911943,0.01636536419391632
1781088557.5626633,5913537,0.014329294674098492
1781088561.2368665,5914974,0.024756427854299545
1781088564.7009711,5916267,0.013217981904745102
1781088565.541115,5916867,0.14915992319583893
1781088568.5889897,5917916,0.009907649829983711
1781088572.7941139,5919514,0.019657477736473083
1781088576.7947664,5921086,0.02042359672486782
1781088582.0946708,5922980,0.025693295523524284
1781088584.038966,5923655,0.034629467874765396
1781088600.4405162,5925000,0.0076477741822600365
1781088600.5534081,5925031,0.023701930418610573
1781088604.72461,5926667,0.04529225826263428
1781088609.2407885,5928294,0.0547199621796608
1781088610.5461264,5928765,0.04557235538959503
1781088614.2289982,5930185,0.02460135705769062
1781088615.5226176,5930656,0.011068835854530334
1781088618.9149575,5931882,0.02479218691587448
1781088623.8077953,5933763,0.04110647737979889
1781088627.2413044,5935095,0.01925482787191868
1781088629.8734753,5936458,0.02364366501569748
1781088631.2338808,5936995,0.042986996471881866
1781088635.1519258,5938516,0.00980335846543312
1781088639.689959,5940122,0.03150605037808418
1781088642.2006428,5941021,0.014335885643959045
1781088646.2199066,5942599,0.026697510853409767
1781088650.2075768,5944213,0.016073012724518776
1781088655.5187263,5946097,0.018902922049164772
1781088659.9363537,5947737,0.010356901213526726
1781088663.725026,5949605,0.02620396390557289
1781088679.2941604,5950000,0.07593053579330444
1781088682.006694,5950966,0.06098770722746849
1781088684.6918757,5951899,0.15854805707931519
1781088689.8140037,5953749,0.008634654805064201
1781088692.1099865,5955003,0.02591121569275856
1781088697.2619274,5956956,0.015334011986851692
1781088698.7492852,5957466,0.018150337040424347
1781088700.5767293,5958113,0.01373204868286848
1781088705.1351016,5959756,0.024036236107349396
1781088709.0558548,5961290,0.023771194741129875
1781088711.5072205,5962240,0.02244526520371437
1781088716.8349123,5964126,0.0346064493060112
1781088718.363721,5964660,0.024962028488516808
1781088722.782638,5966378,0.010628337040543556
1781088725.350286,5967768,0.03343823552131653
1781088729.1960182,5969117,0.007997888140380383
1781088732.1345475,5970143,0.029244909062981606
1781088735.618261,5971432,0.29176509380340576
1781088739.176935,5972795,0.02661922201514244
1781088742.9365828,5974134,0.1068558543920517
1781088760.2718909,5975000,0.26540958881378174
1781088762.6409755,5975841,0.01275700144469738
1781088764.4939492,5976557,0.009550662711262703
1781088766.903775,5977507,0.00884479470551014
1781088771.1866858,5979119,0.02272973582148552
1781088775.418632,5980642,0.015049625188112259
1781088781.1426394,5982817,0.02203289419412613
1781088781.7737372,5983066,0.023428965359926224
1781088786.3031952,5984820,0.057269733399152756
1781088789.8307087,5986421,0.027147937566041946
1781088792.1323385,5987249,0.03289349377155304
1781088794.7807188,5988310,0.02011585421860218
1781088798.342933,5989709,0.013051846995949745
1781088800.074189,5990401,0.030800096690654755
1781088805.0586708,5992228,0.010610274039208889
1781088809.1663313,5993734,0.010552342981100082
1781088812.723998,5995142,0.026355233043432236
1781088814.8639045,5995994,0.01606156677007675
1781088817.656266,5997065,0.004463520832359791
1781088820.250514,5998318,0.003925771452486515
1781088823.707341,5999566,0.031143276020884514
1781088838.7790446,6000000,0.01806127093732357
1781088842.359829,6001416,0.02536306530237198
1781088843.9878862,6002018,0.0261886827647686
1781088848.2475028,6003541,0.013805486261844635
1781088850.7449343,6004822,0.01713978499174118
1781088855.5584815,6006752,0.012581604532897472
1781088857.802911,6007597,0.03653508424758911
1781088863.6395805,6009710,0.010642513632774353
1781088864.7957938,6010111,0.01287064328789711
1781088868.540757,6011586,0.005949858576059341
1781088872.4911287,6013156,0.028656691312789917
1781088874.1992738,6013729,0.008036072365939617
1781088877.5214694,6014908,0.011619152501225471
1781088882.0353916,6016929,0.012203730642795563
1781088886.0602536,6018542,0.021218065172433853
1781088889.8970828,6019931,0.11279924213886261
1781088893.454332,6021139,0.09094657003879547
1781088896.2400978,6022145,0.1332402527332306
1781088897.312794,6022556,0.09652408212423325
1781088899.1442997,6023250,0.07430703938007355
1781088903.0939052,6024708,0.006490619853138924
1781088916.3377206,6025000,0.017481282353401184
1781088921.7112272,6026785,0.01567494496703148
1781088925.0944116,6027997,0.04820195212960243
1781088926.0871627,6028401,0.015538599342107773
1781088929.5963137,6030055,0.03003036417067051
1781088933.0290463,6031607,0.009124069474637508
1781088936.030185,6032968,0.021845867857336998
1781088937.1533318,6033480,0.019587857648730278
1781088939.663334,6034691,0.015708163380622864
1781088942.9899983,6036347,0.031477369368076324
1781088944.0606873,6037325,0.013661481440067291
1781088946.6438215,6038620,0.005471536424010992
1781088949.9065242,6040226,0.04075852409005165
1781088952.0233397,6041198,0.01889682561159134
1781088955.5796852,6042917,0.017012013122439384
1781088958.3770914,6044323,0.01540087629109621
1781088960.0686157,6045138,0.028240857645869255
1781088962.9887698,6046557,0.048468150198459625
1781088966.8359358,6048492,0.01688850112259388
1781088983.7792704,6050000,0.005641551688313484
1781088984.67129,6050273,0.004241160117089748
1781088988.7655838,6051626,0.012814439833164215
1781088994.045648,6053530,0.01316535472869873
1781088996.233907,6054467,0.029264459386467934
1781088998.0139217,6055414,0.022391578182578087
1781089002.1587677,6057611,0.024634454399347305
1781089004.3738887,6058749,0.008428957313299179
1781089007.597521,6060450,0.017428841441869736
1781089008.6753983,6061501,0.02895260602235794
1781089009.5854356,6061982,0.016663236543536186
1781089012.1484764,6063351,0.008942386135458946
1781089014.1337395,6064407,0.1757059544324875
1781089016.7915561,6065806,0.032449930906295776
1781089018.6492555,6066797,0.031305570155382156
1781089021.5723608,6068346,0.11529401689767838
1781089022.7923934,6068935,0.025335591286420822
1781089027.6950026,6071311,0.007757236249744892
1781089030.450861,6072650,0.03251004219055176
1781089032.6692607,6073733,0.06068870425224304
1781089032.978536,6073874,0.017891332507133484
1781089038.6659951,6075000,0.05017470568418503
1781089038.9007533,6075530,0.10606963187456131
1781089040.616959,6076386,0.11629083752632141
1781089043.7354088,6077940,0.025921141728758812
1781089045.878768,6078915,0.027324868366122246
1781089048.7524126,6080385,0.011665371246635914
1781089051.3042078,6081610,0.0244973823428154
1781089054.1859603,6082882,0.15630006790161133
1781089059.715608,6084935,0.03369685262441635
1781089060.7703962,6085369,0.029189035296440125
1781089062.6755366,6086260,0.029028072953224182
1781089064.6611264,6087120,0.0195391234010458
1781089067.8287559,6088630,0.007793365512043238
1781089069.7269955,6089558,0.013650801032781601
1781089073.1256428,6091408,0.03637602552771568
1781089074.3366935,6091821,0.006207384634763002
1781089077.5189574,6093337,0.017126448452472687
1781089082.2601824,6095068,0.11022187769412994
1781089084.5456095,6096116,0.007817837409675121
1781089087.3142505,6097469,0.013397729024291039
1781089088.9056678,6098277,0.0723569393157959
1781089091.9110048,6099870,0.010197477415204048
1781089103.9122698,6100000,0.011944098398089409
1781089107.254656,6101296,0.021870611235499382
1781089109.0909762,6101968,0.01881704293191433
1781089112.6307256,6103202,0.013088193722069263
1781089116.6454966,6104658,0.05848090350627899
1781089120.35304,6106123,0.028585556894540787
1781089124.3827267,6107690,0.03536732494831085
1781089127.5102992,6108797,0.02091706357896328
1781089129.9093757,6109633,0.0209222249686718
1781089133.5733602,6111293,0.07520855963230133
1781089135.2858043,6111969,0.028301049023866653
1781089138.883856,6113454,0.007782795932143927
1781089141.6078458,6114862,0.01301084365695715
1781089145.8545802,6117050,0.07090656459331512
1781089146.2653499,6117255,0.025311509147286415
1781089149.1334553,6118736,0.03536515310406685
1781089151.426764,6119934,0.01233450323343277
1781089152.9209318,6120674,0.10821668058633804
1781089155.6930928,6122025,0.03571537509560585
1781089158.2591612,6123183,0.03377145156264305
1781089161.5133772,6124776,0.020076096057891846
1781089167.601408,6125000,0.016500268131494522
1781089169.2906353,6125590,0.018220655620098114
1781089175.1007144,6127774,0.02365361526608467
1781089177.7373269,6128805,0.0181041918694973
1781089179.8860664,6129613,0.022740570828318596
1781089185.0730138,6131450,0.007484619505703449
1781089188.07024,6132578,0.02119901403784752
1781089194.9406173,6134940,0.010007155127823353
1781089195.977658,6135338,0.014895834028720856
1781089197.879186,6136442,0.020056884735822678
1781089201.6257508,6137893,0.08603361248970032
1781089205.4021268,6139167,0.01320232916623354
1781089206.9914763,6139715,0.011355303227901459
1781089210.7477043,6141035,0.026569273322820663
1781089212.8285336,6141842,0.005382203962653875
1781089217.1896472,6143548,0.014262964017689228
1781089221.5326943,6145036,0.09746266156435013
1781089224.0347567,6145907,0.022707907482981682
1781089227.2708843,6147137,0.02457161620259285
1781089229.3251107,6148313,0.05304066091775894
1781089231.8708827,6149282,0.035690788179636
1781089248.487242,6150000,0.025907468050718307
1781089251.663822,6151094,0.05690830200910568
1781089254.9457955,6152292,0.03163972496986389
1781089258.972304,6153751,0.03969305008649826
1781089259.7631598,6154021,0.05104457587003708
1781089261.9246113,6155128,0.009378490969538689
1781089266.8041203,6157063,0.01231148187071085
1781089268.6318188,6157795,0.015549040399491787
1781089273.184493,6159418,0.009234289638698101
1781089274.6260977,6159909,0.0205073244869709
1781089279.105306,6161502,0.006820352748036385
1781089281.186166,6162247,0.015266979113221169
1781089284.524738,6163407,0.03387969732284546
1781089286.5249467,6164183,0.08839101344347
1781089288.733615,6165047,0.04907449334859848
1781089291.5300832,6166503,0.00827280804514885
1781089296.3525565,6168184,0.020342275500297546
1781089299.7122698,6169358,0.01748664677143097
1781089302.0596864,6170296,0.013373972848057747
1781089303.8997743,6171015,0.01569981500506401
1781089308.8747318,6172904,0.017520857974886894
1781089312.8830972,6174323,0.01676785759627819
1781089327.8201602,6175000,0.009561687707901001
1781089328.744529,6175313,0.017323393374681473
1781089332.7661424,6176903,0.01311520952731371
1781089335.7597156,6178055,0.0143696628510952
1781089339.1991475,6179271,0.03396632894873619
1781089344.1738946,6181087,0.009343014098703861
1781089344.6083038,6181256,0.010611338540911674
1781089347.8400702,6182512,0.019646085798740387
1781089350.499439,6183543,0.00847448781132698
1781089354.68888,6185343,0.014197939075529575
1781089359.3230464,6187022,0.056567613035440445
1781089361.666986,6187956,0.014692097902297974
1781089365.7124412,6189504,0.009295337833464146
1781089370.0915627,6191018,0.045889612287282944
1781089374.6467025,6192723,0.007357010617852211
1781089377.9475973,6194028,0.019125275313854218
1781089379.9684181,6194830,0.01185145415365696
1781089382.1141176,6195584,0.009738123044371605
1781089385.0482888,6196607,0.041852083057165146
1781089387.650023,6197894,0.11358503252267838
1781089408.563602,6200000,0.14481639862060547
1781089409.2062068,6200207,0.012328127399086952
1781089410.177834,6200564,0.010195881128311157
1781089414.365856,6201999,0.007711952552199364
1781089417.8104923,6203659,0.012067635543644428
1781089421.8342185,6205279,0.007800636813044548
1781089426.104685,6206816,0.006994621828198433
1781089430.3209338,6208269,0.025141283869743347
1781089434.421024,6209876,0.03587751090526581
1781089437.2027526,6210968,0.01259324885904789
1781089439.8896306,6211945,0.017879830673336983
1781089443.5347219,6213237,0.014557875692844391
1781089447.876728,6214861,0.009396419860422611
1781089449.7878864,6215628,0.05430280417203903
1781089451.1481974,6216538,0.018297821283340454
1781089454.9478264,6217948,0.01386186107993126
1781089458.4921622,6219218,0.012944728136062622
1781089460.158504,6219890,0.016706816852092743
1781089463.5313559,6221248,0.013031678274273872
1781089468.0916674,6222856,0.006379939150065184
1781089473.5406709,6224888,0.03226277977228165
1781089484.0290828,6225000,0.05090074613690376
1781089485.4072018,6225471,0.011722519993782043
1781089489.872376,6227231,0.028682982549071312
1781089492.3948092,6228232,0.1444842368364334
1781089494.3802304,6228974,0.07116242498159409
1781089498.604265,6230500,0.03226904571056366
1781089501.567563,6231561,0.04793494939804077
1781089505.954271,6233313,0.012332519516348839
1781089508.7907312,6234406,0.10500714182853699
1781089511.1287465,6235245,0.006956630852073431
1781089512.8260736,6235856,0.010227956809103489
1781089514.9562948,6236964,0.009950965642929077
1781089518.534625,6238396,0.02363971620798111
1781089519.206594,6238655,0.02173185721039772
1781089521.677013,6239634,0.05753510817885399
1781089525.8747382,6241123,0.01613025739789009
1781089531.2855544,6243066,0.009636957198381424
1781089535.1464489,6244513,0.09322211146354675
1781089536.8375227,6245183,0.009924765676259995
1781089539.1698987,6246102,0.008238330483436584
1781089542.497519,6247356,0.013057079166173935
1781089545.9048467,6248861,0.011821065098047256
1781089548.6422753,6249871,0.021447420120239258
1781089563.2960942,6250000,0.006346633657813072
1781089567.5329707,6251626,0.12812931835651398
1781089570.5253344,6252747,0.01244681142270565
1781089572.8535745,6253542,0.007727121934294701
1781089576.4143114,6255089,0.022241175174713135
1781089577.2953331,6255408,0.026417233049869537
1781089580.981515,6256880,0.052128467708826065
1781089584.827549,6258372,0.008744630962610245
1781089590.6172037,6260371,0.013351034373044968
1781089595.1855586,6262089,0.025859074667096138
1781089598.5728717,6263417,0.013792785815894604
1781089598.9746556,6263570,0.010933062992990017
1781089602.702505,6264894,0.020959239453077316
1781089607.507125,6266595,0.03955120965838432
1781089610.0756423,6267957,0.025986574590206146
1781089612.542781,6268956,0.036993902176618576
1781089613.9008703,6269477,0.045105841010808945
1781089616.3696911,6270328,0.019263485446572304
1781089619.2798965,6271336,0.04590790718793869
1781089625.5566447,6273638,0.007818151265382767
1781089627.8018608,6274407,0.024377644062042236
1781089636.0390253,6275000,0.04401586949825287
1781089639.0523121,6276145,0.016888823360204697
1781089640.1540093,6276896,0.10893920063972473
1781089644.087713,6278256,0.021895967423915863
1781089649.4664774,6280188,0.04383889585733414
1781089651.2949936,6280892,0.0098347719758749
1781089653.6259773,6281796,0.02344176359474659
1781089657.923282,6283469,0.005640224553644657
1781089661.594969,6284700,0.04561806842684746
1781089666.5315406,6286421,0.014915771782398224
1781089670.504293,6288310,0.05825808644294739
1781089674.1910408,6289699,0.07801682502031326
1781089676.1892824,6290407,0.012795940041542053
1781089680.2792222,6291834,0.021567273885011673
1781089682.543847,6292728,0.005051418207585812
1781089685.3848352,6293847,0.015516944229602814
1781089688.939732,6295210,0.00795834232121706
1781089691.5783076,6296140,0.019570423290133476
1781089692.9418232,6296640,0.01525191217660904
1781089697.60749,6298401,0.00910290889441967
1781089699.3890753,6299098,0.02266702614724636
1781089715.1203203,6300000,0.04512060061097145
1781089716.7405727,6300624,0.014306804165244102
1781089717.5812378,6300931,0.009144176729023457
1781089721.068105,6302213,0.014490506611764431
1781089726.1048143,6304079,0.025140035897493362
1781089729.223092,6305333,0.019994625821709633
1781089734.4472277,6307658,0.01423471886664629
1781089735.0262134,6307858,0.01886988803744316
1781089738.7040277,6309221,0.01083291694521904
1781089742.790329,6310829,0.057553552091121674
1781089744.8384674,6311630,0.025882648304104805
1781089749.6014845,6313449,0.018753159791231155
1781089752.678602,6314667,0.01948012411594391
1781089755.869055,6315867,0.035403717309236526
1781089760.2106674,6317431,0.07575283944606781
1781089761.7603564,6318003,0.008039582520723343
1781089767.2647555,6320431,0.02486102283000946
1781089768.902434,6320981,0.014753678813576698
1781089773.139869,6322425,0.01425202190876007
1781089777.0062072,6323903,0.01971544697880745
1781089794.5353477,6325000,0.058359093964099884
1781089796.1067202,6325573,0.005579438526183367
1781089797.6166537,6326396,0.022608786821365356
1781089800.8025427,6327491,0.03236117959022522
1781089805.8266702,6329373,0.0506780669093132
1781089810.28979,6331105,0.01676289550960064
1781089815.290452,6332836,0.009393835440278053
1781089817.2919865,6333517,0.006038958206772804
1781089821.2619762,6335033,0.023941734805703163
1781089825.4405248,6336671,0.028215855360031128
1781089827.5536644,6337388,0.02723604440689087
1781089831.3928206,6339018,0.18153518438339233
1781089832.609588,6339450,0.010498099029064178
1781089835.864973,6340745,0.02094479277729988
1781089839.1342943,6342029,0.0635882094502449
1781089843.720547,6343690,0.029454389587044716
1781089848.4489017,6345374,0.027069829404354095
1781089850.8285182,6346309,0.007571933791041374
1781089852.2275977,6346865,0.01660359464585781
1781089854.614577,6347794,0.029452495276927948
1781089860.2807748,6349789,0.03212092071771622
1781089868.5513592,6350000,0.017674541100859642
1781089871.3118372,6351424,0.015026433393359184
1781089872.55425,6352063,0.005075383000075817
1781089874.5724423,6353102,0.04316218942403793
1781089877.5925624,6354681,0.05499924719333649
1781089880.5926445,6356213,0.026988055557012558
1781089881.8515115,6356857,0.0100258719176054
1781089883.854878,6357890,0.017477208748459816
1781089885.744749,6358851,0.07229125499725342
1781089888.798076,6360417,0.01284942589700222
1781089891.1994255,6361659,0.023416705429553986
1781089891.8741238,6362003,0.04750541225075722
1781089894.5473611,6363849,0.011167450807988644
1781089896.406991,6364805,0.034482210874557495
1781089898.947021,6366109,0.0064847636967897415
1781089902.5894818,6367992,0.02151365950703621
1781089903.660343,6368545,0.03233949467539787
1781089905.2010047,6369343,0.02330256998538971
1781089906.9793608,6370266,0.01084941253066063
1781089909.5216694,6371587,0.010676980018615723
1781089912.0527496,6372896,0.06239655241370201
1781089914.164144,6374006,0.03132440149784088
1781089915.7488632,6374790,0.015109679661691189
1781089929.5665352,6375000,0.0112112145870924
1781089931.5644095,6375767,0.03516757860779762
1781089934.6630864,6376878,0.05987830087542534
1781089937.411426,6377847,0.02205350622534752
1781089940.2904449,6378900,0.009521246887743473
1781089943.3632061,6380116,0.02928551658987999
1781089945.8489678,6381114,0.00703829899430275
1781089949.9605038,6382621,0.007305184844881296
1781089954.7380886,6384336,0.014289884828031063
1781089955.4105191,6384604,0.12360610067844391
1781089958.0762556,6386030,0.05372055619955063
1781089961.7976422,6387445,0.01197548396885395
1781089966.232865,6389098,0.01332114078104496
1781089969.9359517,6390572,0.025734299793839455
1781089972.6135752,6391552,0.16705885529518127
1781089975.2773697,6392465,0.04622964560985565
1781089978.0343552,6393432,0.03776013106107712
1781089981.9388971,6394927,0.055287353694438934
1781089986.976818,6396820,0.016329720616340637
1781089989.1166694,6397912,0.06424397230148315
1781089991.6022317,6398775,0.1873239427804947
1781089994.3500133,6399802,0.028689008206129074
1781090008.8920174,6400000,0.044900547713041306
1781090011.2679775,6400933,0.026006437838077545
1781090017.031919,6403144,0.025082074105739594
1781090018.5264955,6403967,0.018296098336577415
1781090020.505888,6404680,0.026285817846655846
1781090024.9749224,6406347,0.07693980634212494
1781090028.6611955,6407825,0.04212064668536186
1781090031.3612514,6408819,0.15378403663635254
1781090035.4869435,6410311,0.012370409443974495
1781090041.0560343,6412445,0.02935725264251232
1781090041.6979918,6412686,0.012435530312359333
1781090045.7258554,6414214,0.07987148314714432
1781090050.111485,6415731,0.00837327167391777
1781090051.8378189,6416686,0.06578302383422852
1781090055.7887545,6418261,0.017570115625858307
1781090057.391601,6418907,0.012034857645630836
1781090063.0630462,6421008,0.012404441833496094
1781090066.5581117,6422282,0.15369389951229095
1781090070.5327098,6423850,0.04888568073511124
1781090073.250581,6424947,0.019671659916639328
1781090084.7203977,6425000,0.03919447213411331
1781090087.9655154,6426225,0.10851829499006271
1781090091.3165581,6427420,0.02722589671611786
1781090094.931119,6428708,0.014651373028755188
1781090099.3783708,6430461,0.02175133302807808
1781090100.9924712,6431099,0.02594822645187378
1781090101.2435448,6431191,0.007512069307267666
1781090104.2408328,6432349,0.040759433060884476
1781090106.2852209,6433079,0.015229249373078346
1781090111.6385877,6435038,0.020926326513290405
1781090113.1372387,6435982,0.10079784691333771
1781090114.717682,6436607,0.04655677452683449
1781090117.5330236,6437657,0.12992270290851593
1781090121.1726642,6439020,0.025208815932273865
1781090124.8443165,6440495,0.013587119057774544
1781090128.1240494,6441702,0.029697392135858536
1781090130.0527463,6442393,0.02511642873287201
1781090133.7332153,6443739,0.054634712636470795
1781090137.7419345,6445331,0.011557784862816334
1781090142.2286065,6447044,0.007115593645721674
1781090144.4276266,6448148,0.05395810678601265
1781090145.762943,6448603,0.03241758793592453
1781090161.3868089,6450000,0.027676552534103394
1781090162.8444796,6450507,0.02853875607252121
1781090164.0937474,6450993,0.048511359840631485
1781090167.020221,6452131,0.019633304327726364
1781090168.7907658,6452819,0.014221439138054848
1781090172.009731,6453982,0.020403774455189705
1781090174.6533437,6454912,0.09532097727060318
1781090176.9884074,6456089,0.014155654236674309
1781090182.0035937,6458075,0.00572575069963932
1781090183.732758,6458740,0.02265303023159504
1781090188.0018716,6460528,0.012419156730175018
1781090189.8902135,6461500,0.014119787141680717
1781090191.7422993,6462453,0.013919094577431679
1781090194.788901,6464037,0.09509502351284027
1781090195.9978206,6464657,0.050539009273052216
1781090198.6073682,6466003,0.01913439854979515
1781090201.2412844,6467355,0.31622278690338135
1781090204.5439324,6469059,0.0733957439661026
1781090207.0164032,6470329,0.0217970572412014
1781090208.8797524,6471756,0.10821613669395447
1781090209.9711902,6472328,0.015684116631746292
1781090212.4868865,6473642,0.012792384251952171
1781090213.0724318,6473942,0.017038628458976746
1781090224.2515154,6475000,0.05569237843155861
1781090224.943753,6475344,0.04566941410303116
1781090227.5791423,6476538,0.14349888265132904
1781090230.7282171,6478038,0.03434661775827408
1781090234.028819,6479589,0.013799713924527168
1781090237.616873,6481075,0.03392155468463898
1781090240.6395483,6482805,0.04321984574198723
1781090243.2584991,6484065,0.007651384919881821
1781090245.5124655,6485191,0.02519878000020981
1781090248.257674,6486553,0.014667531475424767
1781090250.0026217,6487427,0.004901664797216654
1781090253.8728697,6489367,0.021506719291210175
1781090254.6910164,6489759,0.04061034694314003
1781090257.42918,6491150,0.0370054617524147
1781090258.903599,6491787,0.019145119935274124
1781090263.5630968,6493464,0.021359220147132874
1781090266.610358,6494531,0.017295988276600838
1781090271.1540163,6496279,0.02596655674278736
1781090272.8763022,6497295,0.022377267479896545
1781090277.8521693,6499045,0.011822382919490337
1781090293.397732,6500000,0.01422064658254385
1781090294.9366858,6500533,0.00900659617036581
1781090299.3123765,6502190,0.07143683731555939
1781090301.2611191,6502970,0.0254961084574461
1781090303.3978481,6504138,0.12032786011695862
1781090308.1947412,6505800,0.008883623406291008
1781090309.3576934,6506191,0.053862012922763824
1781090313.1728077,6507627,0.06312310695648193
1781090315.0605726,6508369,0.034426018595695496
1781090318.4571643,6509682,0.008437132462859154
1781090322.6153197,6511122,0.026376958936452866
1781090326.7981675,6512604,0.12570331990718842
1781090330.9707377,6514227,0.006409555207937956
1781090333.2440908,6515101,0.007912366650998592
1781090334.6649199,6515915,0.01830856129527092
1781090339.0587783,6517406,0.021958712488412857
1781090342.6376884,6518754,0.02368205226957798
1781090345.8318963,6519998,0.01970203034579754
1781090349.3285816,6521281,0.042906761169433594
1781090351.6159544,6522057,0.014514733105897903
1781090354.7664516,6523170,0.01819063350558281
1781090358.8023887,6524712,0.11558257043361664
1781090370.5351562,6525000,0.02108815684914589
1781090374.2770438,6526453,0.013166661374270916
1781090376.3655806,6527271,0.05900220572948456
1781090380.151466,6528667,0.009764070622622967
1781090382.474218,6529460,0.032025162130594254
1781090388.5557501,6531711,0.08732956647872925
1781090392.1422222,6533124,0.021744992583990097
1781090393.9175766,6533797,0.02278774417936802
1781090397.629774,6535061,0.04827837273478508
1781090401.287153,6536655,0.015523730777204037
1781090403.6657157,6537586,0.006981915328651667
1781090407.37418,6539044,0.0031502661295235157
1781090409.03724,6539629,0.03676329553127289
1781090411.9985425,6540654,0.01979900896549225
1781090417.3887677,6542630,0.055877864360809326
1781090421.3489492,6544211,0.0223127081990242
1781090422.8888974,6544807,0.02398146316409111
1781090427.6061058,6546402,0.02608579397201538
1781090430.8608894,6547895,0.03666803985834122
1781090434.9809697,6549503,0.04427380859851837
1781090450.0962029,6550000,0.013990487903356552
1781090451.8476593,6550678,0.06757025420665741
1781090454.4923728,6551598,0.03305808827280998
1781090460.2388437,6553629,0.06980367004871368
1781090460.608837,6554129,0.022080600261688232
1781090464.318016,6555588,0.19531109929084778
1781090468.0046923,6556959,0.06127476319670677
1781090472.7060456,6558583,0.027444150298833847
1781090475.6898265,6559682,0.02492234855890274
1781090477.4559555,6560372,0.007088891230523586
1781090480.3650272,6561516,0.017242025583982468
1781090482.465672,6562265,0.006821725517511368
1781090488.9266129,6564652,0.011262020096182823
1781090491.0570133,6565386,0.019149605184793472
1781090491.9450345,6565687,0.010010619647800922
1781090494.7637293,6567012,0.013833003118634224
1781090499.4882066,6568828,0.09254953265190125
1781090501.9893353,6569808,0.017785029485821724
1781090504.5966995,6570765,0.033483657985925674
1781090508.6693397,6572180,0.0404837429523468
1781090512.5239465,6573585,0.009016355499625206
1781090515.2292714,6574648,0.04484458267688751
1781090527.5148225,6575000,0.020849164575338364
1781090528.2345972,6575251,0.011410139501094818
1781090530.490173,6576138,0.05052759498357773
1781090535.4047892,6577964,0.012821298092603683
1781090539.4843538,6579353,0.050568051636219025
1781090543.7723784,6580999,0.022910526022315025
1781090545.5132444,6581683,0.028269164264202118
1781090548.55615,6582841,0.11720716953277588
1781090552.2121847,6584097,0.055746350437402725
1781090555.661556,6585649,0.043378859758377075
1781090558.3000467,6586683,0.12866820394992828
1781090560.8924043,6587706,0.00463168416172266
1781090563.4382885,6588645,0.057036980986595154
1781090567.883795,6590177,0.04864446818828583
1781090572.2277317,6591774,0.03608979657292366
1781090575.060003,6592881,0.034911490976810455
1781090578.0811064,6594027,0.01638030633330345
1781090579.6873715,6594571,0.017410248517990112
1781090584.1318986,6596110,0.008981275372207165
1781090587.1096108,6597600,0.07458945363759995
1781090590.69452,6599033,0.03548649325966835
1781090607.0721297,6600000,0.035341762006282806
1781090607.084461,6600002,0.007081638090312481
1781090610.2441266,6601106,0.015347291715443134
1781090614.1547687,6602558,0.009940951131284237
1781090617.9539986,6604044,0.02290806919336319
1781090619.1319246,6604827,0.036522433161735535
1781090623.7121422,6606414,0.006785253062844276
1781090625.4356453,6607004,0.028231855481863022
1781090627.8105483,6607932,0.11301025003194809
1781090631.3644466,6609334,0.019628044217824936
1781090633.8649588,6610291,0.053478363901376724
1781090637.5998397,6611619,0.017881769686937332
1781090639.7795305,6612365,0.016674000769853592
1781090643.5355892,6613811,0.015721088275313377
1781090647.758298,6615451,0.017010068520903587
1781090650.2646363,6616664,0.016371766105294228
1781090655.4788442,6618540,0.02237558178603649
1781090656.0905907,6618759,0.011986952275037766
1781090659.2860444,6620020,0.031251076608896255
1781090662.82897,6621378,0.011027097702026367
1781090667.1366248,6622858,0.018653780221939087
1781090668.8216298,6623468,0.021345604211091995
1781090672.6127207,6624923,0.023589465767145157
1781090685.7933135,6625000,0.007377895526587963
1781090687.583097,6625691,0.020794516429305077
1781090691.1919906,6627119,0.058534808456897736
1781090695.535816,6628603,0.04067482054233551
1781090698.1439698,6629536,0.028734980151057243
1781090701.0363686,6630638,0.04161139950156212
1781090705.3344223,6632340,0.014786307699978352
1781090710.77844,6634264,0.017751390114426613
1781090712.5464883,6634880,0.01261088065803051
1781090714.6412594,6635958,0.022818323224782944
1781090719.0456214,6637672,0.03967456519603729
1781090719.7626104,6637958,0.029014138504862785
1781090723.573781,6639306,0.012721717357635498
1781090729.018706,6641213,0.0414237454533577
1781090731.7876484,6642308,0.045039452612400055
1781090734.2816427,6643278,0.024507662281394005
1781090737.4936967,6644467,0.009783982299268246
1781090739.7720857,6645257,0.11443386971950531
1781090742.6303933,6646230,0.021383581683039665
1781090745.6063926,6647745,0.014481359161436558
1781090747.8368943,6648621,0.13329580426216125
1781090750.0879104,6649511,0.0861535593867302
1781090759.5504205,6650000,0.037215277552604675
1781090762.1277962,6651026,0.013351468369364738
1781090766.2842855,6652613,0.020735468715429306
1781090768.7939358,6653473,0.017315199598670006
1781090775.826592,6656089,0.016829663887619972
1781090776.0938416,6656181,0.07386492192745209
1781090778.7613716,6657582,0.03229344263672829
1781090782.9397569,6659070,0.028270872309803963
1781090784.394731,6659594,0.03439889848232269
1781090787.936565,6660789,0.009321851655840874
1781090790.5927248,6661839,0.04347773268818855
1781090794.2916656,6663295,0.05007510259747505
1781090795.9509923,6663952,0.02049361914396286
1781090797.9288085,6664735,0.0271773561835289
1781090800.9835184,6665834,0.03576634079217911
1781090804.71575,6667135,0.019996650516986847
1781090807.9158845,6668724,0.052231866866350174
1781090813.2159395,6670616,0.023808622732758522
1781090817.5527747,6672233,0.045910414308309555
1781090818.1244912,6672452,0.04244665801525116
1781090820.7619789,6673494,0.21394838392734528
1781090836.9545016,6675000,0.027460409328341484
1781090836.9703288,6675003,0.017397191375494003
1781090839.3567815,6676146,0.16141608357429504
1781090844.6652925,6678054,0.024541106075048447
1781090847.995488,6679384,0.022013261914253235
1781090849.3866227,6679937,0.02985125407576561
1781090853.4018135,6681421,0.04670480638742447
1781090858.141625,6683102,0.02319897711277008
1781090862.3382452,6684728,0.023540714755654335
1781090865.5364711,6685975,0.021312784403562546
1781090867.1935794,6686606,0.02369271032512188
1781090870.964719,6688294,0.007803893648087978
1781090873.1037652,6689053,0.046787329018116
1781090878.2837038,6691138,0.018207687884569168
1781090881.3117733,6692261,0.02455024980008602
1781090883.6820583,6693092,0.012484649196267128
1781090887.987967,6694574,0.0620281808078289
1781090892.0155241,6696153,0.033365681767463684
1781090896.3342783,6697851,0.017126739025115967
1781090898.6867173,6698697,0.024246834218502045
1781090914.9317572,6700000,0.16430601477622986
1781090915.0337641,6700029,0.03534926474094391
1781090919.047969,6701486,0.012729133479297161
1781090922.3207552,6702779,0.015418955124914646
1781090924.5332065,6703632,0.28696000576019287
1781090929.5817015,6705372,0.0063112941570580006
1781090931.9296548,6706179,0.03446308895945549
1781090936.0789707,6708186,0.01579136587679386
1781090941.0972993,6710053,0.010695425793528557
1781090944.5755124,6711287,0.010046782903373241
1781090946.5168815,6711972,0.02116553857922554
1781090949.4594417,6713162,0.08289211988449097
1781090953.2587478,6714668,0.02851683273911476
1781090956.5952594,6715903,0.010128472000360489
1781090959.676406,6716983,0.008113300427794456
1781090962.173687,6717927,0.034802526235580444
1781090965.4785185,6719235,0.15358315408229828
1781090968.1734285,6720640,0.03143712878227234
1781090971.9932976,6722009,0.010361159220337868
1781090972.4973588,6722188,0.006410989444702864
1781090978.6827583,6724672,0.01914471574127674
1781090994.8973765,6725000,0.03846021741628647
1781090997.0226388,6725744,0.05742603540420532
1781090998.391203,6726575,0.016426196321845055
1781091002.2954192,6728000,0.011212054640054703
1781091008.840567,6730601,0.014524904079735279
1781091012.3632681,6731838,0.014267793856561184
1781091013.316771,6732169,0.037713564932346344
1781091019.1756854,6734370,0.03696449473500252
1781091022.3198867,6735629,0.015959607437253
1781091024.921583,6736613,0.013976658694446087
1781091027.8713262,6737642,0.04041081666946411
1781091030.9758406,6739052,0.01824362948536873
1781091035.7089815,6740898,0.010048070922493935
1781091039.9686542,6742499,0.017575327306985855
1781091044.0527644,6743941,0.051112256944179535
1781091046.7317722,6744989,0.010974672622978687
1781091048.2270777,6745769,0.03375011682510376
1781091051.3221507,6747387,0.016001466661691666
1781091053.376851,6748479,0.015560617670416832
1781091064.859291,6750000,0.14831753075122833
1781091065.3797793,6750255,0.02018960565328598
1781091067.5556347,6751374,0.04097506031394005
1781091070.1288424,6752715,0.009225472807884216
1781091073.4576428,6754472,0.02562103234231472
1781091074.8544385,6755205,0.030756331980228424
1781091077.0430436,6756362,0.029848944395780563
1781091079.6967142,6757726,0.024849524721503258
1781091081.6654856,6758745,0.01435398031026125
1781091085.2851088,6760637,0.012940363958477974
1781091087.2066457,6761591,0.04732520505785942
1781091090.276137,6763015,0.08397729694843292
1781091091.764155,6763725,0.02762199565768242
1781091094.3173614,6765408,0.05273286998271942
1781091097.6350558,6767002,0.09089456498622894
1781091100.8737378,6768521,0.044935859739780426
1781091104.0046082,6769969,0.011669923551380634
1781091105.2441933,6770506,0.0264564361423254
1781091108.3135145,6771880,0.01973726600408554
1781091111.1900778,6773211,0.007332935463637114
1781091114.230108,6774661,0.04732157289981842
1781091124.3804405,6775000,0.23040318489074707
1781091126.290272,6775848,0.018239956349134445
1781091130.0599573,6777601,0.09538253396749496
1781091131.5601916,6778339,0.02180345728993416
1781091134.1817021,6779534,0.013403743505477905
1781091136.853263,6780775,0.01433784794062376
1781091140.1487646,6782385,0.013498377054929733
1781091143.499941,6784015,0.020207349210977554
1781091145.7357965,6785063,0.02324499376118183
1781091149.019698,6786625,0.05681921914219856
1781091151.1737995,6787654,0.015470492653548717
1781091153.1152568,6788563,0.020968688651919365
1781091156.3311727,6790538,0.10836663097143173
1781091157.7269676,6791216,0.025463856756687164
1781091161.3848298,6792937,0.027663379907608032
1781091164.0431979,6794268,0.011758916079998016
1781091166.4926548,6795446,0.01212427020072937
1781091167.4308183,6795904,0.04106863588094711
1781091170.3922548,6797261,0.06583431363105774
1781091173.8623137,6798799,0.10326788574457169
1781091176.350172,6799979,0.04041805863380432
1781091187.454996,6800000,0.017934996634721756
1781091193.1512222,6802131,0.06975486129522324
1781091195.2808182,6802974,0.09284501522779465
1781091198.002506,6804010,0.009733024053275585
1781091202.5645096,6805579,0.013124111108481884
1781091207.1182556,6807248,0.09998159110546112
1781091209.2906108,6808111,0.05227265506982803
1781091215.231505,6810340,0.015068376436829567
1781091216.1360362,6810652,0.0242301132529974
1781091220.1605291,6812405,0.02611314132809639
1781091223.1794877,6813594,0.024634890258312225
1781091225.5371022,6814498,0.007291505113244057
1781091231.7864509,6816685,0.024882221594452858
1781091232.3990848,6816891,0.015952059999108315
1781091235.911552,6818146,0.005612111184746027
1781091239.7534814,6819654,0.054035961627960205
1781091241.7993839,6820465,0.010457093827426434
1781091246.0074883,6821899,0.07029829919338226
1781091248.7150195,6822806,0.0154890026897192
1781091251.2202835,6824096,0.01725289598107338
1781091268.259361,6825000,0.005239157006144524
1781091269.9398768,6825643,0.00875169225037098
1781091273.8427308,6827044,0.014916300773620605
1781091276.451274,6828005,0.05461134761571884
1781091280.0628622,6829418,0.027709022164344788
1781091283.4685154,6831029,0.05212031677365303
1781091287.3361647,6832356,0.00538310082629323
1781091293.625715,6834557,0.0658721774816513
1781091295.9582517,6835475,0.016929849982261658
1781091298.1848834,6836351,0.0157806146889925
1781091302.5069392,6837937,0.011894788593053818
1781091306.620709,6839371,0.009265111759305
1781091311.0644538,6841066,0.008585752919316292
1781091313.0941052,6841861,0.010814912617206573
1781091315.8417635,6843248,0.3308187425136566
1781091319.263304,6844474,0.009944416582584381
1781091324.7885926,6846512,0.024486903101205826
1781091328.1524017,6847826,0.022778674960136414
1781091331.171778,6848977,0.02845849096775055
1781091333.2559495,6849724,0.08841262012720108
1781091347.5560966,6850000,0.008177795447409153
1781091352.0546558,6851597,0.020802926272153854
1781091355.3812594,6852900,0.02629024162888527
1781091362.7301972,6855622,0.09377690404653549
1781091367.728542,6857389,0.16669751703739166
1781091368.3933353,6857650,0.028185725212097168
1781091370.9739635,6858676,0.14566028118133545
1781091375.6928139,6860452,0.01025962270796299
1781091376.098836,6860911,0.021675504744052887
1781091379.963289,6862241,0.015582815743982792
1781091382.7694352,6863295,0.010195547714829445
1781091385.6888335,6864443,0.02099546790122986
1781091387.4230247,6865116,0.03037307597696781
1781091391.2132378,6866489,0.01663278415799141
1781091397.2277336,6868612,0.05649924278259277
1781091397.4816017,6868704,0.006089301779866219
1781091400.954192,6870054,0.019912375137209892
1781091404.544611,6871425,0.015983540564775467
1781091408.036328,6872666,0.03224961832165718
1781091409.4104128,6873447,0.05209500715136528
1781091412.9662526,6874801,0.04221883788704872
1781091427.6773732,6875000,0.007975724525749683
1781091431.7418838,6876582,0.06008821353316307
1781091435.789757,6878070,0.068963423371315
1781091439.414444,6879734,0.04553092271089554
1781091443.481029,6881355,0.032647695392370224
1781091444.3780344,6881707,0.010867808014154434
1781091447.2530189,6882826,0.048991162329912186
1781091451.9264996,6884459,0.019413569942116737
1781091455.0157406,6885556,0.015027740970253944
1781091458.5737183,6886946,0.029821932315826416
1781091460.8333993,6887820,0.04783542826771736
1781091466.9313252,6890002,0.012376636266708374
1781091469.1639698,6890783,0.02469293773174286
1781091473.4279726,6892809,0.037168361246585846
1781091475.4154284,6893599,0.02797769382596016
1781091477.6580143,6894438,0.016598012298345566
1781091480.7217836,6895500,0.05524517968297005
1781091481.6742094,6895825,0.016109352931380272
1781091485.367425,6897191,0.07177447527647018
1781091487.314528,6897967,0.025622626766562462
1781091490.9054894,6899383,0.07529966533184052
1781091506.4705968,6900000,0.02615238167345524
1781091509.150575,6900912,0.15409137308597565
1781091514.252431,6902782,0.07476872205734253
1781091518.7532105,6904577,0.09171652048826218
1781091519.1917605,6904746,0.0738769918680191
1781091524.004817,6906525,0.019770445302128792
1781091525.787685,6907165,0.04445304349064827
1781091528.7464457,6908212,0.007179719395935535
1781091532.7768323,6909806,0.01968122273683548
1781091534.58856,6910521,0.015180523507297039
1781091536.578593,6911597,0.0627865344285965
1781091540.717782,6913057,0.02708296850323677
1781091545.0211084,6914697,0.014294963330030441
1781091548.6561794,6916141,0.10101185739040375
1781091550.3146522,6916774,0.07178059220314026
1781091553.570769,6917948,0.016392197459936142
1781091558.1251173,6919621,0.013554081320762634
1781091560.168084,6920432,0.052808694541454315
1781091562.2679422,6921272,0.02240562252700329
1781091565.4267704,6922818,0.04391820728778839
1781091568.7041485,6924054,0.014278046786785126
1781091584.4301105,6925000,0.06293390691280365
1781091585.1858094,6925286,0.03879217803478241
1781091586.586287,6925833,0.01760287396609783
1781091590.9300106,6927452,0.023722510784864426
1781091592.7901273,6928082,0.006406059488654137
1781091596.8120155,6929490,0.09544596076011658
1781091597.9801488,6930312,0.014805786311626434
1781091601.8834662,6931842,0.04086467623710632
1781091604.3416905,6932745,0.08690488338470459
1781091607.0002801,6933691,0.017546813935041428
1781091611.4172204,6935215,0.02664184756577015
1781091614.9683006,6936612,0.01134647149592638
1781091619.3632817,6938310,0.019872326403856277
1781091621.8378172,6939180,0.028375377878546715
1781091625.8054173,6940549,0.04536806792020798
1781091626.3796155,6940754,0.02607620134949684
1781091629.4339523,6941967,0.022839311510324478
1781091631.4275873,6943102,0.012218872085213661
1781091632.9191031,6943672,0.009069795720279217
1781091636.5466242,6944959,0.1722070574760437
1781091639.720839,6946069,0.016848761588335037
1781091644.177988,6947810,0.01791018806397915
1781091647.6399312,6949159,0.0363825224339962
1781091661.8689635,6950000,0.03688983619213104
1781091663.3231363,6950485,0.0326712429523468
1781091669.4997153,6952698,0.1255255788564682
1781091669.731788,6952790,0.06641200184822083
1781091673.880574,6954437,0.0758875384926796
1781091678.0767488,6956029,0.02681596204638481
1781091681.4767432,6957190,0.02790701575577259
1781091686.332778,6959009,0.02129458263516426
1781091687.7558477,6959563,0.016969256103038788
1781091690.2746508,6960558,0.02312561124563217
1781091691.9638312,6961553,0.014127243310213089
1781091698.630205,6963960,0.02031150460243225
1781091699.1213322,6964149,0.012884411960840225
1781091702.5252016,6965388,0.008193847723305225
1781091704.611173,6966205,0.040994156152009964
1781091709.5789146,6968195,0.021184181794524193
1781091711.7968764,6968999,0.012748759239912033
1781091713.6761768,6969646,0.017509233206510544
1781091716.389867,6970589,0.018129199743270874
1781091719.7521422,6971879,0.028520194813609123
1781091723.8346784,6973405,0.02301361784338951
1781091743.3211937,6975000,0.012966470792889595
1781091743.9848948,6975226,0.010896573774516582
1781091749.0493026,6977042,0.2348327338695526
1781091749.2885962,6977134,0.02701946347951889
1781091752.4279392,6978267,0.16634853184223175
1781091755.272176,6979599,0.011990299448370934
1781091756.885273,6980156,0.01003452017903328
1781091758.6078568,6980765,0.015568975359201431
1781091761.0519114,6981638,0.008942879736423492
1781091767.083153,6983825,0.01579120382666588
1781091771.062768,6985244,0.028467843309044838
1781091774.2679389,6986395,0.008397705852985382
1781091775.668834,6986894,0.06549987941980362
1781091777.7057507,6987608,0.01607077568769455
1781091782.7513359,6989450,0.02811681292951107
1781091785.476207,6990424,0.03341643139719963
1781091787.3106198,6991082,0.020692935213446617
1781091791.9775748,6993100,0.039220672100782394
1781091794.427453,6993959,0.012495400384068489
1781091798.8409998,6995525,0.03969525173306465
1781091802.5609198,6996879,0.026514485478401184
1781091805.558393,6997965,0.04033171758055687
1781091809.5668232,6999396,0.016163116320967674
1781091810.8996494,6999874,0.011371320113539696
1781091826.4311652,7000000,0.012610344216227531
1781091830.3940196,7001431,0.0234985388815403
1781091834.2769513,7002848,0.020152606070041656
1781091837.0762985,7003814,0.04126489907503128
1781091839.3963056,7004586,0.025107551366090775
1781091842.1479478,7005587,0.02948429435491562
1781091845.7168887,7007160,0.010011754930019379
1781091848.6282141,7008584,0.06972519308328629
1781091852.5988898,7010490,0.027897605672478676
1781091853.7808921,7011042,0.03611581772565842
1781091855.9783924,7012149,0.023548580706119537
1781091859.4968138,7013854,0.02887478843331337
1781091863.6349058,7015866,0.03309467062354088
1781091865.191698,7016695,0.040835995227098465
1781091867.5232255,7017898,0.020910639315843582
1781091870.0032644,7019189,0.014930205419659615
1781091871.879111,7020157,0.027215173467993736
1781091875.7886357,7022198,0.01136738806962967
1781091877.6397722,7023189,0.017364932224154472
1781091878.402718,7023592,0.02652623876929283
1781091901.2155962,7025000,0.028048258274793625
1781091902.0398405,7025257,0.018448809161782265
1781091905.7195148,7026558,0.021533232182264328
1781091909.6298118,7028084,0.038212332874536514
1781091912.909733,7029364,0.05842047929763794
1781091914.7487257,7030357,0.06400589644908905
1781091918.1700864,7031652,0.015280073508620262
1781091922.1833982,7033122,0.011459771543741226
1781091926.7623584,7034732,0.04239712283015251
1781091929.6797748,7035858,0.019783489406108856
1781091931.757484,7036669,0.023057760670781136
1781091934.0689204,7037586,0.0053483168594539165
1781091938.0371559,7038992,0.00854171346873045
1781091942.5895567,7040612,0.007922006770968437
1781091943.6335008,7041014,0.009433562867343426
1781091945.0715168,7041937,0.017559267580509186
1781091946.915916,7042667,0.018415942788124084
1781091951.4263365,7044355,0.020269934087991714
1781091953.8733397,7045495,0.05955476313829422
1781091955.8330073,7046525,0.06920322775840759
1781091958.56849,7047965,0.03238780423998833
1781091961.3193934,7049406,0.08122991025447845
1781091972.6674354,7050000,0.03504974767565727
1781091975.2307422,7051350,0.013152651488780975
1781091977.0284982,7052774,0.021134432405233383
1781091979.0930808,7053853,0.013255275785923004
1781091983.4984977,7055894,0.028413258492946625
1781091983.8785117,7056040,0.016289610415697098
1781091986.5418034,7057294,0.011010998860001564
1781091991.8639877,7059520,0.010300260037183762
1781091993.9512618,7060274,0.021625302731990814
1781091999.6539931,7062464,0.015890682116150856
1781092001.037468,7063014,0.029783274978399277
1781092005.597669,7064726,0.00579919945448637
1781092009.351938,7066422,0.013978131115436554
1781092012.1048913,7067495,0.0177638940513134
1781092017.651642,7069697,0.023579228669404984
1781092018.9961023,7070188,0.037664301693439484
1781092020.978306,7070865,0.010439353063702583
1781092027.7047768,7073379,0.028188912197947502
1781092044.1723177,7075000,0.020757699385285378
1781092045.2004843,7075378,0.05613531917333603
1781092049.202477,7076816,0.013893559575080872
1781092049.4656112,7076902,0.03826890513300896
1781092054.1272733,7078614,0.030769456177949905
1781092057.3402312,7079881,0.08769772201776505
1781092059.864279,7080894,0.015763550996780396
1781092063.1031933,7082074,0.01809757575392723
1781092066.4933147,7083273,0.009151114150881767
1781092070.053378,7084566,0.01809878647327423
1781092072.5648098,7085833,0.05094357952475548
1781092075.5899835,7086876,0.018826812505722046
1781092077.8373694,7087724,0.02031518705189228
1781092081.1068563,7088999,0.09582105278968811
1781092085.6110425,7090662,0.19740363955497742
1781092087.7159457,7091396,0.030724896118044853
1781092090.6818962,7092416,0.06946359574794769
1781092094.0373538,7093692,0.037754278630018234
1781092098.7580037,7095542,0.08263228833675385
1781092101.6752563,7096576,0.0184500552713871
1781092104.0927181,7097716,0.009502684697508812
1781092109.713431,7099868,0.21731534600257874
1781092125.0172744,7100000,0.022858893498778343
1781092126.6197093,7100611,0.18071448802947998
1781092128.1943717,7101191,0.036126814782619476
1781092131.8381639,7102459,0.017260339111089706
1781092135.9225624,7104251,0.033231690526008606
1781092138.6556234,7105309,0.017838869243860245
1781092142.4577038,7106761,0.027988547459244728
1781092142.812258,7106881,0.013132802210748196
1781092148.379956,7108828,0.018023954704403877
1781092153.6484604,7110834,0.02615264058113098
1781092155.2662454,7111476,0.03536553308367729
1781092161.5073092,7113837,0.17445185780525208
1781092163.2265728,7114444,0.024093955755233765
1781092166.4718554,7115918,0.047145552933216095
1781092169.6145778,7117158,0.03328116610646248
1781092173.2643614,7118617,0.030344486236572266
1781092175.9115512,7119581,0.02305491268634796
1781092179.4377697,7120926,0.036191992461681366
1781092182.9872196,7122320,0.0199233777821064
1781092184.3141263,7122835,0.028944294899702072
1781092188.7387958,7124434,0.012622391805052757
1781092189.697689,7124759,0.014856874011456966
1781092203.9394317,7125000,0.034099988639354706
1781092205.4458137,7125438,0.017947979271411896
1781092209.569694,7126961,0.02324015274643898
1781092212.0358045,7127883,0.020800484344363213
1781092214.1566138,7128622,0.01776919513940811
1781092215.985434,7129198,0.020085718482732773
1781092220.0942178,7130641,0.07442520558834076
1781092224.3532233,7132303,0.25689250230789185
1781092227.1809752,7133403,0.02228476107120514
1781092230.0347435,7134810,0.034328166395425797
1781092232.6151614,7135723,0.05915074050426483
1781092236.0832226,7136985,0.007733824662864208
1781092239.104567,7138166,0.008016828447580338
1781092243.0072148,7139686,0.010289983823895454
1781092247.2206013,7141212,0.024105649441480637
1781092247.9890275,7141483,0.008373255841434002
1781092251.5284677,7142756,0.035997554659843445
1781092255.8580143,7144487,0.02359064854681492
1781092257.2584991,7145045,0.012251226231455803
1781092260.649597,7146644,0.017588404938578606
1781092264.5055747,7148018,0.021641794592142105
1781092266.3176758,7148702,0.022360244765877724
1781092281.8542309,7150000,0.009786870330572128
1781092282.3610554,7150182,0.042427100241184235
1781092283.5747647,7150657,0.005012619774788618
1781092288.708233,7152633,0.019785914570093155
1781092289.4483154,7152903,0.011413452215492725
1781092292.426912,7153976,0.016966355964541435
1781092295.403974,7155434,0.18549516797065735
1781092299.0301137,7156888,0.02604513429105282
1781092302.887396,7158387,0.02962561696767807
1781092304.606548,7158989,0.006469429936259985
1781092306.7580261,7159766,0.01828492060303688
1781092309.5687065,7160793,0.04609435796737671
1781092313.7741833,7162459,0.049695976078510284
1781092315.926687,7163315,0.039718274027109146
1781092321.3919287,7165298,0.018931161612272263
1781092322.0619235,7165542,0.004650448448956013
1781092324.1938834,7166338,0.018896620720624924
1781092326.5549703,7167663,0.008651240728795528
1781092331.0215147,7169406,0.03657669574022293
1781092331.7725084,7169673,0.011403361335396767
1781092335.5520132,7171031,0.04631473496556282
1781092340.4741013,7172818,0.030016103759407997
1781092344.6194463,7174466,0.017425265163183212
1781092358.4554884,7175000,0.03912808746099472
1781092358.9845018,7175208,0.023326117545366287
1781092360.8917518,7175910,0.018232859671115875
1781092364.4785855,7177176,0.010195780545473099
1781092370.2237508,7179344,0.031186791136860847
1781092372.9282742,7180386,0.05923517048358917
1781092378.1724465,7182293,0.010886957868933678
1781092380.3125205,7183065,0.010576141998171806
1781092384.297384,7184545,0.01608564332127571
1781092387.7272584,7186265,0.010341435670852661
1781092390.9612155,7187445,0.010683787986636162
1781092395.5950375,7189073,0.006692567374557257
1781092398.3493366,7190135,0.016165615990757942
1781092400.3283954,7190929,0.030576031655073166
1781092403.329818,7192122,0.018567362800240517
1781092406.161271,7193119,0.005252339877188206
1781092413.2588022,7195698,0.04162893444299698
1781092415.2479608,7196477,0.04691370949149132
1781092418.3126624,7198084,0.029743408784270287
1781092422.6148908,7199653,0.00712219811975956
1781092437.524693,7200000,0.013221117667853832
1781092441.2716727,7201335,0.007593455258756876
1781092444.239464,7202415,0.013865632936358452
1781092445.6746776,7202915,0.031063983216881752
1781092449.8393664,7204436,0.04756425321102142
1781092453.155701,7206132,0.039265237748622894
1781092458.1325386,7207980,0.018935570493340492
1781092460.6424131,7208883,0.026769470423460007
1781092465.8451004,7210807,0.017268095165491104
1781092467.658256,7211513,0.018086537718772888
1781092470.6591785,7212715,0.021817337721586227
1781092475.0730305,7214299,0.054427988827228546
1781092477.6568806,7215203,0.01169179193675518
1781092481.9759552,7216858,0.08577626198530197
1781092481.6807172,7217116,0.04593215882778168
1781092484.3231342,7218163,0.0382596030831337
1781092489.5069811,7220019,0.02776498906314373
1781092493.474353,7221452,0.07185905426740646
1781092496.32908,7222545,0.029360851272940636
1781092500.1037183,7223914,0.01185671053826809
1781092503.0273283,7224947,0.019191501662135124
1781092519.001114,7225000,0.014545020647346973
1781092523.0359538,7226432,0.10240844637155533
1781092526.6474147,7228098,0.026175323873758316
1781092527.1594877,7228344,0.11618960648775101
1781092529.9552553,7229786,0.023087598383426666
1781092533.621619,7231708,0.024353623390197754
1781092535.8673675,7232869,0.024688720703125
1781092538.8721569,7234431,0.026873435825109482
1781092541.8797493,7235988,0.025717848911881447
1781092542.7175875,7236424,0.18849854171276093
1781092544.9133499,7238034,0.024484066292643547
1781092546.7912896,7239017,0.065344899892807
1781092547.589906,7239432,0.018475664779543877
1781092548.7796984,7240045,0.031235039234161377
1781092551.6176746,7241517,0.020317357033491135
1781092553.477619,7242471,0.13668635487556458
1781092554.9217453,7243218,0.013226719573140144
1781092558.0357854,7244819,0.01967056654393673
1781092559.2121403,7245405,0.013076100498437881
1781092561.7250664,7246705,0.022078558802604675
1781092564.3992136,7248090,0.021443519741296768
1781092567.316457,7249594,0.0075809163972735405
1781092576.4494345,7250000,0.014739669859409332
1781092577.1260343,7250834,0.01150322612375021
1781092580.281424,7252470,0.021955309435725212
1781092581.1427176,7252910,0.024807939305901527
1781092583.3104806,7254045,0.09201230853796005
1781092585.8827775,7255394,0.031347520649433136
1781092589.988469,7257500,0.09701231867074966
1781092591.4454277,7258240,0.011821528896689415
1781092593.6943696,7259310,0.007388095371425152
1781092595.9946327,7260410,0.038486726582050323
1781092599.7721672,7262287,0.02425391785800457
1781092602.4652836,7263612,0.020672135055065155
1781092605.847694,7265031,0.02242226153612137
1781092607.8533018,7266082,0.16164033114910126
1781092612.396721,7267731,0.09530507028102875
1781092616.0202875,7269069,0.12613914906978607
1781092619.9089415,7270494,0.031031472608447075
1781092624.5017793,7272114,0.036541424691677094
1781092625.5405147,7272489,0.008396497927606106
1781092629.4798691,7273930,0.09807705134153366
1781092632.4689817,7274957,0.006983624305576086
1781092645.1837785,7275000,0.019252978265285492
1781092651.3500292,7277193,0.007598757278174162
1781092651.854985,7277383,0.11645053327083588
1781092654.6545486,7278414,0.0068871090188622475
1781092658.025613,7279669,0.04164502024650574
1781092661.553007,7280933,0.007547218818217516
1781092662.5429525,7281290,0.04071344807744026
1781092666.6966977,7282759,0.025809425860643387
1781092670.592952,7284174,0.012064733542501926
1781092673.4986732,7285535,0.03999892994761467
1781092677.4011977,7286895,0.05146285891532898
1781092678.6120126,7287315,0.047324277460575104
1781092682.4943702,7288636,0.21437717974185944
1781092683.3231454,7288905,0.18196089565753937
1781092688.182299,7290791,0.032776884734630585
1781092689.23422,7291318,0.03569966182112694
1781092692.9095566,7293243,0.009483803063631058
1781092693.2750616,7293417,0.05420445650815964
1781092696.8656764,7295084,0.030131746083498
1781092699.3331807,7296311,0.021263975650072098
1781092702.299527,7297802,0.022049210965633392
1781092704.3061209,7299081,0.03465317189693451
1781092705.1624274,7299406,0.016161546111106873
1781092718.7332494,7300000,0.010279807262122631
1781092720.432114,7300648,0.0318983793258667
1781092724.7831066,7302321,0.03790629655122757
1781092729.2967722,7303827,0.024163134396076202
1781092730.2245293,7304147,0.01043861173093319
1781092734.847085,7306259,0.01392502523958683
1781092736.9880004,7307114,0.14167135953903198
1781092742.274763,7308962,0.01155516505241394
1781092746.3569593,7310395,0.014257842674851418
1781092751.6210108,7312265,0.05044988542795181
1781092756.2509701,7313829,0.010812999680638313
1781092757.281576,7314185,0.009591396898031235
1781092762.0749137,7315826,0.07115325331687927
1781092765.594348,7317029,0.014884619042277336
1781092768.5866742,7318383,0.0077643315307796
1781092772.2523897,7319628,0.028444096446037292
1781092775.1010356,7320598,0.043735209852457047
1781092778.989827,7321879,0.011727721430361271
1781092783.671377,7323514,0.28052055835723877
1781092785.8121207,7324244,0.01340918242931366
1781092800.8834198,7325000,0.04569054767489433
1781092804.1951957,7326126,0.02096467837691307
1781092807.4318273,7327247,0.03655911982059479
1781092810.6222236,7328349,0.20808042585849762
1781092816.3707635,7330363,0.03545760363340378
1781092821.1151333,7332028,0.020302841439843178
1781092824.252306,7333126,0.025307539850473404
1781092825.2620604,7333590,0.01904933899641037
1781092827.6661901,7334828,0.013150152750313282
1781092830.3735735,7336655,0.014781460165977478
1781092831.4906526,7337210,0.017782103270292282
1781092835.0886824,7339077,0.010361675173044205
1781092837.697527,7340410,0.012510020285844803
1781092840.4074867,7341818,0.016455836594104767
1781092843.0406682,7343174,0.02513166517019272
1781092845.6091352,7344495,0.010535202920436859
1781092849.6058795,7346589,0.13347691297531128
1781092850.1066725,7346849,0.011674648150801659
1781092852.9783022,7348292,0.01869961805641651
1781092856.4769728,7349962,0.03458128124475479
1781092867.5863638,7350000,0.018782176077365875
1781092870.6784909,7351209,0.011478375643491745
1781092873.4920444,7352426,0.017398495227098465
1781092878.6321497,7354311,0.0402856208384037
1781092881.614749,7355528,0.0077768852934241295
1781092885.256745,7357224,0.05366799235343933
1781092886.3812587,7357749,0.1639406681060791
1781092889.615333,7359367,0.010184548795223236
1781092891.898384,7360904,0.03199001029133797
1781092895.640711,7362646,0.017364494502544403
1781092899.9867153,7364185,0.15243974328041077
1781092902.8167093,7365170,0.028319576755166054
1781092907.593983,7366819,0.03542361408472061
1781092908.7715986,7367247,0.027212098240852356
1781092911.8691065,7368402,0.015133596956729889
1781092916.0968492,7370434,0.01231012400239706
1781092917.0427344,7370885,0.022997599095106125
1781092919.40074,7372018,0.009482407942414284
1781092922.8114946,7373652,0.15087735652923584
1781092938.8420687,7375000,0.009314772672951221
1781092940.3727767,7375510,0.018677789717912674
1781092942.0643044,7376103,0.022668002173304558
1781092946.8499749,7377820,0.017148252576589584
1781092952.2643175,7379718,0.05916989967226982
1781092953.5116012,7380146,0.006746125407516956
1781092956.6010787,7381505,0.026110641658306122
1781092959.1735613,7382405,0.044828154146671295
1781092964.1481779,7384153,0.046794287860393524
1781092969.560597,7386046,0.023719463497400284
1781092972.5168588,7387080,0.00895852129906416
1781092976.7361696,7388623,0.01630127802491188
1781092980.6185067,7389988,0.01232435554265976
1781092984.1587696,7391271,0.013162528164684772
1781092985.5582724,7391774,0.048466380685567856
1781092988.5266066,7393200,0.031728774309158325
1781092993.230488,7394874,0.02428324893116951
1781092997.0702648,7396237,0.008816002868115902
1781092997.436921,7396355,0.016283728182315826
1781093001.7809448,7397879,0.13867981731891632
1781093006.2267559,7399486,0.007433557882905006
1781093018.1428905,7400000,0.006180074997246265
1781093022.1748536,7401420,0.00532560795545578
1781093025.919912,7402761,0.008859900757670403
1781093029.6818056,7404146,0.16904191672801971
1781093031.481094,7404781,0.0397549606859684
1781093034.8027778,7405991,0.15792354941368103
1781093038.5874143,7407351,0.008041578345000744
1781093041.829075,7408474,0.030819512903690338
1781093047.5131338,7410524,0.04208741337060928
1781093048.050533,7410693,0.030578091740608215
1781093051.0882921,7412039,0.017845559865236282
1781093051.6018221,7412208,0.015075895935297012
1781093057.0897007,7414316,0.010223357006907463
1781093060.808605,7415665,0.08442194759845734
1781093061.3668787,7415867,0.028710277751088142
1781093065.176034,7417300,0.019010130316019058
1781093068.668896,7418697,0.02367408573627472
1781093072.178435,7420042,0.25654178857803345
1781093076.9472966,7421735,0.039036959409713745
1781093078.9917147,7422440,0.008265631273388863
1781093081.3316016,7423723,0.06062024086713791
1781093097.572658,7425000,0.005843370221555233
1781093098.6527698,7425365,0.02159825526177883
1781093102.731555,7426998,0.06599311530590057
1781093107.8942802,7428968,0.01934736967086792
1781093110.8313577,7429996,0.006969992071390152
1781093113.0322785,7430780,0.041986413300037384
1781093114.862775,7431853,0.03701265901327133
1781093122.9683964,7434990,0.0330105759203434
1781093125.5199227,7435898,0.030317725613713264
1781093127.4749753,7436591,0.014597278088331223
1781093129.4832304,7437364,0.34749919176101685
1781093130.8542016,7437890,0.030839500948786736
1781093134.1270263,7439202,0.010264167562127113
1781093137.2058916,7440355,0.010971941985189915
1781093141.669111,7441933,0.16078713536262512
1781093142.7551188,7442319,0.06321526318788528
1781093146.694617,7444101,0.0378524474799633
1781093150.1919312,7445362,0.028745418414473534
1781093153.2579205,7446483,0.03343004360795021
1781093154.4885237,7446962,0.024965588003396988
1781093158.4492218,7448539,0.010134698823094368
1781093161.6202424,7449767,0.0643039345741272
1781093173.7134264,7450000,0.02099301852285862
1781093175.8539917,7450831,0.09146803617477417
1781093179.1668708,7452346,0.08936815708875656
1781093182.5596833,7453539,0.008392849937081337
1781093184.1863832,7454157,0.031612690538167953
1781093187.2806134,7455383,0.15426117181777954
1781093191.2016127,7456890,0.015341009013354778
1781093192.7912722,7457444,0.009764506481587887
1781093196.1559637,7458668,0.014215143397450447
1781093201.0997815,7460574,0.04475858062505722
1781093204.7624655,7462029,0.018408900126814842
1781093208.1155927,7463567,0.007601445075124502
1781093209.966875,7464225,0.05069633573293686
1781093216.59205,7466586,0.004967199172824621
1781093218.8520267,7467431,0.030385000631213188
1781093224.0288563,7469402,0.04376235231757164
1781093228.5189235,7471175,0.0329170823097229
1781093232.5862408,7472646,0.032429371029138565
1781093234.7735455,7473432,0.02279762178659439
1781093237.7311118,7474469,0.009161997586488724
1781093252.983589,7475000,0.08216048032045364
1781093255.0636952,7475791,0.02128848060965538
1781093256.4566214,7476362,0.03182729333639145
1781093260.6162932,7477964,0.03829862177371979
1781093264.1130116,7479209,0.25390496850013733
1781093267.7348797,7480548,0.010731145739555359
1781093270.9574718,7481847,0.09287707507610321
1781093272.9460804,7483017,0.03941427916288376
1781093275.987595,7484093,0.019026529043912888
1781093276.7133234,7484343,0.012461715377867222
1781093281.829527,7486142,0.013140040449798107
1781093286.2600665,7487885,0.016341865062713623
1781093290.3109224,7489452,0.0237139742821455
1781093293.4001567,7490559,0.012097690254449844
1781093295.6048768,7491347,0.01694396696984768
1781093298.2237628,7492338,0.022589396685361862
1781093302.409523,7493999,0.07466237246990204
1781093304.3376405,7495073,0.01653420180082321
1781093307.7593613,7496277,0.054833509027957916
1781093311.7604024,7497734,0.030484404414892197
1781093315.1973913,7499096,0.02434200420975685
1781093331.7172103,7500000,0.032721955329179764
1781093332.5604446,7500296,0.022257812321186066
1781093333.906201,7501193,0.028358306735754013
1781093336.44971,7502198,0.13204793632030487
1781093339.1055932,7503130,0.014438657090067863
1781093341.0414433,7503833,0.02029961161315441
1781093345.8194497,7505588,0.04017539694905281
1781093349.9266274,7507207,0.019677918404340744
1781093352.4245043,7508152,0.011045897379517555
1781093354.5591187,7508928,0.029508035629987717
1781093356.6732204,7509677,0.008059881627559662
1781093361.1116905,7511325,0.05144047364592552
1781093363.0475142,7512078,0.020123813301324844
1781093368.3093793,7514384,0.01421001460403204
1781093370.7953382,7515236,0.02049895003437996
1781093373.4957418,7516204,0.022999342530965805
1781093377.9137554,7517968,0.013859568163752556
1781093382.0550928,7519546,0.020827654749155045
1781093384.36558,7520354,0.049222372472286224
1781093384.9639332,7520558,0.036872491240501404
1781093388.8920226,7521941,0.008081451989710331
1781093392.1835756,7523272,0.013674074783921242
1781093396.4310539,7524933,0.008534783497452736
1781093409.143545,7525000,0.026942769065499306
1781093411.7544234,7525921,0.1161670833826065
1781093414.8263192,7527010,0.16994565725326538
1781093417.5266325,7528031,0.031799256801605225
1781093422.711779,7529968,0.024132229387760162
1781093426.9004323,7531428,0.09265922755002975
1781093429.989797,7532964,0.025266479700803757
1781093430.9366326,7533319,0.026478193700313568
1781093436.2419214,7535321,0.03267882019281387
1781093441.3974228,7537072,0.028557006269693375
1781093443.526728,7537829,0.34003445506095886
1781093449.9435275,7540316,0.05038489028811455
1781093451.486361,7540870,0.04445810616016388
1781093454.484431,7541975,0.06857703626155853
1781093457.0635352,7542887,0.020703023299574852
1781093460.8917198,7544340,0.06258511543273926
1781093464.8578157,7546179,0.10865040123462677
1781093465.7024796,7546486,0.028807764872908592
1781093469.0731628,7547690,0.020314093679189682
1781093473.3334308,7549239,0.02218501642346382
1781093489.0100503,7550000,0.050616681575775146
1781093490.5487616,7550592,0.030629098415374756
1781093493.2530038,7552037,0.015325775370001793
1781093493.8184328,7552258,0.047435540705919266
1781093496.861202,7553302,0.020786598324775696
1781093501.4897928,7554915,0.054493680596351624
1781093505.3860307,7556431,0.01762850023806095
1781093507.1733522,7557131,0.02111184038221836
1781093513.4723847,7559425,0.01622113585472107
1781093513.7341688,7559517,0.04001731798052788
1781093517.547724,7560877,0.010511333122849464
1781093521.4039292,7562391,0.029482649639248848
1781093523.2065747,7563068,0.047607872635126114
1781093526.5238922,7564585,0.021638190373778343
1781093530.6836753,7566027,0.025848660618066788
1781093534.6819992,7567565,0.024582568556070328
1781093536.5931792,7568293,0.026869842782616615
1781093539.63232,7569430,0.0432298481464386
1781093541.9228258,7570229,0.05300530791282654
1781093544.6892598,7571209,0.0076829781755805016
1781093548.178818,7572497,0.040229618549346924
1781093551.3581057,7573738,0.015946542844176292
1781093553.7229168,7574667,0.017969554290175438
1781093566.539599,7575000,0.013350460678339005
1781093570.0812235,7576272,0.028306208550930023
1781093570.9277685,7576570,0.02619827538728714
1781093573.4859326,7577437,0.0049532391130924225
1781093576.8095279,7578660,0.018177010118961334
1781093580.96808,7580281,0.009642420336604118
1781093582.4133005,7580837,0.02514403685927391
1781093585.1273048,7581817,0.01954234205186367
1781093588.940194,7583498,0.2608180642127991
1781093593.4918392,7585274,0.01905834674835205
1781093597.5054398,7587014,0.0070913201197981834
1781093598.5533125,7587562,0.009629777632653713
1781093600.51482,7588602,0.008555992506444454
1781093603.8537207,7590354,0.020645644515752792
1781093606.6442142,7591821,0.06745532900094986
1781093609.8539765,7593521,0.08833541721105576
1781093610.47457,7593840,0.015430804342031479
1781093612.260028,7594786,0.013539208099246025
1781093614.7605999,7596096,0.027848482131958008
1781093617.7084818,7597640,0.03283599391579628
1781093618.293365,7598423,0.006456111092120409
1781093620.4297807,7599540,0.04145010560750961
1781093631.109035,7600000,0.0060716066509485245
1781093634.2186837,7601077,0.02236856333911419
1781093637.3052123,7602174,0.01818452775478363
1781093641.6029985,7603836,0.041225116699934006
1781093645.8759751,7605966,0.052965082228183746
1781093650.3553293,7608126,0.019167456775903702
1781093650.416884,7608627,0.03571049124002457
1781093653.5258036,7610246,0.012693392112851143
1781093655.4957259,7611233,0.11317936331033707
1781093659.391818,7612820,0.007894853129982948
1781093662.2727103,7613899,0.010690954513847828
1781093667.278664,7615682,0.024187229573726654
1781093671.3219244,7617250,0.031079566106200218
1781093674.785884,7619033,0.0057542938739061356
1781093677.0515757,7620203,0.04133263975381851
1781093679.1783717,7621313,0.07490573823451996
1781093680.077285,7621781,0.021428704261779785
1781093681.8291547,7623154,0.010626500472426414
1781093683.7054853,7624053,0.009991699829697609
1781093698.291498,7625000,0.10473430156707764
1781093700.2267375,7625746,0.03616293892264366
1781093701.1692746,7626112,0.006941850762814283
1781093704.4519348,7627310,0.03452802821993828
1781093708.172506,7628616,0.03110184520483017
1781093712.8929372,7630707,0.04456063359975815
1781093716.9951656,7632312,0.017088785767555237
1781093719.8661854,7633356,0.017402268946170807
1781093721.6849248,7633994,0.009730203077197075
1781093724.2854068,7634898,0.015204029157757759
1781093727.4520884,7636118,0.011006955057382584
1781093729.8274777,7637046,0.04314490407705307
1781093733.1627526,7638331,0.02140825241804123
1781093736.6924481,7639584,0.007403554394841194
1781093739.7175126,7640609,0.03150166943669319
1781093741.4567955,7641283,0.018191806972026825
1781093744.5431316,7642889,0.024974726140499115
1781093747.071728,7643870,0.020432140678167343
1781093751.0417602,7645269,0.20821262896060944
1781093755.9592397,7647076,0.037811506539583206
1781093759.2871811,7648373,0.036184605211019516
1781093762.8599226,7649761,0.014128148555755615
1781093777.6204073,7650000,0.006860767491161823
1781093779.4209433,7650594,0.016737375408411026
1781093781.9312506,7651445,0.05405398830771446
1781093786.4056823,7653114,0.012799219228327274
1781093789.6873264,7654407,0.13373056054115295
1781093791.9260917,7655251,0.023579247295856476
1781093798.077542,7657449,0.01842866837978363
1781093800.2449632,7658305,0.02317945286631584
1781093803.2390215,7659489,0.010238997638225555
1781093804.4314923,7659959,0.010879043489694595
1781093807.4325588,7661085,0.014187948778271675
1781093808.3327394,7661693,0.013884690590202808
1781093812.3558764,7663107,0.009366072714328766
1781093816.7268844,7664825,0.010407655499875546
1781093820.0903604,7666145,0.1956098973751068
1781093823.63467,7667393,0.03593488410115242
1781093826.4268205,7668368,0.019823022186756134
1781093828.2706738,7669046,0.01232104655355215
1781093833.866605,7671302,0.13814924657344818
1781093835.9004905,7672080,0.009371854364871979
1781093839.0443919,7673229,0.02129325643181801
1781093857.0091302,7675000,0.1277366727590561
1781093857.5246258,7675185,0.016733748838305473
1781093859.492237,7675961,0.031840644776821136
1781093863.2100866,7677451,0.07729490101337433
1781093866.0799222,7678519,0.007720138877630234
1781093871.2454345,7680334,0.03638261556625366
1781093873.3397293,7681499,0.05907727777957916
1781093877.1317148,7683003,0.01902592182159424
1781093880.0729244,7684187,0.11042313277721405
1781093884.1657073,7685809,0.012482434511184692
1781093887.5839472,7687042,0.1057877242565155
1781093888.3589125,7687302,0.02159285545349121
1781093891.8602831,7688525,0.03937355428934097
1781093896.0736983,7690167,0.020887894555926323
1781093899.6116135,7691560,0.02844899147748947
1781093902.3546503,7692883,0.010380478575825691
1781093904.71749,7693693,0.008917140774428844
1781093908.6152086,7695129,0.009640591219067574
1781093910.524838,7695880,0.03269108384847641
1781093914.542107,7697444,0.015253260731697083
1781093917.8740609,7698608,0.02930477447807789
1781093918.465955,7698808,0.050753287971019745
1781093934.0444853,7700000,0.05292841047048569
1781093934.3098948,7700073,0.006567707285284996
1781093939.0016134,7702135,0.01915992610156536
1781093943.2061954,7703748,0.04053247720003128
1781093943.9657676,7704012,0.013980811461806297
1781093950.5979886,7706298,0.11488085240125656
1781093952.2890115,7706914,0.0857587605714798
1781093956.3538835,7708544,0.013560549356043339
1781093958.3698134,7709346,0.007117054425179958
1781093963.4689932,7711182,0.00845382735133171
1781093968.144493,7713295,0.015952281653881073
1781093968.8272517,7713574,0.010502658784389496
1781093972.2615156,7714945,0.026184139773249626
1781093975.7942152,7716197,0.01989167183637619
1781093979.3739028,7717480,0.024231527000665665
1781093982.2475011,7718564,0.010875511914491653
1781093984.8381703,7719590,0.0396910235285759
1781093988.6613562,7721088,0.012693717144429684
1781093993.8954077,7722913,0.02622736245393753
1781093996.9211879,7724433,0.006852195132523775
1781094014.135338,7725000,0.021312784403562546
1781094015.2363076,7725420,0.003345323959365487
1781094018.5962162,7726669,0.006601412780582905
1781094022.0330808,7727861,0.019447162747383118
1781094026.3834634,7729470,0.016228245571255684
1781094029.005568,7730505,0.003489438910037279
1781094031.0395262,7731675,0.0604877769947052
1781094033.5312283,7732532,0.014694023877382278
1781094036.6314995,7733635,0.03188679739832878
1781094039.4871116,7734641,0.050239238888025284
1781094044.2160103,7736516,0.03855711594223976
1781094046.8684661,7737520,0.024290025234222412
1781094048.7088068,7738171,0.019523240625858307
1781094053.7943957,7739934,0.13691186904907227
1781094058.034115,7741616,0.02374545857310295
1781094059.2902713,7742096,0.01803934946656227
1781094064.9492636,7744483,0.022396251559257507
1781094065.551591,7744689,0.010392614640295506
1781094070.5083966,7746533,0.04171542450785637
1781094073.9781022,7747888,0.059910763055086136
1781094075.7824757,7748600,0.01503032073378563
1781094077.6209133,7749233,0.0240115225315094
1781094091.1884913,7750000,0.0881970152258873
1781094091.6693587,7750478,0.011835498735308647
1781094095.8376322,7751943,0.014986403286457062
1781094098.4488907,7752894,0.020001159980893135
1781094099.8832948,7753475,0.07511607557535172
1781094101.8002656,7754222,0.05002209544181824
1781094104.7326615,7755355,0.019029848277568817
1781094109.2176852,7756930,0.028686583042144775
1781094112.3309982,7758024,0.013396781869232655
1781094114.899155,7759024,0.020574169233441353
1781094119.5140605,7760836,0.006417568773031235
1781094123.7338529,7762328,0.019916919991374016
1781094127.1507971,7763855,0.009068678133189678
1781094129.859393,7764916,0.005686488002538681
1781094134.0127463,7766554,0.036285124719142914
1781094136.3663619,7767454,0.024185527116060257
1781094139.8917246,7768796,0.006875401362776756
1781094144.4320345,7770354,0.013779038563370705
1781094146.75658,7771175,0.023910921066999435
1781094149.374681,7772198,0.024780862033367157
1781094153.5772398,7773864,0.018281061202287674
1781094170.0594509,7775000,0.0243375264108181
1781094171.1803994,7775395,0.02873862534761429
1781094176.4849203,7777331,0.022125830873847008
1781094181.0200899,7779069,0.03957381471991539
1781094183.530945,7779958,0.02239992469549179
1781094187.229103,7781454,0.014168119058012962
1781094190.9236062,7782749,0.00852751825004816
1781094195.7193897,7784428,0.017565863206982613
1781094199.4891803,7785724,0.0764833614230156
1781094204.1545372,7787538,0.12323350459337234
1781094207.4356673,7788826,0.028486602008342743
1781094210.1049485,7789745,0.03364517539739609
1781094215.2563243,7791560,0.08009013533592224
1781094217.8219125,7792574,0.0173861812800169
1781094221.3565366,7794347,0.01755411922931671
1781094222.109928,7794624,0.01697346940636635
1781094226.6907303,7796203,0.04669738933444023
1781094230.7621655,7797688,0.025967229157686234
1781094234.9497678,7799344,0.024300966411828995
1781094236.5281937,7799965,0.0066405246034264565
1781094249.6273353,7800000,0.011071546003222466
1781094255.520502,7802112,0.03140002116560936
1781094257.9376361,7802972,0.0212168600410223
1781094259.9878356,7803748,0.00827272143214941
1781094262.964701,7804930,0.007499700877815485
1781094267.3188908,7806644,0.11431325972080231
1781094268.5584333,7807133,0.01792266219854355
1781094273.88319,7809077,0.020261511206626892
1781094278.0032346,7810488,0.02370588481426239
1781094280.9696083,7812016,0.03444298356771469
1781094285.6379719,7813828,0.01904548704624176
1781094287.571181,7814505,0.013956267386674881
1781094290.6153538,7815690,0.027932755649089813
1781094292.635181,7816370,0.02984311245381832
1781094298.7914493,7818536,0.02205890230834484
1781094301.3627565,7819540,0.024715259671211243
1781094305.7438889,7821249,0.032475635409355164
1781094307.056846,7821705,0.01572246477007866
1781094311.4711597,7823276,0.04546472057700157
1781094313.8928494,7824440,0.01706518605351448
1781094328.0936465,7825000,0.022609084844589233
1781094332.0590656,7826381,0.03847266733646393
1781094332.479909,7826548,0.022110318765044212
1781094336.0780709,7828264,0.012829331681132317
1781094338.8569732,7829701,0.026955557987093925
1781094340.4362788,7830502,0.013700224459171295
1781094343.5518122,7832105,0.025360388681292534
1781094344.183486,7832903,0.010506894439458847
1781094345.7090857,7833677,0.03153157979249954
1781094348.654911,7835203,0.010490179061889648
1781094350.827225,7836322,0.02584596909582615
1781094354.687802,7838292,0.03364095091819763
1781094355.9546504,7838940,0.030177896842360497
1781094358.7671585,7840375,0.05074143037199974
1781094362.453388,7842240,0.03870534151792526
1781094364.5572517,7843316,0.032462336122989655
1781094368.5877748,7845325,0.02921184152364731
1781094369.1524842,7845584,0.009847140870988369
1781094372.038471,7846866,0.02444354072213173
1781094375.234585,7848440,0.02331407368183136
1781094376.3475492,7849527,0.018980776891112328
1781094391.1605477,7850000,0.012299900874495506
1781094394.5659797,7851180,0.0356689877808094
1781094397.6589122,7852274,0.008428250439465046
1781094402.0756679,7853841,0.02174565941095352
1781094406.8136857,7855551,0.016011608764529228
1781094408.4300742,7856486,0.09054452180862427
1781094413.5914989,7858318,0.06934629380702972
1781094415.9839697,7859164,0.032493770122528076
1781094418.6032526,7860121,0.016250096261501312
1781094421.1622024,7861066,0.006931031588464975
1781094422.3246384,7861487,0.03266402706503868
1781094426.6029868,7863004,0.04062553495168686
1781094427.8621054,7863456,0.012820267118513584
1781094432.5841918,7865169,0.08486032485961914
1781094436.4869368,7866565,0.028864795342087746
1781094439.814485,7868060,0.043487779796123505
1781094442.6787612,7869070,0.02731757052242756
1781094449.2277434,7871387,0.00844341330230236
1781094449.4752324,7871479,0.039584510028362274
1781094453.9421175,7873096,0.2431587427854538
1781094458.400719,7874686,0.06809531152248383
1781094472.390921,7875000,0.04916003346443176
1781094474.9940464,7875908,0.015981778502464294
1781094476.452558,7876415,0.006598824635148048
1781094479.5889006,7877529,0.009323636069893837
1781094483.7186255,7879036,0.020689241588115692
1781094487.8471215,7880493,0.035700153559446335
1781094490.5921977,7881475,0.023181026801466942
1781094494.2458594,7882798,0.20097464323043823
1781094497.9281762,7884135,0.07298050820827484
1781094502.1003075,7885614,0.026831408962607384
1781094504.6623554,7886843,0.030477583408355713
1781094508.6426184,7888251,0.18738126754760742
1781094509.4062862,7888514,0.029420718550682068
1781094513.395416,7889918,0.02797005884349346
1781094517.4632218,7891342,0.08166535198688507
1781094521.4200802,7892731,0.023001402616500854
1781094523.432269,7893439,0.015878912061452866
1781094526.2812722,7894437,0.04510573297739029
1781094529.697918,7895667,0.009428214281797409
1781094533.804834,7897429,0.03830670937895775
1781094538.0593603,7898940,0.003443908179178834
1781094556.4272537,7900000,0.013631265610456467
1781094556.9226441,7900166,0.04619297385215759
1781094559.8371701,7901172,0.010058362036943436
1781094563.9519086,7902640,0.044413212686777115
1781094565.8859658,7903649,0.06148584932088852
1781094569.7783532,7905030,0.019859861582517624
1781094572.3723407,7905913,0.0420074462890625
1781094574.8025703,7906783,0.015973778441548347
1781094577.884503,7907871,0.011717858724296093
1781094582.0564427,7909355,0.013943939469754696
1781094584.8921084,7910341,0.057527534663677216
1781094588.3434403,7911540,0.017389381304383278
1781094593.8361533,7913459,0.007206306792795658
1781094595.0357146,7913886,0.010149553418159485
1781094598.0117786,7915268,0.008865756914019585
1781094600.9108675,7916331,0.011626280844211578
1781094605.1982827,7917846,0.00881933607161045
1781094608.4847693,7919041,0.08080879598855972
1781094611.0916064,7919959,0.01051601953804493
1781094614.3627417,7921085,0.011481761932373047
1781094617.9737537,7922358,0.06981141865253448
1781094624.866097,7924762,0.011067807674407959
1781094625.526248,7924995,0.015876024961471558
1781094642.8407757,7925000,0.03284812346100807
1781094646.889913,7926410,0.05979115888476372
1781094650.8598535,7927954,0.008401703089475632
1781094652.1626189,7928473,0.016234124079346657
1781094656.0345943,7929905,0.015574519522488117
1781094659.9685745,7931323,0.019351789727807045
1781094662.983388,7932799,0.02464844472706318
1781094666.992373,7934392,0.02244897373020649
1781094670.7153256,7935788,0.02119024097919464
1781094675.657421,7937572,0.09558962285518646
1781094678.415125,7938639,0.02641362138092518
1781094680.04836,7939268,0.007033544592559338
1781094684.5950587,7940942,0.012004858814179897
1781094688.8767502,7942500,0.014777700416743755
1781094689.6255028,7942794,0.04933660477399826
1781094692.030265,7944095,0.013126864098012447
1781094695.181171,7945325,0.021543391048908234
1781094699.575309,7946894,0.010302966460585594
1781094703.5912557,7948376,0.041066281497478485
1781094707.161904,7949773,0.04897357150912285
1781094719.1890767,7950000,0.016349803656339645
1781094720.7509034,7950597,0.028114663437008858
1781094723.5614166,7952053,0.032086439430713654
1781094728.3277125,7953773,0.018627479672431946
1781094730.1939714,7954424,0.021319549530744553
1781094733.3904688,7955666,0.0261460579931736
1781094736.1717353,7956771,0.03821854293346405
1781094738.8310707,7957822,0.012921420857310295
1781094743.2939262,7959449,0.02622351422905922
1781094746.4308748,7960575,0.0398959219455719
1781094750.2082436,7962063,0.01738695241510868
1781094751.7594855,7962647,0.024275856092572212
1781094753.117912,7963181,0.023596113547682762
1781094756.1018,7964617,0.012500250712037086
1781094758.7503767,7965558,0.050103090703487396
1781094760.022639,7966037,0.0378679521381855
1781094762.9532294,7967585,0.08363157510757446
1781094763.6441686,7967946,0.13810601830482483
1781094766.0498424,7969213,0.014851955696940422
1781094769.288173,7970897,0.03149554133415222
1781094771.908926,7972256,0.025927558541297913
1781094775.6383634,7974207,0.022415293380618095
1781094776.042551,7974412,0.043319620192050934
1781094786.4754097,7975000,0.01600036397576332
1781094787.2536504,7975888,0.04408935829997063
1781094788.0231462,7976287,0.0450802780687809
1781094791.3413758,7978023,0.005354877095669508
1781094794.091582,7979484,0.014666769653558731
1781094796.941594,7980958,0.04623325169086456
1781094800.1241639,7982625,0.038187384605407715
1781094803.2280288,7984258,0.03488980233669281
1781094804.4066195,7984885,0.08657734841108322
1781094807.825492,7986620,0.01181001029908657
1781094808.82436,7987138,0.04527560621500015
1781094811.7804089,7988613,0.025373106822371483
1781094813.8379881,7989635,0.015536604449152946
1781094817.1715195,7991273,0.011811600998044014
1781094818.3176103,7992268,0.011065099388360977
1781094820.428888,7993259,0.059200532734394073
1781094823.2082386,7994611,0.01223149523139
1781094825.5946138,7995800,0.028189413249492645
1781094829.474032,7997351,0.026425570249557495
1781094833.066244,7998680,0.007105672266334295
1781094835.3304024,7999502,0.04733256995677948
1781094850.4411817,8000000,0.01230731699615717
1781094852.7297337,8000906,0.02563496120274067
1781094857.2701252,8002534,0.0703958123922348
1781094860.3629982,8003613,0.019264664500951767
1781094862.0196319,8004210,0.02773350663483143
1781094865.2886164,8005522,0.022345129400491714
1781094868.8618782,8006931,0.016198469325900078
1781094872.8436542,8008317,0.010414507240056992
1781094875.2630336,8009179,0.025183623656630516
1781094876.901088,8009757,0.02950657531619072
1781094879.6438076,8010822,0.13093076646327972
1781094882.4395125,8012270,0.01773606427013874
1781094886.20308,8013611,0.013315213844180107
1781094887.690184,8014130,0.023243185132741928
1781094889.5489073,8014804,0.03074793517589569
1781094892.4669888,8015880,0.015127168968319893
1781094896.6712315,8017557,0.034634560346603394
1781094901.0445728,8019125,0.010627808049321175
1781094904.9582455,8020483,0.043916232883930206
1781094906.1706262,8020884,0.011369513347744942
1781094908.9983282,8021985,0.08373728394508362
1781094911.9385424,8023133,0.03227262943983078
1781094914.5951092,8024496,0.028935682028532028
1781094928.8905702,8025000,0.010799660347402096
1781094930.086794,8025396,0.04771753400564194
1781094932.9709983,8026408,0.010656979866325855
1781094935.511139,8027322,0.02204776555299759
1781094938.4774156,8028468,0.031439848244190216
1781094941.154989,8029462,0.017833301797509193
1781094944.0775893,8030973,0.08560482412576675
1781094948.0832832,8032503,0.055357467383146286
1781094949.845924,8033109,0.20610623061656952
1781094954.185207,8034617,0.021407844498753548
1781094958.2213964,8036142,0.018681485205888748
1781094961.3571134,8037368,0.010276509448885918
1781094965.6618788,8038907,0.12495832145214081
1781094968.5940137,8039936,0.02784033864736557
1781094972.2422047,8041302,0.023447467014193535
1781094975.296989,8042874,0.020776771008968353
1781094979.8366237,8044516,0.06438650190830231
1781094983.97863,8045960,0.03283469378948212
1781094985.1179533,8046353,0.03769734501838684
1781094988.4094498,8047647,0.0335465744137764
1781094992.7684357,8049361,0.028050296008586884
1781095008.3550713,8050000,0.014939968474209309
1781095009.989513,8050553,0.017768200486898422
1781095012.0568998,8051270,0.010294601321220398
1781095014.6021247,8052220,0.09077291935682297
1781095018.774022,8053877,0.013825280591845512
1781095023.1266649,8055480,0.019452696666121483
1781095027.2966092,8056944,0.041112616658210754
1781095028.756586,8057438,0.02936122566461563
1781095031.4481454,8058498,0.00961169321089983
1781095035.3391516,8060008,0.016057919710874557
1781095039.1677434,8061350,0.017908910289406776
1781095042.3020818,8062794,0.2500646114349365
1781095044.8828795,8063756,0.0327475368976593
1781095045.909997,8064137,0.03322099149227142
1781095048.4290104,8065127,0.046958137303590775
1781095053.835332,8067163,0.008295061066746712
1781095055.9492497,8067882,0.05206925421953201
1781095061.1092122,8069875,0.038019776344299316
1781095064.3134108,8071105,0.011488817632198334
1781095068.57016,8072624,0.0239602979272604
1781095071.8594432,8074038,0.045445479452610016
1781095072.637139,8074346,0.019724469631910324
1781095088.372777,8075000,0.008469350636005402
1781095092.46068,8076614,0.03500909358263016
1781095093.0628915,8076842,0.04930587112903595
1781095097.3637028,8078360,0.02685590460896492
1781095101.6457362,8079886,0.04104846715927124
1781095101.5963619,8080235,0.022356415167450905
1781095104.966359,8081561,0.02218760922551155
1781095107.7227526,8082654,0.02633979357779026
1781095110.321722,8083575,0.08187859505414963
1781095113.6153796,8084723,0.02400798723101616
1781095116.5579095,8085757,0.03680289164185524
1781095121.2530622,8087614,0.04309869185090065
1781095122.994337,8088311,0.01746298000216484
1781095126.8089867,8089644,0.006712800357490778
1781095128.8463142,8090371,0.014724007807672024
1781095133.7522995,8092546,0.014701684936881065
1781095135.1189601,8093083,0.020144805312156677
1781095138.2911777,8094307,0.01575811579823494
1781095142.4423854,8095689,0.0728268176317215
1781095147.1658928,8097368,0.02169809862971306
1781095149.6694827,8098375,0.027748407796025276
1781095152.7710524,8099604,0.03231140598654747
1781095166.764558,8100000,0.05838319659233093
1781095168.5275335,8100908,0.014846360310912132
1781095171.624467,8102497,0.0077955350279808044
1781095173.8362434,8103639,0.017766375094652176
1781095176.0844927,8104802,0.06224381923675537
1781095177.6206393,8105598,0.009749455377459526
1781095180.1007993,8106876,0.011905304156243801
1781095182.999688,8108359,0.031400710344314575
1781095186.5942051,8110234,0.0252976156771183
1781095189.0047038,8111490,0.01786615699529648
1781095190.2417963,8112116,0.01870216801762581
1781095192.579344,8113323,0.20371904969215393
1781095195.0455294,8114593,0.009247035719454288
1781095196.7011461,8115440,0.011546114459633827
1781095200.8655066,8118070,0.043037064373493195
1781095201.3040273,8118293,0.03843165561556816
1781095203.3074803,8119331,0.036569561809301376
1781095206.216927,8120837,0.04571966081857681
1781095208.6057074,8122066,0.07691311091184616
1781095211.6414082,8123631,0.014487453736364841
1781095212.1005616,8123862,0.029978230595588684
1781095229.3780067,8125000,0.03476065769791603
1781095231.0901186,8125594,0.02097262628376484
1781095235.300234,8127078,0.025625258684158325
1781095239.0914617,8128398,0.025232288986444473
1781095240.6612387,8128938,0.006964260712265968
1781095244.5048494,8130308,0.05255557596683502
1781095248.3228931,8131677,0.07017748057842255
1781095252.3371973,8133085,0.019826622679829597
1781095256.927717,8134683,0.005310324020683765
1781095257.9690642,8135035,0.02626354619860649
1781095260.4584026,8135898,0.011613700538873672
1781095263.7189279,8137039,0.015542134642601013
1781095265.595863,8137687,0.03219224140048027
1781095268.6966617,8138772,0.06623508781194687
1781095269.8546767,8139183,0.02290937304496765
1781095273.7762365,8140554,0.02167777344584465
1781095276.317138,8141911,0.007510624825954437
1781095280.233777,8143297,0.010767864063382149
1781095285.3355293,8145081,0.03550626337528229
1781095289.0831683,8146383,0.034228477627038956
1781095289.8940156,8146669,0.015132482163608074
1781095292.646919,8147640,0.01664498820900917
1781095296.9792392,8149169,0.026341695338487625
1781095298.7565417,8149784,0.021509576588869095
1781095320.299874,8150000,0.013354428112506866
1781095324.5581975,8151474,0.01290752924978733
1781095330.526556,8153544,0.021989844739437103
1781095333.095675,8154436,0.026521801948547363
1781095337.8071141,8156074,0.016439344733953476
1781095342.3466299,8158003,0.07488881051540375
1781095345.4728708,8159082,0.012658156454563141
1781095347.5796506,8159826,0.03637060895562172
1781095350.5657036,8160868,0.04302376136183739
1781095354.9823768,8162418,0.019885044544935226
1781095357.356497,8163235,0.2602527439594269
1781095364.4725156,8165742,0.033403486013412476
1781095368.3619308,8167111,0.013357832096517086
1781095369.8742604,8167965,0.021077102050185204
1781095373.7768588,8169328,0.021419797092676163
1781095375.5714707,8169953,0.013603804633021355
1781095379.1167483,8171173,0.015067984350025654
1781095381.4090424,8171984,0.02900450862944126
1781095384.2357895,8172983,0.014790844172239304
1781095407.6450596,8175000,0.015044299885630608
1781095407.6778455,8175008,0.00617767171934247
1781095412.2696915,8176604,0.08922452479600906
1781095416.209762,8177990,0.01952619105577469
1781095419.3489845,8179096,0.029270118102431297
1781095421.7547274,8179950,0.09914202988147736
1781095426.9691844,8181775,0.10196863114833832
1781095430.853921,8183165,0.009273048490285873
1781095432.9032538,8184201,0.01605968363583088
1781095436.2954493,8185405,0.19618676602840424
1781095439.746155,8186622,0.02446979656815529
1781095443.9193742,8188080,0.04284989461302757
1781095447.1548507,8189198,0.01366705633699894
1781095450.0650795,8190219,0.014044806361198425
1781095450.9903321,8190554,0.02135574445128441
1781095454.334407,8191751,0.045058365911245346
1781095458.5400963,8193222,0.057762261480093
1781095463.4473026,8194940,0.026018880307674408
1781095466.0739026,8196166,0.0635540559887886
1781095467.3667686,8196619,0.022343212738633156
1781095471.7666404,8198160,0.021397341042757034
1781095474.5311549,8199133,0.023886030539870262
1781095493.4777374,8200000,0.022986985743045807
1781095494.313515,8200276,0.17695824801921844
1781095496.7100418,8201446,0.007413431070744991
1781095501.3934455,8203114,0.08822037279605865
1781095504.2616835,8204110,0.05766493082046509
1781095508.2227242,8205489,0.05387444049119949
1781095512.9865823,8207180,0.017906926572322845
1781095516.3647382,8208371,0.04347982257604599
1781095519.5638478,8209465,0.04258190467953682
1781095522.6038163,8210521,0.03217250108718872
1781095526.3435915,8211848,0.03610201179981232
1781095529.5568154,8213304,0.03486481308937073
1781095531.96221,8214144,0.16030608117580414
1781095536.6266356,8215782,0.053155072033405304
1781095538.6755266,8216499,0.02023228257894516
1781095543.088201,8218020,0.016868136823177338
1781095546.9695246,8219369,0.05890427529811859
1781095551.8940566,8221087,0.01922840252518654
1781095553.289292,8221573,0.03167092055082321
1781095557.1271627,8222912,0.011220132932066917
1781095560.324032,8224343,0.025671087205410004
1781095574.354671,8225000,0.021258514374494553
1781095577.4916294,8226089,0.05767316371202469
1781095580.277649,8227074,0.1552204191684723
1781095582.291764,8227769,0.020175684243440628
1781095585.6933174,8228951,0.04900875687599182
1781095589.3659592,8230236,0.00851363968104124
1781095592.4293685,8231620,0.03844553232192993
1781095597.3720489,8233369,0.02217899262905121
1781095598.0669193,8233617,0.04122348874807358
1781095601.2289944,8234738,0.016640380024909973
1781095607.1075068,8236819,0.07653618603944778
1781095610.1605086,8237901,0.032422807067632675
1781095615.9618783,8239953,0.016446858644485474
1781095617.4711418,8240468,0.09973367303609848
1781095622.0918827,8242089,0.024718912318348885
1781095625.8023252,8243747,0.017254870384931564
1781095630.9455228,8245585,0.013755007646977901
1781095634.7716746,8246924,0.013273945078253746
1781095638.5074728,8248240,0.03650512546300888
1781095642.5626485,8249683,0.17911815643310547
1781095656.2319355,8250000,0.014321424067020416
1781095660.6140263,8251522,0.02802448160946369
1781095663.6282167,8252592,0.011240178719162941
1781095668.4743912,8254307,0.13960064947605133
1781095669.1197278,8254551,0.008468211628496647
1781095672.20992,8255748,0.012741787359118462
1781095674.7459784,8256668,0.017724931240081787
1781095681.0424545,8258894,0.0200960673391819
1781095685.580513,8260833,0.022541888058185577
1781095688.5676577,8261896,0.040033116936683655
1781095692.9459553,8263471,0.01768799126148224
1781095696.9736536,8264919,0.06750892847776413
1781095699.586303,8265852,0.015571772120893002
1781095704.8838654,8267750,0.03426555171608925
1781095710.752272,8269857,0.0347730927169323
1781095712.6141648,8270529,0.008189423941075802
1781095716.3505185,8271863,0.010375394485890865
1781095718.5279717,8272952,0.00971951149404049
1781095720.6207957,8273682,0.055472441017627716
1781095738.0856895,8275000,0.016011646017432213
1781095739.9098575,8275634,0.0378168448805809
1781095743.0426528,8276752,0.011709749698638916
1781095747.1003234,8278181,0.03282110020518303
1781095750.7689908,8279834,0.02137356624007225
1781095755.0220954,8281349,0.01631811447441578
1781095757.1500487,8282097,0.1261099874973297
1781095762.3933036,8283974,0.020171497017145157
1781095767.7210634,8285870,0.09527432918548584
1781095770.1719682,8286743,0.02347707189619541
1781095777.3744786,8289290,0.03848801553249359
1781095781.2265532,8290983,0.05743581801652908
1781095781.9695866,8291243,0.010825714096426964
1781095785.154669,8292367,0.014822976663708687
1781095788.859526,8293704,0.01755933091044426
1781095792.1620002,8294846,0.017259148880839348
1781095794.8473437,8295785,0.009696386754512787
1781095798.0856411,8296925,0.02373943105340004
1781095802.5157042,8298509,0.034279000014066696
1781095821.344423,8300000,0.04101235419511795
1781095821.977282,8300207,0.11530361324548721
1781095824.3172355,8301014,0.02556258626282215
1781095825.298659,8301365,0.12015286087989807
1781095829.316493,8302779,0.17212790250778198
1781095832.068303,8303764,0.028400873765349388
1781095835.766491,8305060,0.010964414104819298
1781095841.5992863,8307121,0.05429953336715698
1781095843.3021781,8307714,0.026062464341521263
1781095845.1406066,8308676,0.024505920708179474
1781095849.0039883,8310019,0.018994765356183052
1781095853.9133422,8311716,0.03534924238920212
1781095855.1140423,8312139,0.01525123231112957
1781095858.7971985,8313437,0.028432095423340797
1781095864.221441,8315348,0.004915948957204819
1781095868.2725937,8316779,0.006588781718164682
1781095870.6693661,8317634,0.07299736142158508
1781095874.6104045,8319374,0.03871380537748337
1781095877.65699,8320448,0.11120064556598663
1781095879.3889952,8321057,0.007732304744422436
1781095883.9203973,8322664,0.007690080441534519
1781095887.1154208,8323779,0.01613951101899147
1781095905.5846581,8325000,0.02914261445403099
1781095905.822234,8325072,0.11075157672166824
1781095906.933211,8325778,0.05999632924795151
1781095910.2862625,8326987,0.019968435168266296
1781095913.7405927,8328211,0.14649952948093414
1781095917.1774027,8329419,0.03631263226270676
1781095922.2291594,8331213,0.043719224631786346
1781095927.7048516,8333148,0.012761803343892097
1781095927.9433217,8333240,0.03812720626592636
1781095930.968269,8334310,0.06637685000896454
1781095937.019745,8336494,0.03144083544611931
1781095941.5470262,8338470,0.03429755941033363
1781095942.9360738,8338957,0.009572237730026245
1781095945.9437096,8340036,0.008944818750023842
1781095949.7183993,8341385,0.20708242058753967
1781095954.8673568,8343242,0.004412311129271984
1781095956.8366585,8343942,0.012746758759021759
1781095959.8539922,8345018,0.026222936809062958
1781095963.2051451,8346204,0.061956338584423065
1781095965.793718,8347114,0.018331989645957947
1781095969.0646865,8348610,0.011699264869093895
1781095971.6174996,8349510,0.022162234410643578
1781095990.9682486,8350000,0.038819633424282074
1781095995.488562,8351587,0.018125727772712708
1781095995.7560043,8351673,0.02020537666976452
1781096001.5754676,8354065,0.01257837563753128
1781096002.2679048,8354310,0.03082738071680069
1781096006.451657,8355835,0.0359734371304512
1781096008.8211436,8356684,0.2593817114830017
1781096011.0613575,8357494,0.02324366569519043
1781096014.829432,8358834,0.08346825838088989
1781096018.3522367,8360090,0.02549768052995205
1781096021.3010154,8361137,0.013800221495330334
1781096026.057216,8362825,0.06717312335968018
1781096026.98456,8363163,0.039089541882276535
1781096032.2592137,8365065,0.022743210196495056
1781096034.3427587,8366118,0.02733602188527584
1781096037.837127,8367364,0.042350489646196365
1781096038.279955,8367518,0.01629636436700821
1781096042.499664,8369046,0.03129442036151886
1781096045.7904513,8370209,0.004136610776185989
1781096048.3390136,8371110,0.025931773707270622
1781096054.0576117,8373141,0.09583664685487747
1781096058.0320766,8374564,0.04871054366230965
1781096077.2975807,8375000,0.019936881959438324
1781096081.3667097,8376405,0.03073779121041298
1781096086.2399886,8378124,0.025936342775821686
1781096091.021443,8379838,0.008572221733629704
1781096092.9743042,8380529,0.022882286459207535
1781096096.8727047,8382230,0.012093445286154747
1781096101.7278728,8383962,0.022637728601694107
1781096105.72731,8385425,0.02497645653784275
1781096109.2589242,8386710,0.01305190846323967
1781096113.3759062,8388163,0.020113380625844002
1781096117.7061975,8389697,0.022821824997663498
1781096120.313937,8390617,0.016218142583966255
1781096123.352634,8391695,0.0069023012183606625
1781096126.0088797,8392633,0.030771756544709206
1781096129.7837884,8394310,0.020396115258336067
1781096130.6717205,8394626,0.006765244994312525
1781096135.1486144,8396193,0.16837768256664276
1781096138.9049058,8397555,0.029551802203059196
1781096142.4807997,8398826,0.02906773053109646
1781096160.1745222,8400000,0.01766020804643631
1781096162.8143952,8400810,0.10847064852714539
1781096167.2875118,8402258,0.010309666395187378
1781096168.7129128,8402723,0.00779772037640214
1781096173.511353,8404344,0.03592894226312637
1781096178.172508,8405965,0.012411754578351974
1781096181.83005,8407641,0.0057385689578950405
1781096182.9192872,8408203,0.01720612496137619
1781096185.4816759,8409527,0.018217861652374268
1781096188.344832,8411008,0.14025431871414185
1781096190.181442,8412442,0.04439159855246544
1781096194.0604599,8414459,0.01383420079946518
1781096197.3630564,8416146,0.010753192938864231
1781096197.8712156,8416401,0.015302807092666626
1781096199.7820334,8417401,0.04680998623371124
1781096203.356927,8419261,0.05272560566663742
1781096207.3684683,8421254,0.026739250868558884
1781096211.2386887,8422769,0.040820538997650146
1781096212.7331414,8423360,0.06267093122005463
1781096229.8452854,8425000,0.01952092908322811
1781096230.5764673,8425247,0.013375695794820786
1781096234.827086,8426752,0.08763505518436432
1781096238.3727844,8428116,0.018263299018144608
1781096239.0734835,8428390,0.013475444167852402
1781096242.1013892,8429583,0.014756621792912483
1781096246.5235102,8431200,0.012723380699753761
1781096251.4231534,8432947,0.020022332668304443
1781096254.7577333,8434656,0.023701902478933334
1781096258.0201175,8435916,0.03297770768404007
1781096260.7873676,8436900,0.012563716620206833
1781096265.1839182,8438462,0.03792895749211311
1781096269.3055766,8440041,0.027685509994626045
1781096272.9634585,8441337,0.020465433597564697
1781096275.4519835,8442214,0.02548389323055744
1781096277.1113927,8442782,0.012768587097525597
1781096280.4553547,8443979,0.06014915555715561
1781096284.8767838,8445855,0.016931187361478806
1781096286.7811975,8446534,0.023051828145980835
1781096290.827484,8447949,0.01783275604248047
1781096293.9049947,8448999,0.06247331574559212
1781096308.569087,8450000,0.0060903653502464294
1781096309.3820891,8450424,0.02162802964448929
1781096311.610303,8451561,0.009364359080791473
1781096314.5487702,8453085,0.009422603994607925
1781096316.2921746,8454448,0.012299876660108566
1781096319.2592368,8455983,0.0921752080321312
1781096322.0021281,8457400,0.023832477629184723
1781096324.7967734,8458850,0.028296124190092087
1781096327.3071873,8460147,0.03521711751818657
1781096328.9910045,8461001,0.03550524264574051
1781096331.316588,8462195,0.10595474392175674
1781096334.3599532,8463776,0.021770160645246506
1781096338.0698142,8465705,0.028866169974207878
1781096339.906917,8466638,0.020953917875885963
1781096341.6887918,8467526,0.018769407644867897
1781096344.549141,8468778,0.04302419722080231
1781096348.0236678,8470339,0.008666968904435635
1781096349.6347802,8471254,0.025144487619400024
1781096354.6891913,8473060,0.021704331040382385
1781096355.9660323,8473518,0.008705932646989822
1781096359.6379783,8474813,0.0602099746465683
1781096379.2815197,8475000,0.11566539108753204
1781096382.2336192,8476364,0.06428693234920502
1781096386.6312435,8477962,0.10443589091300964
1781096390.0012403,8479154,0.03681317716836929
1781096392.3532908,8479997,0.02704785019159317
1781096396.383232,8481420,0.06962651759386063
1781096400.2074885,8482765,0.011908810585737228
1781096405.0952578,8484498,0.14572186768054962
1781096407.2778997,8485263,0.04127363860607147
1781096410.9008265,8486576,0.04769883304834366
1781096411.944243,8487275,0.05639168247580528
1781096415.6153297,8488599,0.02772247977554798
1781096419.9545488,8490143,0.01104862242937088
1781096425.010976,8491950,0.04836421459913254
1781096425.4884048,8492117,0.007674416992813349
1781096429.1521044,8493401,0.09071188420057297
1781096433.4168208,8494901,0.01602586731314659
1781096436.7144358,8496077,0.00999906100332737
1781096438.7383335,8496799,0.027430281043052673
1781096442.7811306,8498232,0.21850194036960602
1781096460.282597,8500000,0.023572180420160294
1781096460.3677058,8500021,0.011036505922675133
1781096463.8152375,8501240,0.04781261458992958
1781096468.5626724,8502884,0.027186814695596695
1781096471.3462522,8503892,0.021924082189798355
1781096472.3581245,8504250,0.04735621064901352
1781096475.3885124,8505637,0.03062623366713524
1781096479.5634212,8507092,0.03270256146788597
1781096482.083131,8507973,0.0451706126332283
1781096484.2709498,8508760,0.017989052459597588
1781096488.7103133,8510316,0.013191604986786842
1781096492.2074304,8511544,0.03317080810666084
1781096496.4148939,8513030,0.019697299227118492
1781096502.3289273,8515122,0.028584718704223633
1781096505.5466437,8516613,0.01643109880387783
1781096507.8339136,8517421,0.010247034952044487
1781096511.5052867,8518739,0.14185066521167755
1781096514.940406,8519978,0.01971118338406086
1781096519.6549659,8521637,0.015554329380393028
1781096524.4011967,8523328,0.020082013681530952
1781096525.366326,8523660,0.0307052843272686
1781096529.0337288,8524980,0.26510587334632874
1781096545.7844987,8525000,0.013763951137661934
1781096549.573496,8526322,0.021883049979805946
1781096554.3666778,8528025,0.12790870666503906
1781096559.519234,8529879,0.0063706012442708015
1781096561.8558776,8530701,0.021607041358947754
1781096564.6308312,8531686,0.015518298372626305
1781096567.3203099,8532631,0.023228351026773453
1781096569.9996176,8533934,0.019753308966755867
1781096575.1994698,8535786,0.02159443497657776
1781096578.406376,8536930,0.01821759156882763
1781096579.2587337,8537233,0.008813485503196716
1781096583.327145,8538680,0.007361703552305698
1781096585.6742516,8539518,0.19937145709991455
1781096588.3431244,8540483,0.02575143240392208
1781096593.6247175,8542343,0.021171201020479202
1781096594.6302502,8542695,0.017510991543531418
1781096596.0401835,8543192,0.015363612212240696
1781096600.672989,8545197,0.044313155114650726
1781096604.1286843,8546436,0.008959691040217876
1781096607.5626302,8547663,0.013787897303700447
1781096610.084401,8548557,0.22986647486686707
1781096614.1001437,8549996,0.02713267132639885
1781096630.4135716,8550000,0.011679831892251968
1781096633.8724697,8551541,0.007779575884342194
1781096636.478803,8552460,0.020651426166296005
1781096639.2852798,8553455,0.018253976479172707
1781096644.4809313,8555340,0.01216238271445036
1781096647.814299,8556528,0.10440050065517426
1781096652.966818,8558359,0.029406031593680382
1781096655.1536381,8559136,0.02709340862929821
1781096660.3874583,8560979,0.03891479969024658
1781096662.5343313,8561735,0.022555049508810043
1781096664.7140431,8562836,0.07733502984046936
1781096668.495529,8564189,0.03273513913154602
1781096673.5238404,8565934,0.02028932049870491
1781096676.4799392,8566969,0.028416845947504044
1781096678.4602475,8567664,0.02217460609972477
1781096683.150721,8569314,0.05585312098264694
1781096685.210703,8570046,0.11456835269927979
1781096686.6290832,8570526,0.04267583042383194
1781096693.864045,8573087,0.015860101208090782
1781096694.2553382,8573220,0.018503814935684204
1781096695.6149433,8574025,0.03267889469861984
1781096712.5930073,8575000,0.030154529958963394
1781096715.2027614,8575919,0.058073993772268295
1781096720.5443578,8577780,0.006943059619516134
1781096722.0565543,8578320,0.03267594054341316
1781096725.983708,8579699,0.051210008561611176
1781096727.8536139,8580695,0.04114560782909393
1781096731.1530645,8581855,0.024615133181214333
1781096732.5815356,8582354,0.065908282995224
1781096739.6752806,8584821,0.031081050634384155
1781096739.9376068,8584913,0.04221533238887787
1781096742.9576871,8586009,0.025769583880901337
1781096747.9498208,8587765,0.019781608134508133
1781096751.366769,8588968,0.08160829544067383
1781096753.8115947,8589815,0.01604812778532505
1781096757.7124505,8591173,0.011128941550850868
1781096759.958866,8592294,0.027164088562130928
1781096764.7653959,8593974,0.009421266615390778
1781096766.6760757,8594638,0.0370299406349659
1781096771.5658417,8596411,0.0232615415006876
1781096775.1579392,8597693,0.09507206082344055
1781096778.9272037,8599008,0.025411449372768402
1781096791.5430849,8600000,0.019575946033000946
1781096794.4074633,8600992,0.016362950205802917
1781096799.2421901,8602685,0.016013935208320618
1781096800.555364,8603153,0.024990079924464226
1781096804.6593425,8604584,0.04834958165884018
1781096808.111761,8605799,0.011572511866688728
1781096810.3541043,8606585,0.022312168031930923
1781096814.2214112,8607934,0.014214549213647842
1781096817.6857097,8609156,0.015064417384564877
1781096820.8337667,8610269,0.04979415982961655
1781096823.754477,8611611,0.031170178204774857
1781096827.8508337,8613049,0.013751298189163208
1781096831.0517597,8614216,0.018387310206890106
1781096836.0140102,8615950,0.013188812881708145
1781096838.7391403,8616894,0.052482906728982925
1781096842.4178636,8618286,0.01600608229637146
1781096845.7323954,8619430,0.010039842687547207
1781096850.2177842,8621033,0.09808112680912018
1781096851.820868,8621638,0.011176381260156631
1781096853.385602,8622160,0.018692918121814728
1781096856.319414,8623525,0.011085749603807926
1781096873.5336823,8625000,0.0090593621134758
1781096874.009392,8625159,0.011453954502940178
1781096875.2601695,8625582,0.07155149430036545
1781096879.5533507,8627158,0.009209921583533287
1781096884.3248618,8628826,0.051376305520534515
1781096888.842962,8630771,0.009564829990267754
1781096892.1360168,8631915,0.02589453011751175
1781096894.686691,8632819,0.028949381783604622
1781096897.0192952,8633678,0.022050216794013977
1781096901.168171,8635099,0.013767197728157043
1781096904.6573074,8636312,0.015909448266029358
1781096906.8671155,8637084,0.015330202877521515
1781096915.581988,8640081,0.03210461884737015
1781096916.175785,8640287,0.17913253605365753
1781096919.2013798,8641671,0.03235239535570145
1781096923.0325463,8643010,0.0068731363862752914
1781096926.0205574,8644058,0.032670699059963226
1781096929.563169,8645731,0.01344740018248558
1781096930.5744536,8646218,0.012184038758277893
1781096933.583362,8647684,0.013870998285710812
1781096937.5876665,8649544,0.03183400630950928
1781096947.693778,8650000,0.11950338631868362
1781096949.4847178,8650866,0.011616962030529976
1781096953.3501968,8652769,0.020953122526407242
1781096954.6290383,8653408,0.016896333545446396
1781096956.6873453,8654425,0.010221652686595917
1781096958.0248034,8655087,0.04431075230240822
1781096961.3290067,8656655,0.130362868309021
1781096962.0674598,8656986,0.023575540632009506
1781096965.6948278,8658617,0.0236086193472147
1781096967.6027153,8659447,0.019529307261109352
1781096971.2803252,8661258,0.010103099048137665
1781096974.3819306,8662352,0.03685493394732475
1781096976.4015336,8663052,0.020046822726726532
1781096979.1149328,8663992,0.012448088265955448
1781096982.8217986,8665604,0.022079389542341232
1781096987.9304583,8667375,0.06403835862874985
1781096991.1054199,8668458,0.053297244012355804
1781096994.5261889,8669670,0.02919287607073784
1781096997.3824897,8670714,0.021458003669977188
1781096998.8608394,8671226,0.02501709572970867
1781097002.3134356,8672419,0.02458285167813301
1781097005.5491707,8673526,0.012980339117348194
1781097009.5015588,8674897,0.022897344082593918
1781097026.1790783,8675000,0.02191702090203762
1781097030.7968822,8676612,0.011351517401635647
1781097034.5603712,8677899,0.08707459270954132
1781097038.4455097,8679272,0.11575362086296082
1781097042.5090141,8681004,0.0626242458820343
1781097045.2179854,8681923,0.1370995193719864
1781097049.7289197,8683458,0.018130812793970108
1781097053.078063,8684639,0.012017099186778069
1781097055.2376842,8685407,0.13405944406986237
1781097059.6341877,8687273,0.06081879884004593
1781097061.9758275,8688369,0.05886947736144066
1781097064.7710533,8689781,0.06933506578207016
1781097068.4157603,8691508,0.009480840526521206
1781097072.0636902,8693204,0.020564759150147438
1781097075.321005,8694925,0.023860588669776917
1781097076.6386385,8695538,0.03934386372566223
1781097080.9269204,8697567,0.04046405479311943
1781097082.844231,8698504,0.02816375344991684
1781097095.2942321,8700000,0.05482983589172363
1781097095.6693165,8700132,0.0744217112660408
1781097097.5834038,8701013,0.02106378972530365
1781097100.0004127,8702241,0.04712388664484024
1781097101.6594057,8703023,0.0208418108522892
1781097104.9682024,8704542,0.031006740406155586
1781097107.192297,8705953,0.008707050234079361
1781097109.8639495,8707030,0.04383346065878868
1781097116.8077016,8709445,0.010200928896665573
1781097117.8403513,8709804,0.0173075869679451
1781097122.9650004,8711791,0.03065570257604122
1781097127.0214117,8713369,0.00824105367064476
1781097128.8552277,8714273,0.025839630514383316
1781097133.919659,8716686,0.01122595276683569
1781097135.6391695,8717488,0.02525087632238865
1781097137.3850515,8718754,0.011818384751677513
1781097139.9643605,8720090,0.012760564684867859
1781097142.5494761,8721471,0.014465834014117718
1781097143.7589786,8722116,0.016891326755285263
1781097146.260706,8723438,0.044019993394613266
1781097148.2419796,8724406,0.021375196054577827
1781097156.7329469,8725000,0.015272559598088264
1781097158.5670102,8725869,0.0360073484480381
1781097161.5818594,8727320,0.02994411811232567
1781097162.1506636,8727586,0.04003457352519035
1781097164.6862128,8728817,0.052053287625312805
1781097165.807646,8729375,0.1259492039680481
1781097169.1164613,8730923,0.008127407170832157
1781097169.065577,8731321,0.004995645489543676
1781097174.2080314,8733733,0.023322276771068573
1781097174.8124962,8734020,0.017910055816173553
1781097177.0982199,8735099,0.02815411426126957
1781097178.5516927,8735828,0.012200051918625832
1781097182.4333508,8737802,0.01300676167011261
1781097184.502391,8738834,0.040162213146686554
1781097188.7107692,8740932,0.02500966005027294
1781097189.730977,8741452,0.02639748901128769
1781097192.6112874,8742938,0.008667809888720512
1781097194.7550902,8744059,0.005845320411026478
1781097196.4140782,8744932,0.006966083776205778
1781097199.7020025,8746657,0.026238927617669106
1781097199.889247,8746749,0.02458290196955204
1781097202.1442,8748326,0.01900496706366539
1781097203.5011408,8748983,0.013820068910717964
1781097214.6662993,8750000,0.02834656648337841
1781097216.657101,8750964,0.030522307381033897
1781097218.9231088,8752116,0.04998390004038811
1781097220.435455,8752885,0.008111521601676941
1781097222.2194963,8753812,0.011895392090082169
1781097225.49908,8755468,0.011137365363538265
1781097226.6040077,8756020,0.013399261981248856
1781097231.712185,8759126,0.022699732333421707
1781097231.895031,8759216,0.008416570723056793
1781097234.2394075,8760346,0.02356327697634697
1781097236.1782012,8761273,0.0724305659532547
1781097239.456551,8762835,0.010702885687351227
1781097243.290633,8764461,0.020322181284427643
1781097243.5309207,8764553,0.01670033484697342
1781097248.1997118,8766480,0.0139986053109169
1781097250.9784164,8767799,0.03021751530468464
1781097253.1010733,8768843,0.014999322593212128
1781097254.683882,8769602,0.02243076264858246
1781097257.5106597,8771052,0.017910782247781754
1781097260.9323142,8772810,0.04318637773394585
1781097263.0978131,8773908,0.013962045311927795
1781097277.323946,8775000,0.0119383055716753
1781097278.8859172,8775519,0.010325977578759193
1781097280.351792,8776024,0.02408701926469803
1781097284.556073,8777483,0.009255969896912575
1781097289.3380258,8779148,0.018303846940398216
1781097293.571152,8780601,0.011414414271712303
1781097294.9266317,8781388,0.00691434508189559
1781097297.8020976,8782459,0.12535610795021057
1781097302.0937283,8783948,0.015659630298614502
1781097306.1994722,8785384,0.05953827500343323
1781097309.3123362,8786449,0.009468099102377892
1781097312.8273797,8787683,0.15665894746780396
1781097313.257606,8787838,0.03807320073246956
1781097315.3212378,8788561,0.009587348438799381
1781097319.6095004,8790049,0.014325505122542381
1781097324.0620124,8791629,0.020520638674497604
1781097327.3205187,8793151,0.014631317928433418
1781097331.5145261,8794627,0.05020977556705475
1781097332.272742,8794885,0.013134855777025223
1781097336.9097128,8796489,0.05739590525627136
1781097341.5938177,8798129,0.023369818925857544
1781097346.1165142,8799723,0.027286838740110397
1781097359.5745506,8800000,0.015137480571866035
1781097361.484258,8800928,0.0046536060981452465
1781097363.8309402,8802091,0.011757235042750835
1781097366.525296,8803422,0.015261809341609478
1781097369.5939975,8804866,0.034743525087833405
1781097373.054461,8806524,0.021983763203024864
1781097375.380669,8807595,0.012055551633238792
1781097378.6333945,8809128,0.03415675088763237
1781097381.3894753,8810432,0.19406172633171082
1781097383.0136578,8811227,0.02462102845311165
1781097386.6605012,8813012,0.1651412397623062
1781097390.1647992,8814587,0.0035723503679037094
1781097390.4870346,8815179,0.01954837515950203
1781097393.4017704,8816620,0.01033206470310688
1781097396.643303,8818098,0.01911207288503647
1781097401.4796162,8820466,0.03296031057834625
1781097402.360533,8820890,0.015129715204238892
1781097403.8465693,8821598,0.010341118089854717
1781097406.5646284,8822937,0.02653312496840954
1781097410.5740216,8824904,0.005981669761240482
1781097421.0045788,8825000,0.019319655373692513
1781097424.9904532,8826358,0.009092789143323898
1781097426.771601,8827072,0.008807061240077019
1781097429.0707076,8828032,0.009115718305110931
1781097432.8910205,8829577,0.012091575190424919
1781097436.979851,8831075,0.01867293193936348
1781097440.2607923,8832271,0.02857041358947754
1781097442.669649,8833253,0.03901510685682297
1781097445.5716536,8834454,0.031661730259656906
1781097449.8925712,8836107,0.010583349503576756
1781097452.7805817,8837490,0.009103523567318916
1781097454.1521544,8838039,0.009747554548084736
1781097458.3807561,8839779,0.009757334366440773
1781097460.7706192,8840721,0.0181332528591156
1781097465.5086734,8842434,0.0419156588613987
1781097469.1054497,8843836,0.04200264438986778
1781097472.0089157,8845031,0.005824198015034199
1781097473.4377897,8845614,0.12071037292480469
1781097477.1970103,8847066,0.022584207355976105
1781097480.4450302,8848254,0.012570147402584553
1781097484.1062,8849718,0.01070812065154314
1781097497.5406327,8850000,0.013430755585432053
1781097500.1705406,8851047,0.02232399582862854
1781097502.5515835,8851985,0.010689379647374153
1781097503.7640986,8852435,0.022921966388821602
1781097507.0870392,8853658,0.027302920818328857
1781097510.8519065,8855151,0.020857447758316994
1781097514.5287328,8856667,0.04837549477815628
1781097515.9830825,8857566,0.03494832664728165
1781097518.5295613,8858464,0.01824074052274227
1781097523.3250828,8860250,0.0231628380715847
1781097523.9981058,8860522,0.02206578105688095
1781097529.8822422,8862860,0.025803256779909134
1781097536.1175761,8865101,0.005915953777730465
1781097537.4381833,8865586,0.014842742122709751
1781097540.8624375,8866977,0.019013725221157074
1781097542.9263263,8867812,0.08661112934350967
1781097545.6392872,8868803,0.02296474575996399
1781097547.8187118,8870021,0.05496053397655487
1781097550.7188346,8871221,0.012859432026743889
1781097554.8672035,8872839,0.020519183948636055
1781097558.7889333,8874256,0.05125521868467331
1781097573.3893034,8875000,0.024636562913656235
1781097574.865097,8875496,0.022356616333127022
1781097578.94736,8876909,0.08596870303153992
1781097579.800996,8877533,0.014460558071732521
1781097581.756415,8878234,0.018575163558125496
1781097586.3953302,8879872,0.01633359119296074
1781097589.4869795,8880970,0.009630164131522179
1781097591.5821068,8881718,0.02667723223567009
1781097594.9659793,8882912,0.035777945071458817
1781097598.5672069,8884252,0.011880318634212017
1781097604.671457,8886425,0.029199114069342613
1781097607.092748,8887274,0.010753410868346691
1781097610.6620152,8888881,0.005574648268520832
1781097613.985476,8890062,0.02622891776263714
1781097618.3907092,8891608,0.010847095400094986
1781097621.97048,8892865,0.01475716382265091
1781097629.0513217,8895434,0.012481928803026676
1781097631.3908143,8896252,0.005702999886125326
1781097634.5746932,8897364,0.020879510790109634
1781097638.1635647,8898814,0.02024243399500847
1781097649.390159,8900000,0.008985023945569992
1781097650.5789874,8900542,0.12347036600112915
1781097652.1170576,8901304,0.008240616880357265
1781097656.1975315,8903237,0.07101623713970184
1781097657.8593974,8903991,0.015040171332657337
1781097659.897353,8905581,0.030046051368117332
1781097663.5922973,8907396,0.006503554061055183
1781097666.038549,8908553,0.01593170128762722
1781097669.3053775,8910088,0.1130438968539238
1781097670.1989205,8910508,0.02532784268260002
1781097673.4679015,8912052,0.016212712973356247
1781097677.4845424,8913976,0.009929412975907326
1781097679.1382794,8914764,0.02413347363471985
1781097681.8791256,8915987,0.2461748570203781
1781097684.4391105,8917060,0.010753032751381397
1781097687.0153666,8918224,0.0374922901391983
1781097688.993715,8919122,0.019364643841981888
1781097689.240052,8919669,0.014160475693643093
1781097691.2761939,8920590,0.014395857229828835
1781097696.1328278,8922412,0.2084404081106186
1781097699.970813,8924220,0.037060655653476715
1781097717.8615012,8925000,0.013091232627630234
1781097719.7571242,8925661,0.014017698355019093
1781097724.4859066,8927651,0.0468827560544014
1781097726.6402595,8928420,0.0484158918261528
1781097730.1989572,8929686,0.03740115463733673
1781097735.8096566,8931653,0.015128880739212036
1781097740.111913,8933152,0.010885781608521938
1781097744.2706716,8934594,0.022897254675626755
1781097748.1358323,8936077,0.023894913494586945
1781097748.404404,8936169,0.02179364301264286
1781097752.3487222,8937849,0.032776571810245514
1781097758.65994,8940028,0.024606335908174515
1781097763.000545,8941518,0.05500070005655289
1781097765.0328214,8942226,0.033548079431056976
1781097768.164271,8943319,0.011808959767222404
1781097771.4780285,8944465,0.019877642393112183
1781097777.099769,8946453,0.026158124208450317
1781097779.9221134,8947858,0.0730496272444725
1781097781.0379872,8948415,0.013969071209430695
1781097793.1441214,8950000,0.02816823311150074
1781097793.6318696,8950215,0.025354869663715363
1781097797.483687,8952066,0.012153949588537216
1781097800.6877558,8953327,0.09936031699180603
1781097802.0569398,8953797,0.01945992186665535
1781097804.9943576,8955106,0.011152764782309532
1781097809.8451056,8957255,0.012457916513085365
1781097812.8623602,8958677,0.012011297047138214
1781097815.2213602,8959789,0.09943732619285583
1781097817.6406002,8961211,0.035025790333747864
1781097819.0624576,8961824,0.026928886771202087
1781097821.324062,8962750,0.03874717280268669
1781097823.7290764,8963719,0.011390544474124908
1781097827.7896683,8965124,0.07278968393802643
1781097832.5279024,8966883,0.02175024151802063
1781097833.003772,8967063,0.012924537993967533
1781097837.760931,8968887,0.05853988975286484
1781097841.6476238,8970381,0.00477976817637682
1781097845.2094634,8972126,0.027876857668161392
1781097847.1757197,8973609,0.00787024013698101
1781097857.9950926,8975000,0.027046233415603638
1781097859.97215,8975759,0.055249590426683426
1781097860.207195,8975845,0.00587527034804225
1781097863.779069,8977230,0.0253102108836174
1781097869.606677,8979416,0.03104349412024021
1781097870.7946284,8979973,0.046469755470752716
1781097873.0105011,8980971,0.022743023931980133
1781097876.5931153,8982604,0.01205315813422203
1781097878.5021358,8984011,0.01633847877383232
1781097881.757283,8985662,0.005149108357727528
1781097884.4245405,8987025,0.026424642652273178
1781097885.6148715,8987659,0.010518433526158333
1781097887.8693924,8988867,0.08230847865343094
1781097891.9646504,8990835,0.03279479220509529
1781097895.0740237,8992342,0.006519020535051823
1781097897.4773076,8993472,0.01884419098496437
1781097899.6675684,8994552,0.03260602802038193
1781097900.6369014,8995035,0.16758354008197784
1781097902.3332708,8995899,0.03354858234524727
1781097904.2355595,8996844,0.010390335693955421
1781097907.3356485,8998392,0.020907551050186157
1781097909.0969307,8999271,0.012035371735692024
1781097919.6515539,9000000,0.017040815204381943
1781097921.8082294,9000798,0.03001386672258377
1781097924.941933,9002432,0.028791626915335655
1781097927.8962958,9003886,0.028976760804653168
1781097929.482591,9004722,0.04457976296544075
1781097932.800768,9006492,0.08280977606773376
1781097933.3655207,9006792,0.026106923818588257
1781097936.3778856,9008338,0.033354610204696655
1781097938.372164,9009373,0.03654240816831589
1781097941.42022,9011469,0.014759974554181099
1781097942.5516298,9012056,0.01416311040520668
1781097947.3561652,9014552,0.02086510695517063
1781097949.536564,9015713,0.019705429673194885
1781097950.0846095,9015998,0.007891502231359482
1781097954.2425828,9018238,0.01137071754783392
1781097954.6186783,9018435,0.08246953785419464
1781097956.7892575,9019595,0.014555906876921654
1781097960.0641334,9021234,0.2481861561536789
1781097961.8568459,9022161,0.03626157343387604
1781097965.0246067,9023839,0.04052051901817322
1781097966.9423854,9024855,0.017451977357268333
1781097976.78266,9025000,0.016822438687086105
1781097979.3241403,9025864,0.009652036242187023
1781097984.3351848,9027547,0.018448706716299057
1781097987.1202803,9028499,0.011386298574507236
1781097988.127323,9028878,0.019442211836576462
1781097992.0223365,9030574,0.04630732908844948
1781097994.248106,9031516,0.027026191353797913
1781097997.3426356,9032827,0.020918669179081917
1781098000.818564,9034370,0.031244371086359024
1781098001.5047789,9034712,0.053504522889852524
1781098002.865259,9035420,0.27468788623809814
1781098004.3935754,9036207,0.009126229211688042
1781098006.8616822,9037907,0.019792696461081505
1781098009.9428515,9039444,0.009243052452802658
1781098012.6188486,9040787,0.03114606998860836
1781098013.9864814,9041521,0.017942724749445915
1781098016.8461578,9043013,0.05523395165801048
1781098020.1328182,9044666,0.016136961057782173
1781098022.845731,9046098,0.026953183114528656
1781098025.0472085,9047224,0.07536635547876358
1781098027.6936512,9048582,0.036008428782224655
1781098029.8858845,9049732,0.025056157261133194
1781098037.880592,9050000,0.01810615509748459
1781098040.4569826,9051354,0.02360537275671959
1781098042.992488,9052695,0.03667217120528221
1781098044.5735092,9053526,0.01352272555232048
1781098047.1465979,9054792,0.01272616721689701
1781098049.0076206,9055690,0.008482607081532478
1781098051.4127965,9056926,0.025922304019331932
1781098053.6033268,9058094,0.026957660913467407
1781098054.3742886,9058507,0.041973572224378586
1781098058.5734155,9060661,0.04486352950334549
1781098060.2938523,9061543,0.005171597935259342
1781098062.9008253,9062916,0.012004295364022255
1781098064.6872633,9063814,0.01504220999777317
1781098067.088012,9065025,0.04756241291761398
1781098067.7461681,9065848,0.03511054441332817
1781098069.6112258,9066851,0.031029555946588516
1781098072.4882514,9068401,0.04847467318177223
1781098075.0859838,9069713,0.13098564743995667
1781098078.7013257,9071443,0.01666378602385521
1781098079.2672033,9071736,0.01969992369413376
1781098081.3676755,9072837,0.017378995195031166
1781098084.631207,9074493,0.0191737599670887
1781098095.0598803,9075000,0.06752477586269379
1781098096.078454,9075522,0.026403771713376045
1781098098.5123603,9076800,0.013078166171908379
1781098100.692614,9078350,0.034466538578271866
1781098102.4567955,9079238,0.009260735474526882
1781098105.5446835,9080813,0.01668667234480381
1781098108.2004325,9082118,0.02557240054011345
1781098110.156067,9083144,0.007473013363778591
1781098111.9918425,9084113,0.12725283205509186
1781098114.9028137,9085609,0.021546021103858948
1781098118.7591193,9087556,0.007768968120217323
1781098120.461886,9088439,0.017573431134223938
1781098124.0696564,9090279,0.016512569040060043
1781098126.5152931,9091580,0.01832994446158409
1781098129.0444646,9092884,0.026546694338321686
1781098131.277707,9094522,0.012824724428355694
1781098134.0655954,9095946,0.07841360569000244
1781098135.8735933,9096743,0.07245777547359467
1781098139.9364142,9098480,0.010167410597205162
1781098157.0993063,9100000,0.016022933647036552
1781098157.3307846,9100068,0.009899206459522247
1781098161.9307225,9101956,0.015341539867222309
1781098164.3146617,9103669,0.03712141141295433
1781098168.1932857,9105583,0.03765928000211716
1781098168.659863,9105826,0.016961000859737396
1781098171.4309056,9107265,0.009916168637573719
1781098174.6222486,9108947,0.05994443595409393
1781098177.5156617,9110426,0.04305732995271683
1781098179.0175552,9111200,0.021546192467212677
1781098181.940462,9112684,0.13507024943828583
1781098183.504881,9113490,0.010524936951696873
1781098186.826952,9115271,0.013165255077183247
1781098189.26694,9116540,0.03573669493198395
1781098190.6168954,9117239,0.016780465841293335
1781098192.733978,9118324,0.08502721041440964
1781098194.4849749,9119651,0.03431865945458412
1781098197.0669973,9120902,0.015650488436222076
1781098199.1710052,9121911,0.01639152131974697
1781098201.4545975,9123079,0.12229904532432556
1781098203.1556711,9123940,0.014451855793595314
1781098217.5815935,9125000,0.018352873623371124
1781098217.8754623,9125092,0.039265163242816925
1781098221.1386678,9126302,0.015885163098573685
1781098224.8481755,9127725,0.008235832676291466
1781098226.1685941,9128508,0.013284040614962578
1781098229.7426112,9130170,0.03218172490596771
1781098232.1435738,9131314,0.021299224346876144
1781098235.4662352,9132922,0.01204821839928627
1781098239.2267344,9134521,0.03491279110312462
1781098241.7082481,9135609,0.02137904241681099
1781098246.4669244,9137470,0.05208747461438179
1781098247.6476498,9137886,0.028356000781059265
1781098251.5291991,9139270,0.036497291177511215
1781098257.2231588,9141349,0.026512838900089264
1781098258.9061208,9142328,0.02125786617398262
1781098260.257279,9142815,0.032437823712825775
1781098265.8739345,9144822,0.03155770152807236
1781098271.0822864,9146748,0.022277694195508957
1781098273.5195968,9147610,0.02129381150007248
1781098276.5742166,9148662,0.03119456209242344
1781098284.2682655,9150000,0.008107096888124943
1781098284.814894,9150181,0.11472943425178528
1781098287.2557662,9151048,0.011305583640933037
1781098290.1119359,9152505,0.13619133830070496
1781098291.2097619,9152896,0.04800223186612129
1781098293.3052056,9153646,0.01749095693230629
1781098300.0836818,9156086,0.024892862886190414
1781098300.3363855,9156178,0.016394877806305885
1781098304.4403343,9157626,0.017386583611369133
1781098309.384695,9159388,0.056266315281391144
1781098314.4117968,9161171,0.01188912894576788
1781098315.7709084,9161646,0.024103518575429916
1781098318.5857282,9162754,0.01719968393445015
1781098321.8357706,9164231,0.014455513097345829
1781098326.1682067,9165786,0.02572023868560791
1781098328.3026755,9166542,0.21927198767662048
1781098332.9456587,9168229,0.0275796540081501
1781098336.338853,9169433,0.012804316356778145
1781098340.9869502,9171072,0.01385473646223545
1781098346.9496613,9173194,0.08937536925077438
1781098350.660473,9174623,0.026418980211019516
1781098360.4611883,9175000,0.22497455775737762
1781098362.2194638,9175892,0.024522125720977783
1781098364.2300625,9176928,0.07412134855985641
1781098367.377079,9178544,0.006862073205411434
1781098368.9905474,9179377,0.012812361121177673
1781098373.9630935,9181911,0.020180288702249527
1781098380.098323,9184900,0.2038097083568573
1781098381.0739944,9185408,0.03528309613466263
1781098383.2115946,9187001,0.004532266408205032
1781098384.9453652,9187904,0.027516424655914307
1781098389.265253,9190144,0.09362101554870605
1781098390.2733345,9190658,0.01372472196817398
1781098392.904233,9192026,0.017491962760686874
1781098394.9154468,9193071,0.04298596829175949
1781098396.7289655,9194002,0.06566651165485382
1781098401.302182,9196298,0.03452722728252411
1781098401.8751986,9196577,0.05727599188685417
1781098405.5705245,9198491,0.05701666697859764
1781098418.366924,9200000,0.017142578959465027
1781098419.288438,9200346,0.02752709574997425
1781098422.8445523,9201694,0.020992308855056763
1781098424.7791667,9202352,0.015524917282164097
1781098427.2433603,9203478,0.0410146489739418
1781098430.2637105,9205013,0.11224570870399475
1781098433.5393934,9206699,0.04907305911183357
1781098435.7418976,9207788,0.02522812969982624
1781098439.0620124,9209298,0.016819579526782036
1781098440.3450723,9209943,0.023108474910259247
1781098443.8043063,9211617,0.008280324749648571
1781098446.5470233,9212943,0.025463983416557312
1781098448.0048106,9214106,0.03433855623006821
1781098451.9442801,9215924,0.019224371761083603
1781098452.7154174,9216310,0.01750820502638817
1781098456.2351038,9218222,0.06388666480779648
1781098459.043712,9219752,0.03355842083692551
1781098462.8726878,9221811,0.012385097332298756
1781098464.1179543,9222473,0.0051306141540408134
1781098481.586678,9225000,0.011801894754171371
1781098482.0359497,9225171,0.06470049917697906
1781098482.9110944,9225496,0.12044720351696014
1781098486.1452787,9226759,0.07989222556352615
1781098491.896416,9228768,0.023472175002098083
1781098496.7051928,9230464,0.008315330371260643
1781098498.4726524,9231109,0.010193122550845146
1781098501.3696094,9232448,0.018657419830560684
1781098503.3494477,9233356,0.01405353657901287
1781098504.3782508,9233822,0.03411129117012024
1781098508.5928278,9235870,0.01646524667739868
1781098509.8243399,9236464,0.015072764828801155
1781098511.6795602,9237865,0.05050147324800491
1781098515.0686917,9239586,0.03389832377433777
1781098518.0549057,9241069,0.03662685677409172
1781098520.634358,9242372,0.018696337938308716
1781098522.9179518,9243503,0.054545268416404724
1781098524.5777802,9244337,0.006237722933292389
1781098527.976746,9245982,0.021250024437904358
1781098530.8636215,9247402,0.072006955742836
1781098533.8618147,9248939,0.0479479543864727
1781098534.3102107,9249172,0.03172174096107483
1781098544.4913905,9250000,0.01662788912653923
1781098545.7317824,9250565,0.03922739624977112
1781098548.9404738,9252074,0.012519807554781437
1781098551.9056396,9253522,0.01388983428478241
1781098552.322159,9253721,0.010921048000454903
1781098554.7865171,9254892,0.0664670467376709
1781098557.6858366,9256231,0.06971535086631775
1781098560.437931,9257452,0.005688388366252184
1781098564.258521,9258938,0.019122343510389328
1781098567.4523954,9260486,0.06425198167562485
1781098567.750414,9260628,0.022245578467845917
1781098571.9423656,9262502,0.009033174254000187
1781098572.8065596,9262871,0.007107255980372429
1781098575.5504808,9264499,0.010864542797207832
1781098576.3030176,9264839,0.07452543824911118
1781098579.7095394,9266297,0.09256713092327118
1781098582.7756298,9267639,0.0124899223446846
1781098585.1507814,9268842,0.053433194756507874
1781098588.1957078,9270273,0.06900464743375778
1781098590.7426188,9271464,0.009131032973527908
1781098594.4335346,9273279,0.03251981735229492
1781098594.634668,9273371,0.027703288942575455
1781098606.7984421,9275000,0.03950449824333191
1781098607.4281678,9275284,0.008048752322793007
1781098610.5793765,9276852,0.015695149078965187
1781098611.428002,9277264,0.0304514542222023
1781098613.2073421,9278173,0.025780919939279556
1781098615.7522616,9279444,0.019501861184835434
1781098619.028536,9281012,0.04978182911872864
1781098621.4463758,9282263,0.029169758781790733
1781098623.621402,9283382,0.016751829534769058
1781098627.91703,9285593,0.032924965023994446
1781098628.1341367,9285685,0.014636922627687454
1781098631.32486,9287258,0.029155831784009933
1781098633.9633088,9288562,0.050126027315855026
1781098636.3013673,9290310,0.028517691418528557
1781098637.7628732,9291091,0.050049345940351486
1781098639.9674578,9292239,0.01386125385761261
1781098642.9920437,9293810,0.033640600740909576
1781098645.2790878,9294975,0.01655951514840126
1781098646.7867272,9295705,0.012217135168612003
1781098652.1070967,9298140,0.011191042140126228
1781098653.353127,9298709,0.0036228206008672714
1781098665.4504776,9300000,0.04367837309837341
1781098666.6295211,9300560,0.021220898255705833
1781098668.409645,9301893,0.014489993453025818
1781098671.5207076,9303463,0.012197437696158886
1781098673.1877787,9304358,0.010974282398819923
1781098673.9129655,9304749,0.01955847442150116
1781098676.8540545,9306218,0.028911931440234184
1781098678.4527643,9306887,0.010790368542075157
1781098683.521918,9309381,0.007818147540092468
1781098684.5651398,9309914,0.016315186396241188
1781098686.5820982,9310917,0.037527620792388916
1781098687.6717753,9311446,0.021649394184350967
1781098691.2956128,9313300,0.02777104452252388
1781098693.0535219,9314166,0.007482715882360935
1781098694.1831381,9314726,0.04208500310778618
1781098697.6682367,9316491,0.06560251861810684
1781098700.26481,9318250,0.013372166082262993
1781098703.0699728,9319662,0.19692203402519226
1781098706.3864846,9321323,0.04821718856692314
1781098708.9379532,9322502,0.01078171469271183
1781098710.2608335,9323143,0.008776630274951458
1781098712.7379894,9324358,0.02658762037754059
1781098727.1992066,9325000,0.016873959451913834
1781098730.2434137,9326163,0.013413124717772007
1781098733.1358578,9327625,0.01298480574041605
1781098735.5159543,9328447,0.01125361304730177
1781098739.020825,9329616,0.006139903329312801
1781098743.4599636,9331260,0.03212597966194153
1781098745.9030347,9332169,0.043378207832574844
1781098751.7053072,9334212,0.014929572120308876
1781098755.4030306,9335480,0.02745516411960125
1781098758.0290544,9336482,0.023474037647247314
1781098762.1183228,9338393,0.00893029198050499
1781098767.9940205,9340353,0.03816128894686699
1781098769.3701193,9340811,0.050586313009262085
1781098773.782702,9342459,0.019866475835442543
1781098775.8085337,9343217,0.06348290294408798
1781098779.8159094,9344664,0.12400665134191513
1781098781.3742745,9345179,0.019474085420370102
1781098783.608523,9345913,0.044520024210214615
1781098788.8486037,9347811,0.012343402951955795
1781098789.9932525,9348228,0.026223115622997284
1781098793.0142574,9349362,0.04843748360872269
1781098808.6818283,9350000,0.010903406888246536
1781098810.9339738,9350768,0.021451998502016068
1781098812.5956287,9351361,0.025603946298360825
1781098817.7245073,9353285,0.011537183076143265
1781098819.033389,9353799,0.01787678897380829
1781098822.3675737,9355063,0.07695192098617554
1781098827.1274102,9356940,0.05853062495589256
1781098830.4678257,9358161,0.033476151525974274
1781098831.5645778,9358567,0.15199148654937744
1781098836.0529969,9360283,0.03949470445513725
1781098840.0186338,9361675,0.011817635968327522
1781098844.4736862,9363243,0.0074943359941244125
1781098847.6221535,9364457,0.05659271031618118
1781098850.763711,9365668,0.11714387685060501
1781098853.2700653,9366541,0.010597358457744122
1781098856.879084,9368153,0.04023587703704834
1781098859.4221292,9369078,0.029273448511958122
1781098863.7532732,9370744,0.06942319869995117
1781098864.6529694,9371094,0.1070573553442955
1781098867.6237018,9372114,0.02056942507624626
1781098872.4195251,9373728,0.055831898003816605
1781098888.9860985,9375000,0.02124037779867649
1781098889.247999,9375455,0.025666791945695877
1781098890.3075006,9375860,0.021824542433023453
1781098894.1016707,9377272,0.021587442606687546
1781098897.1003098,9378287,0.015681061893701553
1781098901.6689308,9379821,0.04920116439461708
1781098904.9456074,9381028,0.01049064937978983
1781098908.615402,9382790,0.013483294285833836
1781098909.6178954,9383284,0.03180093690752983
1781098911.4635847,9384152,0.006942985579371452
1781098915.1676571,9385947,0.03321332484483719
1781098918.9542804,9387720,0.00997043028473854
1781098921.4856756,9389394,0.005142523907124996
1781098922.5684028,9389902,0.005285373888909817
1781098925.391062,9391176,0.0383855365216732
1781098927.9573877,9392410,0.022529585286974907
1781098930.9932888,9393998,0.030121825635433197
1781098933.3582551,9395238,0.019543416798114777
1781098933.7855372,9395458,0.012108276598155499
1781098937.0221934,9397061,0.026632875204086304
1781098940.5446527,9398856,0.006588662974536419
1781098952.2914171,9400000,0.00922301784157753
1781098953.4830108,9400606,0.02109561115503311
1781098956.2615433,9402011,0.0192242544144392
1781098958.2942183,9403027,0.017195966094732285
1781098959.5210752,9403648,0.13128811120986938
1781098961.030742,9404425,0.015264180488884449
1781098965.052076,9406497,0.0675739124417305
1781098967.777702,9407953,0.06488344073295593
1781098969.617951,9408929,0.03653743863105774
1781098971.596486,9409947,0.015318688005208969
1781098973.6004512,9410944,0.02933267503976822
1781098977.2773087,9412836,0.04673163592815399
1781098980.2044823,9414300,0.1507904827594757
1781098982.0943086,9415292,0.07264552265405655
1781098982.946879,9416176,0.08711656183004379
1781098986.2580223,9417858,0.09269984066486359
1781098989.5867035,9419579,0.07600811123847961
1781098992.967541,9421297,0.015464052557945251
1781098994.5349364,9422096,0.1354958415031433
1781098995.8049316,9422749,0.026691976934671402
1781098998.4904988,9424114,0.1816759556531906
1781099011.8964279,9425000,0.03179224953055382
1781099012.1386337,9425078,0.03547615930438042
1781099015.078399,9426436,0.02495938539505005
1781099018.9495451,9427788,0.024003837257623672
1781099022.4885836,9429027,0.013208976946771145
1781099025.6750822,9430456,0.11152935773134232
1781099029.1513062,9432277,0.013397248461842537
1781099032.3246663,9433614,0.025281377136707306
1781099035.060792,9434988,0.01681232452392578
1781099037.4417067,9435898,0.03507743775844574
1781099039.9585214,9437072,0.034156572073698044
1781099044.603412,9439451,0.012812459841370583
1781099045.896966,9440111,0.03530269116163254
1781099047.228436,9441259,0.025326013565063477
1781099049.672871,9442502,0.05333317443728447
1781099052.7687054,9444081,0.00831615924835205
1781099055.928362,9445690,0.007550507318228483
1781099058.0648732,9446792,0.012445645406842232
1781099058.9042583,9447210,0.05583523213863373
1781099063.1038244,9449234,0.014162595383822918
1781099074.4433072,9450000,0.046585649251937866
1781099076.333152,9450933,0.016591647639870644
1781099077.848446,9452127,0.045561306178569794
1781099081.7564375,9454148,0.08324211090803146
1781099083.5196655,9455045,0.042191676795482635
1781099084.9179676,9455756,0.016242174431681633
1781099088.5337317,9457598,0.02586536854505539
1781099091.8996816,9459340,0.01662340760231018
1781099093.985889,9460412,0.04980206862092018
1781099095.1518874,9460949,0.019526898860931396
1781099098.1239727,9462290,0.0161843653768301
1781099100.9301999,9463588,0.012541517615318298
1781099102.452464,9464356,0.015626918524503708
1781099106.3898075,9466342,0.03676041215658188
1781099107.220491,9466745,0.00930468738079071
1781099109.4578466,9467827,0.0686262771487236
1781099111.260126,9469192,0.0234946608543396
1781099113.4445462,9470219,0.005697418004274368
1781099116.858996,9471756,0.1115565299987793
1781099120.0263486,9473237,0.012096232734620571
1781099123.008624,9474703,0.02548159845173359
1781099137.7615216,9475000,0.02163260616362095
1781099140.9590766,9476397,0.06299064308404922
1781099141.9177694,9477355,0.03208749368786812
1781099144.8280315,9478801,0.01846044883131981
1781099147.6137183,9480181,0.0422196239233017
1781099149.0416887,9480865,0.016904201358556747
1781099151.9291646,9482366,0.01438113208860159
1781099154.178789,9483570,0.028493594378232956
1781099155.1331491,9484068,0.3234943151473999
1781099158.4724953,9485463,0.006598794367164373
1781099160.9976668,9486627,0.05939376354217529
1781099163.743189,9487944,0.061710573732852936
1781099167.3927972,9489691,0.02546149678528309
1781099170.5870795,9491132,0.015781166031956673
1781099173.2018304,9492702,0.019999748095870018
1781099173.4001253,9492794,0.02387358620762825
1781099176.7008972,9494335,0.02235286310315132
1781099178.3567204,9495135,0.022004498168826103
1781099181.0690978,9496439,0.07430058717727661
1781099182.8437252,9497075,0.012840178795158863
1781099188.207893,9498913,0.0115220807492733
1781099206.373176,9500000,0.013110999949276447
1781099208.4735167,9500751,0.02686164900660515
1781099211.5797324,9501861,0.0597880482673645
1781099217.117546,9504008,0.08908048272132874
1781099218.3830774,9504515,0.035446152091026306
1781099221.2642398,9505908,0.017188169062137604
1781099224.2376454,9507376,0.06420555710792542
1781099225.472495,9507957,0.044269461184740067
1781099228.3258898,9509297,0.011888572946190834
1781099231.4312568,9510550,0.011914469301700592
1781099233.2652678,9511344,0.011659716255962849
1781099236.8540828,9513071,0.005340375006198883
1781099239.2186787,9513973,0.05414261668920517
1781099243.2295961,9515304,0.08148668706417084
1781099245.6355238,9516124,0.020484179258346558
1781099248.7780125,9517197,0.03258563205599785
1781099251.9103975,9518377,0.05261305347084999
1781099255.6780398,9519794,0.01044328324496746
1781099259.7448459,9521201,0.10951951146125793
1781099261.7353032,9521903,0.0152385663241148
1781099264.9925494,9523160,0.0356532484292984
1781099268.2558348,9524782,0.04735798016190529
1781099282.1465116,9525000,0.02155783772468567
1781099284.0392535,9525698,0.17049412429332733
1781099287.768596,9526948,0.02434159256517887
1781099292.1444197,9528478,0.037676405161619186
1781099294.0264456,9529178,0.02760762721300125
1781099297.9449992,9530677,0.06417284160852432
1781099299.1223114,9531416,0.022574426606297493
1781099302.7259257,9532665,0.04002257436513901
1781099305.8465922,9533756,0.01307016983628273
1781099308.5241132,9534735,0.04080390930175781
1781099311.4364047,9535868,0.014789074659347534
1781099313.215963,9536559,0.032976455986499786
1781099316.68905,9537839,0.03549763560295105
1781099321.4403107,9539534,0.02900746464729309
1781099323.2000659,9540134,0.022788874804973602
1781099327.9711995,9541826,0.024081261828541756
1781099330.3956993,9543089,0.019436940550804138
1781099332.9621394,9544051,0.033257223665714264
1781099335.362036,9544890,0.009720216505229473
1781099339.06586,9546221,0.032900579273700714
1781099344.0409086,9547966,0.017771393060684204
1781099347.3593283,9549058,0.12442339956760406
1781099348.2109246,9549362,0.02957233414053917
1781099360.3716996,9550000,0.017554838210344315
1781099362.2131336,9550822,0.036769624799489975
1781099364.8689225,9552197,0.03229901194572449
1781099368.178931,9553483,0.020204804837703705
1781099371.662746,9555194,0.0486668199300766
1781099374.1981437,9556462,0.044620975852012634
1781099377.5886774,9558109,0.036360908299684525
1781099381.0407774,9559674,0.031486980617046356
1781099384.951035,9561219,0.08824657648801804
1781099388.5937936,9562843,0.021956728771328926
1781099391.0017107,9563678,0.024256054311990738
1781099393.960984,9565038,0.03489002585411072
1781099395.4427266,9565551,0.08316650986671448
1781099400.3787937,9567325,0.03311433643102646
1781099405.9845371,9569241,0.019533280283212662
1781099408.7712586,9570214,0.03180317580699921
1781099413.3664865,9571819,0.04541592299938202
1781099414.2888184,9572141,0.01662183180451393
1781099418.277266,9573545,0.027597807347774506
1781099436.4415596,9575000,0.09753535687923431
1781099437.0565648,9575222,0.012560873292386532
1781099440.56353,9576469,0.02035580202937126
1781099443.0289335,9577350,0.012874921783804893
1781099448.0031648,9579097,0.015286932699382305
1781099451.7024205,9580392,0.09140723943710327
1781099454.9272177,9581532,0.026237456128001213
1781099458.4263585,9583137,0.016644015908241272
1781099462.438793,9584539,0.022837117314338684
1781099465.1570873,9585476,0.02441190555691719
1781099468.4132183,9586602,0.02009749226272106
1781099472.663234,9588099,0.015922123566269875
1781099476.8315287,9589580,0.09070753306150436
1781099479.9763517,9590689,0.016423119232058525
1781099482.6691504,9591627,0.02531697228550911
1781099486.79328,9593063,0.015050312504172325
1781099489.2761853,9594257,0.016452066600322723
1781099493.3575428,9595682,0.06191811338067055
1781099497.0587044,9596959,0.016626324504613876
1781099497.4114625,9597082,0.017773428931832314
1781099500.7898967,9598260,0.06299024075269699
1781099519.5276184,9600000,0.0385403148829937
1781099520.2494812,9600250,0.009385105222463608
1781099522.7975965,9601463,0.016416676342487335
1781099524.2372997,9601969,0.007717874366790056
1781099527.4747434,9603094,0.01744803972542286
1781099531.9194558,9604653,0.04366299510002136
1781099536.6310844,9606318,0.006093798670917749
1781099538.6649685,9607029,0.008810898289084435
1781099542.5119495,9608387,0.12969602644443512
1781099544.2251954,9608999,0.032777924090623856
1781099546.0406868,9609650,0.02442750334739685
1781099550.6216345,9611260,0.03318554908037186
1781099553.751493,9612683,0.056722383946180344
1781099557.234788,9613965,0.021158728748559952
1781099561.6837044,9615451,0.010782434605062008
1781099567.7197254,9617529,0.01997583545744419
1781099572.8515072,9619309,0.049284182488918304
1781099577.9979553,9621014,0.09621364623308182
1781099580.3783553,9621891,0.07017072290182114
1781099581.7091734,9622348,0.013479156419634819
1781099585.5497854,9623999,0.0296952985227108
1781099604.557306,9625000,0.01138928160071373
1781099604.8345547,9625082,0.030643707141280174
1781099609.6365128,9626803,0.010796102695167065
1781099612.8377361,9627878,0.023705236613750458
1781099614.6811771,9628842,0.016694732010364532
1781099618.2834897,9630389,0.01021855790168047
1781099620.0957644,9631275,0.011888919398188591
1781099622.1963482,9632321,0.025848988443613052
1781099625.3383865,9633856,0.0204751156270504
1781099627.6860018,9634868,0.02385266125202179
1781099630.9712472,9636356,0.035205673426389694
1781099633.4766245,9637576,0.025224195793271065
1781099636.9580152,9639182,0.03205625340342522
1781099640.0035121,9640567,0.01921825483441353
1781099641.367337,9641234,0.011577104218304157
1781099644.8689542,9642959,0.009972423315048218
1781099647.0069056,9644536,0.027821920812129974
1781099650.6463661,9646420,0.011096196249127388
1781099650.99114,9646587,0.021145183593034744
1781099653.5235128,9647806,0.01709418185055256
1781099657.1854792,9649551,0.014810970984399319
1781099671.3822305,9650000,0.043993331491947174
1781099673.4094834,9650985,0.015718255192041397
1781099674.6595345,9651576,0.010665267705917358
1781099679.3147151,9654197,0.06256059557199478
1781099679.9510405,9654498,0.01821848750114441
1781099683.4564283,9656261,0.015785135328769684
1781099685.524897,9657288,0.019968301057815552
1781099691.209622,9659989,0.08328995108604431
1781099691.8056571,9660260,0.022816654294729233
1781099694.9372535,9661746,0.017672469839453697
1781099697.985364,9663151,0.0922200158238411
1781099702.6326203,9665222,0.013818228617310524
1781099704.14396,9665725,0.01181942131370306
1781099708.5978608,9667226,0.011721917428076267
1781099711.0676053,9668507,0.014890373684465885
1781099716.673133,9670363,0.03817708417773247
1781099719.3628383,9671332,0.01435994915664196
1781099723.6309576,9672952,0.018933499231934547
1781099726.978522,9674172,0.12508390843868256
1781099728.7600415,9674831,0.15808174014091492
1781099745.1085215,9675000,0.008398217149078846
1781099748.747025,9676390,0.006102061830461025
1781099753.0239403,9678032,0.025432996451854706
1781099756.3439033,9679213,0.012687627226114273
1781099761.8041384,9681358,0.01700574718415737
1781099762.0064368,9681450,0.051823690533638
1781099765.2861617,9682968,0.010456487536430359
1781099767.5154848,9683991,0.016570286825299263
1781099771.1294367,9685667,0.1674247533082962
1781099772.482214,9686759,0.014853298664093018
1781099775.1216602,9688054,0.014537657611072063
1781099777.4110944,9689186,0.011590450070798397
1781099780.9008,9690878,0.04008566588163376
1781099782.5977645,9691643,0.008460868149995804
1781099787.128199,9693812,0.0061285775154829025
1781099787.4439209,9693957,0.024057716131210327
1781099791.2157588,9695768,0.01859898492693901
1781099793.996523,9697126,0.009443370625376701
1781099794.974726,9697584,0.11579117923974991
1781099797.651309,9698787,0.08698712289333344
1781099807.921729,9700000,0.05888217315077782
1781099809.2894597,9700594,0.06372743099927902
1781099813.1692972,9702310,0.004770610481500626
1781099816.25719,9703739,0.07474932074546814
1781099818.604417,9704747,0.05832454934716225
1781099821.5019927,9706210,0.016866911202669144
1781099822.9913557,9706948,0.00702020525932312
1781099826.1535697,9708507,0.005888030864298344
1781099828.9467788,9709911,0.009704332798719406
1781099832.133122,9711524,0.024503711611032486
1781099832.3689828,9711640,0.02786598727107048
1781099835.9559827,9713149,0.011576518416404724
1781099836.3977702,9713749,0.042432285845279694
1781099839.9152458,9715382,0.0338265597820282
1781099842.4579387,9716635,0.019305959343910217
1781099843.4016373,9717089,0.27502745389938354
1781099844.9125311,9717838,0.03591013327240944
1781099847.9486456,9719279,0.006450951565057039
1781099851.3411062,9720904,0.041990477591753006
1781099852.943433,9721665,0.018856976181268692
1781099855.5898283,9722964,0.009600579738616943
1781099857.7725203,9723985,0.011160427704453468
1781099872.4940248,9725000,0.008860189467668533
1781099875.4022791,9725932,0.22057099640369415
1781099880.0306616,9727645,0.09003165364265442
1781099883.3155947,9728822,0.009557369165122509
1781099887.8034463,9730392,0.0272251907736063
1781099891.1911173,9731630,0.04435894638299942
1781099894.669143,9733132,0.08292030543088913
1781099897.5139668,9734289,0.04701725393533707
1781099901.9326346,9736448,0.021136557683348656
1781099902.411641,9736610,0.1218431368470192
1781099906.090423,9738033,0.014092893339693546
1781099909.2534015,9739665,0.020599111914634705
1781099912.0101738,9741080,0.027233589440584183
1781099913.4862049,9741714,0.02979966625571251
1781099916.70738,9743314,0.008084292523562908
1781099919.371788,9744558,0.010023299604654312
1781099921.7166095,9745776,0.037573978304862976
1781099925.5117896,9747737,0.015063626691699028
1781099927.8052208,9748943,0.23175083100795746
1781099929.0134723,9749498,0.013996995985507965
1781099938.9146874,9750000,0.014832455664873123
1781099939.3755126,9750226,0.006287039257586002
1781099942.8146994,9751983,0.023298978805541992
1781099945.0688612,9753096,0.044787317514419556
1781099945.9123003,9753526,0.02203213982284069
1781099949.557692,9755324,0.0321858786046505
1781099950.1999032,9755608,0.010543144308030605
1781099954.6734643,9757561,0.005871848668903112
1781099957.1351035,9758778,0.2329498529434204
1781099958.4937215,9759501,0.01767478883266449
1781099960.7300694,9760701,0.023176733404397964
1781099962.473495,9762086,0.014427460730075836
1781099966.1530478,9763932,0.016007963567972183
1781099969.38014,9765597,0.04195017367601395
1781099973.153805,9767626,0.05189443379640579
1781099975.6062331,9768845,0.009626025334000587
1781099976.3378015,9769213,0.031095344573259354
1781099978.6010327,9770307,0.015392493456602097
1781099982.382115,9772106,0.021891677752137184
1781099984.835752,9773222,0.02825218252837658
1781099999.981534,9775000,0.016375716775655746
1781100000.0948875,9775033,0.015032066032290459
1781100002.1185055,9775692,0.02686968445777893
1781100003.9973865,9776509,0.029772503301501274
1781100006.6132207,9777648,0.12085812538862228
1781100009.7291465,9779086,0.01870177499949932
1781100011.745349,9780016,0.018369369208812714
1781100013.916614,9780997,0.01951444521546364
1781100018.48298,9782938,0.02727721631526947
1781100019.2914283,9783347,0.04015287384390831
1781100022.0675685,9784707,0.1427459865808487
1781100024.6493032,9785953,0.02784665860235691
1781100026.3273861,9787155,0.020183127373456955
1781100031.3264287,9789189,0.01157243549823761
1781100034.2706823,9790217,0.009753499180078506
1781100038.4081528,9792059,0.05654790997505188
1781100040.5591707,9793166,0.07248751819133759
1781100041.3520756,9793538,0.10507124662399292
1781100045.1871676,9794983,0.017703229561448097
1781100048.9421325,9796263,0.015791114419698715
1781100054.078555,9798153,0.03180881589651108
1781100056.3692853,9799395,0.019673602655529976
1781100070.6520956,9800000,0.08409349620342255
1781100071.9755805,9800502,0.1598958671092987
1781100075.2988746,9801620,0.01629696600139141
1781100079.0654001,9802875,0.024393144994974136
1781100080.6290252,9803394,0.016761373728513718
1781100085.3359919,9805222,0.016245394945144653
1781100087.7293081,9806481,0.03255116194486618
1781100093.1347356,9808427,0.01762613281607628
1781100097.22774,9810009,0.040718913078308105
1781100098.3496528,9810440,0.019042467698454857
1781100101.981149,9811848,0.014845100231468678
1781100106.1437614,9813343,0.043701592832803726
1781100108.972238,9814346,0.020871601998806
1781100110.9808211,9815076,0.011454789899289608
1781100112.9514325,9815803,0.032247330993413925
1781100117.474265,9817661,0.009422585368156433
1781100119.380114,9818946,0.012290239334106445
1781100122.5357149,9820438,0.025543253868818283
1781100125.1000106,9821703,0.023164549842476845
1781100125.804759,9822041,0.013107828795909882
1781100129.5519795,9823894,0.03556203842163086
1781100129.842942,9824040,0.05087245628237724
1781100145.2492385,9825000,0.036382295191287994
1781100147.1596727,9825662,0.016079669818282127
1781100151.6297011,9827280,0.022909250110387802
1781100151.8132768,9827725,0.021063635125756264
1781100156.6434371,9829612,0.04863441362977028
1781100158.9125206,9830392,0.07805789262056351
1781100161.2059095,9831218,0.07074536383152008
1781100165.7752087,9832909,0.0028758314438164234
1781100169.064277,9834206,0.021392296999692917
1781100170.72269,9834859,0.02699720300734043
1781100173.7807739,9835964,0.009391268715262413
1781100178.3472474,9837558,0.005675492808222771
1781100181.7753093,9838841,0.042907390743494034
1781100185.246473,9840546,0.04360578581690788
1781100186.968604,9841178,0.10880602151155472
1781100189.4738972,9842049,0.007474676240235567
1781100192.9313927,9843317,0.022317055612802505
1781100195.7206779,9844397,0.17277269065380096
1781100201.1663184,9846414,0.014285723678767681
1781100205.5740912,9847948,0.024690210819244385
1781100210.1011517,9849678,0.0241412241011858
1781100223.1711931,9850000,0.046763185411691666
1781100224.8603306,9850645,0.0459180511534214
1781100229.7312565,9852459,0.032172366976737976
1781100234.1051154,9853985,0.05077075958251953
1781100237.4664416,9855247,0.022914733737707138
1781100238.699521,9855712,0.03792624548077583
1781100243.9833884,9857700,0.01290493831038475
1781100246.957006,9859053,0.10069378465414047
1781100249.007257,9859769,0.016151269897818565
1781100250.9294214,9860457,0.031900350004434586
1781100254.2308555,9861721,0.03451913222670555
1781100257.6903245,9863056,0.08265473693609238
1781100262.991248,9864867,0.013982627540826797
1781100265.959015,9865923,0.023937854915857315
1781100268.4956858,9866911,0.020802419632673264
1781100271.0619948,9867910,0.03655282407999039
1781100275.8993132,9869605,0.008454994298517704
1781100279.29995,9871093,0.04616652429103851
1781100283.4594655,9872731,0.016245679929852486
1781100285.9344745,9873686,0.013464568182826042
1781100288.8598866,9874710,0.00889243371784687
1781100304.995659,9875000,0.011310971342027187
1781100308.719637,9876224,0.046964019536972046
1781100311.2684414,9877533,0.0693320631980896
1781100315.3170989,9879061,0.012684516608715057
1781100319.2498207,9880377,0.043544888496398926
1781100319.532031,9880469,0.010532747954130173
1781100323.491679,9881861,0.019487496465444565
1781100328.08458,9883642,0.007115903310477734
1781100329.853556,9884250,0.015067731030285358
1781100336.9950726,9886683,0.015216692350804806
1781100339.693884,9887650,0.0184008851647377
1781100343.1556563,9889581,0.010769413784146309
1781100345.1219234,9890455,0.03175875172019005
1781100349.4295022,9892320,0.013980885036289692
1781100350.9071398,9893004,0.26379451155662537
1781100353.6609802,9894455,0.014880090951919556
1781100357.008988,9896159,0.020485857501626015
1781100359.502205,9897429,0.042309775948524475
1781100362.8553703,9899082,0.006794350687414408
1781100375.6056557,9900000,0.12383762747049332
1781100376.0035233,9900151,0.034118153154850006
1781100379.3921502,9901459,0.006860741414129734
1781100383.9006057,9903134,0.01720816269516945
1781100387.7549918,9904384,0.04694122448563576
1781100390.688596,9905417,0.022772330790758133
1781100393.8377445,9906633,0.00893911998718977
1781100397.2659767,9907970,0.012857092544436455
1781100399.4994245,9908796,0.027978353202342987
1781100403.5121562,9910407,0.03701566904783249
1781100403.8403983,9910837,0.012549960985779762
1781100407.1806357,9912113,0.0471048466861248
1781100409.2087288,9913083,0.07914641499519348
1781100411.7587698,9914326,0.01351106632500887
1781100414.6464314,9915731,0.013909396715462208
1781100417.93044,9917325,0.014311336912214756
1781100418.566807,9917636,0.05791255459189415
1781100420.8484924,9918705,0.012770399451255798
1781100424.210592,9920053,0.028811097145080566
1781100427.9563835,9921333,0.024394843727350235
1781100431.270108,9922707,0.025301765650510788
1781100432.9099672,9923422,0.037345416843891144
1781100435.2089703,9924345,0.012951076030731201
1781100448.395853,9925000,0.030263684689998627
1781100452.021201,9926274,0.016897793859243393
1781100457.6491563,9928198,0.013420827686786652
1781100459.804478,9929083,0.01634468324482441
1781100461.2544594,9929763,0.017597731202840805
1781100463.8405335,9931079,0.01851954311132431
1781100467.0099437,9932756,0.02994384802877903
1781100469.5098035,9934517,0.005883358418941498
1781100471.620735,9935523,0.056493379175662994
1781100473.7769237,9936501,0.02946176752448082
1781100475.7928011,9937540,0.06631641089916229
1781100478.3504074,9938858,0.010123894549906254
1781100479.4675488,9939436,0.018352840095758438
1781100480.4367259,9939929,0.041132137179374695
1781100483.198548,9941345,0.2660922110080719
1781100485.8654704,9942726,0.012134559452533722
1781100487.3647685,9943489,0.02647695131599903
1781100490.0700068,9944762,0.0259803868830204
1781100493.1740324,9946341,0.03195060044527054
1781100495.9501424,9947564,0.017865166068077087
1781100497.9714355,9948554,0.08911499381065369
1781100512.505048,9950000,0.01102127693593502
1781100513.0990586,9950234,0.05578268691897392
1781100514.6610696,9950869,0.015000028535723686
1781100517.5409572,9952139,0.06173773854970932
1781100520.7415867,9953478,0.028280911967158318
1781100522.952249,9954448,0.019608214497566223
1781100527.2227712,9956295,0.06340204179286957
1781100530.192214,9958088,0.033911511301994324
1781100533.2012885,9959544,0.049570851027965546
1781100535.058004,9960461,0.03266124427318573
1781100536.1403768,9961037,0.028037704527378082
1781100539.998704,9962768,0.017145168036222458
1781100542.9768877,9964133,0.02408238686621189
1781100544.5579743,9964913,0.03769473358988762
1781100549.2764943,9967044,0.009238539263606071
1781100549.4854243,9967134,0.04174605384469032
1781100553.814024,9969128,0.03493252769112587
1781100556.3085053,9970245,0.015596652403473854
1781100561.3403695,9972601,0.0074268365278840065
1781100563.272907,9973390,0.01970028690993786
1781100564.737554,9974096,0.018788974732160568
1781100576.7215917,9975000,0.02535906992852688
1781100576.91551,9975092,0.02222360670566559
1781100578.5375586,9975822,0.01278357021510601
1781100582.207773,9977652,0.03350919857621193
1781100587.0500517,9979956,0.020788567140698433
1781100588.7358716,9980754,0.026900675147771835
1781100590.8135674,9981742,0.020356155931949615
1781100593.0652194,9983224,0.04933677986264229
1781100594.3017397,9983808,0.036686696112155914
1781100597.5951676,9985324,0.021580126136541367
1781100599.178462,9986025,0.006910989992320538
1781100601.0699437,9986863,0.021511178463697433
1781100604.916546,9988729,0.17592212557792664
1781100605.8415222,9989183,0.021403003484010696
1781100608.7441943,9990507,0.007280185353010893
1781100611.714015,9991812,0.009889133274555206
1781100614.7373927,9993271,0.01806129328906536
1781100618.294006,9994963,0.023091761395335197
1781100621.3157208,9996424,0.03989531099796295
1781100621.8783476,9996688,0.010756043717265129
1781100624.7705984,9998135,0.019456326961517334
1781100627.3896914,9999961,0.03299514576792717
1781100643.9131417,10000000,0.1696309894323349
