#{"t_start": 1781071071.864104, "env_id": "BreakoutNoFrameskip-v4"}
r,l,t
1.0,683,1.592953
2.0,808,1.70258
3.0,1030,1.836728
0.0,515,1.904434
1.0,697,1.995303
1.0,632,2.080115
0.0,529,2.197864
0.0,523,2.2651
3.0,1023,2.397534
2.0,898,2.51231
0.0,535,2.582644
5.0,1346,2.759166
2.0,900,2.88275
1.0,644,2.963327
0.0,525,3.035179
0.0,537,3.10371
0.0,518,3.175776
1.0,710,3.273698
7.0,1310,3.450258
3.0,1108,3.601353
0.0,515,3.671117
0.0,541,3.747044
1.0,639,3.832601
0.0,533,3.913513
0.0,517,3.9898
4.0,1313,4.179646
5.0,1328,4.364635
0.0,521,4.438038
1.0,698,4.537481
0.0,513,4.608751
1.0,619,4.693799
0.0,534,4.77015
1.0,723,4.866032
0.0,521,4.937746
0.0,511,5.007424
2.0,820,5.123547
0.0,523,5.194892
2.0,818,5.304846
0.0,494,5.373045
2.0,826,5.48763
0.0,537,5.562823
2.0,829,5.673299
0.0,519,5.745108
0.0,516,5.818304
1.0,628,5.904877
0.0,529,5.98072
0.0,522,6.05063
2.0,890,6.171587
4.0,1214,6.345855
1.0,717,6.446445
2.0,902,6.568837
0.0,536,6.643676
0.0,508,6.71066
1.0,714,6.813054
5.0,1306,6.991085
2.0,804,7.10401
1.0,693,7.205689
0.0,508,7.27169
5.0,1331,7.458174
2.0,814,7.563838
0.0,498,7.634502
0.0,532,7.714297
4.0,1205,7.883344
1.0,621,7.965514
1.0,710,8.069451
0.0,542,8.145314
1.0,630,8.231684
1.0,646,8.322193
1.0,720,8.424103
1.0,724,8.531318
0.0,539,8.599991
0.0,515,8.668274
1.0,717,8.761778
0.0,498,8.826303
0.0,528,8.898517
1.0,639,8.984885
1.0,705,9.083338
0.0,520,9.1499
1.0,704,9.245306
1.0,636,9.330811
2.0,810,9.437427
2.0,749,9.537603
1.0,643,9.619902
1.0,641,9.702446
0.0,527,9.771277
0.0,504,9.843328
4.0,1200,9.999269
2.0,812,10.109448
0.0,528,10.184289
0.0,519,10.255384
2.0,917,10.374426
3.0,1108,10.52052
0.0,519,10.59192
0.0,516,10.664897
0.0,520,10.732437
0.0,517,10.798755
1.0,709,10.890431
2.0,736,10.990409
1.0,720,11.085075
0.0,528,11.15662
3.0,1021,11.308921
0.0,516,11.380179
1.0,716,11.483325
0.0,528,11.563611
21.0,1955,11.840819
1.0,643,11.929802
1.0,695,12.019681
0.0,517,12.09397
3.0,1016,12.228298
4.0,1214,12.398867
0.0,524,12.466892
0.0,510,12.532823
3.0,942,12.653089
2.0,826,12.757531
1.0,637,12.839531
0.0,521,12.909227
3.0,941,13.030316
0.0,536,13.103899
7.0,1718,13.333154
0.0,522,13.402153
0.0,519,13.47072
3.0,935,13.596811
0.0,509,13.668967
3.0,950,13.795433
3.0,1013,13.926208
1.0,713,14.019559
4.0,1210,14.180859
0.0,523,14.251897
0.0,537,14.32971
2.0,880,14.453784
0.0,516,14.527302
1.0,719,13.755694
0.0,520,13.83446
3.0,950,13.97312
2.0,900,14.093353
2.0,814,14.203545
1.0,618,14.287515
0.0,513,14.362451
0.0,521,14.441823
0.0,513,14.526526
2.0,822,14.646224
3.0,1020,14.788863
2.0,813,14.905498
1.0,705,15.002404
1.0,704,15.102689
3.0,1115,15.263642
0.0,524,15.339577
0.0,499,15.413521
1.0,627,15.506224
0.0,532,15.582755
2.0,840,15.702574
1.0,688,15.796086
2.0,818,17.06409
2.0,802,17.171434
1.0,636,17.263855
0.0,523,17.342337
4.0,1160,17.50114
3.0,942,17.623853
0.0,527,17.692677
0.0,518,17.762385
2.0,822,17.879903
1.0,694,17.981528
1.0,627,18.068203
0.0,517,18.147072
2.0,896,18.271629
5.0,1318,18.465502
0.0,533,18.546439
5.0,1412,18.746355
2.0,901,18.87041
1.0,619,18.962126
4.0,1209,19.129603
2.0,826,19.242849
3.0,1002,19.412523
5.0,1234,19.607737
5.0,1406,19.818714
3.0,1096,19.983061
0.0,511,20.06459
0.0,529,20.14749
1.0,631,20.242516
1.0,728,20.344873
0.0,523,20.426001
2.0,826,20.550612
0.0,520,20.630986
4.0,1212,20.811518
5.0,1407,21.003846
0.0,507,21.071373
9.0,1536,21.287897
1.0,717,21.385196
2.0,897,21.50263
2.0,817,21.612909
1.0,702,21.713124
2.0,821,21.819564
3.0,1016,21.962279
2.0,912,22.091533
1.0,721,22.186129
1.0,612,22.27048
1.0,714,22.363304
2.0,907,22.488819
1.0,631,22.570149
3.0,949,22.700853
2.0,841,22.811224
0.0,529,22.882402
2.0,826,22.990735
1.0,716,23.091467
0.0,535,23.162594
1.0,647,23.245778
0.0,529,23.318699
6.0,1442,23.505317
7.0,1340,23.691494
2.0,784,23.79907
0.0,532,23.869429
1.0,627,23.957103
2.0,818,24.064319
0.0,510,24.13276
0.0,531,24.201259
1.0,632,24.290979
3.0,986,24.419797
0.0,537,24.490045
1.0,645,24.578345
3.0,967,24.708997
1.0,714,24.805069
3.0,1078,24.946844
2.0,735,25.044084
0.0,517,25.114527
0.0,543,25.184397
3.0,939,25.308034
0.0,523,25.3744
2.0,731,25.470754
2.0,809,25.584898
1.0,692,25.677479
0.0,533,25.753359
3.0,1082,25.902586
1.0,637,25.99496
0.0,533,26.069744
1.0,727,26.174357
4.0,1204,26.336221
6.0,1573,26.548838
2.0,928,26.67227
2.0,837,26.791669
0.0,535,26.861521
0.0,535,26.931839
2.0,908,27.054417
1.0,704,27.152375
0.0,511,27.22484
0.0,517,27.299405
2.0,811,27.413441
3.0,1028,27.554252
0.0,513,27.630885
1.0,622,27.722818
2.0,823,27.831752
0.0,539,27.901669
0.0,519,27.972888
0.0,532,28.043599
2.0,886,28.169962
3.0,1004,28.303813
1.0,655,28.399694
6.0,1293,28.576381
0.0,528,28.649791
1.0,648,28.743493
1.0,714,28.845287
1.0,629,28.933585
0.0,524,29.010611
2.0,901,29.137175
3.0,1112,29.279627
2.0,822,29.391515
2.0,822,29.501274
2.0,834,29.619988
0.0,513,29.690644
2.0,905,29.812762
0.0,515,29.887888
2.0,907,30.012307
0.0,525,30.082275
2.0,817,30.199404
0.0,508,30.272885
1.0,706,30.367358
0.0,520,30.44085
0.0,515,30.514964
4.0,1198,30.676736
2.0,814,30.790721
0.0,495,30.861826
0.0,532,30.935121
0.0,493,31.008061
2.0,888,31.128794
1.0,711,31.221778
0.0,508,31.288319
0.0,520,31.35583
0.0,507,31.42179
0.0,514,31.487747
1.0,707,31.578498
2.0,810,31.683543
0.0,514,31.752552
0.0,511,31.821213
3.0,1106,31.97413
1.0,699,32.065386
2.0,799,32.629308
0.0,530,32.696626
0.0,537,32.767946
1.0,708,32.859028
0.0,527,32.930961
1.0,716,33.021564
2.0,813,33.131906
0.0,525,33.204229
0.0,520,33.276367
0.0,533,33.349219
0.0,512,33.415128
0.0,509,33.486782
2.0,888,33.60146
8.0,1509,33.796382
1.0,708,33.897326
0.0,509,33.962097
3.0,947,34.09009
3.0,947,34.213358
0.0,533,34.289336
3.0,1106,34.429945
0.0,517,34.496481
0.0,527,34.563671
5.0,1400,34.742704
0.0,516,34.809254
2.0,826,34.918486
0.0,512,34.985456
2.0,920,35.103436
1.0,705,35.193808
0.0,516,35.26045
3.0,1016,35.388958
8.0,1430,35.578543
2.0,828,35.685376
0.0,521,35.752721
1.0,653,35.835295
0.0,521,35.903065
3.0,1086,36.043721
0.0,541,36.113436
0.0,531,36.182383
2.0,906,36.299337
1.0,663,36.385845
0.0,520,36.454381
0.0,509,36.52127
0.0,508,36.590496
1.0,633,36.678552
0.0,528,36.74727
3.0,1104,36.887311
1.0,628,36.968272
0.0,533,37.036809
1.0,700,37.129989
3.0,1008,37.26562
1.0,626,37.353245
0.0,529,37.420977
0.0,533,37.494279
0.0,533,37.566849
2.0,898,37.68947
5.0,1434,37.886324
2.0,802,37.990779
3.0,984,38.123258
0.0,525,38.198318
1.0,706,38.299574
1.0,696,38.3963
3.0,950,38.530134
1.0,715,38.625849
2.0,760,38.733105
0.0,517,38.801353
0.0,520,38.87458
3.0,1000,39.008843
2.0,806,39.122235
2.0,822,39.228206
0.0,514,39.295013
1.0,649,39.390643
1.0,647,39.479727
2.0,830,39.587051
0.0,514,39.659039
0.0,508,39.734881
3.0,1089,39.874513
3.0,1092,40.018844
0.0,516,40.091849
3.0,1028,40.227129
0.0,515,40.299143
5.0,1331,40.480463
2.0,739,40.574152
0.0,516,40.648969
1.0,697,40.748153
2.0,891,40.872721
0.0,501,40.942713
1.0,707,41.043129
1.0,640,41.127747
0.0,528,41.197639
7.0,1738,41.430496
0.0,512,41.499553
1.0,640,41.582663
1.0,637,41.667132
0.0,516,41.739582
0.0,513,41.809867
0.0,519,41.883552
0.0,523,41.958984
1.0,715,42.057456
0.0,514,42.135163
0.0,527,42.211344
0.0,512,42.281524
1.0,707,42.379937
2.0,882,42.503022
1.0,697,42.604434
2.0,821,42.723173
0.0,509,42.796621
1.0,620,42.879242
1.0,637,42.969271
2.0,747,43.069024
2.0,805,43.170537
0.0,508,43.240031
2.0,848,43.348974
2.0,805,43.452837
4.0,1218,43.608258
1.0,714,43.701801
2.0,838,43.812259
0.0,512,43.883212
4.0,1228,44.045279
1.0,614,44.124747
4.0,1128,44.273134
0.0,539,44.345317
1.0,688,44.435071
0.0,524,44.512255
1.0,692,44.603408
0.0,523,44.670432
0.0,521,44.73646
2.0,822,44.841872
1.0,720,44.935715
2.0,902,45.052516
0.0,532,45.120137
0.0,508,45.18523
4.0,1199,45.336509
0.0,525,45.408785
1.0,627,45.491363
1.0,641,45.572714
2.0,900,45.689263
0.0,512,45.759828
0.0,532,45.83146
0.0,501,45.903242
8.0,1489,46.103159
2.0,886,46.217325
0.0,529,45.429799
1.0,722,45.521968
0.0,521,45.58801
1.0,708,45.68373
0.0,526,45.751323
2.0,800,45.856107
1.0,640,45.939634
3.0,1024,46.071971
1.0,713,46.167538
1.0,641,46.250407
0.0,535,46.318533
4.0,1298,46.483592
0.0,540,47.00403
2.0,849,47.11777
0.0,531,47.190112
3.0,988,47.323174
1.0,633,47.404228
0.0,526,47.47529
1.0,711,47.566821
1.0,704,47.65992
1.0,689,47.747653
1.0,706,47.841037
1.0,622,47.926068
2.0,895,48.052616
2.0,886,48.177769
2.0,818,48.292402
2.0,835,48.40737
1.0,712,48.505563
1.0,719,48.599063
0.0,499,48.671592
1.0,720,48.767998
2.0,911,48.894666
2.0,878,49.018021
0.0,540,49.095564
0.0,509,49.171015
0.0,531,49.241557
1.0,644,49.327374
2.0,740,49.426981
2.0,886,49.546521
3.0,1034,49.684582
0.0,535,49.757667
0.0,515,49.824255
2.0,835,49.940037
0.0,513,50.008042
0.0,536,50.080168
0.0,521,50.154813
1.0,615,50.234339
9.0,1640,50.457892
1.0,644,50.545504
4.0,1132,50.699866
2.0,823,50.810409
1.0,705,50.906113
0.0,519,50.980276
0.0,530,51.0579
6.0,1467,51.256957
0.0,532,51.328721
3.0,950,51.458585
2.0,851,51.576091
3.0,1009,51.716382
3.0,992,51.856355
1.0,637,51.939391
0.0,516,52.008961
2.0,911,52.128789
3.0,958,52.258431
1.0,655,52.346316
1.0,621,52.432313
2.0,822,52.546743
2.0,817,52.652461
0.0,521,52.722172
3.0,934,52.864176
0.0,505,52.930417
2.0,901,53.057466
0.0,523,53.1348
0.0,523,53.210538
0.0,536,53.285574
1.0,635,53.373372
0.0,540,53.442432
0.0,517,53.517374
0.0,526,53.592328
2.0,836,53.708738
4.0,1140,53.855522
1.0,623,53.936129
0.0,528,54.006407
2.0,897,54.121743
0.0,524,54.190299
7.0,1806,54.418366
1.0,647,54.505554
0.0,516,54.571859
1.0,639,54.65381
2.0,810,54.763461
1.0,712,54.853642
1.0,695,54.943334
1.0,716,55.033954
3.0,1106,55.178514
1.0,721,55.271465
2.0,825,55.383986
2.0,892,55.498828
2.0,838,55.606911
4.0,1218,55.769699
1.0,710,55.860824
0.0,517,55.929268
0.0,533,55.998836
0.0,529,56.06576
0.0,535,56.134675
3.0,1015,56.265396
0.0,533,56.333466
4.0,1285,56.516192
0.0,532,56.589324
2.0,900,56.708267
2.0,890,56.82708
1.0,723,56.921221
0.0,528,56.991755
0.0,513,57.064966
0.0,503,57.133876
2.0,761,57.231829
4.0,1291,57.406288
0.0,521,57.476343
3.0,1079,57.622601
2.0,818,57.739636
0.0,517,57.806554
0.0,534,57.875466
1.0,718,57.966838
1.0,697,58.05847
1.0,705,58.151424
3.0,1018,58.282627
0.0,528,58.350725
2.0,831,58.458572
1.0,646,58.545701
2.0,834,58.654322
3.0,955,58.780846
1.0,617,58.865407
2.0,829,58.970583
1.0,640,59.053185
1.0,693,59.144399
2.0,743,59.243571
0.0,516,59.311032
1.0,618,59.396891
2.0,886,59.516423
0.0,527,59.58371
5.0,1266,59.749686
1.0,623,59.838386
1.0,630,59.929705
0.0,537,60.004344
0.0,524,60.078047
0.0,515,60.151526
2.0,819,60.262529
2.0,890,60.384583
1.0,639,60.467299
0.0,515,60.537134
1.0,700,60.63695
1.0,712,60.733851
4.0,1124,60.889592
1.0,711,60.990541
1.0,713,61.090163
0.0,516,61.1627
2.0,806,61.27581
1.0,645,61.364506
1.0,723,61.486167
1.0,702,61.607533
0.0,519,61.679555
0.0,523,61.752311
0.0,519,61.826954
0.0,513,63.127838
1.0,715,63.461674
3.0,1118,64.03183
1.0,645,64.356473
1.0,715,64.709462
1.0,612,65.028576
0.0,536,65.272929
1.0,723,65.611403
0.0,529,65.860873
1.0,703,66.174308
2.0,930,66.606189
9.0,1636,67.379045
0.0,502,67.596763
0.0,532,67.826946
1.0,705,68.141353
2.0,772,68.480074
0.0,499,68.680774
8.0,1502,69.33994
1.0,647,69.621508
5.0,1322,70.210908
0.0,525,70.419551
4.0,1139,70.912773
0.0,535,71.128659
1.0,717,71.41806
4.0,1210,71.942769
1.0,621,72.217899
0.0,520,72.432103
2.0,806,72.781162
3.0,1030,73.24272
1.0,711,73.533046
1.0,690,73.808997
5.0,1253,74.41249
0.0,514,74.636829
0.0,512,74.87032
6.0,1522,75.62133
2.0,834,75.996418
3.0,1009,76.503632
8.0,1494,77.245353
0.0,523,77.493363
0.0,527,77.730848
2.0,918,77.246965
0.0,515,77.499081
0.0,521,77.745053
1.0,709,78.067291
0.0,530,78.313272
1.0,715,78.662032
1.0,696,78.98378
0.0,527,79.237064
3.0,1009,79.688401
0.0,527,79.940508
1.0,705,80.272655
0.0,524,80.494335
0.0,535,80.710709
0.0,521,80.935715
0.0,527,81.139221
0.0,515,81.384383
2.0,893,81.745804
2.0,911,82.140704
1.0,619,82.409775
4.0,1302,82.970649
0.0,529,83.186675
2.0,905,83.592436
0.0,508,83.821739
2.0,916,84.203765
1.0,697,84.514133
2.0,811,84.866659
1.0,693,85.167368
2.0,902,85.583295
0.0,504,85.800984
1.0,733,86.10595
1.0,644,86.382767
3.0,1108,86.870779
3.0,1004,87.324278
2.0,739,87.641187
0.0,518,87.876844
1.0,704,88.207216
2.0,914,88.628986
2.0,902,89.051176
0.0,526,89.292233
4.0,1283,89.903415
3.0,1074,90.431127
4.0,1198,91.018155
0.0,521,91.244247
1.0,707,91.561746
1.0,623,91.882046
0.0,527,92.125597
0.0,513,92.354774
1.0,654,92.640093
1.0,713,92.970493
0.0,529,93.210517
0.0,526,93.447679
0.0,525,93.687809
3.0,1003,94.187264
0.0,530,94.426015
2.0,843,94.836284
2.0,834,95.220939
3.0,1124,95.698009
3.0,1018,96.164645
0.0,517,96.399384
0.0,523,96.624059
0.0,523,96.837674
2.0,798,97.210743
0.0,512,97.417933
1.0,712,97.730371
1.0,624,98.017391
0.0,525,98.270325
3.0,1029,98.776928
4.0,1202,99.348958
2.0,814,99.706422
0.0,520,99.935585
1.0,695,100.259134
3.0,1013,100.716166
0.0,518,100.95653
3.0,1024,101.410584
1.0,637,101.68069
1.0,628,101.9816
0.0,533,102.224067
2.0,832,102.636765
0.0,528,102.875316
0.0,525,103.103732
2.0,760,103.444447
0.0,526,103.664438
0.0,501,103.847248
1.0,717,104.169433
1.0,629,104.445669
4.0,1293,105.060652
5.0,1405,105.701203
1.0,702,106.021806
0.0,528,106.248699
1.0,635,106.537141
0.0,523,106.763719
1.0,711,107.085458
0.0,529,107.337499
4.0,1138,107.933365
2.0,906,108.364032
1.0,627,108.650729
2.0,899,109.061086
0.0,529,109.328894
1.0,691,108.835275
1.0,694,109.156809
1.0,701,109.47824
0.0,509,109.705202
0.0,509,109.943124
0.0,541,110.177812
0.0,525,110.385739
4.0,1212,110.945326
0.0,541,111.166985
3.0,1019,112.347957
3.0,1118,112.863835
2.0,831,113.251397
1.0,679,113.579215
0.0,501,113.828319
1.0,645,114.10338
2.0,910,114.587662
2.0,818,114.992594
1.0,711,115.32869
0.0,523,115.57447
0.0,516,115.814752
1.0,629,116.136241
2.0,894,116.561628
1.0,722,116.896118
0.0,507,117.119792
0.0,504,117.368547
5.0,1426,118.072875
3.0,947,118.526102
0.0,539,118.742463
1.0,696,119.093745
1.0,726,119.408661
0.0,519,119.628284
2.0,887,120.022274
2.0,799,120.374752
0.0,508,120.602103
4.0,1193,121.16068
1.0,695,121.476048
1.0,712,121.824982
4.0,1184,122.340762
0.0,542,122.583468
2.0,821,122.964571
3.0,957,123.380638
0.0,516,123.589322
0.0,524,123.820228
0.0,512,124.03646
1.0,709,124.353847
0.0,543,124.58635
0.0,502,124.801579
0.0,533,125.04521
1.0,640,125.337869
3.0,1027,125.834959
3.0,1087,126.326509
0.0,528,126.558161
3.0,929,126.987953
0.0,536,127.196019
4.0,1079,127.682657
2.0,776,128.028759
0.0,521,128.264374
2.0,840,128.674148
4.0,1202,129.292461
2.0,894,129.760296
2.0,806,130.139096
2.0,780,130.507859
1.0,707,130.843933
3.0,1004,131.326918
0.0,529,131.591084
0.0,529,131.850096
0.0,520,132.083267
1.0,617,132.375153
0.0,520,132.629265
0.0,539,132.904251
2.0,806,133.305734
1.0,718,133.632256
5.0,1309,134.278615
0.0,527,134.520189
3.0,1108,135.079134
3.0,1026,135.591275
0.0,536,135.841389
4.0,1230,136.447507
0.0,519,136.667433
3.0,1034,137.127442
0.0,524,137.356288
2.0,818,137.714913
0.0,511,137.937447
0.0,527,138.175961
0.0,504,138.405433
0.0,525,138.63343
5.0,1307,139.253067
2.0,827,139.621476
0.0,527,139.860111
2.0,810,140.243404
4.0,1112,140.759916
0.0,515,141.024033
0.0,524,140.404846
0.0,535,140.643661
0.0,533,140.87808
4.0,1224,141.449183
2.0,768,141.804393
0.0,502,142.014285
2.0,745,142.363662
2.0,821,142.711743
0.0,509,142.938863
0.0,527,143.18709
0.0,536,143.457737
0.0,520,143.706394
0.0,515,143.952431
3.0,1020,144.447789
0.0,523,144.702228
0.0,514,144.933831
2.0,802,145.355614
0.0,515,145.618778
0.0,528,145.881349
2.0,747,146.230695
0.0,540,146.494634
4.0,1204,147.10152
2.0,813,147.471971
4.0,1296,148.140484
0.0,507,148.378106
0.0,539,148.629069
5.0,1406,149.367144
3.0,1008,149.865104
1.0,713,150.188457
0.0,524,150.430847
6.0,1452,151.170675
4.0,1208,151.723779
1.0,640,152.014871
0.0,499,152.251248
4.0,1182,152.788982
0.0,533,153.017652
0.0,521,153.240465
0.0,516,153.484962
1.0,621,153.739836
0.0,508,153.950907
0.0,524,154.164685
0.0,527,154.394804
0.0,527,154.644585
0.0,541,154.896458
0.0,541,155.131837
0.0,507,155.393144
1.0,697,155.714586
0.0,524,155.97713
1.0,636,156.314093
2.0,829,156.748724
2.0,832,157.178897
1.0,723,157.569495
2.0,849,157.978775
4.0,1206,158.59506
3.0,939,159.074629
0.0,501,159.325517
2.0,760,159.717283
3.0,1017,160.199534
0.0,519,160.463836
0.0,524,160.717627
2.0,809,161.135525
0.0,524,161.377918
2.0,834,161.772769
7.0,1792,162.641682
0.0,519,162.889261
0.0,515,163.127808
0.0,528,163.351302
4.0,1123,164.713222
2.0,790,165.0919
0.0,527,165.313827
0.0,513,165.528665
1.0,735,165.85118
5.0,1414,166.513791
3.0,1004,167.015402
1.0,712,167.316754
0.0,512,167.554173
2.0,836,167.957111
0.0,505,168.186481
0.0,532,168.42571
0.0,527,168.650915
9.0,1620,169.429047
2.0,836,169.834162
1.0,723,170.198197
6.0,1618,171.046106
0.0,517,171.293061
5.0,1430,172.034704
5.0,1336,172.720376
0.0,523,172.112092
0.0,535,172.364866
1.0,694,172.716189
4.0,1296,173.352227
0.0,525,173.605173
2.0,811,174.002097
0.0,537,174.25674
0.0,515,174.506093
2.0,809,174.954849
5.0,1267,175.650915
1.0,706,176.02843
2.0,826,176.442147
0.0,536,176.681961
4.0,1208,177.264808
13.0,1840,178.150337
0.0,519,178.404324
0.0,525,178.631793
5.0,1400,179.277485
2.0,899,179.691018
0.0,533,179.932922
3.0,946,180.393478
5.0,1252,180.99322
2.0,818,181.365947
3.0,969,181.830669
0.0,520,182.072945
8.0,1530,182.809629
3.0,962,183.250247
1.0,711,183.582714
4.0,1208,184.212943
0.0,512,184.452742
0.0,504,184.691369
3.0,1120,185.255097
2.0,813,185.669133
6.0,1628,186.50691
2.0,813,186.927913
2.0,886,187.425999
1.0,699,187.810503
3.0,1021,188.406791
2.0,821,188.817212
1.0,629,189.100979
3.0,1020,189.626842
2.0,832,190.04327
0.0,509,190.291117
7.0,1100,190.848561
6.0,1612,191.685944
2.0,769,192.055391
5.0,1280,192.654331
6.0,1611,193.405837
0.0,525,193.631733
0.0,514,193.870774
9.0,1636,194.673309
2.0,829,195.050906
10.0,1814,195.952929
7.0,1306,196.583825
2.0,829,196.992271
2.0,747,197.342939
3.0,1025,197.831623
4.0,1004,198.31927
0.0,509,198.55495
0.0,527,198.798037
1.0,641,199.124609
0.0,532,199.383446
2.0,766,199.766675
2.0,810,200.187519
5.0,1292,200.828945
0.0,517,201.103256
4.0,1076,201.632993
2.0,810,202.006233
1.0,625,202.301654
2.0,758,202.664825
4.0,1163,203.271006
0.0,527,203.499631
3.0,1100,204.053411
3.0,950,203.700335
2.0,839,204.132946
7.0,1656,205.047787
0.0,523,205.295985
7.0,1722,206.153469
1.0,720,206.486383
5.0,1418,207.182144
4.0,1125,207.735067
0.0,511,207.962639
4.0,1146,208.494891
2.0,893,208.907156
1.0,637,209.201473
7.0,1300,209.841036
0.0,515,210.074177
2.0,820,210.442546
2.0,831,210.834323
1.0,636,211.151884
2.0,817,211.543469
0.0,514,211.793664
1.0,700,212.130099
4.0,1098,212.646759
2.0,827,213.004211
2.0,880,213.451898
5.0,1406,214.240869
2.0,828,214.633304
0.0,532,214.868303
3.0,888,215.326306
1.0,727,216.520688
3.0,938,216.976824
0.0,537,217.218272
0.0,516,217.466361
2.0,831,217.887701
0.0,513,218.151021
4.0,1156,218.78422
7.0,1784,219.697664
4.0,1286,220.316272
5.0,1451,221.023614
1.0,693,221.3506
0.0,512,221.603074
3.0,967,222.068716
4.0,1196,222.644436
9.0,1989,223.629324
1.0,708,223.951441
1.0,629,224.230171
6.0,1534,224.957138
6.0,1630,225.741279
1.0,701,226.068894
0.0,529,226.282447
2.0,817,226.685128
1.0,711,227.002975
1.0,717,227.312009
1.0,708,227.636711
2.0,900,228.029574
5.0,1308,228.663296
2.0,839,229.055331
2.0,779,229.448984
5.0,1400,230.205113
3.0,1000,230.752172
0.0,516,230.983153
1.0,652,231.290518
4.0,1292,231.965425
1.0,637,232.298005
0.0,537,232.533217
1.0,655,232.874113
9.0,1626,233.687644
0.0,513,233.945555
0.0,533,234.200188
5.0,1347,234.881747
6.0,1626,235.715691
0.0,516,235.993795
1.0,723,235.48438
2.0,826,235.953907
1.0,721,236.326714
0.0,537,236.547283
0.0,537,236.789617
6.0,1712,237.625546
0.0,517,237.860237
0.0,532,238.101767
4.0,1132,238.646452
5.0,1322,239.265272
4.0,1204,239.831311
6.0,1547,240.569862
3.0,940,241.0193
2.0,888,241.456598
0.0,520,241.706115
3.0,1108,242.200103
2.0,765,242.537349
0.0,511,242.760261
4.0,1160,243.318213
2.0,902,243.806803
1.0,709,244.159387
2.0,835,244.583533
4.0,1128,245.194208
1.0,638,245.512589
3.0,1042,246.044892
2.0,838,246.46214
3.0,1018,246.990407
1.0,711,247.350601
9.0,1530,248.182721
3.0,1094,248.801011
8.0,1510,249.621753
3.0,949,250.105761
0.0,500,250.364028
1.0,638,250.660963
4.0,1285,251.293018
0.0,529,251.538681
3.0,944,251.993516
0.0,509,252.235703
1.0,646,252.534012
5.0,1412,253.237193
0.0,528,253.495708
5.0,1383,254.154934
0.0,541,254.395126
4.0,1074,254.901936
5.0,1414,255.552191
3.0,1105,256.103103
0.0,519,256.345647
4.0,1186,256.904881
5.0,1339,257.567903
5.0,1352,258.234704
5.0,1410,258.990277
2.0,829,259.416923
4.0,1204,260.046318
5.0,1470,260.82878
2.0,901,261.25294
2.0,815,261.709558
0.0,534,261.967476
9.0,1616,262.83276
11.0,1950,263.900106
2.0,826,264.338692
3.0,935,264.831686
1.0,648,265.130654
1.0,635,265.44646
3.0,993,265.936107
6.0,1592,266.711185
0.0,529,266.944154
1.0,693,267.300963
3.0,1096,266.970716
3.0,949,267.453024
3.0,1004,267.945809
0.0,524,269.067194
5.0,1427,269.781498
2.0,897,270.232891
2.0,756,270.585602
3.0,1025,271.077683
4.0,1047,271.587064
3.0,956,272.063129
2.0,896,272.511139
2.0,823,272.930085
6.0,1467,273.68514
1.0,653,274.056168
4.0,1091,274.642222
4.0,1120,275.231642
3.0,1013,275.777266
1.0,728,276.128057
1.0,645,276.427067
2.0,910,276.883762
2.0,902,277.395134
5.0,1398,278.136527
0.0,506,278.380702
0.0,519,278.661142
1.0,713,279.036188
4.0,1134,279.639485
3.0,1028,280.126998
1.0,629,280.465874
4.0,1204,281.062342
2.0,887,281.521364
2.0,918,281.954955
3.0,1012,282.436329
2.0,828,282.841308
1.0,641,283.115985
5.0,1181,283.695954
5.0,1394,284.228747
2.0,756,284.534153
5.0,1332,285.059138
1.0,640,285.285152
2.0,903,285.611682
1.0,624,285.850394
3.0,955,286.257289
0.0,534,286.476362
3.0,1005,286.878079
1.0,632,287.111747
6.0,1447,287.683807
9.0,1730,288.397902
5.0,1267,288.906917
2.0,823,289.216871
2.0,759,289.509896
3.0,925,289.870191
0.0,529,290.070789
6.0,1539,290.690095
1.0,731,290.990738
4.0,1216,291.46911
0.0,541,291.668802
6.0,1427,292.237269
4.0,1067,292.67549
3.0,927,293.039487
3.0,957,293.398769
3.0,993,293.766946
3.0,1010,294.190048
0.0,533,294.381989
4.0,1208,294.876115
4.0,1141,295.334109
4.0,1167,295.818029
2.0,827,296.14678
2.0,753,296.42032
3.0,1014,296.8014
2.0,843,297.121023
1.0,631,297.342404
3.0,999,297.718658
3.0,1021,298.115449
1.0,653,298.381026
3.0,867,298.714499
2.0,911,299.082572
5.0,1332,298.769744
6.0,1538,299.406743
2.0,833,299.712052
5.0,1345,300.225365
3.0,1099,300.692306
9.0,1626,301.337424
11.0,1962,302.135312
3.0,1031,302.543227
8.0,1411,303.106378
7.0,1806,303.857722
3.0,1032,304.250689
6.0,1302,304.77398
4.0,1289,305.301151
4.0,1291,305.826639
2.0,743,306.13542
2.0,735,306.415814
2.0,804,306.705302
2.0,825,307.019537
5.0,1422,307.578966
2.0,775,307.87238
5.0,1171,308.32639
0.0,535,308.532176
7.0,1554,309.167745
8.0,1426,309.712184
1.0,640,309.948882
3.0,939,310.307219
4.0,1224,310.776231
9.0,1630,311.423089
1.0,645,311.661694
1.0,637,311.904148
2.0,752,312.192371
3.0,1026,312.602607
4.0,1123,313.059536
1.0,640,313.30072
6.0,1518,314.815081
2.0,841,315.120748
5.0,1286,315.627325
0.0,535,315.827803
4.0,1152,316.280999
2.0,822,316.597668
7.0,1657,317.270576
3.0,952,317.631981
8.0,1716,318.302176
7.0,1676,318.930305
5.0,1339,319.434095
3.0,947,319.795058
3.0,977,320.169489
2.0,825,320.503387
4.0,1072,320.914276
19.0,1919,321.643399
2.0,896,321.990476
0.0,516,322.194624
5.0,1173,322.684438
2.0,820,322.999352
2.0,759,323.27709
2.0,744,323.546597
3.0,1033,323.968185
3.0,1024,324.332714
4.0,1137,324.732555
3.0,1112,325.167198
4.0,1214,325.644319
2.0,906,325.969732
2.0,819,326.296359
3.0,1108,326.748729
4.0,1058,327.146427
1.0,722,327.413188
3.0,934,327.805737
9.0,1611,328.461611
4.0,1222,328.95775
10.0,2223,329.848909
9.0,2019,330.589812
0.0,540,330.776889
6.0,1307,330.378901
1.0,635,330.596241
2.0,771,330.863603
7.0,1474,331.403575
4.0,1118,331.866096
2.0,827,332.228635
2.0,733,332.513863
2.0,816,332.822474
7.0,1721,333.468989
3.0,855,333.795946
5.0,1339,334.336643
5.0,1443,334.885044
3.0,943,335.22498
5.0,1264,335.691389
2.0,831,336.012498
9.0,1926,336.774624
3.0,1111,337.21317
2.0,912,337.572701
7.0,1490,338.165458
2.0,900,338.505948
11.0,2246,339.393057
2.0,755,339.696605
3.0,1121,340.128782
4.0,1159,340.58215
0.0,508,340.77241
3.0,1130,341.232439
8.0,1735,341.934962
4.0,1073,342.370693
4.0,1229,342.870067
11.0,2002,343.708346
3.0,1108,344.138931
7.0,1312,344.687352
1.0,692,344.97218
6.0,1460,345.583918
4.0,1214,346.075658
2.0,828,346.407446
2.0,906,346.786537
6.0,1391,347.330392
2.0,769,347.602742
7.0,1316,348.082154
4.0,1135,348.537101
3.0,947,348.900195
3.0,938,349.233316
2.0,902,349.565818
3.0,959,349.9484
10.0,1955,350.733681
2.0,818,351.047262
9.0,1898,351.780884
2.0,805,352.084476
0.0,523,352.286242
5.0,1484,352.876257
7.0,1640,353.518484
6.0,1467,354.0524
5.0,1336,354.538917
3.0,889,354.875705
3.0,892,356.220182
2.0,911,356.573802
4.0,1120,357.022901
10.0,2246,357.945835
4.0,1149,358.383756
2.0,813,358.688725
12.0,1592,359.313182
2.0,912,359.655757
6.0,1534,360.23348
6.0,1460,360.797493
6.0,1538,361.365689
7.0,1491,361.961025
4.0,1302,362.460942
10.0,1750,362.260549
2.0,819,362.586674
5.0,1487,363.187753
0.0,517,363.380689
4.0,1111,363.785102
1.0,656,364.01453
3.0,1024,364.373327
6.0,1548,364.982707
2.0,736,365.249909
8.0,1338,365.794894
4.0,1273,366.3053
1.0,633,366.555887
3.0,1104,366.993407
0.0,504,367.184634
2.0,847,367.510339
4.0,1088,367.958631
5.0,1312,368.512877
2.0,894,368.875788
7.0,1626,369.508888
6.0,1483,370.105067
11.0,2319,370.974428
3.0,1089,371.375513
2.0,902,371.705828
8.0,1699,372.308795
3.0,1043,372.681805
5.0,1407,373.196364
7.0,1649,373.819679
5.0,1318,374.290949
4.0,1141,374.706286
4.0,1215,375.151519
1.0,652,375.400116
2.0,739,375.674297
13.0,2184,376.593748
9.0,1720,377.235791
3.0,1016,377.59167
8.0,1759,378.23845
4.0,1304,378.71277
2.0,839,379.00564
3.0,960,379.464838
1.0,629,379.771346
4.0,987,380.357082
7.0,1482,381.136651
2.0,816,381.529706
2.0,887,381.981081
8.0,1699,382.881762
5.0,1233,383.517051
4.0,1288,384.190374
5.0,1502,384.950496
4.0,1284,385.606117
10.0,1816,386.538721
7.0,1639,387.354535
4.0,1308,388.058998
7.0,1308,388.822526
4.0,1220,389.48823
3.0,968,389.97232
7.0,1663,390.90365
1.0,725,391.294156
3.0,893,391.780802
1.0,644,392.132574
3.0,1013,392.685221
5.0,1346,393.396976
6.0,1371,394.144507
5.0,1256,393.971342
11.0,1887,394.966043
4.0,1156,395.549293
3.0,1083,396.063006
5.0,1311,396.741695
5.0,1338,397.411038
4.0,1321,398.08958
1.0,705,398.460639
1.0,714,398.833717
0.0,524,399.097437
3.0,1007,399.600923
3.0,879,400.027535
3.0,1120,400.595574
3.0,937,402.328972
3.0,1100,402.922749
6.0,1236,403.610301
7.0,1635,404.601781
14.0,2500,406.072837
4.0,1172,406.741452
6.0,1380,407.549604
1.0,645,407.915407
1.0,655,408.27096
5.0,1279,409.05085
4.0,1138,409.654668
5.0,1189,410.213224
3.0,979,410.661952
10.0,1640,411.458508
4.0,1147,412.037338
3.0,875,412.463658
5.0,1393,413.178176
4.0,1158,413.695791
5.0,1256,414.369237
4.0,1349,415.036057
8.0,1843,415.985473
6.0,1366,416.69507
3.0,971,417.172404
8.0,1846,418.162196
2.0,919,418.646692
5.0,1398,419.431193
7.0,1314,420.148204
6.0,1288,420.838399
6.0,1448,421.6292
4.0,1199,422.348805
3.0,937,422.868752
3.0,937,423.341918
3.0,1096,423.95374
1.0,696,424.323763
6.0,1412,425.074213
1.0,633,425.401582
3.0,955,425.024775
2.0,803,425.440096
5.0,1348,426.148741
3.0,999,426.671985
4.0,1212,427.30036
7.0,1741,428.192907
5.0,1418,428.880146
4.0,1228,429.495194
2.0,753,429.871382
3.0,1040,430.382613
1.0,727,430.74172
4.0,1149,431.35087
10.0,1744,432.312718
3.0,949,432.856325
3.0,965,433.359558
3.0,1044,433.94025
2.0,768,434.359177
6.0,1385,435.070065
6.0,1519,435.845288
5.0,1314,436.510504
6.0,1520,437.273787
2.0,748,437.659599
0.0,523,437.927696
4.0,1221,438.57331
8.0,1834,439.712997
7.0,1577,440.586606
4.0,1058,441.130068
9.0,1710,442.086406
8.0,1620,443.003031
1.0,625,443.316529
1.0,635,443.623325
3.0,1018,444.172124
5.0,1330,444.891023
9.0,1411,445.634741
5.0,1413,446.366055
6.0,1476,447.138553
1.0,731,447.498655
3.0,1096,448.048906
1.0,644,448.349387
1.0,737,448.698249
5.0,1306,449.382424
1.0,713,449.739952
4.0,1002,450.244102
4.0,1075,450.849905
2.0,821,451.294774
12.0,2146,452.536408
2.0,845,452.991042
3.0,935,453.492612
2.0,830,453.924046
4.0,1223,454.596865
8.0,1804,455.609615
5.0,1279,456.262067
4.0,1243,456.904976
1.0,628,457.230861
5.0,1278,456.990986
7.0,1491,458.856357
1.0,639,459.169181
15.0,1908,460.136387
5.0,1366,460.819257
11.0,2082,461.908827
8.0,1575,462.742863
4.0,1235,463.408671
10.0,1816,464.409412
3.0,1007,464.96366
6.0,1457,465.732524
4.0,1204,466.413697
6.0,1545,467.249904
7.0,1294,467.968989
9.0,1921,469.077946
2.0,757,469.528949
9.0,1819,470.496699
4.0,1110,471.096745
2.0,825,471.514119
2.0,835,471.926624
3.0,1096,472.499744
2.0,831,472.929378
3.0,1034,473.438252
3.0,871,473.876393
4.0,1159,474.48069
7.0,1507,475.302919
5.0,1206,475.895415
6.0,1460,476.602478
4.0,1141,477.224015
4.0,1095,477.8136
7.0,1690,478.776766
3.0,1100,479.391762
6.0,1531,480.268416
4.0,1131,480.881571
6.0,1553,481.804097
6.0,1354,482.564816
3.0,1014,483.143936
6.0,1516,483.980866
4.0,1005,484.54044
2.0,840,484.978665
0.0,520,485.242761
11.0,1749,486.138495
5.0,1237,486.795869
8.0,1447,487.516901
4.0,1210,488.146554
9.0,1661,489.0291
7.0,1746,489.082313
4.0,1033,489.629629
6.0,1470,490.367864
4.0,1296,491.043115
4.0,1155,491.67188
5.0,1364,492.437739
5.0,1215,493.096192
14.0,1722,494.064908
5.0,1514,494.928889
10.0,2006,496.064217
1.0,633,496.407962
2.0,894,496.936561
2.0,761,497.339466
3.0,939,497.883945
7.0,1719,498.811355
10.0,1748,499.720254
2.0,743,500.084606
1.0,652,500.401455
7.0,1553,501.185344
14.0,2349,502.421704
5.0,1355,503.091526
7.0,1003,503.598404
8.0,1861,504.534177
2.0,851,504.928485
1.0,735,505.281407
6.0,1414,506.008237
4.0,1205,506.690431
10.0,2043,507.833677
1.0,641,508.209948
3.0,949,508.753384
3.0,881,509.238115
3.0,945,509.756397
1.0,649,510.099246
3.0,1000,510.641027
5.0,1136,511.299651
5.0,1453,512.144108
4.0,1168,512.826059
5.0,1272,513.548753
6.0,1561,516.218248
4.0,1124,516.729834
2.0,756,517.070563
4.0,1020,517.550472
5.0,1327,518.209031
12.0,2277,519.371762
3.0,887,519.823174
7.0,1634,520.68121
3.0,940,520.331765
4.0,1148,520.939416
3.0,1017,521.489817
7.0,1734,522.488732
5.0,1359,523.210538
2.0,815,523.684261
8.0,1818,524.657471
5.0,1475,525.489577
3.0,1143,526.119181
6.0,1456,526.930991
4.0,1060,527.533788
1.0,709,527.894941
1.0,710,528.255483
13.0,2127,529.382294
5.0,1240,529.993011
2.0,748,530.371722
3.0,961,530.843405
6.0,1417,531.568947
5.0,1482,532.368609
3.0,877,532.817151
3.0,999,533.294069
6.0,1425,533.988558
9.0,1628,534.835721
6.0,1607,535.743323
3.0,1104,536.361489
5.0,1328,537.134472
7.0,1617,538.015546
5.0,1211,538.709116
5.0,1435,539.521036
4.0,1074,540.112611
6.0,1415,540.886619
4.0,1149,541.581337
6.0,1632,542.509689
5.0,1337,543.20356
4.0,1300,543.935113
3.0,1023,544.463686
11.0,2049,545.521849
3.0,1028,546.05941
1.0,648,546.387105
4.0,1089,546.92133
4.0,1033,547.465578
1.0,649,547.787782
6.0,1592,548.681725
5.0,1240,549.306864
6.0,1460,550.098994
10.0,1822,551.158176
3.0,1007,551.738796
8.0,1591,551.834031
2.0,806,552.296221
8.0,1931,553.325624
6.0,1345,554.120705
2.0,899,554.617639
5.0,1334,555.365274
2.0,767,555.758308
5.0,1335,556.501321
6.0,1233,557.138657
2.0,745,557.496239
7.0,1634,558.376907
3.0,1083,558.969401
13.0,2194,560.167405
4.0,1169,560.780461
6.0,1522,561.590821
7.0,1567,562.402485
12.0,1850,563.395136
2.0,825,563.857819
3.0,1023,564.434418
3.0,955,564.995753
4.0,1117,565.615434
2.0,821,566.059126
4.0,1224,566.752594
5.0,1245,567.491622
2.0,754,567.884599
3.0,1036,568.520949
8.0,1498,569.35508
5.0,1338,570.104153
6.0,1316,570.886652
4.0,1049,573.189795
12.0,2177,574.423876
1.0,701,574.816822
7.0,1519,575.530837
7.0,1579,576.128504
5.0,1342,576.626638
8.0,1769,577.295223
5.0,1309,577.792911
3.0,946,578.129575
4.0,1095,578.524961
3.0,867,578.856044
14.0,2105,579.664264
8.0,1763,580.353021
6.0,1467,580.91945
4.0,1083,581.32749
2.0,840,581.635749
9.0,1458,582.183199
7.0,1570,582.770476
9.0,2077,583.536804
12.0,1920,583.399328
5.0,1423,583.942145
6.0,1515,584.538193
6.0,1524,585.119105
9.0,1723,585.773091
6.0,1531,586.360107
10.0,2189,587.207901
5.0,1287,587.702918
3.0,1116,588.115675
7.0,1726,588.781878
4.0,1132,589.202304
5.0,1384,589.731498
6.0,1468,590.288365
4.0,1086,590.70473
4.0,1132,591.131745
6.0,1370,591.65504
7.0,1548,592.246167
13.0,2379,593.181897
7.0,1599,593.793402
14.0,1727,594.463564
6.0,1585,595.088464
18.0,2493,596.049551
3.0,998,596.4123
13.0,2113,597.208888
5.0,1123,597.615192
4.0,1215,598.065013
6.0,1607,598.663729
4.0,997,599.035641
4.0,1218,599.493127
5.0,1240,599.94965
4.0,1041,600.326927
0.0,530,600.507032
12.0,1777,601.183055
3.0,871,601.502024
11.0,2245,602.333947
10.0,1748,602.987922
7.0,1792,603.679236
5.0,1265,604.15089
4.0,1067,604.561513
9.0,1570,605.139699
5.0,1414,605.693111
3.0,951,606.053394
3.0,1013,606.429306
4.0,1141,606.844495
20.0,2485,607.787866
6.0,1391,608.295724
1.0,651,608.526723
4.0,1069,608.91793
5.0,1438,609.461076
4.0,1159,609.889007
2.0,897,610.223021
9.0,2061,611.001422
6.0,1589,611.600284
4.0,1300,612.079852
5.0,1414,614.106864
4.0,1055,614.497051
4.0,1089,614.901312
6.0,1412,615.426248
0.0,507,614.733033
7.0,1501,615.292679
8.0,1723,615.936144
7.0,1579,616.524275
5.0,1412,617.052933
5.0,1179,617.482717
5.0,1259,617.934526
12.0,2059,618.683432
4.0,1156,619.112345
5.0,1482,619.663175
6.0,1455,620.205977
6.0,1340,620.715264
1.0,715,620.982299
4.0,1040,621.38647
5.0,1343,621.893158
6.0,1615,622.513747
2.0,744,622.775448
8.0,1617,623.381557
0.0,537,623.570935
4.0,1073,623.949985
3.0,877,624.262982
6.0,1440,624.790613
6.0,1553,625.361052
18.0,2344,626.239432
5.0,1234,626.695332
21.0,2904,627.767557
12.0,2159,628.576324
2.0,751,628.837199
4.0,1197,629.265181
5.0,1492,629.81896
9.0,2159,630.615969
10.0,1460,631.132921
5.0,1404,631.654661
3.0,1085,632.046612
5.0,1175,632.467551
9.0,1962,633.171149
1.0,727,633.423408
5.0,1422,633.931492
3.0,1010,634.309078
6.0,1295,634.78212
5.0,1187,635.220756
5.0,1161,635.642696
4.0,1218,636.082003
8.0,1733,636.741761
5.0,1276,637.219754
1.0,646,637.449793
2.0,816,637.742723
2.0,842,638.049626
2.0,913,638.381739
3.0,937,638.718617
15.0,2721,639.808011
6.0,1373,640.330786
6.0,1577,640.969003
6.0,1452,641.547788
3.0,1032,642.119082
2.0,826,642.556341
5.0,1258,643.282349
6.0,1488,644.131532
15.0,2177,645.440281
4.0,1012,646.020581
6.0,1537,646.946828
3.0,957,646.613974
3.0,1095,647.238457
9.0,1959,648.360527
4.0,1145,648.977475
4.0,1217,649.637884
5.0,1255,650.342844
11.0,2003,651.415771
7.0,1520,652.23245
6.0,1468,652.959044
6.0,1368,653.690823
8.0,1713,654.618224
6.0,1558,655.438953
2.0,845,655.85839
1.0,720,656.261134
5.0,1294,658.807679
6.0,1686,659.716546
4.0,1124,660.33998
14.0,1568,661.265404
4.0,1106,661.912308
6.0,1508,662.814607
4.0,1315,663.581292
4.0,1115,664.1683
13.0,2382,665.443006
7.0,1473,666.217263
10.0,1775,667.194725
3.0,1005,667.725406
7.0,1664,668.67317
14.0,2101,669.831557
12.0,2244,671.020629
6.0,1499,671.928444
8.0,1891,673.083258
1.0,713,673.497449
8.0,1574,674.374749
8.0,1741,675.429533
11.0,1636,676.452241
12.0,2381,677.945382
6.0,1546,678.798722
0.0,532,678.197535
12.0,1954,679.214756
3.0,960,679.674812
6.0,1554,680.438242
8.0,1840,681.351064
16.0,2362,682.552709
10.0,1812,683.433376
18.0,2717,684.77242
18.0,2659,686.232589
2.0,836,686.684851
3.0,851,687.179132
7.0,1577,688.123625
6.0,1618,689.07609
9.0,1800,690.138552
18.0,2372,691.545598
7.0,1552,692.423229
5.0,1254,693.089954
4.0,1252,693.756473
10.0,1912,694.799265
5.0,1411,695.595987
5.0,1416,696.35867
7.0,1579,697.234122
11.0,2009,698.347039
4.0,1142,698.967089
3.0,1125,699.599617
7.0,1723,700.60263
3.0,1015,701.156496
4.0,1081,701.784558
5.0,1499,702.629523
4.0,1119,703.288895
5.0,1501,704.182652
14.0,2260,705.501243
8.0,1891,706.607208
9.0,1733,707.618853
5.0,1256,708.274287
2.0,831,708.701595
2.0,911,709.164345
1.0,647,709.483035
6.0,1298,710.162179
8.0,1775,710.311773
4.0,1056,710.852833
3.0,865,711.25859
10.0,1784,712.182421
10.0,1692,713.075644
6.0,1461,713.785729
9.0,1864,716.803847
8.0,1712,717.815851
9.0,1891,718.980515
6.0,1606,719.971592
6.0,1424,720.813513
13.0,2259,722.060983
5.0,1467,722.760847
10.0,2208,723.898955
13.0,1976,724.911952
7.0,1507,725.661892
3.0,881,726.084692
4.0,1119,726.621983
5.0,1429,727.315713
5.0,1430,728.050038
11.0,1945,729.009741
7.0,1624,729.820104
5.0,1240,730.505789
12.0,1667,731.418165
9.0,2024,732.518123
3.0,897,733.01436
12.0,1676,734.018378
2.0,900,734.529616
1.0,633,734.918239
1.0,698,735.325698
5.0,1242,736.036824
9.0,2061,737.260731
4.0,1212,737.953767
4.0,1222,738.608221
5.0,1398,739.392217
18.0,2376,740.645034
3.0,1008,741.152819
7.0,1660,741.971936
6.0,1502,741.863911
10.0,1592,742.631744
5.0,1181,743.204629
6.0,1529,743.993374
4.0,1123,744.584556
5.0,1269,745.35418
6.0,1367,746.156994
9.0,1695,747.216666
5.0,1346,747.983819
2.0,846,748.485605
7.0,1752,749.561841
6.0,1467,750.442846
4.0,1201,751.148113
4.0,1097,751.788358
4.0,1130,752.437729
14.0,1488,753.250816
8.0,1860,754.179237
7.0,1882,755.111573
4.0,1066,755.659124
4.0,1147,756.236323
9.0,1688,757.080428
7.0,1567,757.873094
5.0,1338,758.533898
4.0,1137,759.097563
2.0,839,759.532846
10.0,1874,760.57364
6.0,1465,761.442948
4.0,1166,762.110801
0.0,517,762.442624
15.0,2448,763.982729
8.0,1723,765.086663
6.0,1295,765.867537
7.0,1538,766.820868
6.0,1549,767.674159
6.0,1376,768.375677
17.0,2927,769.913851
8.0,1741,770.807446
12.0,1896,771.775077
4.0,1210,772.403767
5.0,1327,773.095258
2.0,835,774.799285
2.0,829,775.285095
5.0,1422,776.174368
6.0,1415,776.978949
4.0,1232,777.724802
2.0,901,778.265864
2.0,844,778.711149
9.0,1860,779.793646
3.0,1007,780.383032
4.0,983,780.990284
4.0,1059,781.589619
2.0,761,782.004479
6.0,1470,782.780548
14.0,2415,784.008391
8.0,1562,784.781535
8.0,1807,785.719937
6.0,1397,786.414893
7.0,1682,787.262339
7.0,1418,787.957283
3.0,1123,788.513065
6.0,1234,789.134492
7.0,1531,789.921034
8.0,1776,790.805826
14.0,2174,791.952164
5.0,1275,792.561431
6.0,1323,793.216082
2.0,736,793.564248
7.0,1598,794.34767
4.0,1298,795.0221
10.0,2192,796.144567
11.0,2094,797.211731
11.0,2062,798.275784
23.0,2960,799.745548
3.0,883,800.176294
4.0,1200,800.774719
3.0,934,801.276196
6.0,1341,802.058926
13.0,2291,803.453721
8.0,1741,804.456609
2.0,889,804.988349
3.0,944,804.720567
5.0,1334,805.575041
14.0,2116,806.884763
17.0,2209,808.187782
13.0,1869,809.144478
6.0,1450,809.8857
20.0,2581,811.189603
3.0,936,811.643428
10.0,1792,812.544009
5.0,1279,813.178447
7.0,1408,813.883446
4.0,1304,814.538153
3.0,1115,815.126616
11.0,1802,816.132885
7.0,1633,817.047408
7.0,1717,818.080289
2.0,773,818.552581
7.0,1529,819.482186
9.0,1881,820.697278
9.0,1939,821.902989
5.0,1324,822.725805
4.0,1059,823.316597
4.0,1227,823.910853
3.0,973,824.395112
6.0,1284,825.018889
8.0,1669,825.855683
3.0,1100,826.392932
6.0,1394,827.082143
8.0,1580,827.860138
10.0,1467,828.6135
3.0,1035,829.134815
8.0,1861,832.384058
9.0,1978,833.423117
3.0,1024,833.917362
6.0,1349,834.569356
10.0,1622,835.476323
6.0,1347,836.209305
1.0,643,836.545618
12.0,2618,837.127193
4.0,1151,837.72608
13.0,2271,838.979352
11.0,2238,840.264697
24.0,3216,842.179265
10.0,1770,843.16159
9.0,1271,843.85868
4.0,1157,844.487607
12.0,1928,845.506634
13.0,2212,846.63876
10.0,1748,847.52013
11.0,1830,848.464291
6.0,1452,849.212576
0.0,513,849.465526
18.0,3298,851.390924
6.0,1296,852.13124
4.0,1069,852.683843
7.0,1695,853.603287
6.0,1533,854.449664
9.0,1999,855.600619
15.0,2462,856.974544
9.0,1679,857.858141
20.0,2641,859.233052
8.0,1781,860.161294
5.0,1308,860.811043
4.0,1051,861.336784
6.0,1518,862.117418
7.0,1751,863.015596
9.0,2065,864.08357
17.0,2576,865.4296
3.0,1028,865.919399
11.0,2164,867.047784
7.0,1797,867.972612
13.0,2218,868.210116
3.0,969,868.689275
12.0,2296,869.88475
3.0,1013,870.412807
3.0,1037,870.923997
7.0,1530,871.711285
7.0,1692,872.594138
12.0,1682,873.480102
12.0,2203,874.655611
2.0,824,875.073017
8.0,1719,875.955359
12.0,1771,876.863722
4.0,1066,877.391376
5.0,1413,878.112113
6.0,1536,878.870994
0.0,507,879.122918
6.0,1379,879.812412
3.0,931,880.278602
12.0,1924,881.275262
9.0,2046,882.307747
16.0,2329,883.470076
7.0,1560,884.257072
6.0,1457,884.998448
8.0,1802,888.673684
1.0,717,889.07039
7.0,1802,889.995569
5.0,1198,890.569587
7.0,1478,891.328093
7.0,1605,892.177479
10.0,1978,893.212148
6.0,1456,893.93265
12.0,1666,894.773617
9.0,1709,895.632715
8.0,1855,896.607696
6.0,1482,897.347047
5.0,1259,897.988258
7.0,1567,898.810085
10.0,1795,899.677513
15.0,2735,900.239023
9.0,1956,901.25841
9.0,1738,902.158475
6.0,1504,902.926082
9.0,1923,903.912955
3.0,1076,904.490055
6.0,1412,905.238293
10.0,1919,906.231007
3.0,1113,906.77193
4.0,1100,907.343906
5.0,1281,908.006208
5.0,1148,908.599237
5.0,1361,909.326321
2.0,828,909.843521
4.0,993,910.459884
13.0,2136,911.768193
3.0,1039,912.344052
3.0,1131,912.956412
9.0,1697,913.883148
12.0,1704,914.842912
5.0,1282,915.603323
6.0,1465,916.394691
10.0,1730,917.362433
6.0,1459,918.103718
17.0,2651,919.507825
16.0,2557,920.848027
16.0,2677,922.272532
16.0,2372,923.506308
6.0,1372,924.245243
12.0,2035,925.32139
11.0,1896,926.336972
7.0,1556,927.136022
8.0,1783,928.106203
4.0,1315,928.790667
18.0,3263,930.500447
7.0,1654,931.408964
6.0,1503,931.352638
3.0,875,931.797076
9.0,2011,932.892147
6.0,1500,933.668142
11.0,2160,934.808064
10.0,1938,935.854059
5.0,1333,936.59856
5.0,1218,937.205308
24.0,2770,938.681221
4.0,1151,939.267768
10.0,2164,940.430079
5.0,1229,941.068606
8.0,1823,944.005549
8.0,1687,944.926825
12.0,1911,945.926746
13.0,2286,947.152506
3.0,961,947.63753
15.0,2506,948.95779
2.0,834,949.366955
10.0,1531,950.188718
7.0,1639,951.055178
0.0,540,951.313631
11.0,2192,952.448413
3.0,925,952.911007
9.0,1831,953.845583
8.0,1919,954.845019
13.0,2207,955.987593
19.0,2433,957.279774
19.0,2496,958.582534
5.0,1218,959.217393
3.0,956,959.702591
15.0,1747,960.657673
16.0,2322,961.893674
15.0,1938,962.917697
9.0,1869,963.038453
12.0,1968,964.06899
14.0,2756,965.488706
8.0,1560,966.322702
10.0,1735,967.262678
18.0,2365,968.526005
9.0,1861,969.515811
15.0,2724,971.052681
7.0,1680,972.049075
8.0,1905,973.17804
23.0,3235,974.934403
1.0,649,975.243595
4.0,988,975.757972
12.0,2430,977.015226
12.0,2319,978.239254
17.0,2575,979.60658
8.0,1220,980.230116
16.0,2622,981.697482
13.0,2587,983.19632
29.0,3358,985.238234
2.0,737,985.640452
5.0,1324,986.409731
1.0,729,986.792163
14.0,1798,987.80005
22.0,1654,988.811831
7.0,1545,989.617393
11.0,2143,990.719109
12.0,2150,991.839918
11.0,2225,992.977498
5.0,1312,993.635874
3.0,955,994.141871
8.0,1650,995.029051
10.0,1823,995.11222
6.0,1499,995.941032
6.0,1369,996.700454
13.0,2436,1000.935316
13.0,2322,1002.332203
9.0,1950,1003.412685
11.0,1744,1004.332584
13.0,2212,1005.48001
14.0,2616,1006.879287
16.0,2534,1008.231782
10.0,1937,1009.270818
4.0,1148,1009.863898
2.0,830,1010.282215
3.0,1035,1010.846488
12.0,2274,1012.103086
10.0,1857,1013.14071
11.0,2128,1014.326071
4.0,1212,1015.077967
11.0,2126,1016.488099
7.0,1357,1017.324042
7.0,1334,1018.121708
12.0,2257,1019.33178
4.0,1211,1019.928006
11.0,2126,1021.050671
19.0,2542,1022.415877
20.0,2667,1023.808024
10.0,1827,1024.789307
16.0,2774,1026.358644
1.0,645,1026.712783
5.0,1417,1026.640504
6.0,1340,1027.41288
15.0,2290,1028.760189
12.0,2005,1029.906202
12.0,2000,1031.104101
5.0,1178,1031.762702
10.0,2004,1032.847502
8.0,1636,1033.668523
14.0,2191,1034.835597
16.0,2353,1036.076272
2.0,906,1036.508922
10.0,2058,1037.587919
11.0,1971,1038.638359
7.0,1547,1039.460378
7.0,1482,1040.263728
4.0,1049,1040.795508
4.0,1300,1041.465212
5.0,1308,1042.169241
5.0,1291,1042.827914
7.0,1561,1043.632779
13.0,2198,1044.802926
6.0,1448,1045.563352
13.0,2134,1046.725484
8.0,1665,1047.618232
14.0,2259,1048.811164
9.0,1957,1049.834985
5.0,1445,1050.585306
11.0,1980,1051.617792
11.0,1674,1052.478971
10.0,1991,1053.53131
9.0,1837,1054.478322
22.0,2964,1056.040496
18.0,2647,1059.714132
9.0,1320,1060.42497
15.0,2265,1061.642321
8.0,1695,1062.501699
10.0,1873,1063.504941
24.0,3020,1065.129558
9.0,1830,1066.126853
3.0,938,1066.641203
11.0,2115,1067.768427
5.0,1199,1068.369895
14.0,2096,1069.464811
18.0,2518,1070.822993
7.0,1428,1071.558063
6.0,1372,1072.295834
9.0,1808,1073.243505
11.0,1924,1074.27474
6.0,1543,1075.102901
2.0,758,1075.506739
16.0,2763,1077.178158
13.0,2161,1078.450017
14.0,2418,1079.875432
26.0,3343,1081.892026
18.0,1963,1083.046592
9.0,1729,1084.040573
12.0,1914,1085.05979
9.0,1905,1086.082132
25.0,3349,1087.856194
17.0,2487,1089.210024
14.0,2680,1089.787441
8.0,1492,1090.579711
7.0,1462,1091.458472
7.0,1422,1092.326819
8.0,1678,1093.298624
8.0,1583,1094.235512
1.0,717,1094.642377
0.0,537,1094.932726
28.0,3525,1097.16401
3.0,1028,1097.790773
9.0,1773,1098.76903
5.0,1266,1099.443916
7.0,1648,1100.329671
18.0,1973,1101.402808
5.0,1338,1102.113358
7.0,1412,1102.858177
21.0,2643,1104.326803
9.0,1853,1105.318855
10.0,1696,1106.252718
13.0,2526,1107.778398
1.0,722,1108.197143
16.0,2946,1109.933302
20.0,2917,1111.695097
17.0,2879,1113.520895
10.0,2124,1114.827422
9.0,1827,1115.903641
21.0,2916,1120.442527
13.0,2612,1120.947491
12.0,2158,1122.031423
23.0,3585,1123.973403
18.0,2401,1125.263458
18.0,2796,1126.825269
15.0,2671,1128.453958
5.0,1423,1129.317783
19.0,2069,1130.535911
5.0,1276,1131.378962
10.0,1949,1132.571949
7.0,1621,1133.573629
9.0,1773,1134.596055
26.0,2138,1135.753265
10.0,1901,1136.800118
18.0,2694,1138.262005
20.0,1855,1139.267975
20.0,2967,1140.84524
5.0,1118,1141.421943
6.0,1461,1142.27205
7.0,1624,1143.23756
23.0,2442,1144.757214
17.0,2452,1146.221162
8.0,1520,1147.148283
15.0,2785,1148.889452
16.0,1886,1149.982905
13.0,2029,1151.108116
13.0,2502,1152.455842
9.0,1691,1152.477001
19.0,2713,1153.94397
9.0,2012,1155.022449
10.0,1894,1156.031912
7.0,1457,1156.829288
4.0,1151,1157.475822
8.0,1844,1158.590861
24.0,3267,1160.579395
12.0,2357,1161.984066
8.0,1666,1163.002028
4.0,1063,1163.633086
36.0,3829,1165.751982
11.0,1906,1166.743577
6.0,1334,1167.46756
23.0,3420,1169.319085
38.0,4217,1171.604399
12.0,1870,1172.70297
4.0,1141,1173.40853
8.0,1677,1174.463453
13.0,2034,1175.674009
9.0,1870,1180.835902
9.0,1990,1181.935301
14.0,2548,1183.326632
5.0,1263,1184.015643
5.0,1288,1184.684396
5.0,1347,1184.532217
14.0,2085,1185.681752
10.0,2055,1186.972326
27.0,3123,1188.940701
13.0,2214,1190.365976
21.0,3088,1192.274728
13.0,2359,1193.656605
9.0,1696,1194.576928
12.0,2324,1195.862371
7.0,1407,1196.593834
13.0,1884,1197.623729
11.0,2236,1198.820552
26.0,3277,1200.59581
20.0,2801,1202.304098
8.0,1211,1203.01473
44.0,3184,1205.002098
19.0,2958,1206.860398
5.0,1182,1207.559174
12.0,2060,1208.790139
40.0,2509,1210.167012
10.0,1855,1211.2009
13.0,2270,1212.43172
9.0,1776,1213.407042
12.0,2356,1214.670755
22.0,2654,1216.154702
9.0,1332,1216.11122
10.0,1752,1217.184461
15.0,2600,1218.802583
8.0,1511,1219.738535
11.0,2123,1221.014188
18.0,2578,1222.605123
15.0,2155,1223.841741
16.0,2233,1225.072069
17.0,2315,1226.356713
10.0,1864,1227.367836
10.0,1851,1228.394432
4.0,1246,1229.070886
12.0,2171,1230.238153
24.0,3057,1232.123994
7.0,1649,1233.096165
27.0,3267,1235.105159
12.0,2173,1236.444556
18.0,2655,1238.21727
4.0,1074,1242.171982
23.0,2899,1243.774156
15.0,2222,1245.011307
15.0,2594,1246.516785
19.0,2871,1247.472122
18.0,2787,1249.185181
18.0,2236,1250.487314
19.0,2439,1251.953191
13.0,2105,1253.171276
16.0,2371,1254.473929
7.0,1653,1255.342315
19.0,1843,1256.364374
21.0,3185,1258.145373
16.0,2648,1259.647986
18.0,2606,1261.238409
20.0,2797,1262.974087
27.0,3787,1265.26155
13.0,2153,1266.568755
6.0,1289,1267.370909
25.0,3000,1269.143776
20.0,2954,1270.790447
45.0,4948,1273.55446
16.0,2296,1274.753095
21.0,3146,1276.682977
8.0,1676,1277.675031
19.0,2196,1279.058252
20.0,2872,1279.984021
26.0,2683,1281.627894
13.0,1764,1282.659023
11.0,2169,1283.847752
8.0,1587,1284.681609
52.0,4510,1287.186164
17.0,2767,1288.736813
23.0,3382,1290.710973
19.0,3243,1292.786281
23.0,3226,1294.769005
35.0,4223,1297.399545
9.0,1649,1298.303618
11.0,1987,1299.413619
27.0,3562,1306.271218
30.0,3764,1308.564624
31.0,3809,1310.888126
17.0,2502,1311.542078
10.0,1989,1312.637463
27.0,3426,1314.536685
26.0,3093,1316.250988
4.0,1129,1316.852519
9.0,1794,1317.857453
44.0,3774,1320.088203
13.0,2583,1321.635576
42.0,3172,1323.596843
18.0,2814,1325.321073
11.0,2099,1326.593947
9.0,1900,1327.655829
18.0,2886,1329.297881
8.0,1638,1330.163817
9.0,1915,1331.224379
12.0,2369,1332.537996
13.0,2182,1333.715557
19.0,2698,1335.311973
10.0,1449,1336.2064
28.0,3418,1338.317049
32.0,4099,1340.779369
12.0,2347,1342.167604
3.0,880,1342.623844
5.0,1210,1342.422881
8.0,1469,1343.209626
14.0,2393,1344.512428
23.0,2968,1346.211305
21.0,3209,1348.017477
12.0,2442,1349.429981
30.0,2037,1350.631564
9.0,1729,1351.680775
5.0,1318,1352.500561
30.0,3507,1354.626726
19.0,3104,1356.514802
14.0,2475,1357.904067
7.0,1586,1358.824465
8.0,1728,1359.873225
28.0,3394,1361.900587
22.0,2148,1363.168724
18.0,2641,1369.820112
7.0,1586,1370.94398
21.0,3136,1372.931934
4.0,1006,1373.485953
11.0,2071,1374.612608
12.0,2328,1375.052111
30.0,3927,1377.264491
30.0,4173,1379.761828
18.0,3014,1381.625476
21.0,2722,1383.341428
16.0,2882,1385.128612
8.0,1599,1386.104009
13.0,2334,1387.456625
38.0,3622,1389.55881
6.0,1396,1390.34263
34.0,4417,1392.858153
16.0,2635,1394.455654
16.0,2460,1395.949095
52.0,4604,1398.851565
23.0,3053,1400.729677
27.0,2576,1402.196029
16.0,2473,1403.571881
34.0,4080,1405.88831
52.0,5450,1408.155194
16.0,3051,1410.102697
32.0,4566,1412.94022
27.0,2935,1414.76476
40.0,4538,1417.419145
13.0,2030,1418.575469
4.0,1135,1419.207264
42.0,4874,1421.981059
37.0,3593,1423.548984
16.0,2192,1424.471216
13.0,2227,1425.407538
11.0,1813,1429.866533
33.0,3667,1431.432469
29.0,2223,1432.349022
35.0,4069,1434.09773
29.0,3395,1435.520237
34.0,3891,1437.195354
26.0,3415,1437.821482
14.0,2423,1438.854263
26.0,2913,1440.096241
15.0,2744,1441.260983
22.0,3432,1442.693059
19.0,3109,1443.998974
47.0,5039,1446.123885
23.0,3288,1447.534621
27.0,2814,1448.852265
6.0,1353,1449.446592
11.0,2051,1450.391158
36.0,4160,1452.287827
20.0,2893,1453.591221
23.0,3364,1455.053667
20.0,3125,1456.474411
24.0,2902,1457.76867
33.0,3520,1459.283077
9.0,1963,1460.15052
10.0,1788,1460.946375
38.0,4821,1463.195296
30.0,3264,1464.629662
27.0,3684,1466.333804
16.0,2861,1467.62149
23.0,2518,1468.841033
18.0,2432,1469.171454
12.0,2299,1470.310632
11.0,1983,1471.290567
35.0,4127,1473.246831
10.0,1907,1479.08802
21.0,3444,1480.737653
8.0,1583,1481.446754
22.0,3261,1482.966853
32.0,3772,1484.676446
17.0,2944,1486.026067
25.0,3829,1487.893959
17.0,2044,1488.89648
25.0,3438,1490.593208
57.0,5609,1493.474577
29.0,2743,1494.849405
41.0,3940,1496.882787
8.0,1646,1497.800889
31.0,3800,1499.686134
38.0,4514,1500.92007
20.0,2524,1502.10145
53.0,5228,1504.644699
29.0,2899,1506.092338
42.0,4357,1508.124527
24.0,2113,1509.094067
18.0,2607,1510.42631
36.0,3216,1512.008037
64.0,5164,1514.589443
31.0,3758,1516.579129
39.0,3708,1518.478305
20.0,3253,1519.960637
47.0,4605,1522.182575
11.0,2071,1523.131231
17.0,2939,1524.486664
19.0,2921,1525.870293
39.0,4672,1532.688016
44.0,4575,1534.048082
28.0,3348,1535.70933
33.0,4183,1537.935282
28.0,3847,1539.809213
38.0,3819,1541.645644
30.0,3366,1543.244622
18.0,2677,1544.554561
28.0,3707,1546.343876
16.0,2933,1547.75767
20.0,2582,1549.018456
41.0,4396,1551.151788
26.0,2628,1552.446148
22.0,3613,1554.283973
11.0,1929,1555.238873
32.0,3423,1557.028218
63.0,4642,1559.340971
12.0,2065,1560.316116
26.0,3263,1561.832865
25.0,2854,1563.241484
38.0,3494,1564.031442
71.0,6525,1567.197251
44.0,4060,1569.225241
15.0,2499,1570.448508
41.0,4579,1572.756932
58.0,5304,1575.440174
14.0,2464,1576.693623
43.0,4369,1578.812624
32.0,3701,1586.908758
51.0,4476,1589.122998
39.0,4320,1591.219845
31.0,2993,1592.767839
65.0,5554,1595.60441
4.0,1117,1595.306654
40.0,4343,1597.454165
35.0,3278,1598.993712
31.0,3483,1600.665366
21.0,3759,1602.453242
37.0,4287,1604.532596
44.0,4240,1606.644419
28.0,3628,1608.370632
28.0,3090,1609.885479
48.0,5000,1612.335681
25.0,3319,1613.950576
52.0,5087,1616.521322
84.0,6419,1619.708396
31.0,4664,1621.978821
60.0,5733,1624.717184
49.0,4797,1627.034853
29.0,3284,1627.727198
23.0,3321,1629.29696
26.0,3349,1630.948832
39.0,4360,1633.172137
7.0,1413,1633.842994
32.0,3857,1641.238935
70.0,5706,1644.005011
19.0,3251,1645.617317
16.0,2728,1646.944705
44.0,4221,1648.999444
22.0,2620,1650.310891
20.0,3068,1651.836472
37.0,3801,1653.946426
60.0,5223,1657.100441
39.0,3931,1658.784255
44.0,4471,1661.794565
50.0,4024,1664.402047
19.0,3203,1666.257878
75.0,7132,1670.567977
63.0,6227,1674.550784
54.0,5170,1677.928231
29.0,3924,1680.512144
25.0,3764,1682.761021
44.0,4599,1685.478967
74.0,5855,1689.246733
106.0,6782,1692.82338
35.0,3824,1695.252425
62.0,5424,1698.439368
63.0,4684,1710.579838
48.0,4668,1713.305429
28.0,3748,1715.515388
46.0,4372,1718.29753
66.0,5948,1722.20588
41.0,4135,1723.938055
58.0,5651,1727.435053
38.0,4146,1730.221521
39.0,4229,1733.101269
40.0,4444,1735.901176
63.0,5630,1739.670103
33.0,3923,1742.306552
35.0,4242,1745.296125
79.0,5686,1749.059266
32.0,4186,1751.744698
48.0,5119,1754.29545
55.0,5347,1757.590549
82.0,5676,1761.30625
35.0,3677,1763.75042
55.0,4978,1766.904566
50.0,4535,1769.615377
43.0,3848,1781.819889
40.0,4772,1784.625355
62.0,5395,1786.994876
56.0,4932,1790.335479
65.0,5148,1793.636908
50.0,4114,1796.154568
66.0,5252,1799.353945
15.0,2766,1801.000186
44.0,4329,1803.764029
59.0,5490,1807.50685
265.0,5359,1811.122651
65.0,5621,1814.563081
45.0,4591,1817.417918
39.0,4027,1819.38702
33.0,3984,1822.041709
33.0,3337,1824.288623
72.0,6269,1828.044276
73.0,6087,1831.79288
46.0,4221,1834.634865
28.0,3711,1837.112901
38.0,4523,1840.10727
52.0,4148,1842.586579
54.0,5580,1854.583543
27.0,3074,1856.409994
15.0,2836,1858.165008
44.0,4180,1860.772735
37.0,3711,1863.332477
66.0,5353,1867.054985
48.0,4943,1870.217119
38.0,4002,1872.729097
59.0,5766,1876.40949
64.0,4870,1879.768395
74.0,6357,1883.110959
59.0,6172,1886.863612
44.0,3620,1889.257048
51.0,5187,1892.681209
31.0,4160,1895.525556
51.0,5265,1899.075057
74.0,4636,1902.192646
51.0,4735,1905.359562
59.0,5276,1908.82613
69.0,5236,1911.474225
98.0,6121,1915.648026
44.0,3005,1917.672147
23.0,3502,1931.362133
75.0,5268,1934.795019
77.0,5896,1938.766291
41.0,4201,1941.557884
59.0,4642,1943.812985
79.0,6280,1948.080352
47.0,4005,1950.882132
96.0,6182,1955.173221
59.0,5458,1958.826416
65.0,4645,1962.01353
80.0,5602,1965.781333
94.0,6955,1970.626371
93.0,6534,1975.018388
69.0,4761,1977.394786
36.0,4465,1980.398065
58.0,5188,1983.968061
36.0,4319,1987.036072
96.0,4805,1990.375521
85.0,6540,1994.899741
58.0,4455,2009.765015
54.0,5316,2013.028263
32.0,3385,2015.085799
91.0,6042,2018.749821
61.0,4243,2021.349088
59.0,5132,2024.56118
47.0,4665,2027.412974
61.0,5635,2030.863348
91.0,6849,2035.097328
84.0,5728,2038.565966
72.0,5422,2041.034367
83.0,6764,2045.163004
78.0,6185,2048.940988
96.0,5283,2052.255037
90.0,5888,2055.803819
161.0,6507,2060.00828
74.0,6113,2064.284268
66.0,5184,2067.921127
46.0,2597,2069.680977
72.0,6213,2085.735513
185.0,6401,2090.127948
57.0,4939,2093.637714
75.0,5652,2097.614545
83.0,6497,2101.802694
89.0,5763,2104.999712
83.0,6005,2108.917274
134.0,4125,2111.449532
57.0,4696,2114.394201
81.0,6294,2118.732731
111.0,5878,2122.753687
54.0,4113,2125.293168
94.0,5461,2128.713287
72.0,5488,2132.443903
91.0,6455,2136.064876
86.0,6709,2140.237294
73.0,5198,2143.486993
132.0,6527,2148.000808
62.0,3885,2163.539174
63.0,4500,2165.642587
54.0,5524,2169.114287
79.0,5550,2172.654571
32.0,3880,2175.410243
76.0,4273,2178.350606
48.0,4499,2181.295808
74.0,5589,2184.78283
59.0,4674,2187.847293
57.0,5094,2191.482171
79.0,5220,2195.20357
82.0,5358,2197.748999
62.0,4932,2200.893906
53.0,3586,2203.339682
103.0,7034,2208.286966
89.0,5454,2211.804716
88.0,6246,2215.723126
47.0,5027,2219.299046
52.0,4486,2222.501573
53.0,5105,2225.905694
53.0,5015,2240.855002
102.0,6759,2245.194449
62.0,5559,2249.047539
142.0,4618,2252.369263
20.0,2738,2254.299718
40.0,3650,2256.626096
73.0,5187,2259.916766
85.0,4427,2262.101521
66.0,5162,2265.767138
73.0,3693,2268.301354
52.0,4846,2271.327667
73.0,3895,2273.736526
66.0,4955,2277.10233
56.0,5391,2280.886022
292.0,7642,2285.893084
83.0,5424,2289.305367
80.0,5854,2292.431905
118.0,6774,2297.137361
63.0,5081,2300.337399
73.0,5289,2303.671124
90.0,5471,2319.950177
113.0,6206,2323.444051
99.0,6953,2328.110798
77.0,4891,2331.148118
82.0,5235,2334.568868
115.0,3949,2337.301967
98.0,5300,2341.085585
63.0,5082,2344.263644
58.0,5713,2347.882723
61.0,5076,2351.511841
172.0,6357,2355.10461
155.0,7306,2360.265785
109.0,6014,2364.668693
82.0,5137,2368.366089
92.0,5600,2372.340205
34.0,3974,2375.082989
110.0,6193,2379.370849
62.0,5853,2383.477906
125.0,7584,2399.218683
94.0,5233,2402.962299
101.0,5600,2406.90068
51.0,3686,2409.550889
84.0,6156,2413.891856
70.0,5230,2417.627434
78.0,6472,2421.422805
162.0,6129,2425.832361
62.0,5255,2429.556556
105.0,6019,2433.869795
38.0,4195,2436.834364
66.0,4640,2440.087256
179.0,5050,2443.653379
157.0,5778,2447.68846
276.0,6919,2451.688824
72.0,5084,2455.225835
88.0,6108,2459.60747
67.0,4738,2462.955269
162.0,6396,2482.672853
58.0,5679,2486.630079
128.0,5920,2490.900705
139.0,6984,2495.904579
129.0,6556,2500.528381
256.0,7260,2505.730723
158.0,6213,2510.154775
106.0,6044,2513.601334
58.0,5300,2517.332477
38.0,4422,2520.506797
45.0,4656,2523.067383
155.0,7224,2527.413665
115.0,6438,2531.763154
64.0,5788,2534.719638
53.0,5466,2537.809279
172.0,7045,2542.47977
80.0,4823,2544.435578
67.0,5725,2558.200397
77.0,5086,2560.846336
56.0,3923,2562.831677
35.0,4170,2564.885584
212.0,6210,2568.81411
83.0,6313,2573.287006
270.0,7531,2576.252991
89.0,5426,2579.034121
67.0,5444,2582.187871
239.0,6357,2586.676683
59.0,4868,2590.20778
48.0,4190,2593.069992
67.0,5537,2596.935132
77.0,5397,2600.772026
88.0,5484,2604.553533
54.0,5234,2607.361722
126.0,5979,2611.640943
103.0,6394,2616.164902
103.0,6350,2630.159978
72.0,6319,2634.639748
80.0,6256,2639.157722
116.0,5987,2642.48352
132.0,7041,2647.512561
85.0,6039,2651.736623
51.0,4412,2654.867211
85.0,6003,2659.164377
42.0,4870,2662.767308
67.0,4678,2666.144106
36.0,4052,2669.009192
58.0,4617,2671.350968
42.0,4314,2674.430342
71.0,5439,2678.23562
77.0,4935,2681.784717
265.0,6444,2686.448067
72.0,4575,2689.759215
78.0,5384,2693.682636
91.0,5989,2698.002373
55.0,4990,2714.112245
103.0,5890,2718.219302
30.0,3596,2720.713837
64.0,4967,2724.242489
65.0,5345,2727.902651
82.0,5073,2731.328009
59.0,4477,2734.11174
90.0,5516,2736.69918
79.0,5480,2740.130576
100.0,4719,2743.089971
18.0,2723,2744.772348
93.0,5521,2748.253396
72.0,4586,2751.109574
80.0,5857,2754.736331
110.0,6179,2758.668136
83.0,4428,2761.468798
98.0,6110,2765.282171
36.0,4045,2766.945932
74.0,5333,2770.287993
33.0,3498,2772.551438
61.0,5337,2775.857483
79.0,4988,2788.614401
56.0,4296,2791.335289
90.0,5899,2795.046156
76.0,4952,2797.263903
109.0,5753,2800.932252
77.0,6036,2804.811199
63.0,5550,2808.293535
76.0,5812,2811.985437
59.0,4590,2814.864307
114.0,6241,2818.751563
73.0,5348,2822.099646
18.0,2338,2823.57231
92.0,5148,2826.735457
112.0,6197,2829.722314
206.0,5912,2833.398791
104.0,6686,2837.532274
46.0,4846,2840.552964
75.0,4840,2843.588022
321.0,7824,2859.845101
54.0,5517,2862.427419
146.0,6816,2866.718418
98.0,5910,2870.430333
88.0,5639,2873.918676
65.0,5562,2877.366278
112.0,5222,2880.653993
107.0,5333,2883.975099
67.0,4115,2886.576834
41.0,4403,2889.652459
92.0,6335,2893.228792
85.0,5782,2897.366736
125.0,7334,2902.733221
143.0,6680,2907.555347
77.0,4788,2910.987978
104.0,5579,2914.97207
92.0,5783,2918.834087
86.0,3234,2920.875511
109.0,5426,2924.263372
41.0,3183,2937.699621
124.0,6797,2942.293903
90.0,5066,2945.841606
107.0,5751,2949.559864
103.0,5518,2953.013363
168.0,5452,2955.882909
148.0,6842,2960.765213
115.0,5682,2964.36006
117.0,5813,2968.209467
117.0,6243,2972.594695
108.0,6103,2976.607468
77.0,4827,2979.628521
124.0,5781,2983.449257
85.0,4424,2986.508988
47.0,3481,2988.046911
141.0,6807,2992.481368
71.0,5123,2995.659814
51.0,5493,2999.516988
88.0,4994,3016.231851
161.0,8252,3020.814499
126.0,6739,3025.065714
213.0,6788,3029.827035
113.0,6157,3034.060548
267.0,4285,3036.737476
151.0,6616,3041.021708
95.0,6758,3045.915543
48.0,4663,3049.125025
223.0,7436,3052.928914
168.0,4563,3055.745612
129.0,6704,3060.404484
297.0,7783,3065.851983
138.0,6514,3069.951254
22.0,3266,3072.002818
69.0,4946,3075.431717
23.0,1719,3076.600867
102.0,6680,3091.995419
74.0,6290,3096.535064
23.0,3183,3098.778113
114.0,6970,3103.121754
75.0,5681,3106.716439
110.0,7045,3111.680758
65.0,5977,3114.835398
259.0,7047,3119.316257
76.0,5037,3122.748906
83.0,4780,3126.004328
39.0,4094,3128.79714
172.0,6552,3132.982851
134.0,6521,3137.22719
112.0,6505,3141.880242
6.0,1473,3142.948459
144.0,6981,3146.54842
48.0,3985,3149.079887
25.0,3498,3151.406571
100.0,6738,3156.119365
172.0,7126,3172.934091
120.0,5585,3176.392428
126.0,5936,3179.421468
27.0,3024,3181.614022
102.0,6238,3186.187074
23.0,2822,3187.947156
110.0,5403,3191.417863
331.0,5782,3195.22705
86.0,5566,3199.211704
299.0,3912,3201.89228
127.0,7213,3206.390177
87.0,6770,3210.13104
83.0,4903,3213.63611
126.0,5665,3217.467165
71.0,4212,3220.105881
151.0,5047,3223.306375
90.0,5439,3227.135307
35.0,3844,3229.830711
63.0,4434,3232.717114
132.0,5931,3246.24725
57.0,3531,3248.411481
58.0,4008,3250.927911
76.0,4951,3254.289332
104.0,5754,3258.239413
46.0,4108,3260.926469
136.0,6582,3265.075825
73.0,5029,3268.389967
122.0,6280,3271.814296
66.0,5184,3275.311881
45.0,4396,3278.104835
242.0,6873,3282.540183
104.0,6384,3287.017387
116.0,6729,3291.487334
46.0,4590,3294.3771
95.0,5911,3298.455748
25.0,3668,3301.179147
110.0,5067,3303.873945
112.0,5945,3307.662954
37.0,3119,3309.666789
117.0,6295,3325.329886
74.0,4626,3328.586484
72.0,5964,3332.859725
162.0,6577,3336.665948
71.0,5067,3340.166613
58.0,4123,3342.994109
270.0,6488,3348.424942
36.0,3962,3350.859048
61.0,4080,3353.023217
248.0,4489,3355.461176
223.0,4198,3357.6827
71.0,4866,3360.407181
274.0,6613,3364.061675
118.0,5759,3366.428685
107.0,5944,3369.420041
68.0,4256,3371.584922
71.0,5611,3375.173305
70.0,5597,3378.177292
111.0,5542,3380.840686
149.0,5759,3396.111432
89.0,5262,3398.513844
113.0,6340,3402.940554
66.0,6115,3407.170362
99.0,4345,3409.930346
198.0,6057,3413.734971
259.0,7092,3418.789487
92.0,6498,3423.099374
102.0,5948,3426.869954
47.0,4923,3429.308008
99.0,6488,3434.020349
100.0,5738,3437.928059
244.0,7722,3442.89585
115.0,5961,3447.124801
54.0,5002,3450.692602
93.0,5882,3454.430905
147.0,6079,3458.323591
58.0,4960,3472.955911
88.0,4974,3476.491794
56.0,4886,3479.978083
103.0,5832,3483.68975
89.0,4924,3486.764349
123.0,6430,3491.536785
76.0,5573,3494.523113
283.0,4443,3497.38624
213.0,6385,3501.499747
111.0,5650,3505.558891
82.0,5173,3509.24236
65.0,4103,3511.828515
152.0,5640,3515.437712
216.0,5645,3518.991896
71.0,5278,3522.570752
285.0,7248,3526.830494
81.0,5882,3530.564802
139.0,6387,3534.552481
130.0,7416,3551.255039
262.0,6341,3555.742864
81.0,5349,3558.661846
181.0,7259,3563.710463
322.0,8082,3569.158762
102.0,5968,3572.959679
165.0,6820,3577.641127
112.0,5705,3581.787436
56.0,4695,3584.866348
105.0,4762,3587.868489
247.0,5404,3590.596271
194.0,5957,3594.420978
107.0,5743,3597.283878
59.0,5426,3599.994371
68.0,4583,3602.292399
92.0,4791,3604.69302
52.0,4543,3606.991729
115.0,6981,3610.596408
109.0,5697,3622.731652
135.0,7597,3626.507707
71.0,5778,3629.292774
34.0,4286,3631.342603
187.0,5143,3633.786935
92.0,4947,3636.149577
64.0,5608,3639.303401
84.0,6101,3643.58582
39.0,3725,3646.128561
124.0,5870,3650.016755
218.0,6175,3653.032256
105.0,5711,3656.91022
28.0,3809,3659.615203
92.0,6054,3663.641464
68.0,4063,3666.23061
64.0,3388,3668.403328
96.0,6416,3672.891645
87.0,5986,3677.281446
108.0,6070,3691.94679
92.0,6002,3695.839257
69.0,5481,3699.548335
130.0,5800,3703.754566
213.0,5241,3707.381104
53.0,3568,3709.646222
83.0,6109,3713.601387
39.0,4411,3715.853122
55.0,4057,3718.857654
51.0,4119,3721.759258
49.0,4620,3724.724967
322.0,4151,3727.306096
243.0,4251,3730.347835
70.0,5225,3734.113674
156.0,5957,3738.116471
143.0,7353,3742.812181
113.0,6316,3746.474116
106.0,6256,3750.852139
68.0,5872,3754.566736
186.0,6815,3771.85229
59.0,4801,3775.168556
168.0,4494,3777.505616
212.0,7181,3782.10196
120.0,6520,3786.350634
121.0,6415,3791.000906
82.0,5379,3794.627296
77.0,5600,3798.167281
271.0,6820,3802.62524
105.0,5468,3806.467747
249.0,4028,3809.212121
190.0,4507,3811.180158
52.0,4081,3813.754638
30.0,2576,3815.370543
99.0,5701,3819.362744
44.0,5084,3822.849509
116.0,4790,3825.871961
277.0,4372,3828.629585
79.0,3989,3831.216708
102.0,5623,3835.141501
320.0,5145,3849.061151
125.0,6853,3853.863093
99.0,5752,3857.531855
189.0,6546,3862.042161
140.0,6068,3866.011327
213.0,7472,3871.273227
216.0,6211,3874.693782
119.0,5897,3878.495456
160.0,6602,3882.899958
313.0,7097,3887.851982
40.0,4470,3890.878552
118.0,6039,3895.094646
115.0,6520,3899.682271
229.0,5095,3903.252996
265.0,5582,3906.422991
113.0,5998,3910.559123
304.0,4428,3913.624098
232.0,4638,3927.835943
90.0,5069,3931.049134
167.0,5896,3935.173265
293.0,3430,3936.752212
113.0,5278,3940.184086
114.0,5955,3943.894985
145.0,5291,3947.466783
340.0,4855,3950.898431
112.0,6057,3954.900538
372.0,6740,3959.039086
295.0,5908,3963.018922
216.0,6543,3967.604009
249.0,5643,3970.346185
123.0,5998,3974.151946
50.0,4835,3977.148667
144.0,6091,3980.9289
72.0,4478,3983.697489
120.0,6102,3987.532923
61.0,3902,3990.009761
348.0,5000,4002.817184
91.0,5203,4006.139637
46.0,4584,4009.099513
269.0,5914,4012.78716
219.0,6351,4016.757612
165.0,6239,4020.690779
88.0,4744,4023.684005
129.0,6073,4027.638205
172.0,6843,4031.549567
350.0,5719,4035.115924
175.0,3828,4037.521648
136.0,6750,4042.270373
78.0,4641,4045.600423
95.0,5322,4049.010187
102.0,4859,4052.093361
314.0,6956,4057.04422
244.0,5077,4060.681585
97.0,5834,4063.487824
290.0,6580,4080.513036
46.0,5615,4084.342916
286.0,2696,4086.21114
156.0,5951,4090.256798
207.0,5141,4093.533468
322.0,4779,4095.599926
266.0,7331,4100.716058
108.0,6109,4104.791811
131.0,6924,4109.214832
142.0,6122,4113.360324
246.0,7568,4118.776888
81.0,4255,4121.506965
148.0,6374,4125.594656
166.0,6958,4129.669759
98.0,5199,4133.305922
177.0,6006,4137.107898
110.0,6351,4141.181943
223.0,5899,4157.81114
149.0,5769,4161.723656
117.0,5770,4165.318856
85.0,4668,4168.257235
64.0,3296,4170.536406
227.0,6464,4175.046616
140.0,6469,4179.248942
90.0,4736,4182.197583
83.0,5160,4185.606026
43.0,3584,4188.136729
91.0,4485,4190.348716
255.0,7333,4195.041618
122.0,5917,4198.892308
257.0,6147,4203.268386
139.0,6486,4207.640094
91.0,5919,4211.38181
98.0,4675,4214.445857
64.0,6022,4217.654455
123.0,6005,4220.490049
210.0,5287,4232.449954
186.0,4851,4235.50499
150.0,6875,4239.986291
141.0,6962,4244.906816
85.0,5459,4248.525967
47.0,3543,4250.7803
194.0,7489,4254.659241
98.0,4900,4257.786084
48.0,3781,4260.43358
113.0,6082,4264.792329
210.0,6142,4268.78405
97.0,4124,4271.358405
136.0,5647,4275.048634
298.0,6662,4279.666699
238.0,6393,4283.856217
11.0,2117,4284.316545
301.0,6527,4288.505065
135.0,7044,4293.667762
116.0,5626,4309.041999
182.0,5612,4312.670864
43.0,3751,4315.023621
205.0,8275,4319.752939
88.0,5139,4323.481486
173.0,7152,4328.063111
169.0,6375,4332.103853
271.0,6947,4336.558203
242.0,5263,4339.952639
144.0,6591,4344.606577
133.0,5399,4347.444853
212.0,7265,4352.035645
256.0,5268,4355.594826
286.0,6593,4360.245552
167.0,7142,4364.870819
137.0,6160,4368.717391
61.0,4948,4380.45066
110.0,5657,4383.857072
243.0,3457,4385.6632
122.0,6529,4389.121804
142.0,3368,4391.147911
140.0,7434,4395.580353
319.0,4935,4398.112307
186.0,6153,4402.378721
318.0,4358,4405.119558
136.0,6093,4408.590378
127.0,6855,4411.34191
257.0,6720,4414.853552
156.0,4723,4417.273306
260.0,4983,4420.023483
131.0,6818,4424.932676
218.0,5359,4428.751338
193.0,6745,4433.58679
109.0,5876,4437.783376
147.0,6444,4455.648839
68.0,4201,4458.596817
141.0,6184,4462.969989
169.0,4374,4466.044856
130.0,5972,4470.324871
177.0,6708,4474.18133
117.0,6241,4478.619087
223.0,5834,4482.817358
185.0,5701,4486.858378
167.0,6053,4491.235219
195.0,6855,4496.006494
143.0,6335,4500.593982
155.0,4051,4503.522889
53.0,5061,4506.19732
184.0,5042,4509.793601
207.0,7094,4514.869054
138.0,5693,4518.959453
174.0,5219,4522.65323
154.0,6220,4540.839884
115.0,5902,4544.952604
111.0,4485,4548.12408
128.0,5555,4552.058639
227.0,7446,4557.196965
93.0,4511,4560.349025
201.0,7172,4565.353723
61.0,4538,4567.658944
240.0,6785,4572.501193
295.0,5813,4576.632712
129.0,5867,4580.810314
56.0,5690,4584.823246
71.0,4837,4588.247171
231.0,6303,4592.756358
110.0,5662,4596.738895
110.0,4644,4600.018619
228.0,6221,4603.562393
357.0,6632,4625.216639
171.0,6813,4630.08509
146.0,5708,4633.239038
131.0,5876,4637.27197
287.0,7100,4642.289527
111.0,5778,4646.342261
184.0,5415,4650.171903
276.0,6753,4654.97739
221.0,6102,4659.343118
258.0,6495,4663.010832
242.0,5994,4667.17863
75.0,4434,4670.300093
265.0,5108,4673.815164
194.0,6928,4678.738657
108.0,6385,4683.200023
150.0,6196,4687.577574
171.0,6861,4692.422013
202.0,6588,4708.68071
213.0,5653,4712.655627
276.0,6304,4717.097794
114.0,5556,4720.975507
135.0,6755,4725.703933
186.0,7046,4729.777381
260.0,6781,4734.527262
70.0,5545,4738.441931
117.0,5858,4742.599767
89.0,4878,4746.029674
156.0,4783,4749.389329
267.0,5151,4752.953759
287.0,8073,4757.814102
142.0,5710,4761.897105
38.0,4490,4765.049797
106.0,5045,4768.605246
81.0,5443,4772.468339
234.0,5232,4790.074083
133.0,6217,4794.447051
290.0,6624,4799.1659
184.0,7110,4804.146516
86.0,6184,4808.470924
70.0,4191,4811.42631
274.0,7940,4816.954143
141.0,7310,4821.199709
105.0,6854,4825.945517
104.0,5014,4829.453283
105.0,4990,4832.955826
234.0,4579,4836.154025
179.0,5362,4839.88065
264.0,6178,4844.14091
160.0,5279,4847.838816
215.0,6681,4852.577094
104.0,5316,4855.309139
194.0,6042,4874.199816
149.0,7114,4879.195661
151.0,6865,4884.033417
107.0,5734,4887.155226
211.0,6423,4891.672144
333.0,7102,4896.715262
211.0,5675,4900.696727
113.0,4668,4904.013583
204.0,7024,4908.949845
178.0,6398,4913.44015
163.0,6552,4917.097993
6.0,1449,4918.102391
196.0,5628,4922.0443
121.0,5039,4925.575099
125.0,3750,4928.209858
222.0,4662,4931.465208
274.0,6007,4935.680457
190.0,6433,4940.175587
143.0,4536,4956.883118
315.0,5949,4961.04735
152.0,4440,4964.136191
239.0,6603,4968.818046
29.0,2968,4970.862804
231.0,7938,4976.446933
180.0,5052,4979.041013
93.0,6286,4983.446321
239.0,6812,4988.295572
123.0,5863,4992.442827
178.0,5526,4996.273235
201.0,7071,5001.202374
243.0,5872,5005.340007
161.0,6140,5009.682138
130.0,6443,5012.61768
196.0,7031,5015.990392
287.0,3907,5017.824279
198.0,6581,5028.797296
115.0,6286,5031.823106
261.0,4820,5034.152002
210.0,5698,5036.880651
167.0,6016,5039.805345
154.0,5113,5042.263693
190.0,4706,5043.667203
188.0,5824,5046.461283
129.0,5227,5048.969212
236.0,5035,5051.394691
168.0,4531,5053.562559
102.0,6514,5056.877866
266.0,5742,5059.845971
200.0,7258,5063.550893
111.0,6158,5066.735454
152.0,6916,5070.112791
148.0,6035,5073.034672
142.0,6155,5076.191715
132.0,6765,5093.892345
191.0,5832,5097.604625
213.0,5148,5100.85667
127.0,5045,5104.491267
192.0,7010,5108.64615
180.0,7158,5113.412199
281.0,6176,5117.336995
248.0,3904,5120.079525
223.0,7344,5125.444566
213.0,6370,5129.478309
233.0,6721,5133.832439
175.0,5687,5137.046704
156.0,6206,5141.335457
162.0,6580,5145.581167
214.0,7178,5150.573933
250.0,5831,5154.780455
45.0,4677,5157.810097
245.0,7135,5175.18858
213.0,7165,5180.282205
132.0,6584,5184.996218
192.0,6230,5188.946763
102.0,4754,5191.973019
147.0,6718,5196.971952
137.0,5295,5200.623397
156.0,4652,5202.684589
346.0,7700,5207.612273
199.0,6186,5212.047261
297.0,6489,5216.264661
42.0,4183,5218.902717
112.0,6690,5223.369945
215.0,6338,5227.993689
261.0,6335,5232.125043
177.0,6284,5235.240647
101.0,4818,5252.263304
218.0,6474,5256.891896
132.0,6495,5261.06293
90.0,5644,5263.78246
207.0,6756,5268.641596
175.0,3901,5271.455195
225.0,6675,5275.735898
202.0,6927,5280.245712
311.0,7739,5285.780814
222.0,6896,5290.424664
233.0,6509,5294.53166
193.0,7685,5299.074638
111.0,6738,5303.511249
167.0,7051,5307.923769
146.0,6269,5312.314854
143.0,7513,5328.879778
229.0,6121,5332.908709
152.0,7090,5337.360789
259.0,6983,5342.284651
161.0,7327,5347.189814
91.0,5254,5350.487164
35.0,4165,5353.205824
181.0,5787,5357.173662
124.0,5013,5359.739228
237.0,3396,5361.899858
218.0,6379,5365.837287
56.0,4407,5368.89959
251.0,6776,5373.666056
132.0,6790,5377.996353
207.0,7335,5382.749413
176.0,6117,5387.014122
48.0,4115,5389.775972
92.0,5669,5392.473431
74.0,4151,5407.928048
73.0,6235,5410.944446
266.0,5992,5413.871814
186.0,5320,5416.455718
207.0,6270,5419.52371
158.0,6451,5421.7537
167.0,7162,5425.192393
211.0,6536,5428.350359
57.0,4296,5430.486192
252.0,5460,5433.173984
186.0,5355,5435.760137
274.0,3011,5437.202517
195.0,6598,5440.459967
179.0,6201,5443.671399
135.0,6240,5446.768392
193.0,6912,5450.225801
194.0,7277,5454.083394
138.0,6534,5475.900731
213.0,5483,5479.724893
155.0,4366,5482.617251
149.0,6073,5484.610982
152.0,6693,5487.798063
337.0,6813,5491.012455
314.0,7529,5494.648231
188.0,6107,5497.562806
254.0,7950,5501.713665
310.0,6546,5505.16874
266.0,6890,5508.566353
163.0,3104,5510.075929
307.0,8266,5515.026366
191.0,6469,5518.75342
220.0,4864,5522.209682
171.0,4879,5525.770036
205.0,7286,5546.660247
302.0,5039,5549.331716
219.0,7082,5554.314375
178.0,6508,5558.988919
236.0,6334,5563.563185
203.0,5739,5567.670303
247.0,6924,5572.677625
180.0,5838,5576.800531
283.0,3547,5579.359731
82.0,4717,5581.885879
254.0,7888,5587.477148
177.0,7725,5593.001194
176.0,3882,5595.754394
221.0,6442,5600.461393
176.0,6402,5605.135763
220.0,7594,5610.550549
142.0,5876,5613.898039
289.0,5039,5633.073452
192.0,6202,5637.444751
245.0,8390,5643.247267
243.0,4103,5645.238735
194.0,4378,5648.38425
126.0,5669,5652.470352
223.0,6528,5657.156523
252.0,5316,5660.925454
317.0,6941,5665.915419
84.0,4621,5669.237274
40.0,3825,5671.941002
239.0,6759,5675.931057
278.0,6619,5680.680031
207.0,5174,5684.341532
169.0,5844,5688.476784
291.0,7560,5693.884888
343.0,6929,5698.786549
297.0,6617,5720.743577
172.0,5486,5724.675999
197.0,4704,5728.002952
100.0,5965,5732.183038
202.0,6927,5737.060189
178.0,7343,5741.431405
210.0,6745,5746.180395
179.0,6208,5750.609062
142.0,6860,5755.479391
160.0,5591,5759.53462
205.0,5432,5763.429632
263.0,7305,5768.749404
166.0,5396,5771.731555
198.0,7917,5777.454928
147.0,6301,5782.012294
294.0,6568,5786.700935
248.0,5814,5804.939937
174.0,5732,5809.015449
245.0,6051,5813.366847
119.0,5613,5817.319041
134.0,5695,5821.368497
163.0,5858,5825.637781
178.0,5042,5829.288873
196.0,6446,5833.089854
238.0,7310,5838.413344
235.0,8419,5844.630323
188.0,5027,5848.30868
103.0,7100,5853.487902
246.0,5130,5857.278817
200.0,5907,5861.68212
124.0,6289,5865.3548
115.0,4674,5868.646623
160.0,5803,5872.761694
151.0,5901,5888.506915
50.0,4973,5892.068128
216.0,7196,5896.255581
189.0,6874,5901.237181
73.0,4208,5904.241569
91.0,5181,5908.031786
310.0,6993,5913.052593
202.0,5841,5917.250697
247.0,5384,5921.13593
254.0,6779,5926.130452
202.0,6355,5929.942538
194.0,5770,5934.100063
67.0,5114,5937.762235
303.0,7174,5942.906662
118.0,5696,5947.005695
245.0,7586,5952.412747
192.0,5352,5956.238133
298.0,7350,5975.502395
302.0,6440,5980.171093
207.0,6981,5985.124689
195.0,7374,5990.47055
302.0,5092,5993.271842
42.0,4923,5996.79507
198.0,6744,6001.688089
283.0,6256,6006.25857
136.0,5187,6009.981841
205.0,5297,6013.767176
186.0,7064,6018.809276
198.0,4385,6021.954394
210.0,6001,6025.442436
123.0,6121,6029.825665
177.0,7827,6035.425977
211.0,5969,6039.720572
63.0,5282,6058.365255
131.0,6204,6062.333751
291.0,7931,6067.594172
248.0,6514,6072.2564
244.0,6408,6076.645623
234.0,6979,6081.116973
170.0,3474,6083.572207
71.0,5280,6086.480621
344.0,5276,6089.970532
250.0,6527,6094.088079
262.0,7569,6099.154132
240.0,5720,6103.289472
170.0,6336,6107.371667
243.0,6539,6111.534505
256.0,9046,6116.903067
220.0,7414,6121.838266
297.0,7601,6140.623734
91.0,5070,6144.237849
212.0,6462,6148.896514
122.0,6922,6152.313708
183.0,5901,6156.129088
162.0,5039,6159.628556
212.0,5760,6163.71178
325.0,8164,6168.843519
218.0,6662,6173.409531
174.0,5763,6177.625494
264.0,5616,6180.288684
270.0,7887,6184.060869
137.0,5306,6186.634641
251.0,4824,6188.995091
290.0,6662,6192.198821
103.0,5313,6194.753339
244.0,7687,6210.595958
228.0,4686,6212.946979
229.0,6407,6217.549012
273.0,6623,6221.812269
298.0,4559,6224.630699
179.0,7707,6229.817446
313.0,6575,6234.281953
74.0,5141,6237.53518
109.0,6601,6241.819992
255.0,5385,6243.898297
264.0,5966,6247.119422
68.0,5223,6250.506896
285.0,7064,6254.409529
79.0,5367,6257.894548
154.0,6167,6261.633718
257.0,4589,6263.925436
229.0,2334,6265.037438
300.0,7555,6268.910668
259.0,6064,6282.270439
64.0,5332,6285.407699
206.0,7106,6289.92266
186.0,6526,6294.237641
264.0,7050,6299.279001
250.0,6868,6303.621316
259.0,5059,6306.814128
118.0,6301,6310.360761
254.0,8035,6315.910317
239.0,4781,6318.975554
270.0,7225,6323.884251
297.0,7099,6328.923284
86.0,5036,6332.144845
173.0,6423,6336.213493
301.0,8428,6341.332438
304.0,6568,6359.920506
259.0,7370,6364.515602
187.0,6407,6369.121562
245.0,4753,6371.577072
170.0,8006,6376.871094
230.0,5930,6380.573944
252.0,6736,6385.226885
164.0,6546,6389.736825
77.0,5212,6392.958351
258.0,7862,6398.124648
296.0,5620,6402.026976
67.0,5401,6404.768562
279.0,6948,6409.236091
161.0,5424,6412.923188
189.0,7218,6418.121305
227.0,5940,6421.863481
267.0,5109,6436.823407
231.0,5388,6440.263223
268.0,6677,6444.999464
251.0,5640,6448.903421
321.0,7217,6453.499103
266.0,7364,6458.67667
105.0,5651,6462.688014
307.0,6933,6466.114506
216.0,7566,6471.11061
241.0,7574,6476.396044
250.0,6188,6480.304859
202.0,6356,6484.425681
75.0,5156,6487.697023
165.0,6702,6491.996479
210.0,6935,6496.736805
206.0,6150,6499.996141
238.0,6949,6518.086409
223.0,3788,6520.430992
176.0,4658,6523.671987
244.0,6124,6527.88657
93.0,3912,6529.478402
266.0,7364,6534.071749
259.0,6434,6538.541707
35.0,3885,6541.249274
249.0,5064,6544.550802
182.0,5481,6548.065093
309.0,7299,6553.101771
212.0,5705,6557.268373
254.0,7313,6561.112634
212.0,6448,6565.446295
299.0,7022,6570.545487
236.0,6443,6574.85437
50.0,4082,6577.50265
179.0,6879,6593.68252
174.0,4936,6597.276041
296.0,7239,6602.234736
168.0,4024,6604.790131
202.0,6744,6609.269345
123.0,5998,6613.62486
278.0,6456,6618.008563
268.0,8434,6622.594877
227.0,5840,6626.778984
251.0,7139,6631.738056
309.0,7383,6636.442863
174.0,6295,6640.809212
110.0,5919,6644.953178
328.0,8169,6650.113345
302.0,5501,6653.646245
275.0,5373,6656.573863
264.0,5265,6675.555871
220.0,6607,6679.686914
184.0,4960,6682.991079
269.0,7268,6687.373969
225.0,6487,6691.590776
215.0,5918,6695.331043
136.0,7092,6700.283861
151.0,4493,6703.490901
149.0,6310,6707.473285
282.0,7167,6712.079036
230.0,7501,6717.379544
204.0,7552,6721.475941
250.0,6514,6725.626752
202.0,6239,6730.14449
329.0,6315,6734.482678
277.0,5289,6737.818323
122.0,6029,6754.016222
184.0,5854,6758.213617
23.0,3473,6760.689318
123.0,5519,6764.319941
216.0,5838,6768.04268
176.0,6529,6772.526416
265.0,8983,6778.751042
355.0,8169,6783.090165
84.0,5320,6786.512988
254.0,6398,6791.129722
175.0,6699,6795.691613
143.0,6259,6799.60686
331.0,8704,6805.626347
305.0,5972,6809.770301
104.0,5519,6812.349217
252.0,3879,6814.798455
114.0,5692,6818.915056
272.0,5455,6837.99876
269.0,7204,6842.455739
290.0,7068,6846.269495
138.0,5094,6849.909723
206.0,5436,6853.483498
43.0,4433,6856.271652
157.0,4845,6859.326773
221.0,4568,6862.55056
232.0,6646,6867.185571
247.0,6932,6871.512659
168.0,6727,6875.956846
226.0,7182,6880.079076
292.0,6903,6884.770246
340.0,8427,6890.00957
234.0,6818,6894.514203
219.0,6824,6899.452382
220.0,8015,6916.258887
252.0,7169,6920.772276
124.0,4655,6923.951858
290.0,5965,6928.132424
204.0,4896,6931.230247
237.0,5737,6934.848541
292.0,8183,6939.467331
144.0,5439,6943.200257
293.0,8315,6948.334495
226.0,7259,6952.950667
77.0,5859,6956.635529
39.0,4687,6959.993435
233.0,4407,6963.076753
326.0,7735,6968.179355
167.0,6429,6971.424232
213.0,6299,6975.971896
212.0,6662,6992.585456
197.0,6437,6996.691407
256.0,6450,7000.843924
214.0,4384,7003.143278
270.0,6835,7007.96219
232.0,5132,7011.266882
169.0,5667,7014.946125
72.0,3108,7017.113586
250.0,7001,7021.989105
126.0,6449,7026.119379
314.0,7223,7031.023459
307.0,8156,7035.744013
209.0,5410,7039.052937
181.0,3392,7041.122214
143.0,6230,7045.343946
261.0,6200,7049.844859
225.0,6931,7054.337575
153.0,6355,7072.010304
188.0,4694,7075.224651
238.0,6560,7079.712548
162.0,6461,7084.176659
275.0,6491,7088.416472
221.0,4777,7091.407347
169.0,7177,7096.331748
268.0,4846,7098.890302
52.0,4775,7101.90714
154.0,3927,7104.425995
236.0,6667,7109.075122
276.0,6964,7114.200865
233.0,6423,7118.482896
201.0,4948,7121.827301
216.0,6078,7126.43187
234.0,7185,7130.561444
190.0,4913,7133.919655
321.0,7701,7146.775459
295.0,7198,7151.76231
252.0,5343,7154.814285
324.0,6573,7157.996137
203.0,7444,7160.75919
253.0,6231,7164.076984
143.0,6752,7167.582699
71.0,4754,7170.184412
233.0,5922,7173.714731
125.0,6397,7177.279421
109.0,5237,7180.638239
130.0,5645,7183.605623
191.0,5839,7186.566175
288.0,7822,7190.659611
265.0,7426,7193.410827
240.0,7035,7196.868014
232.0,5893,7209.520051
205.0,7437,7213.18947
322.0,6523,7216.68378
258.0,8315,7221.336816
303.0,6418,7223.652569
142.0,6468,7226.855674
210.0,7318,7230.613554
261.0,5216,7233.108084
205.0,7191,7236.619688
240.0,7465,7240.20123
209.0,6156,7243.205462
207.0,3251,7244.826052
184.0,5810,7247.483339
285.0,8606,7251.465857
84.0,5742,7254.305214
311.0,7649,7265.240484
255.0,5562,7268.196837
70.0,4731,7270.62373
237.0,7212,7274.084408
328.0,7429,7277.904395
231.0,7118,7281.582951
291.0,7075,7285.542184
188.0,3712,7286.737133
229.0,6764,7290.514362
204.0,4738,7292.849076
323.0,8112,7297.194481
271.0,7290,7301.367139
156.0,6141,7305.164046
129.0,6102,7308.485582
183.0,6897,7311.937382
208.0,3760,7313.887537
260.0,7986,7329.88419
127.0,5023,7332.582687
183.0,7354,7336.638653
136.0,5625,7339.85226
241.0,6068,7343.287865
248.0,5509,7346.690246
286.0,5036,7350.361618
176.0,6646,7354.288239
230.0,5530,7358.339364
46.0,3368,7360.806467
288.0,5752,7364.999209
184.0,6823,7369.97818
257.0,7004,7375.301863
234.0,6582,7380.218345
184.0,3852,7381.979427
274.0,5844,7386.288929
247.0,5544,7390.444293
202.0,4875,7394.045655
285.0,7693,7410.980901
229.0,7183,7415.34667
142.0,4364,7418.524096
292.0,7357,7423.929689
311.0,7957,7429.958642
350.0,7407,7435.565603
161.0,3415,7438.082848
326.0,6912,7443.121807
174.0,5278,7446.104436
350.0,7106,7451.283334
266.0,8474,7457.369812
316.0,7181,7462.584448
242.0,6960,7467.655978
237.0,5240,7471.479146
173.0,5100,7475.233667
270.0,7384,7494.014
263.0,5587,7498.017616
217.0,6885,7503.062056
214.0,4996,7506.596436
155.0,6566,7510.461791
268.0,7565,7515.888722
189.0,7319,7521.22994
299.0,7666,7526.764604
357.0,5885,7531.05233
280.0,6389,7535.720252
186.0,6567,7539.731232
348.0,7820,7545.313415
216.0,6591,7550.050159
282.0,7780,7555.632817
231.0,5601,7559.639307
122.0,5433,7577.662352
175.0,4539,7580.908169
118.0,5280,7584.759974
163.0,5445,7588.748046
271.0,6828,7593.687224
239.0,6140,7598.100836
179.0,5848,7602.372979
249.0,8258,7607.621958
316.0,6654,7612.473949
329.0,4685,7615.866266
253.0,4449,7619.11473
259.0,5449,7623.094188
255.0,8079,7629.087841
241.0,7744,7634.849059
356.0,5876,7638.267228
260.0,7251,7643.432977
76.0,3724,7646.091927
229.0,5088,7666.469592
228.0,6049,7670.833356
185.0,4207,7673.935027
292.0,7142,7679.261564
175.0,4835,7682.857847
22.0,3134,7685.234817
138.0,2799,7687.305099
246.0,5831,7691.515498
138.0,4636,7694.850896
385.0,7483,7699.365423
257.0,7128,7704.514609
195.0,5989,7709.007421
243.0,8210,7715.315518
78.0,5737,7719.676792
215.0,7055,7725.083539
332.0,5792,7729.322544
355.0,6416,7733.279449
210.0,7561,7738.939016
201.0,5124,7757.579005
196.0,4790,7761.036903
298.0,7182,7765.366056
99.0,6186,7770.053965
157.0,5822,7774.27941
319.0,7041,7779.6227
280.0,4071,7782.523612
306.0,7491,7788.129574
257.0,7699,7792.782882
178.0,7016,7797.923996
109.0,5475,7801.820085
189.0,6405,7806.557446
119.0,4801,7810.031888
248.0,6570,7814.71533
284.0,7130,7819.832166
204.0,7594,7824.672636
254.0,5310,7841.19758
22.0,3350,7843.617916
268.0,5460,7847.674628
244.0,8210,7853.561427
64.0,3865,7855.49569
219.0,6720,7860.464413
125.0,5062,7864.153321
269.0,5764,7868.322796
319.0,7692,7873.889303
283.0,6692,7878.753364
328.0,7051,7883.92158
94.0,4952,7887.623081
138.0,6014,7891.102163
185.0,7213,7896.361493
222.0,5915,7899.206829
111.0,5487,7901.900144
327.0,8343,7913.680021
286.0,6835,7917.061758
258.0,6562,7919.43331
274.0,6397,7922.709114
340.0,6964,7926.477782
260.0,5139,7929.141684
175.0,5351,7931.903498
129.0,6235,7935.248024
302.0,5973,7938.567498
340.0,7301,7942.635262
263.0,5967,7946.160072
185.0,6598,7949.631502
280.0,6615,7952.147153
249.0,7120,7955.580025
271.0,6214,7958.609041
200.0,6546,7961.72231
238.0,7124,7978.537819
274.0,6723,7982.626431
224.0,7400,7987.694183
195.0,7732,7991.574751
347.0,9288,7996.182297
259.0,7293,7999.826309
296.0,6640,8003.128006
288.0,6840,8006.667887
295.0,6598,8010.279252
290.0,7842,8013.213565
245.0,5572,8015.956514
191.0,6899,8019.67671
302.0,7949,8023.751502
194.0,5568,8026.583447
271.0,5702,8029.379521
321.0,7209,8042.672191
275.0,6422,8045.523502
368.0,7659,8051.083312
253.0,5527,8054.651729
211.0,6546,8059.077862
282.0,7423,8064.414258
229.0,7390,8069.359374
273.0,6115,8073.262128
259.0,6847,8076.687217
232.0,6547,8080.828704
287.0,7384,8085.513031
287.0,7910,8090.509861
174.0,6786,8095.033624
180.0,5679,8099.211187
306.0,7832,8114.927737
160.0,6108,8118.448298
198.0,5713,8121.816903
347.0,7135,8126.249157
125.0,5094,8129.283648
244.0,6576,8133.605109
238.0,3938,8136.018144
280.0,4175,8138.220815
301.0,7586,8141.93517
100.0,4944,8144.867147
195.0,7678,8149.015569
131.0,5810,8152.016236
232.0,6318,8155.50739
208.0,7454,8159.527683
165.0,7053,8163.643703
252.0,5474,8166.631319
254.0,6611,8170.456551
296.0,7919,8184.876476
285.0,7691,8188.957153
243.0,8153,8193.857555
278.0,8446,8199.920448
242.0,6712,8203.762067
323.0,7866,8209.234564
42.0,4057,8211.981651
44.0,3912,8214.650285
265.0,5247,8218.270908
221.0,5791,8222.375401
217.0,5298,8226.077646
220.0,6614,8230.665186
181.0,6263,8235.111271
336.0,7548,8239.490835
142.0,4943,8242.905464
232.0,7328,8263.827484
251.0,8158,8268.664099
257.0,7269,8273.762811
275.0,6445,8278.278717
94.0,6752,8282.85977
199.0,6057,8287.048665
114.0,6161,8291.329273
321.0,7723,8296.701875
179.0,7484,8301.190014
326.0,7262,8306.08939
301.0,7627,8311.331312
252.0,8409,8317.268355
175.0,5387,8321.202505
240.0,7883,8326.839421
26.0,3456,8329.259186
131.0,7027,8350.839599
126.0,5318,8354.546605
135.0,6754,8359.297778
78.0,4932,8361.851844
299.0,5839,8366.004803
101.0,6503,8370.156613
127.0,5661,8373.715179
295.0,6075,8378.155422
235.0,7623,8383.605027
320.0,7224,8388.803682
42.0,3322,8391.109241
320.0,7792,8395.685039
100.0,5792,8399.799415
206.0,6964,8404.725127
213.0,5713,8408.722802
175.0,7438,8413.929379
279.0,6288,8430.584979
230.0,5910,8434.797573
206.0,5398,8438.646642
174.0,4538,8441.792228
226.0,3963,8444.593876
235.0,6871,8449.385126
232.0,6180,8453.705023
266.0,6716,8457.558456
260.0,7271,8462.670083
155.0,5403,8466.504427
256.0,6613,8471.174647
218.0,7466,8476.522044
345.0,7171,8481.643991
293.0,7556,8486.980834
104.0,5274,8489.810673
172.0,6862,8494.725643
276.0,5201,8498.395682
288.0,7158,8519.055205
243.0,6611,8522.722838
130.0,6719,8527.457782
286.0,7321,8532.604106
45.0,5250,8536.327898
200.0,4928,8539.820371
217.0,7048,8544.910899
256.0,6678,8549.643936
204.0,5084,8552.333437
318.0,8037,8558.033403
212.0,5682,8562.094989
175.0,7342,8567.283049
47.0,4503,8570.48564
109.0,5229,8574.150641
305.0,6561,8578.731516
303.0,8006,8583.459572
140.0,6119,8601.979851
242.0,6257,8606.391914
118.0,6437,8610.884216
137.0,6464,8614.497594
315.0,7411,8619.715645
248.0,5143,8623.546968
276.0,8016,8629.181566
280.0,6158,8633.613761
207.0,4097,8636.501514
253.0,5011,8640.068907
227.0,8371,8645.884526
331.0,7252,8650.100254
201.0,6925,8655.029461
362.0,5399,8658.893484
179.0,5964,8663.179374
252.0,4567,8666.457286
262.0,5317,8684.42508
200.0,5307,8688.188954
191.0,6115,8692.530995
301.0,8421,8698.517079
283.0,5187,8702.097307
199.0,5800,8706.161424
163.0,5082,8708.831823
201.0,7095,8713.829124
283.0,3715,8716.34607
244.0,6500,8720.878587
257.0,6691,8725.633405
167.0,7963,8731.303024
213.0,5869,8735.374694
316.0,7818,8740.891265
310.0,7831,8745.502233
297.0,5770,8749.572554
299.0,6007,8768.368939
235.0,6318,8771.998594
239.0,6278,8776.511884
282.0,7143,8781.54822
219.0,5881,8785.730283
209.0,7206,8790.851432
266.0,5659,8794.852598
235.0,6975,8799.82587
235.0,6741,8803.567824
326.0,6927,8808.41971
101.0,5419,8812.24005
244.0,7456,8817.518747
134.0,7560,8822.771097
272.0,5062,8826.36395
236.0,6923,8831.245291
154.0,5929,8835.342918
85.0,5731,8865.383453
101.0,6002,8868.680271
290.0,7371,8873.859821
323.0,8112,8879.695575
62.0,5543,8883.675675
269.0,6563,8888.287956
270.0,3811,8890.940146
321.0,7642,8896.289543
75.0,4605,8898.642036
308.0,8669,8904.805363
278.0,6896,8909.597477
234.0,8306,8915.188864
199.0,5384,8919.046992
326.0,6499,8923.633121
309.0,5852,8927.776563
310.0,7580,8945.913372
353.0,7712,8951.339721
281.0,5839,8955.481631
211.0,7074,8960.455887
188.0,4327,8962.618762
246.0,7177,8967.674222
313.0,7514,8972.919995
32.0,3008,8975.003922
358.0,7980,8980.605518
229.0,6669,8985.307472
322.0,4995,8988.779873
63.0,5107,8992.355799
142.0,6284,8995.898618
231.0,6807,9000.65082
12.0,2213,9002.139829
340.0,7361,9007.274348
209.0,5498,9011.113361
107.0,6222,9028.757951
209.0,4904,9032.244263
195.0,6092,9036.545894
290.0,6336,9041.018328
251.0,5850,9045.175922
108.0,4338,9048.205298
204.0,3197,9050.429576
184.0,5300,9054.167908
210.0,7049,9058.159991
237.0,7057,9063.083635
119.0,6190,9067.45547
253.0,7552,9072.639807
193.0,6666,9077.341026
144.0,6589,9081.958482
250.0,7326,9087.108497
300.0,7987,9091.833973
257.0,6956,9106.742813
246.0,3696,9108.513793
158.0,3185,9110.026364
106.0,3032,9111.478791
266.0,5754,9114.235765
200.0,6850,9117.520119
249.0,4933,9119.886151
270.0,6635,9122.153171
197.0,5314,9124.703743
120.0,6268,9127.662603
234.0,7499,9131.308136
237.0,5425,9134.097521
153.0,4840,9136.581945
186.0,6179,9140.042232
281.0,4975,9143.506594
252.0,5261,9146.826009
239.0,6947,9151.341542
41.0,4411,9153.574179
221.0,7151,9158.480858
252.0,6238,9177.863724
284.0,7648,9183.24114
347.0,6165,9186.789606
241.0,6612,9190.988213
200.0,5164,9194.422441
297.0,6304,9198.924124
332.0,8008,9204.207125
299.0,6285,9208.252943
216.0,6906,9213.281456
242.0,4772,9215.785384
303.0,7141,9220.31476
218.0,4149,9222.924622
186.0,3640,9225.374507
127.0,6298,9229.831426
200.0,6621,9234.330118
234.0,6592,9238.450521
339.0,4077,9253.765099
206.0,5265,9257.283678
190.0,7218,9262.225871
320.0,7970,9267.254465
260.0,6844,9272.257971
259.0,6519,9277.259971
138.0,7140,9281.180741
340.0,8767,9286.320069
241.0,8460,9292.282354
208.0,7327,9297.432497
87.0,4975,9300.900694
270.0,4600,9304.144847
177.0,5948,9308.345593
202.0,3652,9309.972537
233.0,6730,9314.702614
281.0,5636,9318.650652
239.0,3616,9335.195265
310.0,7870,9340.662183
45.0,3484,9342.161758
284.0,7639,9347.569908
232.0,4432,9350.688837
73.0,3923,9353.483826
317.0,3264,9355.766937
248.0,5644,9359.802764
261.0,6023,9364.017154
332.0,7694,9369.377218
283.0,5048,9372.88702
252.0,5772,9376.108429
194.0,5750,9380.205337
273.0,7819,9385.802411
242.0,7733,9391.231034
365.0,8817,9397.495335
294.0,7488,9402.810519
223.0,6793,9423.64103
182.0,6881,9428.514527
275.0,5823,9432.541057
233.0,5200,9436.14079
205.0,7628,9440.612044
119.0,5970,9444.808881
295.0,4533,9447.947545
197.0,7663,9453.378331
287.0,4780,9456.725456
161.0,4934,9460.221991
228.0,7136,9465.27181
195.0,6928,9469.232994
160.0,3936,9471.967885
307.0,5960,9476.16053
89.0,5647,9480.106343
221.0,6195,9484.533061
221.0,5697,9488.523903
282.0,6591,9508.229345
125.0,5803,9512.314832
160.0,5931,9516.556751
80.0,4617,9519.742975
99.0,5980,9523.923315
290.0,6209,9528.22081
191.0,7381,9532.534902
226.0,5695,9536.488433
239.0,5124,9540.105217
307.0,7693,9545.469763
72.0,5574,9549.374064
311.0,7048,9554.38271
191.0,6971,9559.3159
288.0,5476,9562.294941
183.0,6354,9566.899029
224.0,5576,9570.799683
292.0,7693,9592.62362
264.0,5410,9595.48492
296.0,8317,9601.403983
295.0,4931,9604.917034
115.0,3952,9607.676754
168.0,3579,9610.181001
267.0,6738,9614.979951
277.0,5458,9618.922673
351.0,8648,9625.043304
269.0,6687,9628.862303
175.0,4839,9632.328894
76.0,5342,9636.109358
238.0,7032,9641.068023
267.0,5070,9644.625324
319.0,5421,9648.457101
237.0,5711,9652.392841
232.0,6008,9656.042405
229.0,6407,9666.843375
324.0,6078,9669.753253
150.0,6608,9672.878062
142.0,7353,9676.373904
228.0,7059,9679.691135
212.0,8103,9683.489208
70.0,5229,9685.932814
295.0,6148,9688.797986
178.0,6285,9690.877942
98.0,4943,9693.236215
312.0,6315,9696.24117
361.0,7665,9699.855425
233.0,6712,9703.011991
164.0,4028,9704.888601
223.0,7579,9708.479841
214.0,6829,9712.086896
324.0,6349,9729.580136
71.0,5669,9733.141536
185.0,5576,9736.823156
313.0,7277,9741.858245
156.0,6555,9746.148924
241.0,7690,9751.056587
288.0,7037,9755.194649
182.0,7381,9760.148811
205.0,5231,9763.507715
192.0,7364,9768.422508
139.0,6103,9772.726372
282.0,8109,9777.77965
305.0,8398,9783.393436
103.0,5779,9786.610301
194.0,7846,9791.631912
193.0,7133,9811.973571
159.0,6046,9814.98454
197.0,7146,9819.618317
265.0,6629,9823.740583
90.0,5148,9827.228292
44.0,3656,9829.719178
106.0,5954,9833.553471
263.0,6700,9837.715585
339.0,8574,9843.729244
228.0,6295,9846.994597
127.0,6993,9851.33132
233.0,5420,9855.000234
203.0,5672,9858.937387
304.0,7894,9864.035025
224.0,7945,9869.159173
34.0,4443,9872.357677
40.0,4084,9887.761952
77.0,5218,9891.183004
62.0,6019,9894.997862
255.0,7874,9900.413928
272.0,7452,9905.553809
212.0,7213,9910.124682
219.0,5199,9912.866283
298.0,7473,9918.117133
357.0,7610,9922.949753
307.0,5972,9926.844
304.0,7195,9931.727873
290.0,7637,9936.701044
194.0,5873,9940.357803
392.0,8667,9945.551418
247.0,6336,9949.826826
180.0,4719,9966.368015
328.0,5295,9969.748391
186.0,6212,9973.218593
131.0,6114,9977.437975
188.0,5591,9980.987977
259.0,6979,9985.518325
215.0,4850,9988.936823
184.0,6393,9993.295547
70.0,5820,9997.015513
337.0,8411,10002.825373
233.0,7085,10007.029069
249.0,7247,10011.599766
128.0,5520,10015.183612
184.0,4718,10018.500371
260.0,5549,10022.310088
266.0,7719,10027.128432
243.0,4721,10030.330785
330.0,7887,10051.182154
97.0,6056,10055.013972
246.0,7247,10059.752843
162.0,5434,10063.618205
43.0,3787,10066.205054
186.0,6058,10069.092458
261.0,6671,10073.438082
242.0,7279,10078.413922
318.0,7487,10083.528252
249.0,5403,10087.065795
323.0,7000,10091.434631
325.0,5284,10094.706898
156.0,6858,10099.332956
212.0,5765,10102.42365
182.0,7356,10107.054492
287.0,6121,10126.506045
261.0,6783,10131.332076
169.0,4827,10133.640049
306.0,7745,10138.390176
148.0,3563,10140.753368
307.0,6315,10145.260283
241.0,7528,10150.183368
144.0,6148,10154.018529
112.0,5803,10158.173211
241.0,3952,10161.020469
125.0,4955,10163.391297
268.0,6114,10167.267839
296.0,7008,10171.57374
270.0,7792,10177.035161
349.0,7948,10182.640813
159.0,5366,10185.999388
76.0,4406,10188.71309
195.0,7293,10207.792635
134.0,6322,10212.282358
247.0,7699,10217.043874
172.0,6334,10221.230383
273.0,4826,10224.751005
211.0,6979,10228.524202
193.0,5368,10231.870134
252.0,4795,10235.079581
179.0,5346,10238.948298
165.0,6071,10242.986691
240.0,7365,10247.581237
264.0,8016,10253.05223
221.0,6572,10257.444761
322.0,5787,10260.08477
336.0,7684,10265.117317
152.0,5895,10269.279916
215.0,6291,10286.348819
140.0,6584,10289.902493
250.0,7793,10294.725628
306.0,5987,10298.675601
248.0,7342,10303.768565
101.0,4228,10306.445292
163.0,6223,10310.323709
249.0,4420,10313.244385
137.0,6584,10317.830419
260.0,6764,10321.329756
346.0,4875,10324.329654
224.0,6622,10328.627114
219.0,8594,10334.478546
253.0,6883,10338.774857
244.0,7198,10343.550557
299.0,4864,10346.943381
20.0,3341,10349.221334
135.0,5717,10364.462976
212.0,6479,10368.589891
260.0,6496,10373.01287
68.0,5181,10376.429489
307.0,5153,10379.735245
246.0,6280,10383.726564
190.0,5577,10386.724272
316.0,6947,10391.25738
161.0,5213,10394.491863
198.0,6449,10398.702533
282.0,5238,10402.222214
245.0,5373,10405.757672
157.0,5802,10409.467839
144.0,6359,10413.725775
162.0,6760,10417.574804
197.0,5546,10421.121763
199.0,3668,10423.395796
191.0,7156,10442.760463
229.0,6929,10446.81322
326.0,7195,10451.401609
285.0,4195,10454.045522
326.0,7025,10459.029447
90.0,5198,10462.746234
166.0,5980,10466.868655
306.0,6305,10470.87753
169.0,6163,10475.114529
194.0,5138,10478.778378
192.0,7119,10482.732497
254.0,6823,10487.142807
211.0,6291,10491.164355
233.0,5917,10495.337309
188.0,5851,10499.318657
240.0,6180,10503.110044
265.0,6537,10519.195857
88.0,5436,10522.913504
256.0,6094,10527.187965
330.0,7832,10532.137899
351.0,5055,10535.326734
213.0,6840,10540.109703
67.0,4845,10542.532881
217.0,6992,10546.823997
210.0,6954,10551.388981
87.0,4961,10554.751294
259.0,5047,10558.065714
296.0,7296,10562.582664
229.0,6714,10567.075979
284.0,7662,10572.345292
150.0,6126,10575.244824
329.0,7607,10580.112418
301.0,5064,10599.083744
323.0,7209,10603.709098
262.0,7439,10607.431905
185.0,5969,10611.558872
225.0,6657,10616.045228
241.0,6860,10620.312984
233.0,7652,10625.454576
208.0,7564,10630.642376
160.0,7135,10635.105076
218.0,6047,10638.155031
158.0,6591,10642.593096
266.0,7609,10647.450114
228.0,5739,10651.502079
238.0,4403,10654.520692
207.0,6978,10659.077389
333.0,7179,10677.909426
250.0,7537,10683.047117
253.0,7316,10687.983833
294.0,6378,10691.962692
260.0,8120,10697.314267
314.0,7832,10701.818916
200.0,5582,10705.280535
250.0,6771,10709.489291
192.0,5932,10713.565328
166.0,6762,10718.1919
189.0,5179,10721.399155
122.0,5583,10724.884621
188.0,3847,10727.62152
148.0,4865,10731.011767
211.0,6091,10734.031652
258.0,4030,10736.45962
38.0,2977,10738.302711
83.0,6720,10756.128364
125.0,7287,10760.760745
280.0,7815,10765.327733
270.0,6476,10769.417086
284.0,6412,10773.359679
300.0,7420,10778.381963
266.0,6417,10782.812817
75.0,5261,10786.040565
305.0,6077,10789.918806
237.0,7474,10795.036288
338.0,7214,10798.690507
298.0,8074,10803.787966
288.0,7247,10808.913117
335.0,6482,10813.270114
335.0,7413,10817.883287
210.0,7182,10837.306931
219.0,6431,10841.531925
243.0,6438,10845.521721
301.0,8150,10850.977134
299.0,7819,10856.054475
285.0,7864,10860.044983
309.0,5669,10864.010279
287.0,6743,10868.753864
267.0,6908,10873.138921
268.0,7090,10877.805911
252.0,5667,10881.737069
259.0,7186,10886.517542
209.0,6493,10889.778269
226.0,5917,10893.911105
68.0,4474,10897.041778
178.0,3683,10911.841891
341.0,5935,10915.890082
61.0,6176,10920.165371
164.0,6975,10924.088963
294.0,6862,10928.84415
175.0,5249,10932.471176
288.0,7553,10937.702381
118.0,6223,10942.012264
267.0,6544,10946.531786
137.0,3632,10949.021125
306.0,7579,10953.490722
307.0,7510,10958.622405
329.0,8128,10964.271995
255.0,8412,10970.106759
45.0,4018,10972.857791
301.0,8036,10978.361182
259.0,6491,10997.644675
336.0,7013,11002.505955
84.0,6632,11007.109342
302.0,7057,11011.980362
141.0,4790,11015.276369
246.0,7100,11019.281541
257.0,6947,11024.074179
144.0,5225,11027.686445
66.0,5648,11031.620934
188.0,6245,11035.895633
106.0,6283,11040.230212
167.0,6936,11045.041373
181.0,6137,11048.395854
214.0,6850,11053.200577
160.0,7028,11058.12402
309.0,6694,11062.764944
33.0,2944,11078.617244
111.0,6364,11082.117989
282.0,6183,11086.371685
224.0,3643,11088.900704
219.0,4162,11091.751356
162.0,6126,11095.984359
275.0,6579,11100.607084
280.0,4404,11103.627356
270.0,7347,11108.738025
138.0,5150,11111.391188
260.0,7435,11116.46845
256.0,4783,11119.742365
213.0,4912,11123.186738
186.0,4151,11126.017602
268.0,6286,11130.457069
181.0,6707,11135.166121
186.0,7373,11140.285684
173.0,5464,11143.123056
289.0,7076,11160.710143
285.0,6668,11165.346524
337.0,7254,11170.422618
49.0,3603,11172.876467
175.0,6381,11176.396592
150.0,5260,11180.091106
76.0,3751,11182.690594
203.0,6363,11187.046546
137.0,5637,11190.935007
216.0,4822,11194.32234
47.0,5374,11198.010538
259.0,5539,11201.943801
283.0,6768,11205.719918
80.0,4752,11208.989875
88.0,5738,11212.967753
125.0,6504,11217.424987
326.0,8558,11223.342702
240.0,6906,11242.737512
85.0,4382,11245.864294
45.0,4135,11248.917579
276.0,5949,11253.410671
70.0,5408,11257.451214
250.0,6343,11262.082839
313.0,7311,11267.166775
243.0,4961,11269.75029
214.0,6731,11274.39327
246.0,6185,11278.672788
132.0,6780,11283.414953
130.0,6061,11287.70184
92.0,5813,11291.756339
179.0,6755,11296.468676
222.0,5642,11300.409851
203.0,7781,11304.956538
160.0,6838,11324.823234
105.0,5163,11328.421907
239.0,7267,11332.597187
260.0,7412,11337.774998
189.0,6730,11342.351059
160.0,7323,11347.487919
251.0,7663,11352.816974
240.0,7064,11357.823372
107.0,4850,11361.178253
142.0,5304,11364.033156
148.0,6310,11368.339201
279.0,3991,11371.105745
249.0,6052,11375.339818
238.0,6890,11380.15476
108.0,5259,11383.776624
243.0,6226,11388.071289
181.0,5792,11392.121142
163.0,5770,11410.035424
193.0,5984,11414.189945
250.0,6399,11418.492872
45.0,4746,11421.667971
215.0,7218,11426.799243
197.0,3072,11428.068087
244.0,6009,11432.261382
89.0,5775,11436.273424
268.0,6001,11440.402554
359.0,7648,11445.735122
253.0,6613,11450.30573
298.0,6737,11454.995699
44.0,4740,11458.244503
368.0,5478,11461.222167
161.0,6991,11466.071134
222.0,7164,11471.052242
226.0,6366,11489.7688
352.0,7865,11495.204592
275.0,5957,11499.357443
200.0,7964,11504.851736
350.0,7365,11510.01895
82.0,5784,11514.049742
198.0,7029,11518.866336
195.0,4298,11521.870575
208.0,5855,11525.043382
85.0,5504,11528.917597
211.0,6710,11533.53763
284.0,9019,11539.914567
257.0,7689,11545.317833
118.0,5202,11548.928526
339.0,8920,11554.255476
311.0,4903,11557.710474
237.0,6407,11577.059499
312.0,7455,11582.262289
211.0,3863,11584.886933
230.0,5745,11587.994977
162.0,4880,11591.325528
34.0,3311,11593.600926
298.0,6942,11598.445621
261.0,6096,11602.63159
102.0,4173,11605.552666
289.0,4023,11608.438896
337.0,7299,11613.601496
253.0,6738,11617.440445
254.0,5380,11621.205457
304.0,7582,11626.418657
108.0,5997,11630.589525
295.0,8078,11636.125949
190.0,7019,11641.046096
272.0,5528,11656.865548
270.0,8126,11662.463306
222.0,6586,11667.037795
257.0,5520,11670.844877
248.0,7952,11676.364487
255.0,7217,11680.52945
287.0,7785,11685.992799
215.0,7443,11691.160923
129.0,5507,11694.839589
249.0,6117,11699.075062
75.0,4449,11702.189354
214.0,7095,11707.107327
305.0,7568,11711.459569
252.0,9118,11717.791811
109.0,5209,11721.44687
289.0,5403,11738.239935
219.0,6741,11742.958427
284.0,6040,11746.273286
207.0,5652,11750.18967
166.0,5703,11754.153317
232.0,5596,11758.047908
221.0,3659,11760.599956
225.0,6486,11765.059034
11.0,1947,11766.40158
249.0,6860,11771.146181
319.0,8197,11775.962082
274.0,5980,11780.100913
172.0,5602,11783.943455
274.0,5720,11787.815701
206.0,5578,11791.682624
113.0,4750,11794.928621
300.0,6915,11799.753845
209.0,6450,11818.254787
282.0,7468,11823.350239
244.0,4791,11826.668432
174.0,5886,11830.765794
370.0,8526,11836.718539
51.0,4015,11838.656645
315.0,8419,11844.549406
70.0,4784,11847.855137
140.0,6520,11852.430029
256.0,5923,11856.495278
68.0,5555,11860.31624
224.0,5603,11864.299629
340.0,7996,11869.001495
51.0,5282,11872.696144
275.0,6116,11876.901178
321.0,7917,11882.252553
275.0,5612,11900.564438
272.0,5515,11904.384056
321.0,7712,11909.800964
258.0,6187,11914.104275
317.0,8172,11919.772774
224.0,7298,11924.866408
193.0,5753,11928.819993
151.0,7737,11933.321767
274.0,6216,11937.57627
95.0,4357,11940.577547
56.0,4612,11943.713911
327.0,3866,11946.363323
217.0,6818,11951.036946
250.0,7912,11956.428577
201.0,2644,11958.233853
212.0,5808,11962.186682
231.0,5454,11965.012868
239.0,5962,11985.48484
305.0,7288,11990.49528
258.0,6683,11995.022304
328.0,6392,11998.427937
171.0,6985,12003.180529
211.0,7648,12008.448971
270.0,8127,12014.091656
161.0,3628,12016.569141
261.0,6802,12021.315747
219.0,6817,12026.082673
156.0,4667,12028.443677
167.0,7545,12033.694519
208.0,8059,12039.233725
150.0,6611,12043.819395
256.0,6096,12048.030111
227.0,6071,12052.239287
320.0,5883,12070.244827
296.0,5575,12074.14148
90.0,5711,12078.08916
269.0,6553,12082.616488
140.0,6333,12086.927347
267.0,5716,12089.990829
327.0,7967,12095.514925
292.0,6669,12100.129431
52.0,5319,12103.790537
236.0,6458,12108.350435
237.0,8597,12114.356015
234.0,6272,12118.642263
127.0,5709,12121.688536
169.0,5541,12125.52835
38.0,3822,12128.204966
107.0,4881,12131.50267
158.0,6414,12144.122582
193.0,3959,12146.821558
61.0,5147,12150.322473
141.0,6003,12153.569918
271.0,6149,12157.809049
268.0,6939,12162.570746
256.0,6605,12167.07144
184.0,5029,12170.495315
67.0,4318,12173.436846
189.0,6073,12177.681557
184.0,6792,12182.370284
201.0,7551,12186.670134
55.0,5317,12190.310626
320.0,7110,12195.146406
80.0,5212,12198.763914
255.0,6233,12203.065876
210.0,7152,12207.942845
207.0,5972,12223.793631
335.0,8554,12229.739583
261.0,5429,12233.400816
316.0,7780,12238.707958
221.0,6562,12243.233974
258.0,7715,12248.596143
298.0,7036,12252.55705
285.0,6305,12256.961554
129.0,6451,12261.41954
76.0,4822,12264.764459
290.0,7037,12269.674457
296.0,8150,12275.432762
88.0,6449,12279.885853
185.0,4776,12282.338051
292.0,7662,12287.699447
319.0,7681,12306.916897
295.0,5549,12310.819986
328.0,6304,12314.23848
239.0,5450,12317.961996
286.0,4007,12320.720793
267.0,6510,12325.134267
336.0,9173,12331.459051
239.0,6134,12335.642122
198.0,7026,12340.450434
295.0,7967,12345.077378
273.0,7431,12350.26561
134.0,6433,12354.691271
246.0,6100,12358.925067
261.0,6256,12363.268384
289.0,7799,12368.643655
31.0,3439,12371.053691
331.0,7122,12386.660656
299.0,7328,12390.08102
229.0,5771,12392.779071
196.0,6766,12395.963329
262.0,7983,12399.695519
268.0,7801,12403.369749
247.0,7602,12406.023392
253.0,7764,12409.634735
307.0,6885,12412.878562
205.0,4696,12415.095151
207.0,6990,12418.384439
222.0,7449,12421.868427
155.0,6337,12424.889125
202.0,6943,12428.137366
324.0,8802,12448.359369
320.0,6257,12452.824716
181.0,5059,12456.396948
278.0,6156,12460.75299
216.0,4983,12464.293808
231.0,4373,12467.336825
185.0,3799,12469.987089
136.0,5307,12472.869424
285.0,6522,12477.434027
69.0,4850,12480.865607
304.0,5196,12484.528351
176.0,5984,12488.789421
279.0,5667,12492.777544
251.0,8553,12498.842452
263.0,6100,12502.17059
212.0,5116,12504.612593
209.0,5924,12507.54442
231.0,6585,12510.68474
269.0,6820,12524.928179
145.0,3215,12527.238609
239.0,4036,12529.787783
245.0,5927,12532.54018
277.0,6557,12536.972363
249.0,6664,12541.720224
200.0,5720,12545.31173
245.0,5940,12549.015572
207.0,4807,12552.33629
57.0,4722,12555.736402
250.0,6408,12560.300499
188.0,5819,12564.074522
325.0,6645,12567.26616
343.0,6491,12571.718964
203.0,5353,12575.608256
321.0,3516,12577.892097
229.0,5917,12581.672076
177.0,4703,12584.691857
187.0,4927,12601.959679
311.0,7903,12607.32065
129.0,5481,12610.757507
337.0,6692,12615.206458
340.0,8027,12621.003053
266.0,7120,12625.476056
27.0,3291,12627.500615
63.0,6433,12631.188237
244.0,7609,12636.358009
321.0,7746,12641.245268
184.0,6243,12645.456888
160.0,2831,12647.342231
345.0,6257,12651.456993
290.0,7828,12656.344913
381.0,7036,12660.266972
252.0,5111,12663.889915
152.0,5976,12681.286365
233.0,7378,12685.899674
110.0,5367,12689.639463
126.0,5928,12692.668473
274.0,6945,12697.303853
174.0,6951,12701.682935
68.0,4638,12704.766464
184.0,6536,12709.45278
299.0,7708,12714.485528
64.0,4542,12717.363152
327.0,7171,12720.817652
302.0,7579,12723.480023
309.0,4864,12725.778668
238.0,6671,12728.966861
81.0,5849,12731.734637
277.0,8619,12735.769429
341.0,5886,12747.459107
158.0,6714,12750.69058
319.0,6559,12753.966054
304.0,7299,12758.276636
231.0,6015,12762.034913
313.0,8242,12767.453651
311.0,8082,12773.278321
203.0,6495,12777.401539
227.0,7616,12782.37705
231.0,5188,12786.049564
187.0,5471,12788.75495
129.0,5608,12792.312919
280.0,5880,12796.153272
254.0,6587,12800.865036
293.0,4459,12803.792286
136.0,6227,12807.712924
220.0,5274,12823.350501
311.0,6937,12828.255122
304.0,6194,12832.523649
309.0,7692,12837.404706
239.0,7150,12842.383804
250.0,4563,12845.530987
234.0,4755,12848.731796
188.0,6289,12851.799978
190.0,7061,12856.711532
135.0,7528,12860.919343
272.0,7260,12864.323729
113.0,5243,12866.799372
105.0,5192,12869.257494
276.0,8147,12873.115881
160.0,6358,12876.090601
191.0,6660,12887.753777
277.0,4580,12889.890167
292.0,7155,12893.27642
147.0,6201,12896.327802
234.0,7646,12901.661731
284.0,7424,12906.856133
214.0,5454,12910.672023
44.0,4769,12913.114132
282.0,6026,12917.332036
242.0,7029,12922.308219
293.0,7789,12927.731308
160.0,6194,12932.077792
369.0,5882,12936.160164
241.0,7398,12941.35344
284.0,4897,12943.944538
170.0,6027,12948.253774
275.0,7698,12968.035301
92.0,5539,12971.884047
349.0,7648,12976.245515
284.0,7829,12981.752248
164.0,7144,12986.768863
278.0,6737,12991.470571
305.0,8462,12997.336542
319.0,7279,13002.335204
234.0,5834,13006.3799
238.0,6607,13010.121927
286.0,6635,13014.644329
61.0,4687,13017.896225
219.0,3381,13020.217321
334.0,8780,13026.340518
186.0,6630,13030.928342
284.0,6686,13035.527319
264.0,8046,13055.800861
136.0,5417,13059.521905
295.0,7857,13065.056773
161.0,4856,13068.485838
14.0,2544,13070.243187
70.0,5002,13072.809011
392.0,6681,13077.414833
219.0,7535,13082.663169
293.0,6435,13087.146041
90.0,4949,13090.53972
333.0,6549,13095.092039
208.0,7976,13100.765678
220.0,5998,13104.066332
231.0,6217,13108.403717
348.0,7858,13113.88624
309.0,6352,13118.316833
138.0,6393,13138.338981
291.0,5689,13142.355279
236.0,2931,13144.381167
257.0,7103,13149.328519
135.0,5332,13153.034226
141.0,7151,13158.014675
255.0,4328,13160.988431
278.0,5202,13164.484531
310.0,6114,13167.375746
267.0,7774,13172.550261
288.0,7602,13177.753559
321.0,9463,13183.769912
223.0,6657,13188.439392
185.0,7406,13193.432779
251.0,8614,13197.930475
97.0,3985,13200.628887
25.0,3143,13213.032085
38.0,3659,13215.625511
286.0,6103,13219.815351
207.0,6325,13224.115247
306.0,5056,13227.417235
52.0,5166,13230.305132
32.0,4016,13233.349188
222.0,5811,13237.448684
157.0,7199,13242.609015
224.0,4329,13245.526306
322.0,4929,13248.583659
133.0,4912,13251.664636
283.0,7377,13256.768831
260.0,6760,13260.623666
337.0,6523,13264.713062
188.0,6645,13269.29284
351.0,5217,13273.075721
102.0,6713,13277.564868
294.0,6836,13293.755863
233.0,7071,13298.485101
315.0,7761,13303.991669
284.0,7341,13308.626206
122.0,6858,13313.188188
337.0,7768,13318.774565
291.0,5967,13322.599504
333.0,7761,13326.739244
118.0,5431,13330.431005
298.0,6838,13334.819866
303.0,5126,13338.36199
308.0,7773,13343.720356
205.0,4220,13346.369595
257.0,7902,13351.537692
52.0,4157,13354.514953
304.0,6735,13371.637535
220.0,5129,13374.820958
42.0,3848,13377.231093
351.0,10250,13384.381549
321.0,7578,13388.587569
219.0,6523,13392.76301
231.0,6634,13397.448881
318.0,6520,13401.950799
247.0,5753,13405.552107
231.0,5255,13408.957341
328.0,5955,13413.14245
209.0,6564,13417.66407
197.0,6562,13421.334991
145.0,6434,13425.457011
198.0,5911,13429.148565
165.0,6470,13433.755265
152.0,5377,13450.405026
305.0,7748,13455.355167
322.0,6193,13459.300512
328.0,5575,13463.266443
169.0,4459,13466.371044
290.0,6292,13470.218093
239.0,7694,13475.302052
276.0,6657,13480.044568
228.0,8866,13484.778798
276.0,4603,13487.762188
204.0,6603,13492.473215
234.0,8606,13498.143055
173.0,7579,13503.011613
56.0,3658,13505.645365
228.0,5694,13509.738941
327.0,6659,13513.092661
140.0,5912,13535.884652
265.0,15863,13545.184177
307.0,8130,13550.218231
279.0,6510,13554.713638
278.0,7321,13559.607025
233.0,4384,13562.343162
306.0,6912,13566.830059
211.0,4874,13570.347097
208.0,6206,13574.556744
170.0,4226,13576.239406
306.0,4813,13579.189874
228.0,4579,13582.294184
244.0,9055,13588.54246
285.0,7230,13593.085987
356.0,7890,13611.176696
283.0,6844,13615.925816
146.0,6526,13620.001421
265.0,6700,13624.278311
270.0,7122,13629.231549
268.0,7780,13634.32342
164.0,5117,13637.462018
303.0,7666,13641.62312
317.0,8825,13647.577538
36.0,3740,13650.177665
253.0,7506,13655.541904
256.0,5705,13659.148004
282.0,6508,13663.285946
188.0,7142,13668.328271
269.0,8332,13672.839288
279.0,6480,13689.30722
401.0,6750,13693.760894
221.0,6244,13698.310909
277.0,6507,13701.612222
308.0,6897,13705.916419
278.0,6987,13710.746961
276.0,5316,13714.397838
378.0,9689,13720.444709
389.0,6963,13725.359675
296.0,6336,13729.78819
325.0,7743,13733.771196
290.0,6363,13738.266096
300.0,6822,13742.93723
316.0,7230,13747.558918
177.0,6894,13752.364503
289.0,6944,13769.190125
330.0,6287,13773.282882
293.0,6539,13777.406145
308.0,5963,13781.58687
302.0,8043,13786.815168
261.0,6565,13790.884501
328.0,8204,13796.358949
264.0,7411,13800.531246
306.0,6812,13804.860807
262.0,7597,13809.989391
264.0,7315,13815.150894
306.0,4699,13818.099056
199.0,7200,13822.616876
39.0,4745,13825.775584
215.0,7029,13829.822258
256.0,6866,13847.57168
220.0,4411,13850.381887
300.0,5644,13854.154719
150.0,6026,13858.436754
252.0,7214,13862.390033
325.0,7487,13867.117082
313.0,7565,13872.44574
311.0,6329,13876.644513
320.0,8077,13881.663165
309.0,6535,13886.281314
106.0,4716,13889.524272
66.0,4474,13891.5391
298.0,5358,13894.926039
310.0,6473,13899.232977
338.0,7704,13904.615118
224.0,4071,13907.078338
253.0,6939,13923.096635
59.0,5120,13925.428559
62.0,4797,13928.778964
268.0,7708,13934.04441
166.0,5326,13937.341577
277.0,6319,13941.427833
236.0,4259,13944.473762
74.0,5778,13948.394213
36.0,4783,13951.342184
234.0,5046,13954.461864
243.0,5504,13957.275539
271.0,6307,13961.709577
308.0,6072,13965.609848
315.0,6684,13969.836028
36.0,3660,13972.474635
202.0,5725,13976.516161
22.0,3359,13978.773953
242.0,6732,13983.401997
347.0,5939,13996.950352
306.0,6010,14000.681901
323.0,4756,14003.580434
168.0,5151,14007.171672
299.0,6130,14011.434826
297.0,8388,14016.711756
286.0,6996,14020.427434
148.0,6664,14025.047101
251.0,5820,14028.788703
199.0,7070,14033.163605
290.0,6552,14037.679237
187.0,5878,14041.652952
343.0,7917,14046.557697
231.0,4817,14049.5757
198.0,4019,14051.170704
268.0,6073,14055.265376
322.0,6154,14059.546244
317.0,5231,14075.044664
244.0,6521,14079.060975
201.0,6732,14082.438463
75.0,5459,14086.230862
89.0,6557,14090.589975
117.0,7016,14094.923888
314.0,6704,14099.392931
290.0,6239,14103.759228
157.0,7071,14108.187033
304.0,6995,14112.535257
294.0,7490,14116.485645
89.0,6315,14120.867813
161.0,7327,14125.618224
66.0,5042,14128.780152
368.0,6471,14133.187781
136.0,5814,14137.171459
243.0,6046,14151.823515
160.0,5430,14155.558525
257.0,5363,14159.034102
350.0,7637,14163.847759
247.0,6176,14168.12319
118.0,5936,14172.275781
237.0,4392,14175.020174
184.0,6964,14178.488011
278.0,5919,14182.566753
73.0,5434,14186.320098
288.0,7267,14190.822735
78.0,5309,14194.091119
277.0,7011,14198.762436
260.0,5934,14202.880292
291.0,7798,14207.893203
165.0,7208,14211.625915
57.0,4814,14227.307637
291.0,8364,14233.009424
134.0,6175,14236.80149
67.0,4554,14239.6703
35.0,3471,14241.181734
140.0,6699,14245.760868
22.0,3174,14247.747542
72.0,5281,14251.039774
324.0,7888,14256.281937
341.0,7319,14261.436403
121.0,4991,14264.560792
225.0,7657,14270.037529
241.0,5865,14273.02021
298.0,8099,14278.053135
282.0,5160,14281.769266
274.0,6095,14286.133951
174.0,6106,14290.055006
339.0,8423,14304.119359
149.0,6851,14308.566107
175.0,6946,14313.496607
294.0,5747,14317.349637
260.0,4908,14320.359629
206.0,5229,14323.782969
267.0,7045,14328.83037
109.0,6097,14332.843582
140.0,5809,14335.559087
299.0,7383,14340.46078
288.0,6681,14345.021738
29.0,3259,14347.005477
217.0,6954,14351.407193
268.0,7475,14356.145918
252.0,3574,14358.349915
264.0,6524,14362.796356
265.0,6507,14380.601742
248.0,5645,14384.121675
259.0,5161,14387.257761
381.0,7151,14392.082466
319.0,5929,14396.168447
263.0,6380,14399.314623
55.0,3744,14401.688557
350.0,7921,14407.21945
124.0,4580,14410.340617
178.0,6438,14414.414528
334.0,8511,14419.774856
291.0,7066,14424.266626
270.0,6504,14427.458144
361.0,8041,14430.345817
320.0,5899,14433.11724
313.0,7249,14436.521062
337.0,8430,14451.274678
215.0,6520,14454.425305
281.0,8201,14458.373229
343.0,8014,14461.331165
339.0,7156,14464.927654
256.0,7895,14468.83856
257.0,6687,14472.229377
325.0,7884,14476.402134
150.0,6094,14479.328238
244.0,6002,14482.334666
320.0,7508,14485.897602
315.0,6676,14489.451282
304.0,8204,14494.260238
388.0,6907,14498.662303
230.0,6285,14514.301765
172.0,5258,14517.637322
125.0,5478,14521.538596
330.0,4621,14523.891256
95.0,6451,14527.929928
92.0,4293,14530.627278
233.0,5382,14534.300457
295.0,7464,14539.48399
284.0,5939,14543.195415
253.0,7292,14547.962803
204.0,5330,14551.68992
264.0,7469,14555.791501
263.0,6961,14560.143018
280.0,4507,14563.329796
213.0,6653,14568.103268
303.0,5415,14571.57602
163.0,6940,14588.204796
115.0,5958,14592.157389
196.0,6977,14597.045275
345.0,6060,14601.419543
219.0,5669,14605.109505
219.0,7487,14609.958807
318.0,8861,14616.395144
264.0,5258,14619.109573
339.0,8698,14625.180066
292.0,7154,14629.612132
185.0,7545,14634.4399
298.0,5754,14638.291251
367.0,5293,14641.856008
321.0,7164,14646.352126
302.0,5665,14650.113359
288.0,6371,14653.733075
140.0,6432,14669.842903
170.0,6405,14673.849616
144.0,6808,14678.268583
251.0,5439,14681.131551
70.0,5368,14684.794525
299.0,7568,14689.578225
113.0,5672,14693.383801
116.0,6320,14697.843467
88.0,4824,14700.982466
262.0,3415,14703.1236
60.0,4476,14705.923133
272.0,7995,14711.452449
203.0,6913,14715.182007
325.0,5928,14718.98874
326.0,6751,14723.646547
295.0,7601,14729.049517
160.0,6462,14745.005219
289.0,7282,14749.536517
273.0,7103,14754.713069
335.0,7055,14759.448755
336.0,5661,14763.024755
216.0,4091,14765.67401
297.0,6765,14770.69148
351.0,7893,14775.971235
207.0,6109,14778.962579
345.0,7974,14784.703742
107.0,5255,14788.388666
293.0,7321,14793.042101
303.0,6717,14797.719908
159.0,6880,14802.725504
316.0,4034,14805.277179
323.0,7961,14809.319704
55.0,3917,14825.718964
28.0,4176,14828.698084
242.0,6270,14833.015146
280.0,7794,14837.902694
119.0,6206,14840.896316
232.0,5124,14844.244244
304.0,6099,14848.387384
244.0,6017,14852.312613
304.0,7947,14857.218072
285.0,6716,14861.849389
316.0,7370,14866.48635
103.0,6370,14869.477793
228.0,5599,14871.1956
229.0,5165,14873.622145
263.0,5975,14876.419893
74.0,4650,14878.608236
35.0,3632,14880.294599
299.0,7325,14892.820541
296.0,6540,14895.874718
178.0,4148,14897.813899
256.0,7628,14901.414001
303.0,7805,14904.135406
337.0,7262,14907.548077
25.0,3023,14909.049684
323.0,5962,14912.882632
289.0,7165,14917.872993
318.0,6954,14922.679139
291.0,5728,14926.621209
239.0,6599,14931.142035
280.0,7350,14935.252313
262.0,8166,14940.89175
275.0,7371,14945.985442
113.0,5071,14966.365433
48.0,4664,14969.569878
219.0,7732,14974.90341
200.0,4178,14977.745985
77.0,4917,14980.910809
250.0,7244,14986.004681
96.0,5213,14989.629237
253.0,6996,14994.404544
270.0,7062,14998.302698
313.0,7502,15003.330402
326.0,6543,15007.819824
263.0,6527,15012.274759
194.0,6803,15016.891572
249.0,3989,15019.639319
263.0,4739,15022.860249
251.0,5845,15026.820103
239.0,4584,15029.10209
110.0,6300,15033.431458
232.0,5432,15052.457464
140.0,5384,15056.254603
157.0,5969,15060.39215
209.0,7056,15063.863554
319.0,7119,15068.950215
72.0,5380,15072.651502
215.0,5808,15076.293704
178.0,6797,15080.729062
272.0,7115,15085.764289
198.0,6359,15089.936182
206.0,5236,15092.336804
403.0,7883,15097.706882
222.0,3968,15100.500446
211.0,6788,15104.827571
331.0,7137,15109.314934
243.0,7194,15114.3744
227.0,6993,15132.010063
243.0,6401,15136.030468
349.0,7295,15141.007381
155.0,6215,15145.355269
201.0,6828,15150.103252
284.0,7008,15154.432969
329.0,9117,15159.826846
348.0,7382,15164.79739
40.0,4692,15167.305364
283.0,7389,15170.798587
228.0,6073,15173.703593
312.0,6460,15176.756385
36.0,4078,15178.694612
202.0,7023,15181.985367
67.0,4736,15184.244557
358.0,6551,15195.217432
278.0,5681,15197.946705
348.0,8641,15202.284677
268.0,6017,15205.415888
54.0,3461,15207.330752
295.0,4887,15209.915468
314.0,6933,15213.489416
138.0,5050,15216.020628
290.0,8071,15220.093182
306.0,6587,15224.772538
295.0,3867,15227.350023
231.0,2978,15229.201241
60.0,4058,15231.777714
111.0,4859,15234.875854
104.0,5914,15238.960828
223.0,7026,15243.726988
173.0,6568,15247.842918
132.0,5527,15250.797336
294.0,5460,15263.511074
199.0,6940,15268.32107
305.0,7599,15273.269502
50.0,5062,15276.419853
229.0,4451,15279.336351
270.0,6420,15282.926438
97.0,5823,15286.668136
266.0,6292,15290.607922
304.0,6418,15295.104229
335.0,6760,15299.749952
279.0,5683,15303.314238
273.0,4171,15305.930414
43.0,4784,15308.946984
360.0,5959,15312.692569
238.0,6806,15315.963823
351.0,7440,15321.147507
375.0,6433,15325.489419
109.0,6686,15342.142277
48.0,3999,15344.642733
157.0,7077,15348.673854
237.0,9084,15354.852012
196.0,6167,15358.718232
63.0,5404,15362.332224
349.0,6651,15366.831644
166.0,6459,15371.156491
132.0,6565,15375.807383
119.0,5754,15378.496015
54.0,4792,15381.464781
302.0,8100,15386.94212
294.0,7144,15391.722881
190.0,6154,15395.653775
123.0,5267,15399.181161
221.0,6965,15404.083979
285.0,6795,15420.37166
247.0,8001,15425.41539
189.0,5944,15429.659162
322.0,7230,15434.567619
260.0,5744,15438.145037
319.0,8648,15442.812049
295.0,5660,15446.775309
322.0,6117,15450.673145
231.0,6953,15455.029245
329.0,6056,15459.346801
261.0,6487,15463.805978
308.0,6298,15467.763434
168.0,6398,15471.056204
306.0,7225,15476.020743
207.0,6045,15479.91344
328.0,7601,15498.304861
288.0,7771,15502.779335
168.0,5857,15506.742629
212.0,6343,15510.87615
116.0,5300,15514.441956
309.0,5660,15517.99473
267.0,5655,15521.706851
233.0,5093,15525.325111
256.0,5518,15529.045184
306.0,6635,15532.200132
319.0,4507,15534.331098
199.0,7781,15537.078702
345.0,7151,15540.426616
332.0,6141,15543.34813
115.0,6768,15546.56578
295.0,6403,15549.616782
299.0,4535,15561.281998
257.0,6490,15564.387319
254.0,6754,15566.65384
268.0,6551,15569.827993
243.0,4690,15572.209265
107.0,5742,15575.143382
309.0,5332,15577.792493
129.0,5792,15580.648869
160.0,6808,15584.17989
84.0,5997,15587.331186
366.0,6955,15590.797889
269.0,4875,15593.132116
56.0,5098,15595.592315
283.0,7124,15598.234624
288.0,6723,15602.462632
289.0,5363,15606.175671
243.0,7055,15611.21918
341.0,7409,15628.509365
231.0,6983,15632.466985
243.0,7328,15637.610242
299.0,7467,15642.848165
109.0,5111,15646.42753
334.0,9783,15653.208329
277.0,8647,15659.372545
123.0,4760,15661.852813
328.0,5920,15665.970077
264.0,6841,15670.722729
61.0,4046,15673.516825
248.0,6921,15678.37457
369.0,7336,15683.52846
323.0,8149,15689.214867
304.0,6716,15708.705151
126.0,6338,15713.233149
221.0,6346,15717.701426
328.0,5780,15721.773151
303.0,5274,15724.523699
269.0,7481,15729.674828
279.0,5015,15733.17373
276.0,8039,15738.717983
338.0,6940,15743.563332
285.0,6236,15747.975328
270.0,6648,15752.620626
304.0,7483,15757.077526
237.0,5517,15760.990408
274.0,5708,15764.988886
272.0,4222,15767.896017
231.0,8452,15773.890781
234.0,5617,15792.949823
255.0,6074,15797.194454
263.0,6281,15801.632687
399.0,8950,15807.93175
35.0,3858,15810.697116
191.0,7569,15815.971655
209.0,6573,15819.680508
304.0,6760,15824.35774
311.0,6371,15828.75729
199.0,6293,15833.186707
214.0,5767,15837.272671
259.0,5277,15841.024303
119.0,4964,15844.443256
146.0,5430,15848.117939
144.0,4503,15850.316554
306.0,6544,15854.885455
271.0,8188,15860.624161
69.0,5632,15881.951057
45.0,4920,15884.381932
31.0,3176,15886.580659
271.0,5055,15890.052554
259.0,5567,15893.867318
140.0,6106,15898.085753
103.0,5827,15902.022105
317.0,6986,15906.856561
210.0,5848,15910.910244
201.0,7028,15914.844464
287.0,6114,15918.993923
218.0,5775,15922.954644
108.0,5401,15926.645786
205.0,5871,15930.713728
164.0,6843,15935.377291
340.0,7452,15940.50441
306.0,6749,15945.155631
41.0,4823,15963.713387
303.0,7703,15969.009275
317.0,7116,15973.920122
342.0,6995,15977.850894
245.0,7714,15983.157726
232.0,6395,15987.595093
49.0,3607,15990.053366
34.0,4500,15993.171094
253.0,6824,15998.017954
206.0,6469,16002.541115
259.0,5532,16006.440364
270.0,6808,16010.193235
244.0,6338,16014.636511
234.0,6446,16019.144565
65.0,5451,16022.912424
248.0,3466,16025.326505
297.0,6093,16029.577739
308.0,5085,16049.150089
203.0,8082,16054.851649
108.0,6462,16059.459496
159.0,6114,16063.717348
131.0,6146,16068.031803
313.0,7525,16072.39447
273.0,6186,16076.708585
271.0,9553,16083.417972
156.0,6250,16087.777186
172.0,7490,16092.988917
259.0,6231,16097.383758
324.0,7601,16102.749056
111.0,5958,16105.955814
214.0,8387,16111.500398
160.0,6551,16128.867373
203.0,8291,16134.678879
104.0,6192,16137.996258
309.0,7432,16143.463952
320.0,6008,16148.181803
232.0,5439,16151.870548
308.0,5972,16155.167464
314.0,8247,16159.477183
362.0,8257,16163.794043
95.0,6553,16166.423223
106.0,6305,16169.749216
138.0,6201,16172.969633
232.0,5744,16176.207856
273.0,5379,16179.252134
210.0,4764,16181.541077
234.0,5660,16184.675315
224.0,4630,16200.57381
255.0,5983,16204.496131
324.0,6521,16208.618069
134.0,7105,16213.801648
289.0,5960,16217.858292
311.0,5895,16221.597838
256.0,5651,16225.305358
203.0,7302,16229.56479
175.0,6226,16233.637016
181.0,6629,16237.746793
274.0,6852,16242.416837
237.0,5542,16246.240921
355.0,8619,16251.640424
353.0,7753,16256.765093
76.0,5678,16260.841413
147.0,6042,16263.826141
128.0,6855,16283.351166
336.0,7587,16288.655001
273.0,12209,16295.523653
367.0,8075,16301.133878
287.0,7250,16305.986475
341.0,6271,16310.456769
307.0,7378,16315.598057
309.0,7966,16320.690047
232.0,6737,16324.364819
127.0,5708,16328.509472
146.0,7178,16333.042743
59.0,4467,16335.84658
145.0,5907,16339.91949
144.0,6127,16344.380245
327.0,5443,16359.247654
356.0,6326,16363.221009
173.0,7096,16367.989261
289.0,5738,16372.115916
190.0,5861,16375.95404
271.0,6019,16379.778234
88.0,6184,16384.047617
380.0,8732,16389.210486
62.0,5473,16392.843777
360.0,8287,16398.225991
267.0,6352,16402.836656
253.0,7249,16407.676499
328.0,4678,16410.585539
248.0,6549,16415.002026
304.0,6935,16419.038723
181.0,7502,16439.525791
282.0,6802,16444.088416
285.0,6052,16448.521389
325.0,8128,16452.270909
357.0,7645,16455.942983
108.0,5169,16458.384261
311.0,6239,16461.370684
108.0,5562,16464.000638
238.0,6601,16467.124949
335.0,7815,16470.780265
186.0,6177,16473.708664
326.0,8121,16477.573244
288.0,5488,16480.256738
219.0,4347,16482.337217
281.0,6997,16484.822673
248.0,7627,16488.553021
102.0,5728,16503.374043
291.0,4703,16506.658912
313.0,7364,16511.812214
315.0,6875,16515.773053
278.0,6984,16520.673702
291.0,5927,16524.861248
192.0,3612,16527.32975
61.0,5576,16531.21963
316.0,6257,16535.681693
191.0,5371,16539.523073
272.0,10628,16546.088505
206.0,4876,16549.523153
147.0,6140,16553.848724
119.0,5390,16557.581854
208.0,7157,16562.616356
107.0,4553,16565.803036
218.0,4520,16568.957926
162.0,3376,16587.454936
320.0,6823,16592.282375
277.0,5161,16595.920175
1.0,640,16596.321051
257.0,6123,16600.669996
229.0,6661,16605.411106
305.0,5812,16608.527533
217.0,6370,16612.94668
345.0,5768,16616.899452
72.0,6053,16621.191404
234.0,6322,16625.593662
218.0,6190,16629.871339
202.0,8301,16635.655698
292.0,5953,16639.756911
303.0,7743,16644.259026
99.0,5574,16648.224513
280.0,8529,16654.180507
274.0,7746,16675.848173
282.0,7201,16680.932669
174.0,7303,16685.986242
283.0,6728,16690.530344
286.0,6796,16695.274136
278.0,6695,16699.973738
363.0,8277,16704.904001
298.0,7834,16710.407812
312.0,5440,16714.228252
338.0,8360,16720.062042
325.0,5982,16724.019531
103.0,6276,16728.359909
91.0,5621,16732.318701
180.0,5274,16735.113877
338.0,6998,16753.371677
266.0,6425,16757.851128
272.0,5505,16761.699732
320.0,7184,16766.749682
361.0,6512,16770.410231
63.0,3662,16772.94444
313.0,5307,16776.616216
305.0,5476,16780.51109
221.0,7521,16785.817603
234.0,6739,16790.559306
371.0,6839,16795.458298
327.0,8166,16800.336507
254.0,7316,16805.430315
268.0,6841,16810.250488
177.0,5173,16813.890057
128.0,6441,16818.339947
233.0,6977,16835.491735
219.0,5251,16839.158148
145.0,5856,16843.284723
233.0,4971,16846.715014
237.0,5400,16850.42885
91.0,5090,16853.876693
315.0,6926,16858.687827
392.0,7802,16863.173534
273.0,6517,16867.605806
400.0,7330,16872.664308
303.0,7316,16877.722755
106.0,5486,16881.57948
162.0,6544,16886.124203
348.0,4455,16889.141003
281.0,6491,16892.790662
286.0,7583,16898.063583
86.0,5360,16901.721525
279.0,4402,16919.858746
132.0,5334,16923.593178
241.0,5263,16926.30921
310.0,6745,16930.938281
365.0,8376,16936.766864
135.0,6278,16941.12975
121.0,5841,16945.17966
73.0,5891,16949.294978
250.0,6686,16953.945471
209.0,7211,16957.988863
148.0,6227,16962.387818
242.0,5535,16966.278332
50.0,5147,16969.842248
71.0,5246,16973.509193
146.0,6508,16978.030575
301.0,6787,16982.734221
306.0,7465,17001.808393
341.0,6424,17004.834319
305.0,6227,17007.768536
222.0,6711,17010.938985
205.0,6725,17014.130465
258.0,5959,17016.981898
308.0,8260,17020.025706
214.0,7637,17023.662267
344.0,7790,17027.365717
187.0,6969,17030.698431
34.0,3348,17032.309926
232.0,7363,17035.857763
335.0,6795,17039.327375
306.0,8123,17043.706229
209.0,6695,17047.986822
146.0,4938,17062.81146
194.0,7360,17068.155125
311.0,7096,17073.237399
366.0,6334,17077.692508
267.0,6192,17081.988403
162.0,5792,17085.131906
244.0,7719,17090.437479
264.0,5965,17094.640885
224.0,9222,17101.074909
251.0,6378,17105.506786
158.0,7001,17110.457749
254.0,6415,17113.992122
183.0,6015,17118.184349
181.0,6813,17122.9638
318.0,6550,17127.605707
325.0,6733,17146.407769
243.0,6466,17150.934117
277.0,6039,17155.101084
244.0,8574,17161.120066
219.0,5687,17165.182221
151.0,6627,17169.939765
255.0,8152,17175.44316
265.0,6648,17179.470846
334.0,6301,17184.223404
76.0,5099,17187.705378
264.0,7768,17193.409526
43.0,4219,17196.399851
318.0,7406,17201.749784
210.0,7613,17207.190045
77.0,5035,17209.875305
125.0,5149,17213.547355
352.0,8394,17233.772409
90.0,5063,17237.284086
83.0,6143,17240.303442
297.0,6959,17244.839568
259.0,6696,17249.633632
272.0,5957,17253.690717
198.0,7727,17258.517797
256.0,6120,17262.877646
242.0,3692,17265.446805
135.0,4972,17268.732249
153.0,6954,17272.163921
316.0,7070,17277.033869
269.0,7103,17281.902898
54.0,4008,17284.458815
185.0,6800,17288.867979
152.0,6830,17293.613069
309.0,7927,17313.824945
168.0,6302,17316.81151
240.0,5785,17319.563096
269.0,7163,17323.035283
243.0,5485,17325.664707
228.0,7107,17329.092345
113.0,4239,17331.135231
237.0,7694,17334.868282
160.0,5486,17336.63246
44.0,4670,17338.870532
158.0,6033,17341.732411
37.0,3403,17343.358126
314.0,6199,17346.355481
60.0,4104,17348.323423
242.0,6143,17351.275003
154.0,5891,17354.094246
220.0,7691,17357.964952
80.0,3926,17369.774308
230.0,5640,17373.7773
219.0,7186,17378.487365
311.0,6959,17382.847528
275.0,6832,17387.577167
312.0,7587,17393.023458
348.0,7534,17398.039211
304.0,4685,17399.97043
266.0,7103,17404.692028
262.0,6298,17409.041623
302.0,6882,17413.468574
254.0,6056,17417.197913
55.0,4249,17420.087599
326.0,8302,17425.731859
146.0,3868,17428.162613
379.0,8230,17432.497716
59.0,5043,17451.758249
294.0,6246,17455.866868
310.0,7686,17460.704792
315.0,7602,17465.153293
307.0,5807,17469.145321
210.0,6759,17473.438145
109.0,6425,17477.699549
267.0,5342,17481.473337
315.0,6546,17485.752774
328.0,5895,17489.487985
301.0,5325,17493.057615
228.0,6402,17496.715552
327.0,6563,17500.988046
230.0,8237,17506.293616
338.0,7406,17511.477468
277.0,6531,17528.683024
270.0,7035,17533.120479
201.0,6344,17537.510559
49.0,4885,17540.645246
232.0,4536,17543.651333
83.0,5202,17547.236432
309.0,7928,17552.281193
138.0,5413,17555.780134
261.0,7103,17559.363592
325.0,6239,17563.348468
306.0,6593,17567.952678
296.0,8372,17573.45162
260.0,7950,17578.336227
297.0,7706,17583.724966
172.0,7103,17588.434917
377.0,10283,17608.611908
144.0,5958,17612.820892
279.0,7659,17618.064327
129.0,5640,17620.718933
299.0,7508,17625.656969
93.0,4345,17628.704728
280.0,6747,17633.332274
197.0,6416,17637.384772
180.0,6643,17641.841023
313.0,6650,17646.489225
233.0,7699,17651.383334
316.0,6851,17654.877986
205.0,6423,17659.379949
196.0,6396,17663.74563
287.0,6134,17667.703263
326.0,7130,17672.748821
195.0,5067,17691.085788
166.0,6275,17695.03364
304.0,6602,17699.379976
336.0,6631,17703.965715
355.0,8490,17709.45602
321.0,7806,17714.431244
311.0,6564,17718.022157
222.0,5405,17721.579097
170.0,5378,17724.973836
264.0,5222,17728.203084
313.0,7476,17733.26986
257.0,6167,17737.41003
286.0,5813,17741.047789
273.0,7483,17745.785712
221.0,5163,17748.451454
207.0,5381,17752.109384
304.0,7349,17770.690287
351.0,8305,17776.377869
107.0,5462,17779.054443
350.0,7932,17783.964016
268.0,6741,17788.466693
241.0,6414,17792.921272
309.0,6630,17797.061585
258.0,5897,17800.773989
259.0,6616,17805.450423
379.0,8443,17810.163067
172.0,7472,17814.830216
273.0,6945,17819.677563
52.0,5022,17823.287434
186.0,3354,17825.441973
101.0,5760,17829.144218
292.0,5791,17845.699659
241.0,5861,17850.047238
257.0,6247,17854.215576
282.0,6904,17857.863449
199.0,6232,17861.259571
265.0,7112,17865.129139
115.0,5194,17867.791396
145.0,6949,17871.237626
284.0,6810,17873.712856
247.0,7715,17877.528272
265.0,4860,17880.153517
244.0,7214,17883.857298
124.0,6871,17887.26113
348.0,6813,17890.73241
336.0,8576,17894.966161
231.0,7398,17912.976877
298.0,7911,17918.693879
159.0,6210,17922.924818
264.0,6450,17926.142265
339.0,9078,17930.397523
262.0,6983,17933.715356
161.0,6309,17935.773639
46.0,4182,17937.712103
95.0,5650,17940.329829
132.0,5834,17943.041692
144.0,6302,17945.99753
257.0,7946,17949.701547
173.0,5547,17952.595402
185.0,6646,17955.929451
177.0,5829,17958.90747
183.0,4378,17961.109135
236.0,6770,17967.080778
78.0,5914,17970.011798
316.0,7090,17973.683523
252.0,6537,17976.88202
310.0,6575,17980.437358
260.0,6445,17984.133361
309.0,6273,17988.450179
35.0,4481,17990.802901
229.0,3615,17992.841858
154.0,6810,17996.337717
177.0,5219,17998.99179
356.0,6925,18002.464338
276.0,6870,18006.15705
282.0,6454,18010.487674
242.0,7174,18014.243704
272.0,5632,18017.035983
349.0,6528,18020.089842
163.0,6058,18035.625805
184.0,5615,18039.554573
200.0,7587,18044.773691
207.0,6234,18048.672965
279.0,6212,18052.629875
328.0,6873,18057.473794
225.0,7496,18061.701542
48.0,4693,18064.611285
99.0,5949,18067.929115
253.0,6273,18070.932154
311.0,7198,18074.394571
247.0,6083,18077.312547
259.0,6220,18080.258301
294.0,6072,18083.365705
207.0,5612,18086.389306
181.0,7126,18090.006566
261.0,5794,18099.674292
254.0,5925,18103.407135
317.0,7151,18108.016618
357.0,8203,18113.741457
223.0,7698,18119.040353
182.0,6457,18123.656569
52.0,5198,18126.007903
204.0,5973,18129.83851
231.0,5244,18133.661334
164.0,5435,18137.637886
254.0,5220,18140.958217
214.0,7100,18145.486617
195.0,6634,18150.272091
240.0,5792,18154.201833
287.0,6633,18157.455466
48.0,4811,18160.596778
203.0,6614,18179.937761
228.0,6071,18184.031904
201.0,5601,18187.893914
221.0,6262,18191.186943
250.0,6388,18195.194447
257.0,5171,18198.506445
154.0,5989,18202.751599
238.0,6546,18207.304306
34.0,3129,18209.443429
161.0,6131,18213.719234
92.0,5016,18216.862083
270.0,5991,18219.723078
258.0,6985,18224.717184
243.0,6391,18229.027498
216.0,4800,18232.026673
328.0,7721,18237.073606
261.0,6416,18241.545007
258.0,5541,18258.357805
323.0,8750,18263.88668
283.0,6707,18268.578986
191.0,5736,18272.425725
243.0,4571,18275.327968
263.0,5211,18278.627452
297.0,7368,18282.89683
171.0,7684,18288.088111
147.0,6317,18292.039079
252.0,8833,18298.220017
292.0,6966,18302.832167
242.0,6022,18306.603377
88.0,5255,18310.088659
220.0,4374,18313.178666
281.0,7150,18316.983021
361.0,7560,18337.459366
359.0,6861,18342.346863
252.0,6919,18345.93963
313.0,6645,18350.024667
261.0,7116,18354.985523
328.0,7454,18360.152202
337.0,8268,18365.33061
252.0,6852,18370.043206
29.0,3682,18372.580382
194.0,5543,18376.189961
315.0,6499,18379.276372
234.0,5799,18383.147661
220.0,6650,18387.618169
261.0,6200,18391.411088
283.0,6899,18396.220528
299.0,8588,18401.918708
94.0,5800,18415.965009
155.0,5546,18419.420016
188.0,4808,18422.507554
296.0,6271,18426.81634
269.0,6563,18431.173439
323.0,6786,18435.379097
148.0,5779,18439.255109
36.0,3519,18440.730647
292.0,4058,18443.444513
229.0,5957,18447.118587
90.0,4328,18449.806625
216.0,6225,18454.167109
250.0,8077,18459.714363
217.0,6544,18463.992459
215.0,5319,18467.298356
138.0,6011,18471.29803
185.0,5651,18474.38715
236.0,6938,18493.257106
313.0,8259,18498.653567
102.0,4732,18502.105283
143.0,4963,18504.676337
224.0,5943,18508.419779
280.0,7144,18512.955873
330.0,8889,18519.341556
257.0,6299,18523.434967
239.0,5486,18526.895059
184.0,5698,18530.832414
247.0,6957,18535.702496
347.0,6032,18538.60166
239.0,4967,18541.64042
83.0,4035,18544.499066
113.0,6044,18548.833907
298.0,7590,18553.866044
268.0,6909,18565.332383
299.0,6016,18568.283259
249.0,5600,18572.296257
349.0,8873,18578.351035
86.0,4620,18581.284197
335.0,7459,18586.051923
153.0,6972,18591.144175
242.0,5985,18595.300226
207.0,6926,18598.815055
288.0,8167,18604.318282
168.0,6348,18608.775765
239.0,3247,18610.807932
292.0,6845,18615.096614
300.0,6770,18619.705141
63.0,3314,18621.955052
192.0,6052,18625.853589
283.0,5691,18629.411404
126.0,4406,18645.707813
269.0,7266,18650.623354
264.0,6715,18655.043012
194.0,6138,18658.839298
296.0,7881,18663.154518
177.0,5814,18667.026447
207.0,7204,18671.586016
218.0,7081,18676.169374
262.0,7388,18680.806136
160.0,7064,18685.523354
212.0,5421,18689.223085
140.0,5993,18693.032677
209.0,7040,18697.030586
143.0,5927,18701.328132
230.0,6070,18705.257179
331.0,9004,18725.151319
331.0,5295,18728.932895
298.0,8365,18734.463282
205.0,6997,18738.945125
200.0,6859,18743.912572
206.0,8238,18749.392222
338.0,6700,18753.656535
220.0,5215,18756.495151
314.0,5540,18760.484032
252.0,5651,18763.994122
324.0,5300,18767.328361
299.0,6803,18771.973091
354.0,7549,18777.176332
220.0,5104,18780.355337
245.0,7146,18785.074682
173.0,4883,18788.530354
293.0,7733,18800.077025
350.0,5471,18802.700529
134.0,6607,18805.832574
255.0,6171,18808.813578
41.0,4607,18811.022181
265.0,5908,18813.874883
262.0,6411,18816.974096
358.0,6158,18819.914442
284.0,6742,18822.236443
297.0,4780,18824.536742
147.0,6202,18827.516322
247.0,7957,18831.334817
27.0,2279,18832.402728
139.0,5707,18835.109666
61.0,5434,18837.702694
253.0,6167,18840.643404
93.0,6286,18843.680281
45.0,4374,18859.693185
67.0,4607,18862.858028
337.0,5539,18866.747306
203.0,5451,18870.239241
346.0,6067,18873.977592
168.0,6196,18878.159461
267.0,7026,18882.987551
191.0,5751,18885.629588
317.0,6628,18889.926071
226.0,6770,18894.426689
190.0,6044,18898.176982
95.0,5730,18902.177059
222.0,5680,18906.163319
179.0,6439,18910.345114
315.0,7426,18914.31759
255.0,6993,18919.23351
211.0,4899,18922.479803
213.0,8147,18941.63696
258.0,6601,18946.118599
58.0,4865,18948.573851
137.0,6836,18953.103781
242.0,6082,18956.847916
104.0,6685,18961.386045
288.0,7700,18966.555202
110.0,5202,18969.827462
346.0,6478,18974.111536
222.0,6024,18977.49548
145.0,6312,18981.593608
202.0,6328,18985.521278
334.0,8559,18991.26379
146.0,6801,18995.776889
224.0,7110,19000.215533
346.0,7077,19016.095668
282.0,4926,19019.516196
227.0,5682,19023.444893
297.0,6800,19027.699177
268.0,2698,19029.371823
206.0,5265,19032.730693
65.0,5951,19036.828862
173.0,4651,19039.958193
179.0,6099,19042.844804
57.0,4360,19045.725401
268.0,5623,19049.427736
221.0,7547,19054.168619
273.0,5903,19058.181684
133.0,5535,19061.930064
323.0,6529,19065.994323
263.0,7237,19070.704527
166.0,5826,19073.89323
314.0,7956,19091.150183
31.0,2954,19092.967494
120.0,5551,19096.531873
302.0,5336,19100.139544
30.0,3873,19102.857072
169.0,7566,19106.94775
271.0,6832,19111.204448
299.0,8197,19116.132014
74.0,4891,19118.493155
27.0,3948,19120.355107
218.0,6346,19123.379668
298.0,7007,19126.737241
180.0,5559,19129.423347
279.0,6964,19132.771711
224.0,5696,19135.505685
285.0,7352,19138.100305
248.0,5419,19140.66802
279.0,4528,19142.800159
120.0,6772,19155.520809
344.0,6392,19158.857168
137.0,6552,19162.31362
239.0,7170,19166.655702
343.0,8065,19170.086133
321.0,7120,19173.64114
168.0,5598,19176.437318
251.0,4672,19178.762336
230.0,6923,19182.154508
157.0,6917,19185.557182
124.0,6157,19189.465431
301.0,6900,19194.297556
91.0,4675,19197.409219
308.0,7120,19201.004635
231.0,7163,19206.066232
262.0,6581,19223.544687
197.0,6335,19227.628717
347.0,7572,19231.528563
236.0,6794,19236.38877
17.0,1842,19237.725175
298.0,7640,19242.650344
267.0,6164,19246.583752
279.0,5928,19250.816943
270.0,6956,19255.605849
218.0,5783,19259.274355
278.0,6537,19262.793353
219.0,6138,19267.259664
196.0,6165,19271.311014
184.0,6327,19275.294888
137.0,6232,19279.742633
257.0,4615,19282.978229
273.0,6404,19287.110941
271.0,7054,19302.598603
343.0,8660,19308.281047
67.0,5814,19312.464575
261.0,7454,19317.32011
374.0,7133,19321.840883
264.0,5462,19325.75973
238.0,6526,19329.477196
267.0,4974,19332.608311
243.0,4898,19335.690154
210.0,6231,19340.126681
331.0,8950,19346.125768
249.0,5600,19349.598717
328.0,6889,19354.408012
311.0,7810,19358.989349
289.0,6591,19363.17142
310.0,5317,19380.414962
156.0,7146,19385.503178
305.0,6191,19388.739249
273.0,5983,19392.519869
197.0,5763,19396.374825
284.0,6815,19401.236808
244.0,6691,19405.585179
202.0,4717,19408.562091
251.0,7587,19413.853509
331.0,5698,19417.585318
166.0,3537,19420.075146
321.0,5451,19422.951177
299.0,7423,19427.752932
346.0,6950,19432.206198
274.0,6435,19436.79681
310.0,5781,19440.71165
277.0,5519,19444.185791
38.0,4433,19458.437518
294.0,7656,19463.53327
285.0,7534,19468.911771
378.0,6945,19473.295857
190.0,5036,19476.534645
232.0,5303,19480.341571
327.0,6354,19483.851329
228.0,6638,19488.014197
237.0,5104,19491.351439
184.0,6491,19496.012031
277.0,6670,19500.509012
285.0,4871,19503.588302
86.0,5645,19507.352959
144.0,6840,19512.260616
331.0,6525,19515.535226
187.0,6068,19519.315636
159.0,6480,19537.562786
301.0,6999,19542.284247
247.0,6103,19546.145435
255.0,6219,19549.481008
59.0,5158,19553.190953
179.0,4310,19555.937672
170.0,5774,19559.561096
295.0,5155,19562.984809
283.0,6393,19567.491494
293.0,6475,19571.663035
302.0,6811,19576.023335
106.0,5755,19579.125224
354.0,6841,19583.81073
78.0,5723,19587.413796
45.0,6010,19591.339114
297.0,7365,19596.529913
242.0,4114,19599.24101
278.0,5496,19615.71129
282.0,5976,19619.440904
287.0,6210,19623.937787
272.0,7211,19628.785899
226.0,7472,19633.464903
256.0,7842,19638.971943
242.0,3452,19641.470211
209.0,7313,19645.349986
54.0,4120,19647.891577
308.0,7288,19652.997718
250.0,6177,19657.339976
314.0,5688,19660.908562
216.0,7142,19665.621454
43.0,4252,19668.647306
248.0,5257,19672.299162
54.0,4560,19674.21539
223.0,6383,19678.217282
273.0,7153,19690.916108
264.0,5575,19694.54166
308.0,6966,19699.519119
238.0,7250,19704.222915
259.0,5857,19707.025399
230.0,6021,19711.190224
182.0,6414,19715.823326
225.0,4596,19718.723203
223.0,5972,19722.494443
30.0,3628,19724.718676
165.0,5815,19728.61348
143.0,6045,19732.845537
296.0,6513,19736.10994
276.0,7722,19741.474262
263.0,6630,19745.864168
315.0,4835,19748.892139
337.0,6379,19765.333083
146.0,6058,19768.670208
278.0,6588,19773.17275
329.0,7008,19777.5154
308.0,6196,19781.664662
330.0,8184,19787.385566
137.0,6731,19791.585328
321.0,5861,19795.323929
218.0,7803,19799.829994
117.0,6457,19803.927913
306.0,6189,19807.819131
178.0,5762,19811.811201
361.0,6074,19816.187238
232.0,6478,19820.264115
359.0,8579,19825.75799
285.0,6879,19843.16405
225.0,6068,19847.297665
332.0,5919,19851.024115
259.0,6437,19855.383869
197.0,6441,19860.058732
265.0,8175,19864.281607
365.0,8834,19870.1813
124.0,5694,19874.236114
69.0,5519,19877.588688
245.0,6587,19881.717156
246.0,4687,19884.868572
140.0,6366,19889.316112
223.0,6902,19893.607987
293.0,6886,19897.109941
328.0,4522,19900.254644
338.0,8773,19905.703905
263.0,6100,19925.152864
282.0,6258,19928.540365
121.0,6168,19932.539175
275.0,7602,19937.295037
279.0,5911,19941.446691
294.0,8959,19947.366235
250.0,5399,19950.681518
273.0,7253,19955.642909
147.0,6190,19959.102472
332.0,8463,19964.479276
354.0,6322,19968.689015
194.0,5667,19972.665277
193.0,6726,19976.35494
309.0,6646,19979.502185
317.0,6853,19982.709396
220.0,7666,19994.956426
136.0,6907,19998.259233
254.0,7340,20001.714733
36.0,4723,20003.908549
268.0,5819,20006.671597
164.0,6514,20009.795176
311.0,8257,20013.713798
87.0,5282,20016.450833
253.0,4597,20018.865203
300.0,8793,20022.447868
332.0,6528,20025.818251
160.0,7383,20029.690143
274.0,5787,20032.876147
304.0,6437,20036.441857
259.0,5477,20039.365263
269.0,6792,20042.896283
211.0,7008,20056.21855
241.0,6865,20059.689334
306.0,4930,20062.372304
189.0,8886,20067.004068
286.0,7578,20070.894327
105.0,5760,20073.864819
143.0,6402,20077.198403
247.0,6756,20080.722497
54.0,4234,20082.974038
307.0,7503,20085.854543
303.0,7040,20089.569223
269.0,5496,20092.26783
194.0,5890,20095.2824
367.0,6059,20098.521317
215.0,6314,20102.052675
114.0,5170,20115.922734
346.0,9350,20122.008773
115.0,6435,20126.130545
274.0,6451,20130.779225
235.0,7356,20135.696214
339.0,6188,20139.525833
289.0,6868,20144.263494
372.0,7187,20148.349519
130.0,4892,20151.44304
271.0,7980,20156.684345
289.0,5158,20160.528817
272.0,5175,20164.110629
209.0,6827,20168.390556
217.0,6123,20172.609478
84.0,5818,20176.84178
210.0,5323,20179.412205
248.0,7160,20198.704025
354.0,7851,20204.134544
178.0,6411,20208.190374
163.0,7266,20212.144255
235.0,6662,20216.907084
279.0,7868,20222.419821
328.0,6237,20226.315409
198.0,6742,20230.894464
127.0,7057,20235.887902
309.0,8037,20240.973946
190.0,6029,20243.970092
156.0,6857,20248.712789
329.0,6532,20253.047484
237.0,5882,20256.738966
235.0,6931,20261.382712
287.0,7657,20280.240093
283.0,7524,20284.998558
388.0,9505,20291.485018
289.0,7317,20296.523278
259.0,5023,20299.647157
349.0,6569,20304.037866
162.0,6486,20307.757603
267.0,4772,20310.898765
100.0,5092,20314.1175
180.0,2530,20315.67909
271.0,7430,20320.84795
270.0,6854,20325.611536
295.0,5546,20329.160085
127.0,6117,20333.19215
342.0,5276,20335.919382
233.0,7672,20341.096862
253.0,7264,20359.937725
323.0,6128,20364.047348
322.0,7192,20367.980851
335.0,7303,20372.507535
349.0,4635,20375.460296
358.0,7205,20380.542315
266.0,6712,20385.055526
166.0,6158,20388.963189
300.0,8969,20395.197967
98.0,4955,20398.615519
253.0,6494,20401.733715
329.0,6307,20405.78864
53.0,4516,20409.018575
64.0,5437,20412.729993
21.0,3432,20414.877813
147.0,6640,20419.033919
186.0,6450,20437.488752
274.0,7451,20442.49697
286.0,7346,20447.071358
286.0,7583,20452.135061
240.0,2714,20453.989296
93.0,5165,20457.526228
279.0,6516,20461.602767
189.0,6157,20464.709463
281.0,6770,20469.445999
295.0,6072,20473.366919
307.0,7432,20478.003077
137.0,5402,20481.699615
287.0,6858,20486.311764
172.0,4613,20489.173676
138.0,5581,20492.704954
311.0,7646,20496.834435
105.0,5218,20513.467694
103.0,6158,20517.381684
240.0,2822,20519.375955
332.0,7818,20524.941335
341.0,3446,20526.184319
247.0,6289,20530.144149
190.0,6523,20534.580824
299.0,6911,20539.547465
273.0,6004,20543.322346
313.0,6688,20547.625287
59.0,4933,20551.11049
221.0,4807,20554.509117
276.0,5012,20556.717592
335.0,5285,20560.081151
54.0,4876,20563.403906
136.0,6345,20567.848626
211.0,7361,20572.537287
288.0,7218,20577.19122
261.0,6591,20593.807558
294.0,5981,20597.86163
301.0,7914,20602.822496
306.0,6769,20607.385403
223.0,6709,20612.123688
203.0,5956,20615.884057
61.0,4888,20618.958756
155.0,6595,20622.454076
276.0,6607,20626.943216
279.0,5502,20630.651693
261.0,6225,20634.527563
261.0,5324,20637.826642
329.0,3814,20640.474332
104.0,5704,20644.519043
152.0,6985,20648.988382
318.0,7238,20653.000626
282.0,7325,20674.05348
275.0,4939,20677.416929
358.0,5129,20680.936526
91.0,6280,20684.448329
13.0,1847,20685.717149
88.0,5002,20689.178407
318.0,9086,20695.391121
343.0,6088,20699.598733
243.0,4343,20702.59851
259.0,4631,20705.834829
221.0,7710,20711.076955
74.0,5379,20714.789235
172.0,7834,20719.23869
88.0,4751,20722.555533
257.0,6427,20727.034359
186.0,5933,20731.043166
278.0,7283,20736.061655
221.0,4313,20739.028129
180.0,6688,20758.781749
105.0,6216,20762.981294
85.0,5419,20767.041048
229.0,4795,20770.273566
299.0,6463,20773.897599
257.0,6401,20777.139481
275.0,7619,20781.1312
231.0,6052,20784.107966
270.0,8115,20788.26687
277.0,7498,20792.048574
294.0,5659,20794.726002
295.0,7169,20798.133474
249.0,5772,20800.914254
339.0,6953,20804.194847
316.0,4983,20806.487031
163.0,6833,20830.165885
130.0,6653,20834.829683
355.0,5343,20838.104861
253.0,7798,20842.266823
312.0,6053,20846.299431
332.0,6027,20850.400084
381.0,6855,20855.216666
313.0,5496,20858.677061
229.0,5607,20862.199219
279.0,5772,20866.252722
275.0,6641,20870.851249
45.0,4095,20873.408705
53.0,4101,20875.043212
144.0,7465,20879.996392
332.0,6305,20883.112276
255.0,5691,20885.772904
344.0,7755,20889.447612
236.0,8555,20903.698437
170.0,5244,20905.251646
242.0,7926,20909.027124
241.0,5082,20912.005873
262.0,8045,20916.149103
324.0,6211,20920.146572
163.0,6483,20924.47874
307.0,7466,20929.166487
296.0,7008,20933.789848
264.0,7196,20937.790359
365.0,7524,20942.484231
343.0,7243,20947.12518
316.0,6495,20951.79754
284.0,7451,20956.479812
247.0,7377,20973.576192
330.0,5796,20977.594469
203.0,7149,20982.42346
79.0,5480,20985.836102
112.0,6523,20989.989267
126.0,6620,20994.62145
214.0,5327,20998.255811
301.0,6211,21001.553339
91.0,5928,21005.60423
326.0,5720,21009.234786
295.0,6807,21013.817314
58.0,3605,21016.348968
165.0,7267,21021.314779
382.0,8754,21026.886739
273.0,4618,21030.145105
245.0,6930,21034.14244
330.0,8319,21054.37881
44.0,2987,21056.322815
268.0,5227,21060.040373
268.0,7328,21064.193144
64.0,5385,21067.591686
218.0,5092,21070.939583
226.0,8083,21076.683877
294.0,8056,21081.896599
311.0,8305,21087.211242
234.0,6103,21091.356739
200.0,6048,21094.675388
375.0,7421,21099.297681
276.0,6170,21103.276057
269.0,6554,21107.56809
313.0,5849,21111.276373
21.0,3317,21113.431471
294.0,5901,21117.473511
22.0,3263,21133.576305
171.0,6234,21137.757881
103.0,3976,21140.367887
52.0,4641,21143.801558
294.0,6238,21148.222326
294.0,6927,21152.61658
371.0,6869,21156.986791
62.0,4355,21159.050917
341.0,7498,21164.21083
59.0,4881,21167.302538
199.0,6231,21171.271309
310.0,6271,21175.538025
145.0,5974,21179.65722
286.0,7090,21184.054527
76.0,5453,21187.498943
95.0,5604,21190.443924
254.0,5912,21194.446006
223.0,6088,21210.562515
38.0,2890,21212.364323
349.0,7220,21217.022601
103.0,5158,21220.556043
238.0,5978,21223.596069
236.0,6982,21227.918871
126.0,5127,21231.242487
262.0,5299,21234.886466
251.0,6404,21239.091404
282.0,4699,21242.030783
318.0,5308,21245.396882
277.0,6980,21250.191123
280.0,3344,21251.444724
202.0,6876,21255.715759
222.0,5725,21259.361744
178.0,6298,21263.679937
331.0,7712,21268.916225
188.0,6338,21272.859624
247.0,5294,21288.727664
210.0,5520,21292.60743
365.0,9038,21298.572045
309.0,7773,21303.607723
252.0,6326,21307.991564
212.0,6607,21312.426035
323.0,7047,21315.920367
323.0,6756,21320.542863
210.0,6496,21325.077835
347.0,5524,21328.45666
266.0,4945,21331.525903
163.0,6952,21336.409982
350.0,7843,21341.68466
355.0,9139,21346.443287
320.0,6608,21350.965198
326.0,7302,21369.891825
324.0,5071,21373.429646
254.0,6696,21377.969336
331.0,6937,21381.350882
374.0,7944,21386.690432
136.0,7204,21391.67615
286.0,6502,21395.787372
255.0,5141,21398.970103
321.0,6343,21403.358885
120.0,5492,21407.194497
112.0,5723,21409.810956
268.0,5709,21413.389958
302.0,6214,21417.795856
259.0,7638,21422.861457
284.0,7897,21428.232716
72.0,4939,21447.593758
129.0,5637,21451.473446
322.0,7000,21455.131071
307.0,6172,21458.084083
287.0,7855,21461.801449
250.0,6102,21464.70959
80.0,6499,21467.79881
183.0,6394,21470.845799
75.0,6825,21473.197273
93.0,4666,21475.391007
18.0,2034,21476.337549
263.0,7142,21479.745963
252.0,3988,21481.657
48.0,4037,21483.582234
220.0,5787,21486.360506
255.0,7211,21489.85511
274.0,5692,21492.581863
263.0,6165,21495.54
283.0,5855,21505.750956
295.0,7363,21509.272697
357.0,6960,21512.564391
275.0,6507,21515.657084
243.0,6231,21518.670835
110.0,6188,21521.82444
71.0,5213,21524.508607
425.0,7798,21528.451327
244.0,7325,21532.056207
292.0,7005,21535.979848
172.0,7018,21540.758756
366.0,5663,21544.523757
258.0,7639,21549.725668
188.0,5604,21553.66938
271.0,5919,21557.681686
348.0,8079,21576.043525
209.0,5299,21579.65301
316.0,4679,21582.782038
316.0,5574,21586.459783
261.0,4836,21589.813913
75.0,4955,21593.242156
291.0,7963,21598.72148
262.0,5990,21601.968569
208.0,5410,21605.821388
65.0,5308,21609.557553
14.0,2509,21611.450283
191.0,7788,21616.407052
88.0,4667,21618.636763
242.0,5457,21621.235947
358.0,7075,21624.994599
237.0,5070,21627.510268
214.0,6536,21630.731993
314.0,5437,21632.981383
252.0,5515,21648.560541
206.0,6860,21652.979556
351.0,6312,21657.651937
221.0,6555,21661.985851
241.0,6409,21665.118145
234.0,7733,21670.622906
245.0,7366,21675.636104
212.0,6780,21680.606303
259.0,6667,21685.4094
315.0,7114,21690.550776
275.0,5195,21694.300816
270.0,8002,21699.111163
227.0,5645,21703.228737
317.0,7125,21708.480149
205.0,4865,21711.957866
299.0,7429,21730.225227
320.0,7446,21735.561899
287.0,5741,21739.599594
366.0,7379,21744.888362
353.0,6680,21749.577532
345.0,5848,21753.392044
309.0,5556,21756.066131
301.0,7590,21758.89707
349.0,7160,21762.326046
241.0,7245,21765.825936
286.0,6244,21768.806143
93.0,5124,21771.25801
271.0,7398,21774.790673
355.0,7297,21778.235627
323.0,5940,21781.160161
317.0,7014,21795.87659
372.0,8886,21801.196255
332.0,8288,21806.760309
116.0,5447,21810.052637
278.0,6750,21813.596271
279.0,7897,21817.573647
128.0,6546,21820.026207
214.0,7129,21823.84101
310.0,6517,21828.390153
114.0,5864,21832.579155
347.0,6153,21836.899078
352.0,7134,21841.262161
173.0,5917,21844.325891
52.0,3987,21846.400587
344.0,8844,21850.940306
370.0,7606,21868.577757
197.0,3803,21871.247875
307.0,7572,21876.467536
298.0,7288,21881.63977
238.0,5591,21884.795969
177.0,6776,21889.58013
293.0,8441,21895.529911
140.0,7203,21900.645831
327.0,6332,21904.936383
332.0,6264,21909.332887
141.0,6182,21913.54195
262.0,5989,21916.65591
281.0,6858,21921.434396
324.0,5610,21925.318373
264.0,6071,21929.650238
241.0,6902,21934.357019
220.0,7886,21950.371474
227.0,5893,21954.419399
156.0,5441,21958.099687
214.0,7061,21962.928684
156.0,5600,21966.788131
139.0,6392,21971.281614
336.0,6619,21975.875993
246.0,5842,21979.216564
21.0,3217,21981.358084
395.0,6208,21985.341266
246.0,5553,21989.131212
347.0,6335,21993.305916
276.0,5868,21996.941788
123.0,6608,22001.251742
216.0,6726,22005.975547
174.0,6762,22009.460394
186.0,7481,22027.320964
321.0,6268,22031.190582
320.0,8313,22036.595594
148.0,6426,22041.161223
336.0,8051,22045.313304
254.0,9497,22051.518966
236.0,5802,22055.541781
39.0,3250,22057.611514
28.0,3023,22059.518585
209.0,4802,22062.483359
224.0,5898,22066.447748
305.0,6376,22070.886045
253.0,7674,22075.186042
227.0,5355,22078.867532
67.0,5124,22082.243845
187.0,7005,22086.577724
184.0,6077,22101.971872
235.0,4708,22104.081341
163.0,5324,22107.742799
186.0,6645,22112.314589
271.0,5459,22115.720211
227.0,6188,22119.758814
217.0,6520,22124.229593
320.0,7779,22129.229583
126.0,5974,22132.950685
342.0,6648,22136.604958
313.0,7516,22141.873889
350.0,7556,22146.981063
368.0,9638,22153.232708
164.0,6163,22157.102454
274.0,6511,22161.60078
262.0,6124,22165.859139
87.0,5459,22183.268581
72.0,5444,22186.559399
264.0,7989,22192.056695
314.0,5713,22195.864677
151.0,5344,22199.143809
337.0,4854,22201.189127
306.0,4981,22204.681619
222.0,7458,22209.957725
256.0,7147,22214.452509
241.0,6723,22218.787438
117.0,4879,22222.135649
122.0,6341,22226.353282
317.0,8293,22230.616759
370.0,6081,22234.807512
103.0,6026,22239.030253
272.0,6886,22243.326556
213.0,4961,22260.758009
144.0,3728,22262.154186
248.0,4198,22264.787597
244.0,6342,22269.171087
287.0,7390,22274.150858
246.0,6435,22278.18172
273.0,6225,22282.328661
27.0,3584,22284.801281
267.0,6766,22289.299879
84.0,4760,22292.317386
262.0,7795,22296.65329
341.0,7071,22301.625832
377.0,7203,22306.109467
282.0,6670,22310.463878
235.0,3219,22312.690406
151.0,6143,22317.021391
282.0,5598,22320.458105
207.0,6664,22324.69232
267.0,6046,22341.460233
259.0,6321,22345.655472
237.0,8116,22351.072202
291.0,5803,22355.163383
328.0,7116,22358.849218
268.0,8407,22364.368089
308.0,7261,22369.690202
136.0,6500,22373.897182
345.0,7059,22378.503874
234.0,6061,22382.612391
33.0,4217,22385.553943
178.0,6282,22388.697458
287.0,6941,22393.259432
257.0,5717,22397.199447
326.0,6363,22401.529458
308.0,6577,22419.435771
340.0,4916,22421.555686
305.0,4855,22424.988411
354.0,8028,22430.628071
169.0,5119,22433.819673
264.0,6651,22438.102449
324.0,5337,22441.864683
84.0,6061,22446.052456
189.0,6876,22450.426497
188.0,7243,22454.435601
117.0,6119,22458.81186
305.0,6327,22462.877395
77.0,5234,22466.249569
50.0,4796,22469.581873
60.0,4654,22472.81572
262.0,5323,22476.36762
134.0,5854,22480.07154
108.0,4335,22494.778937
160.0,6226,22499.056229
77.0,4868,22502.585032
79.0,5065,22505.859645
126.0,5604,22509.420267
85.0,5734,22513.256887
227.0,7711,22517.738113
404.0,7265,22522.276211
281.0,7251,22526.232893
86.0,5194,22528.643764
282.0,7170,22532.032511
342.0,6043,22534.866024
211.0,7280,22538.28167
43.0,4522,22540.390587
264.0,5388,22542.94483
281.0,6336,22545.931079
193.0,6761,22548.203405
175.0,6932,22562.346101
136.0,5565,22566.217448
388.0,11027,22572.394256
319.0,8667,22576.904885
262.0,5227,22578.546321
247.0,8399,22582.581341
27.0,3716,22584.477694
340.0,8894,22590.201674
340.0,7474,22595.408049
347.0,7329,22599.939646
176.0,6411,22603.009592
245.0,6836,22606.292038
267.0,4095,22608.206856
133.0,6359,22610.35093
59.0,4405,22612.630714
122.0,5902,22628.738748
263.0,5731,22632.581329
242.0,5385,22636.384804
391.0,9330,22641.651167
267.0,5799,22645.303781
219.0,6536,22649.811067
58.0,4212,22652.791286
82.0,5669,22656.41143
297.0,7147,22660.906186
280.0,5598,22664.821167
36.0,4249,22667.903685
68.0,3942,22670.395268
279.0,6976,22673.754511
238.0,7852,22679.171239
227.0,7786,22684.394593
264.0,7107,22688.876316
171.0,5717,22706.897213
40.0,4367,22710.060939
324.0,6827,22714.604068
187.0,5335,22717.93951
294.0,7158,22722.820538
306.0,8366,22728.3735
180.0,4901,22731.424814
38.0,2832,22733.194005
99.0,5435,22735.996434
225.0,6330,22740.483216
330.0,7032,22744.91887
253.0,6367,22749.013844
91.0,4399,22752.085645
265.0,6237,22756.398892
390.0,9344,22762.156444
90.0,4462,22765.068864
318.0,7157,22769.091704
314.0,6979,22787.621359
326.0,6284,22791.499986
337.0,6104,22795.671163
309.0,8211,22800.343702
352.0,7852,22805.260648
268.0,4901,22808.264222
352.0,6639,22812.418115
166.0,5087,22815.934695
120.0,5735,22819.987078
224.0,7071,22824.480036
209.0,6259,22828.41503
294.0,5600,22831.419973
211.0,7750,22836.745067
33.0,3628,22839.015701
252.0,6281,22843.068478
67.0,4482,22846.224947
108.0,5665,22862.437107
313.0,8848,22867.483224
342.0,6459,22871.660457
183.0,6631,22876.377763
300.0,5716,22880.417238
347.0,6692,22884.555934
42.0,5173,22887.846347
354.0,8228,22893.580518
325.0,6839,22896.955818
105.0,5980,22900.677828
215.0,7029,22905.555362
138.0,4471,22908.672004
186.0,6864,22912.968041
314.0,6555,22917.156399
321.0,7220,22922.29822
224.0,7980,22926.46206
198.0,6813,22946.724803
107.0,6149,22951.158913
273.0,5356,22954.640191
294.0,7608,22958.458497
345.0,4593,22961.661319
261.0,5181,22965.266738
47.0,5238,22968.792308
220.0,6798,22973.046314
268.0,5608,22976.838237
171.0,7827,22982.365913
322.0,7320,22986.95277
55.0,5001,22989.300251
320.0,6214,22993.678442
187.0,7540,22998.702759
263.0,5575,23002.229358
344.0,5067,23005.580733
200.0,5247,23019.799508
143.0,6568,23024.470407
44.0,4033,23027.092908
36.0,3861,23029.489027
377.0,5331,23032.860931
113.0,6666,23037.555565
306.0,6890,23042.240594
353.0,6432,23046.320678
256.0,8154,23051.860007
243.0,6443,23055.461437
181.0,7183,23059.998255
282.0,6396,23064.045685
183.0,6132,23068.020099
283.0,6529,23072.749439
74.0,5741,23076.571248
317.0,8128,23081.649774
136.0,6279,23099.308814
242.0,7915,23104.677903
346.0,7927,23109.811411
104.0,5806,23114.106463
348.0,8064,23119.050499
189.0,7183,23124.150459
187.0,5549,23128.16205
238.0,7926,23133.141312
294.0,7611,23138.233008
260.0,7413,23143.458158
230.0,5955,23146.190436
264.0,5705,23149.779736
133.0,7064,23154.819804
276.0,6100,23158.960633
299.0,6779,23163.208716
163.0,7138,23180.901088
208.0,7334,23186.067497
237.0,3250,23188.181121
205.0,4879,23191.208349
327.0,7027,23195.631699
374.0,9535,23202.011419
247.0,7126,23207.047704
311.0,4950,23209.224955
384.0,8072,23214.465027
257.0,6580,23218.745564
75.0,5338,23222.671299
298.0,6789,23227.330294
287.0,6704,23231.534682
261.0,5499,23235.184793
291.0,6456,23239.680964
167.0,6189,23243.156522
268.0,6558,23260.359315
295.0,7320,23264.206378
187.0,5917,23267.033888
242.0,4107,23269.042736
300.0,6646,23272.225193
255.0,5266,23273.839039
184.0,6572,23276.991215
180.0,6131,23279.94596
235.0,6242,23282.964807
211.0,8111,23286.895629
337.0,7632,23290.636703
184.0,6623,23293.837431
317.0,6037,23296.869614
198.0,5952,23300.167716
261.0,6680,23303.525476
355.0,7720,23320.572424
313.0,5950,23324.745584
202.0,7834,23330.203194
268.0,7013,23335.017919
302.0,6861,23338.752004
217.0,5968,23342.941378
241.0,5586,23346.731088
41.0,4075,23349.44392
223.0,6142,23353.690004
24.0,3145,23355.844911
350.0,7137,23360.71349
248.0,5731,23364.680628
330.0,6923,23368.630049
165.0,6229,23372.99753
363.0,6643,23377.602314
347.0,6643,23382.145262
322.0,6525,23386.672244
122.0,5028,23403.316986
114.0,6284,23407.718076
281.0,6520,23412.140257
152.0,5777,23416.176065
341.0,8105,23421.733585
303.0,6331,23426.057531
263.0,6064,23430.305629
321.0,5064,23432.925624
303.0,5789,23436.948689
146.0,6464,23441.521907
293.0,5864,23445.663471
246.0,5700,23449.683274
221.0,6176,23454.034284
121.0,5509,23457.825714
293.0,7202,23462.006693
236.0,6215,23466.325694
254.0,7264,23486.861589
320.0,7499,23492.080722
85.0,4193,23494.082246
279.0,5699,23498.052016
93.0,5136,23501.721619
274.0,6185,23506.010896
284.0,6110,23510.262194
214.0,6388,23514.795878
307.0,5185,23518.44769
170.0,6668,23523.164047
247.0,5679,23526.20557
342.0,8171,23531.830093
248.0,6360,23536.186743
121.0,4355,23539.217687
43.0,4984,23542.775549
332.0,7427,23548.00922
232.0,7291,23553.184128
128.0,6375,23575.01882
343.0,6326,23579.050817
49.0,4735,23581.997531
325.0,7691,23587.351579
204.0,7069,23591.112448
282.0,6529,23595.190623
154.0,5757,23599.000033
168.0,7281,23604.000767
235.0,6595,23608.177678
281.0,6837,23612.791871
303.0,6411,23617.131314
79.0,5552,23619.713065
242.0,5694,23623.309669
338.0,7519,23628.522232
232.0,5914,23632.415537
292.0,7603,23648.699846
373.0,6184,23651.69088
253.0,7170,23656.635222
86.0,5268,23660.155766
145.0,5966,23663.889315
77.0,4941,23666.96103
232.0,6655,23671.487457
105.0,5699,23675.319676
364.0,5095,23678.531124
62.0,4265,23681.248612
282.0,5890,23684.304851
110.0,5035,23687.79381
53.0,4418,23689.931846
53.0,3958,23691.774062
338.0,5375,23694.298389
367.0,7755,23697.989403
193.0,7053,23701.362326
364.0,5960,23704.17143
300.0,6180,23715.487625
108.0,6004,23718.319715
351.0,8003,23722.06407
312.0,6298,23725.070877
246.0,7654,23728.712824
276.0,5841,23731.441513
67.0,5820,23734.162439
353.0,5667,23736.954141
279.0,7200,23740.527828
133.0,6645,23743.877718
192.0,6160,23746.09135
332.0,4743,23748.558801
217.0,5662,23751.432226
121.0,5030,23754.029053
367.0,8290,23759.140247
241.0,6258,23763.460839
206.0,5763,23780.921078
226.0,7166,23785.859906
119.0,5999,23790.090593
176.0,5396,23793.4189
240.0,5788,23797.075795
120.0,6437,23801.621273
35.0,3544,23804.064675
181.0,5685,23807.772594
265.0,6087,23810.713853
352.0,5780,23814.753952
32.0,3576,23817.171201
236.0,5076,23820.597208
187.0,6859,23824.858636
246.0,6695,23829.496877
306.0,5334,23833.287932
227.0,5810,23837.12752
240.0,4952,23840.272465
102.0,5422,23842.868834
130.0,6238,23860.184044
204.0,5017,23863.64091
96.0,4740,23866.671022
194.0,4147,23869.406673
340.0,8095,23873.627332
329.0,6440,23877.974427
351.0,6765,23882.778668
209.0,6019,23886.708318
315.0,7274,23891.354696
292.0,7538,23896.721171
240.0,5631,23900.438922
194.0,6527,23903.627072
393.0,6858,23908.318137
360.0,6931,23913.247745
62.0,6027,23917.029741
156.0,6308,23921.024416
169.0,6833,23939.680149
101.0,4559,23942.732208
230.0,6773,23946.96314
255.0,6766,23951.530728
195.0,6840,23956.385635
70.0,4989,23959.578487
318.0,6402,23963.681427
173.0,6703,23967.508949
354.0,4551,23970.663114
215.0,5166,23974.040181
128.0,5318,23977.384673
283.0,7178,23982.177758
335.0,7993,23987.581321
278.0,7643,23992.442941
176.0,6232,23996.778846
363.0,5810,24000.109074
182.0,5572,24017.684585
200.0,5614,24021.191739
89.0,6424,24025.710979
388.0,6079,24029.902593
61.0,5705,24032.511214
256.0,5325,24035.850829
188.0,4068,24038.698127
92.0,4782,24042.08965
325.0,6529,24046.428201
215.0,7529,24051.123739
209.0,5491,24055.014732
71.0,5804,24059.134564
158.0,6122,24062.075658
126.0,6829,24066.421734
274.0,6549,24071.285459
348.0,6999,24076.044086
313.0,7212,24080.493103
111.0,5902,24096.656831
271.0,6515,24099.804343
339.0,4730,24102.057135
245.0,5987,24104.923914
194.0,6917,24108.230729
291.0,6167,24111.221653
260.0,7590,24114.816392
221.0,5175,24117.268851
286.0,7141,24120.709491
118.0,6001,24123.614336
352.0,7029,24126.038298
290.0,6411,24129.134823
332.0,4847,24131.436587
137.0,6379,24134.499147
228.0,5310,24137.034012
212.0,5989,24139.900091
202.0,7661,24159.21755
291.0,6096,24163.503633
129.0,5785,24167.597063
118.0,6580,24172.20923
266.0,6170,24176.450822
86.0,6192,24180.810839
378.0,6140,24185.198352
261.0,4048,24188.074905
77.0,5344,24191.845461
196.0,2761,24193.80182
320.0,4732,24197.097945
141.0,5861,24201.23122
258.0,6433,24204.445175
61.0,5702,24208.432536
278.0,7539,24213.767466
305.0,5189,24217.451563
82.0,4733,24220.774034
231.0,6406,24225.259424
260.0,6316,24250.698573
241.0,8331,24256.668255
340.0,6428,24261.224467
275.0,7900,24265.957491
338.0,7646,24271.311753
195.0,5110,24274.933308
187.0,5347,24278.693907
275.0,6484,24283.279585
282.0,7768,24288.809958
375.0,8059,24294.439974
304.0,6335,24298.001816
231.0,5804,24302.098707
41.0,4012,24304.934678
348.0,3815,24307.658632
288.0,6716,24312.365025
341.0,8246,24335.895554
244.0,6547,24340.537629
141.0,7130,24345.524573
368.0,6224,24349.88362
318.0,7452,24355.17118
280.0,5726,24359.123235
117.0,5795,24362.210506
318.0,7997,24367.873647
116.0,5989,24372.115611
190.0,4733,24375.475272
326.0,4223,24378.451532
265.0,5841,24382.46319
283.0,6121,24386.797113
301.0,6955,24391.724852
191.0,5714,24394.86339
256.0,7119,24399.895653
49.0,4498,24403.038998
291.0,5387,24423.400936
261.0,7330,24427.596241
343.0,6851,24432.388427
322.0,5688,24436.403751
274.0,7902,24441.937986
317.0,5533,24445.855011
294.0,6809,24450.731856
90.0,5689,24454.677039
191.0,6188,24458.12756
367.0,6902,24463.059196
176.0,5397,24466.804327
236.0,6556,24471.510951
302.0,5760,24475.580308
308.0,6521,24480.212732
201.0,7105,24485.25484
255.0,6802,24489.152871
123.0,7021,24506.290546
243.0,4840,24509.716119
127.0,5764,24513.822164
84.0,5374,24517.628618
202.0,7209,24521.794454
248.0,5568,24525.679319
162.0,5259,24529.357997
312.0,8603,24535.394293
140.0,7484,24540.616158
194.0,5235,24544.288238
292.0,8339,24550.219831
297.0,6795,24554.002617
295.0,8924,24560.145059
298.0,7148,24565.275783
185.0,7800,24570.689997
295.0,7691,24588.904577
114.0,6868,24593.730272
233.0,4446,24596.755423
359.0,5564,24600.335648
276.0,7409,24605.478682
243.0,5830,24609.532111
351.0,8957,24614.85808
360.0,8957,24621.072973
220.0,5955,24625.17151
79.0,6484,24629.626632
258.0,8370,24635.387263
329.0,7723,24640.740744
217.0,5509,24644.552461
282.0,4520,24646.803695
344.0,8057,24652.376938
288.0,7088,24671.168775
289.0,5891,24675.29345
180.0,7961,24679.824622
288.0,7248,24684.915599
286.0,8096,24690.519672
284.0,7753,24695.911531
316.0,8212,24701.645347
297.0,7151,24706.671639
297.0,6249,24710.097964
333.0,4648,24713.355668
217.0,5681,24717.242137
246.0,6657,24721.986387
228.0,6040,24726.214686
141.0,6489,24730.713421
201.0,7283,24750.466582
35.0,3407,24752.865777
169.0,6517,24757.44333
135.0,4522,24760.56157
330.0,7592,24765.910069
187.0,5754,24769.932557
280.0,6000,24773.269773
211.0,5519,24777.204633
347.0,6934,24782.19243
136.0,6243,24786.536207
355.0,8265,24792.349829
166.0,5877,24796.483543
279.0,5828,24800.521217
150.0,5757,24803.573177
110.0,5617,24807.515898
193.0,6828,24812.268421
306.0,5712,24816.288919
140.0,6169,24834.776847
255.0,5310,24838.412346
241.0,7377,24843.552027
355.0,6199,24847.903812
157.0,6375,24852.34852
120.0,5334,24856.07033
91.0,5415,24859.831828
382.0,8473,24865.636005
339.0,7719,24870.003377
110.0,5889,24874.071859
297.0,6376,24878.450335
330.0,7260,24883.480645
117.0,4653,24886.688503
206.0,6683,24891.334105
67.0,3802,24893.991513
310.0,6139,24897.334435
270.0,7417,24920.519436
204.0,4783,24923.882906
317.0,9735,24929.770523
9.0,1692,24930.90764
295.0,5719,24934.796998
260.0,6440,24939.188772
263.0,5527,24943.031974
132.0,5810,24947.044846
287.0,4631,24950.2338
208.0,6999,24955.113168
284.0,7984,24960.594828
184.0,4147,24962.607179
200.0,5388,24966.335799
248.0,6269,24970.627597
210.0,4946,24974.070265
391.0,7675,24979.44654
126.0,7860,24984.86052
375.0,9254,25009.493708
254.0,7040,25014.438637
283.0,8251,25020.146841
267.0,6690,25023.889161
244.0,8542,25029.855407
245.0,6011,25033.926756
327.0,7691,25039.183148
50.0,5636,25043.113498
324.0,7560,25048.44057
246.0,4483,25051.555071
277.0,5551,25055.383034
290.0,5412,25058.22573
320.0,7132,25063.276819
246.0,5613,25067.109485
387.0,9385,25073.668483
212.0,4835,25091.836253
304.0,6592,25096.839121
357.0,7087,25102.039112
293.0,6559,25106.694682
181.0,6522,25110.100626
361.0,7327,25113.609972
220.0,6097,25116.526767
319.0,7822,25119.324702
299.0,6542,25122.44495
277.0,7332,25126.00071
175.0,7953,25129.767347
160.0,7367,25133.299151
250.0,6639,25137.021541
300.0,6156,25140.859863
309.0,7908,25158.9253
406.0,6356,25163.342968
228.0,5240,25166.687185
263.0,5655,25170.229954
122.0,6639,25174.72288
248.0,8674,25180.618855
383.0,7128,25184.116235
240.0,7118,25188.913657
257.0,6544,25193.465528
279.0,6776,25197.875257
337.0,7439,25203.07554
66.0,3063,25205.239837
95.0,5165,25208.823566
331.0,7443,25213.138569
101.0,5961,25217.323191
270.0,6552,25222.033335
216.0,6670,25237.961288
343.0,6783,25241.243538
184.0,6252,25244.216013
323.0,8471,25247.388438
246.0,6053,25250.290396
275.0,5903,25253.115404
185.0,6428,25256.194659
216.0,6736,25259.445525
157.0,6474,25262.541446
262.0,7885,25266.292431
305.0,5804,25269.100645
272.0,6435,25272.677884
187.0,6400,25276.208905
163.0,5699,25279.189626
340.0,5696,25283.138888
294.0,6620,25287.764969
183.0,7652,25311.276855
201.0,5275,25314.909985
290.0,6938,25319.697278
269.0,6863,25324.510933
111.0,5541,25328.403728
341.0,7380,25333.554227
239.0,7284,25338.590631
58.0,3476,25340.071663
245.0,6621,25344.606449
369.0,6445,25349.092719
310.0,6108,25353.327818
161.0,5603,25357.28098
385.0,6144,25361.616917
284.0,6312,25365.988938
395.0,5348,25369.740106
367.0,8925,25388.495414
230.0,5152,25392.093754
151.0,6950,25397.018159
56.0,3874,25399.672447
421.0,6762,25403.51639
341.0,5979,25407.760834
177.0,6260,25412.132795
264.0,5887,25416.279104
227.0,5770,25420.336411
335.0,7824,25425.844806
182.0,7520,25431.073727
343.0,7759,25435.555428
332.0,5947,25439.632715
214.0,6512,25444.116409
202.0,6025,25448.370777
259.0,6642,25452.979469
307.0,6070,25457.160876
298.0,6587,25478.512036
326.0,6755,25483.204158
331.0,6743,25487.853879
179.0,7030,25492.75844
235.0,5911,25496.891432
187.0,6325,25500.272967
163.0,4644,25503.516582
113.0,5593,25507.388615
304.0,7101,25512.339207
220.0,3181,25514.503939
387.0,6711,25519.183176
289.0,5121,25522.758609
17.0,2266,25524.32599
304.0,8072,25528.94153
217.0,6822,25533.633765
296.0,6576,25538.212707
273.0,5912,25558.623242
282.0,6333,25562.131788
231.0,6702,25566.823111
371.0,8466,25572.60864
52.0,4918,25576.020369
340.0,7472,25581.229801
320.0,6755,25585.945309
278.0,6730,25590.660552
311.0,4575,25592.918964
322.0,5566,25596.765864
276.0,7680,25602.226492
159.0,6181,25606.586316
260.0,6764,25611.357242
54.0,4089,25614.209481
342.0,5320,25617.955848
315.0,6336,25622.382777
134.0,6660,25626.167767
271.0,7313,25645.480325
277.0,6115,25649.818239
344.0,6100,25654.110314
229.0,4155,25656.06188
317.0,5573,25659.961825
287.0,6292,25664.429378
226.0,5109,25668.067421
238.0,4928,25671.436422
289.0,6779,25676.21639
179.0,7410,25681.451737
163.0,6163,25685.841235
283.0,4648,25688.162257
258.0,6891,25693.029656
292.0,6579,25697.583781
344.0,8248,25703.286531
82.0,5414,25707.126661
260.0,8106,25722.677975
287.0,7741,25728.109436
281.0,6585,25732.786937
310.0,5024,25736.310737
46.0,5641,25740.277481
297.0,6076,25744.559478
91.0,6292,25748.96214
72.0,5676,25752.059079
144.0,7030,25756.940735
296.0,7575,25762.227476
283.0,6499,25766.867852
315.0,5937,25770.725474
267.0,6422,25775.30565
112.0,4753,25778.607449
60.0,4224,25781.51312
137.0,6665,25785.237394
271.0,5657,25802.27623
340.0,7099,25807.115744
357.0,7535,25812.453417
301.0,8106,25817.149142
259.0,4568,25820.405995
94.0,5554,25824.158635
324.0,7140,25829.293839
90.0,5017,25832.87153
344.0,7418,25838.058057
279.0,7979,25843.912474
324.0,6163,25847.32881
280.0,5722,25851.353398
243.0,6320,25855.409259
170.0,5075,25858.037072
272.0,7211,25861.712407
185.0,7600,25865.774705
337.0,6751,25878.37011
234.0,6469,25881.616851
258.0,6440,25884.816653
220.0,3729,25886.687146
253.0,5524,25889.574446
109.0,5791,25892.765768
182.0,5331,25895.730701
243.0,7414,25899.46382
289.0,4701,25902.761574
312.0,5574,25906.740456
387.0,7217,25910.948359
365.0,7250,25916.128235
308.0,4905,25919.61069
273.0,7183,25924.670714
55.0,3430,25926.988963
108.0,5923,25931.262561
116.0,6543,25935.956924
313.0,7128,25957.361677
211.0,7362,25962.688512
136.0,6423,25967.194762
304.0,7857,25971.883182
90.0,5711,25976.054981
269.0,7242,25981.206145
44.0,3598,25983.701576
368.0,7820,25988.173301
326.0,8906,25992.659159
248.0,7453,25996.54588
345.0,7623,26000.70065
245.0,6368,26003.552884
280.0,7757,26007.677972
199.0,6523,26010.971999
293.0,6682,26023.849965
294.0,6627,26027.235777
111.0,4655,26029.621129
269.0,6488,26033.096642
172.0,7146,26036.196447
298.0,6970,26040.816192
160.0,6282,26045.368387
312.0,8869,26051.09464
154.0,6468,26055.198978
307.0,7154,26058.794037
297.0,6856,26062.411932
250.0,7639,26065.515536
185.0,5493,26068.143149
266.0,5698,26070.774611
210.0,7415,26074.211005
348.0,4280,26076.370737
275.0,6331,26086.927373
335.0,5657,26089.824776
79.0,5486,26092.618953
17.0,2695,26093.938253
175.0,6340,26097.300019
51.0,5176,26099.113911
294.0,6560,26102.57677
49.0,5082,26105.226536
274.0,5099,26107.710293
306.0,6479,26110.872229
162.0,6531,26114.144191
344.0,7578,26117.860295
273.0,6178,26120.833617
215.0,6441,26123.862094
165.0,3347,26125.452037
181.0,5471,26128.017282
316.0,7069,26130.637867
288.0,6062,26133.686936
265.0,6561,26146.09652
297.0,5115,26148.564506
36.0,4347,26150.646235
204.0,6302,26153.72858
314.0,7993,26157.494071
282.0,6939,26160.022385
278.0,4693,26162.421548
249.0,5427,26165.31715
155.0,7031,26168.92419
228.0,4509,26171.659904
337.0,8071,26176.484809
288.0,5358,26179.2746
117.0,5024,26181.790176
359.0,7843,26185.637877
290.0,7202,26189.114433
178.0,5544,26191.809962
348.0,5887,26207.416303
211.0,7387,26212.68315
270.0,6829,26217.539954
210.0,5976,26221.843651
307.0,6200,26225.09002
232.0,7137,26230.22089
377.0,5912,26234.413396
154.0,5251,26238.184577
82.0,4250,26241.140673
29.0,3294,26243.450042
214.0,6101,26247.809027
235.0,6476,26252.329194
342.0,6817,26256.050461
218.0,6179,26260.40151
297.0,6567,26265.115574
298.0,7232,26270.249206
346.0,6683,26274.927837
376.0,8589,26291.957537
128.0,5495,26294.707125
220.0,7775,26298.76348
311.0,7873,26302.918469
259.0,7311,26306.764238
117.0,5555,26309.672329
56.0,5499,26312.425392
211.0,6331,26315.724494
346.0,7063,26318.615276
139.0,6093,26321.668772
317.0,8022,26325.940714
314.0,7539,26329.756516
124.0,4330,26331.975577
208.0,5527,26334.7461
339.0,8338,26349.233155
291.0,7633,26354.546023
151.0,4508,26357.19907
216.0,6417,26361.138995
326.0,6062,26365.244083
289.0,6434,26369.461232
246.0,7032,26373.697427
181.0,6782,26378.099056
168.0,5691,26381.028204
408.0,6953,26385.246616
123.0,5917,26388.898695
197.0,7350,26393.935983
209.0,5418,26397.351171
128.0,6092,26401.021584
198.0,6787,26405.324538
135.0,4920,26408.654027
250.0,7373,26425.993747
265.0,6292,26429.816926
205.0,3179,26431.891808
142.0,6296,26436.110114
207.0,4896,26439.093631
258.0,6239,26442.82665
319.0,6998,26446.656628
400.0,7310,26451.522309
327.0,6773,26455.643706
307.0,7582,26460.71739
266.0,7100,26465.565095
336.0,5731,26469.058241
33.0,4086,26471.553434
161.0,3533,26473.946693
265.0,9497,26478.8476
284.0,6620,26483.066646
155.0,5833,26487.068416
321.0,7541,26504.947629
125.0,5518,26507.929251
255.0,2960,26509.9624
354.0,7692,26515.34251
143.0,5488,26519.161332
298.0,5638,26523.094133
216.0,6620,26527.530117
315.0,7962,26533.096606
325.0,8061,26538.683722
378.0,6245,26542.114138
360.0,6334,26546.594617
259.0,7409,26551.834165
336.0,8578,26557.66001
304.0,7139,26562.702011
288.0,5972,26566.343477
337.0,7348,26578.931308
215.0,7070,26582.565622
316.0,6443,26585.988765
304.0,7975,26588.819976
253.0,6877,26592.287514
301.0,6449,26595.717317
264.0,5063,26598.328121
273.0,8003,26602.535525
339.0,6191,26605.717721
265.0,6023,26608.919714
257.0,6267,26612.568412
236.0,4819,26615.202784
51.0,4679,26616.819157
143.0,4744,26619.354532
317.0,7436,26624.262316
245.0,7379,26628.155474
207.0,7740,26648.341049
281.0,6315,26652.801747
208.0,7938,26658.32831
337.0,8342,26664.231725
312.0,6207,26668.64001
268.0,6015,26672.92159
305.0,5631,26676.532465
286.0,7597,26681.059003
350.0,8507,26687.169054
271.0,6400,26691.758703
227.0,6383,26696.291609
301.0,4746,26699.679918
344.0,8443,26705.502799
284.0,6819,26708.871231
369.0,7872,26721.761178
306.0,7564,26725.667354
173.0,5202,26728.954167
229.0,6911,26733.070517
295.0,8761,26737.972268
345.0,6259,26741.265009
78.0,4193,26743.449291
210.0,5843,26745.939545
275.0,5958,26749.45366
60.0,4025,26751.936731
272.0,6023,26756.220746
328.0,6918,26760.828382
309.0,7826,26765.890726
96.0,6133,26769.831343
248.0,8111,26773.914666
260.0,7474,26776.625762
275.0,6393,26788.337777
329.0,7059,26792.922355
321.0,7521,26797.853792
280.0,4924,26800.479629
198.0,7782,26804.723
273.0,6054,26806.822363
298.0,6493,26809.969706
326.0,6108,26812.929685
307.0,6672,26815.99767
314.0,8259,26820.249276
301.0,6504,26823.579876
53.0,5219,26826.347868
88.0,4986,26828.766021
233.0,4429,26830.932677
44.0,3421,26832.59313
364.0,8425,26836.779894
243.0,7069,26849.937405
349.0,6695,26853.121494
269.0,5989,26856.121807
197.0,5696,26858.785784
255.0,5877,26861.493839
305.0,7083,26864.915956
74.0,5017,26867.278096
314.0,7393,26869.825351
400.0,11861,26875.483111
160.0,4807,26877.711444
192.0,6489,26880.705074
270.0,4042,26882.568183
249.0,5098,26884.918702
236.0,6717,26888.247961
268.0,6269,26891.225222
362.0,4475,26893.285831
289.0,7905,26907.453037
331.0,6882,26912.533116
91.0,3958,26915.389041
332.0,6282,26919.018436
48.0,5731,26922.377687
181.0,5400,26925.527539
213.0,6529,26929.155629
22.0,3190,26930.657386
189.0,3910,26932.523346
300.0,6947,26935.036462
394.0,7207,26938.630695
288.0,7202,26942.074197
152.0,6117,26944.974838
278.0,6761,26948.320048
356.0,6469,26951.373288
324.0,6208,26954.357706
359.0,7731,26958.0153
194.0,7391,26968.98849
166.0,6351,26971.952619
40.0,4765,26974.258321
292.0,5611,26977.135738
237.0,5516,26979.782824
176.0,4514,26981.858744
218.0,8028,26985.717019
74.0,5649,26988.421916
114.0,5862,26991.193395
280.0,3540,26992.906406
237.0,5024,26995.381576
261.0,7098,26997.740441
174.0,6643,27000.799419
129.0,5726,27003.604327
374.0,6708,27007.081043
84.0,5116,27009.496612
364.0,6997,27012.912886
306.0,6937,27025.669939
347.0,5725,27027.486923
151.0,6251,27030.586931
263.0,6446,27033.721686
315.0,5561,27036.516515
213.0,7090,27039.833414
388.0,6668,27043.032096
379.0,8334,27047.123889
328.0,6079,27050.021596
323.0,7083,27053.413149
279.0,7876,27057.174514
344.0,6792,27059.497371
227.0,6858,27062.946062
313.0,7422,27067.276001
374.0,7911,27085.45907
243.0,7844,27090.18251
350.0,7218,27092.697225
353.0,7968,27096.681142
193.0,6038,27099.559727
264.0,6898,27102.805642
246.0,6399,27105.889083
297.0,4774,27108.178031
283.0,7102,27111.634861
167.0,7703,27115.205283
339.0,6067,27118.071212
190.0,5437,27120.702852
79.0,5730,27122.615221
309.0,5155,27125.258024
127.0,4173,27127.388834
199.0,7131,27130.83841
356.0,5569,27146.003907
104.0,5501,27149.658312
307.0,6972,27154.213484
277.0,4827,27156.292313
372.0,7883,27160.271234
328.0,6598,27163.649493
346.0,7519,27168.019514
127.0,5650,27171.182013
353.0,6796,27175.776332
170.0,6379,27180.191208
277.0,8227,27185.717127
72.0,5127,27188.239084
369.0,8293,27194.002055
231.0,8088,27199.422678
338.0,5294,27203.137448
235.0,6333,27207.567413
283.0,5467,27215.38545
211.0,5968,27218.304569
35.0,3993,27221.024704
123.0,5528,27224.885721
214.0,5281,27228.463743
148.0,5952,27232.633508
247.0,7217,27237.636176
358.0,8035,27243.281635
268.0,5372,27246.712997
142.0,6075,27250.022101
209.0,6576,27254.565334
241.0,8433,27260.355536
307.0,5926,27264.468466
302.0,6932,27269.356085
372.0,9072,27275.612475
284.0,6939,27288.844032
294.0,7314,27292.359829
285.0,6621,27295.558081
200.0,7473,27299.158806
310.0,13012,27305.688591
325.0,7098,27309.203221
270.0,6886,27311.55028
283.0,6316,27314.619197
254.0,7607,27318.210247
133.0,5946,27321.033454
306.0,5168,27323.489126
98.0,5580,27326.206333
346.0,7087,27329.703373
299.0,8346,27333.700156
238.0,7995,27347.739961
294.0,6299,27351.952077
98.0,4625,27354.744529
357.0,7442,27358.39361
297.0,6895,27361.727424
262.0,6418,27364.976459
232.0,6283,27368.306968
335.0,7100,27371.933036
145.0,6289,27375.161062
159.0,4002,27376.229662
386.0,7947,27380.498545
328.0,8470,27384.364613
162.0,6503,27387.326885
296.0,8164,27391.108938
290.0,7496,27394.504713
381.0,7190,27411.039485
334.0,5224,27414.337994
343.0,8485,27420.412121
331.0,6951,27425.264474
327.0,7416,27429.497812
175.0,3787,27431.539405
49.0,4863,27434.128848
324.0,7268,27437.768399
211.0,6014,27439.809335
183.0,7179,27443.322276
277.0,6166,27446.391773
389.0,5172,27448.912269
317.0,7652,27452.708174
272.0,6722,27456.156239
207.0,6176,27459.258138
226.0,5954,27462.116745
215.0,6312,27473.860784
309.0,6203,27477.126092
258.0,6384,27480.352692
27.0,3465,27482.127761
318.0,6898,27485.812283
214.0,5055,27488.631469
294.0,6090,27492.489895
298.0,6563,27495.83575
162.0,7658,27500.072161
9.0,1631,27500.993427
327.0,6687,27503.787593
289.0,6273,27507.363608
256.0,6252,27510.90263
166.0,6335,27514.021251
151.0,4785,27516.549086
253.0,5323,27519.351367
262.0,6775,27522.762542
318.0,7820,27535.620689
314.0,6539,27538.87252
245.0,2893,27540.268075
349.0,7322,27543.88144
293.0,6419,27547.207854
182.0,5298,27549.728659
320.0,8035,27553.535534
265.0,5507,27556.262573
187.0,6461,27559.501524
229.0,7229,27563.058987
202.0,5671,27564.732855
292.0,7137,27568.095799
183.0,6942,27571.397923
110.0,5427,27574.045516
166.0,6673,27577.704537
355.0,7152,27581.482931
198.0,7557,27594.816284
293.0,6647,27597.209264
152.0,6791,27600.492965
214.0,3434,27602.042277
343.0,6031,27605.040362
144.0,6286,27608.411281
362.0,6683,27611.793657
87.0,5924,27614.711463
241.0,4361,27616.853068
125.0,5935,27619.757117
69.0,4373,27621.948909
405.0,7888,27625.796868
250.0,7202,27628.443675
274.0,6272,27631.518921
228.0,6365,27634.662266
201.0,7090,27638.38835
177.0,6431,27641.604014
149.0,6071,27658.565246
326.0,7912,27662.907511
187.0,5785,27667.150747
285.0,6729,27671.661768
354.0,8359,27677.31329
150.0,6302,27681.903114
228.0,6362,27686.157133
268.0,8818,27691.040813
381.0,7655,27696.755842
355.0,4312,27699.669408
142.0,6458,27703.938006
321.0,5947,27708.026659
19.0,2479,27709.853737
275.0,6882,27714.829693
89.0,5031,27718.122427
351.0,4698,27721.213024
241.0,5872,27739.268792
110.0,6992,27744.017649
73.0,5000,27747.161654
245.0,5362,27750.649455
340.0,8021,27755.783824
217.0,4781,27758.923593
275.0,8069,27764.179456
82.0,6753,27768.927703
232.0,6368,27773.364355
241.0,7186,27777.948947
327.0,5035,27781.399794
179.0,6954,27785.339719
52.0,4166,27788.111692
356.0,6334,27792.167094
165.0,5116,27795.752749
151.0,7291,27801.132327
268.0,6581,27817.647246
367.0,3975,27820.22493
299.0,7087,27825.228196
149.0,6291,27829.863553
269.0,6157,27833.871307
228.0,6040,27836.896425
339.0,5243,27839.592942
272.0,7556,27843.461895
325.0,7051,27847.195586
293.0,7448,27850.080301
357.0,6343,27853.519403
284.0,5103,27856.135479
340.0,6523,27859.213774
242.0,5122,27861.629907
148.0,7076,27865.150875
297.0,7763,27868.919368
347.0,8205,27882.39438
312.0,4303,27884.542831
277.0,6353,27887.649043
233.0,3267,27889.214931
357.0,8858,27893.464175
269.0,7136,27896.766096
308.0,6197,27899.725263
41.0,4528,27901.971778
279.0,7703,27905.687449
338.0,5664,27908.484437
257.0,7308,27911.07655
264.0,6881,27914.435332
317.0,7662,27918.114899
289.0,6436,27921.233511
216.0,5591,27923.934003
346.0,5750,27926.728248
258.0,5623,27941.666247
180.0,6721,27945.431182
316.0,7296,27950.615049
139.0,6365,27954.079142
376.0,6980,27957.383627
250.0,6864,27961.270324
300.0,7559,27965.568857
329.0,8592,27969.959482
307.0,7449,27973.545776
40.0,4866,27974.985716
277.0,5828,27977.802699
349.0,6892,27981.150513
159.0,6188,27984.152169
237.0,5337,27986.728106
353.0,8767,27991.232431
350.0,6951,28004.519214
128.0,5385,28006.27862
293.0,7997,28010.147191
213.0,6033,28013.046292
359.0,7524,28016.716815
305.0,7133,28020.126851
138.0,5690,28022.94705
349.0,6041,28026.253683
267.0,5340,28029.110231
71.0,4736,28031.402066
347.0,7269,28034.999022
304.0,5087,28037.586332
147.0,6798,28040.060642
198.0,6834,28043.626333
230.0,7112,28047.586615
339.0,7031,28051.138725
364.0,7236,28069.294731
58.0,4422,28070.515799
370.0,8771,28074.940306
55.0,4493,28077.168734
291.0,6172,28080.114592
313.0,5388,28082.613337
217.0,6347,28086.143958
260.0,5421,28089.128138
251.0,5606,28092.030032
384.0,6949,28095.628005
331.0,7630,28099.807718
274.0,4745,28101.530167
332.0,6315,28104.886693
289.0,5610,28107.751161
63.0,4881,28110.592849
304.0,7956,28116.33424
321.0,7520,28136.659165
248.0,7271,28141.721946
208.0,6058,28145.422116
183.0,7387,28149.391313
352.0,6036,28152.422073
252.0,3971,28154.502976
329.0,6131,28157.760804
323.0,5880,28161.393236
307.0,7082,28165.055141
219.0,3775,28167.479185
281.0,6016,28171.963077
256.0,6823,28176.906529
64.0,5100,28180.236536
158.0,5606,28183.952551
249.0,6441,28188.542414
283.0,6960,28193.121945
186.0,6835,28196.58081
54.0,4450,28212.904608
291.0,7418,28218.365102
113.0,5645,28222.154737
271.0,6510,28226.361379
96.0,5756,28229.529867
31.0,3971,28232.290514
108.0,6284,28236.652512
249.0,4703,28239.632816
314.0,5455,28243.229732
77.0,5115,28246.515278
288.0,6589,28251.33015
319.0,6914,28256.166531
210.0,5219,28258.681645
320.0,6689,28263.231562
118.0,5803,28267.19406
332.0,7132,28272.235482
81.0,4733,28275.786249
111.0,5907,28289.800524
129.0,6415,28292.997423
193.0,5957,28296.70853
255.0,7381,28300.398733
271.0,7352,28304.042154
369.0,9498,28309.169152
263.0,6354,28313.155738
322.0,6656,28316.846271
39.0,3491,28319.330277
280.0,7272,28323.569412
281.0,7676,28328.84584
357.0,8239,28334.816544
62.0,4329,28337.861754
243.0,6402,28342.416032
361.0,6261,28346.828539
231.0,7178,28365.883684
361.0,7520,28371.095028
294.0,7138,28376.131751
327.0,5537,28380.03985
295.0,6254,28384.437328
241.0,6615,28388.012607
364.0,7385,28393.284749
230.0,7256,28398.434963
35.0,3962,28401.220971
343.0,7339,28406.317518
253.0,6313,28410.79789
330.0,6334,28415.313467
247.0,4500,28417.544156
295.0,5868,28421.689271
344.0,5404,28425.538675
267.0,6342,28430.013946
270.0,6659,28448.514959
138.0,5988,28451.827951
228.0,5322,28455.602648
299.0,6893,28460.400501
157.0,6310,28464.880183
309.0,5335,28468.700536
129.0,5360,28472.352473
35.0,3649,28474.882027
303.0,6869,28479.702317
189.0,7058,28483.632298
268.0,8528,28489.811418
397.0,8992,28496.298527
311.0,6756,28501.119311
330.0,6976,28506.2792
70.0,5125,28509.835943
140.0,6768,28513.759763
71.0,5858,28534.025597
308.0,5913,28538.131247
179.0,7734,28542.808908
227.0,6500,28546.538715
111.0,5429,28549.227538
104.0,4918,28551.711959
224.0,7556,28555.813002
204.0,7130,28559.664258
132.0,4160,28561.75314
316.0,7394,28565.750361
182.0,7084,28569.495571
365.0,7671,28573.354153
197.0,6913,28575.722857
291.0,6672,28578.920534
58.0,5330,28581.649905
266.0,7152,28585.368634
382.0,5887,28601.646124
241.0,7361,28605.571195
261.0,6648,28608.079321
259.0,7485,28611.768212
144.0,7395,28615.42766
268.0,7990,28619.729286
303.0,6397,28623.066375
187.0,6503,28626.582684
289.0,7736,28630.917134
176.0,5545,28635.001951
258.0,7539,28639.196597
371.0,7841,28645.047684
51.0,4328,28647.995049
181.0,6358,28652.130915
232.0,7054,28656.88813
253.0,6954,28677.297276
123.0,6654,28681.603099
307.0,6032,28685.902253
317.0,7115,28690.134592
294.0,6226,28693.480983
336.0,5792,28696.576386
274.0,6663,28700.115989
339.0,8018,28703.252468
347.0,4892,28705.705744
282.0,6715,28709.136281
269.0,5616,28712.139262
347.0,6658,28715.573867
330.0,7390,28719.402601
241.0,5594,28722.222206
317.0,5567,28725.294886
393.0,8267,28737.419943
352.0,7567,28741.615556
301.0,5563,28744.609565
357.0,5603,28747.709884
326.0,6926,28751.119108
340.0,6787,28754.53589
131.0,6140,28757.5509
267.0,5865,28760.395187
260.0,6324,28764.082879
38.0,4440,28765.654424
236.0,4821,28768.158231
183.0,6614,28771.485038
20.0,3142,28773.040904
326.0,5931,28776.138175
313.0,7353,28779.980527
322.0,7031,28783.522998
36.0,4559,28785.901816
369.0,7935,28803.611637
245.0,7214,28808.431987
210.0,7335,28813.541863
317.0,8379,28819.317493
342.0,6180,28822.872469
249.0,6915,28827.109596
291.0,6845,28830.384336
246.0,5972,28834.219692
387.0,6685,28837.431213
251.0,5820,28840.249725
121.0,6515,28843.716777
226.0,7336,28847.499419
288.0,6841,28850.769631
189.0,6202,28853.736331
180.0,4983,28856.100767
45.0,4940,28867.503911
250.0,7197,28870.996779
236.0,4602,28873.293736
18.0,2401,28874.458447
305.0,7586,28878.327812
291.0,8237,28883.019582
253.0,5033,28885.480186
274.0,6450,28888.422832
268.0,6501,28890.601935
288.0,7959,28894.52951
257.0,8278,28898.453004
260.0,6539,28901.493648
288.0,6019,28904.467286
291.0,5804,28907.463192
302.0,6396,28910.77841
301.0,8212,28915.262638
110.0,5770,28930.247307
34.0,3773,28932.39206
233.0,6491,28936.01219
135.0,4935,28938.618328
242.0,6319,28942.044994
358.0,7936,28946.664171
160.0,5546,28949.416418
332.0,5843,28952.403877
154.0,5620,28954.455802
315.0,8714,28959.820102
222.0,5103,28963.361111
214.0,6301,28966.690073
274.0,5715,28969.480271
170.0,6050,28973.470228
206.0,6236,28978.027881
395.0,8438,28983.552681
282.0,7395,29000.104228
66.0,4642,29003.508992
313.0,5173,29007.357234
387.0,7896,29012.582626
151.0,6493,29015.857918
201.0,8152,29021.453271
260.0,6299,29025.489191
60.0,5461,29028.935257
308.0,7834,29034.272106
35.0,4319,29037.280166
66.0,4654,29040.403206
323.0,6177,29044.356322
257.0,7569,29047.50773
342.0,6132,29050.720178
343.0,5220,29053.332752
28.0,3633,29055.168664
212.0,5670,29057.973011
267.0,6640,29075.368336
294.0,6622,29078.950776
278.0,7077,29083.363008
284.0,5350,29087.041478
171.0,3472,29089.406701
224.0,6919,29094.027853
204.0,6870,29098.33717
299.0,5291,29101.909276
295.0,6546,29106.551614
291.0,6471,29110.782348
280.0,7270,29114.568959
344.0,4311,29117.602525
124.0,7015,29122.266364
294.0,7406,29127.012524
271.0,7428,29132.362831
293.0,8936,29138.229883
234.0,4032,29153.054137
314.0,7406,29158.021861
379.0,8436,29163.938244
69.0,4529,29166.828189
260.0,8470,29172.423781
379.0,6171,29175.901846
37.0,3250,29178.203895
281.0,6429,29182.359045
329.0,5507,29185.884636
273.0,7728,29191.484659
366.0,7454,29196.438531
33.0,4357,29199.19118
205.0,6926,29204.108141
251.0,6120,29207.546534
407.0,7932,29212.571501
276.0,6494,29216.988595
171.0,6418,29237.062134
235.0,5192,29239.519689
147.0,6579,29243.894425
292.0,5133,29247.661532
92.0,5725,29251.684355
242.0,8164,29256.936544
198.0,7230,29262.296834
324.0,7872,29267.822594
409.0,8083,29271.445516
50.0,5402,29274.432689
274.0,5674,29277.772016
329.0,8320,29281.789937
278.0,8146,29285.750866
263.0,6585,29289.045959
188.0,7497,29292.658752
259.0,6089,29307.519737
310.0,6873,29312.107425
231.0,5155,29316.018213
151.0,6744,29320.581533
201.0,7539,29325.394214
34.0,4022,29328.003831
137.0,6386,29331.994836
257.0,5504,29334.758009
106.0,4818,29337.338142
203.0,5126,29339.942415
343.0,5779,29342.875408
309.0,7110,29346.496974
237.0,4731,29348.977415
323.0,5545,29352.400929
185.0,5279,29356.25244
175.0,7142,29360.320199
75.0,4852,29363.335302
316.0,7974,29380.278902
289.0,7775,29385.899561
315.0,5479,29388.989057
257.0,6016,29391.969529
279.0,7086,29395.33004
260.0,7663,29398.04911
180.0,5119,29400.813084
119.0,6251,29403.921206
326.0,5445,29406.533969
58.0,3028,29407.964389
293.0,6158,29410.946564
221.0,6392,29413.99561
36.0,3466,29415.67814
296.0,6519,29419.060907
187.0,7212,29422.754992
210.0,6367,29426.09981
259.0,6889,29441.294832
289.0,7158,29445.374376
310.0,4008,29447.829273
91.0,5786,29451.081316
219.0,7692,29455.50174
326.0,7414,29458.517424
160.0,6407,29461.829189
98.0,5123,29464.268677
194.0,7095,29468.180658
266.0,6446,29471.620765
217.0,6775,29475.12671
182.0,4344,29477.613184
316.0,8264,29482.084889
312.0,7973,29486.892365
217.0,7056,29490.216205
211.0,4812,29492.867986
192.0,4132,29505.093414
306.0,8915,29509.631811
341.0,8287,29513.946675
206.0,5554,29516.865862
90.0,4105,29518.997386
257.0,6093,29521.300682
302.0,7661,29525.372816
40.0,3489,29527.306438
62.0,4152,29529.580271
316.0,7424,29533.364872
282.0,6020,29536.542851
81.0,5813,29539.84185
349.0,6595,29543.227645
138.0,6330,29546.522041
288.0,6435,29549.816194
299.0,6189,29552.899475
390.0,7471,29555.566417
